Name,Ratings,Position,Version,PS,SKI,WF,PAC,SHO,PAS,DRI,DEF,PHY,Body,Popularity,BS,IGS,Club,Country
Lionel Messi,94,CF,,0,4,3,93,87,82,97,46,67,"169cm | 5'7""",0,-,-,F.C. Barcelona,Argentina
Xavier Hernández Creus,92,CM,,0,3,3,67,72,92,85,68,53,"170cm | 5'7""",0,-,-,F.C. Barcelona,Spain
Cristiano Ronaldo,92,LW,,0,5,4,92,90,79,93,59,89,"186cm | 6'1""",0,-,-,Real Madrid Club de Fútbol,Portugal
Andrés Iniesta Luján,91,CAM,,0,4,4,78,72,90,91,65,55,"170cm | 5'7""",0,-,-,F.C. Barcelona,Spain
Arjen Robben,90,RM,,0,4,2,93,85,81,93,53,60,"181cm | 5'11""",0,-,-,Bayern München,Netherlands
Casillas,89,GK,,0,1,2,91,83,69,93,69,87,"182cm | 6'0""",0,-,-,Real Madrid Club de Fútbol,Spain
Nemanja Vidić,89,CB,,0,2,3,67,44,58,52,89,91,"189cm | 6'2""",0,-,-,Manchester United,Serbia
Rooney,89,ST,,0,3,4,83,88,79,84,71,81,176,0,-,-,Manchester United,England
Samuel Eto'o,88,ST,,0,4,3,93,83,68,85,58,79,"180cm | 5'11""",0,-,-,Anzhi Makhachkala,Cameroon
David Villa,88,LW,,0,4,5,85,89,73,86,57,73,"175cm | 5'9""",0,-,-,F.C. Barcelona,Spain
Zlatan Ibrahimovic,88,ST,,0,5,4,79,89,78,87,65,82,"195cm | 6'5""",0,-,-,Milan,Sweden
Wesley Sneijder,88,CAM,,0,4,5,79,80,88,84,63,49,"170cm | 5'7""",0,-,-,Inter,Netherlands
Carlos Tévez,88,ST,,0,4,3,84,87,75,83,69,74,"172cm | 5'8""",0,-,-,Manchester City,Argentina
Piqué,88,CB,,0,3,3,66,52,74,65,86,81,"192cm | 6'4""",0,-,-,F.C. Barcelona,Spain
Franck Ribéry,88,LM,,0,5,4,91,78,81,93,50,54,"170cm | 5'7""",0,-,-,Bayern München,France
Cesc Fàbregas,88,CAM,,0,3,3,71,80,89,83,69,65,"175cm | 5'9""",0,-,-,F.C. Barcelona,Spain
Luka Modric,88,CAM,,0,4,5,79,76,86,86,66,62,"175cm | 5'9""",0,-,-,Tottenham Hotspur,Croatia
Frank Lampard,87,CAM,,0,3,4,67,88,84,80,75,71,"184cm | 6'0""",0,-,-,Chelsea,England
Rio Ferdinand,87,CB,,0,2,3,69,45,65,59,86,79,"192cm | 6'4""",0,-,-,Manchester United,England
Steven Gerrard,87,CAM,,0,3,3,76,87,88,77,78,76,"183cm | 6'0""",0,-,-,Liverpool,England
Philipp Lahm,87,LB,,0,3,4,83,59,82,82,77,67,"170cm | 5'7""",0,-,-,Bayern München,Germany
Bastian Schweinsteiger,87,CM,,0,3,3,63,83,86,82,78,68,"183cm | 6'0""",0,-,-,Bayern München,Germany
Rafael van der Vaart,87,CAM,,0,4,4,67,84,86,83,57,59,"176cm | 5'9""",0,-,-,Tottenham Hotspur,Netherlands
Thiago Silva,87,CB,,0,2,3,83,68,74,68,86,86,"183cm | 6'0""",0,-,-,Milan,Brazil
David Silva,87,CAM,,0,4,2,78,80,80,87,51,61,"171cm | 5'7""",0,-,-,Manchester City,Spain
Robin van Persie,86,ST,,0,4,4,79,89,79,84,57,66,"188cm | 6'2""",0,-,-,Arsenal,Netherlands
Carles Puyol Saforcada,86,CB,,0,2,3,59,50,65,56,88,84,"178cm | 5'10""",0,-,-,F.C. Barcelona,Spain
John Terry,86,CB,,0,2,3,61,47,57,49,87,85,"187cm | 6'2""",0,-,-,Chelsea,England
Antonio Di Natale,86,ST,,0,4,4,86,85,81,87,53,60,"170cm | 5'7""",0,-,-,Udinese,Italy
Didier Drogba,86,ST,,0,3,4,74,86,68,80,65,87,"189cm | 6'2""",0,-,-,Chelsea,Ivory Coast
Xabier Alonso Olano,86,CM,,0,2,4,61,78,86,69,80,68,"183cm | 6'0""",0,-,-,Real Madrid Club de Fútbol,Spain
Fernando Torres,86,ST,,0,4,4,86,84,66,83,55,79,"183cm | 6'0""",0,-,-,Chelsea,Spain
Javier Mascherano,86,CB,,0,2,3,68,61,72,70,84,68,"174cm | 5'9""",0,-,-,F.C. Barcelona,Argentina
Dani Alves,86,RB,,0,4,3,93,75,84,83,80,76,"171cm | 5'7""",0,-,-,F.C. Barcelona,Brazil
Mario Gómez,86,ST,,0,3,4,79,79,64,75,60,82,"189cm | 6'2""",0,-,-,Bayern München,Germany
Sergio Agüero,86,ST,,0,4,4,88,81,71,92,52,76,"175cm | 5'9""",0,-,-,Manchester City,Argentina
Samir Nasri,86,CAM,,0,4,4,84,78,82,88,55,62,"177cm | 5'10""",0,-,-,Manchester City,France
Falcao,86,ST,,0,4,4,76,82,70,81,60,88,"176cm | 5'9""",0,-,-,Club Atlético de Madrid S.A.D.,Colombia
Manuel Neuer,86,GK,,0,1,4,91,80,90,88,57,81,"193cm | 6'4""",0,-,-,Bayern München,Germany
Gareth Bale,86,LM,,0,4,4,92,79,82,85,75,70,"183cm | 6'0""",0,-,-,Tottenham Hotspur,Wales
Mesut Özil,86,CAM,,0,4,2,78,74,86,87,49,55,"181cm | 5'11""",0,-,-,Real Madrid Club de Fútbol,Germany
Edinson Cavani,86,ST,,0,3,3,84,83,64,76,68,86,"184cm | 6'0""",0,-,-,Napoli,Uruguay
Alexis Sánchez,86,RW,,0,5,3,91,76,76,89,59,66,"168cm | 5'6""",0,-,-,F.C. Barcelona,Chile
Alessandro Nesta,85,CB,,0,3,3,54,36,58,57,83,78,"187cm | 6'2""",0,-,-,Milan,Italy
Gianluigi Buffon,85,GK,,0,1,2,85,86,65,82,54,86,"191cm | 6'3""",0,-,-,Juventus,Italy
Maarten Stekelenburg,85,GK,,0,1,4,84,86,87,85,44,82,"197cm | 6'6""",0,-,-,Roma,Netherlands
Victor Valdés Arribas,85,GK,,0,1,3,83,81,78,84,60,91,"183cm | 6'0""",0,-,-,F.C. Barcelona,Spain
Lucimar da Silva Ferreira,85,CB,,0,2,4,76,61,61,66,85,83,"188cm | 6'2""",0,-,-,Inter,Brazil
Yaya Touré,85,CM,,0,3,4,77,74,78,79,86,81,"187cm | 6'2""",0,-,-,Manchester City,Ivory Coast
José Antonio Reyes Calderón,85,CF,,0,4,3,88,79,78,87,47,52,"176cm | 5'9""",0,-,-,Club Atlético de Madrid S.A.D.,Spain
Walter Samuel,85,CB,,0,2,2,65,49,58,42,87,83,"183cm | 6'0""",0,-,-,Inter,Argentina
Pepe,85,CB,,0,2,3,75,48,62,60,84,83,"188cm | 6'2""",0,-,-,Real Madrid Club de Fútbol,Portugal
Ashley Cole,85,LB,,0,3,3,83,63,80,79,79,72,"176cm | 5'9""",0,-,-,Chelsea,England
Maicon Douglas Sisenando,85,RB,,0,3,3,87,76,82,80,84,73,"184cm | 6'0""",0,-,-,Inter,Brazil
Esteban Cambiasso,85,CDM,,0,2,4,75,72,80,76,79,78,"177cm | 5'10""",0,-,-,Inter,Argentina
Ricardo Izecson dos Santos Leite,85,CAM,,0,4,4,77,83,80,87,48,50,"186cm | 6'1""",0,-,-,Real Madrid Club de Fútbol,Brazil
Júlio César Soares Espíndola,85,GK,,0,1,3,85,82,75,85,59,84,"186cm | 6'1""",0,-,-,Inter,Brazil
Petr Cech,85,GK,,0,1,3,86,80,76,88,45,86,"196cm | 6'5""",0,-,-,Chelsea,Czech Republic
Nani,85,LM,,0,5,4,87,80,79,87,51,51,"175cm | 5'9""",0,-,-,Manchester United,Portugal
Ashley Young,85,LM,,0,4,3,93,77,76,87,47,48,"175cm | 5'9""",0,-,-,Manchester United,England
Sergio Ramos,85,CB,,0,3,3,82,62,74,77,83,90,"183cm | 6'0""",0,-,-,Real Madrid Club de Fútbol,Spain
Ezequiel Lavezzi,85,LW,,0,5,4,92,76,72,90,59,56,"173cm | 5'8""",0,-,-,Napoli,Argentina
Giuseppe Rossi,85,CF,,0,4,3,83,83,75,84,51,63,"173cm | 5'8""",0,-,-,Villarreal Club de Fútbol S.A.D.,Italy
Gonzalo Higuaín,85,ST,,0,4,4,80,82,71,83,53,74,"184cm | 6'0""",0,-,-,Real Madrid Club de Fútbol,Argentina
Hugo Lloris,85,GK,,0,1,1,87,84,75,88,68,87,"188cm | 6'2""",0,-,-,Olympique Lyonnais,France
Nuri Sahin,85,CM,,0,3,4,60,73,83,82,70,54,"179cm | 5'10""",0,-,-,Real Madrid Club de Fútbol,Turkey
Luis Suárez,85,CF,,0,4,4,80,83,73,85,64,69,"181cm | 5'11""",0,-,-,Liverpool,Uruguay
Juan Mata,85,LW,,0,4,3,85,76,78,87,48,67,"170cm | 5'7""",0,-,-,Chelsea,Spain
Alexandre Pato,85,ST,,0,5,4,87,82,67,85,53,80,"179cm | 5'10""",0,-,-,Milan,Brazil
Eden Hazard,85,LW,,0,4,4,90,78,76,90,53,62,"170cm | 5'7""",0,-,-,LOSC Lille Métropole,Belgium
Hulk,85,RW,,0,4,2,89,85,79,86,68,70,"180cm | 5'11""",0,-,-,FC Porto,Brazil
Pedro,85,LW,,0,4,5,86,76,78,84,53,62,"169cm | 5'7""",0,-,-,F.C. Barcelona,Spain
Ricardo Alberto Silv. de Carvalho,84,CB,,0,2,3,58,46,62,54,81,81,"181cm | 5'11""",0,-,-,Real Madrid Club de Fútbol,Portugal
Danny Miguel Alves Gomes,84,CAM,,0,5,4,83,75,81,86,47,55,"178cm | 5'10""",0,-,-,Zenit St. Petersburg,Portugal
José Reina,84,GK,,0,1,3,85,80,90,86,50,82,"188cm | 6'2""",0,-,-,Liverpool,Spain
Ronaldinho,84,CAM,,0,5,4,63,79,82,89,49,58,"182cm | 6'0""",0,-,-,Flamengo,Brazil
René Adler,84,GK,,0,1,3,88,82,65,86,52,82,"190cm | 6'3""",0,-,-,Bayer 04 Leverkusen,Germany
Florent Malouda,84,LW,,0,4,4,79,79,81,85,59,62,"181cm | 5'11""",0,-,-,Chelsea,France
Michaël Essien,84,CM,,0,3,4,75,78,82,79,85,80,"177cm | 5'10""",0,-,-,Chelsea,Ghana
Robson de Souza,84,CF,,0,5,4,88,78,73,91,44,61,"172cm | 5'8""",0,-,-,Milan,Brazil
Diego Forlán,84,ST,,0,3,5,74,88,80,81,53,72,"180cm | 5'11""",0,-,-,Inter,Uruguay
Giorgio Chiellini,84,CB,,0,2,2,82,58,64,48,86,85,"186cm | 6'1""",0,-,-,Juventus,Italy
Vincent Kompany,84,CB,,0,2,4,73,60,72,71,85,77,"192cm | 6'4""",0,-,-,Manchester City,Belgium
Lisandro López,84,ST,,0,4,4,78,82,74,80,67,77,"174cm | 5'9""",0,-,-,Olympique Lyonnais,Argentina
Jesús Navas,84,RM,,0,4,3,92,75,79,87,47,60,"170cm | 5'7""",0,-,-,Sevilla Fútbol Club S.A.D.,Spain
Santi Cazorla,84,RM,,0,4,5,81,75,81,87,55,63,"168cm | 5'6""",0,-,-,Málaga Club de Fútbol S.A.D.,Spain
Anderson Luis De Carvalho,84,LW,,0,4,3,80,81,83,86,52,67,"181cm | 5'11""",0,-,-,Paris Saint-Germain,Brazil
Diego López,84,GK,,0,1,3,83,86,75,84,51,85,"196cm | 6'5""",0,-,-,Villarreal Club de Fútbol S.A.D.,Spain
Igor Akinfeev,84,GK,,0,1,3,88,80,82,89,56,78,"185cm | 6'1""",0,-,-,CSKA Moskva,Russia
Jefferson Farfán,84,RM,,0,4,3,86,79,80,85,62,64,"178cm | 5'10""",0,-,-,FC Schalke 04,Peru
João Moutinho,84,CM,,0,3,4,77,77,84,83,71,74,"171cm | 5'7""",0,-,-,FC Porto,Portugal
Steve Mandanda,84,GK,,0,1,3,86,83,81,86,53,85,"185cm | 6'1""",0,-,-,Olympique de Marseille,France
Karim Benzema,84,ST,,0,4,4,87,80,65,85,52,72,"184cm | 6'0""",0,-,-,Real Madrid Club de Fútbol,France
Gervais Yao Kouassi,84,RW,,0,4,4,91,76,74,87,61,69,"179cm | 5'10""",0,-,-,Arsenal,Ivory Coast
Marek Hamšik,84,CAM,,0,3,4,76,80,81,77,69,74,"183cm | 6'0""",0,-,-,Napoli,Slovakia
Mats Hummels,84,CB,,0,2,3,65,59,69,62,85,79,"192cm | 6'4""",0,-,-,Borussia Dortmund,Germany
Hernanes,84,CAM,,0,4,5,69,81,82,84,70,65,"180cm | 5'11""",0,-,-,Lazio,Brazil
Edin Džeko,84,ST,,0,3,4,76,82,66,81,58,72,"193cm | 6'4""",0,-,-,Manchester City,Bosnia Herzegovina
Ángel Di María,84,RM,,0,4,2,91,80,77,87,60,68,"178cm | 5'10""",0,-,-,Real Madrid Club de Fútbol,Argentina
Neymar Jr,84,CF,,0,5,4,89,78,75,90,43,59,"173cm | 5'8""",0,-,-,Santos,Brazil
Mario Götze,84,CAM,,0,4,4,83,70,78,86,56,57,"176cm | 5'9""",0,-,-,Borussia Dortmund,Germany
Ryan Giggs,83,LM,,0,3,3,70,78,84,84,57,62,"180cm | 5'11""",0,-,-,Manchester United,Wales
Christian Abbiati,83,GK,,0,1,2,84,82,67,87,50,81,"191cm | 6'3""",0,-,-,Milan,Italy
Morgan De Sanctis,83,GK,,0,1,2,82,82,71,84,40,85,"190cm | 6'3""",0,-,-,Napoli,Italy
Nicolas Anelka,83,ST,,0,3,3,76,81,66,82,55,80,"185cm | 6'1""",0,-,-,Chelsea,France
Antonio Cassano,83,CF,,0,4,4,70,78,84,86,55,54,"175cm | 5'9""",0,-,-,Milan,Italy
Andrea Pirlo,83,CM,,0,3,4,59,74,87,80,64,40,"177cm | 5'10""",0,-,-,Juventus,Italy
Pablo Aimar,83,CAM,,0,4,3,75,73,83,86,49,62,"170cm | 5'7""",0,-,-,Sport Lisboa Benfica,Argentina
Kolo Touré,83,CB,,0,2,3,75,63,59,55,82,82,"183cm | 6'0""",0,-,-,Manchester City,Ivory Coast
Nilmar Honorato da Silva,83,ST,,0,4,4,92,77,64,86,46,68,"180cm | 5'11""",0,-,-,Villarreal Club de Fútbol S.A.D.,Brazil
Alex Rodrigo Dias da Costa,83,CB,,0,2,3,66,69,56,58,84,83,"189cm | 6'2""",0,-,-,Chelsea,Brazil
Diego Ribas da Cunha,83,CAM,,0,4,4,76,76,82,87,58,65,"173cm | 5'8""",0,-,-,Club Atlético de Madrid S.A.D.,Brazil
Luís Fabiano Clemente,83,ST,,0,3,4,74,81,59,78,56,84,"183cm | 6'0""",0,-,-,São Paulo,Brazil
Giampaolo Pazzini,83,ST,,0,3,3,79,75,65,77,53,88,"180cm | 5'11""",0,-,-,Inter,Italy
Michel Fernandes Bastos,83,LM,,0,4,1,86,83,82,83,69,69,"179cm | 5'10""",0,-,-,Olympique Lyonnais,Brazil
Arda Turan,83,LM,,0,4,4,77,67,77,89,51,69,"176cm | 5'9""",0,-,-,Club Atlético de Madrid S.A.D.,Turkey
Andrei Arshavin,83,LW,,0,4,5,82,79,78,87,51,55,"172cm | 5'8""",0,-,-,Arsenal,Russia
Liédson da Silva Muniz,83,ST,,0,4,4,83,78,70,81,56,81,"174cm | 5'9""",0,-,-,Corinthians,Portugal
Lukas Podolski,83,CF,,0,3,2,87,86,66,80,52,66,"182cm | 6'0""",0,-,-,1. FC Köln,Germany
Joe Hart,83,GK,,0,1,3,84,77,74,88,52,80,"196cm | 6'5""",0,-,-,Manchester City,England
Daniel Agger,83,CB,,0,2,3,69,67,66,58,82,78,"191cm | 6'3""",0,-,-,Liverpool,Denmark
Thomas Vermaelen,83,CB,,0,2,3,69,67,70,61,82,88,"183cm | 6'0""",0,-,-,Arsenal,Belgium
Llorente,83,ST,,0,3,3,66,76,57,74,65,81,"195cm | 6'5""",0,-,-,Athletic Club de Bilbao,Spain
Bacary Sagna,83,RB,,0,3,3,81,58,75,77,80,77,"176cm | 5'9""",0,-,-,Arsenal,France
Antonio Valencia,83,RM,,0,4,2,93,72,74,82,54,67,"181cm | 5'11""",0,-,-,Manchester United,Ecuador
Renato Augusto,83,CAM,,0,4,4,78,75,80,85,51,62,"186cm | 6'1""",0,-,-,Bayer 04 Leverkusen,Brazil
Moussa Sow,83,ST,,0,3,4,85,81,69,78,60,79,"180cm | 5'11""",0,-,-,LOSC Lille Métropole,Senegal
Kévin Gameiro,83,ST,,0,3,4,85,80,75,82,54,71,"172cm | 5'8""",0,-,-,Paris Saint-Germain,France
Welliton Soares de Morais,83,ST,,0,4,4,92,81,68,75,56,82,"175cm | 5'9""",0,-,-,Spartak Moskva,Brazil
Branislav Ivanović,83,CB,,0,2,3,69,60,62,58,83,82,"188cm | 6'2""",0,-,-,Chelsea,Serbia
Arturo Vidal,83,CDM,,0,3,4,81,73,81,79,79,71,"180cm | 5'11""",0,-,-,Juventus,Chile
Lucas Barrios,83,ST,,0,3,3,79,77,58,77,60,80,"187cm | 6'2""",0,-,-,Borussia Dortmund,Paraguay
Ganso,83,CAM,,0,5,3,68,73,82,83,58,69,"184cm | 6'0""",0,-,-,Santos,Brazil
Sergio Busquets,83,CDM,,0,3,3,59,58,79,74,80,68,"189cm | 6'2""",0,-,-,F.C. Barcelona,Spain
Thomas Müller,83,RM,,0,3,4,83,80,71,78,57,72,"186cm | 6'1""",0,-,-,Bayern München,Germany
Javier Pastore,83,CAM,,0,4,3,76,76,79,85,55,64,"187cm | 6'2""",0,-,-,Paris Saint-Germain,Argentina
Javier Zanetti,82,CDM,,0,2,4,63,59,80,79,80,57,"178cm | 5'10""",0,-,-,Inter,Argentina
Roman Weidenfeller,82,GK,,0,1,1,84,77,66,85,49,83,"188cm | 6'2""",0,-,-,Borussia Dortmund,Germany
Shay Given,82,GK,,0,1,3,87,74,68,88,40,80,"185cm | 6'1""",0,-,-,Aston Villa,Republic of Ireland
Djibril Cissé,82,ST,,0,4,4,88,80,58,73,58,80,"183cm | 6'0""",0,-,-,Lazio,France
Scott Parker,82,CM,,0,3,3,73,76,81,76,78,74,"175cm | 5'9""",0,-,-,Tottenham Hotspur,England
Yossi Benayoun,82,CAM,,0,3,4,71,73,76,82,55,60,"178cm | 5'10""",0,-,-,Arsenal,Israel
Alexandr Kerzhakov,82,ST,,0,3,3,87,82,74,75,55,75,"176cm | 5'9""",0,-,-,Zenit St. Petersburg,Russia
Mark van Bommel,82,CDM,,0,2,2,52,73,77,68,83,73,"187cm | 6'2""",0,-,-,Milan,Netherlands
Michael Carrick,82,CM,,0,2,4,64,72,83,73,78,73,"185cm | 6'1""",0,-,-,Manchester United,England
Carlos Idriss Kameni,82,GK,,0,1,3,87,79,66,92,44,75,"186cm | 6'1""",0,-,-,R.C.D. Espanyol de Barcelona S.A.D.,Cameroon
Claudio Pizarro,82,ST,,0,3,4,70,80,58,77,57,80,"186cm | 6'1""",0,-,-,Werder Bremen,Peru
Dimitar Berbatov,82,ST,,0,4,3,68,80,79,81,49,81,"189cm | 6'2""",0,-,-,Manchester United,Bulgaria
Simon Rolfes,82,CDM,,0,2,3,64,65,78,69,79,74,"191cm | 6'3""",0,-,-,Bayer 04 Leverkusen,Germany
Ji Sung Park,82,RM,,0,3,3,79,70,74,84,53,57,"175cm | 5'9""",0,-,-,Manchester United,Korea Republic
Mikel Arteta Amatriain,82,CM,,0,4,4,66,81,85,84,67,69,"175cm | 5'9""",0,-,-,Arsenal,Spain
Helton da Silva Arruda,82,GK,,0,1,4,82,80,75,83,45,81,"189cm | 6'2""",0,-,-,FC Porto,Brazil
Lucho González,82,CM,,0,3,4,73,79,84,78,72,75,"185cm | 6'1""",0,-,-,Olympique de Marseille,Argentina
Walter Montillo,82,CAM,,0,4,4,82,76,80,86,53,59,"171cm | 5'7""",0,-,-,Cruzeiro,Argentina
Negredo,82,ST,,0,3,3,67,82,60,77,60,81,"186cm | 6'1""",0,-,-,Sevilla Fútbol Club S.A.D.,Spain
Soldado,82,ST,,0,3,3,75,81,60,77,62,80,"179cm | 5'10""",0,-,-,Valencia Club de Fútbol S.A.D.,Spain
Raúl José Trindade Meireles,82,CM,,0,3,4,69,80,81,79,73,71,"179cm | 5'10""",0,-,-,Chelsea,Portugal
Luisão,82,CB,,0,2,2,37,59,65,60,84,74,"192cm | 6'4""",0,-,-,Sport Lisboa Benfica,Brazil
Klaas-Jan Huntelaar,82,ST,,0,3,4,70,82,58,70,55,76,"186cm | 6'1""",0,-,-,FC Schalke 04,Netherlands
Aaron Lennon,82,RM,,0,4,3,95,62,68,86,48,46,"165cm | 5'5""",0,-,-,Tottenham Hotspur,England
Raúl Albiol,82,CB,,0,2,3,56,54,66,58,81,80,"190cm | 6'3""",0,-,-,Real Madrid Club de Fútbol,Spain
Alexandre Song,82,CDM,,0,2,3,72,57,72,76,84,74,"184cm | 6'0""",0,-,-,Arsenal,Cameroon
Ibrahim Afellay,82,LW,,0,4,4,90,77,76,85,57,59,"180cm | 5'11""",0,-,-,F.C. Barcelona,Netherlands
Miloš Krasić,82,RM,,0,4,4,90,78,74,81,61,61,"185cm | 6'1""",0,-,-,Juventus,Serbia
Lassana Diarra,82,CDM,,0,2,3,76,55,70,72,82,66,"172cm | 5'8""",0,-,-,Real Madrid Club de Fútbol,France
Mbark Boussoufa,82,LM,,0,5,5,77,74,78,86,46,53,"167cm | 5'6""",0,-,-,Anzhi Makhachkala,Morocco
Theo Walcott,82,RW,,0,4,3,96,71,68,85,53,56,"175cm | 5'9""",0,-,-,Arsenal,England
Stéphane M'Bia,82,CDM,,0,2,3,76,60,72,57,83,84,"189cm | 6'2""",0,-,-,Olympique de Marseille,Cameroon
Adam Johnson,82,LW,,0,4,4,87,75,76,85,56,51,"175cm | 5'9""",0,-,-,Manchester City,England
Fábio Coentrão,82,LB,,0,3,2,84,73,78,81,76,73,"179cm | 5'10""",0,-,-,Real Madrid Club de Fútbol,Portugal
Kevin-Prince Boateng,82,CAM,,0,3,4,80,76,81,82,78,82,"185cm | 6'1""",0,-,-,Milan,Ghana
Marcelo,82,LB,,0,3,3,86,70,80,82,78,72,"172cm | 5'8""",0,-,-,Real Madrid Club de Fútbol,Brazil
Bryan Ruíz,82,RW,,0,4,4,71,77,75,86,58,69,"188cm | 6'2""",0,-,-,Fulham,Costa Rica
Javi Martinez,82,CDM,,0,3,3,58,66,74,71,83,77,"190cm | 6'3""",0,-,-,Athletic Club de Bilbao,Spain
Javier Hernández,82,ST,,0,3,4,92,75,61,74,50,80,"175cm | 5'9""",0,-,-,Manchester United,Mexico
Loïc Rémy,82,ST,,0,4,3,91,76,69,80,55,80,"184cm | 6'0""",0,-,-,Olympique de Marseille,France
David Luiz,82,CB,,0,2,4,79,64,70,66,82,79,"189cm | 6'2""",0,-,-,Chelsea,Brazil
Neven Subotic,82,CB,,0,2,3,72,63,65,53,81,82,"193cm | 6'4""",0,-,-,Borussia Dortmund,Serbia
Bruno,82,CDM,,0,3,3,66,59,76,76,79,67,"179cm | 5'10""",0,-,-,Villarreal Club de Fútbol S.A.D.,Spain
Seydou Doumbia,82,ST,,0,4,4,94,77,54,85,56,76,"178cm | 5'10""",0,-,-,CSKA Moskva,Ivory Coast
Shinji Kagawa,82,CAM,,0,4,4,86,72,71,87,45,54,"172cm | 5'8""",0,-,-,Borussia Dortmund,Japan
Jack Wilshere,82,CM,,0,4,3,77,69,82,84,72,63,"173cm | 5'8""",0,-,-,Arsenal,England
Lucas,82,CAM,,0,4,3,90,75,76,89,54,58,"172cm | 5'8""",0,-,-,São Paulo,Brazil
Mark Schwarzer,81,GK,,0,1,3,78,81,75,82,50,82,"194cm | 6'4""",0,-,-,Fulham,Australia
Marco Di Vaio,81,ST,,0,3,4,79,78,65,77,58,73,"179cm | 5'10""",0,-,-,Bologna,Italy
Javier Saviola,81,CF,,0,3,3,86,76,70,86,42,68,"169cm | 5'7""",0,-,-,Sport Lisboa Benfica,Argentina
Michael Ballack,81,CM,,0,3,4,62,80,80,73,79,86,"189cm | 6'2""",0,-,-,Bayer 04 Leverkusen,Germany
Alberto Gilardino,81,ST,,0,2,3,76,73,52,72,57,84,"184cm | 6'0""",0,-,-,Fiorentina,Italy
William Gallas,81,CB,,0,2,3,63,50,56,56,80,85,"181cm | 5'11""",0,-,-,Tottenham Hotspur,France
Gareth Barry,81,CDM,,0,2,3,54,74,81,75,78,75,"183cm | 6'0""",0,-,-,Manchester City,England
Landon Donovan,81,RM,,0,3,4,87,77,78,80,60,65,"173cm | 5'8""",0,-,-,Los Angeles Galaxy,United States
Tomáš Rosický,81,CAM,,0,4,4,68,75,81,84,50,52,"179cm | 5'10""",0,-,-,Arsenal,Czech Republic
Miroslav Klose,81,ST,,0,3,4,75,74,62,74,57,88,"184cm | 6'0""",0,-,-,Lazio,Germany
Brad Friedel,81,GK,,0,1,2,77,83,80,82,45,84,"188cm | 6'2""",0,-,-,Tottenham Hotspur,United States
Zvjezdan Misimović,81,CAM,,0,3,4,62,78,82,80,51,59,"180cm | 5'11""",0,-,-,Dinamo Moskva,Bosnia Herzegovina
Alberto Aquilani,81,CM,,0,3,4,65,75,84,81,67,62,"186cm | 6'1""",0,-,-,Milan,Italy
Tim Howard,81,GK,,0,1,3,81,80,73,84,50,80,"191cm | 6'3""",0,-,-,Everton,United States
Mirko Vučinić,81,LW,,0,3,4,82,80,70,84,60,71,"186cm | 6'1""",0,-,-,Juventus,Montenegro
Jaroslav Plašil,81,CM,,0,3,5,74,76,83,80,66,61,"182cm | 6'0""",0,-,-,Girondins de Bordeaux,Czech Republic
Jérémy Toulalan,81,CDM,,0,2,3,64,53,79,70,79,72,"183cm | 6'0""",0,-,-,Málaga Club de Fútbol S.A.D.,France
Iraizoz,81,GK,,0,1,3,77,86,75,82,57,84,"191cm | 6'3""",0,-,-,Athletic Club de Bilbao,Spain
Philippe Mexès,81,CB,,0,2,3,69,50,62,58,81,83,"187cm | 6'2""",0,-,-,Milan,France
Marouane Chamakh,81,ST,,0,3,3,78,77,72,78,66,83,"188cm | 6'2""",0,-,-,Arsenal,Morocco
Joaquín,81,RM,,0,4,3,77,75,79,87,48,50,"179cm | 5'10""",0,-,-,Málaga Club de Fútbol S.A.D.,Spain
Mladen Petrić,81,ST,,0,3,4,66,84,70,77,54,78,"184cm | 6'0""",0,-,-,Hamburger SV,Croatia
Fábio Deivson Lopes Maciel,81,GK,,0,1,3,78,81,72,85,73,83,"188cm | 6'2""",0,-,-,Cruzeiro,Brazil
Raúl González Blanco,81,CF,,0,3,4,63,76,69,82,54,71,"180cm | 5'11""",0,-,-,FC Schalke 04,Spain
Anthony Réveillère,81,RB,,0,2,4,77,60,76,69,80,70,"180cm | 5'11""",0,-,-,Olympique Lyonnais,France
Brede Hangeland,81,CB,,0,2,3,60,53,58,46,86,66,"195cm | 6'5""",0,-,-,Fulham,Norway
Vágner Love,81,ST,,0,4,4,89,75,58,83,54,76,"173cm | 5'8""",0,-,-,CSKA Moskva,Brazil
Bruno Alves,81,CB,,0,2,3,69,66,60,62,80,89,"189cm | 6'2""",0,-,-,Zenit St. Petersburg,Portugal
James Milner,81,CM,,0,3,4,78,79,84,81,73,67,"176cm | 5'9""",0,-,-,Manchester City,England
Diego Lugano,81,CB,,0,2,2,53,47,46,30,83,85,"188cm | 6'2""",0,-,-,Paris Saint-Germain,Uruguay
Andrés D'Alessandro,81,CAM,,0,4,3,71,76,81,86,54,51,"174cm | 5'9""",0,-,-,I. Porto Alegre,Argentina
Kevin Kuranyi,81,ST,,0,2,2,80,75,62,70,63,81,"190cm | 6'3""",0,-,-,Dinamo Moskva,Germany
Darren Fletcher,81,CM,,0,2,3,77,67,82,73,82,81,"184cm | 6'0""",0,-,-,Manchester United,Scotland
Thiago Motta,81,CDM,,0,3,4,50,71,78,71,80,82,"187cm | 6'2""",0,-,-,Inter,Italy
Eric Abidal,81,LB,,0,2,3,78,36,74,62,82,77,"186cm | 6'1""",0,-,-,F.C. Barcelona,France
Diego Milito,81,ST,,0,3,3,79,75,66,81,57,78,"183cm | 6'0""",0,-,-,Inter,Argentina
Alexandr Anyukov,81,RB,,0,3,4,85,69,78,74,69,71,"178cm | 5'10""",0,-,-,Zenit St. Petersburg,Russia
Rio Antonio Mavuba,81,CDM,,0,3,3,74,55,76,72,78,70,"172cm | 5'8""",0,-,-,LOSC Lille Métropole,France
Alex Raphael Meschini,81,CAM,,0,5,4,72,82,80,80,61,68,"175cm | 5'9""",0,-,-,Corinthians,Brazil
Yoann Gourcuff,81,CAM,,0,4,4,77,77,80,79,66,72,"185cm | 6'1""",0,-,-,Olympique Lyonnais,France
Yuriy Zhirkov,81,LM,,0,3,2,79,74,79,81,74,62,"180cm | 5'11""",0,-,-,Anzhi Makhachkala,Russia
Aiden McGeady,81,LW,,0,5,4,89,71,75,87,56,59,"180cm | 5'11""",0,-,-,Spartak Moskva,Republic of Ireland
Salomon Kalou,81,RW,,0,4,3,84,74,69,85,52,74,"186cm | 6'1""",0,-,-,Chelsea,Ivory Coast
Bafétimbi Gomis,81,ST,,0,3,3,78,79,57,72,62,81,"184cm | 6'0""",0,-,-,Olympique Lyonnais,France
Riccardo Montolivo,81,CM,,0,3,4,71,76,83,79,68,63,"181cm | 5'11""",0,-,-,Fiorentina,Italy
Jérémy Ménez,81,CF,,0,4,4,87,74,78,84,56,65,"181cm | 5'11""",0,-,-,Paris Saint-Germain,France
Borja Valero,81,CAM,,0,3,4,68,79,86,78,67,59,"175cm | 5'9""",0,-,-,Villarreal Club de Fútbol S.A.D.,Spain
André Gonçalves Dias,81,CB,,0,2,3,69,54,57,43,84,83,"184cm | 6'0""",0,-,-,Lazio,Brazil
John Obi Mikel,81,CDM,,0,2,3,75,58,74,71,82,76,"188cm | 6'2""",0,-,-,Chelsea,Nigeria
Diego Alves Carreira,81,GK,,0,1,3,87,76,74,89,57,75,"188cm | 6'2""",0,-,-,Valencia Club de Fútbol S.A.D.,Brazil
Juan Manuel Vargas,81,LM,,0,3,3,81,78,82,79,79,67,"185cm | 6'1""",0,-,-,Fiorentina,Peru
Asamoah Gyan,81,ST,,0,3,3,81,75,64,75,59,74,"180cm | 5'11""",0,-,-,Sunderland,Ghana
Varela,81,LW,,0,4,5,85,74,76,82,62,66,"179cm | 5'10""",0,-,-,FC Porto,Portugal
Domenico Criscito,81,LB,,0,2,3,84,64,77,75,77,70,"183cm | 6'0""",0,-,-,Zenit St. Petersburg,Italy
Claudio Marchisio,81,CM,,0,3,4,81,72,80,79,71,62,"179cm | 5'10""",0,-,-,Juventus,Italy
Matías Fernández,81,CAM,,0,4,3,74,75,77,83,50,63,"176cm | 5'9""",0,-,-,Sporting CP,Chile
André Ayew,81,LM,,0,3,3,87,74,77,82,70,73,"176cm | 5'9""",0,-,-,Olympique de Marseille,Ghana
Mathieu Valbuena,81,RW,,0,4,4,87,75,75,81,48,53,"167cm | 5'6""",0,-,-,Olympique de Marseille,France
Alessandro Matri,81,ST,,0,3,3,81,75,69,79,58,80,"183cm | 6'0""",0,-,-,Juventus,Italy
Cissé,81,ST,,0,3,4,81,76,65,78,51,79,"183cm | 6'0""",0,-,-,SC Freiburg,Senegal
Pablo Hernández,81,RM,,0,4,3,85,77,74,84,57,60,"173cm | 5'8""",0,-,-,Valencia Club de Fútbol S.A.D.,Spain
Óscar Cardozo,81,ST,,0,2,2,42,85,71,73,63,77,"192cm | 6'4""",0,-,-,Sport Lisboa Benfica,Paraguay
Sami Khedira,81,CDM,,0,2,4,64,72,73,69,82,81,"189cm | 6'2""",0,-,-,Real Madrid Club de Fútbol,Germany
Carlos Eduardo Marques,81,CAM,,0,5,3,86,75,78,86,46,48,"171cm | 5'7""",0,-,-,Rubin Kazan,Brazil
Stevan Jovetic,81,CF,,0,5,4,81,76,73,86,56,68,"183cm | 6'0""",0,-,-,Fiorentina,Montenegro
Toni Kroos,81,CAM,,0,3,5,59,79,84,78,62,54,"182cm | 6'0""",0,-,-,Bayern München,Germany
Andy Carroll,81,ST,,0,3,3,75,74,63,71,69,81,"191cm | 6'3""",0,-,-,Liverpool,England
Balázs Dzsudzsák,81,LM,,0,4,4,82,82,80,80,50,53,"179cm | 5'10""",0,-,-,Anzhi Makhachkala,Hungary
Adil Rami,81,CB,,0,2,3,54,55,67,62,84,75,"190cm | 6'3""",0,-,-,Valencia Club de Fútbol S.A.D.,France
Mamadou Sakho,81,CB,,0,2,3,74,37,65,56,80,84,"187cm | 6'2""",0,-,-,Paris Saint-Germain,France
Sebastian Giovinco,81,CF,,0,5,4,91,70,72,89,40,40,"164cm | 5'5""",0,-,-,Parma,Italy
Keisuke Honda,81,CAM,,0,3,4,83,82,79,81,69,74,"182cm | 6'0""",0,-,-,CSKA Moskva,Japan
Mario Balotelli,81,ST,,0,4,4,83,79,67,83,61,70,"189cm | 6'2""",0,-,-,Manchester City,Italy
Yann M'Vila,81,CDM,,0,2,3,79,65,72,77,81,65,"182cm | 6'0""",0,-,-,Stade Rennais FC,France
Joe Cole,80,CAM,,0,4,4,68,75,76,83,54,57,"175cm | 5'9""",0,-,-,LOSC Lille Métropole,England
Alessandro Del Piero,80,CF,,0,4,5,56,79,82,84,50,43,"173cm | 5'8""",0,-,-,Juventus,Italy
Francesco Totti,80,CF,,0,4,4,57,84,83,81,60,56,"180cm | 5'11""",0,-,-,Roma,Italy
Clarence Seedorf,80,CM,,0,4,4,54,79,84,81,69,57,"177cm | 5'10""",0,-,-,Milan,Netherlands
Sebastien Frey,80,GK,,0,1,3,79,78,70,84,50,81,"189cm | 6'2""",0,-,-,Genoa,France
Thierry Henry,80,CF,,0,4,4,82,80,67,85,51,64,"188cm | 6'2""",0,-,-,New York Red Bulls,France
José Bosingwa da Silva,80,RB,,0,3,4,83,60,78,77,75,67,"183cm | 6'0""",0,-,-,Chelsea,Portugal
Mickaël Landreau,80,GK,,0,1,3,78,76,84,82,61,78,"184cm | 6'0""",0,-,-,LOSC Lille Métropole,France
Jamie Carragher,80,CB,,0,2,3,45,34,54,38,80,80,"185cm | 6'1""",0,-,-,Liverpool,England
Dejan Stanković,80,CM,,0,3,4,53,78,82,75,74,60,"181cm | 5'11""",0,-,-,Inter,Serbia
Ruud van Nistelrooy,80,ST,,0,3,3,55,78,64,73,59,70,"188cm | 6'2""",0,-,-,Málaga Club de Fútbol S.A.D.,Netherlands
Seydou Keita,80,CDM,,0,2,3,68,74,70,70,82,80,"183cm | 6'0""",0,-,-,F.C. Barcelona,Mali
Owen Hargreaves,80,CDM,,0,2,4,74,67,78,73,77,69,"180cm | 5'11""",0,-,-,Manchester City,England
Andrea Cossu,80,CAM,,0,4,4,80,69,81,84,50,47,"171cm | 5'7""",0,-,-,Cagliari,Italy
Federico Balzaretti,80,LB,,0,2,3,83,60,78,78,72,71,"178cm | 5'10""",0,-,-,Palermo,Italy
Andriy Voronin,80,CF,,0,3,3,74,81,81,79,53,68,"176cm | 5'9""",0,-,-,Dinamo Moskva,Ukraine
Cédric Carrasso,80,GK,,0,1,3,80,75,80,81,62,80,"187cm | 6'2""",0,-,-,Girondins de Bordeaux,France
Rafael Márquez,80,CDM,,0,2,3,59,65,75,69,80,74,"182cm | 6'0""",0,-,-,New York Red Bulls,Mexico
Michael Dawson,80,CB,,0,2,3,67,31,51,30,82,85,"188cm | 6'2""",0,-,-,Tottenham Hotspur,England
Anatoliy Tymoshchuk,80,CDM,,0,2,2,61,65,74,62,79,77,"181cm | 5'11""",0,-,-,Bayern München,Ukraine
Kim Källström,80,CM,,0,3,2,68,80,83,74,74,72,"181cm | 5'11""",0,-,-,Olympique Lyonnais,Sweden
Marco Borriello,80,ST,,0,3,3,71,77,59,74,60,81,"185cm | 6'1""",0,-,-,Roma,Italy
Souleymane Diawara,80,CB,,0,2,3,59,44,58,46,82,78,"187cm | 6'2""",0,-,-,Olympique de Marseille,Senegal
Benoît Cheyrou,80,CDM,,0,2,4,67,76,83,75,77,75,"182cm | 6'0""",0,-,-,Olympique de Marseille,France
Benoît Pedretti,80,CM,,0,3,3,59,71,81,74,74,66,"177cm | 5'10""",0,-,-,LOSC Lille Métropole,France
Gomes,80,GK,,0,1,2,83,71,65,86,50,81,"191cm | 6'3""",0,-,-,Tottenham Hotspur,Brazil
Juan Silveira dos Santos,80,CB,,0,2,3,60,43,57,51,79,77,"182cm | 6'0""",0,-,-,Roma,Brazil
Glen Johnson,80,RB,,0,3,4,87,66,76,79,75,75,"182cm | 6'0""",0,-,-,Liverpool,England
Joey Barton,80,CM,,0,3,3,69,71,83,75,76,69,"180cm | 5'11""",0,-,-,Queens Park Rangers,England
Joleon Lescott,80,CB,,0,2,3,67,51,69,59,82,84,"188cm | 6'2""",0,-,-,Manchester City,England
Álvaro Arbeloa Coca,80,RB,,0,2,3,73,62,73,69,81,69,"183cm | 6'0""",0,-,-,Real Madrid Club de Fútbol,Spain
Marat Izmailov,80,CAM,,0,3,4,80,75,76,82,60,64,"172cm | 5'8""",0,-,-,Sporting CP,Russia
Igor Denisov,80,CDM,,0,3,3,80,70,77,77,72,64,"176cm | 5'9""",0,-,-,Zenit St. Petersburg,Russia
Ivica Olić,80,ST,,0,3,4,78,76,65,77,60,73,"182cm | 6'0""",0,-,-,Bayern München,Croatia
Christian Maggio,80,RM,,0,2,2,84,72,79,75,76,84,"184cm | 6'0""",0,-,-,Napoli,Italy
Gaël Clichy,80,LB,,0,3,4,89,45,75,80,75,70,"176cm | 5'9""",0,-,-,Manchester City,France
Rodrigo Palacio,80,CF,,0,4,3,84,76,77,85,53,59,"175cm | 5'9""",0,-,-,Genoa,Argentina
Mauro Zárate,80,CF,,0,4,4,89,77,69,87,50,61,"176cm | 5'9""",0,-,-,Inter,Argentina
Clint Dempsey,80,LM,,0,4,3,78,78,75,82,59,82,"185cm | 6'1""",0,-,-,Fulham,United States
Charlie Adam,80,CM,,0,3,3,67,76,86,75,73,71,"185cm | 6'1""",0,-,-,Liverpool,Scotland
Gökhan Inler,80,CM,,0,3,4,72,76,79,75,79,73,"183cm | 6'0""",0,-,-,Napoli,Switzerland
Fabio Quagliarella,80,ST,,0,3,4,75,84,72,78,59,62,"180cm | 5'11""",0,-,-,Juventus,Italy
Javi García,80,CDM,,0,2,3,64,69,74,66,83,80,"187cm | 6'2""",0,-,-,Sport Lisboa Benfica,Spain
Rolando,80,CB,,0,2,2,64,58,64,59,81,77,"190cm | 6'3""",0,-,-,FC Porto,Portugal
Leighton Baines,80,LB,,0,3,3,79,73,78,78,74,69,"170cm | 5'7""",0,-,-,Everton,England
Filipe Luís,80,LB,,0,3,3,81,66,78,80,77,65,"182cm | 6'0""",0,-,-,Club Atlético de Madrid S.A.D.,Brazil
Martin Škrtel,80,CB,,0,2,3,71,38,55,50,81,80,"191cm | 6'3""",0,-,-,Liverpool,Slovakia
Stéphane Ruffier,80,GK,,0,1,3,82,81,78,85,55,80,"187cm | 6'2""",0,-,-,A.S. Saint-Etienne,France
Yohan Cabaye,80,CM,,0,2,4,74,76,77,78,73,70,"175cm | 5'9""",0,-,-,Newcastle United,France
Emiliano Viviano,80,GK,,0,1,2,80,79,68,84,45,79,"195cm | 6'5""",0,-,-,Inter,Italy
Fredy Guarín,80,CM,,0,2,3,75,81,81,79,80,76,"184cm | 6'0""",0,-,-,FC Porto,Colombia
Micah Richards,80,RB,,0,2,3,84,49,66,68,84,89,"181cm | 5'11""",0,-,-,Manchester City,England
Daniel Sturridge,80,ST,,0,3,3,88,75,66,81,51,73,"188cm | 6'2""",0,-,-,Chelsea,England
Naldo,80,CB,,0,2,4,74,64,58,49,81,72,"198cm | 6'6""",0,-,-,Werder Bremen,Brazil
Jan Vertonghen,80,CB,,0,3,3,66,64,76,70,80,76,"189cm | 6'2""",0,-,-,Ajax,Belgium
Medhi Benatia,80,CB,,0,2,3,68,35,55,51,82,79,"190cm | 6'3""",0,-,-,Udinese,Morocco
Rui Patrício,80,GK,,0,1,2,81,80,77,82,37,79,"190cm | 6'3""",0,-,-,Sporting CP,Portugal
Marko Marin,80,LM,,0,4,4,82,70,73,87,36,46,"170cm | 5'7""",0,-,-,Werder Bremen,Germany
Benedikt Höwedes,80,CB,,0,2,3,71,32,62,53,80,80,"187cm | 6'2""",0,-,-,FC Schalke 04,Germany
Andrea Ranocchia,80,CB,,0,2,3,62,45,57,47,82,79,"195cm | 6'5""",0,-,-,Inter,Italy
Diego Godín,80,CB,,0,2,3,66,51,66,62,79,81,"185cm | 6'1""",0,-,-,Club Atlético de Madrid S.A.D.,Uruguay
Nicolás Gaitán,80,RM,,0,4,2,81,75,77,85,47,57,"173cm | 5'8""",0,-,-,Sport Lisboa Benfica,Argentina
Thiago Neves Augusto,80,CAM,,0,4,4,76,77,78,83,46,74,"182cm | 6'0""",0,-,-,Flamengo,Brazil
Mauricio Isla,80,RM,,0,3,3,81,65,78,77,78,65,"177cm | 5'10""",0,-,-,Udinese,Chile
Marvin Martin,80,CAM,,0,3,4,80,68,82,81,60,53,"171cm | 5'7""",0,-,-,FC Sochaux-Montbéliard,France
Christian Eriksen,80,CAM,,0,4,5,82,71,74,79,46,55,"177cm | 5'10""",0,-,-,Ajax,Denmark
De Gea,80,GK,,0,1,3,80,82,85,84,51,75,"192cm | 6'4""",0,-,-,Manchester United,Spain
Leandro Damião da Silva dos Santos,80,ST,,0,4,2,76,76,52,70,60,85,"187cm | 6'2""",0,-,-,I. Porto Alegre,Brazil
Roberto Carlos,79,CDM,,0,3,2,78,75,80,76,80,70,"168cm | 5'6""",0,-,-,Anzhi Makhachkala,Brazil
Shaun Wright-Phillips,79,RM,,0,3,3,93,71,69,82,46,55,"166cm | 5'5""",0,-,-,Queens Park Rangers,England
Louis Saha,79,ST,,0,3,4,79,80,55,77,60,77,"185cm | 6'1""",0,-,-,Everton,France
Tiago Cardoso Mendes,79,CM,,0,4,3,63,70,76,74,72,75,"183cm | 6'0""",0,-,-,Club Atlético de Madrid S.A.D.,Portugal
Cristian Chivu,79,CB,,0,2,3,61,62,68,64,78,76,"184cm | 6'0""",0,-,-,Inter,Romania
Craig Bellamy,79,CF,,0,3,4,80,78,67,81,62,71,"175cm | 5'9""",0,-,-,Liverpool,Wales
Carlos Marchena López,79,CB,,0,2,4,50,54,71,63,79,71,"183cm | 6'0""",0,-,-,Villarreal Club de Fútbol S.A.D.,Spain
Paul Robinson,79,GK,,0,1,3,82,77,92,83,50,74,"193cm | 6'4""",0,-,-,Blackburn Rovers,England
Dirk Kuyt,79,RW,,0,3,3,69,80,74,76,70,79,"184cm | 6'0""",0,-,-,Liverpool,Netherlands
Andoni Iraola Sagarna,79,RB,,0,3,3,82,69,78,75,79,63,"182cm | 6'0""",0,-,-,Athletic Club de Bilbao,Spain
Aduriz,79,ST,,0,3,4,72,75,62,75,60,91,"182cm | 6'0""",0,-,-,Valencia Club de Fútbol S.A.D.,Spain
Theo Janssen,79,CM,,0,2,3,54,80,87,68,69,62,"180cm | 5'11""",0,-,-,Ajax,Netherlands
Stephan Lichtsteiner,79,RB,,0,2,3,79,58,74,71,79,73,"183cm | 6'0""",0,-,-,Juventus,Switzerland
Rubén Gracia Calmache,79,RM,,0,3,3,81,74,76,81,57,59,"180cm | 5'11""",0,-,-,Villarreal Club de Fútbol S.A.D.,Spain
Alan Osório Silva,79,RW,,0,4,3,83,68,74,84,60,61,"180cm | 5'11""",0,-,-,SC Braga,Brazil
Roque Santa Cruz,79,ST,,0,3,4,67,76,54,75,57,76,"189cm | 6'2""",0,-,-,Real Betis Balompié S.A.D. ,Paraguay
Joan Capdevila Méndez,79,LB,,0,2,3,72,69,79,65,78,74,"182cm | 6'0""",0,-,-,Sport Lisboa Benfica,Spain
Rod Fanni,79,RB,,0,2,3,82,53,74,70,81,81,"186cm | 6'1""",0,-,-,Olympique de Marseille,France
Youssouf Hadji,79,CF,,0,3,3,80,74,72,79,59,84,"183cm | 6'0""",0,-,-,Stade Rennais FC,Morocco
Nicolas Douchez,79,GK,,0,1,3,80,77,70,82,62,78,"186cm | 6'1""",0,-,-,Paris Saint-Germain,France
Piotr Trochowski,79,CAM,,0,4,5,80,81,77,83,47,62,"169cm | 5'7""",0,-,-,Sevilla Fútbol Club S.A.D.,Germany
Hugo Campagnaro,79,CB,,0,3,2,63,50,64,62,81,78,"181cm | 5'11""",0,-,-,Napoli,Argentina
Martín Demichelis,79,CB,,0,2,3,34,37,65,48,80,75,"184cm | 6'0""",0,-,-,Málaga Club de Fútbol S.A.D.,Argentina
Jefferson de Oliveira Galvão,79,GK,,0,1,2,81,79,73,80,59,77,"187cm | 6'2""",0,-,-,Botafogo,Brazil
Felipe Melo de Carvalho,79,CDM,,0,2,3,74,69,76,76,80,70,"183cm | 6'0""",0,-,-,Juventus,Brazil
Marcos Antonio Senna da Silva,79,CM,,0,3,4,47,77,81,69,75,57,"177cm | 5'10""",0,-,-,Villarreal Club de Fútbol S.A.D.,Spain
Elano Blumer,79,CAM,,0,4,4,68,78,79,77,66,62,"174cm | 5'9""",0,-,-,Santos,Brazil
Julio César Baptista,79,CF,,0,3,4,73,79,70,77,72,77,"185cm | 6'1""",0,-,-,Málaga Club de Fútbol S.A.D.,Brazil
Christopher Samba,79,CB,,0,2,2,54,47,45,41,84,72,"196cm | 6'5""",0,-,-,Blackburn Rovers,Congo
Andrea Barzagli,79,CB,,0,2,3,65,49,59,40,82,77,"186cm | 6'1""",0,-,-,Juventus,Italy
Stefan Kießling,79,ST,,0,3,3,73,76,65,67,59,80,"191cm | 6'3""",0,-,-,Bayer 04 Leverkusen,Germany
Mattia Cassani,79,RB,,0,2,3,78,63,76,75,76,71,"184cm | 6'0""",0,-,-,Fiorentina,Italy
Danko Lazović,79,CF,,0,4,4,84,80,68,80,56,67,"184cm | 6'0""",0,-,-,Zenit St. Petersburg,Serbia
Marco Storari,79,GK,,0,1,2,80,78,70,83,54,80,"187cm | 6'2""",0,-,-,Juventus,Italy
Kléber de Souza Freitas,79,ST,,0,4,3,66,78,66,79,65,68,"173cm | 5'8""",0,-,-,Palmeiras,Brazil
Fabricio Coloccini,79,CB,,0,2,4,64,56,70,66,78,81,"183cm | 6'0""",0,-,-,Newcastle United,Argentina
Hugo Miguel Ferreira Viana,79,CM,,0,3,3,64,77,82,77,70,66,"178cm | 5'10""",0,-,-,SC Braga,Portugal
Federico Marchetti,79,GK,,0,1,2,80,78,64,84,37,76,"190cm | 6'3""",0,-,-,Lazio,Italy
Jonás Gutiérrez,79,LM,,0,3,3,79,71,76,80,69,65,"183cm | 6'0""",0,-,-,Newcastle United,Argentina
Fernando Belluschi,79,CM,,0,5,3,79,78,85,81,58,62,"171cm | 5'7""",0,-,-,FC Porto,Argentina
Juanfran,79,RM,,0,3,3,85,69,74,84,58,58,"181cm | 5'11""",0,-,-,Club Atlético de Madrid S.A.D.,Spain
Diego Castro,79,LM,,0,4,4,87,73,67,84,55,65,"174cm | 5'9""",0,-,-,Getafe Club de Fútbol S.A.D.,Spain
Alexandr Samedov,79,RM,,0,3,3,81,68,80,79,57,60,"177cm | 5'10""",0,-,-,Dinamo Moskva,Russia
Sergey Ryzhikov,79,GK,,0,1,2,80,79,66,81,60,80,"194cm | 6'4""",0,-,-,Rubin Kazan,Russia
Konstantin Zyryanov,79,CM,,0,3,3,75,73,78,79,67,64,"176cm | 5'9""",0,-,-,Zenit St. Petersburg,Russia
Vyacheslav Malafeev,79,GK,,0,1,2,76,77,81,83,46,81,"185cm | 6'1""",0,-,-,Zenit St. Petersburg,Russia
Ireneusz Jeleń,79,ST,,0,3,4,74,78,68,71,56,74,"184cm | 6'0""",0,-,-,LOSC Lille Métropole,Poland
Sergio Pellissier,79,ST,,0,3,4,81,81,65,75,54,66,"175cm | 5'9""",0,-,-,Chievo Verona,Italy
Niko Kranjčar,79,CAM,,0,4,4,69,79,77,81,53,56,"185cm | 6'1""",0,-,-,Tottenham Hotspur,Croatia
Kenwyne Jones,79,ST,,0,3,3,80,75,54,76,65,86,"187cm | 6'2""",0,-,-,Stoke City,Trinidad &amp; Tobago
Frederico Chaves Guedes,79,ST,,0,3,4,67,80,67,74,54,82,"185cm | 6'1""",0,-,-,Fluminense,Brazil
Ben Arfa,79,RW,,0,5,4,83,74,74,82,53,76,"178cm | 5'10""",0,-,-,Newcastle United,France
Samir Handanovic,79,GK,,0,1,2,79,78,76,80,50,81,"193cm | 6'4""",0,-,-,Udinese,Slovenia
Nicolas Lombaerts,79,CB,,0,2,3,52,53,71,56,80,80,"188cm | 6'2""",0,-,-,Zenit St. Petersburg,Belgium
Stéphane Sessègnon,79,CAM,,0,4,5,83,74,78,83,61,70,"170cm | 5'7""",0,-,-,Sunderland,Benin
Alessandro Diamanti,79,CF,,0,3,4,78,76,73,79,56,50,"180cm | 5'11""",0,-,-,Bologna,Italy
Gary Cahill,79,CB,,0,2,4,69,54,54,62,80,82,"188cm | 6'2""",0,-,-,Bolton Wanderers,England
Taye Taiwo,79,LB,,0,2,3,88,72,77,59,82,86,"183cm | 6'0""",0,-,-,Milan,Nigeria
Nicklas Bendtner,79,ST,,0,3,3,77,72,69,72,66,73,"192cm | 6'4""",0,-,-,Sunderland,Denmark
Morgan Amalfitano,79,CM,,0,3,4,73,74,82,79,69,58,"176cm | 5'9""",0,-,-,Olympique de Marseille,France
Salvatore Sirigu,79,GK,,0,1,2,80,76,69,84,50,80,"192cm | 6'4""",0,-,-,Paris Saint-Germain,Italy
Ariclenes Da Silva Ferreira,79,ST,,0,3,4,81,76,66,79,58,81,"180cm | 5'11""",0,-,-,Spartak Moskva,Brazil
Rafinha,79,RB,,0,3,3,84,57,77,78,71,66,"172cm | 5'8""",0,-,-,Bayern München,Brazil
Ivan Rakitic,79,CM,,0,3,3,68,81,85,78,66,52,"184cm | 6'0""",0,-,-,Sevilla Fútbol Club S.A.D.,Croatia
José Enrique Sánchez Díaz,79,LB,,0,3,3,86,59,75,76,79,71,"184cm | 6'0""",0,-,-,Liverpool,Spain
Steven Defour,79,CM,,0,3,4,73,68,77,75,69,66,"174cm | 5'9""",0,-,-,FC Porto,Belgium
Eljero Elia,79,LM,,0,5,3,92,69,71,86,50,66,"176cm | 5'9""",0,-,-,Juventus,Netherlands
Álvaro Pereira,79,LB,,0,3,3,81,67,77,77,76,73,"180cm | 5'11""",0,-,-,FC Porto,Uruguay
Cristian Ansaldi,79,LB,,0,3,4,88,60,72,74,74,69,"178cm | 5'10""",0,-,-,Rubin Kazan,Argentina
Gonzalo Castro,79,LM,,0,3,3,84,71,69,84,52,66,"176cm | 5'9""",0,-,-,Real Club Deportivo Mallorca S.A.D.,Uruguay
Wilson Palacios,79,CDM,,0,2,3,73,62,74,74,81,78,"178cm | 5'10""",0,-,-,Stoke City,Honduras
Dries Mertens,79,LW,,0,4,4,86,73,72,80,47,55,"169cm | 5'7""",0,-,-,PSV,Belgium
Marouane Fellaini,79,CM,,0,3,4,71,66,76,72,81,79,"194cm | 6'4""",0,-,-,Everton,Belgium
Demba Ba,79,ST,,0,3,3,83,77,63,74,67,78,"189cm | 6'2""",0,-,-,Newcastle United,Senegal
Dimitri Payet,79,LW,,0,3,4,82,80,76,81,60,60,"175cm | 5'9""",0,-,-,LOSC Lille Métropole,France
Sven Bender,79,CDM,,0,2,4,69,56,71,62,79,75,"185cm | 6'1""",0,-,-,Borussia Dortmund,Germany
Miguel Luís Pinto Veloso,79,CDM,,0,2,4,73,76,80,77,75,71,"180cm | 5'11""",0,-,-,Genoa,Portugal
Pablo Osvaldo,79,ST,,0,3,3,74,74,55,73,56,79,"182cm | 6'0""",0,-,-,Roma,Italy
Éver Banega,79,CM,,0,4,4,66,71,82,80,70,60,"174cm | 5'9""",0,-,-,Valencia Club de Fútbol S.A.D.,Argentina
Nikolay Mihaylov,79,GK,,0,1,2,80,77,76,84,65,75,"194cm | 6'4""",0,-,-,FC Twente,Bulgaria
Didier Ya Konan,79,ST,,0,3,4,83,75,63,83,52,71,"174cm | 5'9""",0,-,-,Hannover 96,Ivory Coast
Eren Derdiyok,79,ST,,0,3,3,74,74,69,75,55,77,"191cm | 6'3""",0,-,-,Bayer 04 Leverkusen,Switzerland
Miralem Pjanic,79,CAM,,0,4,4,78,75,79,80,63,61,"180cm | 5'11""",0,-,-,Roma,Bosnia Herzegovina
Aurélien Chedjou,79,CB,,0,2,4,64,61,63,55,81,80,"184cm | 6'0""",0,-,-,LOSC Lille Métropole,Cameroon
Diego Perotti,79,RM,,0,4,5,86,70,71,85,50,60,"179cm | 5'10""",0,-,-,Sevilla Fútbol Club S.A.D.,Argentina
Fernando,79,CDM,,0,2,3,70,53,74,70,80,74,"183cm | 6'0""",0,-,-,FC Porto,Brazil
Ramires Santos do Nascimen.,79,CM,,0,3,3,85,68,78,80,71,74,"180cm | 5'11""",0,-,-,Chelsea,Brazil
Aleksandar Kolarov,79,LB,,0,2,3,71,73,79,74,80,77,"187cm | 6'2""",0,-,-,Manchester City,Serbia
Luiz Gustavo,79,CDM,,0,3,3,75,56,74,76,80,75,"187cm | 6'2""",0,-,-,Bayern München,Brazil
Wojciech Szczesny,79,GK,,0,1,3,82,79,68,83,50,74,"195cm | 6'5""",0,-,-,Arsenal,Poland
Douglas Franco Teixeira,79,CB,,0,2,2,63,46,54,49,85,75,"192cm | 6'4""",0,-,-,FC Twente,Brazil
Bruno Ecuélé Manga,79,CB,,0,2,3,67,31,62,39,80,80,"186cm | 6'1""",0,-,-,FC Lorient Bretagne Sud,Gabon
Marco Reus,79,RM,,0,4,4,83,79,71,84,56,67,"180cm | 5'11""",0,-,-,Borussia M'gladbach,Germany
Thiago,79,CAM,,0,3,3,76,69,73,82,60,62,"172cm | 5'8""",0,-,-,F.C. Barcelona,Spain
Ander Herrera,79,CM,,0,4,4,79,65,76,76,57,41,"182cm | 6'0""",0,-,-,Athletic Club de Bilbao,Spain
Nicolás Otamendi,79,CB,,0,2,3,69,45,68,60,78,81,"184cm | 6'0""",0,-,-,FC Porto,Argentina
André Schürrle,79,LW,,0,4,4,88,80,73,82,56,69,"184cm | 6'0""",0,-,-,Bayer 04 Leverkusen,Germany
Dejan Lovren,79,CB,,0,2,3,62,42,65,32,79,81,"188cm | 6'2""",0,-,-,Olympique Lyonnais,Croatia
James Rodríguez,79,LW,,0,4,3,76,75,75,82,55,64,"180cm | 5'11""",0,-,-,FC Porto,Colombia
Josip Ilicic,79,CAM,,0,4,2,71,81,80,81,64,49,"190cm | 6'3""",0,-,-,Palermo,Slovenia
David Beckham,78,CM,,0,2,2,64,76,87,72,68,53,"183cm | 6'0""",0,-,-,Los Angeles Galaxy,England
Frédéric Kanouté,78,ST,,0,3,4,55,73,68,80,70,72,"192cm | 6'4""",0,-,-,Sevilla Fútbol Club S.A.D.,Mali
Paolo Cannavaro,78,CB,,0,2,3,58,54,67,59,78,83,"185cm | 6'1""",0,-,-,Napoli,Italy
Richard Dunne,78,CB,,0,2,1,54,40,38,33,81,78,"188cm | 6'2""",0,-,-,Aston Villa,Republic of Ireland
Gennaro Gattuso,78,CDM,,0,2,3,59,52,68,61,81,60,"177cm | 5'10""",0,-,-,Milan,Italy
Alessandro Gamberini,78,CB,,0,2,3,79,50,54,54,78,77,"185cm | 6'1""",0,-,-,Fiorentina,Italy
Adama Coulibaly,78,CB,,0,2,3,49,42,59,55,81,81,"186cm | 6'1""",0,-,-,AJ Auxerre,Mali
Joris Mathijsen,78,CB,,0,2,3,55,42,68,51,78,75,"182cm | 6'0""",0,-,-,Málaga Club de Fútbol S.A.D.,Netherlands
Jussi Jääskeläinen,78,GK,,0,1,2,82,79,78,80,50,80,"191cm | 6'3""",0,-,-,Bolton Wanderers,Finland
Claudemir Jeronimo Barreto,78,ST,,0,3,3,79,77,62,80,54,77,"179cm | 5'10""",0,-,-,VfB Stuttgart,Germany
Rob Green,78,GK,,0,1,3,81,73,78,84,50,74,"188cm | 6'2""",0,-,-,West Ham United,England
Arne Friedrich,78,CB,,0,2,3,71,47,64,60,77,80,"185cm | 6'1""",0,-,-,VfL Wolfsburg,Germany
Simone Pepe,78,RM,,0,3,4,84,75,76,76,66,64,"178cm | 5'10""",0,-,-,Juventus,Italy
Artur Boruc,78,GK,,0,1,3,77,77,69,79,41,77,"193cm | 6'4""",0,-,-,Fiorentina,Poland
Cesare Bovo,78,CB,,0,2,3,65,61,64,54,78,77,"181cm | 5'11""",0,-,-,Genoa,Italy
Iván Córdoba,78,CB,,0,2,3,81,48,58,40,76,80,"173cm | 5'8""",0,-,-,Inter,Colombia
Pedro Miguel da Silva Mendes,78,CDM,,0,3,3,67,77,79,74,74,69,"177cm | 5'10""",0,-,-,Vitória de Guimarães,Portugal
Reto Ziegler,78,LB,,0,2,3,76,70,76,75,73,69,"183cm | 6'0""",0,-,-,Juventus,Switzerland
Hélder Manuel Marques Postiga,78,ST,,0,4,3,72,76,65,79,52,77,"182cm | 6'0""",0,-,-,Real Zaragoza S.A.D.,Portugal
Maximiliano Rodríguez,78,RW,,0,4,3,70,76,76,80,60,63,"180cm | 5'11""",0,-,-,Liverpool,Argentina
Andreas Isaksson,78,GK,,0,1,3,81,71,68,80,36,78,"199cm | 6'6""",0,-,-,PSV,Sweden
Carlos Jorge Neto Martins,78,CAM,,0,2,4,70,82,79,76,62,60,"174cm | 5'9""",0,-,-,Granada Club de Fútbol,Portugal
Rogério Mücke Ceni,78,GK,,0,1,2,81,73,94,74,49,85,"188cm | 6'2""",0,-,-,São Paulo,Brazil
Mauricio Pinilla,78,ST,,0,3,3,77,73,67,74,59,81,"185cm | 6'1""",0,-,-,Palermo,Chile
Diego Benaglio,78,GK,,0,1,3,81,73,71,80,58,77,"194cm | 6'4""",0,-,-,VfL Wolfsburg,Switzerland
Sulley Muntari,78,CM,,0,3,3,73,70,78,72,78,79,"179cm | 5'10""",0,-,-,Inter,Ghana
Mehmet Topal,78,CDM,,0,2,3,61,69,67,67,82,73,"186cm | 6'1""",0,-,-,Valencia Club de Fútbol S.A.D.,Turkey
Lorik Cana,78,CDM,,0,2,3,70,59,72,66,81,68,"186cm | 6'1""",0,-,-,Lazio,Albania
Aliaksandr Hleb,78,RM,,0,4,4,70,67,78,82,49,51,"185cm | 6'1""",0,-,-,VfL Wolfsburg,Belarus
Artur Guilherme Moraes Gusmão,78,GK,,0,1,3,77,79,70,80,50,79,"192cm | 6'4""",0,-,-,Sport Lisboa Benfica,Brazil
Morten Gamst Pedersen,78,LM,,0,4,5,70,79,79,77,66,72,"183cm | 6'0""",0,-,-,Blackburn Rovers,Norway
Marco Amelia,78,GK,,0,1,2,77,76,72,81,50,78,"190cm | 6'3""",0,-,-,Milan,Italy
Alessandro Rosina,78,CAM,,0,4,3,80,74,75,81,50,57,"168cm | 5'6""",0,-,-,Zenit St. Petersburg,Italy
Goran Pandev,78,CF,,0,4,4,73,76,70,80,58,69,"184cm | 6'0""",0,-,-,Napoli,FYR Macedonia
Peter Odemwingie,78,ST,,0,3,3,82,76,65,76,55,74,"182cm | 6'0""",0,-,-,West Bromwich Albion,Nigeria
Michel Vorm,78,GK,,0,1,3,77,78,70,79,62,80,"183cm | 6'0""",0,-,-,Swansea City,Netherlands
Robert Huth,78,CB,,0,2,3,64,48,55,36,82,81,"191cm | 6'3""",0,-,-,Stoke City,Germany
Mounir El Hamdaoui,78,ST,,0,4,2,70,80,63,79,55,56,"183cm | 6'0""",0,-,-,Ajax,Morocco
Jean-Pascal Mignot,78,CB,,0,2,3,58,46,74,49,76,75,"183cm | 6'0""",0,-,-,A.S. Saint-Etienne,France
Maxi López,78,ST,,0,3,4,71,77,64,74,62,66,"188cm | 6'2""",0,-,-,Catania,Argentina
Nicolás Burdisso,78,CB,,0,2,3,70,47,59,52,78,82,"182cm | 6'0""",0,-,-,Roma,Argentina
Daniel Díaz,78,CB,,0,2,3,50,52,58,45,82,80,"182cm | 6'0""",0,-,-,Getafe Club de Fútbol S.A.D.,Argentina
César Delgado,78,CAM,,0,3,4,84,72,75,82,55,65,"175cm | 5'9""",0,-,-,Monterrey,Argentina
Emir Spahić,78,CB,,0,2,4,55,44,59,47,80,81,"183cm | 6'0""",0,-,-,Sevilla Fútbol Club S.A.D.,Bosnia Herzegovina
Alejandro Gómez,78,RW,,0,4,5,83,72,72,85,57,63,"164cm | 5'5""",0,-,-,Catania,Argentina
Xabier Prieto Argarate,78,RM,,0,3,3,67,71,82,81,52,57,"185cm | 6'1""",0,-,-,Real Sociedad de Fútbol S.A.D.,Spain
Andrey Dikan,78,GK,,0,1,3,81,72,78,83,45,81,"192cm | 6'4""",0,-,-,Spartak Moskva,Ukraine
Manu Del Moral,78,CF,,0,3,4,83,78,63,79,47,67,"185cm | 6'1""",0,-,-,Sevilla Fútbol Club S.A.D.,Spain
Gabriel Fernández Arenas,78,CM,,0,2,3,70,76,76,74,71,63,"179cm | 5'10""",0,-,-,Club Atlético de Madrid S.A.D.,Spain
Joan Verdú González,78,CAM,,0,3,3,66,71,79,78,56,56,"176cm | 5'9""",0,-,-,R.C.D. Espanyol de Barcelona S.A.D.,Spain
Roman Pavlyuchenko,78,ST,,0,3,4,70,78,68,71,55,77,"188cm | 6'2""",0,-,-,Tottenham Hotspur,Russia
Igor Semshov,78,CM,,0,3,4,75,78,79,78,63,65,"170cm | 5'7""",0,-,-,Dinamo Moskva,Russia
Vladimir Bystrov,78,RM,,0,4,3,94,68,78,77,58,59,"177cm | 5'10""",0,-,-,Zenit St. Petersburg,Russia
João Pedro da Silva Pereira,78,RB,,0,2,3,85,68,76,80,70,66,"172cm | 5'8""",0,-,-,Sporting CP,Portugal
Kevin Doyle,78,ST,,0,3,3,76,74,60,73,58,79,"182cm | 6'0""",0,-,-,Wolverhampton Wanderers,Republic of Ireland
Per Ciljan Skjelbred,78,CAM,,0,3,4,77,69,73,81,66,67,"175cm | 5'9""",0,-,-,Hamburger SV,Norway
André-Pierre Gignac,78,ST,,0,3,2,76,79,73,71,58,76,"186cm | 6'1""",0,-,-,Olympique de Marseille,France
Chung-Yong Lee,78,RM,,0,4,3,83,68,72,83,57,68,"178cm | 5'10""",0,-,-,Bolton Wanderers,Korea Republic
Eremenko,78,CM,,0,3,3,76,69,78,80,67,58,"180cm | 5'11""",0,-,-,Rubin Kazan,Finland
Guillaume Hoarau,78,ST,,0,3,4,61,73,64,73,64,78,"192cm | 6'4""",0,-,-,Paris Saint-Germain,France
Benoit Assou-Ekotto,78,LB,,0,2,3,83,62,78,71,75,66,"180cm | 5'11""",0,-,-,Tottenham Hotspur,Cameroon
Jorge Valdivia,78,CAM,,0,5,3,70,69,76,86,56,59,"173cm | 5'8""",0,-,-,Palmeiras,Chile
Alex Sandro da Silva,78,CB,,0,2,2,56,54,57,50,80,73,"192cm | 6'4""",0,-,-,Flamengo,Brazil
Humberlito Borges Teixeira,78,ST,,0,3,3,71,74,61,75,55,84,"176cm | 5'9""",0,-,-,Santos,Brazil
Pablo Guiñazú,78,CDM,,0,3,4,67,59,73,71,77,73,"172cm | 5'8""",0,-,-,I. Porto Alegre,Argentina
Fernando Amorebieta,78,CB,,0,2,3,51,49,54,47,83,70,"192cm | 6'4""",0,-,-,Athletic Club de Bilbao,Spain
Ben Foster,78,GK,,0,1,2,81,78,74,83,50,76,"193cm | 6'4""",0,-,-,West Bromwich Albion,England
Adriano,78,LW,,0,4,5,80,69,77,80,70,71,"172cm | 5'8""",0,-,-,F.C. Barcelona,Brazil
Douglas dos Santos,78,CAM,,0,4,2,56,76,83,76,55,50,"175cm | 5'9""",0,-,-,Grêmio,Brazil
Josué Anunciato de Oliveira,78,CDM,,0,2,3,67,63,71,74,75,74,"169cm | 5'7""",0,-,-,VfL Wolfsburg,Brazil
Sebastian Larsson,78,RM,,0,3,3,71,78,79,77,66,66,"178cm | 5'10""",0,-,-,Sunderland,Sweden
Stuart Holden,78,CM,,0,3,4,75,72,80,78,68,62,"175cm | 5'9""",0,-,-,Bolton Wanderers,United States
Laurent Koscielny,78,CB,,0,2,4,71,41,65,53,76,83,"185cm | 6'1""",0,-,-,Arsenal,France
Fernando Gago,78,CDM,,0,2,4,67,59,76,71,75,59,"177cm | 5'10""",0,-,-,Roma,Argentina
Alan Kasaev,78,RM,,0,4,4,85,67,75,80,45,56,"174cm | 5'9""",0,-,-,Rubin Kazan,Russia
Patrick Helmes,78,ST,,0,3,4,79,78,57,72,52,70,"183cm | 6'0""",0,-,-,VfL Wolfsburg,Germany
Anderson Sebastião Cardoso,78,CB,,0,3,3,65,65,69,62,78,79,"180cm | 5'11""",0,-,-,Corinthians,Brazil
Gonzalo Castro,78,RM,,0,3,4,77,63,77,77,74,74,"171cm | 5'7""",0,-,-,Bayer 04 Leverkusen,Germany
Fabrice Muamba,78,CDM,,0,2,3,74,47,66,63,83,72,"188cm | 6'2""",0,-,-,Bolton Wanderers,England
Ignazio Abate,78,RB,,0,2,2,91,63,76,78,75,69,"180cm | 5'11""",0,-,-,Milan,Italy
Alberto Junior Rodríguez,78,CB,,0,2,4,71,37,50,56,80,82,"182cm | 6'0""",0,-,-,Sporting CP,Peru
Giovani dos Santos,78,RM,,0,4,3,84,72,68,85,45,53,"171cm | 5'7""",0,-,-,Tottenham Hotspur,Mexico
Ezequiel Garay,78,CB,,0,2,3,58,56,64,58,81,70,"188cm | 6'2""",0,-,-,Sport Lisboa Benfica,Argentina
Cristian Rodríguez,78,LW,,0,3,3,75,76,74,80,63,82,"178cm | 5'10""",0,-,-,FC Porto,Uruguay
Cheick Tioté,78,CM,,0,3,3,77,61,72,78,81,72,"180cm | 5'11""",0,-,-,Newcastle United,Ivory Coast
Pedro Tunon Geromel,78,CB,,0,2,3,72,38,63,68,79,77,"190cm | 6'3""",0,-,-,1. FC Köln,Brazil
Blaise Matuidi,78,CDM,,0,2,4,78,66,76,74,77,76,"175cm | 5'9""",0,-,-,Paris Saint-Germain,France
Diego Capel Trinidad,78,LW,,0,4,2,86,60,71,83,53,51,"173cm | 5'8""",0,-,-,Sporting CP,Spain
Davide Astori,78,CB,,0,2,3,70,38,59,42,81,80,"188cm | 6'2""",0,-,-,Cagliari,Italy
Humberto Suazo,78,ST,,0,3,4,79,79,68,79,54,63,"172cm | 5'8""",0,-,-,Monterrey,Chile
Milivoje Novakovič,78,ST,,0,3,4,76,74,60,72,54,73,"192cm | 6'4""",0,-,-,1. FC Köln,Slovenia
Lucas Leiva,78,CDM,,0,2,3,72,48,76,71,74,75,"179cm | 5'10""",0,-,-,Liverpool,Brazil
Mauricio Victorino,78,CB,,0,2,2,77,58,64,68,78,78,"182cm | 6'0""",0,-,-,Cruzeiro,Uruguay
Bojan,78,CF,,0,4,3,85,75,74,86,39,58,"170cm | 5'7""",0,-,-,Roma,Spain
Jonathan De Guzmán,78,CAM,,0,4,4,77,78,75,81,56,62,"173cm | 5'8""",0,-,-,Villarreal Club de Fútbol S.A.D.,Netherlands
Benoît Trémoulinas,78,LB,,0,3,3,85,62,81,74,70,65,"172cm | 5'8""",0,-,-,Girondins de Bordeaux,France
Granero,78,CM,,0,2,4,66,69,83,74,70,62,"179cm | 5'10""",0,-,-,Real Madrid Club de Fútbol,Spain
Milan Biševac,78,CB,,0,2,3,48,50,64,48,79,77,"185cm | 6'1""",0,-,-,Paris Saint-Germain,Serbia
Alessio Cerci,78,CF,,0,4,3,83,70,77,82,58,59,"180cm | 5'11""",0,-,-,Fiorentina,Italy
Jeremain Lens,78,RW,,0,4,4,88,75,63,82,52,64,"178cm | 5'10""",0,-,-,PSV,Netherlands
Adel Taarabt,78,CAM,,0,5,5,81,76,69,87,51,57,"180cm | 5'11""",0,-,-,Queens Park Rangers,Morocco
Federico Fazio,78,CB,,0,2,3,52,42,59,62,83,69,"195cm | 6'5""",0,-,-,Sevilla Fútbol Club S.A.D.,Argentina
Dame N'Doye,78,ST,,0,3,3,77,76,57,76,62,79,"186cm | 6'1""",0,-,-,FC København,Senegal
Mario Mandžukic,78,ST,,0,3,3,77,74,57,74,56,79,"186cm | 6'1""",0,-,-,VfL Wolfsburg,Croatia
Luiz Felipe Ventura dos Santos,78,GK,,0,1,2,84,72,62,81,60,75,"190cm | 6'3""",0,-,-,Flamengo,Brazil
Martín Cáceres,78,RB,,0,2,3,79,56,72,65,77,83,"182cm | 6'0""",0,-,-,Sevilla Fútbol Club S.A.D.,Uruguay
Walter Gargano,78,CDM,,0,2,3,81,62,72,74,72,63,"168cm | 5'6""",0,-,-,Napoli,Uruguay
Maximiliano Pereira,78,RB,,0,2,4,75,72,75,75,78,71,"173cm | 5'8""",0,-,-,Sport Lisboa Benfica,Uruguay
Modibo Maïga,78,ST,,0,3,4,82,73,56,76,53,77,"185cm | 6'1""",0,-,-,FC Sochaux-Montbéliard,Mali
Anthony Mounier,78,LW,,0,3,4,88,71,75,75,52,60,"174cm | 5'9""",0,-,-,OGC Nice,France
Pablo Piatti,78,LM,,0,4,3,90,70,68,84,35,73,"163cm | 5'4""",0,-,-,Valencia Club de Fútbol S.A.D.,Argentina
Jérôme Boateng,78,CB,,0,3,4,69,54,74,65,80,78,"191cm | 6'3""",0,-,-,Bayern München,Germany
Gregory van der Wiel,78,RB,,0,3,3,85,62,70,74,74,73,"181cm | 5'11""",0,-,-,Ajax,Netherlands
Nolan Roux,78,ST,,0,2,3,82,78,64,70,54,70,"182cm | 6'0""",0,-,-,Stade Brestois 29,France
Mohammed Abdellaoue,78,ST,,0,3,3,76,76,60,76,58,73,"182cm | 6'0""",0,-,-,Hannover 96,Norway
Leonardo Bonucci,78,CB,,0,2,3,71,55,62,60,80,84,"190cm | 6'3""",0,-,-,Juventus,Italy
José Callejón,78,CF,,0,2,2,91,74,61,79,45,64,"178cm | 5'10""",0,-,-,Real Madrid Club de Fútbol,Spain
Mikel San José,78,CB,,0,2,3,59,38,64,56,78,74,"183cm | 6'0""",0,-,-,Athletic Club de Bilbao,Spain
Ron-Robert Zieler,78,GK,,0,1,2,78,78,73,79,52,77,"188cm | 6'2""",0,-,-,Hannover 96,Germany
Victor Leandro Bagy,78,GK,,0,1,3,79,83,75,74,50,77,"193cm | 6'4""",0,-,-,Grêmio,Brazil
Christian Noboa,78,CM,,0,3,3,73,70,80,77,72,72,"183cm | 6'0""",0,-,-,Rubin Kazan,Ecuador
Réver Humberto Alves Araújo,78,CB,,0,2,3,72,57,56,58,81,74,"192cm | 6'4""",0,-,-,Atlético Mineiro,Brazil
Abel Hernández,78,ST,,0,3,4,90,71,52,76,53,69,"185cm | 6'1""",0,-,-,Palermo,Uruguay
Alberto Costa,78,CM,,0,2,3,67,81,78,79,68,59,"176cm | 5'9""",0,-,-,Valencia Club de Fútbol S.A.D.,Argentina
Parejo,78,CM,,0,3,4,67,69,80,75,67,62,"180cm | 5'11""",0,-,-,Valencia Club de Fútbol S.A.D.,Spain
Muniain,78,LW,,0,4,4,84,70,67,84,50,57,"169cm | 5'7""",0,-,-,Athletic Club de Bilbao,Spain
Álvaro Domínguez Soto,78,CB,,0,2,3,58,36,62,53,80,78,"189cm | 6'2""",0,-,-,Club Atlético de Madrid S.A.D.,Spain
Sandro,78,CDM,,0,3,3,74,66,74,72,79,66,"187cm | 6'2""",0,-,-,Tottenham Hotspur,Brazil
Juraj Kucka,78,CM,,0,2,3,72,74,77,76,80,77,"186cm | 6'1""",0,-,-,Genoa,Slovakia
Javi Márquez,78,CM,,0,3,2,67,74,78,75,67,57,"174cm | 5'9""",0,-,-,R.C.D. Espanyol de Barcelona S.A.D.,Spain
Romelu Lukaku,78,ST,,0,3,4,86,75,64,70,60,74,"191cm | 6'3""",0,-,-,Chelsea,Belgium
Anderson Vital da Silva,78,CB,,0,2,2,81,51,65,61,81,82,"192cm | 6'4""",0,-,-,Vasco da Gama,Brazil
Maxime Gonalons,78,CDM,,0,3,2,72,69,76,73,80,79,"187cm | 6'2""",0,-,-,Olympique Lyonnais,France
Gary Medel,78,CDM,,0,3,4,78,61,69,64,81,76,"172cm | 5'8""",0,-,-,Sevilla Fútbol Club S.A.D.,Chile
Younès Belhanda,78,CM,,0,4,4,76,75,76,81,70,69,"174cm | 5'9""",0,-,-,Montpellier Hérault Sport Club,Morocco
Kara Mbodji,78,CDM,,0,2,3,75,55,74,60,82,78,"192cm | 6'4""",0,-,-,Tromsø IL,Senegal
Nacer Chadli,78,CAM,,0,3,2,75,77,71,79,63,61,"187cm | 6'2""",0,-,-,FC Twente,Belgium
Gastón Ramírez,78,CF,,0,3,3,83,73,71,79,57,61,"183cm | 6'0""",0,-,-,Bologna,Uruguay
Ricardo Álvarez,78,CAM,,0,3,4,77,75,76,82,63,65,"188cm | 6'2""",0,-,-,Inter,Argentina
Robbie Keane,77,CF,,0,3,3,68,78,62,77,51,63,"175cm | 5'9""",0,-,-,Los Angeles Galaxy,Republic of Ireland
Ryan Nelsen,77,CB,,0,2,3,46,37,48,40,80,85,"183cm | 6'0""",0,-,-,Blackburn Rovers,New Zealand
Stiliyan Petrov,77,CM,,0,3,4,51,69,75,71,73,70,"180cm | 5'11""",0,-,-,Aston Villa,Bulgaria
José Carlos Araújo Nunes,77,CB,,0,2,3,52,49,55,51,78,75,"185cm | 6'1""",0,-,-,Real Club Deportivo Mallorca S.A.D.,Portugal
Luis César Sánchez Domínguez,77,GK,,0,1,3,77,76,75,74,53,87,"185cm | 6'1""",0,-,-,Villarreal Club de Fútbol S.A.D.,Spain
Torsten Frings,77,CDM,,0,3,4,36,70,77,64,78,67,"182cm | 6'0""",0,-,-,Toronto FC,Germany
Sebastian Kehl,77,CDM,,0,2,3,62,64,73,61,79,76,"188cm | 6'2""",0,-,-,Borussia Dortmund,Germany
Kakhaber Kaladze,77,CB,,0,2,3,52,44,62,50,78,72,"186cm | 6'1""",0,-,-,Genoa,Georgia
Hans-Jörg Butt,77,GK,,0,1,3,73,80,81,75,39,82,"191cm | 6'3""",0,-,-,Bayern München,Germany
Gabriel Heinze,77,CB,,0,2,3,65,50,65,62,77,73,"178cm | 5'10""",0,-,-,Roma,Argentina
Andrés Palop Cervera,77,GK,,0,1,3,78,79,79,71,54,81,"184cm | 6'0""",0,-,-,Sevilla Fútbol Club S.A.D.,Spain
Kevin Davies,77,ST,,0,3,3,55,73,59,72,70,89,"183cm | 6'0""",0,-,-,Bolton Wanderers,England
John Arne Riise,77,LB,,0,2,2,71,77,77,70,76,69,"185cm | 6'1""",0,-,-,Fulham,Norway
Jean-François Gillet,77,GK,,0,1,3,75,73,74,80,60,76,"181cm | 5'11""",0,-,-,Bologna,Belgium
Zoran Tošić,77,LM,,0,4,3,91,75,72,85,40,57,"171cm | 5'7""",0,-,-,CSKA Moskva,Serbia
Adriano Leite Ribeiro,77,ST,,0,3,2,62,80,52,71,59,67,"190cm | 6'3""",0,-,-,Corinthians,Brazil
Grégory Pujol,77,ST,,0,3,3,62,76,70,74,63,81,"183cm | 6'0""",0,-,-,Valenciennes FC,France
Daniel Van Buyten,77,CB,,0,2,2,29,57,59,34,82,67,"196cm | 6'5""",0,-,-,Bayern München,Belgium
Nuno Assis Lopes da Almeida,77,CAM,,0,3,4,76,71,76,79,56,63,"168cm | 5'6""",0,-,-,Vitória de Guimarães,Portugal
Dudu Aouate,77,GK,,0,1,3,81,72,76,85,55,75,"188cm | 6'2""",0,-,-,Real Club Deportivo Mallorca S.A.D.,Israel
Ricardo Costa,77,CB,,0,2,3,63,39,49,51,79,84,"183cm | 6'0""",0,-,-,Valencia Club de Fútbol S.A.D.,Portugal
Danny Murphy,77,CM,,0,3,3,45,74,82,68,71,65,"175cm | 5'9""",0,-,-,Fulham,England
Alexander Frei,77,ST,,0,3,4,66,78,60,72,58,71,"180cm | 5'11""",0,-,-,FC Basel 1893,Switzerland
David Albelda Aliqués,77,CDM,,0,2,3,49,64,70,63,79,62,"181cm | 5'11""",0,-,-,Valencia Club de Fútbol S.A.D.,Spain
Sergey Ignashevich,77,CB,,0,2,3,64,64,66,59,77,82,"186cm | 6'1""",0,-,-,CSKA Moskva,Russia
Jermaine Jones,77,CDM,,0,2,4,77,69,70,72,79,74,"184cm | 6'0""",0,-,-,FC Schalke 04,United States
David Pizarro,77,CM,,0,2,3,66,70,81,77,62,52,"170cm | 5'7""",0,-,-,Roma,Chile
Vincenzo Iaquinta,77,ST,,0,2,2,82,73,61,69,65,81,"191cm | 6'3""",0,-,-,Juventus,Italy
Mario Yepes,77,CB,,0,2,3,48,43,52,38,79,79,"186cm | 6'1""",0,-,-,Milan,Colombia
Sylvain Distin,77,CB,,0,2,3,61,36,56,55,80,75,"192cm | 6'4""",0,-,-,Everton,France
Christoph Metzelder,77,CB,,0,2,3,48,35,66,52,79,72,"194cm | 6'4""",0,-,-,FC Schalke 04,Germany
Michael Rensing,77,GK,,0,1,3,80,70,68,85,63,73,"190cm | 6'3""",0,-,-,1. FC Köln,Germany
Jermaine Pennant,77,RM,,0,3,3,90,64,75,82,53,57,"175cm | 5'9""",0,-,-,Stoke City,England
Mario Santana,77,RM,,0,4,4,78,72,71,83,61,60,"178cm | 5'10""",0,-,-,Napoli,Argentina
Antonio Floro Flores,77,ST,,0,2,3,79,74,66,76,58,78,"181cm | 5'11""",0,-,-,Udinese,Italy
Jan Schlaudraff,77,CAM,,0,4,4,82,72,71,83,45,57,"180cm | 5'11""",0,-,-,Hannover 96,Germany
Sidney Govou,77,RM,,0,4,3,77,77,74,75,53,69,"177cm | 5'10""",0,-,-,Evian Thonon Gaillard FC,France
Julien Escudé,77,CB,,0,2,4,51,47,58,60,77,72,"183cm | 6'0""",0,-,-,Sevilla Fútbol Club S.A.D.,France
Jimmy Briand,77,RW,,0,3,3,91,76,67,76,62,76,"181cm | 5'11""",0,-,-,Olympique Lyonnais,France
Marc Planus,77,CB,,0,2,3,65,51,62,49,77,80,"180cm | 5'11""",0,-,-,Girondins de Bordeaux,France
Paul Scharner,77,CDM,,0,2,3,55,60,66,59,78,81,"191cm | 6'3""",0,-,-,West Bromwich Albion,Austria
Dagoberto Pelentier,77,CF,,0,4,3,82,76,70,84,56,61,"175cm | 5'9""",0,-,-,São Paulo,Brazil
Alexis,77,CB,,0,2,4,65,39,60,51,77,79,"183cm | 6'0""",0,-,-,Sevilla Fútbol Club S.A.D.,Spain
Houssine Kharja,77,CAM,,0,3,3,77,71,79,78,64,62,"180cm | 5'11""",0,-,-,Fiorentina,Morocco
Daniel Aranzubia Aguado,77,GK,,0,1,3,78,69,78,82,62,80,"184cm | 6'0""",0,-,-,Real Club Deportivo de La Coruña S.A.D.,Spain
Giulio Migliaccio,77,CDM,,0,2,3,65,61,74,66,77,84,"178cm | 5'10""",0,-,-,Palermo,Italy
Obafemi Martins,77,ST,,0,3,5,92,73,58,75,50,78,"170cm | 5'7""",0,-,-,Rubin Kazan,Nigeria
Ludovic Obraniak,77,RW,,0,4,4,78,77,79,77,61,56,"174cm | 5'9""",0,-,-,LOSC Lille Métropole,Poland
Stefano Sorrentino,77,GK,,0,1,3,76,75,70,81,57,80,"186cm | 6'1""",0,-,-,Chievo Verona,Italy
Kieran Richardson,77,LB,,0,3,3,85,73,73,78,69,51,"175cm | 5'9""",0,-,-,Sunderland,England
Nigel Reo-Coker,77,CDM,,0,2,2,77,59,65,75,80,66,"175cm | 5'9""",0,-,-,Bolton Wanderers,England
Sebastián Abreu,77,ST,,0,3,3,61,75,68,67,60,78,"193cm | 6'4""",0,-,-,Botafogo,Uruguay
Cristian Zaccardo,77,RB,,0,2,4,74,61,71,67,76,76,"182cm | 6'0""",0,-,-,Parma,Italy
Andrea Dossena,77,LM,,0,2,2,76,70,77,74,71,68,"180cm | 5'11""",0,-,-,Napoli,Italy
Vincent Enyeama,77,GK,,0,1,3,78,77,75,84,57,75,"180cm | 5'11""",0,-,-,LOSC Lille Métropole,Nigeria
Gonzalo Rodríguez,77,CB,,0,2,3,62,48,61,46,78,78,"182cm | 6'0""",0,-,-,Villarreal Club de Fútbol S.A.D.,Argentina
Gökdeniz Karadeniz,77,RM,,0,3,4,84,70,72,82,52,57,"168cm | 5'6""",0,-,-,Rubin Kazan,Turkey
Milan Jovanović,77,LW,,0,3,3,81,74,69,80,58,66,"183cm | 6'0""",0,-,-,RSC Anderlecht,Serbia
Iván Ramis,77,CB,,0,2,3,58,61,64,56,78,76,"182cm | 6'0""",0,-,-,Real Club Deportivo Mallorca S.A.D.,Spain
Dmitriy Loskov,77,CAM,,0,3,4,60,72,80,73,58,60,"178cm | 5'10""",0,-,-,Lokomotiv Moskva,Russia
Vladimir Gabulov,77,GK,,0,1,2,76,77,78,81,59,76,"190cm | 6'3""",0,-,-,CSKA Moskva,Russia
Giuseppe Mascara,77,CF,,0,4,4,73,78,76,80,58,69,"175cm | 5'9""",0,-,-,Napoli,Italy
Francelino Da Silva,77,CM,,0,2,4,67,69,80,76,70,62,"175cm | 5'9""",0,-,-,Lazio,Brazil
Amauri Carvalho De Oliv.,77,ST,,0,4,4,57,72,62,74,65,87,"186cm | 6'1""",0,-,-,Juventus,Italy
Theofanis Gekas,77,ST,,0,2,3,81,73,56,74,51,70,"179cm | 5'10""",0,-,-,Eintracht Frankfurt,Greece
Jaroslav Drobný,77,GK,,0,1,2,76,76,67,81,41,78,"192cm | 6'4""",0,-,-,Hamburger SV,Czech Republic
Tamás Hajnal,77,CAM,,0,3,4,65,75,75,76,49,55,"168cm | 5'6""",0,-,-,VfB Stuttgart,Hungary
Diego de Souza Andrade,77,CAM,,0,5,3,58,77,75,80,69,73,"186cm | 6'1""",0,-,-,Vasco da Gama,Brazil
Mark Noble,77,CM,,0,3,3,62,69,76,70,68,59,"180cm | 5'11""",0,-,-,West Ham United,England
Ryan Babel,77,LW,,0,4,3,84,72,68,82,52,68,"185cm | 6'1""",0,-,-,TSG 1899 Hoffenheim,Netherlands
Scott Dann,77,CB,,0,2,3,71,43,57,59,78,81,"188cm | 6'2""",0,-,-,Blackburn Rovers,England
Dante,77,CB,,0,3,3,66,64,74,66,81,73,"188cm | 6'2""",0,-,-,Borussia M'gladbach,Brazil
Mathieu Debuchy,77,RB,,0,3,3,78,60,78,70,74,73,"178cm | 5'10""",0,-,-,LOSC Lille Métropole,France
Leon Osman,77,CAM,,0,3,3,70,73,72,81,58,68,"173cm | 5'8""",0,-,-,Everton,England
Matías Silvestre,77,CB,,0,3,3,65,49,53,53,78,80,"184cm | 6'0""",0,-,-,Palermo,Argentina
Jonathan Pitroipa,77,RW,,0,4,2,94,61,70,77,36,57,"176cm | 5'9""",0,-,-,Stade Rennais FC,Burkina Faso
Jurado,77,CAM,,0,4,4,75,71,78,82,46,54,"176cm | 5'9""",0,-,-,FC Schalke 04,Spain
Marcos Arouca da Silva,77,CM,,0,3,3,76,66,74,78,77,70,"171cm | 5'7""",0,-,-,Santos,Brazil
Valon Behrami,77,RM,,0,3,4,77,70,73,77,72,68,"185cm | 6'1""",0,-,-,Fiorentina,Switzerland
Johan Djourou,77,CB,,0,3,3,76,39,62,61,78,80,"192cm | 6'4""",0,-,-,Arsenal,Switzerland
Abou Diaby,77,CM,,0,2,3,78,74,72,84,77,73,"188cm | 6'2""",0,-,-,Arsenal,France
Fernando Büttenbender Prass,77,GK,,0,1,3,79,73,69,83,55,73,"191cm | 6'3""",0,-,-,Vasco da Gama,Brazil
Chinedu Obasi,77,ST,,0,4,3,90,72,61,85,52,67,"188cm | 6'2""",0,-,-,TSG 1899 Hoffenheim,Nigeria
Lukasz Fabianski,77,GK,,0,1,2,79,70,75,85,50,76,"190cm | 6'3""",0,-,-,Arsenal,Poland
Charles N'Zogbia,77,RM,,0,4,3,90,71,71,84,65,60,"171cm | 5'7""",0,-,-,Aston Villa,France
Jakub Blaszczykowski,77,RM,,0,3,3,91,66,70,80,58,56,"175cm | 5'9""",0,-,-,Borussia Dortmund,Poland
Chu Young Park,77,ST,,0,3,4,87,73,66,77,55,74,"182cm | 6'0""",0,-,-,Arsenal,Korea Republic
Michal Kadlec,77,LB,,0,3,2,72,67,75,74,76,74,"185cm | 6'1""",0,-,-,Bayer 04 Leverkusen,Czech Republic
Simon Vukčević,77,RW,,0,4,3,76,79,75,78,59,76,"180cm | 5'11""",0,-,-,Blackburn Rovers,Montenegro
Anderson Luis de Abreu Oliveira,77,CM,,0,3,2,82,56,78,83,72,71,"176cm | 5'9""",0,-,-,Manchester United,Brazil
Salvatore Bocchetti,77,CB,,0,2,2,76,51,62,50,77,77,"186cm | 6'1""",0,-,-,Rubin Kazan,Italy
Zdravko Kuzmanovic,77,CM,,0,3,3,73,76,76,68,76,64,"185cm | 6'1""",0,-,-,VfB Stuttgart,Serbia
Sergio Floccari,77,ST,,0,3,3,76,73,64,81,57,77,"180cm | 5'11""",0,-,-,Parma,Italy
Ryan Shawcross,77,CB,,0,2,3,67,39,49,46,81,80,"191cm | 6'3""",0,-,-,Stoke City,England
Stephen Ireland,77,CAM,,0,3,4,75,73,72,76,59,54,"173cm | 5'8""",0,-,-,Aston Villa,Republic of Ireland
Diego Buonanotte,77,CAM,,0,4,3,79,69,72,82,36,47,"161cm | 5'3""",0,-,-,Málaga Club de Fútbol S.A.D.,Argentina
Mario Suárez,77,CDM,,0,3,3,59,67,74,72,77,62,"189cm | 6'2""",0,-,-,Club Atlético de Madrid S.A.D.,Spain
Nicolás Spolli,77,CB,,0,2,3,63,46,44,44,80,76,"192cm | 6'4""",0,-,-,Catania,Argentina
Andrés Guardado,77,LW,,0,3,2,86,70,68,77,55,56,"169cm | 5'7""",0,-,-,Real Club Deportivo de La Coruña S.A.D.,Mexico
Miguel Ángel De las Cuevas B.,77,CAM,,0,3,4,72,73,73,80,52,47,"175cm | 5'9""",0,-,-,Real Sporting de Gijón S.A.D.,Spain
Sergio Romero,77,GK,,0,1,3,79,72,84,81,51,70,"192cm | 6'4""",0,-,-,Sampdoria,Argentina
Mariano Andújar,77,GK,,0,1,3,75,76,60,76,51,80,"194cm | 6'4""",0,-,-,Catania,Argentina
Claudio Bravo,77,GK,,0,1,2,80,71,84,82,58,74,"184cm | 6'0""",0,-,-,Real Sociedad de Fútbol S.A.D.,Chile
Felipe Caicedo,77,ST,,0,3,3,74,76,58,71,67,74,"185cm | 6'1""",0,-,-,Lokomotiv Moskva,Ecuador
Pedro León,77,RM,,0,4,3,68,74,84,76,53,51,"183cm | 6'0""",0,-,-,Getafe Club de Fútbol S.A.D.,Spain
David Ferreira,77,CAM,,0,3,4,71,73,73,76,65,62,"166cm | 5'5""",0,-,-,FC Dallas,Colombia
Mevlüt Erdinç,77,ST,,0,3,3,79,73,68,74,62,78,"181cm | 5'11""",0,-,-,Paris Saint-Germain,Turkey
Juan Camilo Zúñiga,77,RM,,0,3,2,85,67,72,81,68,59,"172cm | 5'8""",0,-,-,Napoli,Colombia
David Ospina,77,GK,,0,1,3,81,79,77,82,56,75,"183cm | 6'0""",0,-,-,OGC Nice,Colombia
Pablo Armero,77,LWB,,0,2,2,85,67,72,71,74,65,"174cm | 5'9""",0,-,-,Udinese,Colombia
Jonas,77,CF,,0,3,4,72,77,62,81,51,63,"181cm | 5'11""",0,-,-,Valencia Club de Fútbol S.A.D.,Brazil
Ola Toivonen,77,CAM,,0,3,4,72,76,68,76,62,75,"191cm | 6'3""",0,-,-,PSV,Sweden
Mossoró,77,CAM,,0,3,3,87,73,72,82,47,65,"170cm | 5'7""",0,-,-,SC Braga,Brazil
Dieumerci Mbokani,77,ST,,0,3,3,85,69,63,79,61,81,"184cm | 6'0""",0,-,-,RSC Anderlecht,DR Congo
Ivo Iličević,77,LM,,0,3,5,80,76,74,82,49,62,"174cm | 5'9""",0,-,-,Hamburger SV,Croatia
Lars Bender,77,CDM,,0,2,3,67,62,73,68,76,74,"184cm | 6'0""",0,-,-,Bayer 04 Leverkusen,Germany
Nacho Monreal,77,LB,,0,3,4,83,61,76,72,73,70,"178cm | 5'10""",0,-,-,Málaga Club de Fútbol S.A.D.,Spain
Sidney Sam,77,RM,,0,4,3,90,76,71,82,54,68,"174cm | 5'9""",0,-,-,Bayer 04 Leverkusen,Germany
Cristian Zapata,77,CB,,0,2,3,67,46,52,47,80,78,"187cm | 6'2""",0,-,-,Villarreal Club de Fútbol S.A.D.,Colombia
Etienne Capoue,77,CDM,,0,2,3,69,52,74,68,77,70,"189cm | 6'2""",0,-,-,Toulouse FC,France
Rafael Wihby Bracali,77,GK,,0,1,3,76,78,74,78,63,77,"184cm | 6'0""",0,-,-,FC Porto,Brazil
Jorge Fucile,77,RB,,0,2,4,74,46,73,77,75,69,"178cm | 5'10""",0,-,-,FC Porto,Uruguay
Miralem Sulejmani,77,RW,,0,3,2,89,75,59,80,51,59,"176cm | 5'9""",0,-,-,Ajax,Serbia
Guilherme Alvim Marinato,77,GK,,0,1,3,83,69,74,79,68,76,"197cm | 6'6""",0,-,-,Lokomotiv Moskva,Brazil
Aly Cissokho,77,LB,,0,2,2,86,58,71,68,78,74,"181cm | 5'11""",0,-,-,Olympique Lyonnais,France
Ivan Perišic,77,LM,,0,3,5,78,76,76,76,65,80,"187cm | 6'2""",0,-,-,Borussia Dortmund,Croatia
Mapou Yanga-M'Biwa,77,CB,,0,2,2,66,39,64,48,81,80,"184cm | 6'0""",0,-,-,Montpellier Hérault Sport Club,France
Fabiano Santacroce,77,CB,,0,2,2,79,31,50,50,75,75,"181cm | 5'11""",0,-,-,Parma,Italy
Luís Aguiar,77,CAM,,0,3,5,68,73,78,75,64,65,"182cm | 6'0""",0,-,-,Sporting CP,Uruguay
Moussa Sissoko,77,CM,,0,2,2,86,75,73,75,83,74,"187cm | 6'2""",0,-,-,Toulouse FC,France
Isaac Vorsah,77,CB,,0,2,3,74,41,67,52,81,76,"192cm | 6'4""",0,-,-,TSG 1899 Hoffenheim,Ghana
Jordan Henderson,77,RM,,0,3,3,77,70,77,78,67,72,"182cm | 6'0""",0,-,-,Liverpool,England
Maximiliano Moralez,77,CAM,,0,4,4,77,69,75,82,38,48,"160cm | 5'3""",0,-,-,A. Bergamo,Argentina
Mateo Musacchio,77,CB,,0,2,3,63,38,63,49,76,77,"180cm | 5'11""",0,-,-,Villarreal Club de Fútbol S.A.D.,Argentina
Aaron Ramsey,77,CAM,,0,3,4,75,70,80,77,66,60,"182cm | 6'0""",0,-,-,Arsenal,Wales
Wesley Lopes Beltrame,77,CM,,0,3,4,79,73,75,79,67,62,"179cm | 5'10""",0,-,-,Werder Bremen,Brazil
Christian Träsch,77,RB,,0,2,4,73,65,76,68,77,69,"180cm | 5'11""",0,-,-,VfL Wolfsburg,Germany
Ilkay Gündogan,77,CM,,0,4,4,77,73,75,79,68,63,"180cm | 5'11""",0,-,-,Borussia Dortmund,Germany
Henrique Adriano Buss,77,CB,,0,2,2,60,47,54,60,76,76,"185cm | 6'1""",0,-,-,Palmeiras,Brazil
Elias Mendes Trindade,77,CM,,0,3,3,82,73,68,74,71,75,"173cm | 5'8""",0,-,-,Sporting CP,Brazil
Oscar,77,CAM,,0,4,3,80,66,68,85,43,56,"179cm | 5'10""",0,-,-,I. Porto Alegre,Brazil
Robert Lewandowski,77,ST,,0,3,4,80,73,57,76,56,79,"184cm | 6'0""",0,-,-,Borussia Dortmund,Poland
Franck Tabanou,77,LM,,0,4,2,76,75,76,80,67,50,"178cm | 5'10""",0,-,-,Toulouse FC,France
Marcel Schmelzer,77,LB,,0,2,2,77,60,73,69,74,71,"181cm | 5'11""",0,-,-,Borussia Dortmund,Germany
Miguel Angel Britos,77,CB,,0,2,3,65,46,62,50,78,79,"188cm | 6'2""",0,-,-,Napoli,Uruguay
Daniel Carriço,77,CB,,0,2,3,71,55,66,63,75,80,"182cm | 6'0""",0,-,-,Sporting CP,Portugal
Salomón Rondón,77,ST,,0,3,4,73,73,48,70,60,75,"186cm | 6'1""",0,-,-,Málaga Club de Fútbol S.A.D.,Venezuela
Jordi Alba,77,LB,,0,3,3,90,66,72,80,66,67,"170cm | 5'7""",0,-,-,Valencia Club de Fútbol S.A.D.,Spain
Chris Smalling,77,CB,,0,2,3,70,24,50,52,79,73,"192cm | 6'4""",0,-,-,Manchester United,England
Canales,77,CAM,,0,4,4,70,70,72,84,46,43,"176cm | 5'9""",0,-,-,Valencia Club de Fútbol S.A.D.,Spain
Willians Domingos Fernandes,77,CDM,,0,2,3,84,65,61,73,82,71,"175cm | 5'9""",0,-,-,Flamengo,Brazil
Rúben Micael,77,CM,,0,3,3,66,76,80,76,63,64,"176cm | 5'9""",0,-,-,Real Zaragoza S.A.D.,Portugal
Eduardo Salvio,77,RW,,0,4,3,87,69,71,83,55,65,"173cm | 5'8""",0,-,-,Club Atlético de Madrid S.A.D.,Argentina
Botía,77,CB,,0,2,4,62,52,64,56,78,78,"187cm | 6'2""",0,-,-,Real Sporting de Gijón S.A.D.,Spain
Bruno César,77,CAM,,0,3,3,75,77,76,80,56,55,"178cm | 5'10""",0,-,-,Sport Lisboa Benfica,Brazil
Marko Baša,77,CB,,0,2,3,58,53,59,53,78,81,"190cm | 6'3""",0,-,-,LOSC Lille Métropole,Montenegro
Emanuele Giaccherini,77,LW,,0,4,3,84,68,68,81,45,44,"167cm | 5'6""",0,-,-,Juventus,Italy
André Santos,77,CDM,,0,3,3,77,69,74,75,73,66,"178cm | 5'10""",0,-,-,Sporting CP,Portugal
Oliver Baumann,77,GK,,0,1,2,79,75,74,82,52,73,"187cm | 6'2""",0,-,-,SC Freiburg,Germany
Armin Bačinovič,77,CM,,0,2,3,74,68,81,73,72,66,"183cm | 6'0""",0,-,-,Palermo,Slovenia
Franco Jara,77,CF,,0,4,3,81,76,61,81,51,68,"179cm | 5'10""",0,-,-,Granada Club de Fútbol,Argentina
Giampiero Pinzi,76,CM,,0,2,3,68,68,76,73,74,68,"180cm | 5'11""",0,-,-,Udinese,Italy
Carlo Cudicini,76,GK,,0,1,2,74,79,69,77,42,76,"185cm | 6'1""",0,-,-,Tottenham Hotspur,Italy
Filippo Inzaghi,76,ST,,0,2,3,51,69,42,54,35,69,"181cm | 5'11""",0,-,-,Milan,Italy
Harry Kewell,76,LW,,0,4,3,71,77,71,78,49,73,"180cm | 5'11""",0,-,-,Melbourne Victory FC,Australia
Nicola Legrottaglie,76,CB,,0,2,3,55,46,60,58,76,78,"185cm | 6'1""",0,-,-,Catania,Italy
Simone Perrotta,76,CM,,0,2,3,75,71,75,71,73,73,"179cm | 5'10""",0,-,-,Roma,Italy
David Jarolím,76,CDM,,0,2,3,63,58,70,72,74,72,"174cm | 5'9""",0,-,-,Hamburger SV,Czech Republic
Hernán Crespo,76,ST,,0,3,3,46,72,46,60,49,79,"184cm | 6'0""",0,-,-,Parma,Argentina
Dario Dainelli,76,CB,,0,2,2,56,45,54,47,79,77,"191cm | 6'3""",0,-,-,Genoa,Italy
Sotirios Kyrgiakos,76,CB,,0,2,3,41,42,46,38,80,80,"193cm | 6'4""",0,-,-,VfL Wolfsburg,Greece
Emanuel Pogatetz,76,CB,,0,2,2,55,40,51,32,81,70,"189cm | 6'2""",0,-,-,Hannover 96,Austria
Wes Brown,76,CB,,0,2,3,65,31,62,57,77,77,"185cm | 6'1""",0,-,-,Sunderland,England
Andrew Johnson,76,ST,,0,3,3,78,74,57,77,51,68,"170cm | 5'7""",0,-,-,Fulham,England
Jaime Valdés,76,CAM,,0,5,4,76,75,73,77,54,46,"176cm | 5'9""",0,-,-,Parma,Chile
Daniele Conti,76,CDM,,0,2,3,53,71,80,71,72,64,"178cm | 5'10""",0,-,-,Cagliari,Italy
David Suazo,76,ST,,0,3,3,91,76,56,65,58,71,"182cm | 6'0""",0,-,-,Catania,Honduras
Teemu Tainio,76,CDM,,0,2,3,66,61,75,64,72,65,"180cm | 5'11""",0,-,-,New York Red Bulls,Finland
Timmy Simons,76,CDM,,0,2,3,50,59,66,60,76,73,"186cm | 6'1""",0,-,-,1. FC Nürnberg,Belgium
John Mensah,76,CB,,0,2,3,61,43,56,29,78,77,"180cm | 5'11""",0,-,-,Olympique Lyonnais,Ghana
Aaron Hughes,76,CB,,0,2,3,54,37,56,56,74,76,"183cm | 6'0""",0,-,-,Fulham,Northern Ireland
Hamit Altintop,76,RM,,0,3,2,74,78,77,74,73,67,"183cm | 6'0""",0,-,-,Real Madrid Club de Fútbol,Turkey
Tom Starke,76,GK,,0,1,3,78,77,68,78,52,74,"195cm | 6'5""",0,-,-,TSG 1899 Hoffenheim,Germany
Martin Petrov,76,LM,,0,3,2,69,78,78,77,50,49,"180cm | 5'11""",0,-,-,Bolton Wanderers,Bulgaria
James Collins,76,CB,,0,2,2,62,52,57,42,79,77,"193cm | 6'4""",0,-,-,Aston Villa,Wales
Juan Carlos Valerón Santana,76,CAM,,0,4,4,55,64,80,78,36,40,"180cm | 5'11""",0,-,-,Real Club Deportivo de La Coruña S.A.D.,Spain
Sergio Paulo Barbosa Valente,76,LM,,0,3,3,68,77,84,74,61,60,"175cm | 5'9""",0,-,-,Málaga Club de Fútbol S.A.D.,Portugal
Joaquim Manuel Sampaio Silva,76,GK,,0,1,1,75,74,77,77,49,75,"184cm | 6'0""",0,-,-,SC Braga,Portugal
Rade Prica,76,ST,,0,3,4,73,76,56,75,58,86,"185cm | 6'1""",0,-,-,Rosenborg BK,Sweden
Steeve Elana,76,GK,,0,1,3,82,78,65,79,66,70,"187cm | 6'2""",0,-,-,Stade Brestois 29,France
Sascha Riether,76,CDM,,0,3,3,77,58,74,69,72,74,"174cm | 5'9""",0,-,-,1. FC Köln,Germany
Franck Béria,76,LB,,0,2,4,77,55,74,66,77,75,"177cm | 5'10""",0,-,-,LOSC Lille Métropole,France
Jérémy Mathieu,76,LB,,0,2,3,73,62,73,63,80,66,"190cm | 6'3""",0,-,-,Valencia Club de Fútbol S.A.D.,France
Antônio Augusto Ribeiro Reis Junior,76,CAM,,0,3,3,59,82,84,79,58,61,"178cm | 5'10""",0,-,-,Vasco da Gama,Brazil
Luca Toni,76,ST,,0,3,4,45,70,50,56,59,81,"194cm | 6'4""",0,-,-,Juventus,Italy
Jérémie Janot,76,GK,,0,1,3,77,72,66,78,51,76,"176cm | 5'9""",0,-,-,A.S. Saint-Etienne,France
Peer Kluge,76,CDM,,0,2,4,65,59,72,69,74,69,"179cm | 5'10""",0,-,-,FC Schalke 04,Germany
Nelson Haedo Valdez,76,ST,,0,3,4,79,72,60,72,66,84,"178cm | 5'10""",0,-,-,Rubin Kazan,Paraguay
Giandomenico Mesto,76,RM,,0,3,3,83,69,75,72,75,67,"181cm | 5'11""",0,-,-,Genoa,Italy
Felipe Jorge Loureiro,76,CAM,,0,5,2,37,71,80,86,60,55,"175cm | 5'9""",0,-,-,Vasco da Gama,Brazil
Per Krøldrup,76,CB,,0,2,2,52,48,60,39,80,79,"194cm | 6'4""",0,-,-,Fiorentina,Denmark
Matthieu Delpierre,76,CB,,0,2,3,66,47,67,41,78,71,"193cm | 6'4""",0,-,-,VfB Stuttgart,France
Andreas Ivanschitz,76,CAM,,0,3,3,48,77,73,71,56,62,"184cm | 6'0""",0,-,-,1. FSV Mainz 05,Austria
Angel Domingo López Ruano,76,RB,,0,2,3,78,65,74,69,74,66,"180cm | 5'11""",0,-,-,Villarreal Club de Fútbol S.A.D.,Spain
Donieber Alexander Marangão,76,GK,,0,1,3,75,74,65,80,50,76,"194cm | 6'4""",0,-,-,Liverpool,Brazil
Christian Tiffert,76,CM,,0,3,3,71,74,78,75,71,61,"183cm | 6'0""",0,-,-,1. FC Kaiserslautern,Germany
Daniele Bonera,76,CB,,0,2,3,62,48,68,62,76,76,"183cm | 6'0""",0,-,-,Milan,Italy
Renato Dirnei Florêncio,76,CM,,0,2,3,72,74,76,75,71,78,"177cm | 5'10""",0,-,-,Botafogo,Brazil
Fernándo José da Silva Meira,76,CB,,0,2,3,48,43,65,55,79,76,"190cm | 6'3""",0,-,-,Real Zaragoza S.A.D.,Portugal
Szabolcs Huszti,76,LM,,0,4,3,76,74,74,80,58,64,"173cm | 5'8""",0,-,-,Zenit St. Petersburg,Hungary
Zoltán Gera,76,RM,,0,4,4,68,77,75,79,57,66,"183cm | 6'0""",0,-,-,West Bromwich Albion,Hungary
Stijn Schaars,76,CM,,0,3,4,64,66,79,68,73,62,"178cm | 5'10""",0,-,-,Sporting CP,Netherlands
Michaël Ciani,76,CB,,0,2,3,66,35,58,45,78,86,"189cm | 6'2""",0,-,-,Girondins de Bordeaux,France
Giuseppe Biava,76,CB,,0,2,3,64,48,61,50,76,74,"180cm | 5'11""",0,-,-,Lazio,Italy
Gilberto Aparecido da Silva,76,CDM,,0,2,3,52,52,65,59,78,66,"184cm | 6'0""",0,-,-,Grêmio,Brazil
Michele Pazienza,76,CDM,,0,2,3,72,62,75,73,72,68,"178cm | 5'10""",0,-,-,Juventus,Italy
Kader Mangane,76,CB,,0,2,3,59,61,62,50,81,78,"191cm | 6'3""",0,-,-,Stade Rennais FC,Senegal
Raphael Schäfer,76,GK,,0,1,3,81,71,64,82,31,73,"190cm | 6'3""",0,-,-,1. FC Nürnberg,Germany
Marcos Roberto Silveira Reis,76,GK,,0,1,1,83,77,65,64,34,91,"193cm | 6'4""",0,-,-,Palmeiras,Brazil
Diego Tardelli,76,CF,,0,4,3,85,74,69,81,53,69,"179cm | 5'10""",0,-,-,Anzhi Makhachkala,Brazil
Ruben Filipe Marques Amorim,76,CM,,0,3,3,72,70,76,75,72,69,"180cm | 5'11""",0,-,-,Sport Lisboa Benfica,Portugal
Demy de Zeeuw,76,CM,,0,3,3,70,76,77,71,60,67,"176cm | 5'9""",0,-,-,Spartak Moskva,Netherlands
Allan McGregor,76,GK,,0,1,3,76,77,67,78,33,79,"183cm | 6'0""",0,-,-,Rangers,Scotland
Oswaldo Sánchez,76,GK,,0,1,3,83,69,61,81,45,69,"184cm | 6'0""",0,-,-,Santos Laguna,Mexico
John Heitinga,76,CDM,,0,2,3,74,61,73,57,79,78,"180cm | 5'11""",0,-,-,Everton,Netherlands
Boštjan Cesar,76,CB,,0,2,3,56,38,52,29,82,77,"191cm | 6'3""",0,-,-,Chievo Verona,Slovenia
Christian Fuchs,76,LB,,0,3,2,74,72,76,72,74,69,"186cm | 6'1""",0,-,-,FC Schalke 04,Austria
Anderson Corrêa Polga,76,CB,,0,2,2,53,59,63,59,77,76,"183cm | 6'0""",0,-,-,Sporting CP,Brazil
Igor de Camargo,76,ST,,0,3,4,66,72,68,74,66,87,"187cm | 6'2""",0,-,-,Borussia M'gladbach,Belgium
Alan Hutton,76,RB,,0,2,3,79,48,71,73,76,72,"185cm | 6'1""",0,-,-,Aston Villa,Scotland
Fabian Guedes,76,CB,,0,2,3,71,47,62,61,78,74,"185cm | 6'1""",0,-,-,I. Porto Alegre,Brazil
Guillermo Ochoa,76,GK,,0,1,3,82,68,75,81,47,72,"183cm | 6'0""",0,-,-,AC Ajaccio,Mexico
Antonio Mirante,76,GK,,0,1,2,80,79,67,77,60,74,"193cm | 6'4""",0,-,-,Parma,Italy
Pablo Zabaleta,76,RB,,0,3,3,70,57,74,73,78,75,"177cm | 5'10""",0,-,-,Manchester City,Argentina
Germán Denis,76,ST,,0,2,3,68,72,58,70,62,82,"183cm | 6'0""",0,-,-,A. Bergamo,Argentina
Jesús Dátolo,76,LW,,0,4,2,75,70,75,82,53,55,"177cm | 5'10""",0,-,-,R.C.D. Espanyol de Barcelona S.A.D.,Argentina
Raffael,76,CAM,,0,4,4,77,73,71,81,57,72,"174cm | 5'9""",0,-,-,Hertha BSC,Brazil
Ángel Lafita Castillo,76,RW,,0,3,3,73,69,72,78,52,59,"188cm | 6'2""",0,-,-,Real Zaragoza S.A.D.,Spain
Jaime Gavilán Martínez,76,LM,,0,3,2,75,70,75,80,50,52,"179cm | 5'10""",0,-,-,Getafe Club de Fútbol S.A.D.,Spain
Pavel Pogrebnyak,76,ST,,0,3,2,72,74,66,64,62,70,"188cm | 6'2""",0,-,-,VfB Stuttgart,Russia
Vasiliy Berezutskiy,76,CB,,0,2,3,57,43,61,46,78,78,"189cm | 6'2""",0,-,-,CSKA Moskva,Russia
Sergey Semak,76,CM,,0,3,4,69,73,75,76,70,63,"178cm | 5'10""",0,-,-,Zenit St. Petersburg,Russia
Ali Al-Habsi,76,GK,,0,1,2,80,75,77,78,41,77,"194cm | 6'4""",0,-,-,Wigan Athletic,Oman
Rodrigo Ferrante Taddei,76,RM,,0,4,4,74,72,72,79,63,63,"177cm | 5'10""",0,-,-,Roma,Brazil
Valeri Bojinov,76,CF,,0,3,4,73,75,61,73,56,64,"180cm | 5'11""",0,-,-,Sporting CP,Bulgaria
Paolo Guerrero,76,ST,,0,3,4,70,72,69,77,51,73,"184cm | 6'0""",0,-,-,Hamburger SV,Peru
Christophe Jallet,76,RB,,0,2,3,77,65,75,71,72,69,"178cm | 5'10""",0,-,-,Paris Saint-Germain,France
DJ Campbell,76,ST,,0,3,3,80,75,64,73,52,71,"178cm | 5'10""",0,-,-,Queens Park Rangers,England
David Bentley,76,RM,,0,4,3,65,76,80,81,50,53,"175cm | 5'9""",0,-,-,West Ham United,England
Leonardo da Silva e Silva,76,CB,,0,2,2,64,42,43,33,79,75,"192cm | 6'4""",0,-,-,Atlético Mineiro,Brazil
Ibson,76,CM,,0,4,4,81,72,77,80,67,71,"178cm | 5'10""",0,-,-,Santos,Brazil
Marcel Schäfer,76,LB,,0,3,3,75,72,78,73,73,70,"184cm | 6'0""",0,-,-,VfL Wolfsburg,Germany
Luis Amaranto Perea,76,CB,,0,2,3,82,37,51,44,81,79,"180cm | 5'11""",0,-,-,Club Atlético de Madrid S.A.D.,Colombia
Cristian Sapunaru,76,RB,,0,2,3,71,56,75,66,80,74,"187cm | 6'2""",0,-,-,FC Porto,Romania
Ederson Honorato Campos,76,CAM,,0,4,4,79,76,74,81,57,62,"181cm | 5'11""",0,-,-,Olympique Lyonnais,Brazil
Andreas Granqvist,76,CB,,0,2,4,57,62,61,57,78,74,"192cm | 6'4""",0,-,-,Genoa,Sweden
Mathieu Flamini,76,CM,,0,2,3,74,66,74,71,72,68,"178cm | 5'10""",0,-,-,Milan,France
Antonio Nocerino,76,CM,,0,2,3,76,69,76,71,77,68,"175cm | 5'9""",0,-,-,Milan,Italy
Mohamed Sissoko,76,CDM,,0,3,3,79,62,72,70,81,72,"187cm | 6'2""",0,-,-,Paris Saint-Germain,Mali
Mark González,76,LM,,0,4,4,91,80,72,77,48,72,"176cm | 5'9""",0,-,-,CSKA Moskva,Chile
William Kvist,76,CDM,,0,3,3,67,65,76,64,76,62,"184cm | 6'0""",0,-,-,VfB Stuttgart,Denmark
Steven Taylor,76,CB,,0,2,3,63,39,55,44,78,75,"188cm | 6'2""",0,-,-,Newcastle United,England
Alaixys Romao,76,CDM,,0,2,3,66,52,74,67,78,78,"180cm | 5'11""",0,-,-,FC Lorient Bretagne Sud,Togo
Jesús Gámez Duarte,76,RB,,0,2,3,76,48,66,64,80,72,"182cm | 6'0""",0,-,-,Málaga Club de Fútbol S.A.D.,Spain
Sergey Kornilenko,76,ST,,0,3,4,73,75,58,64,55,76,"185cm | 6'1""",0,-,-,Krylya Sovetov Samara,Belarus
Víctor Montaño,76,ST,,0,3,3,79,73,63,76,57,73,"177cm | 5'10""",0,-,-,Stade Rennais FC,Colombia
Abdoulay Konko,76,RB,,0,2,4,85,61,75,76,73,72,"175cm | 5'9""",0,-,-,Lazio,France
Moussa Dembélé,76,CF,,0,4,4,79,73,63,85,64,71,"183cm | 6'0""",0,-,-,Fulham,Belgium
Younès Kaboul,76,CB,,0,2,3,73,37,57,54,78,84,"188cm | 6'2""",0,-,-,Tottenham Hotspur,France
Daniele Galloppa,76,CM,,0,3,4,75,68,78,73,70,63,"180cm | 5'11""",0,-,-,Parma,Italy
Michele Canini,76,CB,,0,2,3,66,45,66,47,78,79,"187cm | 6'2""",0,-,-,Cagliari,Italy
Matt Jarvis,76,LM,,0,3,5,84,68,74,78,47,55,"170cm | 5'7""",0,-,-,Wolverhampton Wanderers,England
Eduardo,76,GK,,0,1,3,75,73,70,78,45,76,"187cm | 6'2""",0,-,-,Sport Lisboa Benfica,Portugal
Dennis Aogo,76,LB,,0,3,4,77,63,76,75,75,73,"184cm | 6'0""",0,-,-,Hamburger SV,Germany
Marcell Jansen,76,LM,,0,3,2,79,75,78,73,74,69,"191cm | 6'3""",0,-,-,Hamburger SV,Germany
Steven Fletcher,76,ST,,0,2,3,77,66,58,76,55,76,"185cm | 6'1""",0,-,-,Wolverhampton Wanderers,Scotland
Stefan Radu,76,LB,,0,2,3,76,45,65,48,79,76,"183cm | 6'0""",0,-,-,Lazio,Romania
Nicolás Pareja,76,CB,,0,2,3,72,59,64,60,76,77,"183cm | 6'0""",0,-,-,Spartak Moskva,Argentina
Marco Ruben,76,ST,,0,3,3,72,73,61,72,56,79,"179cm | 5'10""",0,-,-,Villarreal Club de Fútbol S.A.D.,Argentina
Alexandr Bukharov,76,ST,,0,3,2,75,75,68,69,62,75,"193cm | 6'4""",0,-,-,Zenit St. Petersburg,Russia
Alexandr Ryazantsev,76,RM,,0,3,4,72,67,77,78,63,69,"180cm | 5'11""",0,-,-,Rubin Kazan,Russia
Maicosuel Reginaldo de Matos,76,CAM,,0,5,4,84,69,71,84,48,63,"180cm | 5'11""",0,-,-,Botafogo,Brazil
Javad Nekounam,76,CM,,0,3,3,53,66,73,66,76,68,"186cm | 6'1""",0,-,-,Club Atlético Osasuna,Iran
Jamie O'Hara,76,CM,,0,3,2,69,70,79,73,74,64,"180cm | 5'11""",0,-,-,Wolverhampton Wanderers,England
Urby Emanuelson,76,CAM,,0,3,3,84,71,72,82,62,55,"176cm | 5'9""",0,-,-,Milan,Netherlands
Nílson Corrêa Júnior,76,GK,,0,1,2,78,74,71,77,42,75,"185cm | 6'1""",0,-,-,Vitória de Guimarães,Brazil
Graham Dorrans,76,CM,,0,3,3,74,74,75,81,66,67,"175cm | 5'9""",0,-,-,West Bromwich Albion,Scotland
Raúl García,76,CM,,0,2,3,61,67,74,69,74,65,"183cm | 6'0""",0,-,-,Club Atlético Osasuna,Spain
Danijel Pranjić,76,LM,,0,3,3,75,71,76,76,63,59,"171cm | 5'7""",0,-,-,Bayern München,Croatia
Javi Varas,76,GK,,0,1,3,80,71,65,82,51,76,"182cm | 6'0""",0,-,-,Sevilla Fútbol Club S.A.D.,Spain
Asmir Begovic,76,GK,,0,1,2,81,74,71,82,67,72,"196cm | 6'5""",0,-,-,Stoke City,Bosnia Herzegovina
Paolo De Ceglie,76,LB,,0,2,3,82,64,70,72,71,67,"184cm | 6'0""",0,-,-,Juventus,Italy
Antonio Candreva,76,CM,,0,3,4,64,75,76,80,66,63,"180cm | 5'11""",0,-,-,A.C. Cesena,Italy
Héctor Moreno,76,CB,,0,2,4,68,46,61,64,75,78,"182cm | 6'0""",0,-,-,R.C.D. Espanyol de Barcelona S.A.D.,Mexico
Lukasz Piszczek,76,RB,,0,3,3,83,64,72,74,76,69,"184cm | 6'0""",0,-,-,Borussia Dortmund,Poland
Przemyslaw Tyton,76,GK,,0,1,2,84,76,68,79,57,69,"195cm | 6'5""",0,-,-,PSV,Poland
Denilson Pereira Neves,76,CM,,0,3,3,72,67,79,75,69,61,"178cm | 5'10""",0,-,-,São Paulo,Brazil
Éder Luís Oliveira,76,LW,,0,3,3,89,71,64,85,54,65,"169cm | 5'7""",0,-,-,Vasco da Gama,Brazil
Adrián Ramos,76,ST,,0,3,3,80,71,65,75,53,79,"185cm | 6'1""",0,-,-,Hertha BSC,Colombia
Andreas Beck,76,RB,,0,3,2,80,43,76,74,73,70,"180cm | 5'11""",0,-,-,TSG 1899 Hoffenheim,Germany
Rafael de Miranda Moura,76,ST,,0,3,2,58,74,51,67,64,86,"189cm | 6'2""",0,-,-,Fluminense,Brazil
Henrique Pacheco de Lima,76,CM,,0,3,3,70,71,73,75,76,72,"179cm | 5'10""",0,-,-,Santos,Brazil
Christian Benítez,76,ST,,0,4,4,91,68,65,82,54,79,"168cm | 5'6""",0,-,-,América,Ecuador
Yannick dos Santos Djaló,76,LW,,0,3,4,91,73,69,75,44,75,"171cm | 5'7""",0,-,-,Sporting CP,Portugal
Axel Witsel,76,CM,,0,3,4,73,73,73,79,71,74,"186cm | 6'1""",0,-,-,Sport Lisboa Benfica,Belgium
Serdar Tasci,76,CB,,0,2,4,66,41,65,59,77,75,"186cm | 6'1""",0,-,-,VfB Stuttgart,Germany
Rafael da Silva Francisco,76,RM,,0,2,3,85,70,72,78,54,59,"167cm | 5'6""",0,-,-,Coritiba,Brazil
Martin Harnik,76,CF,,0,3,4,83,70,69,74,60,71,"185cm | 6'1""",0,-,-,VfB Stuttgart,Austria
Srdjan Lakić,76,ST,,0,3,4,70,74,60,69,57,82,"186cm | 6'1""",0,-,-,VfL Wolfsburg,Croatia
Olivier Giroud,76,ST,,0,2,3,63,77,64,67,60,85,"192cm | 6'4""",0,-,-,Montpellier Hérault Sport Club,France
Radja Nainggolan,76,CM,,0,3,4,83,66,76,77,69,61,"175cm | 5'9""",0,-,-,Cagliari,Belgium
Boško Janković,76,CAM,,0,3,4,75,71,76,78,60,64,"183cm | 6'0""",0,-,-,Genoa,Serbia
Gary Hooper,76,ST,,0,2,3,81,71,62,76,51,79,"175cm | 5'9""",0,-,-,Celtic,England
Simon Kjær,76,CB,,0,2,3,66,47,66,58,77,75,"189cm | 6'2""",0,-,-,Roma,Denmark
Charles Kaboré,76,CDM,,0,2,3,75,58,76,64,77,76,"181cm | 5'11""",0,-,-,Olympique de Marseille,Burkina Faso
Diego Costa,76,ST,,0,3,4,79,74,55,74,58,63,"186cm | 6'1""",0,-,-,Club Atlético de Madrid S.A.D.,Brazil
Jermaine Beckford,76,ST,,0,3,5,92,68,51,64,56,70,"188cm | 6'2""",0,-,-,Leicester City,England
Séamus Coleman,76,RM,,0,2,3,83,58,72,76,73,65,"178cm | 5'10""",0,-,-,Everton,Republic of Ireland
Rodrigo José Lima dos Santos,76,ST,,0,3,3,76,77,59,79,59,72,"179cm | 5'10""",0,-,-,SC Braga,Brazil
José Eduardo Bischofe de Almeida,76,ST,,0,3,4,83,72,67,77,57,67,"179cm | 5'10""",0,-,-,Genoa,Brazil
Guilherme Milhomem Gusmão,76,ST,,0,4,4,72,76,61,78,50,66,"174cm | 5'9""",0,-,-,Atlético Mineiro,Brazil
Tim Matavž,76,ST,,0,2,5,75,73,46,71,54,69,"188cm | 6'2""",0,-,-,PSV,Slovenia
Vedran Corluka,76,RB,,0,3,3,66,57,66,65,78,75,"193cm | 6'4""",0,-,-,Tottenham Hotspur,Croatia
Nikica Jelavic,76,ST,,0,3,4,78,73,48,73,54,71,"187cm | 6'2""",0,-,-,Rangers,Croatia
Timo Gebhart,76,RM,,0,4,3,77,69,74,81,67,68,"183cm | 6'0""",0,-,-,VfB Stuttgart,Germany
Jack Rodwell,76,CM,,0,3,5,73,70,74,76,75,78,"188cm | 6'2""",0,-,-,Everton,England
Martin Kelly,76,RB,,0,3,4,78,45,69,69,77,76,"191cm | 6'3""",0,-,-,Liverpool,England
Javier Morales,76,CAM,,0,4,3,69,73,74,74,56,59,"175cm | 5'9""",0,-,-,Real Salt Lake,Argentina
Danny Welbeck,76,ST,,0,3,3,83,73,66,77,52,78,"185cm | 6'1""",0,-,-,Manchester United,England
Claudemir,76,CM,,0,3,3,75,73,75,75,71,67,"185cm | 6'1""",0,-,-,FC København,Brazil
Steven N'Zonzi,76,CDM,,0,3,3,71,58,70,58,77,72,"190cm | 6'3""",0,-,-,Blackburn Rovers,France
Lewis Holtby,76,CAM,,0,4,4,78,70,75,84,49,54,"176cm | 5'9""",0,-,-,FC Schalke 04,Germany
Kevin Großkreutz,76,LM,,0,2,3,78,71,72,75,62,57,"186cm | 6'1""",0,-,-,Borussia Dortmund,Germany
Kyle Walker,76,RB,,0,3,3,93,62,69,77,75,77,"178cm | 5'10""",0,-,-,Tottenham Hotspur,England
Oussama Assaidi,76,LW,,0,4,4,87,67,66,84,46,51,"178cm | 5'10""",0,-,-,sc Heerenveen,Morocco
Stefan Reinartz,76,CB,,0,2,3,59,55,70,46,79,71,"189cm | 6'2""",0,-,-,Bayer 04 Leverkusen,Germany
Junior Hoilett,76,RW,,0,3,3,91,68,65,77,52,68,"172cm | 5'8""",0,-,-,Blackburn Rovers,Canada
Davy Claude Angan,76,ST,,0,4,3,83,69,41,82,56,75,"182cm | 6'0""",0,-,-,Molde FK,Ivory Coast
Rafael,76,RB,,0,3,4,84,58,71,78,73,65,"172cm | 5'8""",0,-,-,Manchester United,Brazil
Guaita,76,GK,,0,1,3,77,75,69,85,57,78,"190cm | 6'3""",0,-,-,Valencia Club de Fútbol S.A.D.,Spain
Kevin Strootman,76,CM,,0,3,4,59,72,76,69,72,59,"186cm | 6'1""",0,-,-,PSV,Netherlands
Luuk de Jong,76,ST,,0,3,3,71,74,67,78,56,70,"188cm | 6'2""",0,-,-,FC Twente,Netherlands
Adem Ljajic,76,CAM,,0,4,3,78,67,71,81,51,58,"182cm | 6'0""",0,-,-,Fiorentina,Serbia
Julian Schieber,76,ST,,0,3,2,76,72,67,69,60,75,"186cm | 6'1""",0,-,-,VfB Stuttgart,Germany
Ralf de Souza Teles,76,CDM,,0,2,2,66,54,63,62,82,69,"180cm | 5'11""",0,-,-,Corinthians,Brazil
Wallyson R. Maciel Monteiro,76,CF,,0,5,3,91,69,61,75,50,63,"179cm | 5'10""",0,-,-,Cruzeiro,Brazil
Artjoms Rudnevs,76,ST,,0,2,5,73,74,52,62,50,75,"178cm | 5'10""",0,-,-,Lech Poznań,Latvia
Xherdan Shaqiri,76,RM,,0,4,4,89,68,68,84,66,61,"169cm | 5'7""",0,-,-,FC Basel 1893,Switzerland
Víctor Ruíz,76,CB,,0,2,2,67,45,64,52,77,79,"185cm | 6'1""",0,-,-,Valencia Club de Fútbol S.A.D.,Spain
Beram Kayal,76,CM,,0,2,3,82,60,75,82,77,73,"178cm | 5'10""",0,-,-,Celtic,Israel
Yuto Nagatomo,76,LB,,0,2,4,86,56,72,73,65,60,"170cm | 5'7""",0,-,-,Inter,Japan
Antoine Griezmann,76,LW,,0,4,4,80,68,71,83,45,54,"176cm | 5'9""",0,-,-,Real Sociedad de Fútbol S.A.D.,France
Phil Jones,76,CB,,0,2,3,67,46,66,52,76,77,"180cm | 5'11""",0,-,-,Manchester United,England
Enzo Pérez,76,RM,,0,4,4,83,69,71,81,57,63,"177cm | 5'10""",0,-,-,Sport Lisboa Benfica,Argentina
Emilio Izaguirre,76,LB,,0,2,4,82,52,74,76,74,71,"177cm | 5'10""",0,-,-,Celtic,Honduras
Pizzi,76,LW,,0,3,4,81,74,69,80,51,63,"172cm | 5'8""",0,-,-,Club Atlético de Madrid S.A.D.,Portugal
Danilo,76,CM,,0,2,3,87,72,73,80,68,65,"184cm | 6'0""",0,-,-,Santos,Brazil
Luis García Fernández,75,CF,,0,3,3,75,78,67,80,52,61,"177cm | 5'10""",0,-,-,Real Zaragoza S.A.D.,Spain
Phil Neville,75,RB,,0,2,4,59,57,76,58,77,71,"180cm | 5'11""",0,-,-,Everton,England
Stéphane Grichting,75,CB,,0,2,3,38,39,60,49,77,79,"186cm | 6'1""",0,-,-,AJ Auxerre,Switzerland
Ulrich Ramé,75,GK,,0,1,2,70,74,71,72,59,80,"187cm | 6'2""",0,-,-,CS Sedan Ardennes,France
John O'Shea,75,CB,,0,2,3,65,39,64,61,77,73,"190cm | 6'3""",0,-,-,Sunderland,Republic of Ireland
Luis Miguel Garcia Monteiro,75,RB,,0,3,3,75,60,72,71,78,63,"179cm | 5'10""",0,-,-,Valencia Club de Fútbol S.A.D.,Portugal
Roger Galera Flores,75,CAM,,0,5,4,59,73,79,80,51,49,"171cm | 5'7""",0,-,-,Cruzeiro,Brazil
Nuno Miguel Soares Ribeiro,75,CF,,0,3,2,54,71,72,71,57,74,"179cm | 5'10""",0,-,-,SC Braga,Portugal
Rivaldo,75,CAM,,0,4,3,42,73,77,74,48,52,"186cm | 6'1""",0,-,-,São Paulo,Brazil
Christian Brocchi,75,CDM,,0,2,3,64,66,76,69,72,64,"171cm | 5'7""",0,-,-,Lazio,Italy
Cristiano Lucarelli,75,ST,,0,2,4,48,77,60,63,59,81,"188cm | 6'2""",0,-,-,Napoli,Italy
Gianluca Zambrotta,75,RB,,0,2,5,68,65,78,76,76,68,"181cm | 5'11""",0,-,-,Milan,Italy
Michael Owen,75,ST,,0,3,4,71,72,60,78,44,68,"173cm | 5'8""",0,-,-,Manchester United,England
Stephen Carr,75,RB,,0,2,3,77,50,70,73,77,64,"175cm | 5'9""",0,-,-,Birmingham City,Republic of Ireland
Alexander Manninger,75,GK,,0,1,2,76,73,70,76,51,73,"189cm | 6'2""",0,-,-,Juventus,Austria
Luca Castellazzi,75,GK,,0,1,2,76,74,65,77,57,78,"192cm | 6'4""",0,-,-,Inter,Italy
Ivan Klasnić,75,ST,,0,3,3,60,75,58,72,56,74,"186cm | 6'1""",0,-,-,Bolton Wanderers,Croatia
Dickson Etuhu,75,CDM,,0,2,3,59,55,64,63,80,72,"188cm | 6'2""",0,-,-,Fulham,Nigeria
César González Navas,75,CB,,0,2,3,67,42,57,43,77,74,"194cm | 6'4""",0,-,-,Rubin Kazan,Spain
Kris Commons,75,LM,,0,3,4,79,74,73,80,48,60,"168cm | 5'6""",0,-,-,Celtic,Scotland
Tomasz Kuszczak,75,GK,,0,1,2,78,72,62,81,50,73,"190cm | 6'3""",0,-,-,Manchester United,Poland
Sergio Bernardo Almirón,75,CM,,0,3,3,50,71,79,66,68,56,"176cm | 5'9""",0,-,-,Catania,Argentina
Gaetano D'Agostino,75,CM,,0,3,3,67,71,79,70,68,57,"182cm | 6'0""",0,-,-,Siena,Italy
Grétar Steinsson,75,RB,,0,2,3,55,52,74,60,77,73,"189cm | 6'2""",0,-,-,Bolton Wanderers,Iceland
Carlos Gurpegi Nausia,75,CDM,,0,2,3,65,54,67,62,79,82,"181cm | 5'11""",0,-,-,Athletic Club de Bilbao,Spain
Yohann Pelé,75,GK,,0,1,3,76,73,70,83,51,71,"196cm | 6'5""",0,-,-,Toulouse FC,France
Nicolas Penneteau,75,GK,,0,1,3,75,71,78,80,58,79,"185cm | 6'1""",0,-,-,Valenciennes FC,France
Magne Hoseth,75,CM,,0,4,3,67,75,79,78,61,39,"186cm | 6'1""",0,-,-,Molde FK,Norway
Dean Whitehead,75,CM,,0,3,3,69,67,78,70,75,70,"183cm | 6'0""",0,-,-,Stoke City,England
Anders Svensson,75,CM,,0,3,2,62,61,72,65,72,47,"178cm | 5'10""",0,-,-,IF Elfsborg,Sweden
Moyá,75,GK,,0,1,3,80,69,82,79,48,72,"185cm | 6'1""",0,-,-,Getafe Club de Fútbol S.A.D.,Spain
Fabien Audard,75,GK,,0,1,3,78,70,74,81,65,75,"188cm | 6'2""",0,-,-,FC Lorient Bretagne Sud,France
Rubén Castro,75,ST,,0,3,3,81,71,57,76,44,67,"174cm | 5'9""",0,-,-,Real Betis Balompié S.A.D. ,Spain
Ricardo Fuller,75,ST,,0,4,3,72,72,56,77,58,74,"191cm | 6'3""",0,-,-,Stoke City,Jamaica
Olivier Sorin,75,GK,,0,1,3,76,80,74,72,65,78,"189cm | 6'2""",0,-,-,AJ Auxerre,France
Nikolče Noveski,75,CB,,0,2,3,44,53,58,35,77,67,"190cm | 6'3""",0,-,-,1. FSV Mainz 05,FYR Macedonia
John Carew,75,ST,,0,2,3,72,74,56,75,64,84,"193cm | 6'4""",0,-,-,West Ham United,Norway
Christian Schulz,75,LB,,0,2,4,62,52,72,63,76,76,"185cm | 6'1""",0,-,-,Hannover 96,Germany
Marco Donadel,75,CDM,,0,2,3,67,65,76,73,72,68,"179cm | 5'10""",0,-,-,Napoli,Italy
Stefano Lucchini,75,CB,,0,2,3,64,36,52,46,78,76,"186cm | 6'1""",0,-,-,A. Bergamo,Italy
Andrea Mantovani,75,CB,,0,2,3,65,47,68,52,76,76,"185cm | 6'1""",0,-,-,Palermo,Italy
Gaël Givet,75,CB,,0,2,3,55,33,59,51,73,80,"181cm | 5'11""",0,-,-,Blackburn Rovers,France
Steve Sidwell,75,CM,,0,3,3,68,70,77,69,70,65,"178cm | 5'10""",0,-,-,Fulham,England
Dwayne De Rosario,75,CAM,,0,4,4,68,76,69,72,61,64,"175cm | 5'9""",0,-,-,D.C. United,Canada
Fabrício de Souza,75,CM,,0,3,3,72,71,79,74,76,66,"180cm | 5'11""",0,-,-,Cruzeiro,Brazil
Damien Perquis,75,CB,,0,2,3,60,47,59,47,77,83,"184cm | 6'0""",0,-,-,FC Sochaux-Montbéliard,France
André Luiz Tavares,75,CAM,,0,4,3,68,76,78,76,60,65,"178cm | 5'10""",0,-,-,I. Porto Alegre,Brazil
Walter Pandiani,75,ST,,0,3,3,64,72,58,67,60,81,"184cm | 6'0""",0,-,-,R.C.D. Espanyol de Barcelona S.A.D.,Uruguay
Eduardo Luís Souza,75,CB,,0,2,2,59,51,53,53,75,78,"186cm | 6'1""",0,-,-,Santos,Brazil
Deivid de Souza,75,ST,,0,4,3,73,73,67,77,51,76,"180cm | 5'11""",0,-,-,Flamengo,Brazil
Mohamed Zidan,75,CF,,0,4,4,78,74,72,84,49,62,"172cm | 5'8""",0,-,-,Borussia Dortmund,Egypt
Paulo César F. do Nascimenento,75,CM,,0,3,4,65,64,74,75,73,74,"170cm | 5'7""",0,-,-,I. Porto Alegre,Brazil
Gabriel Tamaş,75,CB,,0,2,3,52,59,53,54,76,78,"188cm | 6'2""",0,-,-,West Bromwich Albion,Romania
Christian Poulsen,75,CDM,,0,2,3,48,57,69,66,74,71,"182cm | 6'0""",0,-,-,Evian Thonon Gaillard FC,Denmark
Thomas Sørensen,75,GK,,0,1,3,74,73,73,77,64,76,"196cm | 6'5""",0,-,-,Stoke City,Denmark
Júlio Sérgio Bertagnoli,75,GK,,0,1,2,74,69,65,79,46,82,"187cm | 6'2""",0,-,-,Lecce,Brazil
Marcio Miranda R. da Silva,75,CF,,0,3,3,79,75,75,78,65,64,"171cm | 5'7""",0,-,-,Atlético Paranaense,Brazil
Fábio Henrique Simplício,75,CM,,0,3,3,62,69,76,71,70,65,"173cm | 5'8""",0,-,-,Roma,Brazil
Hanno Balitsch,75,CDM,,0,2,4,61,60,70,61,76,74,"181cm | 5'11""",0,-,-,Bayer 04 Leverkusen,Germany
Sérgio Pinto,75,CDM,,0,3,3,68,72,73,71,73,71,"176cm | 5'9""",0,-,-,Hannover 96,Portugal
Salvatore Aronica,75,CB,,0,2,3,60,44,61,53,75,71,"181cm | 5'11""",0,-,-,Napoli,Italy
Valmiro López Rocha,75,RM,,0,4,3,79,67,72,77,49,57,"184cm | 6'0""",0,-,-,Levante Unión Deportiva S.A.D.,Spain
Luca Antonini,75,LB,,0,2,3,81,60,74,74,71,72,"182cm | 6'0""",0,-,-,Milan,Italy
Michael Turner,75,CB,,0,2,3,53,37,44,40,77,78,"193cm | 6'4""",0,-,-,Sunderland,England
Marc Janko,75,ST,,0,2,4,38,76,47,58,56,65,"196cm | 6'5""",0,-,-,FC Twente,Austria
Jonathan Walters,75,ST,,0,3,3,73,71,60,76,61,78,"183cm | 6'0""",0,-,-,Stoke City,Republic of Ireland
Hassan Yebda,75,CM,,0,3,3,67,64,72,70,77,78,"187cm | 6'2""",0,-,-,Granada Club de Fútbol,Algeria
Blerim Džemaili,75,CM,,0,2,3,73,66,74,71,70,66,"179cm | 5'10""",0,-,-,Napoli,Switzerland
Andrea Caracciolo,75,ST,,0,2,3,63,68,52,62,60,83,"194cm | 6'4""",0,-,-,Genoa,Italy
Jermaine Jenas,75,CM,,0,3,3,72,75,78,74,71,71,"181cm | 5'11""",0,-,-,Aston Villa,England
Matteo Contini,75,CB,,0,2,3,64,44,49,51,75,78,"184cm | 6'0""",0,-,-,Siena,Italy
Willy Caballero,75,GK,,0,1,3,75,76,68,78,52,74,"186cm | 6'1""",0,-,-,Málaga Club de Fútbol S.A.D.,Argentina
Paulo Assunção da Silva,75,CDM,,0,2,3,68,50,62,58,79,70,"174cm | 5'9""",0,-,-,Club Atlético de Madrid S.A.D.,Brazil
Etienne Didot,75,CM,,0,2,4,58,65,76,70,67,62,"175cm | 5'9""",0,-,-,Toulouse FC,France
Joris Marveaux,75,CDM,,0,2,3,61,55,69,59,75,74,"178cm | 5'10""",0,-,-,Montpellier Hérault Sport Club,France
Paulo Da Silva,75,CB,,0,2,3,56,58,65,57,76,78,"180cm | 5'11""",0,-,-,Real Zaragoza S.A.D.,Paraguay
Darío Verón,75,CB,,0,2,3,70,54,62,58,77,79,"179cm | 5'10""",0,-,-,U.N.A.M.,Paraguay
Christian Maicon Hening,75,CB,,0,2,3,57,46,64,57,76,75,"185cm | 6'1""",0,-,-,VfL Wolfsburg,Brazil
Lucas Lobos,75,CAM,,0,4,4,72,72,75,77,58,66,"176cm | 5'9""",0,-,-,Tigres U.A.N.L.,Argentina
Mauricio Romero,75,CB,,0,2,3,69,55,60,62,79,81,"184cm | 6'0""",0,-,-,Monarcas Morelia,Argentina
Tuncay Şanli,75,CF,,0,3,3,67,74,68,79,53,70,"182cm | 6'0""",0,-,-,Bolton Wanderers,Turkey
José Fernando Marqués Martín,75,RM,,0,4,4,83,68,70,77,50,54,"177cm | 5'10""",0,-,-,Parma,Spain
Carlos Javier Cuéllar Jiménez,75,CB,,0,2,2,53,35,41,40,78,76,"190cm | 6'3""",0,-,-,Aston Villa,Spain
Henning Hauger,75,CDM,,0,2,4,67,60,68,59,73,67,"179cm | 5'10""",0,-,-,Hannover 96,Norway
Marco Rossi,75,CM,,0,3,3,70,67,78,75,69,65,"179cm | 5'10""",0,-,-,Genoa,Italy
Hoolahan,75,CAM,,0,4,2,70,68,68,78,51,63,"168cm | 5'6""",0,-,-,Norwich City,Republic of Ireland
Jonathan Brison,75,LM,,0,3,3,78,59,77,69,68,67,"179cm | 5'10""",0,-,-,A.S. Nancy Lorraine,France
Steven Davis,75,CM,,0,3,3,82,69,77,78,71,66,"173cm | 5'8""",0,-,-,Rangers,Northern Ireland
Mads Junker,75,ST,,0,3,3,75,71,61,67,54,69,"186cm | 6'1""",0,-,-,Roda JC,Denmark
Mike Williamson,75,CB,,0,2,3,60,37,59,42,76,76,"192cm | 6'4""",0,-,-,Newcastle United,England
Rafael Augusto Sóbis do Nascimento,75,CF,,0,5,4,81,74,64,79,47,64,"172cm | 5'8""",0,-,-,Fluminense,Brazil
Arnold Mvuemba,75,CDM,,0,2,3,77,68,76,72,72,71,"172cm | 5'8""",0,-,-,FC Lorient Bretagne Sud,France
Vadim Demidov,75,CB,,0,2,3,53,58,66,47,76,76,"186cm | 6'1""",0,-,-,Real Sociedad de Fútbol S.A.D.,Norway
José de Jesús Corona,75,GK,,0,1,3,74,75,74,77,47,78,"184cm | 6'0""",0,-,-,Cruz Azul,Mexico
Maarten Martens,75,CAM,,0,4,4,71,68,72,75,43,56,"176cm | 5'9""",0,-,-,AZ Alkmaar,Belgium
Yoan Gouffran,75,ST,,0,3,3,81,70,74,75,60,66,"176cm | 5'9""",0,-,-,Girondins de Bordeaux,France
Sylvain Marveaux,75,LM,,0,3,3,75,72,77,76,59,58,"172cm | 5'8""",0,-,-,Newcastle United,France
Sejad Salihović,75,CM,,0,3,2,50,81,82,75,74,55,"182cm | 6'0""",0,-,-,TSG 1899 Hoffenheim,Bosnia Herzegovina
Tulio Vinicius Froés de Melo,75,ST,,0,3,4,63,73,61,67,60,83,"193cm | 6'4""",0,-,-,LOSC Lille Métropole,Brazil
Aaron Hunt,75,LM,,0,3,4,77,73,71,78,55,68,"183cm | 6'0""",0,-,-,Werder Bremen,Germany
Matthieu Chalmé,75,RB,,0,2,3,74,57,76,64,74,69,"176cm | 5'9""",0,-,-,Girondins de Bordeaux,France
Pirmin Schwegler,75,CM,,0,3,4,76,63,75,75,71,72,"178cm | 5'10""",0,-,-,Eintracht Frankfurt,Switzerland
Lucas Biglia,75,CM,,0,3,4,53,64,73,76,72,60,"178cm | 5'10""",0,-,-,RSC Anderlecht,Argentina
Romuald Peiser,75,GK,,0,1,2,76,73,69,77,52,73,"187cm | 6'2""",0,-,-,Académica Coimbra,France
Loïc Perrin,75,CM,,0,3,3,64,68,76,77,70,68,"180cm | 5'11""",0,-,-,A.S. Saint-Etienne,France
Michael Krohn-Dehli,75,LM,,0,3,4,74,69,67,77,48,55,"170cm | 5'7""",0,-,-,Brøndby IF,Denmark
Christian Puggioni,75,GK,,0,1,2,74,74,65,79,50,78,"187cm | 6'2""",0,-,-,Chievo Verona,Italy
Diego Pérez,75,CM,,0,2,3,64,58,74,69,75,74,"177cm | 5'10""",0,-,-,Bologna,Uruguay
Zapater,75,CM,,0,3,4,71,72,76,73,72,68,"178cm | 5'10""",0,-,-,Lokomotiv Moskva,Spain
Tiberio Guarente,75,CM,,0,3,3,63,73,80,70,74,60,"180cm | 5'11""",0,-,-,Sevilla Fútbol Club S.A.D.,Italy
Vedad Ibiševic,75,ST,,0,3,4,70,72,62,73,55,75,"188cm | 6'2""",0,-,-,TSG 1899 Hoffenheim,Bosnia Herzegovina
Francisco Farinós Zapata,75,CM,,0,3,4,55,71,78,68,69,53,"172cm | 5'8""",0,-,-,Levante Unión Deportiva S.A.D.,Spain
Emiliano Armenteros,75,CAM,,0,3,3,67,73,71,79,51,64,"178cm | 5'10""",0,-,-,Sevilla Fútbol Club S.A.D.,Argentina
Evaldo dos Santos Fabiano,75,LB,,0,2,4,80,57,72,72,74,71,"185cm | 6'1""",0,-,-,Sporting CP,Brazil
Steven Naismith,75,CF,,0,3,3,86,70,57,76,55,80,"178cm | 5'10""",0,-,-,Rangers,Scotland
Julien Féret,75,CAM,,0,3,4,63,68,72,75,51,61,"187cm | 6'2""",0,-,-,Stade Rennais FC,France
André Clarindo dos Santos,75,LB,,0,3,3,78,73,76,74,75,61,"180cm | 5'11""",0,-,-,Arsenal,Brazil
Willian Gomes de Siqueira,75,CF,,0,3,3,82,75,53,77,54,67,"171cm | 5'7""",0,-,-,Corinthians,Brazil
Gabriel Agbonlahor,75,ST,,0,3,4,93,73,65,73,56,75,"181cm | 5'11""",0,-,-,Aston Villa,England
Paulo Ricardo de Jesús Machado,75,CM,,0,3,4,71,78,76,76,61,49,"174cm | 5'9""",0,-,-,Toulouse FC,Portugal
Thiago Ribeiro Cardoso,75,ST,,0,4,3,83,75,68,74,61,66,"183cm | 6'0""",0,-,-,Cagliari,Brazil
Júlio César de Souza Santos,75,GK,,0,1,2,79,72,64,81,61,72,"186cm | 6'1""",0,-,-,Corinthians,Brazil
Severino Durval da Silva,75,CB,,0,2,3,45,48,54,50,77,72,"184cm | 6'0""",0,-,-,Santos,Brazil
Jorge Henrique de Souza,75,CF,,0,4,2,88,70,65,78,60,79,"169cm | 5'7""",0,-,-,Corinthians,Brazil
Cristian Llama,75,LM,,0,3,3,75,74,74,77,65,61,"179cm | 5'10""",0,-,-,Catania,Argentina
Nikola Žigić,75,ST,,0,3,3,64,69,68,64,63,66,"202cm | 6'8""",0,-,-,Birmingham City,Serbia
Anton Shunin,75,GK,,0,1,3,72,79,72,79,43,75,"190cm | 6'3""",0,-,-,Dinamo Moskva,Russia
Yuriy Zhevnov,75,GK,,0,1,2,78,74,73,75,48,76,"180cm | 5'11""",0,-,-,Zenit St. Petersburg,Belarus
Roman Shirokov,75,CM,,0,3,3,76,66,76,72,76,67,"183cm | 6'0""",0,-,-,Zenit St. Petersburg,Russia
Juan Pablo Carrizo,75,GK,,0,1,2,76,75,70,76,57,76,"187cm | 6'2""",0,-,-,Lazio,Argentina
Anthony Stokes,75,ST,,0,4,3,78,75,49,73,52,72,"180cm | 5'11""",0,-,-,Celtic,Republic of Ireland
Hugo Rodallega,75,ST,,0,3,3,77,74,66,77,57,79,"181cm | 5'11""",0,-,-,Wigan Athletic,Colombia
Hedwiges Maduro,75,CB,,0,2,3,41,57,66,56,79,67,"185cm | 6'1""",0,-,-,Valencia Club de Fútbol S.A.D.,Netherlands
Miranda,75,CB,,0,2,3,72,49,59,62,75,80,"185cm | 6'1""",0,-,-,Club Atlético de Madrid S.A.D.,Brazil
Siaka Tiéné,75,LB,,0,3,3,77,62,77,72,71,62,"176cm | 5'9""",0,-,-,Paris Saint-Germain,Ivory Coast
Sami Allagui,75,ST,,0,3,3,75,70,58,76,50,75,"184cm | 6'0""",0,-,-,1. FSV Mainz 05,Tunisia
Kenneth Vermeer,75,GK,,0,1,2,79,69,69,81,64,71,"182cm | 6'0""",0,-,-,Ajax,Netherlands
Shane Long,75,ST,,0,3,3,88,69,51,72,55,74,"180cm | 5'11""",0,-,-,West Bromwich Albion,Republic of Ireland
Adrian Ricchiuti,75,CAM,,0,4,4,68,62,74,77,50,45,"168cm | 5'6""",0,-,-,Catania,Argentina
Mehdi Lacen,75,CM,,0,3,3,69,65,74,76,71,65,"176cm | 5'9""",0,-,-,Getafe Club de Fútbol S.A.D.,Algeria
Jonny Evans,75,CB,,0,2,3,67,32,62,45,73,78,"188cm | 6'2""",0,-,-,Manchester United,Northern Ireland
Danny Simpson,75,RB,,0,2,3,78,39,68,71,73,71,"174cm | 5'9""",0,-,-,Newcastle United,England
Lee Cattermole,75,CM,,0,2,4,72,68,78,71,78,69,"178cm | 5'10""",0,-,-,Sunderland,England
Mark Davies,75,CAM,,0,4,3,76,61,74,82,61,59,"180cm | 5'11""",0,-,-,Bolton Wanderers,England
Wayne Hennessey,75,GK,,0,1,2,74,74,80,79,50,73,"196cm | 6'5""",0,-,-,Wolverhampton Wanderers,Wales
Felix Bastians,75,LB,,0,3,3,80,65,77,72,75,70,"188cm | 6'2""",0,-,-,SC Freiburg,Germany
Landry N'Guemo,75,CDM,,0,3,3,74,46,70,74,76,65,"173cm | 5'8""",0,-,-,Girondins de Bordeaux,Cameroon
Jim Larsen,75,CB,,0,2,3,65,44,49,52,78,78,"190cm | 6'3""",0,-,-,Rosenborg BK,Denmark
Lasse Schøne,75,CAM,,0,3,4,74,71,67,76,50,56,"178cm | 5'10""",0,-,-,N.E.C.,Denmark
Mikel González Martínez,75,CB,,0,2,3,67,42,56,49,76,77,"188cm | 6'2""",0,-,-,Real Sociedad de Fútbol S.A.D.,Spain
Sébastien Bassong,75,CB,,0,2,3,77,42,55,34,76,79,"187cm | 6'2""",0,-,-,Tottenham Hotspur,Cameroon
Pablo Barrera,75,RM,,0,4,5,82,75,70,80,60,65,"175cm | 5'9""",0,-,-,Real Zaragoza S.A.D.,Mexico
Adrián,75,ST,,0,3,3,83,69,57,83,51,71,"180cm | 5'11""",0,-,-,Club Atlético de Madrid S.A.D.,Spain
David Goodwillie,75,ST,,0,3,3,84,69,66,76,52,79,"175cm | 5'9""",0,-,-,Blackburn Rovers,Scotland
Cristian Bolaños,75,RM,,0,4,4,83,71,70,80,49,54,"178cm | 5'10""",0,-,-,FC København,Costa Rica
Nukri Revishvili,75,GK,,0,1,2,80,75,67,74,43,75,"188cm | 6'2""",0,-,-,Anzhi Makhachkala,Georgia
Hélder Barbosa,75,LW,,0,4,3,81,65,68,80,45,58,"172cm | 5'8""",0,-,-,SC Braga,Portugal
Valter Birsa,75,LM,,0,3,3,77,74,77,73,60,70,"184cm | 6'0""",0,-,-,Genoa,Slovenia
Juan Ángel Albín,75,CAM,,0,4,3,76,69,68,79,57,63,"179cm | 5'10""",0,-,-,R.C.D. Espanyol de Barcelona S.A.D.,Uruguay
Marcus Berg,75,ST,,0,3,3,71,71,58,70,55,77,"184cm | 6'0""",0,-,-,Hamburger SV,Sweden
Felipe Augusto Santana,75,CB,,0,2,2,78,50,60,53,75,83,"194cm | 6'4""",0,-,-,Borussia Dortmund,Brazil
Patrick Ebert,75,RM,,0,3,4,80,60,72,76,57,64,"176cm | 5'9""",0,-,-,Hertha BSC,Germany
Ilsinho,75,CAM,,0,5,3,81,71,74,74,72,70,"178cm | 5'10""",0,-,-,I. Porto Alegre,Brazil
Ruben Yttergård Jenssen,75,CM,,0,4,3,71,67,73,77,68,59,"173cm | 5'8""",0,-,-,Tromsø IL,Norway
Nicolás Bertolo,75,LW,,0,4,4,78,65,65,82,59,68,"189cm | 6'2""",0,-,-,Palermo,Argentina
Onyekachi Apam,75,CB,,0,2,3,63,41,62,41,80,79,"180cm | 5'11""",0,-,-,Stade Rennais FC,Nigeria
Kévin Constant,75,CAM,,0,2,4,75,68,78,76,70,67,"184cm | 6'0""",0,-,-,Genoa,Guinea
José Manuel Flores Moreno,75,CB,,0,2,3,60,33,46,40,79,74,"187cm | 6'2""",0,-,-,Real Club Deportivo Mallorca S.A.D.,Spain
Stefano Guberti,75,CAM,,0,3,3,76,74,73,78,56,63,"180cm | 5'11""",0,-,-,F. Torino,Italy
Alain Traoré,75,CAM,,0,2,3,77,71,68,75,68,65,"176cm | 5'9""",0,-,-,AJ Auxerre,Burkina Faso
Eder Citadin Martins,75,CF,,0,3,4,82,71,66,78,49,58,"178cm | 5'10""",0,-,-,A.C. Cesena,Brazil
Abdou Razack Traoré,75,LW,,0,4,3,89,73,66,74,59,72,"170cm | 5'7""",0,-,-,Lechia Gdańsk,Burkina Faso
Kévin Anin,75,CDM,,0,2,4,69,48,74,69,78,66,"189cm | 6'2""",0,-,-,FC Sochaux-Montbéliard,France
Craig Gardner,75,CM,,0,2,3,73,80,74,70,74,68,"178cm | 5'10""",0,-,-,Sunderland,England
Robert Acquafresca,75,ST,,0,3,3,75,70,56,68,51,78,"184cm | 6'0""",0,-,-,Bologna,Italy
Sergio Asenjo,75,GK,,0,1,3,82,74,68,78,50,69,"189cm | 6'2""",0,-,-,Club Atlético de Madrid S.A.D.,Spain
Anthony Annan,75,CDM,,0,2,3,69,52,69,69,73,68,"175cm | 5'9""",0,-,-,Vitesse,Ghana
Fernandinho,75,ST,,0,4,2,87,75,64,84,59,58,"171cm | 5'7""",0,-,-,São Paulo,Brazil
Marcos Aurélio de Oliveira Lima,75,CF,,0,3,3,85,71,72,76,57,69,"168cm | 5'6""",0,-,-,Coritiba,Brazil
Márcio Emerson de Albuquerque,75,ST,,0,4,3,73,70,63,76,48,72,"171cm | 5'7""",0,-,-,Corinthians,Qatar
Breno Vinícius Borges,75,CB,,0,3,4,76,42,65,55,74,74,"187cm | 6'2""",0,-,-,Bayern München,Brazil
Georginio Wijnaldum,75,CAM,,0,4,5,86,71,63,86,53,73,"172cm | 5'8""",0,-,-,PSV,Netherlands
Elias Ribeiro de Oliveira,75,CAM,,0,4,4,70,76,71,76,54,56,"178cm | 5'10""",0,-,-,Santa Catarina,Brazil
Ciaran Clark,75,CB,,0,2,2,71,60,56,60,76,78,"188cm | 6'2""",0,-,-,Aston Villa,Republic of Ireland
Marc Albrighton,75,RM,,0,3,3,85,70,70,82,47,45,"175cm | 5'9""",0,-,-,Aston Villa,England
Valentin Stocker,75,LM,,0,3,5,79,65,70,78,65,67,"179cm | 5'10""",0,-,-,FC Basel 1893,Switzerland
Mario Bolatti,75,CM,,0,2,3,64,66,75,67,77,74,"190cm | 6'3""",0,-,-,I. Porto Alegre,Argentina
Antonio Galdeano Benítez,75,CM,,0,3,3,67,70,77,70,71,57,"173cm | 5'8""",0,-,-,Málaga Club de Fútbol S.A.D.,Spain
Marco Parolo,75,CM,,0,2,3,76,64,75,73,72,67,"184cm | 6'0""",0,-,-,A.C. Cesena,Italy
Roberto,75,GK,,0,1,2,82,69,77,74,55,73,"192cm | 6'4""",0,-,-,Real Zaragoza S.A.D.,Spain
Yohan Mollo,75,RW,,0,4,4,88,68,70,79,49,65,"175cm | 5'9""",0,-,-,Granada Club de Fútbol,France
Angelo Ogbonna,75,CB,,0,2,3,82,44,61,49,81,81,"189cm | 6'2""",0,-,-,F. Torino,Italy
Pied,75,RW,,0,3,3,84,74,70,74,62,63,"173cm | 5'8""",0,-,-,Olympique Lyonnais,France
Juan Forlin,75,CB,,0,2,3,69,39,60,47,74,75,"180cm | 5'11""",0,-,-,R.C.D. Espanyol de Barcelona S.A.D.,Argentina
Toby Alderweireld,75,CB,,0,2,3,66,62,70,60,76,68,"186cm | 6'1""",0,-,-,Ajax,Belgium
Marko Arnautovic,75,ST,,0,4,4,79,74,65,81,56,70,"192cm | 6'4""",0,-,-,Werder Bremen,Austria
Lucas Pratto,75,ST,,0,3,3,74,73,56,70,57,81,"188cm | 6'2""",0,-,-,Genoa,Argentina
Azpilicueta,75,RB,,0,3,4,80,57,73,70,75,68,"178cm | 5'10""",0,-,-,Olympique de Marseille,Spain
Kyriakos Papadopoulos,75,CB,,0,2,3,67,39,58,58,77,78,"183cm | 6'0""",0,-,-,FC Schalke 04,Greece
Gylfi Sigurðsson,75,CAM,,0,3,3,66,80,73,70,61,67,"186cm | 6'1""",0,-,-,TSG 1899 Hoffenheim,Iceland
Djalma,75,LW,,0,3,3,86,69,66,77,54,60,"175cm | 5'9""",0,-,-,FC Porto,Angola
Muriel Gustavo Becker,75,GK,,0,1,2,81,68,65,79,33,71,"189cm | 6'2""",0,-,-,I. Porto Alegre,Brazil
Andrea Poli,75,CM,,0,3,3,73,67,78,72,65,64,"181cm | 5'11""",0,-,-,Inter,Italy
Kieran Gibbs,75,LB,,0,3,1,84,60,73,71,73,66,"180cm | 5'11""",0,-,-,Arsenal,England
Gaël Kakuta,75,CAM,,0,4,3,80,62,62,82,41,57,"173cm | 5'8""",0,-,-,Bolton Wanderers,France
Konstantin Rausch,75,LM,,0,3,4,79,64,73,75,69,64,"182cm | 6'0""",0,-,-,Hannover 96,Germany
Siem de Jong,75,CAM,,0,2,4,67,75,68,69,66,73,"185cm | 6'1""",0,-,-,Ajax,Netherlands
Gojko Kačar,75,CDM,,0,3,3,64,70,75,73,74,86,"185cm | 6'1""",0,-,-,Hamburger SV,Serbia
Leandro Salino do Carmo,75,CM,,0,2,3,82,62,76,77,58,53,"169cm | 5'7""",0,-,-,SC Braga,Brazil
Kwadwo Asamoah,75,CM,,0,3,3,78,69,74,73,75,71,"178cm | 5'10""",0,-,-,Udinese,Ghana
Dmitriy Kombarov,75,LM,,0,3,4,78,72,75,77,53,63,"181cm | 5'11""",0,-,-,Spartak Moskva,Russia
Artem Dzyuba,75,CF,,0,2,4,78,76,65,63,59,75,"194cm | 6'4""",0,-,-,Spartak Moskva,Russia
Airton Ribeiro Santos,75,CDM,,0,2,2,67,59,70,68,78,79,"182cm | 6'0""",0,-,-,Flamengo,Brazil
Ronald Vargas,75,CAM,,0,4,5,83,70,71,80,46,58,"175cm | 5'9""",0,-,-,RSC Anderlecht,Venezuela
James McCarthy,75,CM,,0,3,4,70,66,77,77,66,65,"180cm | 5'11""",0,-,-,Wigan Athletic,Republic of Ireland
Emmanuel Rivière,75,ST,,0,2,3,79,66,70,75,52,72,"182cm | 6'0""",0,-,-,Toulouse FC,France
Ryad Boudebouz,75,RM,,0,4,4,81,72,71,84,45,46,"177cm | 5'10""",0,-,-,FC Sochaux-Montbéliard,Algeria
Semir Štilić,75,CAM,,0,3,2,53,69,80,75,48,62,"183cm | 6'0""",0,-,-,Lech Poznań,Bosnia Herzegovina
Aubameyang,75,RW,,0,3,3,89,70,67,76,57,75,"185cm | 6'1""",0,-,-,A.S. Saint-Etienne,Gabon
Delvin N'Dinga,75,CDM,,0,3,3,73,53,63,59,78,64,"181cm | 5'11""",0,-,-,AJ Auxerre,Congo
Libor Kozák,75,ST,,0,2,3,65,66,36,66,55,82,"192cm | 6'4""",0,-,-,Lazio,Czech Republic
Kevin Trapp,75,GK,,0,1,3,76,73,73,78,56,71,"189cm | 6'2""",0,-,-,1. FC Kaiserslautern,Germany
Rodnei F. de Lima,75,CB,,0,2,4,66,54,55,53,78,76,"190cm | 6'3""",0,-,-,1. FC Kaiserslautern,Brazil
Susaeta,75,RW,,0,3,4,83,69,73,76,47,60,"179cm | 5'10""",0,-,-,Athletic Club de Bilbao,Spain
Davide Santon,75,LB,,0,2,3,83,60,72,74,74,71,"187cm | 6'2""",0,-,-,Newcastle United,Italy
Jeffrén,75,RW,,0,4,4,85,68,69,80,61,67,"176cm | 5'9""",0,-,-,Sporting CP,Spain
Sílvio Manuel Azevedo Ferreira,75,RB,,0,2,4,80,65,74,74,74,73,"177cm | 5'10""",0,-,-,Club Atlético de Madrid S.A.D.,Portugal
Mehmet Ekici,75,CAM,,0,3,4,73,72,73,78,62,54,"180cm | 5'11""",0,-,-,Werder Bremen,Turkey
Eliton Deola,75,GK,,0,1,1,80,76,66,81,30,77,"189cm | 6'2""",0,-,-,Palmeiras,Brazil
Fábio,75,LB,,0,3,4,83,58,73,77,71,62,"172cm | 5'8""",0,-,-,Manchester United,Brazil
Markus Henriksen,75,CM,,0,3,4,73,68,71,73,74,68,"187cm | 6'2""",0,-,-,Rosenborg BK,Norway
Celso Borges,75,CF,,0,3,3,75,76,70,65,64,83,"185cm | 6'1""",0,-,-,Fredrikstad FK,Costa Rica
Ahmed Elmohamady,75,RM,,0,3,3,80,70,76,74,68,75,"180cm | 5'11""",0,-,-,Sunderland,Egypt
Rafael,75,GK,,0,1,2,80,74,67,81,55,76,"186cm | 6'1""",0,-,-,Santos,Brazil
Marc-André ter Stegen,75,GK,,0,1,4,73,75,82,80,60,72,"189cm | 6'2""",0,-,-,Borussia M'gladbach,Germany
Elkeson,75,CAM,,0,5,4,74,73,71,80,65,72,"179cm | 5'10""",0,-,-,Botafogo,Brazil
Holger Badstuber,75,CB,,0,2,3,60,57,68,49,75,74,"189cm | 6'2""",0,-,-,Bayern München,Germany
Kevin De Bruyne,75,LM,,0,3,5,74,72,78,75,46,49,"180cm | 5'11""",0,-,-,KRC Genk,Belgium
Manuel Schmiedebach,75,CDM,,0,3,4,73,52,73,68,73,71,"170cm | 5'7""",0,-,-,Hannover 96,Germany
André Felipe Ribeiro de Souza,75,ST,,0,3,3,81,69,54,76,50,71,"182cm | 6'0""",0,-,-,Atlético Mineiro,Brazil
Baena,75,CDM,,0,2,4,61,55,68,63,77,68,"183cm | 6'0""",0,-,-,R.C.D. Espanyol de Barcelona S.A.D.,Spain
Martínez,75,ST,,0,4,4,88,69,64,76,53,79,"185cm | 6'1""",0,-,-,Jaguares de Chiapas,Colombia
Jordan Ayew,75,ST,,0,3,4,80,76,68,78,47,61,"182cm | 6'0""",0,-,-,Olympique de Marseille,Ghana
Isco,75,CAM,,0,3,3,78,61,68,83,56,55,"175cm | 5'9""",0,-,-,Málaga Club de Fútbol S.A.D.,Spain
Dušan Tadic,75,LW,,0,4,4,78,70,80,79,58,63,"181cm | 5'11""",0,-,-,FC Groningen,Serbia
Nolito,75,LM,,0,4,2,86,69,67,85,51,61,"174cm | 5'9""",0,-,-,Sport Lisboa Benfica,Spain
Emmanuel Emenike,75,ST,,0,3,3,81,75,52,69,58,60,"182cm | 6'0""",0,-,-,Spartak Moskva,Nigeria
Roberto Firmino,75,CAM,,0,4,3,74,70,71,79,48,72,"180cm | 5'11""",0,-,-,TSG 1899 Hoffenheim,Brazil
Alejandro Martinuccio,75,CF,,0,3,3,70,72,75,78,48,61,"172cm | 5'8""",0,-,-,Fluminense,Argentina
Eran Zahavi,75,CAM,,0,4,4,62,73,73,82,51,70,"178cm | 5'10""",0,-,-,Palermo,Israel
Hugo Miguel Ribeiro Leal,74,CM,,0,3,4,44,70,80,74,62,52,"180cm | 5'11""",0,-,-,Vitória de Setúbal,Portugal
David Vaughan,74,CM,,0,3,3,59,68,74,75,68,64,"170cm | 5'7""",0,-,-,Sunderland,Wales
Frank Rost,74,GK,,0,1,3,72,74,70,75,32,80,"194cm | 6'4""",0,-,-,New York Red Bulls,Germany
Ludovic Giuly,74,CAM,,0,4,3,74,73,75,75,47,44,"164cm | 5'5""",0,-,-,AS Monaco FC,France
Martin Stranzl,74,CB,,0,2,3,60,54,66,57,76,70,"190cm | 6'3""",0,-,-,Borussia M'gladbach,Austria
Raúl Tamudo Montero,74,ST,,0,3,3,73,71,62,77,48,65,"180cm | 5'11""",0,-,-,Rayo Vallecano de Madrid S.A.D.,Spain
Eliseu Pereira dos Santos,74,LB,,0,3,4,92,69,68,75,73,68,"175cm | 5'9""",0,-,-,Málaga Club de Fútbol S.A.D.,Portugal
Hasan Salihamidžić,74,RM,,0,2,4,65,62,76,72,70,69,"176cm | 5'9""",0,-,-,VfL Wolfsburg,Bosnia Herzegovina
Simon Jentzsch,74,GK,,0,1,3,77,75,68,76,36,70,"196cm | 6'5""",0,-,-,FC Augsburg,Germany
Benjamin Nivet,74,CAM,,0,3,3,50,72,71,72,56,55,"178cm | 5'10""",0,-,-,Stade Malherbe Caen,France
Armando Gonçalves Teixeira,74,CDM,,0,3,3,46,69,71,63,73,65,"176cm | 5'9""",0,-,-,1. FC Köln,Portugal
Marco Marchionni,74,RM,,0,3,3,80,69,71,78,56,57,"175cm | 5'9""",0,-,-,Fiorentina,Italy
Rémy Vercoutre,74,GK,,0,1,2,77,72,73,80,51,73,"185cm | 6'1""",0,-,-,Olympique Lyonnais,France
Wilfred Bouma,74,CB,,0,2,3,60,60,72,63,74,75,"181cm | 5'11""",0,-,-,PSV,Netherlands
Clemens Fritz,74,RM,,0,3,3,79,62,73,73,72,71,"183cm | 6'0""",0,-,-,Werder Bremen,Germany
Stefano Morrone,74,CDM,,0,2,4,61,61,71,71,72,60,"178cm | 5'10""",0,-,-,Parma,Italy
Titus Bramble,74,CB,,0,2,3,69,42,54,35,78,82,"185cm | 6'1""",0,-,-,Sunderland,England
Richarlyson Barbosa Felisbino,74,CDM,,0,4,2,77,69,68,75,71,65,"176cm | 5'9""",0,-,-,Atlético Mineiro,Brazil
Marco Streller,74,ST,,0,3,3,64,64,58,73,61,73,"195cm | 6'5""",0,-,-,FC Basel 1893,Switzerland
Albert Crusat Domene,74,LW,,0,3,2,93,62,56,77,46,53,"162cm | 5'4""",0,-,-,Wigan Athletic,Spain
Jonatan Soriano,74,ST,,0,3,3,74,72,59,70,52,74,"180cm | 5'11""",0,-,-,F.C. Barcelona,Spain
Tiago Alexandre Baptista Ferreira,74,GK,,0,1,3,72,74,73,74,35,74,"184cm | 6'0""",0,-,-,Sporting CP,Portugal
Daniel González Güiza,74,ST,,0,3,4,73,74,56,68,50,63,"180cm | 5'11""",0,-,-,Getafe Club de Fútbol S.A.D.,Spain
Custódio Miguel Dias de Castro,74,CDM,,0,2,3,67,59,71,65,72,69,"180cm | 5'11""",0,-,-,SC Braga,Portugal
Rubén González Rocha,74,CB,,0,2,3,55,38,62,44,75,73,"187cm | 6'2""",0,-,-,Club Atlético Osasuna,Spain
Pedro Mario Álvarez Abrante,74,CB,,0,2,3,66,46,52,48,74,81,"178cm | 5'10""",0,-,-,Real Betis Balompié S.A.D. ,Spain
Mikel Aranburu Eizagirre,74,CDM,,0,3,4,55,67,65,59,75,64,"180cm | 5'11""",0,-,-,Real Sociedad de Fútbol S.A.D.,Spain
David Navarro Pedrós,74,CB,,0,2,3,65,49,62,53,76,75,"183cm | 6'0""",0,-,-,Neuchâtel Xamax,Spain
Javier Garrido Behobide,74,LB,,0,2,3,72,66,72,66,71,66,"180cm | 5'11""",0,-,-,Lazio,Spain
Josep Lluis Martí Soler,74,CM,,0,3,4,49,67,76,67,71,63,"180cm | 5'11""",0,-,-,Real Club Deportivo Mallorca S.A.D.,Spain
Andreas Wolf,74,CB,,0,2,3,56,47,59,40,75,74,"182cm | 6'0""",0,-,-,Werder Bremen,Germany
David López Moreno,74,RW,,0,3,4,71,72,81,74,52,50,"181cm | 5'11""",0,-,-,Athletic Club de Bilbao,Spain
Antonio López Guerrero,74,LB,,0,2,3,72,59,68,62,76,70,"175cm | 5'9""",0,-,-,Club Atlético de Madrid S.A.D.,Spain
Manuel Almunia Rivero,74,GK,,0,1,3,76,74,77,75,50,68,"193cm | 6'4""",0,-,-,Arsenal,Spain
Rubén Suárez Estrada,74,CAM,,0,3,4,68,75,75,72,50,58,"167cm | 5'6""",0,-,-,Levante Unión Deportiva S.A.D.,Spain
Fábio Aurélio Rodrígues,74,LB,,0,3,2,65,65,80,68,73,66,"173cm | 5'8""",0,-,-,Liverpool,Brazil
Juan Jesús Calatayud Sánchez,74,GK,,0,1,3,76,71,64,80,56,74,"191cm | 6'3""",0,-,-,Real Club Deportivo Mallorca S.A.D.,Spain
Sébastien Roudet,74,CAM,,0,3,2,71,69,76,75,59,43,"180cm | 5'11""",0,-,-,FC Sochaux-Montbéliard,France
Geoffrey Dernis,74,LW,,0,3,3,74,77,75,73,57,52,"171cm | 5'7""",0,-,-,Montpellier Hérault Sport Club,France
Stéphane Dalmat,74,CAM,,0,3,3,66,72,75,75,60,59,"180cm | 5'11""",0,-,-,Stade Rennais FC,France
Paulo Renato Rebocho Ferreira,74,RB,,0,2,3,60,39,71,65,74,74,"183cm | 6'0""",0,-,-,Chelsea,Portugal
Johan Wiland,74,GK,,0,1,3,75,73,69,81,46,75,"188cm | 6'2""",0,-,-,FC København,Sweden
Joseph Yobo,74,CB,,0,2,3,70,45,58,60,75,74,"188cm | 6'2""",0,-,-,Everton,Nigeria
Umut Bulut,74,ST,,0,3,2,77,71,59,65,53,77,"184cm | 6'0""",0,-,-,Toulouse FC,Turkey
Mimoun Azaouagh,74,CAM,,0,4,3,75,71,70,81,42,56,"175cm | 5'9""",0,-,-,VfL Bochum,Germany
Sylvain Armand,74,CB,,0,2,3,65,60,74,69,75,71,"182cm | 6'0""",0,-,-,Paris Saint-Germain,France
Gaël Danic,74,LW,,0,3,3,81,68,73,75,50,54,"176cm | 5'9""",0,-,-,Valenciennes FC,France
Daniel Örlund,74,GK,,0,1,3,76,75,67,77,56,75,"194cm | 6'4""",0,-,-,Rosenborg BK,Sweden
Atiba Hutchinson,74,CM,,0,3,4,75,64,70,73,67,68,"185cm | 6'1""",0,-,-,PSV,Canada
Dušan Djurić,74,LM,,0,3,4,75,68,72,73,61,61,"180cm | 5'11""",0,-,-,FC Zürich,Sweden
Malik Fathi,74,LB,,0,2,4,63,43,72,67,76,78,"185cm | 6'1""",0,-,-,1. FSV Mainz 05,Germany
Scott Brown,74,RM,,0,3,3,85,64,68,74,76,58,"178cm | 5'10""",0,-,-,Celtic,Scotland
Gary Caldwell,74,CB,,0,2,3,54,28,63,61,74,83,"180cm | 5'11""",0,-,-,Wigan Athletic,Scotland
Martin Jiránek,74,CB,,0,2,3,74,56,68,58,77,78,"190cm | 6'3""",0,-,-,Terek Grozny,Czech Republic
Anders Lindegaard,74,GK,,0,1,3,77,73,78,77,47,72,"193cm | 6'4""",0,-,-,Manchester United,Denmark
Martin Lanig,74,CDM,,0,2,3,57,70,73,67,75,76,"190cm | 6'3""",0,-,-,1. FC Köln,Germany
Carlos Renato de Abreu,74,CM,,0,3,2,63,77,76,76,68,69,"183cm | 6'0""",0,-,-,Flamengo,Brazil
Marco Cassetti,74,RB,,0,2,3,72,58,72,68,75,67,"187cm | 6'2""",0,-,-,Roma,Italy
Carlos Alberto Gomes de Jesus,74,CAM,,0,5,4,64,70,74,78,52,51,"178cm | 5'10""",0,-,-,Bahia,Brazil
Matteo Brighi,74,CM,,0,2,3,70,68,74,71,72,69,"178cm | 5'10""",0,-,-,A. Bergamo,Italy
Gaby Mudingayi,74,CDM,,0,2,3,73,60,67,62,79,68,"180cm | 5'11""",0,-,-,Bologna,Belgium
Asier Del Horno Cosgaya,74,LB,,0,2,4,69,62,69,70,74,79,"183cm | 6'0""",0,-,-,Levante Unión Deportiva S.A.D.,Spain
André Luiz Silva do Nascimento,74,CB,,0,2,3,57,47,54,42,75,80,"185cm | 6'1""",0,-,-,A.S. Nancy Lorraine,Brazil
Daniel da Silva Carvalho,74,CAM,,0,4,4,67,78,75,78,60,61,"178cm | 5'10""",0,-,-,Atlético Mineiro,Brazil
Jonas Olsson,74,CB,,0,2,3,55,56,66,50,76,72,"193cm | 6'4""",0,-,-,West Bromwich Albion,Sweden
Sergio García,74,CF,,0,3,3,67,73,67,81,51,56,"175cm | 5'9""",0,-,-,R.C.D. Espanyol de Barcelona S.A.D.,Spain
Ricardo López Felipe,74,GK,,0,1,3,77,73,76,69,50,79,"187cm | 6'2""",0,-,-,Club Atlético Osasuna,Spain
Alberto Rivera Pizarro,74,CM,,0,3,4,66,60,76,76,60,59,"170cm | 5'7""",0,-,-,Real Sporting de Gijón S.A.D.,Spain
Iriney Santos da Silva,74,CDM,,0,3,3,67,62,67,76,74,63,"179cm | 5'10""",0,-,-,Real Betis Balompié S.A.D. ,Brazil
Luís Alberto Silva dos Santos,74,CDM,,0,2,4,64,63,70,67,75,82,"183cm | 6'0""",0,-,-,CD Nacional,Brazil
Francesco Antonioli,74,GK,,0,1,2,72,74,60,76,50,80,"187cm | 6'2""",0,-,-,A.C. Cesena,Italy
Pasquale Foggia,74,CAM,,0,4,4,82,65,73,78,47,43,"167cm | 5'6""",0,-,-,Sampdoria,Italy
Gianluca Grava,74,CB,,0,2,2,60,31,58,43,74,69,"172cm | 5'8""",0,-,-,Napoli,Italy
Diego Cavalieri,74,GK,,0,1,2,75,75,72,74,50,75,"191cm | 6'3""",0,-,-,Fluminense,Brazil
Yann Jouffre,74,RM,,0,3,3,74,64,77,73,56,52,"175cm | 5'9""",0,-,-,FC Lorient Bretagne Sud,France
Jordan Lotiès,74,CB,,0,2,3,71,59,64,55,75,76,"190cm | 6'3""",0,-,-,A.S. Nancy Lorraine,France
Pape Malikou Diakhaté,74,CB,,0,2,2,62,48,55,50,77,80,"184cm | 6'0""",0,-,-,Granada Club de Fútbol,Senegal
Willamis de Souza Silva,74,CAM,,0,4,3,67,76,77,77,64,56,"173cm | 5'8""",0,-,-,Fluminense,Brazil
David Rozehnal,74,CB,,0,2,3,46,44,65,41,77,77,"191cm | 6'3""",0,-,-,LOSC Lille Métropole,Czech Republic
João Paulo Andrade,74,CB,,0,2,3,55,59,56,60,75,77,"182cm | 6'0""",0,-,-,Vitória de Guimarães,Portugal
Lincoln Cássio de Souza Soares,74,CAM,,0,5,3,60,73,77,75,51,52,"175cm | 5'9""",0,-,-,A. Florianópolis,Brazil
Rubén Olivera,74,CF,,0,3,3,75,71,68,76,58,67,"184cm | 6'0""",0,-,-,Lecce,Uruguay
Almen Abdi,74,CAM,,0,2,3,70,66,74,73,64,58,"182cm | 6'0""",0,-,-,Udinese,Switzerland
Diego Costa Silva,74,GK,,0,1,2,73,76,68,74,43,77,"188cm | 6'2""",0,-,-,Vitória de Setúbal,Brazil
Luca Rigoni,74,CDM,,0,2,3,60,57,67,64,76,73,"185cm | 6'1""",0,-,-,Chievo Verona,Italy
Leonardo Ponzio,74,CDM,,0,2,3,69,63,63,66,75,62,"178cm | 5'10""",0,-,-,Real Zaragoza S.A.D.,Argentina
Luis Michel,74,GK,,0,1,3,75,70,71,76,49,75,"178cm | 5'10""",0,-,-,Guadalajara,Mexico
Mauro Cetto,74,CB,,0,2,4,62,42,57,51,74,75,"182cm | 6'0""",0,-,-,Palermo,Argentina
Carlos Salcido,74,CDM,,0,2,4,77,52,68,72,72,76,"176cm | 5'9""",0,-,-,Tigres U.A.N.L.,Mexico
Frédéric Piquionne,74,ST,,0,3,4,75,70,59,70,56,80,"188cm | 6'2""",0,-,-,West Ham United,France
Jung Woo Kim,74,ST,,0,3,4,77,75,74,71,71,76,"183cm | 6'0""",0,-,-,Gwangju Sangmu FC,Korea Republic
Maik Franz,74,CB,,0,2,3,58,46,51,33,77,68,"190cm | 6'3""",0,-,-,Hertha BSC,Germany
Javi Guerra,74,ST,,0,3,3,77,69,52,66,56,78,"179cm | 5'10""",0,-,-,Real Valladolid Club de Fútbol S.A.D.,Spain
Dmitriy Sychev,74,ST,,0,3,3,81,73,73,75,55,71,"176cm | 5'9""",0,-,-,Lokomotiv Moskva,Russia
Jérémy Morel,74,LB,,0,3,3,82,65,73,71,72,73,"172cm | 5'8""",0,-,-,Olympique de Marseille,France
Jô,74,ST,,0,3,3,80,71,60,77,53,75,"189cm | 6'2""",0,-,-,I. Porto Alegre,Brazil
Roland Juhász,74,CB,,0,2,1,51,52,57,46,75,75,"193cm | 6'4""",0,-,-,RSC Anderlecht,Hungary
Cláudio Maldonado,74,CDM,,0,2,3,61,53,72,71,74,65,"174cm | 5'9""",0,-,-,Flamengo,Chile
Elyaniv Barda,74,CF,,0,3,4,77,71,69,75,54,70,"178cm | 5'10""",0,-,-,KRC Genk,Israel
Jorge Andrés Martínez,74,LW,,0,5,4,62,71,71,82,62,81,"181cm | 5'11""",0,-,-,A.C. Cesena,Uruguay
Stipe Pletikosa,74,GK,,0,1,3,74,72,73,73,64,78,"193cm | 6'4""",0,-,-,FC Rostov,Croatia
Oscar Wendt,74,LB,,0,3,2,79,66,76,66,75,69,"181cm | 5'11""",0,-,-,Borussia M'gladbach,Sweden
Leandro Greco,74,CDM,,0,2,3,72,63,73,71,72,70,"183cm | 6'0""",0,-,-,Roma,Italy
Bruno Saltor,74,RB,,0,2,3,69,43,73,58,77,62,"181cm | 5'11""",0,-,-,Valencia Club de Fútbol S.A.D.,Spain
Pedro Ríos Maestre,74,RM,,0,3,3,78,72,69,78,50,58,"175cm | 5'9""",0,-,-,Getafe Club de Fútbol S.A.D.,Spain
Ángel Dealbert Ibáñez,74,CB,,0,2,3,58,45,53,47,77,76,"185cm | 6'1""",0,-,-,Valencia Club de Fútbol S.A.D.,Spain
César Arzo,74,CB,,0,2,4,69,53,69,67,75,76,"186cm | 6'1""",0,-,-,KAA Gent,Spain
Javier Pinola,74,LB,,0,3,3,74,53,66,69,73,71,"180cm | 5'11""",0,-,-,1. FC Nürnberg,Argentina
Miguel Flaño,74,CB,,0,2,3,64,43,51,53,76,79,"177cm | 5'10""",0,-,-,Club Atlético Osasuna,Spain
Diniyar Bilyaletdinov,74,LM,,0,5,4,71,82,77,75,51,67,"185cm | 6'1""",0,-,-,Everton,Russia
Denis Kolodin,74,CB,,0,2,3,69,73,67,59,75,75,"186cm | 6'1""",0,-,-,Dinamo Moskva,Russia
Alexey Berezutskiy,74,LB,,0,2,2,71,51,68,60,77,76,"190cm | 6'3""",0,-,-,CSKA Moskva,Russia
Renat Yanbaev,74,LB,,0,3,4,82,59,76,72,69,63,"178cm | 5'10""",0,-,-,Lokomotiv Moskva,Russia
Sławomir Peszko,74,LM,,0,3,4,87,66,70,76,47,47,"173cm | 5'8""",0,-,-,1. FC Köln,Poland
Guglielmo Stendardo,74,CB,,0,2,3,48,42,50,35,80,67,"190cm | 6'3""",0,-,-,Lazio,Italy
Marco Biagianti,74,CDM,,0,3,3,68,64,73,71,72,63,"180cm | 5'11""",0,-,-,Catania,Italy
John Pantsil,74,RB,,0,2,4,77,58,68,63,76,71,"178cm | 5'10""",0,-,-,Leicester City,Ghana
Alexei Eremenko,74,CAM,,0,3,4,69,71,72,74,53,60,"183cm | 6'0""",0,-,-,Rubin Kazan,Finland
Martin Vingaard,74,RM,,0,3,4,74,72,72,69,68,62,"180cm | 5'11""",0,-,-,FC København,Denmark
Peter Utaka,74,ST,,0,3,3,84,67,48,75,57,72,"177cm | 5'10""",0,-,-,Odense Boldklub,Nigeria
Bobô,74,ST,,0,3,3,58,71,61,68,56,64,"186cm | 6'1""",0,-,-,Cruzeiro,Brazil
Danilo Gabriel de Andrade,74,CAM,,0,3,4,53,73,79,72,62,62,"186cm | 6'1""",0,-,-,Corinthians,Brazil
Jussiê Ferreira Vieira,74,CAM,,0,3,3,73,74,73,79,53,65,"181cm | 5'11""",0,-,-,Girondins de Bordeaux,Brazil
Magnus Wolff Eikrem,74,CM,,0,4,3,73,61,70,73,66,64,"178cm | 5'10""",0,-,-,Molde FK,Norway
Hilton,74,CB,,0,2,4,50,48,70,60,73,79,"182cm | 6'0""",0,-,-,Montpellier Hérault Sport Club,Brazil
Manuel Pasqual,74,LB,,0,2,2,77,61,73,74,70,69,"178cm | 5'10""",0,-,-,Fiorentina,Italy
Joseba Llorente Etxarri,74,ST,,0,3,3,66,71,58,65,54,77,"184cm | 6'0""",0,-,-,Real Sociedad de Fútbol S.A.D.,Spain
Rodrigo Baldasso da Costa,74,CB,,0,2,2,63,61,58,38,78,79,"182cm | 6'0""",0,-,-,I. Porto Alegre,Brazil
Karim Haggui,74,CB,,0,2,3,61,38,54,47,75,73,"190cm | 6'3""",0,-,-,Hannover 96,Tunisia
Koffi Romaric N'Dri,74,CM,,0,3,3,52,75,84,70,71,58,"187cm | 6'2""",0,-,-,R.C.D. Espanyol de Barcelona S.A.D.,Ivory Coast
Juan Arango,74,LM,,0,3,3,59,75,77,77,45,54,"180cm | 5'11""",0,-,-,Borussia M'gladbach,Venezuela
Ashkan Dejagah,74,RM,,0,3,4,79,68,70,78,51,66,"181cm | 5'11""",0,-,-,VfL Wolfsburg,Germany
Mohammed Tchité,74,ST,,0,3,3,93,70,54,67,47,73,"177cm | 5'10""",0,-,-,Standard de Liège,Rwanda
Benoît Costil,74,GK,,0,1,3,74,73,65,78,46,75,"186cm | 6'1""",0,-,-,Stade Rennais FC,France
Salvador Sevilla López,74,CM,,0,3,3,65,72,78,69,61,60,"178cm | 5'10""",0,-,-,Real Betis Balompié S.A.D. ,Spain
Gelson Tavares Fernandes,74,CDM,,0,3,3,79,63,66,69,70,68,"183cm | 6'0""",0,-,-,Leicester City,Switzerland
Ezequiel Miralles,74,ST,,0,4,3,55,74,56,72,57,82,"176cm | 5'9""",0,-,-,Grêmio,Argentina
Jean Beausejour,74,LM,,0,4,3,83,69,71,77,69,63,"177cm | 5'10""",0,-,-,Birmingham City,Chile
Christian Gentner,74,CDM,,0,2,4,71,66,76,70,73,69,"189cm | 6'2""",0,-,-,VfB Stuttgart,Germany
Raffaele Palladino,74,CF,,0,4,4,81,68,65,84,53,62,"180cm | 5'11""",0,-,-,Parma,Italy
Andy Wilkinson,74,RB,,0,2,3,65,40,59,62,72,72,"180cm | 5'11""",0,-,-,Stoke City,England
Stephen Hunt,74,LM,,0,3,3,77,71,69,74,65,67,"172cm | 5'8""",0,-,-,Wolverhampton Wanderers,Republic of Ireland
François Clerc,74,RB,,0,2,4,68,49,69,53,77,73,"187cm | 6'2""",0,-,-,OGC Nice,France
Luciano Becchio,74,ST,,0,3,4,67,70,54,69,67,87,"187cm | 6'2""",0,-,-,Leeds United,Argentina
Alexander Baumjohann,74,CAM,,0,3,4,62,68,70,77,50,61,"178cm | 5'10""",0,-,-,FC Schalke 04,Germany
Liam Ridgewell,74,CB,,0,2,2,74,44,61,60,73,85,"188cm | 6'2""",0,-,-,Birmingham City,England
Emanuel Villa,74,ST,,0,3,3,70,71,64,66,56,89,"180cm | 5'11""",0,-,-,Cruz Azul,Argentina
Henri. Hilário Meireles Alves S.,74,GK,,0,1,2,79,67,59,84,50,69,"189cm | 6'2""",0,-,-,Chelsea,Portugal
Phil Bardsley,74,RB,,0,2,3,68,58,64,68,75,71,"180cm | 5'11""",0,-,-,Sunderland,Scotland
Glenn Whelan,74,CM,,0,3,4,69,67,76,68,69,64,"180cm | 5'11""",0,-,-,Stoke City,Republic of Ireland
Danny Graham,74,ST,,0,2,3,77,69,56,67,60,76,"185cm | 6'1""",0,-,-,Swansea City,England
Andrea Coda,74,CB,,0,2,3,53,38,59,49,76,71,"188cm | 6'2""",0,-,-,Udinese,Italy
Andrea Lazzari,74,CM,,0,4,4,76,74,77,76,64,60,"184cm | 6'0""",0,-,-,Fiorentina,Italy
Geoffrey Jourdren,74,GK,,0,1,3,79,69,75,80,47,75,"181cm | 5'11""",0,-,-,Montpellier Hérault Sport Club,France
Alexis Thébaux,74,GK,,0,1,3,73,75,67,84,57,73,"185cm | 6'1""",0,-,-,Stade Malherbe Caen,France
Alexandro Silva da Souza,74,CDM,,0,2,3,60,64,73,72,74,72,"186cm | 6'1""",0,-,-,Atlético Mineiro,Brazil
Onuoha,74,CB,,0,2,3,77,38,60,69,79,76,"183cm | 6'0""",0,-,-,Manchester City,England
Brad Guzan,74,GK,,0,1,1,78,72,70,80,54,69,"193cm | 6'4""",0,-,-,Aston Villa,United States
Lee Wallace,74,LB,,0,2,3,87,34,65,66,76,77,"185cm | 6'1""",0,-,-,Rangers,Scotland
Ivanildo Soares Cassamá,74,LW,,0,3,4,89,60,65,76,44,42,"175cm | 5'9""",0,-,-,S.C. Olhanense,Guinea Bissau
Eugen Polanski,74,CDM,,0,3,3,65,67,69,66,75,69,"183cm | 6'0""",0,-,-,1. FSV Mainz 05,Poland
Joe Ledley,74,CM,,0,3,2,81,63,75,74,71,75,"183cm | 6'0""",0,-,-,Celtic,Wales
Gabriel Paletta,74,CB,,0,2,3,65,49,57,47,78,76,"190cm | 6'3""",0,-,-,Parma,Argentina
Antonio Caio Silva Sousa,74,CAM,,0,4,4,70,70,71,80,58,56,"167cm | 5'6""",0,-,-,Atlético Mineiro,Brazil
Darío Bottinelli,74,CAM,,0,3,4,66,76,74,76,54,55,"167cm | 5'6""",0,-,-,Flamengo,Argentina
Danilo Veron Bairros,74,RW,,0,4,3,89,68,70,77,54,68,"165cm | 5'5""",0,-,-,Tigres U.A.N.L.,Brazil
Antonio Marcos da Silva Filho,74,CDM,,0,3,4,63,58,71,69,71,60,"174cm | 5'9""",0,-,-,Cruzeiro,Brazil
Ron Vlaar,74,CB,,0,2,3,52,60,62,49,81,64,"190cm | 6'3""",0,-,-,Feyenoord,Netherlands
Itey Shechter,74,CF,,0,3,3,76,67,59,78,50,65,"178cm | 5'10""",0,-,-,1. FC Kaiserslautern,Israel
Ángel Reyna,74,CAM,,0,4,5,78,70,70,79,58,65,"169cm | 5'7""",0,-,-,América,Mexico
Scott Sinclair,74,LW,,0,4,3,92,66,55,82,45,54,"177cm | 5'10""",0,-,-,Swansea City,England
Tarik Elyounoussi,74,ST,,0,4,4,88,70,56,78,52,77,"172cm | 5'8""",0,-,-,Fredrikstad FK,Norway
Carlos Vela,74,ST,,0,4,3,86,73,67,76,46,66,"178cm | 5'10""",0,-,-,Real Sociedad de Fútbol S.A.D.,Mexico
Darron Gibson,74,CM,,0,2,4,70,68,78,69,68,69,"183cm | 6'0""",0,-,-,Manchester United,Republic of Ireland
Aquivaldo Mosquera,74,CB,,0,2,3,65,46,60,61,77,74,"183cm | 6'0""",0,-,-,América,Colombia
André Filipe Alves Monteiro,74,RW,,0,3,4,80,66,69,77,49,66,"176cm | 5'9""",0,-,-,SC Braga,Portugal
Marvin Compper,74,CB,,0,2,3,59,41,66,57,76,72,"185cm | 6'1""",0,-,-,TSG 1899 Hoffenheim,Germany
Erik Lamela,74,CF,,0,5,3,77,72,69,79,48,62,"183cm | 6'0""",0,-,-,Roma,Argentina
Alejandro Alonso,74,RM,,0,4,3,69,65,72,76,50,48,"172cm | 5'8""",0,-,-,A.S. Saint-Etienne,Argentina
Tim Krul,74,GK,,0,1,2,78,73,68,78,50,69,"188cm | 6'2""",0,-,-,Newcastle United,Netherlands
Nicolás Fedor Flores,74,ST,,0,3,3,80,71,53,74,57,67,"185cm | 6'1""",0,-,-,Getafe Club de Fútbol S.A.D.,Venezuela
Rafael López Gómez,74,CB,,0,2,4,59,48,64,58,74,74,"183cm | 6'0""",0,-,-,Getafe Club de Fútbol S.A.D.,Spain
Henrique Sereno Fonseca,74,CB,,0,2,3,75,43,61,56,74,73,"185cm | 6'1""",0,-,-,1. FC Köln,Portugal
José María Basanta,74,CB,,0,2,3,69,61,61,64,77,71,"188cm | 6'2""",0,-,-,Monterrey,Argentina
David Zurutuza Veillet,74,CAM,,0,3,3,68,65,73,77,58,62,"184cm | 6'0""",0,-,-,Real Sociedad de Fútbol S.A.D.,France
Marco Andreolli,74,CB,,0,2,3,63,40,52,42,77,76,"186cm | 6'1""",0,-,-,Chievo Verona,Italy
Sokratis,74,CB,,0,2,3,65,52,62,46,77,77,"183cm | 6'0""",0,-,-,Werder Bremen,Greece
Keiren Westwood,74,GK,,0,1,3,79,73,71,80,50,68,"188cm | 6'2""",0,-,-,Sunderland,Republic of Ireland
Óscar Trejo,74,RM,,0,3,4,81,63,65,82,46,58,"170cm | 5'7""",0,-,-,Real Sporting de Gijón S.A.D.,Argentina
Luca Cigarini,74,CM,,0,3,4,67,69,81,73,60,49,"175cm | 5'9""",0,-,-,A. Bergamo,Italy
Benny Feilhaber,74,CAM,,0,3,4,70,66,70,74,66,65,"175cm | 5'9""",0,-,-,New England Revolution,United States
Simon Mignolet,74,GK,,0,1,3,78,81,80,81,60,57,"193cm | 6'4""",0,-,-,Sunderland,Belgium
Zlatko Junuzovic,74,CAM,,0,4,4,76,70,71,78,41,56,"172cm | 5'8""",0,-,-,FK Austria Wien,Austria
James Tomkins,74,CB,,0,2,2,65,32,50,42,74,85,"191cm | 6'3""",0,-,-,West Ham United,England
Miguel Marcos Madera,74,CM,,0,3,4,67,68,75,68,68,60,"183cm | 6'0""",0,-,-,Getafe Club de Fútbol S.A.D.,Spain
Maynor Figueroa,74,LB,,0,3,2,86,63,68,67,76,61,"180cm | 5'11""",0,-,-,Wigan Athletic,Honduras
Jan Ďurica,74,CB,,0,2,3,72,47,57,61,76,79,"187cm | 6'2""",0,-,-,Lokomotiv Moskva,Slovakia
Jan Rosenthal,74,CAM,,0,3,3,66,72,72,75,56,69,"186cm | 6'1""",0,-,-,SC Freiburg,Germany
Bruno Alexandre Marques Pereirinha,74,RM,,0,3,3,84,66,71,75,61,61,"175cm | 5'9""",0,-,-,Sporting CP,Portugal
Jozy Altidore,74,ST,,0,3,4,74,73,53,72,63,80,"186cm | 6'1""",0,-,-,AZ Alkmaar,United States
Garry Bocaly,74,RB,,0,2,3,79,55,71,59,73,68,"180cm | 5'11""",0,-,-,Montpellier Hérault Sport Club,France
McDonald Mariga,74,CDM,,0,2,3,68,60,69,64,78,74,"188cm | 6'2""",0,-,-,Real Sociedad de Fútbol S.A.D.,Kenya
Piet Velthuizen,74,GK,,0,1,3,75,71,64,80,57,69,"189cm | 6'2""",0,-,-,Vitesse,Netherlands
Mathieu Coutadeur,74,CAM,,0,2,4,74,67,68,71,64,68,"170cm | 5'7""",0,-,-,FC Lorient Bretagne Sud,France
Julian Schuster,74,CDM,,0,3,3,58,72,75,68,73,72,"190cm | 6'3""",0,-,-,SC Freiburg,Germany
David N'Gog,74,ST,,0,3,3,84,70,56,72,54,72,"190cm | 6'3""",0,-,-,Bolton Wanderers,France
Clément Chantôme,74,CM,,0,2,3,71,55,78,75,69,75,"180cm | 5'11""",0,-,-,Paris Saint-Germain,France
Sergio Sánchez,74,RB,,0,2,2,72,48,68,67,76,75,"185cm | 6'1""",0,-,-,Málaga Club de Fútbol S.A.D.,Spain
Canella,74,LB,,0,3,3,81,58,70,71,75,66,"180cm | 5'11""",0,-,-,Real Sporting de Gijón S.A.D.,Spain
Wout Brama,74,CM,,0,2,3,67,57,72,67,73,69,"176cm | 5'9""",0,-,-,FC Twente,Netherlands
Ruud Vormer,74,CDM,,0,2,3,65,60,74,62,74,59,"178cm | 5'10""",0,-,-,Roda JC,Netherlands
Erik Pieters,74,LB,,0,2,2,72,39,66,61,76,66,"186cm | 6'1""",0,-,-,PSV,Netherlands
Nuno André Coelho,74,CB,,0,2,3,58,53,61,51,77,74,"192cm | 6'4""",0,-,-,SC Braga,Portugal
Xavi Torres,74,CDM,,0,2,3,60,59,66,64,74,60,"184cm | 6'0""",0,-,-,Levante Unión Deportiva S.A.D.,Spain
Mulumbu,74,CDM,,0,2,4,73,58,68,69,75,68,"177cm | 5'10""",0,-,-,West Bromwich Albion,DR Congo
Cédric Mongongu,74,CB,,0,2,3,66,32,65,48,76,76,"188cm | 6'2""",0,-,-,Evian Thonon Gaillard FC,DR Congo
Emiliano Insúa,74,LB,,0,3,2,71,49,67,64,76,69,"179cm | 5'10""",0,-,-,Sporting CP,Argentina
Ralf Fährmann,74,GK,,0,1,3,78,70,72,79,51,69,"194cm | 6'4""",0,-,-,FC Schalke 04,Germany
Sung Yueng Ki,74,CM,,0,2,3,65,72,78,71,67,60,"188cm | 6'2""",0,-,-,Celtic,Korea Republic
Dejan Damjanovic,74,ST,,0,3,4,80,72,66,72,59,76,"187cm | 6'2""",0,-,-,FC Seoul,Montenegro
Luiz Rhodolfo Dini Gaioto,74,CB,,0,2,2,61,55,59,55,77,67,"193cm | 6'4""",0,-,-,São Paulo,Brazil
Makoto Hasebe,74,RM,,0,3,3,73,58,76,73,72,68,"179cm | 5'10""",0,-,-,VfL Wolfsburg,Japan
Thiago Heleno Ferreira,74,CB,,0,2,2,74,48,48,48,76,80,"184cm | 6'0""",0,-,-,Palmeiras,Brazil
Adilson Warken,74,CDM,,0,2,2,61,53,56,63,74,68,"181cm | 5'11""",0,-,-,Grêmio,Brazil
Karim Aït-Fana,74,LW,,0,4,4,79,66,68,78,49,50,"175cm | 5'9""",0,-,-,Montpellier Hérault Sport Club,France
Odil Akhmedov,74,CDM,,0,2,3,72,65,73,76,69,68,"180cm | 5'11""",0,-,-,Anzhi Makhachkala,Uzbekistan
Leonardo David de Moura,74,CDM,,0,3,3,67,77,76,69,73,58,"179cm | 5'10""",0,-,-,Coritiba,Brazil
Michael Johnson,74,CM,,0,3,3,70,67,70,67,73,75,"183cm | 6'0""",0,-,-,Leicester City,England
Álvaro González,74,CM,,0,2,3,77,66,76,72,71,64,"176cm | 5'9""",0,-,-,Lazio,Uruguay
Raúl Bobadilla,74,ST,,0,3,3,71,71,61,74,54,76,"180cm | 5'11""",0,-,-,Borussia M'gladbach,Argentina
Jo Inge Berget,74,CAM,,0,4,4,78,70,67,77,58,58,"184cm | 6'0""",0,-,-,Molde FK,Norway
Cheikh M'Bengue,74,LB,,0,2,3,84,37,69,66,75,67,"183cm | 6'0""",0,-,-,Toulouse FC,Senegal
Daniel Schwaab,74,CB,,0,2,4,73,41,66,68,73,72,"186cm | 6'1""",0,-,-,Bayer 04 Leverkusen,Germany
Fran Mérida,74,CAM,,0,3,2,75,72,72,77,51,48,"173cm | 5'8""",0,-,-,SC Braga,Spain
Nils Petersen,74,ST,,0,2,5,69,69,56,67,55,66,"188cm | 6'2""",0,-,-,Bayern München,Germany
Jean-Armel Kana-Biyik,74,CB,,0,2,2,55,31,47,45,74,74,"183cm | 6'0""",0,-,-,Stade Rennais FC,France
Mehdi Carcela-Gonzalez,74,RM,,0,4,4,85,71,69,82,45,52,"175cm | 5'9""",0,-,-,Anzhi Makhachkala,Morocco
Castro,74,CM,,0,4,3,72,66,74,73,68,55,"175cm | 5'9""",0,-,-,Real Sporting de Gijón S.A.D.,Portugal
Kolbeinn Sigþórsson,74,ST,,0,3,3,80,72,55,66,57,77,"181cm | 5'11""",0,-,-,Ajax,Iceland
Ricky van Wolfswinkel,74,ST,,0,3,4,76,71,52,70,48,70,"186cm | 6'1""",0,-,-,Sporting CP,Netherlands
Martin Olsson,74,LB,,0,3,2,85,64,73,70,72,69,"179cm | 5'10""",0,-,-,Blackburn Rovers,Sweden
Charles,74,CDM,,0,3,4,71,61,71,73,74,68,"173cm | 5'8""",0,-,-,Cruzeiro,Brazil
Davide Lanzafame,74,RW,,0,4,4,85,69,67,75,56,67,"180cm | 5'11""",0,-,-,Catania,Italy
Alberto Lora Ramos,74,RB,,0,2,3,85,60,70,74,70,67,"168cm | 5'6""",0,-,-,Real Sporting de Gijón S.A.D.,Spain
Miguel Ângelo Leonardo Vítor,74,CB,,0,2,2,60,35,56,48,75,82,"183cm | 6'0""",0,-,-,Sport Lisboa Benfica,Portugal
Ömer Toprak,74,CB,,0,2,4,77,43,64,66,74,72,"186cm | 6'1""",0,-,-,Bayer 04 Leverkusen,Germany
Tomáš Hubocan,74,LB,,0,2,4,76,53,62,57,74,75,"183cm | 6'0""",0,-,-,Zenit St. Petersburg,Slovakia
Sven Ulreich,74,GK,,0,1,3,76,73,72,79,38,68,"192cm | 6'4""",0,-,-,VfB Stuttgart,Germany
Ezequiel Muñoz,74,CB,,0,2,3,68,35,50,44,78,78,"185cm | 6'1""",0,-,-,Palermo,Argentina
Alberto Paloschi,74,ST,,0,3,4,77,68,47,69,50,75,"183cm | 6'0""",0,-,-,Chievo Verona,Italy
Mame Diouf,74,ST,,0,3,3,82,65,51,74,52,78,"183cm | 6'0""",0,-,-,Manchester United,Senegal
Carlos Zambrano,74,CB,,0,2,3,68,52,65,66,75,77,"185cm | 6'1""",0,-,-,FC St. Pauli,Peru
Keirrison de Souza Carneiro,74,ST,,0,4,4,77,73,55,71,50,67,"183cm | 6'0""",0,-,-,Cruzeiro,Brazil
Marlos Romero Bonfim,74,CF,,0,5,3,86,70,66,84,53,59,"173cm | 5'8""",0,-,-,São Paulo,Brazil
Paulinho,74,CM,,0,3,3,82,69,70,75,72,65,"180cm | 5'11""",0,-,-,Corinthians,Brazil
Rafael Carioca,74,CDM,,0,3,4,75,59,74,78,67,54,"179cm | 5'10""",0,-,-,Spartak Moskva,Brazil
Matías Suárez,74,CAM,,0,4,4,84,70,71,78,46,59,"182cm | 6'0""",0,-,-,RSC Anderlecht,Argentina
Carlos Carmona,74,CM,,0,2,3,80,58,73,71,67,58,"168cm | 5'6""",0,-,-,A. Bergamo,Chile
Sekou Oliseh,74,RM,,0,4,4,86,66,68,79,48,60,"178cm | 5'10""",0,-,-,CSKA Moskva,Liberia
Nicolas Nkoulou,74,CB,,0,2,3,66,38,64,58,75,77,"180cm | 5'11""",0,-,-,Olympique de Marseille,Cameroon
Miguel Lopes,74,RB,,0,3,2,78,44,68,71,71,68,"182cm | 6'0""",0,-,-,FC Porto,Portugal
Walter Henrique da Silva,74,ST,,0,2,3,61,75,59,73,60,60,"178cm | 5'10""",0,-,-,FC Porto,Brazil
Masoud Shojaei,74,CAM,,0,4,2,67,73,73,88,47,53,"184cm | 6'0""",0,-,-,Club Atlético Osasuna,Iran
Coutinho,74,CAM,,0,4,4,80,63,72,82,41,46,"171cm | 5'7""",0,-,-,Inter,Brazil
Sebastian Rudy,74,CM,,0,3,3,70,69,75,76,70,64,"179cm | 5'10""",0,-,-,TSG 1899 Hoffenheim,Germany
Jean Raphael Vanderlei Moreira,74,CDM,,0,3,3,83,71,72,72,71,69,"170cm | 5'7""",0,-,-,São Paulo,Brazil
Cristian Pasquato,74,CF,,0,3,4,86,74,70,82,46,46,"172cm | 5'8""",0,-,-,Lecce,Italy
Maikon Fernando Souza Leite,74,RW,,0,5,3,91,70,56,82,42,57,"167cm | 5'6""",0,-,-,Palmeiras,Brazil
Willie Overtoom,74,CAM,,0,3,4,85,72,65,77,51,61,"170cm | 5'7""",0,-,-,Heracles Almelo,Netherlands
Vladimir Weiss,74,RM,,0,4,3,85,66,67,79,45,58,"176cm | 5'9""",0,-,-,R.C.D. Espanyol de Barcelona S.A.D.,Slovakia
José Ángel,74,LB,,0,3,3,80,56,73,72,72,61,"182cm | 6'0""",0,-,-,Roma,Spain
Iago Falqué,74,CAM,,0,4,3,79,67,70,81,43,42,"174cm | 5'9""",0,-,-,Tottenham Hotspur,Spain
Björn Bergmann Sigurdarson,74,ST,,0,4,3,80,67,47,70,60,79,"186cm | 6'1""",0,-,-,Lillestrøm SK,Iceland
Bernardo Vieira de Souza,74,CAM,,0,4,4,66,74,72,80,51,57,"177cm | 5'10""",0,-,-,Vasco da Gama,Brazil
Fredy Montero,74,CF,,0,4,4,79,75,64,77,52,58,"176cm | 5'9""",0,-,-,Seattle Sounders FC,Colombia
Maicon,74,CB,,0,2,3,60,37,58,59,78,61,"191cm | 6'3""",0,-,-,FC Porto,Brazil
Alex Sandro Mendonça dos Santos,74,RB,,0,4,3,90,67,72,74,68,64,"173cm | 5'8""",0,-,-,Palmeiras,Brazil
Papá Babacar Diawara,74,ST,,0,3,3,76,70,59,69,60,75,"185cm | 6'1""",0,-,-,C. Funchal,Senegal
Joel Obi,74,CM,,0,3,3,83,64,73,75,70,64,"177cm | 5'10""",0,-,-,Inter,Nigeria
Shinji Okazaki,74,CF,,0,3,4,75,68,53,76,53,76,"174cm | 5'9""",0,-,-,VfB Stuttgart,Japan
Neto,74,GK,,0,1,2,74,72,60,80,69,74,"191cm | 6'3""",0,-,-,Fiorentina,Brazil
Joao Rojas,74,RM,,0,4,4,91,65,62,79,50,66,"173cm | 5'8""",0,-,-,Monarcas Morelia,Ecuador
Marco Estrada,74,CDM,,0,2,3,50,65,73,66,72,53,"178cm | 5'10""",0,-,-,Montpellier Hérault Sport Club,Chile
Anthony Ujah,74,ST,,0,3,4,77,69,51,70,55,76,"183cm | 6'0""",0,-,-,1. FSV Mainz 05,Nigeria
Michel Miguel da Silva,74,CDM,,0,3,3,62,66,69,62,74,70,"180cm | 5'11""",0,-,-,C. Nordeste,Brazil
Georgios Tzavellas,74,LB,,0,3,3,74,70,77,69,71,75,"183cm | 6'0""",0,-,-,Eintracht Frankfurt,Greece
Lacina Traoré,74,ST,,0,3,4,70,67,41,63,63,64,"203cm | 6'8""",0,-,-,Kuban Krasnodar,Ivory Coast
Juan Manuel Iturbe,74,RW,,0,4,3,81,69,68,79,39,58,"170cm | 5'7""",0,-,-,FC Porto,Argentina
Alan Patrick,74,CAM,,0,3,3,78,70,70,80,38,51,"177cm | 5'10""",0,-,-,Santos,Brazil
Marcelo Cañete,74,CAM,,0,4,3,68,68,73,73,43,52,"179cm | 5'10""",0,-,-,São Paulo,Argentina
Frederik Sørensen,74,CB,,0,2,3,66,44,63,48,78,70,"194cm | 6'4""",0,-,-,Juventus,Denmark
Akihiro Ienaga,74,LW,,0,4,4,81,63,69,78,52,66,"173cm | 5'8""",0,-,-,Real Club Deportivo Mallorca S.A.D.,Japan
Ignacio Cases Mora,74,CM,,0,2,4,65,66,73,74,64,58,"174cm | 5'9""",0,-,-,Real Sporting de Gijón S.A.D.,Spain
Borja Ekiza Imaz,74,CB,,0,2,3,68,28,47,35,78,75,"180cm | 5'11""",0,-,-,Athletic Club de Bilbao,Spain
Thulani Serero,74,CAM,,0,4,4,85,64,71,77,42,65,"164cm | 5'5""",0,-,-,Ajax,South Africa
Sigurd Rushfeldt,73,ST,,0,2,4,71,71,59,57,60,78,"190cm | 6'3""",0,-,-,Tromsø IL,Norway
Alessandro Amantino Mancini,73,CAM,,0,4,4,65,75,68,76,60,55,"183cm | 6'0""",0,-,-,Atlético Mineiro,Brazil
Erik Nevland,73,ST,,0,3,4,80,69,60,77,56,76,"177cm | 5'10""",0,-,-,Viking FK,Norway
Yacine Abdessadki,73,LM,,0,3,3,75,64,70,75,64,71,"175cm | 5'9""",0,-,-,SC Freiburg,Morocco
Brett Emerton,73,RM,,0,3,2,65,64,75,72,73,66,"185cm | 6'1""",0,-,-,Sydney FC,Australia
Leonardo Vitor Santiago,73,RW,,0,4,4,88,70,55,84,44,48,"171cm | 5'7""",0,-,-,FC Red Bull Salzburg,Brazil
Zoumana Camara,73,CB,,0,2,3,52,39,55,58,73,78,"182cm | 6'0""",0,-,-,Paris Saint-Germain,France
Marama Vahirua,73,CF,,0,3,3,77,74,69,78,45,52,"172cm | 5'8""",0,-,-,AS Monaco FC,France
Kevin Phillips,73,ST,,0,3,3,63,74,57,64,45,67,"170cm | 5'7""",0,-,-,Blackpool,England
Gerardo Torrado,73,CDM,,0,2,3,66,55,65,57,76,67,"176cm | 5'9""",0,-,-,Cruz Azul,Mexico
Diogo Jorge Moreno Valente,73,LW,,0,3,3,77,65,71,74,58,62,"178cm | 5'10""",0,-,-,Académica Coimbra,Portugal
Wayne Bridge,73,LB,,0,3,2,60,54,77,65,73,72,"178cm | 5'10""",0,-,-,Manchester City,England
Hakan Yakin,73,CAM,,0,3,3,50,73,68,69,56,61,"181cm | 5'11""",0,-,-,FC Luzern,Switzerland
Jérémie Bréchet,73,CB,,0,2,3,43,54,61,54,74,73,"186cm | 6'1""",0,-,-,FC Sochaux-Montbéliard,France
Edouard Cissé,73,CDM,,0,2,3,57,63,69,64,74,75,"186cm | 6'1""",0,-,-,AJ Auxerre,France
Jérôme Leroy,73,CAM,,0,3,4,63,68,76,73,51,66,"185cm | 6'1""",0,-,-,Evian Thonon Gaillard FC,France
Teddy Richert,73,GK,,0,1,3,76,72,74,78,36,77,"182cm | 6'0""",0,-,-,FC Sochaux-Montbéliard,France
Manuele Blasi,73,CDM,,0,2,2,64,40,71,56,74,66,"179cm | 5'10""",0,-,-,Parma,Italy
Javier Casquero Paredes,73,CM,,0,2,4,55,69,78,70,69,60,"180cm | 5'11""",0,-,-,Getafe Club de Fútbol S.A.D.,Spain
Orlando Engelaar,73,CM,,0,2,3,38,71,71,65,75,61,"196cm | 6'5""",0,-,-,PSV,Netherlands
Pierre-Alain Frau,73,ST,,0,3,3,79,72,68,71,54,68,"175cm | 5'9""",0,-,-,Stade Malherbe Caen,France
Danijel Ljuboja,73,ST,,0,2,3,62,73,64,74,56,68,"189cm | 6'2""",0,-,-,Legia Warszawa,Serbia
Enzo Maresca,73,CM,,0,3,4,53,75,80,72,63,49,"180cm | 5'11""",0,-,-,Málaga Club de Fútbol S.A.D.,Italy
João Alexandre Duarte Fernandes,73,CAM,,0,4,4,64,70,72,74,57,63,"177cm | 5'10""",0,-,-,Vitória de Setúbal,Portugal
Antônio da Silva,73,CM,,0,3,3,48,70,78,75,58,53,"178cm | 5'10""",0,-,-,Borussia Dortmund,Brazil
Christoph Dabrowski,73,CDM,,0,2,4,58,62,67,54,79,74,"195cm | 6'5""",0,-,-,VfL Bochum,Germany
Simone Padoin,73,LM,,0,3,4,79,65,73,71,64,61,"179cm | 5'10""",0,-,-,A. Bergamo,Italy
Petri Pasanen,73,CB,,0,2,3,57,58,61,45,74,76,"187cm | 6'2""",0,-,-,FC Red Bull Salzburg,Finland
Markus Feulner,73,CM,,0,3,4,68,67,74,72,67,69,"181cm | 5'11""",0,-,-,1. FC Nürnberg,Germany
Peguy Luyindula,73,CF,,0,3,3,68,72,67,73,53,75,"178cm | 5'10""",0,-,-,Paris Saint-Germain,France
Chris Kirkland,73,GK,,0,1,3,77,73,73,76,50,70,"191cm | 6'3""",0,-,-,Wigan Athletic,England
Albert Meyong Zé,73,ST,,0,2,4,73,72,60,72,60,77,"184cm | 6'0""",0,-,-,SC Braga,Cameroon
Chris Burke,73,RM,,0,4,4,80,68,70,76,53,52,"175cm | 5'9""",0,-,-,Birmingham City,Scotland
Christian Grindheim,73,CM,,0,2,4,70,69,71,68,68,68,"179cm | 5'10""",0,-,-,FC København,Norway
Daniel Braaten,73,RM,,0,4,3,80,70,69,80,66,62,"184cm | 6'0""",0,-,-,Toulouse FC,Norway
Albano Bizzarri,73,GK,,0,1,3,74,72,70,72,51,76,"188cm | 6'2""",0,-,-,Lazio,Argentina
Patrick Owomoyela,73,RB,,0,2,3,63,55,72,71,75,83,"187cm | 6'2""",0,-,-,Borussia Dortmund,Germany
Sander Boschker,73,GK,,0,1,3,68,77,65,71,42,79,"184cm | 6'0""",0,-,-,FC Twente,Netherlands
Johan Audel,73,LM,,0,3,3,76,67,68,76,55,61,"180cm | 5'11""",0,-,-,VfB Stuttgart,France
Jimmy Bullard,73,CM,,0,3,3,55,73,74,70,65,63,"178cm | 5'10""",0,-,-,Ipswich Town,England
Paddy Kenny,73,GK,,0,1,2,69,72,73,76,60,75,"185cm | 6'1""",0,-,-,Queens Park Rangers,Republic of Ireland
Gary Taylor-Fletcher,73,RW,,0,3,2,77,70,71,73,60,67,"183cm | 6'0""",0,-,-,Blackpool,England
Yakubu Aiyegbeni,73,ST,,0,3,4,67,74,57,72,57,75,"183cm | 6'0""",0,-,-,Blackburn Rovers,Nigeria
Mark Wilson,73,RB,,0,2,3,72,36,67,66,71,74,"178cm | 5'10""",0,-,-,Celtic,Scotland
Juan Pablo Colinas Ferreras,73,GK,,0,1,3,77,72,69,79,55,68,"187cm | 6'2""",0,-,-,Real Sporting de Gijón S.A.D.,Spain
Dorado,73,CB,,0,2,3,59,33,55,45,72,72,"180cm | 5'11""",0,-,-,Real Betis Balompié S.A.D. ,Spain
Grant Holt,73,ST,,0,2,3,59,72,57,59,63,84,"183cm | 6'0""",0,-,-,Norwich City,England
Kennedy Bakircioglu,73,RM,,0,3,3,62,76,76,71,51,61,"181cm | 5'11""",0,-,-,Real Racing Club S.A.D.,Sweden
Eddie Gustafsson,73,GK,,0,1,2,70,70,72,75,60,77,"187cm | 6'2""",0,-,-,FC Red Bull Salzburg,Sweden
Olivier Sorlin,73,CM,,0,3,4,57,72,77,78,71,70,"183cm | 6'0""",0,-,-,Evian Thonon Gaillard FC,France
Enrique De Lucas Martínez,73,CAM,,0,3,3,72,72,77,71,50,55,"175cm | 5'9""",0,-,-,Real Club Celta de Vigo S.A.D.,Spain
Riesgo,73,GK,,0,1,3,77,72,61,72,59,76,"185cm | 6'1""",0,-,-,Club Atlético Osasuna,Spain
Oguchi Onyewu,73,CB,,0,2,3,50,44,49,33,81,62,"194cm | 6'4""",0,-,-,Sporting CP,United States
Iván Hernández Soto,73,CB,,0,2,3,49,63,64,47,75,65,"185cm | 6'1""",0,-,-,Real Sporting de Gijón S.A.D.,Spain
Davide Mandelli,73,CB,,0,2,3,48,42,57,43,77,78,"190cm | 6'3""",0,-,-,Chievo Verona,Italy
Ryan Taylor,73,LB,,0,2,3,69,69,77,64,69,62,"173cm | 5'8""",0,-,-,Newcastle United,England
Victoriano Rivas Álvaro,73,CB,,0,2,3,53,43,56,51,75,74,"186cm | 6'1""",0,-,-,Levante Unión Deportiva S.A.D.,Spain
Abraham Paz Cruz,73,CB,,0,2,3,62,53,70,55,73,82,"178cm | 5'10""",0,-,-,Fútbol Club Cartagena,Spain
Christian Bermúdez,73,CAM,,0,4,3,88,65,69,78,38,52,"160cm | 5'3""",0,-,-,Atlante,Mexico
Fabrice Abriel,73,CM,,0,3,4,68,63,76,74,69,64,"176cm | 5'9""",0,-,-,OGC Nice,France
Rob Wielaert,73,CB,,0,2,3,46,47,66,60,71,73,"178cm | 5'10""",0,-,-,Roda JC,Netherlands
Roland Linz,73,ST,,0,3,3,69,68,49,67,54,77,"185cm | 6'1""",0,-,-,FK Austria Wien,Austria
Pontus Farnerud,73,CM,,0,3,3,74,70,72,77,67,70,"177cm | 5'10""",0,-,-,Stabæk Fotball,Sweden
Tyrone Mears,73,RB,,0,2,3,76,60,72,71,72,69,"180cm | 5'11""",0,-,-,Bolton Wanderers,England
Robert Earnshaw,73,ST,,0,3,4,91,67,54,71,51,63,"173cm | 5'8""",0,-,-,Cardiff City,Wales
Simone Tiribocchi,73,ST,,0,3,4,70,73,54,63,60,73,"178cm | 5'10""",0,-,-,A. Bergamo,Italy
Tim Borowski,73,CM,,0,3,5,48,74,73,67,75,62,"194cm | 6'4""",0,-,-,Werder Bremen,Germany
Alexander Meier,73,CAM,,0,3,2,60,74,73,70,69,65,"196cm | 6'5""",0,-,-,Eintracht Frankfurt,Germany
Evaeverson Lemos da Silva,73,ST,,0,2,3,63,73,60,58,64,72,"189cm | 6'2""",0,-,-,Grêmio,Brazil
Arouna Koné,73,ST,,0,4,3,83,71,52,77,49,68,"182cm | 6'0""",0,-,-,Levante Unión Deportiva S.A.D.,Ivory Coast
Michael Agazzi,73,GK,,0,1,2,74,70,65,77,48,74,"189cm | 6'2""",0,-,-,Cagliari,Italy
Carlos Bocanegra,73,CB,,0,2,3,44,45,59,56,76,80,"183cm | 6'0""",0,-,-,Rangers,United States
Barry Ferguson,73,CM,,0,2,2,54,67,78,69,72,63,"178cm | 5'10""",0,-,-,Blackpool,Scotland
Marcos dos Santos Assunçao,73,CM,,0,2,3,53,77,81,69,71,68,"178cm | 5'10""",0,-,-,Palmeiras,Brazil
Björn Vleminckx,73,ST,,0,2,2,68,71,56,52,68,80,"183cm | 6'0""",0,-,-,Club Brugge KV,Belgium
Steve von Bergen,73,CB,,0,2,3,73,36,59,43,74,74,"183cm | 6'0""",0,-,-,A.C. Cesena,Switzerland
Igor Gabilondo del Campo,73,LW,,0,3,3,61,73,79,71,54,53,"185cm | 6'1""",0,-,-,Athletic Club de Bilbao,Spain
Thomas Manfredini,73,CB,,0,2,3,56,53,58,47,75,73,"182cm | 6'0""",0,-,-,A. Bergamo,Italy
Rodolfo Dantas Bispo,73,CB,,0,3,3,65,64,56,49,73,78,"183cm | 6'0""",0,-,-,Grêmio,Brazil
Mikael Antonsson,73,CB,,0,2,4,62,52,65,61,74,81,"189cm | 6'2""",0,-,-,Bologna,Sweden
Tobias Hysén,73,ST,,0,3,3,84,69,61,62,52,72,"180cm | 5'11""",0,-,-,IFK Göteborg,Sweden
Cícero João De Cezare,73,RB,,0,3,3,81,63,72,74,69,63,"172cm | 5'8""",0,-,-,Roma,Brazil
João Soares da Mota Neto,73,CF,,0,3,4,79,76,71,77,55,76,"177cm | 5'10""",0,-,-,Pohang Steelers,Brazil
Cristiano Marques Gomes,73,CB,,0,2,2,46,52,67,30,75,79,"183cm | 6'0""",0,-,-,Olympique Lyonnais,Brazil
Roberto Guana,73,CDM,,0,2,3,65,61,71,66,71,63,"178cm | 5'10""",0,-,-,A.C. Cesena,Italy
Pablo Ibáñez Tebar,73,CB,,0,2,3,52,40,55,47,75,74,"192cm | 6'4""",0,-,-,Birmingham City,Spain
Alex Geijo,73,ST,,0,3,3,66,74,55,67,59,76,"184cm | 6'0""",0,-,-,Granada Club de Fútbol,Switzerland
Juan Luis Gómez López,73,LM,,0,3,3,75,70,70,76,57,58,"172cm | 5'8""",0,-,-,Levante Unión Deportiva S.A.D.,Spain
Fábio Rochemback,73,CM,,0,3,4,58,74,80,71,76,66,"183cm | 6'0""",0,-,-,Grêmio,Brazil
Markus Rosenberg,73,ST,,0,2,4,73,73,51,69,51,75,"185cm | 6'1""",0,-,-,Werder Bremen,Sweden
Dong Gook Lee,73,ST,,0,3,4,64,77,68,64,50,78,"185cm | 6'1""",0,-,-,Jeonbuk Hyundai Motors,Korea Republic
Bogdan Lobonţ,73,GK,,0,1,3,73,70,60,77,50,75,"185cm | 6'1""",0,-,-,Roma,Romania
Silvio Proto,73,GK,,0,1,2,82,67,65,81,64,64,"187cm | 6'2""",0,-,-,RSC Anderlecht,Belgium
Daniele Portanova,73,CB,,0,2,2,50,42,51,34,76,82,"185cm | 6'1""",0,-,-,Bologna,Italy
Éric Mouloungui,73,CF,,0,3,2,88,70,68,71,47,73,"186cm | 6'1""",0,-,-,OGC Nice,Gabon
Massimo Gobbi,73,LB,,0,2,3,71,61,74,68,73,67,"183cm | 6'0""",0,-,-,Parma,Italy
Daniele Gastaldello,73,CB,,0,2,3,63,41,59,52,76,78,"185cm | 6'1""",0,-,-,Sampdoria,Italy
Patxi Puñal Martínez,73,CDM,,0,2,3,53,67,73,66,72,56,"179cm | 5'10""",0,-,-,Club Atlético Osasuna,Spain
Emerse Faé,73,CDM,,0,2,3,71,60,68,67,75,67,"174cm | 5'9""",0,-,-,OGC Nice,Ivory Coast
Marius Stankevicius,73,CB,,0,2,3,64,67,70,60,77,76,"189cm | 6'2""",0,-,-,Lazio,Lithuania
Davide Moscardelli,73,ST,,0,2,4,59,73,58,73,61,74,"185cm | 6'1""",0,-,-,Chievo Verona,Italy
Antolín Alcaraz,73,CB,,0,2,4,54,40,59,54,73,75,"187cm | 6'2""",0,-,-,Wigan Athletic,Paraguay
Julián Speroni,73,GK,,0,1,3,76,71,71,77,58,69,"186cm | 6'1""",0,-,-,Crystal Palace,Argentina
Israel Castro,73,CDM,,0,2,3,71,61,71,68,73,68,"176cm | 5'9""",0,-,-,Cruz Azul,Mexico
David Nugent,73,ST,,0,3,3,82,69,52,78,47,65,"181cm | 5'11""",0,-,-,Leicester City,England
Manoel Morais Amorim,73,CAM,,0,5,4,75,70,69,78,52,56,"175cm | 5'9""",0,-,-,Corinthians,Brazil
Antônio Naelson Matías,73,CAM,,0,3,2,59,68,73,73,49,67,"164cm | 5'5""",0,-,-,Toluca,Mexico
Vicente Sánchez,73,CF,,0,4,4,86,70,67,80,50,71,"170cm | 5'7""",0,-,-,América,Uruguay
Joel Lindpere,73,LM,,0,3,3,61,71,75,69,66,59,"178cm | 5'10""",0,-,-,New York Red Bulls,Estonia
Zdeněk Pospěch,73,RB,,0,2,3,75,67,72,69,72,70,"174cm | 5'9""",0,-,-,1. FSV Mainz 05,Czech Republic
Alessandro Lucarelli,73,CB,,0,2,3,58,55,66,48,74,74,"183cm | 6'0""",0,-,-,Parma,Italy
Daniel Ludueña,73,CAM,,0,4,3,65,75,72,74,47,57,"175cm | 5'9""",0,-,-,Santos Laguna,Argentina
Germán Herrera,73,ST,,0,3,4,77,67,57,70,61,78,"181cm | 5'11""",0,-,-,Botafogo,Argentina
Leandro Fernández,73,CB,,0,3,3,73,48,66,54,70,83,"179cm | 5'10""",0,-,-,Dinamo Moskva,Argentina
Ikechukwu Uche,73,ST,,0,4,3,75,69,47,78,51,73,"175cm | 5'9""",0,-,-,Granada Club de Fútbol,Nigeria
David Barral Torres,73,ST,,0,3,3,76,72,58,75,56,73,"183cm | 6'0""",0,-,-,Real Sporting de Gijón S.A.D.,Spain
Gustavo Munúa,73,GK,,0,1,3,79,70,76,76,47,68,"188cm | 6'2""",0,-,-,Levante Unión Deportiva S.A.D.,Uruguay
Jordi Codina Rodríguez,73,GK,,0,1,3,78,70,73,79,68,68,"184cm | 6'0""",0,-,-,Getafe Club de Fútbol S.A.D.,Spain
Iván Cuéllar,73,GK,,0,1,2,73,76,70,79,59,67,"187cm | 6'2""",0,-,-,Real Sporting de Gijón S.A.D.,Spain
Dmitriy Torbinskiy,73,LM,,0,3,3,84,65,72,71,55,59,"175cm | 5'9""",0,-,-,Lokomotiv Moskva,Russia
Ciprian Marica,73,ST,,0,3,3,80,67,53,76,51,71,"185cm | 6'1""",0,-,-,FC Schalke 04,Romania
Dmitry Bulykin,73,ST,,0,2,3,70,67,52,55,61,64,"193cm | 6'4""",0,-,-,Ajax,Russia
Cristian Molinaro,73,LB,,0,3,2,83,58,72,74,73,64,"182cm | 6'0""",0,-,-,VfB Stuttgart,Italy
Daniele Corvia,73,ST,,0,2,3,77,66,46,69,61,73,"183cm | 6'0""",0,-,-,Lecce,Italy
Keith Fahey,73,CM,,0,3,3,75,72,76,73,65,65,"178cm | 5'10""",0,-,-,Birmingham City,Republic of Ireland
Christian Pander,73,LB,,0,3,2,68,76,78,72,74,69,"186cm | 6'1""",0,-,-,Hannover 96,Germany
Heiko Butscher,73,CB,,0,2,3,49,57,66,46,76,72,"189cm | 6'2""",0,-,-,SC Freiburg,Germany
Patrick Ochs,73,RM,,0,2,3,76,58,76,69,73,75,"179cm | 5'10""",0,-,-,VfL Wolfsburg,Germany
Henri Bedimo Nsamé,73,LB,,0,2,2,82,61,71,66,77,74,"180cm | 5'11""",0,-,-,Montpellier Hérault Sport Club,Cameroon
Sam Ricketts,73,RB,,0,2,4,62,52,66,68,73,74,"185cm | 6'1""",0,-,-,Bolton Wanderers,Wales
Robert Koren,73,CAM,,0,4,3,71,71,72,72,66,64,"175cm | 5'9""",0,-,-,Hull City,Slovenia
Marcos Vicente dos Santos,73,CAM,,0,4,4,61,74,78,74,62,56,"183cm | 6'0""",0,-,-,Grêmio,Brazil
Carlos Henrique dos Santos Souza,73,CB,,0,2,3,54,48,57,39,76,81,"189cm | 6'2""",0,-,-,Girondins de Bordeaux,Brazil
Chad Marshall,73,CB,,0,2,4,62,51,55,58,77,84,"191cm | 6'3""",0,-,-,Columbus Crew,United States
Edgar Barreto,73,CM,,0,3,4,70,69,74,68,68,56,"182cm | 6'0""",0,-,-,Palermo,Paraguay
Jorge Molina,73,ST,,0,2,4,52,70,45,62,62,78,"188cm | 6'2""",0,-,-,Real Betis Balompié S.A.D. ,Spain
Manuel Jesus Ortiz Toribio,73,CDM,,0,2,4,58,57,63,60,75,74,"182cm | 6'0""",0,-,-,Club Atlético Osasuna,Spain
Michael Bradley,73,CM,,0,3,4,66,71,70,70,74,72,"186cm | 6'1""",0,-,-,Chievo Verona,United States
Robert Snodgrass,73,RW,,0,3,4,72,68,68,78,49,54,"182cm | 6'0""",0,-,-,Leeds United,Scotland
Jerome Thomas,73,LM,,0,4,3,80,62,69,79,54,54,"178cm | 5'10""",0,-,-,West Bromwich Albion,England
Shaun Barker,73,CB,,0,2,2,58,44,56,46,74,80,"188cm | 6'2""",0,-,-,Derby County,England
Mauricio Molina,73,CAM,,0,4,2,74,75,68,73,50,59,"177cm | 5'10""",0,-,-,FC Seoul,Colombia
Damián Álvarez,73,LM,,0,4,4,85,66,70,76,48,50,"165cm | 5'5""",0,-,-,Tigres U.A.N.L.,Argentina
Francisco Rodríguez,73,CB,,0,3,3,65,43,50,52,76,70,"191cm | 6'3""",0,-,-,VfB Stuttgart,Mexico
Edson Braafheid,73,LB,,0,3,3,76,46,69,70,72,66,"180cm | 5'11""",0,-,-,TSG 1899 Hoffenheim,Netherlands
Cícero Santos,73,CAM,,0,3,3,67,71,72,64,65,80,"181cm | 5'11""",0,-,-,São Paulo,Brazil
Christophe Berra,73,CB,,0,2,3,67,15,50,47,73,78,"191cm | 6'3""",0,-,-,Wolverhampton Wanderers,Scotland
Christian Giménez,73,CAM,,0,3,4,80,71,75,72,51,66,"179cm | 5'10""",0,-,-,Cruz Azul,Argentina
Sergio Martinez B.,73,CB,,0,2,3,47,53,56,48,82,63,"188cm | 6'2""",0,-,-,Levante Unión Deportiva S.A.D.,Spain
Marco Russ,73,CB,,0,2,2,55,51,52,44,74,68,"190cm | 6'3""",0,-,-,VfL Wolfsburg,Germany
Pablo Álvarez,73,RB,,0,2,4,79,61,68,65,74,70,"177cm | 5'10""",0,-,-,Catania,Argentina
Daniele Mannini,73,RM,,0,3,4,78,69,70,72,70,64,"183cm | 6'0""",0,-,-,Siena,Italy
Mariano Bogliacino,73,CAM,,0,3,3,62,70,74,76,65,66,"177cm | 5'10""",0,-,-,Bari,Uruguay
João Carlos Pinto Chaves,73,CB,,0,2,3,68,56,65,63,75,71,"189cm | 6'2""",0,-,-,Anzhi Makhachkala,Brazil
Willem Janssen,73,CM,,0,2,4,72,65,70,70,68,63,"186cm | 6'1""",0,-,-,FC Twente,Netherlands
Tobias Weis,73,RM,,0,2,3,74,59,74,71,73,62,"170cm | 5'7""",0,-,-,TSG 1899 Hoffenheim,Germany
Petter Andersson,73,CAM,,0,3,4,83,70,68,76,49,58,"180cm | 5'11""",0,-,-,FC Groningen,Sweden
César Santin,73,CF,,0,3,3,78,72,65,78,55,61,"174cm | 5'9""",0,-,-,FC København,Brazil
Gianni Munari,73,CM,,0,2,3,51,67,75,65,69,74,"190cm | 6'3""",0,-,-,Fiorentina,Italy
Sölvi Ottesen,73,CB,,0,2,2,68,44,52,45,75,75,"188cm | 6'2""",0,-,-,FC København,Iceland
Leandro Luchese Guerreiro,73,CDM,,0,3,2,64,58,64,62,77,71,"182cm | 6'0""",0,-,-,Cruzeiro,Brazil
Erwin Hoffer,73,ST,,0,3,3,86,68,57,72,47,65,"176cm | 5'9""",0,-,-,Eintracht Frankfurt,Austria
Paulo Sérgio Moreira Gonçalves,73,RW,,0,3,3,82,60,70,76,44,58,"165cm | 5'5""",0,-,-,Vitória de Guimarães,Portugal
Ben Watson,73,CM,,0,3,3,66,68,72,72,69,62,"178cm | 5'10""",0,-,-,Wigan Athletic,England
André Luiz Barretto Silva Lima,73,ST,,0,3,2,66,71,59,68,53,82,"185cm | 6'1""",0,-,-,Grêmio,Brazil
Javier Chica Torres,73,RB,,0,2,3,70,53,64,63,77,69,"176cm | 5'9""",0,-,-,Real Betis Balompié S.A.D. ,Spain
Edgar Álvarez,73,RM,,0,3,2,92,59,66,73,59,56,"171cm | 5'7""",0,-,-,Palermo,Honduras
Steve Morison,73,ST,,0,3,3,74,71,38,66,57,73,"188cm | 6'2""",0,-,-,Norwich City,Wales
Davide Biondini,73,CDM,,0,2,3,66,61,72,68,69,66,"178cm | 5'10""",0,-,-,Cagliari,Italy
Otman Bakkal,73,CAM,,0,3,5,69,68,71,73,60,62,"183cm | 6'0""",0,-,-,Feyenoord,Netherlands
Ilan Araújo Dall'Igna,73,ST,,0,3,4,66,75,59,73,50,71,"183cm | 6'0""",0,-,-,AC Ajaccio,Brazil
Ross Turnbull,73,GK,,0,1,2,77,72,73,74,50,71,"193cm | 6'4""",0,-,-,Chelsea,England
Franck Berrier,73,CAM,,0,3,4,67,68,77,70,47,47,"173cm | 5'8""",0,-,-,Standard de Liège,France
Andrea Consigli,73,GK,,0,1,3,74,73,64,78,52,73,"189cm | 6'2""",0,-,-,A. Bergamo,Italy
Jérémy Clément,73,CDM,,0,3,4,57,61,70,59,70,70,"174cm | 5'9""",0,-,-,A.S. Saint-Etienne,France
Kasper Schmeichel,73,GK,,0,1,2,70,73,74,78,56,70,"183cm | 6'0""",0,-,-,Leicester City,Denmark
Adriano Ferreira Pinto,73,CAM,,0,3,3,76,67,74,76,60,60,"179cm | 5'10""",0,-,-,A. Bergamo,Brazil
Daniel Congré,73,CB,,0,2,3,66,26,62,53,75,73,"184cm | 6'0""",0,-,-,Toulouse FC,France
Curtis Davies,73,CB,,0,2,3,71,33,51,36,75,78,"188cm | 6'2""",0,-,-,Birmingham City,England
Ashley Williams,73,CB,,0,2,4,66,40,57,59,74,84,"183cm | 6'0""",0,-,-,Swansea City,Wales
Paulo Vitor Barreto de Souza,73,CF,,0,4,4,82,70,58,76,41,58,"171cm | 5'7""",0,-,-,Udinese,Brazil
Lauro Júnior Batista da Cruz,73,GK,,0,1,3,78,69,70,74,53,70,"193cm | 6'4""",0,-,-,I. Porto Alegre,Brazil
Caio César Alves dos Santos,73,CAM,,0,3,4,64,75,73,74,48,66,"186cm | 6'1""",0,-,-,Eintracht Frankfurt,Brazil
Wellington Pereira Nascimento,73,ST,,0,3,3,72,72,58,63,56,86,"183cm | 6'0""",0,-,-,Cruzeiro,Brazil
Andrea Esposito,73,CB,,0,2,2,58,50,61,42,77,74,"191cm | 6'3""",0,-,-,Lecce,Italy
Lior Refaelov,73,LW,,0,4,5,71,72,66,84,39,56,"176cm | 5'9""",0,-,-,Club Brugge KV,Israel
Grégory Arnolin,73,CB,,0,2,3,50,31,48,41,77,79,"187cm | 6'2""",0,-,-,Real Sporting de Gijón S.A.D.,France
Cameron Jerome,73,ST,,0,3,2,92,71,68,75,66,79,"185cm | 6'1""",0,-,-,Stoke City,England
Nicolas Maurice-Belay,73,LM,,0,2,3,80,67,71,75,53,62,"182cm | 6'0""",0,-,-,Girondins de Bordeaux,France
David Wheater,73,CB,,0,2,3,64,44,53,47,78,65,"196cm | 6'5""",0,-,-,Bolton Wanderers,England
Leonardo Ulloa,73,ST,,0,2,4,57,69,50,65,57,82,"185cm | 6'1""",0,-,-,Unión Deportiva Almería S.A.D.,Argentina
Juan Maldonado Jaimez Junior,73,LWB,,0,2,2,73,70,74,80,66,63,"168cm | 5'6""",0,-,-,São Paulo,Brazil
Marc Wilson,73,LB,,0,2,3,66,49,70,68,72,70,"188cm | 6'2""",0,-,-,Stoke City,Republic of Ireland
Jan Polák,73,CDM,,0,3,4,61,70,66,66,73,72,"181cm | 5'11""",0,-,-,VfL Wolfsburg,Czech Republic
Oscar Ustari,73,GK,,0,1,3,78,67,77,81,55,68,"184cm | 6'0""",0,-,-,Getafe Club de Fútbol S.A.D.,Argentina
Rasmus Elm,73,CM,,0,3,4,65,76,74,72,65,66,"184cm | 6'0""",0,-,-,AZ Alkmaar,Sweden
Emilio Nsue López,73,CF,,0,3,4,83,66,61,75,54,77,"178cm | 5'10""",0,-,-,Real Club Deportivo Mallorca S.A.D.,Spain
Gianluca Curci,73,GK,,0,1,2,73,72,65,76,50,73,"191cm | 6'3""",0,-,-,Roma,Italy
Ronaldo Simões Angelim,73,CB,,0,2,2,56,44,52,42,74,85,"179cm | 5'10""",0,-,-,Flamengo,Brazil
Elkin Soto,73,CM,,0,3,3,68,59,73,74,65,60,"178cm | 5'10""",0,-,-,1. FSV Mainz 05,Colombia
Mouhamadou Dabo,73,RB,,0,2,3,75,55,61,64,77,69,"176cm | 5'9""",0,-,-,Olympique Lyonnais,France
Christian Eichner,73,LB,,0,3,3,62,59,74,69,71,70,"183cm | 6'0""",0,-,-,1. FC Köln,Germany
Victor Anichebe,73,ST,,0,3,3,76,65,62,72,65,76,"191cm | 6'3""",0,-,-,Everton,Nigeria
Roy Beerens,73,RW,,0,4,5,84,68,58,78,42,50,"173cm | 5'8""",0,-,-,AZ Alkmaar,Netherlands
Lorenzo De Silvestri,73,RB,,0,2,3,82,58,68,71,72,69,"185cm | 6'1""",0,-,-,Fiorentina,Italy
Jonathan dos Santos,73,CM,,0,2,4,68,66,73,73,58,62,"172cm | 5'8""",0,-,-,F.C. Barcelona,Mexico
Toquero,73,ST,,0,2,2,77,66,61,63,68,85,"182cm | 6'0""",0,-,-,Athletic Club de Bilbao,Spain
Domingo Cisma González,73,LB,,0,2,3,72,62,69,70,72,69,"184cm | 6'0""",0,-,-,Real Racing Club S.A.D.,Spain
Marco Motta,73,RB,,0,2,3,72,64,72,74,73,73,"186cm | 6'1""",0,-,-,Juventus,Italy
Adrián Colunga Pérez,73,ST,,0,4,3,75,73,54,80,45,64,"172cm | 5'8""",0,-,-,Getafe Club de Fútbol S.A.D.,Spain
Hugo Ayala,73,CB,,0,2,3,64,50,58,55,74,61,"186cm | 6'1""",0,-,-,Tigres U.A.N.L.,Mexico
Boubacar Sanogo,73,ST,,0,3,4,76,71,56,70,55,75,"188cm | 6'2""",0,-,-,A.S. Saint-Etienne,Ivory Coast
Garra Dembélé,73,ST,,0,3,5,75,71,60,69,53,74,"187cm | 6'2""",0,-,-,SC Freiburg,Mali
Jonathan Pereira,73,CF,,0,3,3,89,66,61,81,41,58,"167cm | 5'6""",0,-,-,Real Betis Balompié S.A.D. ,Spain
Wesley Verhoek,73,RW,,0,3,4,80,69,74,70,56,53,"187cm | 6'2""",0,-,-,ADO Den Haag,Netherlands
Perparim Hetemaj,73,CM,,0,3,4,79,66,75,73,65,65,"176cm | 5'9""",0,-,-,Chievo Verona,Finland
Leandro Castan da Silva,73,CB,,0,2,2,58,51,56,48,73,77,"184cm | 6'0""",0,-,-,Corinthians,Brazil
Maynard,73,ST,,0,3,3,78,76,62,73,51,66,"180cm | 5'11""",0,-,-,Bristol City,England
Jay DeMerit,73,CB,,0,2,4,62,40,49,48,75,78,"180cm | 5'11""",0,-,-,Whitecaps FC,United States
Alberto Frison,73,GK,,0,1,2,74,70,64,78,50,76,"190cm | 6'3""",0,-,-,Vicenza,Italy
Torrejón,73,CB,,0,2,3,45,39,54,47,77,67,"187cm | 6'2""",0,-,-,Real Racing Club S.A.D.,Spain
Luca Antonelli,73,LB,,0,2,3,78,53,70,68,72,62,"184cm | 6'0""",0,-,-,Genoa,Italy
Nathan Dyer,73,RW,,0,4,3,88,56,58,82,49,47,"165cm | 5'5""",0,-,-,Swansea City,England
Chris Gunter,73,RB,,0,2,3,70,45,71,62,74,66,"180cm | 5'11""",0,-,-,Nottingham Forest,Wales
Rui Miguel Melo Rodrigues,73,CAM,,0,3,4,76,68,71,76,55,60,"175cm | 5'9""",0,-,-,Krasnodar,Portugal
Aleksandar Luković,73,LB,,0,3,3,72,57,71,70,75,69,"185cm | 6'1""",0,-,-,Zenit St. Petersburg,Serbia
Vadis Odjidja-Ofoe,73,CM,,0,3,4,76,71,70,76,73,74,"185cm | 6'1""",0,-,-,Club Brugge KV,Belgium
Jelle Vossen,73,CF,,0,3,4,64,76,69,65,57,61,"177cm | 5'10""",0,-,-,KRC Genk,Belgium
Manuel Arboleda,73,CB,,0,2,3,73,44,60,62,77,68,"188cm | 6'2""",0,-,-,Lech Poznań,Colombia
Ki Hun Yeom,73,LW,,0,3,2,81,71,72,72,68,60,"182cm | 6'0""",0,-,-,Suwon Samsung Bluewings,Korea Republic
Sung Ryong Jung,73,GK,,0,1,3,75,72,73,72,41,71,"189cm | 6'2""",0,-,-,Suwon Samsung Bluewings,Korea Republic
Julien Quercia,73,ST,,0,3,3,83,69,61,74,47,55,"168cm | 5'6""",0,-,-,FC Lorient Bretagne Sud,France
Ricardo Ferreira Berna,73,GK,,0,1,2,76,75,70,77,31,70,"188cm | 6'2""",0,-,-,Fluminense,Brazil
Cleber Santana Loureiro,73,CM,,0,3,3,72,72,76,75,68,72,"185cm | 6'1""",0,-,-,Atlético Paranaense,Brazil
Renan Brito Soares,73,GK,,0,1,3,80,68,78,77,41,69,"187cm | 6'2""",0,-,-,I. Porto Alegre,Brazil
Tobias Sippel,73,GK,,0,1,2,77,66,71,79,60,68,"180cm | 5'11""",0,-,-,1. FC Kaiserslautern,Germany
Timothy Derijck,73,CB,,0,2,4,67,44,55,56,74,69,"185cm | 6'1""",0,-,-,PSV,Belgium
Mobido Diakité,73,CB,,0,2,2,67,38,51,37,79,76,"192cm | 6'4""",0,-,-,Lazio,France
Royston Drenthe,73,LM,,0,3,2,90,69,68,80,65,73,"168cm | 5'6""",0,-,-,Everton,Netherlands
Daniele Capelli,73,CB,,0,2,3,67,40,55,40,78,75,"186cm | 6'1""",0,-,-,A. Bergamo,Italy
Erik Jendrišek,73,ST,,0,3,3,81,69,66,72,53,74,"176cm | 5'9""",0,-,-,SC Freiburg,Slovakia
Abel Aguilar,73,CM,,0,3,3,62,63,69,68,72,73,"185cm | 6'1""",0,-,-,Hércules Club de Fútbol S.A.D.,Colombia
Abdelkader Ghezzal,73,CF,,0,3,4,83,68,67,74,60,70,"183cm | 6'0""",0,-,-,A.C. Cesena,Algeria
Claudinei Félix Silva,73,RB,,0,3,2,84,63,68,72,73,69,"175cm | 5'9""",0,-,-,I. Porto Alegre,Brazil
Romain Danzé,73,RB,,0,2,3,77,59,71,65,72,66,"184cm | 6'0""",0,-,-,Stade Rennais FC,France
Nenê,73,ST,,0,3,3,65,73,57,69,54,79,"183cm | 6'0""",0,-,-,Cagliari,Brazil
Manuel Arana Rodríguez,73,RM,,0,3,3,72,75,77,72,52,52,"175cm | 5'9""",0,-,-,Real Racing Club S.A.D.,Spain
Moustapha Bayal Sall,73,CB,,0,2,3,58,58,58,56,80,73,"191cm | 6'3""",0,-,-,A.S. Saint-Etienne,Senegal
Miguel Torres,73,RB,,0,2,4,68,42,62,60,74,68,"184cm | 6'0""",0,-,-,Getafe Club de Fútbol S.A.D.,Spain
Harmeet Singh,73,CM,,0,3,3,73,64,67,72,73,71,"180cm | 5'11""",0,-,-,Vålerenga Fotball,Norway
Joaquin Larrivey,73,ST,,0,3,3,60,69,48,64,57,79,"185cm | 6'1""",0,-,-,Cagliari,Argentina
Paulo Afonso Santos Junior,73,CB,,0,2,2,61,46,49,40,76,80,"186cm | 6'1""",0,-,-,A.S. Saint-Etienne,Brazil
Edgar,73,ST,,0,3,3,67,70,62,68,53,74,"191cm | 6'3""",0,-,-,Vitória de Guimarães,Brazil
Thomas Kraft,73,GK,,0,1,3,76,70,65,81,56,67,"185cm | 6'1""",0,-,-,Hertha BSC,Germany
David Braz Oliveira Filho,73,CB,,0,2,2,70,53,56,65,74,64,"187cm | 6'2""",0,-,-,Flamengo,Brazil
Ênio Oliveira Júnior,73,CF,,0,3,3,89,74,62,72,58,67,"175cm | 5'9""",0,-,-,Jeonbuk Hyundai Motors,Brazil
Marcelo,73,CB,,0,2,2,70,47,39,63,78,67,"191cm | 6'3""",0,-,-,PSV,Brazil
Serginho,73,CM,,0,3,3,83,60,70,76,72,60,"178cm | 5'10""",0,-,-,Atlético Mineiro,Brazil
Te Se Chong,73,ST,,0,3,2,80,68,58,73,62,79,"181cm | 5'11""",0,-,-,VfL Bochum,Korea DPR
Albin Ekdal,73,CM,,0,3,3,68,67,70,73,66,63,"186cm | 6'1""",0,-,-,Cagliari,Sweden
Madson Formagini Caridade,73,LM,,0,3,3,84,69,66,81,58,55,"160cm | 5'3""",0,-,-,Atlético Paranaense,Brazil
Egidio Arévalo Ríos,73,CDM,,0,2,4,69,53,64,56,74,63,"168cm | 5'6""",0,-,-,Tijuana,Uruguay
David Stockdale,73,GK,,0,1,3,76,72,79,76,50,72,"191cm | 6'3""",0,-,-,Ipswich Town,England
Anthony Modeste,73,ST,,0,3,3,72,73,61,68,56,77,"187cm | 6'2""",0,-,-,Girondins de Bordeaux,France
Carlos Sánchez,73,CDM,,0,2,4,72,59,71,69,72,72,"182cm | 6'0""",0,-,-,Valenciennes FC,Colombia
Max Gradel,73,LM,,0,3,4,92,68,56,77,55,46,"173cm | 5'8""",0,-,-,A.S. Saint-Etienne,Ivory Coast
Jan Morávek,73,CAM,,0,3,3,63,70,73,74,54,57,"180cm | 5'11""",0,-,-,FC Schalke 04,Czech Republic
Henri Saivet,73,ST,,0,3,3,86,66,60,78,40,53,"175cm | 5'9""",0,-,-,Girondins de Bordeaux,France
Fabian Delph,73,CM,,0,3,2,86,74,72,77,60,61,"174cm | 5'9""",0,-,-,Aston Villa,England
Mathias Jørgensen,73,CB,,0,2,2,72,37,64,46,76,70,"191cm | 6'3""",0,-,-,FC København,Denmark
Nacer Barazite,73,RW,,0,4,3,73,70,63,79,51,58,"186cm | 6'1""",0,-,-,FK Austria Wien,Netherlands
Barry Bannan,73,CM,,0,3,2,80,72,80,76,46,53,"170cm | 5'7""",0,-,-,Aston Villa,Scotland
Slobodan Rajkovic,73,CB,,0,2,3,61,33,54,44,78,68,"191cm | 6'3""",0,-,-,Hamburger SV,Serbia
Damian Escudero,73,LW,,0,3,3,82,61,70,75,54,56,"176cm | 5'9""",0,-,-,Grêmio,Argentina
Ibrahima Traoré,73,LM,,0,4,3,87,60,66,79,43,50,"171cm | 5'7""",0,-,-,VfB Stuttgart,Guinea
Jeffrey Sarpong,73,RW,,0,4,4,85,61,72,73,48,56,"178cm | 5'10""",0,-,-,Real Sociedad de Fútbol S.A.D.,Netherlands
Vurnon Anita,73,LB,,0,3,3,84,52,67,71,71,62,"167cm | 5'6""",0,-,-,Ajax,Netherlands
Yacine Brahimi,73,LW,,0,2,3,77,69,70,79,42,47,"175cm | 5'9""",0,-,-,Stade Rennais FC,France
Jonathan Biabiany,73,RM,,0,3,3,96,65,68,74,54,62,"175cm | 5'9""",0,-,-,Parma,France
Sergio Tejera,73,CM,,0,3,3,70,63,73,72,67,52,"181cm | 5'11""",0,-,-,Real Club Deportivo Mallorca S.A.D.,Spain
Nathan Delfouneso,73,ST,,0,3,4,90,67,45,78,46,71,"186cm | 6'1""",0,-,-,Aston Villa,England
Dan Gosling,73,CM,,0,2,3,71,69,71,73,69,63,"178cm | 5'10""",0,-,-,Newcastle United,England
Felipe Aliste Lopes,73,CB,,0,2,3,66,47,60,58,75,73,"187cm | 6'2""",0,-,-,CD Nacional,Brazil
Alan Kardec,73,ST,,0,2,2,71,70,58,69,55,69,"187cm | 6'2""",0,-,-,Santos,Brazil
Pedro Roberto Silva Botelho,73,LB,,0,3,2,79,64,63,72,72,64,"186cm | 6'1""",0,-,-,Rayo Vallecano de Madrid S.A.D.,Brazil
Sofiane Feghouli,73,RM,,0,3,4,76,71,68,78,53,58,"178cm | 5'10""",0,-,-,Valencia Club de Fútbol S.A.D.,France
Enrique Sola Clemente,73,ST,,0,3,3,71,71,70,67,60,70,"184cm | 6'0""",0,-,-,Club Atlético Osasuna,Spain
Sebastian Ribas,73,ST,,0,3,4,75,71,42,72,55,72,"189cm | 6'2""",0,-,-,Genoa,Uruguay
Senijad Ibričić,73,CAM,,0,3,4,74,72,72,76,57,67,"181cm | 5'11""",0,-,-,Lokomotiv Moskva,Bosnia Herzegovina
Federico Macheda,73,ST,,0,3,3,74,72,50,68,49,71,"185cm | 6'1""",0,-,-,Manchester United,Italy
Thierry Doubaï,73,CDM,,0,2,3,70,56,75,69,72,66,"179cm | 5'10""",0,-,-,Udinese,Ivory Coast
Leroy Fer,73,CM,,0,3,3,74,71,72,68,77,75,"188cm | 6'2""",0,-,-,FC Twente,Netherlands
Christian Stuani,73,ST,,0,3,3,66,73,58,62,55,78,"184cm | 6'0""",0,-,-,Real Racing Club S.A.D.,Uruguay
Lynel Kitambala,73,ST,,0,2,3,78,68,60,76,52,61,"177cm | 5'10""",0,-,-,A.S. Saint-Etienne,France
Jámison Olave,73,CB,,0,2,3,79,40,53,51,80,78,"186cm | 6'1""",0,-,-,Real Salt Lake,Colombia
Jefferson Montero,73,RW,,0,4,4,84,69,59,81,50,60,"165cm | 5'5""",0,-,-,Real Betis Balompié S.A.D. ,Ecuador
Gordon Schildenfeld,73,CB,,0,2,3,59,41,53,58,78,65,"191cm | 6'3""",0,-,-,Eintracht Frankfurt,Croatia
Lars Stindl,73,RM,,0,3,3,74,69,69,76,57,64,"180cm | 5'11""",0,-,-,Hannover 96,Germany
Dayro Moreno,73,CF,,0,5,4,76,73,64,74,47,60,"178cm | 5'10""",0,-,-,Tijuana,Colombia
Cheick Tidiane Diabaté,73,ST,,0,2,3,72,69,51,68,51,74,"194cm | 6'4""",0,-,-,Girondins de Bordeaux,Mali
Mubarak Wakaso,73,CDM,,0,2,2,85,62,70,66,76,70,"165cm | 5'5""",0,-,-,Villarreal Club de Fútbol S.A.D.,Ghana
Riccardo Meggiorini,73,ST,,0,3,4,76,67,59,68,58,73,"183cm | 6'0""",0,-,-,Novara,Italy
Jens Hegeler,73,CM,,0,3,3,66,50,75,71,71,68,"193cm | 6'4""",0,-,-,1. FC Nürnberg,Germany
Jonathan Urretaviscaya,73,RW,,0,3,4,83,68,67,76,46,61,"171cm | 5'7""",0,-,-,Vitória de Guimarães,Uruguay
Dennis Diekmeier,73,RB,,0,3,3,83,60,72,73,71,70,"188cm | 6'2""",0,-,-,Hamburger SV,Germany
Souza,73,CDM,,0,2,3,66,65,70,74,74,63,"188cm | 6'2""",0,-,-,FC Porto,Brazil
Víctor Vázquez,73,CAM,,0,3,3,59,67,74,76,53,54,"178cm | 5'10""",0,-,-,Club Brugge KV,Spain
Iturraspe,73,CM,,0,2,3,56,62,71,67,68,59,"187cm | 6'2""",0,-,-,Athletic Club de Bilbao,Spain
Tom Cleverley,73,CAM,,0,3,3,77,70,78,77,59,56,"175cm | 5'9""",0,-,-,Manchester United,England
Moestafa El Kabir,73,ST,,0,4,3,87,70,49,77,54,60,"177cm | 5'10""",0,-,-,Cagliari,Netherlands
Georg Niedermeier,73,CB,,0,2,3,71,33,59,47,73,71,"189cm | 6'2""",0,-,-,VfB Stuttgart,Germany
Rodolph Austin,73,CM,,0,3,3,75,70,67,65,79,72,"183cm | 6'0""",0,-,-,SK Brann,Jamaica
Stephan El Shaarawy,73,CF,,0,5,5,81,70,70,79,50,60,"178cm | 5'10""",0,-,-,Milan,Italy
Osvaldo Alonso,73,CDM,,0,2,4,82,68,69,67,75,71,"180cm | 5'11""",0,-,-,Seattle Sounders FC,Cuba
Tomás Rincón,73,CDM,,0,3,3,67,52,71,69,72,72,"175cm | 5'9""",0,-,-,Hamburger SV,Venezuela
Nenad Milijaš,73,CM,,0,3,2,54,77,76,65,71,72,"188cm | 6'2""",0,-,-,Wolverhampton Wanderers,Serbia
Atsuto Uchida,73,RB,,0,3,3,80,54,77,75,62,60,"176cm | 5'9""",0,-,-,FC Schalke 04,Japan
Gilvan Gomes Vieira,73,LW,,0,4,2,83,67,59,80,57,67,"175cm | 5'9""",0,-,-,Sociedad Deportiva Huesca S.A.D.,Brazil
Thibaut Courtois,73,GK,,0,1,3,71,80,58,81,59,63,"197cm | 6'6""",0,-,-,Club Atlético de Madrid S.A.D.,Belgium
Sosthenes José Santos Salles,73,CF,,0,3,3,92,66,60,82,43,59,"171cm | 5'7""",0,-,-,Atlético Mineiro,Brazil
Lamine Sané,73,CB,,0,2,2,64,37,56,55,76,75,"192cm | 6'4""",0,-,-,Girondins de Bordeaux,Senegal
Hernán Bernardello,73,CDM,,0,3,3,66,62,69,68,71,57,"174cm | 5'9""",0,-,-,Unión Deportiva Almería S.A.D.,Argentina
Fontàs,73,CB,,0,2,3,60,51,69,55,77,65,"186cm | 6'1""",0,-,-,F.C. Barcelona,Spain
Fabián Orellana,73,RM,,0,4,4,80,62,57,82,46,67,"170cm | 5'7""",0,-,-,Real Club Celta de Vigo S.A.D.,Chile
Mato Jajalo,73,CM,,0,3,2,74,66,69,76,64,66,"182cm | 6'0""",0,-,-,1. FC Köln,Croatia
Sebastian Jung,73,RB,,0,3,4,71,55,70,67,71,68,"179cm | 5'10""",0,-,-,Eintracht Frankfurt,Germany
Mario Gaspar,73,RB,,0,2,3,77,53,67,65,74,64,"178cm | 5'10""",0,-,-,Villarreal Club de Fútbol S.A.D.,Spain
Javier Magro Matilla,73,CM,,0,3,4,67,65,76,72,59,54,"176cm | 5'9""",0,-,-,Real Betis Balompié S.A.D. ,Spain
Ezequiel Schelotto,73,RM,,0,3,4,81,61,71,73,72,70,"187cm | 6'2""",0,-,-,A. Bergamo,Italy
Michael Barrantes,73,CM,,0,3,3,70,71,72,74,65,56,"177cm | 5'10""",0,-,-,Aalesunds FK,Costa Rica
Philipp Bargfrede,73,CDM,,0,2,3,65,61,70,73,71,64,"174cm | 5'9""",0,-,-,Werder Bremen,Germany
Mário Fernandes,73,RB,,0,2,4,71,51,61,66,72,76,"189cm | 6'2""",0,-,-,Grêmio,Brazil
Nemanja Pejčinović,73,CB,,0,2,4,53,38,62,49,72,78,"184cm | 6'0""",0,-,-,OGC Nice,Serbia
Jano Ananidze,73,CAM,,0,4,4,74,70,72,74,45,57,"170cm | 5'7""",0,-,-,Spartak Moskva,Georgia
Magaye Gueye,73,LM,,0,3,2,83,68,68,75,53,63,"179cm | 5'10""",0,-,-,Everton,France
Christoph Moritz,73,RM,,0,3,3,73,55,71,76,66,64,"186cm | 6'1""",0,-,-,FC Schalke 04,Germany
Manoel Messias Carvalho,73,CB,,0,2,3,80,41,56,41,78,81,"181cm | 5'11""",0,-,-,Atlético Paranaense,Brazil
Henry Damián Gimenez,73,CF,,0,3,3,81,65,59,76,56,58,"176cm | 5'9""",0,-,-,Bologna,Uruguay
Radosav Petrovic,73,CDM,,0,2,2,65,64,65,49,77,70,"193cm | 6'4""",0,-,-,Blackburn Rovers,Serbia
Joel Matip,73,CB,,0,2,3,58,51,68,62,76,77,"193cm | 6'4""",0,-,-,FC Schalke 04,Cameroon
Nicolás Lodeiro,73,CAM,,0,4,4,69,69,72,75,46,54,"173cm | 5'8""",0,-,-,Ajax,Uruguay
David Alaba,73,CM,,0,3,4,78,60,72,78,61,62,"180cm | 5'11""",0,-,-,Bayern München,Austria
Philipp Wollscheid,73,CB,,0,2,4,60,37,48,45,76,72,"194cm | 6'4""",0,-,-,1. FC Nürnberg,Germany
Almog Cohen,73,CDM,,0,2,3,70,57,69,67,73,75,"169cm | 5'7""",0,-,-,1. FC Nürnberg,Israel
Jasper Cillessen,73,GK,,0,1,2,77,69,67,77,41,70,"187cm | 6'2""",0,-,-,Ajax,Netherlands
Heung Min Son,73,CF,,0,3,3,79,71,58,77,50,65,"183cm | 6'0""",0,-,-,Hamburger SV,Korea Republic
Alexander Merkel,73,CAM,,0,3,3,77,62,73,74,50,48,"177cm | 5'10""",0,-,-,Genoa,Germany
Jason Morrison,73,CDM,,0,4,3,74,51,64,70,73,67,"183cm | 6'0""",0,-,-,Aalesunds FK,Jamaica
Afriyie Acquah,73,CM,,0,2,4,77,60,73,70,66,67,"179cm | 5'10""",0,-,-,Palermo,Ghana
Fegor Ogude,73,CM,,0,3,4,78,67,64,77,79,80,"180cm | 5'11""",0,-,-,Vålerenga Fotball,Nigeria
Julian Draxler,73,CAM,,0,3,3,70,68,67,76,43,55,"185cm | 6'1""",0,-,-,FC Schalke 04,Germany
Rául Fernàndez,73,GK,,0,1,2,78,69,65,78,51,73,"185cm | 6'1""",0,-,-,OGC Nice,Peru
Giovanni Pasquale,73,LWB,,0,2,3,77,63,70,69,74,65,"182cm | 6'0""",0,-,-,Udinese,Italy
Guy Demel,72,RB,,0,2,3,68,50,66,68,78,66,"188cm | 6'2""",0,-,-,West Ham United,Ivory Coast
Jérôme Rothen,72,LM,,0,3,2,58,70,75,71,54,44,"177cm | 5'10""",0,-,-,Sporting Club Bastia,France
Lee Bowyer,72,CM,,0,3,3,65,66,74,73,71,65,"175cm | 5'9""",0,-,-,Ipswich Town,England
Fabrice Ehret,72,LB,,0,3,3,85,59,68,73,64,44,"183cm | 6'0""",0,-,-,Evian Thonon Gaillard FC,France
Matthew Amoah,72,ST,,0,3,4,75,70,48,66,49,72,"175cm | 5'9""",0,-,-,NAC Breda,Ghana
Emile Heskey,72,ST,,0,3,4,59,63,53,61,73,85,"188cm | 6'2""",0,-,-,Aston Villa,England
Nélson Augusto Tomar Marcos,72,RB,,0,2,3,89,52,70,72,70,66,"171cm | 5'7""",0,-,-,Real Betis Balompié S.A.D. ,Portugal
José Filipe da Silva Moreira,72,GK,,0,1,2,73,75,67,71,54,73,"185cm | 6'1""",0,-,-,Swansea City,Portugal
Danny Higginbotham,72,LB,,0,2,2,60,50,62,53,77,73,"185cm | 6'1""",0,-,-,Stoke City,England
Pascal Feindouno,72,CF,,0,4,4,79,69,69,77,50,65,"176cm | 5'9""",0,-,-,FC Sion,Guinea
Mikaël Silvestre,72,LB,,0,2,2,49,48,71,59,73,75,"183cm | 6'0""",0,-,-,Werder Bremen,France
Denny Landzaat,72,CM,,0,2,3,49,72,71,69,70,71,"178cm | 5'10""",0,-,-,FC Twente,Netherlands
Braga,72,CAM,,0,2,4,73,68,69,72,56,62,"181cm | 5'11""",0,-,-,Rio Ave FC,Portugal
Giuseppe Colucci,72,CM,,0,3,4,57,69,74,69,66,53,"179cm | 5'10""",0,-,-,A.C. Cesena,Italy
Aitor Ocio Carrión,72,CB,,0,2,3,32,47,64,56,73,62,"187cm | 6'2""",0,-,-,Athletic Club de Bilbao,Spain
Kamel Chafni,72,CM,,0,3,4,75,64,67,72,57,66,"181cm | 5'11""",0,-,-,AJ Auxerre,Morocco
Abdoulaye Faye,72,CB,,0,2,3,50,37,47,43,76,82,"187cm | 6'2""",0,-,-,West Ham United,Senegal
Luciano Zauri,72,RB,,0,2,3,54,58,70,67,74,66,"178cm | 5'10""",0,-,-,Lazio,Italy
Romain Poyet,72,RW,,0,3,3,68,70,70,73,56,74,"184cm | 6'0""",0,-,-,Stade Brestois 29,France
David Hellebuyck,72,CM,,0,3,3,60,79,74,73,62,69,"178cm | 5'10""",0,-,-,OGC Nice,France
Emmerson Boyce,72,RB,,0,2,3,54,36,53,57,74,75,"184cm | 6'0""",0,-,-,Wigan Athletic,Barbados
Moris Carrozzieri,72,CB,,0,2,2,33,41,49,26,81,65,"192cm | 6'4""",0,-,-,Lecce,Italy
Patrick Zwaanswijk,72,CB,,0,2,4,59,64,60,63,78,75,"190cm | 6'3""",0,-,-,Central Coast Mariners FC,Netherlands
Nick Rimando,72,GK,,0,1,3,74,71,71,74,51,68,"178cm | 5'10""",0,-,-,Real Salt Lake,United States
Marc Ziegler,72,GK,,0,1,3,73,69,73,70,27,74,"193cm | 6'4""",0,-,-,VfB Stuttgart,Germany
Liam Lawrence,72,RM,,0,3,3,70,71,77,72,58,57,"180cm | 5'11""",0,-,-,Portsmouth,Republic of Ireland
José Manuel Pinto Colorado,72,GK,,0,1,3,78,75,78,69,43,68,"185cm | 6'1""",0,-,-,F.C. Barcelona,Spain
Moisés Hurtado Pérez,72,CDM,,0,2,3,43,50,62,52,77,63,"185cm | 6'1""",0,-,-,Granada Club de Fútbol,Spain
David Aganzo Méndez,72,ST,,0,3,3,67,66,46,69,49,84,"177cm | 5'10""",0,-,-,Hércules Club de Fútbol S.A.D.,Spain
Chaouki Ben Saada,72,RM,,0,4,4,73,66,66,77,47,57,"170cm | 5'7""",0,-,-,Racing Club de Lens,Tunisia
Diego Rivas Gutiérrez,72,CDM,,0,2,3,57,55,64,48,78,55,"180cm | 5'11""",0,-,-,Hércules Club de Fútbol S.A.D.,Spain
José Kléberson Pereira,72,CM,,0,3,4,74,68,77,69,66,68,"176cm | 5'9""",0,-,-,Atlético Paranaense,Brazil
Francesco Modesto,72,LM,,0,2,3,77,59,72,68,71,64,"177cm | 5'10""",0,-,-,Parma,Italy
Vincenzo Grella,72,CDM,,0,3,3,53,58,75,69,73,67,"182cm | 6'0""",0,-,-,Blackburn Rovers,Australia
Christian Wetklo,72,GK,,0,1,3,74,70,73,73,45,68,"190cm | 6'3""",0,-,-,1. FSV Mainz 05,Germany
Per Nilsson,72,CB,,0,2,3,42,46,50,39,75,64,"190cm | 6'3""",0,-,-,1. FC Nürnberg,Sweden
Ewerthon Henrique de Souza,72,CF,,0,3,2,81,71,58,76,47,67,"175cm | 5'9""",0,-,-,Terek Grozny,Brazil
David Ducourtioux,72,RB,,0,2,4,57,55,74,62,69,70,"177cm | 5'10""",0,-,-,Valenciennes FC,France
Alessandro Agostini,72,LB,,0,2,3,73,51,72,64,69,64,"174cm | 5'9""",0,-,-,Cagliari,Italy
Paulo César Rocha Rosa,72,ST,,0,2,3,78,65,62,73,55,68,"175cm | 5'9""",0,-,-,SC Braga,Brazil
Thomas Broich,72,LW,,0,3,4,64,68,73,73,46,60,"182cm | 6'0""",0,-,-,Brisbane Roar Football Club,Germany
Gerhard Tremmel,72,GK,,0,1,3,73,70,59,75,48,72,"190cm | 6'3""",0,-,-,Swansea City,Germany
Boubacar Barry,72,GK,,0,1,3,76,68,53,83,64,61,"180cm | 5'11""",0,-,-,Sporting Lokeren OV,Ivory Coast
Hans Henrik Andreasen,72,CM,,0,3,3,56,69,73,51,67,76,"183cm | 6'0""",0,-,-,Odense Boldklub,Denmark
Kyle Beckerman,72,CDM,,0,3,3,72,67,64,70,74,67,"178cm | 5'10""",0,-,-,Real Salt Lake,United States
Zdeněk Grygera,72,RB,,0,2,3,56,57,64,55,74,66,"185cm | 6'1""",0,-,-,Fulham,Czech Republic
Antonio Doblas Santana,72,GK,,0,1,3,72,65,69,77,58,78,"184cm | 6'0""",0,-,-,Xerez Club Deportivo S.A.D.,Spain
Jan Gunnar Solli,72,RB,,0,3,3,72,67,70,70,75,74,"183cm | 6'0""",0,-,-,New York Red Bulls,Norway
Niki Zimling,72,CDM,,0,2,3,73,61,69,64,72,71,"178cm | 5'10""",0,-,-,Club Brugge KV,Denmark
Junior Cesar E. Machado,72,LB,,0,3,2,86,67,71,71,65,62,"166cm | 5'5""",0,-,-,Flamengo,Brazil
Michael Silberbauer,72,CM,,0,3,3,73,68,72,69,70,67,"183cm | 6'0""",0,-,-,BSC Young Boys,Denmark
Fabio Grosso,72,LB,,0,2,3,45,72,75,67,72,61,"190cm | 6'3""",0,-,-,Juventus,Italy
Leonardo Lourenço Bastos,72,LB,,0,3,3,85,65,72,78,69,60,"166cm | 5'5""",0,-,-,Santos,Brazil
Tomáš Jun,72,CF,,0,3,3,78,70,58,71,49,70,"178cm | 5'10""",0,-,-,FK Austria Wien,Czech Republic
Emiliano Moretti,72,LB,,0,2,3,66,48,67,53,76,74,"183cm | 6'0""",0,-,-,Genoa,Italy
Young Kwang Kim,72,GK,,0,1,3,71,72,71,70,54,71,"184cm | 6'0""",0,-,-,Ulsan Hyundai Horang-i,Korea Republic
Edson Buddle,72,ST,,0,3,3,71,71,55,72,57,75,"185cm | 6'1""",0,-,-,FC Ingolstadt 04,United States
Saša Papac,72,LB,,0,2,3,72,36,69,66,74,69,"185cm | 6'1""",0,-,-,Rangers,Bosnia Herzegovina
Anouar Hadouir,72,CAM,,0,4,4,73,70,68,77,45,47,"173cm | 5'8""",0,-,-,Alemannia Aachen,Netherlands
Gennaro Bracigliano,72,GK,,0,1,3,75,73,71,75,43,76,"183cm | 6'0""",0,-,-,Olympique de Marseille,France
Ricardo Pozzi Rodrigues,72,CAM,,0,4,3,42,71,80,73,58,48,"176cm | 5'9""",0,-,-,Bahia,Brazil
Roman Hubník,72,CB,,0,2,3,53,54,60,45,75,74,"192cm | 6'4""",0,-,-,Hertha BSC,Czech Republic
Olivier Deschacht,72,LB,,0,2,2,73,46,62,52,72,72,"185cm | 6'1""",0,-,-,RSC Anderlecht,Belgium
Christian Terlizzi,72,CB,,0,3,3,52,44,50,50,77,74,"194cm | 6'4""",0,-,-,Varese,Italy
Thomas Kahlenberg,72,LM,,0,3,4,66,69,74,74,60,64,"183cm | 6'0""",0,-,-,VfL Wolfsburg,Denmark
João Henrique Pataco Tomás,72,ST,,0,3,4,33,72,63,62,59,77,"188cm | 6'2""",0,-,-,Rio Ave FC,Portugal
Eric Djemba-Djemba,72,CDM,,0,3,3,74,61,62,66,76,76,"175cm | 5'9""",0,-,-,Odense Boldklub,Cameroon
Jason Shackell,72,CB,,0,2,3,67,36,52,48,74,77,"193cm | 6'4""",0,-,-,Derby County,England
Papa Bouba Diop,72,CDM,,0,2,2,64,73,67,55,78,88,"194cm | 6'4""",0,-,-,West Ham United,Senegal
Sylvain Monsoreau,72,CB,,0,2,3,60,45,61,53,72,74,"186cm | 6'1""",0,-,-,A.S. Saint-Etienne,France
Ian Evatt,72,CB,,0,2,2,63,38,44,36,76,76,"191cm | 6'3""",0,-,-,Blackpool,England
Fredrik Stenman,72,LB,,0,2,4,71,54,68,66,74,70,"187cm | 6'2""",0,-,-,Club Brugge KV,Sweden
Brad Davis,72,LM,,0,3,4,64,67,73,66,61,59,"180cm | 5'11""",0,-,-,Houston Dynamo,United States
Philippe Senderos,72,CB,,0,2,2,54,35,47,36,73,78,"190cm | 6'3""",0,-,-,Fulham,Switzerland
Aldo De Nigris,72,ST,,0,3,3,68,70,62,66,63,82,"184cm | 6'0""",0,-,-,Monterrey,Mexico
Michael Kightly,72,RM,,0,3,3,79,62,69,75,53,58,"173cm | 5'8""",0,-,-,Wolverhampton Wanderers,England
Albin Ebondo,72,RB,,0,2,3,77,44,71,67,73,69,"183cm | 6'0""",0,-,-,A.S. Saint-Etienne,France
Georgi Peev,72,RM,,0,3,3,61,71,74,72,62,64,"182cm | 6'0""",0,-,-,Amkar Perm,Bulgaria
Krisztián Vadócz,72,CM,,0,2,4,55,71,69,62,70,63,"188cm | 6'2""",0,-,-,N.E.C.,Hungary
Alexandros Tziolis,72,CDM,,0,3,2,54,68,70,58,75,64,"189cm | 6'2""",0,-,-,Real Racing Club S.A.D.,Greece
Ismael Blanco,72,ST,,0,3,3,66,71,62,72,46,76,"179cm | 5'10""",0,-,-,San Luis,Argentina
Damián Manso,72,CAM,,0,4,3,73,68,73,73,58,61,"169cm | 5'7""",0,-,-,Monarcas Morelia,Argentina
Faryd Mondragón,72,GK,,0,1,1,67,76,67,68,33,79,"191cm | 6'3""",0,-,-,Philadelphia Union,Colombia
Dániel Tőzsér,72,CM,,0,3,3,53,76,77,68,65,61,"185cm | 6'1""",0,-,-,KRC Genk,Hungary
Yassin Mikari,72,LB,,0,3,2,82,55,71,69,68,59,"172cm | 5'8""",0,-,-,FC Sochaux-Montbéliard,Tunisia
Albert Bunjaku,72,ST,,0,3,4,71,69,50,72,52,70,"178cm | 5'10""",0,-,-,1. FC Nürnberg,Switzerland
Alvaro Cejudo Carmona,72,RM,,0,3,3,77,66,66,76,54,62,"185cm | 6'1""",0,-,-,Club Atlético Osasuna,Spain
Leo Franco,72,GK,,0,1,3,72,72,79,71,44,72,"188cm | 6'2""",0,-,-,Real Zaragoza S.A.D.,Argentina
Raúl Bravo Sanfélix,72,LB,,0,2,2,76,51,62,56,74,66,"176cm | 5'9""",0,-,-,Rayo Vallecano de Madrid S.A.D.,Spain
Iván Sánchez-Rico Soto,72,CF,,0,3,3,71,73,65,74,54,68,"187cm | 6'2""",0,-,-,Real Club Deportivo de La Coruña S.A.D.,Spain
Sergio Rodríguez García,72,CB,,0,2,3,70,45,64,49,71,78,"185cm | 6'1""",0,-,-,Spartak Moskva,Spain
Roman Sharonov,72,CB,,0,2,2,57,44,60,61,71,72,"184cm | 6'0""",0,-,-,Rubin Kazan,Russia
Héctor Bracamonte,72,ST,,0,3,4,71,68,66,63,64,77,"190cm | 6'3""",0,-,-,FC Rostov,Argentina
Danny Koevermans,72,ST,,0,2,3,47,72,56,54,61,76,"191cm | 6'3""",0,-,-,Toronto FC,Netherlands
Tom Høgli,72,RB,,0,2,4,71,50,66,54,73,61,"175cm | 5'9""",0,-,-,Club Brugge KV,Norway
Dariusz Dudka,72,CDM,,0,2,4,67,60,73,66,75,73,"182cm | 6'0""",0,-,-,AJ Auxerre,Poland
Paul Verhaegh,72,RB,,0,2,3,77,47,66,73,70,68,"178cm | 5'10""",0,-,-,FC Augsburg,Netherlands
Jedaias Capucho Neves,72,ST,,0,3,3,79,64,58,76,47,73,"176cm | 5'9""",0,-,-,Novara,Brazil
Emanuele Calaió,72,ST,,0,3,2,68,70,50,69,53,78,"179cm | 5'10""",0,-,-,Siena,Italy
Alexandros Tzorvas,72,GK,,0,1,3,77,68,68,77,68,66,"188cm | 6'2""",0,-,-,Palermo,Greece
Florian Fromlowitz,72,GK,,0,1,3,76,70,72,77,62,63,"185cm | 6'1""",0,-,-,MSV Duisburg,Germany
Gilles Yapi Yapo,72,CM,,0,3,3,77,59,69,77,68,62,"171cm | 5'7""",0,-,-,FC Basel 1893,Ivory Coast
Kris Stadsgaard,72,CB,,0,2,3,57,44,66,34,74,65,"185cm | 6'1""",0,-,-,Málaga Club de Fútbol S.A.D.,Denmark
Alexander Tettey,72,CM,,0,3,3,84,68,72,74,72,68,"180cm | 5'11""",0,-,-,Stade Rennais FC,Norway
Rosinei Adolfo,72,CM,,0,3,3,86,58,68,73,70,68,"170cm | 5'7""",0,-,-,América,Brazil
Clarence Goodson,72,CB,,0,2,3,69,47,55,44,73,75,"193cm | 6'4""",0,-,-,Brøndby IF,United States
Grzegorz Wojtkowiak,72,LB,,0,2,4,74,41,62,55,70,69,"184cm | 6'0""",0,-,-,Lech Poznań,Poland
Hernán Losada,72,CAM,,0,4,4,69,66,71,77,52,56,"172cm | 5'8""",0,-,-,Germinal Beerschot,Argentina
Ciro Capuano,72,LB,,0,3,3,76,63,72,70,71,67,"185cm | 6'1""",0,-,-,Catania,Italy
Dacian Varga,72,LM,,0,2,3,69,59,72,72,44,51,"173cm | 5'8""",0,-,-,Kuban Krasnodar,Romania
Christian Gratzei,72,GK,,0,1,3,70,76,75,74,60,69,"186cm | 6'1""",0,-,-,SK Sturm Graz,Austria
Álvaro Saborío,72,ST,,0,3,3,76,71,59,71,60,81,"183cm | 6'0""",0,-,-,Real Salt Lake,Costa Rica
Márcio Rodrigues Araújo,72,CDM,,0,2,2,84,63,72,74,69,62,"172cm | 5'8""",0,-,-,Palmeiras,Brazil
Leon Best,72,ST,,0,2,4,76,70,56,71,55,73,"185cm | 6'1""",0,-,-,Newcastle United,Republic of Ireland
Alfredo Talavera,72,GK,,0,1,3,74,71,69,74,55,73,"188cm | 6'2""",0,-,-,Toluca,Mexico
Thomas Buffel,72,RM,,0,3,4,69,67,71,73,59,57,"175cm | 5'9""",0,-,-,KRC Genk,Belgium
Rudi Skacel,72,CAM,,0,3,3,79,70,71,70,64,71,"178cm | 5'10""",0,-,-,Heart of Midlothian,Czech Republic
Darren Pratley,72,CM,,0,3,3,72,69,69,74,69,70,"185cm | 6'1""",0,-,-,Bolton Wanderers,England
Gennaro Sardo,72,RB,,0,2,2,62,60,68,54,77,78,"190cm | 6'3""",0,-,-,Chievo Verona,Italy
Neri Cardozo,72,LM,,0,4,3,80,60,68,78,55,67,"171cm | 5'7""",0,-,-,Monterrey,Argentina
Christian Valdez,72,CM,,0,2,3,82,62,71,68,64,48,"170cm | 5'7""",0,-,-,Jaguares de Chiapas,Mexico
Andreas Ottl,72,CDM,,0,2,3,57,54,65,64,74,75,"186cm | 6'1""",0,-,-,Hertha BSC,Germany
Matt Fryatt,72,ST,,0,2,4,67,70,60,69,55,66,"178cm | 5'10""",0,-,-,Hull City,England
José María Romero Poyón,72,ST,,0,3,3,70,71,63,73,51,79,"183cm | 6'0""",0,-,-,Xerez Club Deportivo S.A.D.,Spain
Pablo Ledesma,72,CM,,0,3,3,68,62,72,73,68,63,"178cm | 5'10""",0,-,-,Catania,Argentina
Jan Wuytens,72,CB,,0,2,2,49,51,63,57,74,67,"189cm | 6'2""",0,-,-,FC Utrecht,Belgium
Ibrahim Sekagya,72,CB,,0,3,3,62,46,46,63,75,76,"185cm | 6'1""",0,-,-,FC Red Bull Salzburg,Uganda
Thomas Kessler,72,GK,,0,1,2,75,73,68,72,56,70,"197cm | 6'6""",0,-,-,Eintracht Frankfurt,Germany
Paul Robinson,72,LB,,0,2,3,53,47,68,57,75,72,"175cm | 5'9""",0,-,-,Bolton Wanderers,England
Chidi Odiah,72,RB,,0,3,4,84,65,67,69,70,73,"183cm | 6'0""",0,-,-,CSKA Moskva,Nigeria
Carlos Bueno,72,ST,,0,3,2,73,68,54,68,56,76,"178cm | 5'10""",0,-,-,Querétaro,Uruguay
Edgar Dueñas,72,CB,,0,2,3,57,43,53,49,76,77,"185cm | 6'1""",0,-,-,Toluca,Mexico
Peter Whittingham,72,CAM,,0,3,3,76,71,74,71,44,61,"178cm | 5'10""",0,-,-,Cardiff City,England
Karim El Ahmadi,72,CM,,0,3,3,67,57,68,78,68,54,"185cm | 6'1""",0,-,-,Feyenoord,Morocco
Chris Eagles,72,RM,,0,3,4,80,70,69,77,43,48,"183cm | 6'0""",0,-,-,Bolton Wanderers,England
Pablo Barrientos,72,CAM,,0,4,4,61,68,74,80,41,50,"175cm | 5'9""",0,-,-,Catania,Argentina
Donovan Ricketts,72,GK,,0,1,3,73,65,85,79,62,71,"193cm | 6'4""",0,-,-,Los Angeles Galaxy,Jamaica
Jonathan Orozco,72,GK,,0,1,3,77,68,74,75,41,69,"183cm | 6'0""",0,-,-,Monterrey,Mexico
Omar Arellano,72,ST,,0,3,3,89,69,58,76,53,64,"174cm | 5'9""",0,-,-,Guadalajara,Mexico
Francesco Pisano,72,RB,,0,2,3,89,51,69,74,62,62,"174cm | 5'9""",0,-,-,Cagliari,Italy
Xisco,72,ST,,0,3,3,71,72,48,67,51,78,"188cm | 6'2""",0,-,-,Real Club Deportivo de La Coruña S.A.D.,Spain
Bruno Alexandre Vilela Gama,72,RM,,0,3,4,81,67,69,75,52,51,"176cm | 5'9""",0,-,-,Real Club Deportivo de La Coruña S.A.D.,Portugal
Tiago João Targino da Silva,72,RW,,0,3,4,89,65,65,74,54,65,"180cm | 5'11""",0,-,-,Vitória de Guimarães,Portugal
Juan Valera Espín,72,RM,,0,2,3,78,54,71,69,67,61,"184cm | 6'0""",0,-,-,Getafe Club de Fútbol S.A.D.,Spain
Florian Marange,72,LB,,0,2,2,72,54,66,59,69,67,"181cm | 5'11""",0,-,-,Girondins de Bordeaux,France
Razak Boukari,72,ST,,0,3,4,85,68,59,74,51,64,"182cm | 6'0""",0,-,-,Stade Rennais FC,France
Angelo Mariano de Almeida,72,RB,,0,2,2,81,58,67,72,70,56,"174cm | 5'9""",0,-,-,Siena,Brazil
Alecsandro Barbosa Felisbino,72,ST,,0,4,3,64,72,63,70,57,80,"183cm | 6'0""",0,-,-,Vasco da Gama,Brazil
Jan Šimůnek,72,CB,,0,2,3,60,36,53,52,74,73,"187cm | 6'2""",0,-,-,1. FC Kaiserslautern,Czech Republic
Roman Kontsedalov,72,CAM,,0,3,3,78,60,72,71,57,76,"181cm | 5'11""",0,-,-,Spartak Nalchik,Russia
Rudy Mater,72,RB,,0,2,3,58,47,72,62,73,71,"178cm | 5'10""",0,-,-,Valenciennes FC,France
Leandro Rinaudo,72,CB,,0,2,2,51,44,52,38,72,82,"191cm | 6'3""",0,-,-,Napoli,Italy
Aldo Leão Ramírez,72,CM,,0,3,3,64,65,71,75,66,60,"175cm | 5'9""",0,-,-,Monarcas Morelia,Colombia
Rémy Riou,72,GK,,0,1,3,73,76,75,75,60,68,"191cm | 6'3""",0,-,-,Toulouse FC,France
Sylvan Ebanks-Blake,72,ST,,0,3,3,80,67,45,70,54,66,"173cm | 5'8""",0,-,-,Wolverhampton Wanderers,England
Andrea Masiello,72,RB,,0,2,2,71,50,65,51,75,75,"185cm | 6'1""",0,-,-,A. Bergamo,Italy
Francesco Valiani,72,LM,,0,2,4,72,66,72,71,64,51,"173cm | 5'8""",0,-,-,Parma,Italy
Matt Derbyshire,72,ST,,0,3,2,81,67,56,68,47,71,"177cm | 5'10""",0,-,-,Nottingham Forest,England
Danny Guthrie,72,CM,,0,3,3,70,65,72,74,67,60,"175cm | 5'9""",0,-,-,Newcastle United,England
Sebastián Eguren,72,CDM,,0,2,3,45,57,65,57,75,66,"186cm | 6'1""",0,-,-,Real Sporting de Gijón S.A.D.,Uruguay
Antoine Devaux,72,CDM,,0,2,3,61,67,74,71,69,69,"185cm | 6'1""",0,-,-,Toulouse FC,France
Wilson Tiago Mathías,72,CDM,,0,2,3,67,60,66,69,73,65,"186cm | 6'1""",0,-,-,I. Porto Alegre,Brazil
José Manuel Jiménez Ortiz,72,LB,,0,2,2,80,59,68,68,73,62,"175cm | 5'9""",0,-,-,Getafe Club de Fútbol S.A.D.,Spain
David Rodríguez,72,ST,,0,3,3,80,67,48,71,49,72,"178cm | 5'10""",0,-,-,Real Club Celta de Vigo S.A.D.,Spain
Marvin Ogunjimi,72,ST,,0,2,3,82,68,54,65,51,76,"184cm | 6'0""",0,-,-,KRC Genk,Belgium
Alfaro,72,CAM,,0,3,3,70,72,72,71,54,63,"173cm | 5'8""",0,-,-,Real Club Deportivo Mallorca S.A.D.,Spain
Thomas Enevoldsen,72,RW,,0,3,4,81,73,65,73,58,59,"181cm | 5'11""",0,-,-,FC Groningen,Denmark
José Roberto de Oliveira,72,CF,,0,4,3,67,73,74,82,51,56,"170cm | 5'7""",0,-,-,I. Porto Alegre,Brazil
Michael Mancienne,72,CB,,0,2,3,74,39,61,62,73,74,"184cm | 6'0""",0,-,-,Hamburger SV,England
Conor Sammon,72,ST,,0,3,3,82,63,47,76,50,71,"178cm | 5'10""",0,-,-,Wigan Athletic,Republic of Ireland
James McArthur,72,CM,,0,3,3,73,58,76,78,68,52,"178cm | 5'10""",0,-,-,Wigan Athletic,Scotland
De la Bella,72,LB,,0,2,3,76,49,73,67,69,66,"180cm | 5'11""",0,-,-,Real Sociedad de Fútbol S.A.D.,Spain
Martín Bravo,72,LW,,0,4,3,91,67,64,76,53,68,"168cm | 5'6""",0,-,-,U.N.A.M.,Argentina
Fraser Forster,72,GK,,0,1,3,71,73,64,77,41,73,"201cm | 6'7""",0,-,-,Celtic,England
Erik Huseklepp,72,CF,,0,4,3,88,70,60,72,55,64,"186cm | 6'1""",0,-,-,Portsmouth,Norway
Carlos Martínez,72,RB,,0,2,4,71,50,65,58,75,67,"188cm | 6'2""",0,-,-,Real Sociedad de Fútbol S.A.D.,Spain
Ahmed Kantari,72,CB,,0,2,3,58,35,57,49,74,73,"185cm | 6'1""",0,-,-,Stade Brestois 29,Morocco
Victor Obinna,72,RM,,0,3,3,91,72,68,75,52,70,"178cm | 5'10""",0,-,-,Lokomotiv Moskva,Nigeria
Niklas Moisander,72,CB,,0,2,4,68,47,68,66,71,71,"182cm | 6'0""",0,-,-,AZ Alkmaar,Finland
Victor Moses,72,RW,,0,4,4,80,67,60,81,54,61,"178cm | 5'10""",0,-,-,Wigan Athletic,England
Mohamed Fofana,72,CB,,0,2,3,58,36,49,37,74,79,"181cm | 5'11""",0,-,-,Toulouse FC,France
Xavier Pentecôte,72,ST,,0,3,3,65,71,62,73,47,68,"180cm | 5'11""",0,-,-,OGC Nice,France
Christoph Leitgeb,72,CM,,0,3,4,79,60,72,80,58,50,"172cm | 5'8""",0,-,-,FC Red Bull Salzburg,Austria
Shane Smeltz,72,ST,,0,3,4,68,70,40,64,52,79,"185cm | 6'1""",0,-,-,Perth Glory FC,New Zealand
Walter Ayoví,72,CM,,0,3,4,71,66,78,68,68,61,"171cm | 5'7""",0,-,-,Monterrey,Ecuador
Dennis Oliech,72,ST,,0,3,3,94,68,61,69,51,67,"181cm | 5'11""",0,-,-,AJ Auxerre,Kenya
Prince Tagoe,72,ST,,0,3,3,72,71,64,71,54,79,"188cm | 6'2""",0,-,-,TSG 1899 Hoffenheim,Ghana
Alexandre Licata,72,CF,,0,3,4,77,69,64,73,49,69,"178cm | 5'10""",0,-,-,AJ Auxerre,France
Ignacio Piatti,72,CM,,0,3,3,77,66,68,80,60,57,"181cm | 5'11""",0,-,-,Lecce,Argentina
Edwin Valencia,72,CDM,,0,3,3,68,54,62,63,76,73,"181cm | 5'11""",0,-,-,Fluminense,Colombia
Änis Ben-Hatira,72,RM,,0,3,4,81,68,68,76,58,65,"181cm | 5'11""",0,-,-,Hertha BSC,Germany
Clemerson De Araújo Soares,72,CF,,0,4,4,74,68,75,78,54,66,"172cm | 5'8""",0,-,-,Fluminense,Brazil
Carlos Hernández,72,CAM,,0,4,4,49,74,64,67,55,47,"170cm | 5'7""",0,-,-,Melbourne Victory FC,Costa Rica
Bojan Jokič,72,LB,,0,2,3,75,58,71,68,69,67,"176cm | 5'9""",0,-,-,Chievo Verona,Slovenia
Pape Paté Diouf,72,LW,,0,4,3,80,71,57,76,57,76,"186cm | 6'1""",0,-,-,FC København,Senegal
Nabil Dirar,72,CAM,,0,3,4,85,63,68,80,55,63,"182cm | 6'0""",0,-,-,Club Brugge KV,Morocco
Manuel da Costa,72,CB,,0,2,3,70,26,44,43,76,77,"191cm | 6'3""",0,-,-,Lokomotiv Moskva,Portugal
Weligton Robson Pena de Oliveira,72,CB,,0,2,3,61,39,51,50,76,61,"186cm | 6'1""",0,-,-,Málaga Club de Fútbol S.A.D.,Brazil
Sebastian Prödl,72,CB,,0,2,3,51,31,49,31,76,70,"194cm | 6'4""",0,-,-,Werder Bremen,Austria
Adil Chihi,72,LM,,0,3,2,81,64,68,76,51,58,"183cm | 6'0""",0,-,-,1. FC Köln,Morocco
Marco Rossi,72,LB,,0,2,2,65,44,55,39,74,74,"188cm | 6'2""",0,-,-,A.C. Cesena,Italy
Júlio César Jacobi,72,GK,,0,1,2,69,74,76,71,52,74,"191cm | 6'3""",0,-,-,Granada Club de Fútbol,Brazil
Tissone,72,CM,,0,3,3,73,68,68,67,74,68,"182cm | 6'0""",0,-,-,Real Club Deportivo Mallorca S.A.D.,Argentina
Aleandro Rosi,72,RB,,0,2,3,77,62,70,69,70,68,"184cm | 6'0""",0,-,-,Roma,Italy
Sako,72,LM,,0,2,3,85,71,73,74,58,61,"183cm | 6'0""",0,-,-,A.S. Saint-Etienne,France
Zoltán Stieber,72,LM,,0,3,3,83,69,66,75,45,60,"176cm | 5'9""",0,-,-,1. FSV Mainz 05,Hungary
Claudio Coralli,72,ST,,0,3,3,71,68,54,62,62,77,"178cm | 5'10""",0,-,-,Empoli,Italy
Marek Suchý,72,CB,,0,2,3,72,53,59,62,72,82,"183cm | 6'0""",0,-,-,Spartak Moskva,Czech Republic
Bořek Dočkal,72,RM,,0,3,4,70,70,75,72,60,68,"181cm | 5'11""",0,-,-,Rosenborg BK,Czech Republic
Luiz Henrique da Silva Alves,72,LW,,0,3,5,85,67,67,74,56,52,"175cm | 5'9""",0,-,-,Jeonbuk Hyundai Motors,Brazil
Ja Cheol Koo,72,CAM,,0,3,3,71,70,72,74,63,57,"182cm | 6'0""",0,-,-,VfL Wolfsburg,Korea Republic
Matthias Jaissle,72,CB,,0,2,3,58,23,63,47,74,75,"186cm | 6'1""",0,-,-,TSG 1899 Hoffenheim,Germany
Ignacio González,72,CAM,,0,3,5,58,74,70,71,52,62,"180cm | 5'11""",0,-,-,Standard de Liège,Uruguay
Håvard Nordtveit,72,CDM,,0,2,3,66,55,70,68,73,72,"188cm | 6'2""",0,-,-,Borussia M'gladbach,Norway
Roberto Rosales,72,RB,,0,3,4,81,62,73,74,68,68,"174cm | 5'9""",0,-,-,FC Twente,Venezuela
Wolfgang Hesl,72,GK,,0,1,2,73,69,71,73,54,72,"186cm | 6'1""",0,-,-,Dynamo Dresden,Germany
Bojan Jorgacevic,72,GK,,0,1,3,74,73,68,71,65,72,"187cm | 6'2""",0,-,-,KAA Gent,Serbia
Fabien Lemoine,72,CDM,,0,2,3,63,54,73,69,70,67,"175cm | 5'9""",0,-,-,A.S. Saint-Etienne,France
Fin Bartels,72,RM,,0,3,3,80,60,70,72,53,59,"175cm | 5'9""",0,-,-,FC St. Pauli,Germany
Tomáš Pekhart,72,ST,,0,3,4,65,66,47,68,58,74,"194cm | 6'4""",0,-,-,1. FC Nürnberg,Czech Republic
Zavon Hines,72,ST,,0,3,2,83,63,57,80,48,57,"178cm | 5'10""",0,-,-,Burnley,England
Jack Collison,72,RM,,0,2,3,69,61,75,71,69,75,"182cm | 6'0""",0,-,-,West Ham United,Wales
Chris Malonga Ntsayi,72,LW,,0,2,3,90,70,67,74,47,69,"183cm | 6'0""",0,-,-,AS Monaco FC,Congo
Ádám Szalai,72,ST,,0,3,4,64,68,52,72,56,69,"193cm | 6'4""",0,-,-,1. FSV Mainz 05,Hungary
John Goossens,72,LM,,0,3,4,71,78,66,72,50,57,"174cm | 5'9""",0,-,-,N.E.C.,Netherlands
Elderson Echiéjilé,72,LB,,0,2,3,78,45,67,68,74,76,"184cm | 6'0""",0,-,-,SC Braga,Nigeria
Benjamin Moukandjo,72,CF,,0,2,3,92,70,63,74,49,68,"180cm | 5'11""",0,-,-,A.S. Nancy Lorraine,Cameroon
Fabio Borini,72,ST,,0,3,3,77,72,54,75,45,63,"179cm | 5'10""",0,-,-,Roma,Italy
Marco Fabián,72,CAM,,0,3,4,80,70,70,75,54,67,"170cm | 5'7""",0,-,-,Guadalajara,Mexico
Anton Putsila,72,RM,,0,3,4,75,67,68,77,59,57,"180cm | 5'11""",0,-,-,SC Freiburg,Belarus
Marko Šuler,72,CB,,0,2,3,73,35,63,41,73,71,"186cm | 6'1""",0,-,-,KAA Gent,Slovenia
Danny Swanson,72,RM,,0,3,3,86,67,64,78,58,64,"168cm | 5'6""",0,-,-,Dundee United,Scotland
Mário Rui Correia Tomás,72,RW,,0,2,3,92,63,59,77,38,51,"166cm | 5'5""",0,-,-,Académica Coimbra,Portugal
Javier Cortés,72,RW,,0,3,4,88,73,66,79,49,60,"171cm | 5'7""",0,-,-,U.N.A.M.,Mexico
Denis Glushakov,72,CM,,0,3,4,71,66,73,72,64,66,"182cm | 6'0""",0,-,-,Lokomotiv Moskva,Russia
Evgeniy Balyaykin,72,RM,,0,3,3,67,66,78,64,69,70,"184cm | 6'0""",0,-,-,Tom Tomsk,Russia
Alexey Ionov,72,RM,,0,3,4,76,59,71,75,49,60,"177cm | 5'10""",0,-,-,Zenit St. Petersburg,Russia
Pavel Golyshev,72,CAM,,0,3,3,73,71,73,74,55,61,"176cm | 5'9""",0,-,-,Tom Tomsk,Russia
Diogo Luis Santo,72,ST,,0,4,4,75,68,56,76,48,74,"182cm | 6'0""",0,-,-,Santos,Brazil
Abdelhamid El Kaoutari,72,CB,,0,2,2,68,33,61,45,74,71,"185cm | 6'1""",0,-,-,Montpellier Hérault Sport Club,Morocco
Kafoumba Coulibaly,72,CDM,,0,2,3,68,48,72,58,73,67,"179cm | 5'10""",0,-,-,OGC Nice,Ivory Coast
Senad Lulic,72,LM,,0,3,3,77,65,73,74,67,65,"183cm | 6'0""",0,-,-,Lazio,Bosnia Herzegovina
Dani Pacheco,72,CF,,0,3,3,76,71,69,83,46,57,"168cm | 5'6""",0,-,-,Rayo Vallecano de Madrid S.A.D.,Spain
Mohamed Diamé,72,CM,,0,2,3,73,48,66,72,74,73,"185cm | 6'1""",0,-,-,Wigan Athletic,France
Cristian Álvarez,72,GK,,0,1,2,77,70,71,78,45,69,"186cm | 6'1""",0,-,-,R.C.D. Espanyol de Barcelona S.A.D.,Argentina
Pablo Cendrós López,72,RB,,0,2,3,74,33,67,62,75,67,"176cm | 5'9""",0,-,-,Real Club Deportivo Mallorca S.A.D.,Spain
Frédéric Bulot,72,LM,,0,3,3,77,66,68,75,51,54,"179cm | 5'10""",0,-,-,Stade Malherbe Caen,France
Marcel Risse,72,RM,,0,3,3,82,63,69,75,53,66,"183cm | 6'0""",0,-,-,1. FSV Mainz 05,Germany
Welington Pereira Rodrigues,72,CB,,0,2,2,53,51,51,55,73,81,"189cm | 6'2""",0,-,-,Fluminense,Brazil
Lorenzo Ariaudo,72,CB,,0,2,3,64,43,61,51,71,74,"186cm | 6'1""",0,-,-,Cagliari,Italy
Iborra,72,CDM,,0,2,3,51,55,63,59,76,58,"190cm | 6'3""",0,-,-,Levante Unión Deportiva S.A.D.,Spain
Kiko Femenía,72,RW,,0,3,3,85,59,64,79,56,54,"174cm | 5'9""",0,-,-,Fútbol Club Barcelona “B”,Spain
Marian Kello,72,GK,,0,1,1,72,73,59,74,36,71,"188cm | 6'2""",0,-,-,Heart of Midlothian,Slovakia
Moïse Brou Apanga,72,CB,,0,2,3,59,23,54,31,72,79,"180cm | 5'11""",0,-,-,Stade Brestois 29,Gabon
Eyong Enoh,72,CDM,,0,2,2,72,34,57,56,76,66,"174cm | 5'9""",0,-,-,Ajax,Cameroon
Yassine El Ghanassy,72,RW,,0,4,2,86,59,62,81,50,58,"175cm | 5'9""",0,-,-,KAA Gent,Belgium
Eliaquim Mangala,72,CB,,0,2,4,80,50,55,60,75,77,"187cm | 6'2""",0,-,-,FC Porto,France
Omar Gonzalez,72,CB,,0,2,3,60,38,45,41,78,81,"196cm | 6'5""",0,-,-,Los Angeles Galaxy,United States
Steve Zakuani,72,LM,,0,3,3,92,64,62,74,54,63,"183cm | 6'0""",0,-,-,Seattle Sounders FC,DR Congo
Hendry Thomas,72,CDM,,0,2,3,64,43,60,65,74,62,"180cm | 5'11""",0,-,-,Wigan Athletic,Honduras
Théophile-Catherine,72,LB,,0,2,4,77,42,68,58,70,69,"180cm | 5'11""",0,-,-,Stade Rennais FC,France
Thiago Humberto Gomes,72,CAM,,0,4,2,66,72,71,76,59,64,"177cm | 5'10""",0,-,-,C. Nordeste,Brazil
Gökhan Töre,72,RM,,0,4,4,77,69,73,78,54,68,"176cm | 5'9""",0,-,-,Hamburger SV,Turkey
Dídac Vilà,72,LB,,0,2,3,77,31,68,68,75,70,"184cm | 6'0""",0,-,-,R.C.D. Espanyol de Barcelona S.A.D.,Spain
Georgiy Schennikov,72,LB,,0,2,3,79,51,68,66,68,68,"178cm | 5'10""",0,-,-,CSKA Moskva,Russia
Welinton,72,CB,,0,2,2,59,45,47,44,74,73,"182cm | 6'0""",0,-,-,Flamengo,Brazil
Adam Matuschyk,72,CDM,,0,2,3,72,66,68,71,70,69,"183cm | 6'0""",0,-,-,1. FC Köln,Poland
Emmanuel Badu,72,CM,,0,2,3,80,62,74,71,69,69,"173cm | 5'8""",0,-,-,Udinese,Ghana
Joan Oriol Gracia,72,LB,,0,3,3,78,56,67,67,70,66,"175cm | 5'9""",0,-,-,Villarreal Club de Fútbol S.A.D.,Spain
Boris Vukcevic,72,LM,,0,3,3,80,63,69,76,53,60,"183cm | 6'0""",0,-,-,TSG 1899 Hoffenheim,Germany
Jorge Marcelo Rodríguez,72,LM,,0,3,1,85,66,71,72,59,54,"173cm | 5'8""",0,-,-,Jaguares de Chiapas,Uruguay
Sebastian Mielitz,72,GK,,0,1,2,75,71,65,75,39,67,"188cm | 6'2""",0,-,-,Werder Bremen,Germany
Mattia Destro,72,ST,,0,3,3,75,64,54,69,50,67,"181cm | 5'11""",0,-,-,Siena,Italy
Stanislav Manolev,72,RB,,0,3,2,75,59,70,71,69,64,"185cm | 6'1""",0,-,-,PSV,Bulgaria
Koke,72,CM,,0,3,4,68,62,72,67,63,55,"178cm | 5'10""",0,-,-,Club Atlético de Madrid S.A.D.,Spain
Peniel Mlapa,72,ST,,0,3,3,77,67,62,70,60,72,"193cm | 6'4""",0,-,-,TSG 1899 Hoffenheim,Germany
Montoya,72,RB,,0,2,4,81,48,67,69,71,65,"170cm | 5'7""",0,-,-,F.C. Barcelona,Spain
Jeffrey Bruma,72,CB,,0,2,3,66,53,56,53,75,67,"185cm | 6'1""",0,-,-,Hamburger SV,Netherlands
Luis Alberto Ramírez,72,CAM,,0,4,3,69,70,71,79,56,65,"181cm | 5'11""",0,-,-,Corinthians,Peru
Khouma Babacar,72,ST,,0,3,4,83,64,51,70,57,64,"191cm | 6'3""",0,-,-,Fiorentina,Senegal
Sebastián Coates,72,CB,,0,2,3,68,30,28,25,77,76,"196cm | 6'5""",0,-,-,Liverpool,Uruguay
Ali Ahamada,72,GK,,0,1,3,73,72,72,74,60,72,"189cm | 6'2""",0,-,-,Toulouse FC,France
Jens Toornstra,72,CM,,0,3,3,65,55,71,69,61,60,"178cm | 5'10""",0,-,-,ADO Den Haag,Netherlands
Aymen Abdennour,72,CB,,0,2,3,66,50,66,56,74,70,"187cm | 6'2""",0,-,-,Toulouse FC,Tunisia
Luc Castaignos,72,ST,,0,3,4,82,70,42,69,53,72,"187cm | 6'2""",0,-,-,Inter,Netherlands
Rodrigo,72,ST,,0,3,3,78,69,61,75,52,71,"180cm | 5'11""",0,-,-,Sport Lisboa Benfica,Spain
Raphael Martinho,72,LM,,0,4,4,89,67,65,76,56,57,"183cm | 6'0""",0,-,-,A.C. Cesena,Brazil
Yaya Soumahoro,72,LW,,0,4,3,92,65,62,77,44,68,"176cm | 5'9""",0,-,-,KAA Gent,Ivory Coast
Francesco Acerbi,72,CB,,0,2,3,64,53,52,40,77,74,"192cm | 6'4""",0,-,-,Chievo Verona,Italy
Torje,72,RW,,0,3,4,77,67,70,72,59,61,"167cm | 5'6""",0,-,-,Udinese,Romania
David James,71,GK,,0,1,2,69,71,76,69,53,74,"194cm | 6'4""",0,-,-,Bristol City,England
Flavio Roma,71,GK,,0,1,3,71,71,64,73,27,73,"191cm | 6'3""",0,-,-,Milan,Italy
Cyril Jeunechamp,71,RB,,0,2,4,53,58,67,62,69,71,"177cm | 5'10""",0,-,-,Montpellier Hérault Sport Club,France
Rory Delap,71,CM,,0,3,3,42,61,76,71,72,75,"183cm | 6'0""",0,-,-,Stoke City,Republic of Ireland
Simone Del Nero,71,LW,,0,2,3,65,67,68,76,57,53,"187cm | 6'2""",0,-,-,Lazio,Italy
Massimo Oddo,71,RB,,0,3,3,54,70,79,71,70,61,"182cm | 6'0""",0,-,-,Lecce,Italy
Benjamin Auer,71,ST,,0,2,3,65,70,53,64,55,78,"186cm | 6'1""",0,-,-,Alemannia Aachen,Germany
Bo Svensson,71,CB,,0,2,3,24,35,61,30,74,68,"190cm | 6'3""",0,-,-,1. FSV Mainz 05,Denmark
Ferdinando Coppola,71,GK,,0,1,2,67,69,60,75,45,77,"188cm | 6'2""",0,-,-,F. Torino,Italy
João Artur Rosa Alves,71,CM,,0,3,3,60,66,72,70,64,65,"179cm | 5'10""",0,-,-,Vitória de Guimarães,Portugal
Camel Meriem,71,CAM,,0,3,4,58,65,69,75,45,62,"174cm | 5'9""",0,-,-,OGC Nice,France
Gábor Babos,71,GK,,0,1,2,70,70,60,70,29,75,"196cm | 6'5""",0,-,-,N.E.C.,Hungary
Stijn Stijnen,71,GK,,0,1,2,72,65,65,74,39,75,"189cm | 6'2""",0,-,-,Germinal Beerschot,Belgium
Juan Francisco García García,71,LB,,0,3,3,70,52,67,63,75,64,"182cm | 6'0""",0,-,-,Levante Unión Deportiva S.A.D.,Spain
Karl Henry,71,CDM,,0,3,3,55,57,71,71,73,64,"185cm | 6'1""",0,-,-,Wolverhampton Wanderers,England
Matt Gilks,71,GK,,0,1,3,73,68,66,74,44,72,"185cm | 6'1""",0,-,-,Blackpool,Scotland
Daniel Haas,71,GK,,0,1,3,72,71,66,76,45,68,"188cm | 6'2""",0,-,-,TSG 1899 Hoffenheim,Germany
Gianpaolo Bellini,71,LB,,0,2,4,67,53,67,60,71,59,"180cm | 5'11""",0,-,-,A. Bergamo,Italy
Markus Miller,71,GK,,0,1,3,74,67,60,74,45,72,"189cm | 6'2""",0,-,-,Hannover 96,Germany
Cristiano Zanetti,71,CDM,,0,2,4,36,63,78,48,63,46,"180cm | 5'11""",0,-,-,Brescia,Italy
Benjamin Köhler,71,LM,,0,3,3,76,65,67,74,53,75,"172cm | 5'8""",0,-,-,Eintracht Frankfurt,Germany
Juan Pablo Ángel,71,ST,,0,3,4,58,71,48,70,55,75,"184cm | 6'0""",0,-,-,Club Deportivo Chivas USA,Colombia
Neil Alexander,71,GK,,0,1,3,74,76,61,69,56,75,"185cm | 6'1""",0,-,-,Rangers,Scotland
Fahid Ben Khalfallah,71,RM,,0,3,3,76,62,69,74,49,50,"170cm | 5'7""",0,-,-,Girondins de Bordeaux,Tunisia
Andrea Campagnolo,71,GK,,0,1,2,70,70,65,72,51,74,"184cm | 6'0""",0,-,-,Catania,Italy
Peter Løvenkrands,71,CF,,0,3,3,69,70,75,74,54,66,"180cm | 5'11""",0,-,-,Newcastle United,Denmark
Jorge Miguel de Oliveira Ribeiro,71,CM,,0,2,3,71,68,71,66,63,60,"172cm | 5'8""",0,-,-,Granada Club de Fútbol,Portugal
Paulo César Silva Peixoto,71,LM,,0,3,3,55,65,73,73,72,73,"182cm | 6'0""",0,-,-,Sport Lisboa Benfica,Portugal
Sergio Fernández González,71,CB,,0,2,3,36,44,55,50,76,69,"191cm | 6'3""",0,-,-,Club Atlético Osasuna,Spain
Óscar Javier González Marcos,71,CAM,,0,3,3,69,72,71,68,51,62,"176cm | 5'9""",0,-,-,Real Valladolid Club de Fútbol S.A.D.,Spain
Javier Rodríguez Venta,71,RB,,0,2,3,66,49,68,61,72,64,"180cm | 5'11""",0,-,-,Levante Unión Deportiva S.A.D.,Spain
Rémi Gomis,71,CDM,,0,2,3,69,58,63,65,75,72,"180cm | 5'11""",0,-,-,Valenciennes FC,Senegal
Renaud Cohade,71,CM,,0,3,3,64,66,71,69,75,71,"180cm | 5'11""",0,-,-,Valenciennes FC,France
Michele Marcolini,71,CM,,0,2,3,65,69,75,65,64,59,"173cm | 5'8""",0,-,-,Padua,Italy
Juán Francisco Martínez Modesto,71,ST,,0,3,4,74,71,58,67,52,62,"169cm | 5'7""",0,-,-,Club Atlético Osasuna,Spain
Marco Wölfli,71,GK,,0,1,3,71,67,74,78,64,68,"186cm | 6'1""",0,-,-,BSC Young Boys,Switzerland
Gonzalo Sorondo,71,CB,,0,2,3,52,49,52,51,76,62,"190cm | 6'3""",0,-,-,I. Porto Alegre,Uruguay
Bertrand Laquait,71,GK,,0,1,3,72,74,69,72,30,72,"185cm | 6'1""",0,-,-,Evian Thonon Gaillard FC,France
Pascal Berenguer,71,CDM,,0,2,3,62,71,69,58,71,72,"175cm | 5'9""",0,-,-,Racing Club de Lens,France
Oscar Ewolo,71,CDM,,0,3,4,58,54,65,63,64,60,"171cm | 5'7""",0,-,-,Stade Brestois 29,Congo
Laurent Batlles,71,CAM,,0,3,3,52,71,71,72,56,63,"174cm | 5'9""",0,-,-,A.S. Saint-Etienne,France
Jelle ten Rouwelaar,71,GK,,0,1,3,71,68,67,73,52,72,"186cm | 6'1""",0,-,-,NAC Breda,Netherlands
Andy Lonergan,71,GK,,0,1,2,73,69,68,75,50,67,"192cm | 6'4""",0,-,-,Leeds United,England
Francesco Lodi,71,CM,,0,3,3,52,73,77,73,57,52,"183cm | 6'0""",0,-,-,Catania,Italy
Steven Reid,71,RB,,0,3,3,67,74,74,65,72,74,"180cm | 5'11""",0,-,-,West Bromwich Albion,Republic of Ireland
Mikkel Thygesen,71,RM,,0,3,4,74,71,69,69,64,67,"184cm | 6'0""",0,-,-,Brøndby IF,Denmark
Simen Brenne,71,CAM,,0,3,4,70,69,60,64,58,72,"181cm | 5'11""",0,-,-,Odd Grenland,Norway
Steven Whittaker,71,RB,,0,2,4,84,58,68,68,74,69,"185cm | 6'1""",0,-,-,Rangers,Scotland
Benjamin De Ceulaer,71,LW,,0,4,3,78,68,65,75,45,48,"175cm | 5'9""",0,-,-,Sporting Lokeren OV,Belgium
Hasan Kabze,71,CF,,0,3,4,62,73,68,74,52,66,"185cm | 6'1""",0,-,-,Montpellier Hérault Sport Club,Turkey
Stephan Andersen,71,GK,,0,1,2,74,63,67,77,54,69,"190cm | 6'3""",0,-,-,Evian Thonon Gaillard FC,Denmark
Leon Andreasen,71,CDM,,0,2,3,62,59,63,69,73,73,"185cm | 6'1""",0,-,-,Hannover 96,Denmark
Shola Ameobi,71,ST,,0,3,3,67,66,44,72,57,74,"191cm | 6'3""",0,-,-,Newcastle United,Nigeria
Grégory Leca,71,CB,,0,2,3,31,57,68,56,76,66,"183cm | 6'0""",0,-,-,Stade Malherbe Caen,France
Grégory Bourillon,71,CB,,0,2,3,40,51,66,48,68,74,"187cm | 6'2""",0,-,-,FC Lorient Bretagne Sud,France
Cláudio Roberto Da Silva,71,CB,,0,2,3,32,43,59,61,71,75,"180cm | 5'11""",0,-,-,A. Florianópolis,Brazil
Stephen Dobbie,71,CAM,,0,3,3,58,69,57,70,58,59,"173cm | 5'8""",0,-,-,Swansea City,Scotland
Ron Stam,71,RB,,0,3,4,69,69,71,70,70,60,"175cm | 5'9""",0,-,-,Wigan Athletic,Netherlands
Rubens Fernando Moedim,71,GK,,0,1,2,69,68,61,77,47,72,"186cm | 6'1""",0,-,-,Palermo,Brazil
Kléber de Carvalho Correa,71,LB,,0,3,2,68,71,78,73,69,59,"177cm | 5'10""",0,-,-,I. Porto Alegre,Brazil
Paul Freier,71,RM,,0,3,3,78,65,69,73,63,54,"180cm | 5'11""",0,-,-,VfL Bochum,Germany
Diego Costa de Menezes,71,GK,,0,1,2,76,74,68,71,39,74,"186cm | 6'1""",0,-,-,C. Nordeste,Brazil
Jônatas Domingos,71,CDM,,0,2,2,48,62,68,67,75,61,"181cm | 5'11""",0,-,-,Santa Catarina,Brazil
Eduardo Nascimento Costa,71,CDM,,0,2,4,58,59,69,65,68,65,"186cm | 6'1""",0,-,-,Vasco da Gama,Brazil
Daniel Majstorović,71,CB,,0,2,2,51,38,49,52,77,68,"190cm | 6'3""",0,-,-,Celtic,Sweden
Fábio Pereira da Cruz,71,CB,,0,2,3,67,47,46,39,74,78,"188cm | 6'2""",0,-,-,Coritiba,Brazil
Marcelo de Mattos Terra,71,CDM,,0,2,3,66,63,69,62,70,72,"179cm | 5'10""",0,-,-,Botafogo,Brazil
Leonardo da Silva Moura,71,RB,,0,2,2,83,71,75,79,66,57,"176cm | 5'9""",0,-,-,Flamengo,Brazil
Martin Jørgensen,71,CM,,0,3,3,63,71,73,71,64,67,"179cm | 5'10""",0,-,-,Aarhus GF,Denmark
Luciano José Pereira da Silva,71,GK,,0,1,3,75,60,70,80,65,68,"174cm | 5'9""",0,-,-,FC Groningen,Brazil
Daniel Baier,71,RM,,0,3,3,73,65,70,71,48,66,"175cm | 5'9""",0,-,-,FC Augsburg,Germany
Maurizio Lanzaro,71,CB,,0,2,3,56,46,51,46,76,70,"183cm | 6'0""",0,-,-,Real Zaragoza S.A.D.,Italy
Francesco Benussi,71,GK,,0,1,1,73,71,66,75,50,66,"188cm | 6'2""",0,-,-,Palermo,Italy
Thiago Gentil,71,CAM,,0,4,3,58,68,68,73,51,65,"180cm | 5'11""",0,-,-,CD Nacional,Brazil
Roman Kienast,71,ST,,0,3,3,70,68,54,68,57,76,"191cm | 6'3""",0,-,-,SK Sturm Graz,Austria
Nat Borchers,71,CB,,0,2,4,61,43,48,52,75,75,"189cm | 6'2""",0,-,-,Real Salt Lake,United States
Chris Baird,71,RB,,0,2,4,67,55,66,59,70,77,"179cm | 5'10""",0,-,-,Fulham,Northern Ireland
Brett Holman,71,LW,,0,3,4,77,68,66,72,59,60,"176cm | 5'9""",0,-,-,AZ Alkmaar,Australia
Kees Kwakman,71,CB,,0,2,3,61,58,70,64,75,66,"187cm | 6'2""",0,-,-,FC Groningen,Netherlands
Roel Brouwers,71,CB,,0,2,3,56,44,48,47,74,74,"192cm | 6'4""",0,-,-,Borussia M'gladbach,Netherlands
Benjamin Mwaruwari,71,ST,,0,3,3,71,68,58,70,55,75,"188cm | 6'2""",0,-,-,Portsmouth,Zimbabwe
Ignacio Javier Gómez Novo,71,CF,,0,3,3,79,65,62,70,55,68,"175cm | 5'9""",0,-,-,Real Sporting de Gijón S.A.D.,Spain
Ayodele Stephen Makinwa,71,ST,,0,3,3,81,66,58,68,55,67,"186cm | 6'1""",0,-,-,Lazio,Nigeria
Bryan Bergougnoux,71,CAM,,0,3,3,67,64,63,74,51,52,"178cm | 5'10""",0,-,-,Lecce,France
Morten Nordstrand,71,ST,,0,3,3,76,68,52,68,52,72,"177cm | 5'10""",0,-,-,FC København,Denmark
Pável Pardo,71,CDM,,0,3,3,66,63,73,61,69,58,"174cm | 5'9""",0,-,-,Chicago Fire,Mexico
Rafael Schmitz,71,CB,,0,2,3,47,44,54,40,71,76,"182cm | 6'0""",0,-,-,Valenciennes FC,Brazil
Héctor Reynoso,71,CB,,0,2,3,57,53,60,54,76,74,"184cm | 6'0""",0,-,-,Guadalajara,Mexico
Alberto Medina,71,RW,,0,4,4,88,64,67,74,47,61,"172cm | 5'8""",0,-,-,Guadalajara,Mexico
Omar Bravo,71,ST,,0,4,4,72,72,65,73,56,73,"169cm | 5'7""",0,-,-,Kansas City Wizards,Mexico
Miguel Sabah,71,ST,,0,3,3,74,67,64,69,54,74,"175cm | 5'9""",0,-,-,Monarcas Morelia,Mexico
Guillermo Giacomazzi,71,CM,,0,2,3,48,67,70,68,72,76,"183cm | 6'0""",0,-,-,Lecce,Uruguay
Patrick Kisnorbo,71,CB,,0,2,4,59,41,40,46,75,80,"185cm | 6'1""",0,-,-,Leeds United,Australia
Craig Conway,71,LM,,0,3,4,73,64,67,78,55,41,"170cm | 5'7""",0,-,-,Cardiff City,Scotland
Felipe Baloy,71,CB,,0,2,3,64,54,51,56,77,63,"186cm | 6'1""",0,-,-,Santos Laguna,Panama
Daisuke Matsui,71,LM,,0,3,4,74,71,69,78,48,58,"175cm | 5'9""",0,-,-,Dijon FCO,Japan
Damiano Ferronetti,71,RB,,0,2,3,65,46,69,61,72,67,"185cm | 6'1""",0,-,-,Udinese,Italy
Ross Wallace,71,LM,,0,3,4,79,66,71,69,54,62,"167cm | 5'6""",0,-,-,Burnley,Scotland
Nenad Djordjević,71,CB,,0,2,3,63,59,71,51,66,75,"183cm | 6'0""",0,-,-,Krylya Sovetov Samara,Serbia
Ivica Iliev,71,LW,,0,3,4,79,64,59,75,54,54,"182cm | 6'0""",0,-,-,Wisła Kraków,Serbia
Erjon Bogdani,71,ST,,0,2,3,48,66,51,61,60,82,"191cm | 6'3""",0,-,-,A.C. Cesena,Albania
Martín Romagnoli,71,CDM,,0,2,4,64,58,66,58,73,71,"170cm | 5'7""",0,-,-,Toluca,Argentina
Alessandro Mori Nunes,71,RB,,0,3,3,69,57,66,67,73,65,"179cm | 5'10""",0,-,-,Corinthians,Brazil
Mauro Rosales,71,RM,,0,3,3,78,68,71,72,52,64,"173cm | 5'8""",0,-,-,Seattle Sounders FC,Argentina
Francisco Jesús Pérez Malia,71,RB,,0,2,3,74,51,67,64,73,65,"180cm | 5'11""",0,-,-,Real Racing Club S.A.D.,Spain
Roberto Fdez. Alvarellos,71,GK,,0,1,3,77,67,65,76,64,64,"181cm | 5'11""",0,-,-,Granada Club de Fútbol,Spain
Javi Fuego,71,CDM,,0,3,3,66,65,65,63,70,58,"181cm | 5'11""",0,-,-,Rayo Vallecano de Madrid S.A.D.,Spain
Miguel Ángel García Pérez-Roldán,71,CAM,,0,3,4,63,68,77,69,49,43,"175cm | 5'9""",0,-,-,Unión Deportiva Almería S.A.D.,Spain
Iván Alonso,71,ST,,0,3,3,64,69,61,68,48,79,"180cm | 5'11""",0,-,-,Toluca,Uruguay
Mario Bermejo Castanedo,71,ST,,0,3,3,64,69,49,62,61,86,"176cm | 5'9""",0,-,-,Real Club Celta de Vigo S.A.D.,Spain
David Cortés Caballero,71,RB,,0,2,2,79,35,65,68,72,65,"181cm | 5'11""",0,-,-,Granada Club de Fútbol,Spain
Ustaritz Aldekoaotalora,71,CB,,0,2,3,47,44,55,48,73,69,"183cm | 6'0""",0,-,-,Real Betis Balompié S.A.D. ,Spain
Vitaliy Kaleshin,71,RM,,0,3,5,80,53,74,73,56,61,"173cm | 5'8""",0,-,-,Rubin Kazan,Russia
Roman Adamov,71,ST,,0,3,4,73,69,62,65,57,77,"187cm | 6'2""",0,-,-,FC Rostov,Russia
Alexey Medvedev,71,ST,,0,3,3,74,70,52,69,57,77,"178cm | 5'10""",0,-,-,Rubin Kazan,Russia
Igor Lebedenko,71,ST,,0,3,3,73,68,64,68,61,72,"182cm | 6'0""",0,-,-,Rubin Kazan,Russia
Oleg Kuzmin,71,LB,,0,2,3,80,61,68,71,68,65,"175cm | 5'9""",0,-,-,Rubin Kazan,Russia
David Mendes da Silva,71,CM,,0,2,4,70,60,68,70,74,72,"186cm | 6'1""",0,-,-,FC Red Bull Salzburg,Netherlands
Gianluca Comotto,71,RB,,0,2,3,61,59,70,64,72,66,"181cm | 5'11""",0,-,-,A.C. Cesena,Italy
Reginaldo Ferreira da Silva,71,CF,,0,3,4,84,65,65,71,58,62,"175cm | 5'9""",0,-,-,Siena,Brazil
Alessandro Potenza,71,RB,,0,2,3,68,50,66,61,71,69,"185cm | 6'1""",0,-,-,Catania,Italy
Thierry Debès,71,GK,,0,1,3,73,67,72,77,46,71,"185cm | 6'1""",0,-,-,AC Ajaccio,France
Benoît Lesoimier,71,LM,,0,3,4,78,61,70,72,50,46,"171cm | 5'7""",0,-,-,Stade Brestois 29,France
Danny Collins,71,CB,,0,2,3,53,34,56,45,74,78,"183cm | 6'0""",0,-,-,Stoke City,Wales
Edcarlos Conceição Santos,71,CB,,0,2,2,60,42,53,59,73,76,"185cm | 6'1""",0,-,-,Grêmio,Brazil
Daniel Montenegro,71,CAM,,0,4,4,69,66,71,72,55,69,"177cm | 5'10""",0,-,-,América,Argentina
Renato Civelli,71,CB,,0,2,3,37,52,58,35,73,78,"193cm | 6'4""",0,-,-,OGC Nice,Argentina
Jakub Wawrzyniak,71,LB,,0,2,2,81,47,65,64,74,62,"188cm | 6'2""",0,-,-,Legia Warszawa,Poland
Alejandro Faurlín,71,CM,,0,2,3,75,56,73,70,68,68,"185cm | 6'1""",0,-,-,Queens Park Rangers,Argentina
Koikili Lertxundi del Campo,71,LB,,0,2,2,73,58,65,60,70,72,"168cm | 5'6""",0,-,-,Athletic Club de Bilbao,Spain
Craig Mackail-Smith,71,ST,,0,2,3,81,70,51,66,52,66,"178cm | 5'10""",0,-,-,Brighton &amp; Hove Albion,Scotland
Rob Friend,71,ST,,0,2,3,48,68,45,58,60,76,"195cm | 6'5""",0,-,-,Eintracht Frankfurt,Canada
Emil Jula,71,ST,,0,3,3,71,67,62,68,56,59,"192cm | 6'4""",0,-,-,MSV Duisburg,Romania
Richard Stearman,71,CB,,0,2,3,62,39,48,44,72,73,"191cm | 6'3""",0,-,-,Wolverhampton Wanderers,England
William Salles de Lima Souza,71,ST,,0,2,4,54,70,54,65,56,79,"183cm | 6'0""",0,-,-,A. Florianópolis,Brazil
Márton Fülöp,71,GK,,0,1,3,75,63,65,76,53,68,"198cm | 6'6""",0,-,-,West Bromwich Albion,Hungary
Matthew Mills,71,CB,,0,2,3,64,36,53,37,72,77,"191cm | 6'3""",0,-,-,Leicester City,England
Dexter Blackstock,71,ST,,0,3,3,75,67,44,68,60,81,"185cm | 6'1""",0,-,-,Nottingham Forest,England
Carlitos,71,RM,,0,3,3,75,62,65,75,52,59,"175cm | 5'9""",0,-,-,Hannover 96,Portugal
Marcelo Boeck,71,GK,,0,1,2,70,72,66,72,25,69,"190cm | 6'3""",0,-,-,Sporting CP,Brazil
Rafael Márquez Lugo,71,ST,,0,3,4,76,68,62,68,51,81,"172cm | 5'8""",0,-,-,Monarcas Morelia,Mexico
Jonathan Legear,71,RM,,0,3,3,93,70,65,74,55,67,"179cm | 5'10""",0,-,-,Terek Grozny,Belgium
Marcos Venancio de Albuquerque,71,RB,,0,2,3,65,64,75,69,68,65,"175cm | 5'9""",0,-,-,Paris Saint-Germain,Brazil
Rasmus Lindgren,71,CM,,0,2,4,67,70,69,65,70,70,"180cm | 5'11""",0,-,-,FC Red Bull Salzburg,Sweden
Daniel de Ridder,71,CAM,,0,3,3,71,65,72,72,47,58,"180cm | 5'11""",0,-,-,Grasshopper-Club,Netherlands
Efraín Velarde,71,LM,,0,2,1,86,54,64,71,62,74,"171cm | 5'7""",0,-,-,U.N.A.M.,Mexico
Marco Antonio Palacios,71,CB,,0,2,3,58,48,62,42,72,69,"192cm | 6'4""",0,-,-,U.N.A.M.,Mexico
Djamel Mesbah,71,LM,,0,3,3,80,61,72,68,63,54,"180cm | 5'11""",0,-,-,Lecce,Algeria
José Eduardo Rosa Vale e Castro,71,CB,,0,2,3,63,47,62,55,70,70,"183cm | 6'0""",0,-,-,Real Club Deportivo de La Coruña S.A.D.,Portugal
Tommy Smith,71,RW,,0,3,3,69,69,60,73,51,63,"178cm | 5'10""",0,-,-,Queens Park Rangers,England
Gibril Sankoh,71,CB,,0,2,4,64,50,65,60,73,66,"187cm | 6'2""",0,-,-,FC Augsburg,Sierra Leone
Richard Socrier,71,ST,,0,3,3,58,71,52,62,60,78,"186cm | 6'1""",0,-,-,AC Ajaccio,France
Julien Gorius,71,CAM,,0,2,4,65,74,69,70,62,63,"182cm | 6'0""",0,-,-,KV Mechelen,France
Knut Olav Rindarøy,71,LB,,0,2,3,81,57,72,66,70,60,"178cm | 5'10""",0,-,-,Molde FK,Norway
Cirilo Saucedo,71,GK,,0,1,3,65,76,71,71,42,73,"186cm | 6'1""",0,-,-,Tijuana,Mexico
Roberto Trashorras Gayoso,71,CAM,,0,3,3,54,71,78,72,59,47,"179cm | 5'10""",0,-,-,Rayo Vallecano de Madrid S.A.D.,Spain
Jason Čulina,71,CM,,0,3,4,71,65,73,62,67,66,"175cm | 5'9""",0,-,-,Newcastle United Jets FC,Australia
Igor Lolo,71,CB,,0,2,3,66,49,47,60,74,74,"180cm | 5'11""",0,-,-,Kuban Krasnodar,Ivory Coast
David Abraham,71,CB,,0,2,2,65,56,54,58,75,72,"188cm | 6'2""",0,-,-,FC Basel 1893,Argentina
Milos Maric,71,CM,,0,3,3,75,73,68,72,73,69,"176cm | 5'9""",0,-,-,Lierse SK,Serbia
Víctor Casadesús,71,ST,,0,3,3,65,69,58,69,56,80,"180cm | 5'11""",0,-,-,Real Club Deportivo Mallorca S.A.D.,Spain
Nicola Pozzi,71,ST,,0,2,3,74,69,61,69,53,75,"182cm | 6'0""",0,-,-,Sampdoria,Italy
Luke Chambers,71,CB,,0,2,3,63,22,42,35,73,75,"185cm | 6'1""",0,-,-,Nottingham Forest,England
Sinan Bolat,71,GK,,0,1,3,72,67,76,75,55,68,"188cm | 6'2""",0,-,-,Standard de Liège,Turkey
James Morrison,71,RM,,0,3,3,76,65,71,76,55,48,"178cm | 5'10""",0,-,-,West Bromwich Albion,Scotland
Paulo Jorge Silva Santos,71,GK,,0,1,2,68,73,64,74,27,72,"186cm | 6'1""",0,-,-,Rio Ave FC,Portugal
Rodrigo de Souza Cardoso,71,ST,,0,2,2,54,69,49,58,64,76,"183cm | 6'0""",0,-,-,Bahia,Brazil
Danielson Ferreira Trindade,71,CB,,0,2,3,54,45,43,47,74,76,"186cm | 6'1""",0,-,-,CD Nacional,Brazil
Rovérsio Rodrigues de Barros,71,CB,,0,2,3,67,48,54,56,71,72,"187cm | 6'2""",0,-,-,Club Atlético Osasuna,Brazil
Luke Varney,71,ST,,0,3,4,71,67,66,73,56,62,"180cm | 5'11""",0,-,-,Portsmouth,England
James Vaughan,71,ST,,0,3,3,77,68,55,69,60,70,"180cm | 5'11""",0,-,-,Norwich City,England
Kelvin Wilson,71,CB,,0,2,2,76,26,54,62,73,66,"187cm | 6'2""",0,-,-,Celtic,England
Benoît Angbwa,71,RB,,0,3,3,91,46,66,68,70,70,"176cm | 5'9""",0,-,-,Anzhi Makhachkala,Cameroon
Jonny Magallón,71,CB,,0,2,3,74,47,64,54,74,72,"178cm | 5'10""",0,-,-,Guadalajara,Mexico
Grant Leadbitter,71,CM,,0,3,3,73,68,73,71,67,65,"175cm | 5'9""",0,-,-,Ipswich Town,England
David Cobeño Iglesias,71,GK,,0,1,3,69,75,79,69,48,76,"185cm | 6'1""",0,-,-,Rayo Vallecano de Madrid S.A.D.,Spain
Fabio Caserta,71,CM,,0,3,4,57,63,73,65,66,59,"179cm | 5'10""",0,-,-,A. Bergamo,Italy
Alessio Sestu,71,RM,,0,3,4,80,66,66,72,61,58,"180cm | 5'11""",0,-,-,Siena,Italy
Jacob Mulenga,71,ST,,0,2,3,76,68,61,71,63,68,"186cm | 6'1""",0,-,-,FC Utrecht,Zambia
Mario Lúcio Duarte Costa,71,GK,,0,1,3,84,61,70,77,53,66,"191cm | 6'3""",0,-,-,Santos,Brazil
Mario Lička,71,CAM,,0,3,4,65,66,69,72,56,59,"183cm | 6'0""",0,-,-,Stade Brestois 29,Czech Republic
Marc-André Kruska,71,CDM,,0,2,4,65,62,69,66,69,69,"178cm | 5'10""",0,-,-,Energie Cottbus,Germany
Chris Wondolowski,71,ST,,0,2,3,68,70,60,67,63,70,"185cm | 6'1""",0,-,-,San Jose Earthquakes,United States
Tim Sparv,71,CDM,,0,2,2,37,64,66,55,74,59,"194cm | 6'4""",0,-,-,FC Groningen,Finland
Sebastian Freis,71,RW,,0,3,3,82,67,62,72,52,66,"183cm | 6'0""",0,-,-,1. FC Köln,Germany
Dorin Goian,71,CB,,0,2,3,42,53,54,48,74,66,"196cm | 6'5""",0,-,-,Rangers,Romania
Didier Digard,71,CDM,,0,2,4,69,61,66,71,73,74,"183cm | 6'0""",0,-,-,OGC Nice,France
Mariano Izco,71,CM,,0,2,3,81,65,68,70,72,60,"180cm | 5'11""",0,-,-,Catania,Argentina
Rafał Murawski,71,CM,,0,3,3,78,65,70,75,67,67,"175cm | 5'9""",0,-,-,Lech Poznań,Poland
Jae Sung Kim,71,CM,,0,2,4,82,69,74,66,65,65,"179cm | 5'10""",0,-,-,Pohang Steelers,Korea Republic
Jin Sung Hwang,71,CAM,,0,3,3,84,70,71,71,60,59,"177cm | 5'10""",0,-,-,Pohang Steelers,Korea Republic
Kyle Lafferty,71,ST,,0,2,4,76,64,46,66,56,67,"193cm | 6'4""",0,-,-,Rangers,Northern Ireland
Viktor Fayzulin,71,CAM,,0,3,3,80,60,72,74,51,43,"176cm | 5'9""",0,-,-,Zenit St. Petersburg,Russia
Ismael Fuentes,71,CB,,0,2,3,56,51,61,56,74,78,"182cm | 6'0""",0,-,-,Jaguares de Chiapas,Chile
Denni Avdic,71,ST,,0,3,3,60,70,52,65,58,71,"193cm | 6'4""",0,-,-,Werder Bremen,Sweden
Miroslav Radović,71,CAM,,0,4,2,81,57,64,74,54,64,"182cm | 6'0""",0,-,-,Legia Warszawa,Serbia
Efraín Juárez,71,RB,,0,2,3,79,60,72,71,70,66,"176cm | 5'9""",0,-,-,Real Zaragoza S.A.D.,Mexico
Adrián Aldrete,71,LB,,0,3,3,83,63,70,72,68,66,"177cm | 5'10""",0,-,-,Monarcas Morelia,Mexico
Roman Shishkin,71,RB,,0,3,3,75,60,71,67,67,64,"178cm | 5'10""",0,-,-,Lokomotiv Moskva,Russia
Scott Loach,71,GK,,0,1,3,74,70,65,77,56,67,"185cm | 6'1""",0,-,-,Watford,England
Sebastien Le Toux,71,ST,,0,3,3,74,70,66,75,58,68,"183cm | 6'0""",0,-,-,Philadelphia Union,France
Maor Bar Buzaglo,71,RM,,0,3,4,76,72,68,73,39,63,"176cm | 5'9""",0,-,-,Standard de Liège,Israel
Gakpé,71,RM,,0,3,3,87,69,65,71,48,73,"177cm | 5'10""",0,-,-,FC Nantes,Togo
Andre Mijatović,71,CB,,0,2,3,40,40,41,30,73,79,"191cm | 6'3""",0,-,-,Hertha BSC,Croatia
Barragán,71,RB,,0,2,3,76,51,69,61,70,71,"182cm | 6'0""",0,-,-,Valencia Club de Fútbol S.A.D.,Spain
Armand Traoré,71,LB,,0,2,2,83,51,74,74,67,64,"185cm | 6'1""",0,-,-,Queens Park Rangers,Senegal
Fraizer Campbell,71,ST,,0,3,4,85,65,55,73,56,63,"172cm | 5'8""",0,-,-,Sunderland,England
Danny Rose,71,LB,,0,3,3,83,64,71,73,67,58,"173cm | 5'8""",0,-,-,Tottenham Hotspur,England
Ishmael Miller,71,ST,,0,2,2,81,62,44,68,56,74,"191cm | 6'3""",0,-,-,Nottingham Forest,England
Paul Anderson,71,RM,,0,3,3,80,55,71,73,52,52,"175cm | 5'9""",0,-,-,Nottingham Forest,England
Martin Paterson,71,ST,,0,2,3,82,67,42,68,52,69,"178cm | 5'10""",0,-,-,Burnley,Northern Ireland
Lewis McGugan,71,CAM,,0,3,4,67,75,69,68,59,58,"175cm | 5'9""",0,-,-,Nottingham Forest,England
Sisinio González Martínez,71,RW,,0,4,4,86,62,66,76,41,48,"168cm | 5'6""",0,-,-,Real Valladolid Club de Fútbol S.A.D.,Spain
Jordi Gómez García-Penche,71,CAM,,0,3,3,70,70,72,75,56,54,"178cm | 5'10""",0,-,-,Wigan Athletic,Spain
Pablo Granoche,71,ST,,0,2,3,68,67,59,66,57,73,"183cm | 6'0""",0,-,-,Novara,Uruguay
Christian Fernández,71,LB,,0,2,3,74,50,67,64,71,78,"181cm | 5'11""",0,-,-,Real Racing Club S.A.D.,Spain
Nauzet Alemán Viera,71,RW,,0,3,3,77,73,70,70,54,51,"178cm | 5'10""",0,-,-,Real Valladolid Club de Fútbol S.A.D.,Spain
Leobardo López,71,CB,,0,2,3,64,53,59,57,72,75,"177cm | 5'10""",0,-,-,Pachuca,Mexico
Paul Aguilar,71,RB,,0,2,3,78,58,68,69,71,71,"178cm | 5'10""",0,-,-,América,Mexico
Jose Manuel Catalá Mazuecos,71,LB,,0,2,3,71,50,60,47,73,77,"180cm | 5'11""",0,-,-,Villarreal Club de Fútbol S.A.D.,Spain
Cristiano Moraes de Oliveira,71,CAM,,0,4,4,76,68,68,72,50,63,"175cm | 5'9""",0,-,-,SC Beira Mar,Brazil
Ákos Buzsáky,71,CAM,,0,4,4,68,69,63,77,55,58,"180cm | 5'11""",0,-,-,Queens Park Rangers,Hungary
Christian Kinkela,71,RM,,0,3,3,84,61,68,67,50,54,"177cm | 5'10""",0,-,-,AC Ajaccio,DR Congo
Souleymane Bamba,71,CB,,0,2,3,74,26,54,68,75,74,"190cm | 6'3""",0,-,-,Leicester City,Ivory Coast
Andrew Surman,71,LM,,0,3,3,70,68,72,72,61,61,"178cm | 5'10""",0,-,-,Norwich City,England
Panagiotis Kone,71,CM,,0,3,3,75,67,72,73,67,60,"182cm | 6'0""",0,-,-,Bologna,Greece
Mahamadou N'Diaye,71,CB,,0,2,2,61,30,48,39,73,71,"186cm | 6'1""",0,-,-,Vitória de Guimarães,Mali
Drissa Diakite,71,RB,,0,2,3,74,39,69,56,72,70,"175cm | 5'9""",0,-,-,OGC Nice,Mali
Jimmy Kébé,71,RM,,0,3,4,93,58,62,75,45,57,"187cm | 6'2""",0,-,-,Reading,Mali
Segundo Castillo,71,CDM,,0,2,3,76,68,61,69,73,74,"178cm | 5'10""",0,-,-,Pachuca,Ecuador
Mateus Galiano da Costa,71,ST,,0,3,3,89,67,61,72,54,62,"174cm | 5'9""",0,-,-,CD Nacional,Angola
Tom De Sutter,71,ST,,0,3,4,72,68,60,64,62,79,"192cm | 6'4""",0,-,-,RSC Anderlecht,Belgium
Baiano,71,RB,,0,3,2,84,61,69,73,67,61,"177cm | 5'10""",0,-,-,SC Braga,Brazil
Sven Kums,71,CM,,0,2,4,65,65,72,67,58,63,"176cm | 5'9""",0,-,-,sc Heerenveen,Belgium
Zlatan Ljubijankic,71,ST,,0,3,4,80,65,66,69,62,77,"184cm | 6'0""",0,-,-,KAA Gent,Slovenia
Marcelo Lomba do Nascimento,71,GK,,0,1,2,74,69,69,74,31,73,"187cm | 6'2""",0,-,-,Bahia,Brazil
Sebastian Boenisch,71,LB,,0,2,4,68,55,65,58,76,71,"191cm | 6'3""",0,-,-,Werder Bremen,Poland
Pontus Wernbloom,71,CM,,0,2,2,62,65,67,59,74,66,"186cm | 6'1""",0,-,-,AZ Alkmaar,Sweden
Marvin Emnes,71,ST,,0,4,4,85,68,62,71,58,53,"180cm | 5'11""",0,-,-,Middlesbrough,Netherlands
George Leandro Abreu de Lima,71,CAM,,0,4,3,83,67,68,73,48,57,"169cm | 5'7""",0,-,-,A. Florianópolis,Brazil
Miguel Pinto,71,GK,,0,1,3,73,69,67,74,59,71,"183cm | 6'0""",0,-,-,Atlas,Chile
Hugo Droguett,71,LM,,0,3,2,79,62,68,74,56,56,"172cm | 5'8""",0,-,-,Cruz Azul,Chile
Adam Rooney,71,ST,,0,2,3,71,67,55,70,52,73,"178cm | 5'10""",0,-,-,Birmingham City,Republic of Ireland
Mikael Lustig,71,RB,,0,3,3,76,60,67,66,68,71,"189cm | 6'2""",0,-,-,Rosenborg BK,Sweden
Viktor Elm,71,CM,,0,2,3,38,70,68,61,71,64,"192cm | 6'4""",0,-,-,sc Heerenveen,Sweden
Mbaye Leye,71,ST,,0,3,4,79,68,66,71,57,79,"182cm | 6'0""",0,-,-,Standard de Liège,Senegal
Nuno Coelho,71,CDM,,0,3,3,59,45,66,59,71,76,"183cm | 6'0""",0,-,-,SC Beira Mar,Portugal
Ismaïl Aissati,71,CAM,,0,3,4,68,63,67,76,41,54,"174cm | 5'9""",0,-,-,Ajax,Morocco
Dimitar Rangelov,71,ST,,0,3,2,75,69,56,69,58,73,"183cm | 6'0""",0,-,-,Energie Cottbus,Bulgaria
Everton Ramos da Silva,71,LW,,0,3,4,76,69,54,76,50,68,"178cm | 5'10""",0,-,-,Heracles Almelo,Brazil
Beñat,71,CM,,0,2,3,66,70,68,66,64,54,"175cm | 5'9""",0,-,-,Real Betis Balompié S.A.D. ,Spain
Héctor Mancilla,71,ST,,0,3,3,65,67,62,70,58,74,"179cm | 5'10""",0,-,-,Tigres U.A.N.L.,Chile
Ümit Korkmaz,71,LM,,0,4,4,80,62,68,75,51,64,"174cm | 5'9""",0,-,-,Eintracht Frankfurt,Austria
Ángel,71,ST,,0,3,3,81,61,50,79,47,63,"172cm | 5'8""",0,-,-,Elche Club de Fútbol S.A.D.,Spain
Baye Djiby Fall,71,ST,,0,2,4,76,67,41,68,55,72,"187cm | 6'2""",0,-,-,Lokomotiv Moskva,Senegal
José Francisco Torres,71,CM,,0,3,3,73,66,68,68,59,59,"169cm | 5'7""",0,-,-,Pachuca,United States
Gabriel Obertan,71,RM,,0,4,4,84,58,69,74,56,63,"186cm | 6'1""",0,-,-,Newcastle United,France
Karim Matmour,71,CF,,0,3,3,82,68,65,76,48,62,"181cm | 5'11""",0,-,-,Eintracht Frankfurt,Algeria
Miguel Pallardó González,71,CDM,,0,2,3,67,59,63,62,70,63,"173cm | 5'8""",0,-,-,Levante Unión Deportiva S.A.D.,Spain
Ryan Donk,71,CB,,0,2,3,78,43,64,67,73,76,"192cm | 6'4""",0,-,-,Club Brugge KV,Netherlands
Takayuki Morimoto,71,ST,,0,3,4,83,67,60,68,56,67,"180cm | 5'11""",0,-,-,Novara,Japan
Marius Žaliukas,71,CB,,0,2,3,71,40,46,56,77,66,"191cm | 6'3""",0,-,-,Heart of Midlothian,Lithuania
Antonio Narciso,71,GK,,0,1,2,69,68,60,76,30,74,"185cm | 6'1""",0,-,-,Grosseto,Italy
Adrián González,71,LM,,0,3,3,71,59,70,73,54,56,"183cm | 6'0""",0,-,-,Real Racing Club S.A.D.,Spain
Radoslaw Majewski,71,CAM,,0,3,4,71,70,69,74,50,58,"170cm | 5'7""",0,-,-,Nottingham Forest,Poland
Hamdi Salihi,71,ST,,0,3,3,68,69,48,67,52,77,"185cm | 6'1""",0,-,-,SK Rapid Wien,Albania
Rinaldo Cruzado,71,CM,,0,3,3,66,57,68,67,72,65,"180cm | 5'11""",0,-,-,Chievo Verona,Peru
Omar Cummings,71,ST,,0,3,4,87,68,62,70,53,66,"178cm | 5'10""",0,-,-,Colorado Rapids,Jamaica
Ben Sahar,71,ST,,0,3,4,81,68,52,75,44,62,"180cm | 5'11""",0,-,-,AJ Auxerre,Israel
Craig Cathcart,71,CB,,0,2,2,68,32,54,50,72,80,"188cm | 6'2""",0,-,-,Blackpool,Northern Ireland
Saša Ognenovski,71,CB,,0,2,3,57,58,49,36,76,74,"195cm | 6'5""",0,-,-,Seongnam Ilhwa Chunma,Australia
Adam Lallana,71,CAM,,0,4,4,70,66,66,75,50,52,"173cm | 5'8""",0,-,-,Southampton,England
Martin Fenin,71,ST,,0,3,5,78,64,62,73,49,76,"181cm | 5'11""",0,-,-,Energie Cottbus,Czech Republic
Emir Bajrami,71,RW,,0,3,2,79,66,61,76,51,57,"178cm | 5'10""",0,-,-,FC Twente,Sweden
Willian Thiego de Jesus,71,CB,,0,2,3,56,34,45,33,74,74,"188cm | 6'2""",0,-,-,Bahia,Brazil
João Marcos Alves Ferreira,71,CM,,0,2,3,73,60,72,74,66,66,"177cm | 5'10""",0,-,-,C. Nordeste,Brazil
Paul Alo'o Efoulou,71,ST,,0,3,3,76,70,62,73,46,71,"176cm | 5'9""",0,-,-,A.S. Nancy Lorraine,Cameroon
Blazej Augustyn,71,CB,,0,2,4,54,51,51,51,76,67,"191cm | 6'3""",0,-,-,Catania,Poland
Robson Severino da Silva,71,CB,,0,2,3,58,51,55,51,74,76,"186cm | 6'1""",0,-,-,C. Funchal,Brazil
Matteo Rubin,71,LB,,0,2,3,78,49,68,63,69,65,"184cm | 6'0""",0,-,-,Parma,Italy
Jay Spearing,71,CM,,0,2,3,70,62,69,68,68,74,"168cm | 5'6""",0,-,-,Liverpool,England
Max Kruse,71,LM,,0,3,4,70,66,70,71,60,63,"181cm | 5'11""",0,-,-,FC St. Pauli,Germany
Dominique Sosso Malonga,71,ST,,0,3,3,71,68,54,68,56,72,"186cm | 6'1""",0,-,-,A.C. Cesena,France
Nicolai Müller,71,LM,,0,3,3,77,60,65,76,38,61,"173cm | 5'8""",0,-,-,1. FSV Mainz 05,Germany
Alexandre Cuvillier,71,LM,,0,2,2,67,63,71,73,54,57,"182cm | 6'0""",0,-,-,A.S. Nancy Lorraine,France
Sandro Wagner,71,ST,,0,3,4,65,74,50,62,61,68,"194cm | 6'4""",0,-,-,Werder Bremen,Germany
Ádám Bogdán,71,GK,,0,1,3,73,71,64,73,42,71,"194cm | 6'4""",0,-,-,Bolton Wanderers,Hungary
Adrien Silva,71,CM,,0,2,4,70,56,69,70,69,66,"175cm | 5'9""",0,-,-,Académica Coimbra,Portugal
Massimo Volta,71,CB,,0,2,3,65,38,50,50,73,78,"184cm | 6'0""",0,-,-,Sampdoria,Italy
Washington Luiz Mascaranhas Silva,71,ST,,0,3,2,58,64,46,62,61,86,"187cm | 6'2""",0,-,-,C. Nordeste,Brazil
Demar Phillips,71,LM,,0,2,3,89,63,63,77,63,57,"168cm | 5'6""",0,-,-,Aalesunds FK,Jamaica
Jordon Mutch,71,CM,,0,2,3,72,69,74,66,67,63,"184cm | 6'0""",0,-,-,Birmingham City,England
Brek Shea,71,LM,,0,3,3,75,68,69,72,68,70,"191cm | 6'3""",0,-,-,FC Dallas,United States
Anele Ngcongca,71,RB,,0,2,3,81,54,68,68,69,72,"179cm | 5'10""",0,-,-,KRC Genk,South Africa
Joffre Guerrón,71,RW,,0,3,2,93,66,61,71,64,69,"179cm | 5'10""",0,-,-,Atlético Paranaense,Ecuador
Moussa Maâzou,71,ST,,0,3,2,85,69,51,60,55,75,"186cm | 6'1""",0,-,-,SV Zulte-Waregem,Niger
Guillermo Molins,71,RW,,0,3,3,84,68,59,75,56,48,"184cm | 6'0""",0,-,-,RSC Anderlecht,Sweden
Alan Gatagov,71,LM,,0,3,4,73,47,70,68,61,62,"180cm | 5'11""",0,-,-,Dinamo Moskva,Russia
Andrey Ivanov,71,LB,,0,2,2,73,47,66,60,71,64,"179cm | 5'10""",0,-,-,Lokomotiv Moskva,Russia
Renan Henrique Oliveira Vieira,71,CAM,,0,4,3,72,69,66,79,47,63,"182cm | 6'0""",0,-,-,Atlético Mineiro,Brazil
Frédéric Sammaritano,71,CAM,,0,3,3,78,61,67,76,41,36,"162cm | 5'4""",0,-,-,AC Ajaccio,France
Johannes Flum,71,CM,,0,2,3,63,66,70,66,74,66,"190cm | 6'3""",0,-,-,SC Freiburg,Germany
Andrea Catellani,71,CF,,0,4,4,74,70,70,77,48,54,"180cm | 5'11""",0,-,-,Catania,Italy
Carlos Miguel Mondim Saleiro,71,ST,,0,3,3,65,68,64,70,54,72,"185cm | 6'1""",0,-,-,Servette FC,Portugal
Dorege Kouemaha,71,ST,,0,3,2,71,69,54,68,62,74,"190cm | 6'3""",0,-,-,1. FC Kaiserslautern,Cameroon
Jamie Murphy,71,CF,,0,2,3,82,68,65,74,52,70,"175cm | 5'9""",0,-,-,Motherwell,Scotland
Bastian Oczipka,71,LB,,0,2,3,71,53,74,73,72,71,"184cm | 6'0""",0,-,-,Bayer 04 Leverkusen,Germany
Artur Sobiech,71,ST,,0,2,3,70,65,53,68,51,76,"185cm | 6'1""",0,-,-,Hannover 96,Poland
Victor Sánchez,71,CM,,0,3,3,72,59,71,67,64,63,"174cm | 5'9""",0,-,-,Neuchâtel Xamax,Spain
Julian Baumgartlinger,71,CDM,,0,2,4,65,58,62,67,73,69,"181cm | 5'11""",0,-,-,1. FSV Mainz 05,Austria
Santiago Morero,71,CB,,0,2,3,51,41,56,45,74,72,"184cm | 6'0""",0,-,-,Chievo Verona,Argentina
Lúcio Teófilo da Silva,71,ST,,0,3,3,84,64,49,65,55,72,"184cm | 6'0""",0,-,-,Ulsan Hyundai Horang-i,Brazil
Guido Marilungo,71,CF,,0,3,3,84,68,60,70,51,63,"176cm | 5'9""",0,-,-,A. Bergamo,Italy
David Templeton,71,LM,,0,4,5,87,66,66,72,61,58,"176cm | 5'9""",0,-,-,Heart of Midlothian,Scotland
Marcelo Aparecido Toscano,71,ST,,0,2,4,70,71,68,71,54,68,"184cm | 6'0""",0,-,-,Vitória de Guimarães,Brazil
De Marcos,71,CM,,0,3,4,87,61,60,74,67,66,"180cm | 5'11""",0,-,-,Athletic Club de Bilbao,Spain
John Brayford,71,RB,,0,2,3,72,52,66,58,71,69,"173cm | 5'8""",0,-,-,Derby County,England
Emmanuel Frimpong,71,CDM,,0,2,3,74,60,67,69,72,62,"178cm | 5'10""",0,-,-,Arsenal,England
Nathaniel Clyne,71,RB,,0,3,3,85,48,68,74,70,66,"175cm | 5'9""",0,-,-,Crystal Palace,England
Míchel,71,CAM,,0,3,3,77,66,68,73,53,60,"181cm | 5'11""",0,-,-,Hércules Club de Fútbol S.A.D.,Spain
Kamil Glik,71,CB,,0,2,2,59,30,44,36,75,74,"190cm | 6'3""",0,-,-,F. Torino,Poland
Franco Zuculini,71,CDM,,0,3,4,63,60,73,70,66,64,"176cm | 5'9""",0,-,-,Real Zaragoza S.A.D.,Argentina
Rodney Strasser,71,CDM,,0,2,3,71,60,70,68,71,60,"178cm | 5'10""",0,-,-,Lecce,Sierra Leone
Jéferson Rodrigues Gonçalves,71,CAM,,0,3,3,67,69,64,72,55,57,"180cm | 5'11""",0,-,-,Kansas City Wizards,Brazil
Lassad Nouioui,71,ST,,0,3,3,74,70,54,75,53,66,"188cm | 6'2""",0,-,-,Real Club Deportivo de La Coruña S.A.D.,Tunisia
Ivan Obradovic,71,LB,,0,2,4,77,55,72,69,69,67,"181cm | 5'11""",0,-,-,Real Zaragoza S.A.D.,Serbia
Nemanja Matic,71,CDM,,0,3,3,58,66,75,74,70,74,"194cm | 6'4""",0,-,-,Sport Lisboa Benfica,Serbia
Alexandr Kokorin,71,CF,,0,3,3,80,71,67,69,55,68,"183cm | 6'0""",0,-,-,Dinamo Moskva,Russia
Mauro Formica,71,CF,,0,3,3,77,67,69,75,51,61,"176cm | 5'9""",0,-,-,Blackburn Rovers,Argentina
Costel Pantilimon,71,GK,,0,1,2,68,68,70,74,48,75,"203cm | 6'8""",0,-,-,Manchester City,Romania
Escudero,71,LB,,0,3,3,77,57,70,72,64,64,"176cm | 5'9""",0,-,-,FC Schalke 04,Spain
Mensur Mujdža,71,RB,,0,2,3,73,63,68,71,72,66,"185cm | 6'1""",0,-,-,SC Freiburg,Croatia
Christian Clemens,71,RM,,0,3,4,79,66,68,74,54,62,"180cm | 5'11""",0,-,-,1. FC Köln,Germany
Julian Koch,71,RB,,0,2,3,73,54,67,67,72,74,"184cm | 6'0""",0,-,-,Borussia Dortmund,Germany
Danny Wilson,71,CB,,0,2,2,67,36,50,55,72,73,"187cm | 6'2""",0,-,-,Liverpool,Scotland
Nenad Tomovic,71,RB,,0,2,2,73,43,64,42,77,74,"184cm | 6'0""",0,-,-,Lecce,Serbia
Hugo Mallo,71,RB,,0,2,3,79,42,65,62,69,66,"180cm | 5'11""",0,-,-,Real Club Celta de Vigo S.A.D.,Spain
Ávine Junior Cardoso,71,LB,,0,2,2,82,61,78,76,68,54,"170cm | 5'7""",0,-,-,Bahia,Brazil
Tiago Pinto,71,LB,,0,2,2,75,57,69,73,70,69,"177cm | 5'10""",0,-,-,Rio Ave FC,Portugal
Lukas Schmitz,71,LB,,0,2,1,68,70,73,69,72,69,"184cm | 6'0""",0,-,-,Werder Bremen,Germany
Joel Robles,71,GK,,0,1,2,68,75,63,72,49,74,"193cm | 6'4""",0,-,-,Club Atlético de Madrid S.A.D.,Spain
Sergey Krivets,71,CAM,,0,4,4,80,66,74,68,57,62,"177cm | 5'10""",0,-,-,Lech Poznań,Belarus
Dedryck Boyata,71,CB,,0,2,3,71,30,57,38,74,73,"187cm | 6'2""",0,-,-,Bolton Wanderers,Belgium
Vitor Gomes Pereira,71,CM,,0,3,3,73,69,66,71,62,52,"170cm | 5'7""",0,-,-,Los Angeles Galaxy,Brazil
Leandro Bacuna,71,RW,,0,3,4,72,70,66,71,62,64,"187cm | 6'2""",0,-,-,FC Groningen,Netherlands
Josh McEachran,71,CM,,0,3,3,76,64,74,75,58,50,"178cm | 5'10""",0,-,-,Chelsea,England
Fabricio Manini,71,CB,,0,2,3,61,51,56,60,74,71,"184cm | 6'0""",0,-,-,C. Nordeste,Brazil
António Eduardo Pereira dos Santos,71,CB,,0,2,2,80,42,49,37,73,79,"188cm | 6'2""",0,-,-,Standard de Liège,Brazil
Wilson Eduardo,71,LW,,0,2,4,85,71,61,73,48,67,"176cm | 5'9""",0,-,-,S.C. Olhanense,Portugal
Osman Chávez,71,CB,,0,2,3,64,42,29,44,76,72,"187cm | 6'2""",0,-,-,Wisła Kraków,Honduras
Michele Camporese,71,CB,,0,2,3,69,40,45,50,71,75,"186cm | 6'1""",0,-,-,Fiorentina,Italy
Ryo Miyaichi,71,LW,,0,4,4,94,54,55,79,39,42,"183cm | 6'0""",0,-,-,Arsenal,Japan
Fernando Uribe,71,ST,,0,2,4,66,69,57,72,55,68,"181cm | 5'11""",0,-,-,Chievo Verona,Colombia
Gilberto Oliveira Souza Jr.,71,ST,,0,2,4,65,72,59,64,52,78,"178cm | 5'10""",0,-,-,I. Porto Alegre,Brazil
Víctor Ibarbo,71,CF,,0,2,3,87,68,72,73,72,69,"188cm | 6'2""",0,-,-,Cagliari,Colombia
Diego Rubio,71,ST,,0,2,3,75,67,66,70,47,67,"178cm | 5'10""",0,-,-,Sporting CP,Chile
Jonathan Zebina,70,CB,,0,2,3,47,55,70,62,73,72,"184cm | 6'0""",0,-,-,Stade Brestois 29,France
Felipe Dal Bello,70,CB,,0,2,3,57,47,64,56,70,71,"178cm | 5'10""",0,-,-,Fiorentina,Brazil
Massimo Donati,70,CDM,,0,2,3,63,64,70,60,71,68,"186cm | 6'1""",0,-,-,Bari,Italy
Alex Pinardi,70,CAM,,0,3,3,52,64,72,71,56,46,"180cm | 5'11""",0,-,-,Novara,Italy
Emanuele Belardi,70,GK,,0,1,1,68,70,60,71,49,75,"187cm | 6'2""",0,-,-,Udinese,Italy
Jon Daly,70,ST,,0,2,3,60,68,60,59,67,72,"191cm | 6'3""",0,-,-,Dundee United,Republic of Ireland
Ricardo Gardner,70,LM,,0,3,3,67,66,71,76,61,64,"175cm | 5'9""",0,-,-,Bolton Wanderers,Jamaica
Jody Craddock,70,CB,,0,2,3,33,42,46,43,72,74,"185cm | 6'1""",0,-,-,Wolverhampton Wanderers,England
Arnaud Le Lan,70,LB,,0,2,3,54,49,72,53,60,62,"171cm | 5'7""",0,-,-,FC Lorient Bretagne Sud,France
Damien Grégorini,70,GK,,0,1,2,70,74,64,71,42,74,"194cm | 6'4""",0,-,-,A.S. Nancy Lorraine,France
Rabiu Afolabi,70,CB,,0,2,3,70,46,54,53,72,78,"184cm | 6'0""",0,-,-,AS Monaco FC,Nigeria
Carl Hoefkens,70,RB,,0,2,3,61,50,61,43,76,72,"185cm | 6'1""",0,-,-,Club Brugge KV,Belgium
Ivan Leko,70,CAM,,0,3,3,50,70,74,68,56,52,"179cm | 5'10""",0,-,-,Sporting Lokeren OV,Croatia
Bernd Thijs,70,CDM,,0,2,4,38,67,68,58,73,74,"186cm | 6'1""",0,-,-,KAA Gent,Belgium
David Di Michele,70,ST,,0,3,4,72,68,56,79,46,42,"171cm | 5'7""",0,-,-,Lecce,Italy
Emiliano Bonazzoli,70,ST,,0,3,3,62,66,58,63,61,76,"192cm | 6'4""",0,-,-,Reggina,Italy
Levan Kobiashvili,70,LB,,0,3,3,54,60,74,70,68,66,"183cm | 6'0""",0,-,-,Hertha BSC,Georgia
Miguel Ángel Salgado Fernández,70,RB,,0,3,3,39,51,66,63,74,73,"174cm | 5'9""",0,-,-,Blackburn Rovers,Spain
Thorstein Helstad,70,ST,,0,2,3,53,72,61,69,58,73,"187cm | 6'2""",0,-,-,AS Monaco FC,Norway
Paul Ifill,70,RW,,0,4,4,72,65,59,78,54,52,"180cm | 5'11""",0,-,-,Wellington Phoenix,Barbados
Sylvain Wiltord,70,CF,,0,3,4,72,68,67,70,51,67,"174cm | 5'9""",0,-,-,FC Nantes,France
Paolo Orlandoni,70,GK,,0,1,1,72,68,64,68,51,75,"186cm | 6'1""",0,-,-,Inter,Italy
Oka Nikolov,70,GK,,0,1,2,72,64,59,73,61,73,"188cm | 6'2""",0,-,-,Eintracht Frankfurt,FYR Macedonia
Marcel Maltritz,70,CB,,0,2,3,53,47,53,43,72,72,"186cm | 6'1""",0,-,-,VfL Bochum,Germany
Otto Fredrikson,70,GK,,0,1,3,69,71,66,70,50,75,"189cm | 6'2""",0,-,-,Spartak Nalchik,Finland
Conor Casey,70,ST,,0,2,3,57,66,38,67,63,86,"188cm | 6'2""",0,-,-,Colorado Rapids,United States
André Lenz,70,GK,,0,1,3,71,70,56,71,35,73,"191cm | 6'3""",0,-,-,VfL Wolfsburg,Germany
Petter Hansson,70,CB,,0,2,2,43,55,57,49,72,76,"186cm | 6'1""",0,-,-,AS Monaco FC,Sweden
Kieron Dyer,70,CM,,0,3,3,70,62,74,74,60,57,"173cm | 5'8""",0,-,-,Queens Park Rangers,England
Alan Smith,70,CM,,0,3,3,54,69,64,65,73,77,"178cm | 5'10""",0,-,-,Newcastle United,England
Rickie Lambert,70,ST,,0,2,4,64,74,44,55,54,77,"188cm | 6'2""",0,-,-,Southampton,England
Jürgen Säumel,70,CM,,0,3,3,73,59,69,65,72,67,"184cm | 6'0""",0,-,-,SK Sturm Graz,Austria
Davide Brivio,70,LB,,0,2,2,66,50,67,61,74,62,"185cm | 6'1""",0,-,-,Lecce,Italy
Max von Schlebrügge,70,CB,,0,2,2,54,56,50,43,70,67,"188cm | 6'2""",0,-,-,Brøndby IF,Sweden
Tim Cornelisse,70,RB,,0,2,2,40,45,62,54,75,64,"185cm | 6'1""",0,-,-,FC Twente,Netherlands
Igor Budan,70,ST,,0,2,3,58,68,50,65,56,82,"185cm | 6'1""",0,-,-,Palermo,Croatia
Lee McCulloch,70,CDM,,0,3,3,62,66,64,67,78,75,"185cm | 6'1""",0,-,-,Rangers,Scotland
Dave Kitson,70,ST,,0,3,4,64,68,55,65,54,73,"191cm | 6'3""",0,-,-,Portsmouth,England
Woon Jae Lee,70,GK,,0,1,3,64,73,74,77,22,69,"182cm | 6'0""",0,-,-,Chunnam Dragons,Korea Republic
Sergio Pelegrín López,70,CB,,0,2,3,53,39,50,49,73,70,"184cm | 6'0""",0,-,-,Elche Club de Fútbol S.A.D.,Spain
Carmelo González Jiménez,70,RM,,0,3,4,68,59,67,77,52,54,"180cm | 5'11""",0,-,-,Real Sporting de Gijón S.A.D.,Spain
Borja Fernández,70,CDM,,0,2,3,51,66,73,54,74,65,"188cm | 6'2""",0,-,-,Real Club Deportivo de La Coruña S.A.D.,Spain
Mikel Labaka Zuariarrain,70,CB,,0,2,3,53,50,55,51,73,73,"185cm | 6'1""",0,-,-,Rayo Vallecano de Madrid S.A.D.,Spain
Alejandro Castro Fernández,70,CAM,,0,3,4,71,68,64,68,57,62,"175cm | 5'9""",0,-,-,Girona Fútbol Club S.A.D. ,Spain
Francisco Peña Romero,70,LB,,0,3,3,72,49,69,63,68,64,"170cm | 5'7""",0,-,-,Hércules Club de Fútbol S.A.D.,Spain
Julian De Guzmán,70,CM,,0,3,4,81,59,68,78,68,65,"169cm | 5'7""",0,-,-,Toronto FC,Canada
Wesley Sonck,70,ST,,0,2,4,68,69,60,66,51,72,"174cm | 5'9""",0,-,-,Lierse SK,Belgium
Mario Eggimann,70,CB,,0,2,3,39,40,48,43,72,75,"189cm | 6'2""",0,-,-,Hannover 96,Switzerland
Christofer Heimeroth,70,GK,,0,1,3,71,70,64,74,44,69,"194cm | 6'4""",0,-,-,Borussia M'gladbach,Germany
Julien Sablé,70,CM,,0,3,3,56,70,72,67,71,66,"181cm | 5'11""",0,-,-,OGC Nice,France
Eric Hassli,70,ST,,0,4,4,56,71,52,68,62,73,"193cm | 6'4""",0,-,-,Whitecaps FC,France
Dorus de Vries,70,GK,,0,1,3,71,68,77,78,54,64,"191cm | 6'3""",0,-,-,Wolverhampton Wanderers,Netherlands
Stephen Crainey,70,LB,,0,2,2,74,50,66,62,62,63,"175cm | 5'9""",0,-,-,Blackpool,Scotland
Ferrie Bodde,70,CM,,0,3,3,59,68,73,64,63,63,"178cm | 5'10""",0,-,-,Swansea City,Netherlands
Martin Bergvold,70,LM,,0,2,3,71,57,70,64,63,64,"184cm | 6'0""",0,-,-,FC København,Denmark
Djimi Traoré,70,LB,,0,2,3,68,50,54,57,73,75,"190cm | 6'3""",0,-,-,Olympique de Marseille,Mali
Christian Lell,70,RB,,0,2,2,81,40,65,59,72,69,"183cm | 6'0""",0,-,-,Hertha BSC,Germany
Bobby Convey,70,LM,,0,3,3,71,62,67,68,60,45,"175cm | 5'9""",0,-,-,San Jose Earthquakes,United States
Mohamed Adama Sarr,70,CB,,0,2,3,71,45,53,42,75,71,"186cm | 6'1""",0,-,-,KRC Genk,Senegal
Filip Daems,70,LB,,0,2,3,62,55,68,63,74,72,"181cm | 5'11""",0,-,-,Borussia M'gladbach,Belgium
Julio Arca,70,CM,,0,3,3,58,66,72,71,64,67,"175cm | 5'9""",0,-,-,Middlesbrough,Argentina
Paul McShane,70,CB,,0,2,3,63,41,56,42,71,76,"183cm | 6'0""",0,-,-,Hull City,Republic of Ireland
Reinaldo da Cruz Oliveira,70,ST,,0,2,4,65,70,63,72,55,78,"182cm | 6'0""",0,-,-,Bahia,Brazil
Rasmus Würtz,70,CDM,,0,2,3,61,61,61,65,70,71,"179cm | 5'10""",0,-,-,Aalborg BK,Denmark
Imre Szabics,70,ST,,0,3,4,75,68,58,69,55,72,"180cm | 5'11""",0,-,-,SK Sturm Graz,Hungary
Juan Gutiérrez Moreno,70,CB,,0,2,3,55,49,59,52,72,72,"182cm | 6'0""",0,-,-,Real Valladolid Club de Fútbol S.A.D.,Spain
Fábio Alves Félix,70,CDM,,0,2,3,56,58,67,65,72,75,"186cm | 6'1""",0,-,-,Bahia,Brazil
Thorben Marx,70,CDM,,0,2,3,55,65,70,63,71,68,"184cm | 6'0""",0,-,-,Borussia M'gladbach,Germany
Gilberto da Silva Melo,70,CAM,,0,3,3,60,70,77,77,72,61,"180cm | 5'11""",0,-,-,Cruzeiro,Brazil
Alexander Farnerud,70,CAM,,0,3,3,74,65,70,69,54,60,"184cm | 6'0""",0,-,-,BSC Young Boys,Sweden
Jorge López Marco,70,CF,,0,4,3,60,67,62,84,46,49,"177cm | 5'10""",0,-,-,Hércules Club de Fútbol S.A.D.,Spain
Byung Ji Kim,70,GK,,0,1,3,66,69,44,74,64,71,"184cm | 6'0""",0,-,-,GyeongNam FC,Korea Republic
Yong Dae Kim,70,GK,,0,1,3,69,69,69,71,35,70,"189cm | 6'2""",0,-,-,FC Seoul,Korea Republic
Garry O'Connor,70,ST,,0,3,3,74,65,53,66,60,74,"186cm | 6'1""",0,-,-,Hibernian,Scotland
Khalid Boulahrouz,70,RB,,0,2,3,71,40,59,64,75,70,"183cm | 6'0""",0,-,-,VfB Stuttgart,Netherlands
Aaron Mokoena,70,CDM,,0,2,3,60,43,58,63,71,75,"183cm | 6'0""",0,-,-,Portsmouth,South Africa
Franco Brienza,70,LM,,0,4,4,77,69,59,73,55,59,"171cm | 5'7""",0,-,-,Siena,Italy
Massimo Paci,70,CB,,0,2,2,54,39,59,36,77,69,"190cm | 6'3""",0,-,-,Novara,Italy
Ricardo Clark,70,CDM,,0,2,3,71,61,64,63,72,74,"178cm | 5'10""",0,-,-,Eintracht Frankfurt,United States
Shalrie Joseph,70,CM,,0,3,4,66,66,63,66,70,70,"191cm | 6'3""",0,-,-,New England Revolution,Grenada
Simone Loria,70,CB,,0,2,3,45,42,45,42,72,74,"186cm | 6'1""",0,-,-,Bologna,Italy
Christian Eigler,70,ST,,0,3,4,77,68,64,65,52,71,"185cm | 6'1""",0,-,-,1. FC Nürnberg,Germany
György Garics,70,RB,,0,2,2,78,57,70,66,68,57,"183cm | 6'0""",0,-,-,Bologna,Austria
Gonçalo Jardim Brandão,70,CB,,0,2,2,65,44,56,48,71,72,"182cm | 6'0""",0,-,-,Parma,Portugal
Shaun Maloney,70,CAM,,0,3,4,80,67,66,72,53,66,"170cm | 5'7""",0,-,-,Wigan Athletic,Scotland
Germán Lux,70,GK,,0,1,2,75,63,64,77,29,70,"186cm | 6'1""",0,-,-,Real Club Deportivo de La Coruña S.A.D.,Argentina
Arthur Boka,70,LB,,0,3,3,75,61,69,76,72,62,"166cm | 5'5""",0,-,-,VfB Stuttgart,Ivory Coast
Cristian Bertani,70,ST,,0,2,4,80,68,60,72,45,60,"171cm | 5'7""",0,-,-,Sampdoria,Italy
Davide Succi,70,ST,,0,3,3,69,68,60,65,51,70,"184cm | 6'0""",0,-,-,Padua,Italy
André Amougou,70,CB,,0,2,3,75,48,50,52,69,72,"183cm | 6'0""",0,-,-,Burnley,Cameroon
Kevin Foley,70,RB,,0,2,3,65,46,68,57,70,62,"183cm | 6'0""",0,-,-,Wolverhampton Wanderers,Republic of Ireland
Caleb Folan,70,ST,,0,3,3,77,63,40,70,57,72,"188cm | 6'2""",0,-,-,Colorado Rapids,Republic of Ireland
Jakob Poulsen,70,CM,,0,2,3,73,67,72,70,63,58,"182cm | 6'0""",0,-,-,FC Midtjylland,Denmark
John Sutton,70,ST,,0,2,3,67,65,45,62,56,75,"188cm | 6'2""",0,-,-,Heart of Midlothian,England
Sean St. Ledger,70,CB,,0,2,3,73,46,52,58,73,76,"181cm | 5'11""",0,-,-,Leicester City,Republic of Ireland
Ricardo Osorio,70,RB,,0,2,3,70,46,67,65,66,74,"173cm | 5'8""",0,-,-,Monterrey,Mexico
Kevin Thomson,70,CDM,,0,2,2,75,62,70,72,71,69,"180cm | 5'11""",0,-,-,Middlesbrough,Scotland
Paddy McCourt,70,LM,,0,4,3,71,68,61,82,46,53,"180cm | 5'11""",0,-,-,Celtic,Northern Ireland
David Siradze,70,CAM,,0,3,3,75,67,72,66,51,63,"185cm | 6'1""",0,-,-,Spartak Nalchik,Georgia
Tal Ben-Haim,70,CB,,0,2,3,52,38,48,48,72,75,"185cm | 6'1""",0,-,-,Portsmouth,Israel
Lucas Mareque,70,LB,,0,3,3,73,46,62,63,72,65,"175cm | 5'9""",0,-,-,FC Lorient Bretagne Sud,Argentina
Badr El Kaddouri,70,LB,,0,3,3,82,39,74,63,70,67,"177cm | 5'10""",0,-,-,Celtic,Morocco
Mikel Rico,70,CDM,,0,3,3,68,58,63,60,73,67,"178cm | 5'10""",0,-,-,Granada Club de Fútbol,Spain
Hérita Ilunga,70,LB,,0,3,3,76,50,63,60,73,74,"180cm | 5'11""",0,-,-,West Ham United,DR Congo
Antonio del Moral Segura,70,CAM,,0,3,4,76,64,64,73,47,55,"177cm | 5'10""",0,-,-,Fútbol Club Cartagena,Spain
Andrey Tikhonov,70,LM,,0,2,5,51,72,74,73,56,60,"178cm | 5'10""",0,-,-,Spartak Moskva,Russia
Sergey Pareiko,70,GK,,0,1,3,73,64,68,70,52,72,"193cm | 6'4""",0,-,-,Wisła Kraków,Estonia
Alexandr Sheshukov,70,CDM,,0,2,3,69,52,66,65,70,74,"180cm | 5'11""",0,-,-,Spartak Moskva,Russia
Ruslan Adzhindzhal,70,CAM,,0,3,4,54,68,67,69,42,62,"168cm | 5'6""",0,-,-,Volga,Russia
Espen Ruud,70,RB,,0,2,3,78,57,70,63,72,74,"184cm | 6'0""",0,-,-,Odense Boldklub,Norway
Kjetil Wæhler,70,CB,,0,2,4,59,39,42,25,72,75,"183cm | 6'0""",0,-,-,Aalborg BK,Norway
Marcel Meeuwis,70,CM,,0,2,3,64,62,69,64,68,66,"172cm | 5'8""",0,-,-,VVV-Venlo,Netherlands
Sergio van Dijk,70,ST,,0,2,2,62,72,46,59,56,85,"185cm | 6'1""",0,-,-,Adelaide United,Indonesia
Gil Vermouth,70,RW,,0,3,3,69,62,64,75,55,59,"180cm | 5'11""",0,-,-,1. FC Kaiserslautern,Israel
Shlomi Arbitman,70,ST,,0,3,3,76,66,57,64,52,77,"185cm | 6'1""",0,-,-,KVC Westerlo,Israel
Charles Takyi,70,CAM,,0,3,3,70,66,67,71,47,53,"177cm | 5'10""",0,-,-,FC St. Pauli,Ghana
Marco Caligiuri,70,CDM,,0,2,3,67,61,69,67,69,72,"180cm | 5'11""",0,-,-,1. FSV Mainz 05,Germany
Markus Brzenska,70,CB,,0,2,1,45,33,40,29,79,64,"196cm | 6'5""",0,-,-,Energie Cottbus,Germany
Luke Rodgers,70,ST,,0,3,3,88,66,51,68,57,64,"173cm | 5'8""",0,-,-,New York Red Bulls,England
George Elokobi,70,LB,,0,2,3,67,47,56,49,81,80,"175cm | 5'9""",0,-,-,Wolverhampton Wanderers,Cameroon
Chris Cohen,70,CM,,0,3,3,71,72,73,70,66,63,"178cm | 5'10""",0,-,-,Nottingham Forest,England
José Sand,70,ST,,0,3,4,48,70,49,63,55,82,"183cm | 6'0""",0,-,-,Tijuana,Argentina
Gabriel Pereyra,70,CAM,,0,4,4,71,69,68,71,62,76,"175cm | 5'9""",0,-,-,Puebla,Argentina
Stephen Kelly,70,RB,,0,2,3,68,46,63,61,73,71,"184cm | 6'0""",0,-,-,Fulham,Republic of Ireland
Leon Jessen,70,LB,,0,2,3,75,54,66,66,70,59,"182cm | 6'0""",0,-,-,1. FC Kaiserslautern,Denmark
Aloys Bertrand Nong,70,CF,,0,3,3,87,66,55,69,56,71,"179cm | 5'10""",0,-,-,Standard de Liège,Cameroon
Darren Ambrose,70,CAM,,0,3,3,77,75,66,68,52,54,"183cm | 6'0""",0,-,-,Crystal Palace,England
Stephen McManus,70,CB,,0,2,3,61,39,52,54,71,77,"188cm | 6'2""",0,-,-,Middlesbrough,Scotland
Casto,70,GK,,0,1,3,76,66,56,77,36,63,"182cm | 6'0""",0,-,-,Real Betis Balompié S.A.D. ,Spain
Scott McDonald,70,ST,,0,3,3,78,66,54,69,56,70,"173cm | 5'8""",0,-,-,Middlesbrough,Australia
Federico Vilar,70,GK,,0,1,3,65,74,71,73,62,68,"181cm | 5'11""",0,-,-,Monarcas Morelia,Argentina
Moisés Muñoz,70,GK,,0,1,3,70,72,62,73,46,69,"183cm | 6'0""",0,-,-,Atlante,Mexico
Oleg Iachtchouk,70,CAM,,0,3,4,63,70,70,72,54,60,"183cm | 6'0""",0,-,-,KSV Cercle Brugge,Ukraine
David Norris,70,CM,,0,3,3,59,61,71,66,65,59,"170cm | 5'7""",0,-,-,Portsmouth,England
Miguel Calero,70,GK,,0,1,3,70,67,64,72,46,72,"189cm | 6'2""",0,-,-,Pachuca,Colombia
Sean Dillon,70,CB,,0,2,4,75,42,68,56,75,70,"183cm | 6'0""",0,-,-,Dundee United,Republic of Ireland
Ángel Javier Arizmendi de Lucas,70,RW,,0,3,3,75,64,63,72,59,62,"189cm | 6'2""",0,-,-,Neuchâtel Xamax,Spain
Tom De Mul,70,RM,,0,3,4,70,62,69,73,42,50,"173cm | 5'8""",0,-,-,Sevilla Fútbol Club S.A.D.,Belgium
Pedro López,70,RB,,0,2,3,75,62,68,63,70,63,"174cm | 5'9""",0,-,-,Levante Unión Deportiva S.A.D.,Spain
Moritz Stoppelkamp,70,RM,,0,2,4,72,62,69,67,63,67,"180cm | 5'11""",0,-,-,Hannover 96,Germany
Laurent Ciman,70,CB,,0,2,3,69,48,62,39,66,70,"182cm | 6'0""",0,-,-,Standard de Liège,Belgium
Marc-Antoine Fortuné,70,ST,,0,3,3,72,66,56,72,53,74,"183cm | 6'0""",0,-,-,West Bromwich Albion,France
Nana Asare,70,CM,,0,3,4,79,64,67,72,65,70,"172cm | 5'8""",0,-,-,FC Utrecht,Ghana
Oribe Peralta,70,ST,,0,3,4,68,70,64,74,48,71,"178cm | 5'10""",0,-,-,Santos Laguna,Mexico
Federico Nieto,70,ST,,0,3,2,63,67,44,63,55,72,"190cm | 6'3""",0,-,-,Atlético Paranaense,Argentina
Peter Larsson,70,CB,,0,2,3,47,36,37,29,77,77,"187cm | 6'2""",0,-,-,FC København,Sweden
Davide Zoboli,70,CB,,0,2,2,53,41,58,38,74,74,"190cm | 6'3""",0,-,-,Brescia,Italy
Rafael Marques Pinto,70,CB,,0,2,2,44,51,48,50,74,64,"185cm | 6'1""",0,-,-,Grêmio,Brazil
Armando Navarrete,70,GK,,0,1,3,72,68,63,73,49,69,"178cm | 5'10""",0,-,-,América,Mexico
Pedro Alves da Silva,70,RB,,0,2,3,61,62,72,66,72,70,"180cm | 5'11""",0,-,-,Sporting CP,Brazil
Miodrag Džudović,70,CB,,0,2,3,71,54,46,39,77,65,"197cm | 6'6""",0,-,-,Spartak Nalchik,Montenegro
Alexandr Orekhov,70,CB,,0,3,3,50,46,45,51,79,70,"198cm | 6'6""",0,-,-,Rubin Kazan,Russia
Davide Chiumiento,70,CAM,,0,5,4,61,63,70,71,46,56,"170cm | 5'7""",0,-,-,Whitecaps FC,Switzerland
André Ooijer,70,CB,,0,2,3,38,43,56,45,73,67,"185cm | 6'1""",0,-,-,Ajax,Netherlands
Andrew Keogh,70,ST,,0,3,3,76,67,62,70,55,69,"183cm | 6'0""",0,-,-,Leeds United,Republic of Ireland
David Jones,70,CM,,0,3,4,68,66,78,65,63,55,"185cm | 6'1""",0,-,-,Wigan Athletic,England
Nuno Miguel Fidalgo dos Santos,70,ST,,0,3,4,73,66,61,67,52,78,"177cm | 5'10""",0,-,-,Vitória de Setúbal,Portugal
Billy Sharp,70,ST,,0,3,3,72,69,55,67,58,68,"175cm | 5'9""",0,-,-,Doncaster Rovers,England
Simon Cox,70,ST,,0,2,3,73,71,40,68,52,64,"180cm | 5'11""",0,-,-,West Bromwich Albion,Republic of Ireland
Michael Higdon,70,ST,,0,2,3,61,68,52,62,55,75,"185cm | 6'1""",0,-,-,Motherwell,England
Andrew Crofts,70,CM,,0,2,3,70,71,71,66,67,65,"175cm | 5'9""",0,-,-,Norwich City,Wales
Jonny Hayes,70,LW,,0,2,3,81,58,64,76,54,50,"170cm | 5'7""",0,-,-,Inverness Caledonian Thistle,Republic of Ireland
Behrang Safari,70,LB,,0,3,1,90,46,69,68,68,53,"184cm | 6'0""",0,-,-,RSC Anderlecht,Sweden
Gianni Zuiverloon,70,RB,,0,2,3,74,48,64,58,72,68,"178cm | 5'10""",0,-,-,Real Club Deportivo Mallorca S.A.D.,Netherlands
Édson Bastos Barreto,70,GK,,0,1,2,66,75,72,68,62,71,"187cm | 6'2""",0,-,-,Coritiba,Brazil
Paulo César Baier,70,CAM,,0,3,3,60,69,78,67,59,52,"181cm | 5'11""",0,-,-,Atlético Paranaense,Brazil
Paulo André Cren Benini,70,CB,,0,2,3,58,46,46,46,72,76,"188cm | 6'2""",0,-,-,Corinthians,Brazil
Graziano Pellè,70,ST,,0,3,3,67,66,53,63,55,72,"193cm | 6'4""",0,-,-,Parma,Italy
Tim Hoogland,70,RB,,0,2,3,60,64,68,63,72,78,"183cm | 6'0""",0,-,-,FC Schalke 04,Germany
Somen Tchoyi,70,RM,,0,4,4,76,66,70,71,60,70,"190cm | 6'3""",0,-,-,West Bromwich Albion,Cameroon
Cyril Théréau,70,ST,,0,2,3,53,68,60,62,58,77,"189cm | 6'2""",0,-,-,Chievo Verona,France
Élton Rodriguez Brandão,70,ST,,0,3,3,65,66,46,61,59,74,"186cm | 6'1""",0,-,-,Vasco da Gama,Brazil
Dušan Basta,70,RWB,,0,2,3,78,64,68,66,71,65,"184cm | 6'0""",0,-,-,Udinese,Serbia
Patricio Araujo,70,CDM,,0,2,3,67,54,63,54,72,62,"175cm | 5'9""",0,-,-,Guadalajara,Mexico
Jorge Torres Nilo,70,LB,,0,2,3,80,50,69,71,70,62,"180cm | 5'11""",0,-,-,Tigres U.A.N.L.,Mexico
Jérémy Sorbon,70,CB,,0,2,3,67,33,58,40,71,72,"183cm | 6'0""",0,-,-,Stade Malherbe Caen,France
Henok Goitom,70,ST,,0,3,3,63,68,50,69,51,70,"189cm | 6'2""",0,-,-,Unión Deportiva Almería S.A.D.,Sweden
Davide Somma,70,ST,,0,3,4,67,69,52,68,49,68,"186cm | 6'1""",0,-,-,Leeds United,South Africa
Roy Contout,70,RW,,0,3,3,82,61,60,76,49,48,"175cm | 5'9""",0,-,-,AJ Auxerre,France
Paul Dixon,70,LB,,0,2,3,77,54,67,68,71,68,"175cm | 5'9""",0,-,-,Dundee United,Scotland
Nejc Pečnik,70,ST,,0,3,3,71,72,68,66,65,73,"189cm | 6'2""",0,-,-,Krylya Sovetov Samara,Slovenia
Daniel Adlung,70,LM,,0,3,3,81,63,67,71,59,66,"179cm | 5'10""",0,-,-,Energie Cottbus,Germany
Frank Fielding,70,GK,,0,1,3,71,72,70,70,58,70,"185cm | 6'1""",0,-,-,Derby County,England
Adam Hammill,70,RM,,0,4,4,83,67,68,75,42,44,"180cm | 5'11""",0,-,-,Wolverhampton Wanderers,England
Jack Cork,70,CDM,,0,2,4,63,53,67,66,68,71,"183cm | 6'0""",0,-,-,Southampton,England
Maxime Baca,70,RB,,0,2,4,67,42,70,60,69,66,"174cm | 5'9""",0,-,-,FC Lorient Bretagne Sud,France
Federico Piovaccari,70,ST,,0,2,3,69,64,49,66,56,77,"181cm | 5'11""",0,-,-,Sampdoria,Italy
Jonathan Parr,70,LB,,0,3,5,79,61,69,68,69,63,"182cm | 6'0""",0,-,-,Crystal Palace,Norway
Leonardo Pettinari,70,LM,,0,3,3,79,62,65,74,55,41,"178cm | 5'10""",0,-,-,A. Bergamo,Italy
Steven Davies,70,ST,,0,4,4,77,70,59,73,62,70,"185cm | 6'1""",0,-,-,Derby County,England
Steve De Ridder,70,RW,,0,3,3,86,64,62,70,46,55,"179cm | 5'10""",0,-,-,Southampton,Belgium
Dimas Delgado Morgado,70,CM,,0,3,4,65,62,64,68,70,66,"178cm | 5'10""",0,-,-,Fútbol Club Cartagena,Spain
Morgaro Gomis,70,CM,,0,3,2,76,61,67,72,75,68,"170cm | 5'7""",0,-,-,Birmingham City,Senegal
Gonzalo Bergessio,70,CF,,0,3,3,63,69,62,71,50,64,"179cm | 5'10""",0,-,-,Catania,Argentina
Aniello Cutolo,70,CF,,0,2,4,84,67,62,72,47,56,"170cm | 5'7""",0,-,-,Padua,Italy
Luca Ceccarelli,70,RB,,0,2,3,72,51,69,63,70,65,"183cm | 6'0""",0,-,-,A.C. Cesena,Italy
Dwight Tiendalli,70,LB,,0,2,3,86,52,59,68,69,70,"180cm | 5'11""",0,-,-,FC Twente,Netherlands
Matteo Ardemagni,70,ST,,0,3,3,70,67,48,62,56,75,"185cm | 6'1""",0,-,-,A. Bergamo,Italy
Andris Vanins,70,GK,,0,1,3,73,74,62,72,37,62,"185cm | 6'1""",0,-,-,FC Sion,Latvia
Rúrik Gíslason,70,RW,,0,3,3,77,63,71,71,57,61,"184cm | 6'0""",0,-,-,Odense Boldklub,Iceland
Neal Eardley,70,RB,,0,2,3,77,60,69,65,71,67,"180cm | 5'11""",0,-,-,Blackpool,Wales
Patryk Malecki,70,RW,,0,2,5,78,70,62,73,66,65,"170cm | 5'7""",0,-,-,Wisła Kraków,Poland
Ayoze García Pérez,70,LM,,0,3,3,78,61,61,73,49,50,"172cm | 5'8""",0,-,-,Real Sporting de Gijón S.A.D.,Spain
Samir Ujkani,70,GK,,0,1,2,69,68,60,74,56,72,"186cm | 6'1""",0,-,-,Novara,Albania
Yura Movsisyan,70,ST,,0,2,3,87,68,38,73,53,69,"185cm | 6'1""",0,-,-,Krasnodar,Armenia
Duško Tošic,70,LB,,0,3,4,74,39,59,57,76,72,"185cm | 6'1""",0,-,-,Real Betis Balompié S.A.D. ,Serbia
Willian Lanes de Lima,70,CB,,0,2,4,51,52,53,60,73,62,"182cm | 6'0""",0,-,-,Atlético Mineiro,Brazil
Simone Missiroli,70,CAM,,0,2,3,76,64,69,70,57,66,"191cm | 6'3""",0,-,-,Reggina,Italy
Manuel Iturra,70,CDM,,0,2,5,73,54,68,62,69,57,"174cm | 5'9""",0,-,-,Real Murcia,Chile
Fabian Lustenberger,70,CDM,,0,2,3,63,39,68,65,68,69,"180cm | 5'11""",0,-,-,Hertha BSC,Switzerland
Tore Reginiussen,70,CB,,0,2,3,67,40,58,48,73,68,"187cm | 6'2""",0,-,-,Odense Boldklub,Norway
Robbert Schilder,70,CM,,0,3,3,67,71,69,72,68,56,"178cm | 5'10""",0,-,-,NAC Breda,Netherlands
Fabricio,70,GK,,0,1,3,70,74,63,72,52,65,"182cm | 6'0""",0,-,-,Real Betis Balompié S.A.D. ,Spain
Tiago Filipe Figueiras Gomes,70,CAM,,0,3,3,64,67,71,65,66,60,"181cm | 5'11""",0,-,-,Hércules Club de Fútbol S.A.D.,Portugal
Hrvoje Čale,70,LB,,0,2,2,70,53,57,56,73,72,"182cm | 6'0""",0,-,-,VfL Wolfsburg,Croatia
Paul Baysse,70,RB,,0,2,3,62,43,66,61,74,80,"184cm | 6'0""",0,-,-,Stade Brestois 29,France
Adán,70,GK,,0,1,2,71,72,64,75,57,68,"190cm | 6'3""",0,-,-,Real Madrid Club de Fútbol,Spain
Stefano Okaka,70,ST,,0,3,3,74,66,50,66,59,71,"186cm | 6'1""",0,-,-,Roma,Italy
Johny Placide,70,GK,,0,1,2,71,67,66,70,53,72,"181cm | 5'11""",0,-,-,Havre Athletic Club,France
Charlie Mulgrew,70,CB,,0,2,3,72,59,72,50,72,65,"191cm | 6'3""",0,-,-,Celtic,Scotland
Federico Peluso,70,LB,,0,2,2,73,51,63,45,72,74,"186cm | 6'1""",0,-,-,A. Bergamo,Italy
Nicolas Frey,70,RB,,0,2,3,66,48,69,58,72,73,"184cm | 6'0""",0,-,-,Chievo Verona,France
Luigi Vitale,70,LB,,0,2,2,69,65,72,70,69,64,"178cm | 5'10""",0,-,-,Bologna,Italy
Danny Holla,70,CM,,0,2,4,69,72,71,64,69,67,"178cm | 5'10""",0,-,-,FC Groningen,Netherlands
Vito Mannone,70,GK,,0,1,3,70,71,63,71,50,66,"194cm | 6'4""",0,-,-,Arsenal,Italy
George Boyd,70,CAM,,0,4,4,74,65,60,72,48,43,"186cm | 6'1""",0,-,-,Peterborough United,Scotland
Jacob Lensky,70,CM,,0,2,2,75,48,71,65,71,66,"183cm | 6'0""",0,-,-,FC Utrecht,Czech Republic
Leandro Grimi,70,LB,,0,2,3,65,60,69,69,69,70,"182cm | 6'0""",0,-,-,KRC Genk,Argentina
José Shaffer,70,LB,,0,3,2,77,56,71,71,64,65,"175cm | 5'9""",0,-,-,"União de Leiria, SAD",Argentina
Stevica Ristić,70,ST,,0,3,3,65,70,50,63,55,71,"188cm | 6'2""",0,-,-,Suwon Samsung Bluewings,FYR Macedonia
Luiz Marcelo Morais dos Reis,70,CAM,,0,4,3,84,61,63,77,49,50,"170cm | 5'7""",0,-,-,Bahia,Brazil
Gustavo Lazzaretti Araújo,70,CB,,0,2,3,65,51,49,45,74,68,"186cm | 6'1""",0,-,-,Atlético Paranaense,Brazil
Ondrej Mazuch,70,CB,,0,2,1,64,36,48,42,73,71,"188cm | 6'2""",0,-,-,RSC Anderlecht,Czech Republic
Diogo Antunes de Oliveira,70,CDM,,0,2,2,62,53,62,62,75,66,"181cm | 5'11""",0,-,-,Fluminense,Brazil
Dušan Švento,70,LM,,0,4,3,84,64,66,76,50,49,"178cm | 5'10""",0,-,-,FC Red Bull Salzburg,Slovakia
Jonas Jessue da Silva Junior,70,RB,,0,3,2,79,55,67,61,73,65,"181cm | 5'11""",0,-,-,Coritiba,Brazil
Djamel Bakar,70,LM,,0,3,3,88,67,52,72,43,65,"171cm | 5'7""",0,-,-,A.S. Nancy Lorraine,France
Denis Cesar de Matos,70,GK,,0,1,2,71,74,68,73,53,69,"188cm | 6'2""",0,-,-,São Paulo,Brazil
Tiago André Coelho Lopes,70,ST,,0,3,3,74,65,63,68,53,74,"182cm | 6'0""",0,-,-,Santa Maria,Portugal
Jamel Saihi,70,CDM,,0,2,3,58,50,59,50,69,64,"181cm | 5'11""",0,-,-,Montpellier Hérault Sport Club,Tunisia
William Artur C. dos Santos,70,ST,,0,3,3,65,65,51,64,52,78,"183cm | 6'0""",0,-,-,Paços Ferreira,Brazil
Júlio César Coelho de Moraes,70,LB,,0,4,2,70,70,74,74,70,64,"173cm | 5'8""",0,-,-,Grêmio,Brazil
Adlène Guédioura,70,CM,,0,3,4,74,60,62,71,74,72,"180cm | 5'11""",0,-,-,Wolverhampton Wanderers,Algeria
Guy-Roland Ndy Assembe,70,GK,,0,1,2,75,69,63,74,67,68,"184cm | 6'0""",0,-,-,A.S. Nancy Lorraine,Cameroon
Steeven Langil,70,LW,,0,2,3,83,59,63,72,43,41,"178cm | 5'10""",0,-,-,CS Sedan Ardennes,France
Jonny Howson,70,CAM,,0,3,4,69,65,68,69,61,48,"180cm | 5'11""",0,-,-,Leeds United,England
Nabil El Zhar,70,RM,,0,3,3,83,65,64,81,49,56,"171cm | 5'7""",0,-,-,Levante Unión Deportiva S.A.D.,Morocco
Srdjan Baljak,70,ST,,0,3,3,78,68,61,69,47,69,"179cm | 5'10""",0,-,-,MSV Duisburg,Serbia
Eric Maxim Choupo-Moting,70,ST,,0,3,4,67,67,54,71,52,70,"189cm | 6'2""",0,-,-,1. FSV Mainz 05,Cameroon
Robert Tesche,70,CM,,0,2,4,68,68,68,72,62,81,"182cm | 6'0""",0,-,-,Hamburger SV,Germany
Sascha Mölders,70,ST,,0,2,4,69,65,50,66,52,74,"187cm | 6'2""",0,-,-,FC Augsburg,Germany
Dirk Marcellis,70,RB,,0,2,4,63,36,67,59,71,70,"180cm | 5'11""",0,-,-,AZ Alkmaar,Netherlands
Stefano Celozzi,70,RB,,0,3,3,72,43,69,74,65,58,"171cm | 5'7""",0,-,-,VfB Stuttgart,Germany
James Dayton,70,LM,,0,4,4,85,61,62,74,43,55,"172cm | 5'8""",0,-,-,Kilmarnock,England
Ryan Koolwijk,70,CM,,0,2,3,41,60,75,65,67,60,"196cm | 6'5""",0,-,-,N.E.C.,Netherlands
Leroy George,70,LM,,0,4,3,87,64,65,72,52,59,"176cm | 5'9""",0,-,-,N.E.C.,Netherlands
Gabriele Perico,70,RB,,0,2,3,68,60,63,62,68,65,"183cm | 6'0""",0,-,-,Cagliari,Italy
Federico Moretti,70,CM,,0,3,3,68,64,70,67,67,69,"187cm | 6'2""",0,-,-,Grosseto,Italy
Eric Lichaj,70,RB,,0,2,3,73,45,65,66,70,66,"180cm | 5'11""",0,-,-,Aston Villa,United States
Kevin Pezzoni,70,CDM,,0,2,3,39,44,59,45,78,72,"193cm | 6'4""",0,-,-,1. FC Köln,Germany
Carlos Pereira Berto Jr.,70,CM,,0,4,3,79,62,74,72,65,68,"170cm | 5'7""",0,-,-,São Paulo,Brazil
Aurélien Collin,70,CB,,0,2,3,63,45,54,48,72,80,"187cm | 6'2""",0,-,-,Kansas City Wizards,France
Stefano Ferrario,70,CB,,0,2,2,58,41,52,39,76,71,"190cm | 6'3""",0,-,-,Lecce,Italy
Yannick Sagbo,70,ST,,0,3,2,83,66,40,55,50,74,"183cm | 6'0""",0,-,-,Evian Thonon Gaillard FC,Ivory Coast
Carlos Grossmüller,70,CM,,0,2,3,59,66,71,73,66,63,"184cm | 6'0""",0,-,-,Lecce,Uruguay
Guilherme Oliveira Santos,70,LB,,0,3,3,83,60,70,76,68,65,"173cm | 5'8""",0,-,-,Atlético Mineiro,Brazil
David Hubert,70,CDM,,0,2,3,65,58,64,59,71,70,"182cm | 6'0""",0,-,-,KRC Genk,Belgium
Felipe Mattioni Rohde,70,RB,,0,3,3,75,57,72,77,70,64,"177cm | 5'10""",0,-,-,R.C.D. Espanyol de Barcelona S.A.D.,Brazil
Maurício,70,CM,,0,3,3,72,65,71,71,64,74,"180cm | 5'11""",0,-,-,Terek Grozny,Brazil
Johnny Russell,70,CF,,0,2,2,92,62,40,76,44,80,"178cm | 5'10""",0,-,-,Dundee United,Scotland
Anton Amelchenko,70,GK,,0,1,3,72,69,71,73,46,72,"192cm | 6'4""",0,-,-,Lokomotiv Moskva,Belarus
Levan Kenia,70,CAM,,0,3,4,69,56,71,75,46,55,"176cm | 5'9""",0,-,-,FC Schalke 04,Georgia
Patrick van Aanholt,70,LB,,0,3,3,80,53,66,72,67,57,"175cm | 5'9""",0,-,-,Wigan Athletic,Netherlands
Franco Di Santo,70,ST,,0,3,3,74,70,52,69,50,72,"194cm | 6'4""",0,-,-,Wigan Athletic,Argentina
Luciano Monzón,70,LB,,0,2,2,76,56,67,67,71,65,"179cm | 5'10""",0,-,-,OGC Nice,Argentina
Andy King,70,CM,,0,2,3,67,69,69,73,64,71,"183cm | 6'0""",0,-,-,Leicester City,Wales
Kyle Naughton,70,RB,,0,3,4,83,51,67,61,69,70,"180cm | 5'11""",0,-,-,Norwich City,England
Roberto Calmon Felix,70,ST,,0,3,4,57,66,54,62,56,77,"187cm | 6'2""",0,-,-,Barcelos,Brazil
Albert Adomah,70,RW,,0,3,3,81,62,65,73,52,58,"185cm | 6'1""",0,-,-,Bristol City,Ghana
Christopher Nöthe,70,ST,,0,3,4,70,65,46,65,52,73,"184cm | 6'0""",0,-,-,SpVgg Greuther Fürth,Germany
Luis Fuentes,70,CB,,0,3,2,79,63,65,74,67,70,"171cm | 5'7""",0,-,-,U.N.A.M.,Mexico
Jumar José da Costa Júnior,70,CDM,,0,2,2,80,56,64,63,70,62,"177cm | 5'10""",0,-,-,Vasco da Gama,Brazil
Rodrigo Pereira Possebon,70,CM,,0,3,4,66,60,72,69,65,61,"180cm | 5'11""",0,-,-,Santos,Italy
Ken Ilsø,70,CF,,0,3,3,78,72,56,72,51,67,"182cm | 6'0""",0,-,-,Fortuna Düsseldorf,Denmark
Joel Ekstrand,70,CB,,0,2,5,65,38,59,52,73,68,"188cm | 6'2""",0,-,-,Udinese,Sweden
Thomas Heurtaux,70,CB,,0,2,3,55,29,58,32,70,67,"183cm | 6'0""",0,-,-,Stade Malherbe Caen,France
Douglas de Oliveira,70,ST,,0,3,3,65,66,55,64,58,66,"186cm | 6'1""",0,-,-,SC Beira Mar,Brazil
Laure,70,RB,,0,2,3,81,49,61,64,67,65,"166cm | 5'5""",0,-,-,Real Club Deportivo de La Coruña S.A.D.,Spain
Michel Macedo Rocha Machado,70,RB,,0,2,3,81,38,62,67,69,71,"182cm | 6'0""",0,-,-,Unión Deportiva Almería S.A.D.,Brazil
Bas Dost,70,ST,,0,2,3,60,64,52,57,61,65,"192cm | 6'4""",0,-,-,sc Heerenveen,Netherlands
Jonathas de Jesus Maurício,70,ST,,0,2,3,72,67,45,59,58,81,"190cm | 6'3""",0,-,-,Brescia,Brazil
Alexander Esswein,70,ST,,0,3,4,82,68,63,73,50,72,"183cm | 6'0""",0,-,-,1. FC Nürnberg,Germany
Ariel Nahuelpan,70,ST,,0,3,3,62,68,48,65,61,69,"187cm | 6'2""",0,-,-,Real Racing Club S.A.D.,Argentina
Olcay Sahan,70,LM,,0,3,4,80,63,63,75,51,62,"177cm | 5'10""",0,-,-,1. FC Kaiserslautern,Turkey
Da Costa,70,GK,,0,1,2,68,66,60,76,49,72,"186cm | 6'1""",0,-,-,Sampdoria,Brazil
Teemu Pukki,70,ST,,0,3,4,74,64,39,73,43,65,"180cm | 5'11""",0,-,-,FC Schalke 04,Finland
Pavle Ninkov,70,RB,,0,2,3,65,57,71,69,70,63,"181cm | 5'11""",0,-,-,Toulouse FC,Serbia
Osvaldo Martínez,70,RM,,0,4,4,73,70,70,72,45,60,"167cm | 5'6""",0,-,-,Atlante,Paraguay
Mike Frantz,70,LM,,0,2,5,75,64,68,69,70,70,"180cm | 5'11""",0,-,-,1. FC Nürnberg,Germany
Alberto Rafael da Silva,70,GK,,0,1,1,73,68,64,74,32,68,"192cm | 6'4""",0,-,-,A. Goiânia,Brazil
Yazalde Gomes Pinto,70,ST,,0,3,3,78,64,56,72,53,74,"183cm | 6'0""",0,-,-,Rio Ave FC,Portugal
George John,70,CB,,0,2,3,64,48,48,49,74,77,"193cm | 6'4""",0,-,-,FC Dallas,United States
Alex Sandro,70,LB,,0,3,2,76,60,67,73,70,61,"178cm | 5'10""",0,-,-,FC Porto,Brazil
Connor Wickham,70,ST,,0,2,4,73,63,53,71,52,69,"191cm | 6'3""",0,-,-,Sunderland,England
Sébastien Corchia,70,RB,,0,2,3,72,56,73,64,68,62,"175cm | 5'9""",0,-,-,FC Sochaux-Montbéliard,France
Shin Wook Kim,70,ST,,0,3,3,73,63,54,63,71,73,"196cm | 6'5""",0,-,-,Ulsan Hyundai Horang-i,Korea Republic
Evgeniy Makeev,70,LB,,0,3,4,78,57,67,75,66,67,"181cm | 5'11""",0,-,-,Spartak Moskva,Russia
Fabio Sciacca,70,CM,,0,3,4,70,69,70,69,68,68,"182cm | 6'0""",0,-,-,Catania,Italy
Rodrigo Batista da Cruz,70,CF,,0,4,3,79,67,59,72,56,73,"174cm | 5'9""",0,-,-,Atlético Paranaense,Brazil
Bernd Leno,70,GK,,0,1,3,72,67,76,75,61,65,"190cm | 6'3""",0,-,-,Bayer 04 Leverkusen,Germany
Marcos Gullón Ferrera,70,CDM,,0,2,3,52,54,62,52,73,66,"185cm | 6'1""",0,-,-,Villarreal Club de Fútbol S.A.D.,Spain
Idrissa Gueye,70,CDM,,0,2,3,74,54,68,69,64,54,"174cm | 5'9""",0,-,-,LOSC Lille Métropole,Senegal
Steven Caulker,70,CB,,0,2,2,72,28,57,58,72,73,"190cm | 6'3""",0,-,-,Swansea City,England
Diego Novaretti,70,CB,,0,2,3,66,41,58,40,75,59,"194cm | 6'4""",0,-,-,Toluca,Argentina
Juan Dominguez,70,CAM,,0,3,3,66,54,71,68,55,55,"181cm | 5'11""",0,-,-,Real Club Deportivo de La Coruña S.A.D.,Spain
Jack Colback,70,CM,,0,2,3,75,49,71,69,63,59,"176cm | 5'9""",0,-,-,Sunderland,England
Keko,70,RW,,0,4,4,78,63,66,73,52,53,"177cm | 5'10""",0,-,-,Catania,Spain
Daniel Ayala,70,CB,,0,2,3,65,35,52,55,69,72,"191cm | 6'3""",0,-,-,Norwich City,Spain
Diego Contento,70,LB,,0,2,3,77,49,68,69,67,63,"176cm | 5'9""",0,-,-,Bayern München,Germany
Willian Roberto Farias,70,CDM,,0,2,3,74,70,64,60,74,69,"176cm | 5'9""",0,-,-,Coritiba,Brazil
Dejan Lazarevic,70,RW,,0,3,4,89,58,65,71,51,55,"177cm | 5'10""",0,-,-,Padua,Slovenia
Cedric Mabwati,70,RM,,0,3,4,91,60,56,73,47,62,"167cm | 5'6""",0,-,-,Club Deportivo Numancia de Soria S.A.D. ,DR Congo
Pajtim Kasami,70,RM,,0,2,2,68,64,70,68,66,61,"187cm | 6'2""",0,-,-,Fulham,Switzerland
Pierre-Michel Lasogga,70,ST,,0,3,3,66,66,43,63,54,74,"189cm | 6'2""",0,-,-,Hertha BSC,Germany
Sebastián Dubarbier,70,LM,,0,3,3,72,62,64,75,56,58,"179cm | 5'10""",0,-,-,FC Lorient Bretagne Sud,Argentina
Zakaria Labyad,70,RW,,0,4,4,81,69,68,70,39,61,"170cm | 5'7""",0,-,-,PSV,Morocco
João Pedro Pereira Silva,70,ST,,0,3,3,63,66,43,66,52,74,"189cm | 6'2""",0,-,-,Vitória de Setúbal,Portugal
Eric Tié Bi,70,CDM,,0,2,3,72,48,65,41,72,55,"189cm | 6'2""",0,-,-,Evian Thonon Gaillard FC,Ivory Coast
Sergi Roberto,70,CM,,0,3,3,68,61,71,67,52,49,"177cm | 5'10""",0,-,-,Fútbol Club Barcelona “B”,Spain
Franco Arizala,70,ST,,0,4,4,79,66,66,69,55,70,"182cm | 6'0""",0,-,-,Jaguares de Chiapas,Colombia
Jon Aurtenetxe Borde,70,LB,,0,2,3,72,48,67,56,70,71,"182cm | 6'0""",0,-,-,Athletic Club de Bilbao,Spain
Paulo Cesar Elias,70,LB,,0,2,3,80,64,67,70,73,66,"180cm | 5'11""",0,-,-,Atlético Paranaense,Brazil
Sebastian Rode,70,CDM,,0,3,3,75,57,61,67,70,74,"179cm | 5'10""",0,-,-,Eintracht Frankfurt,Germany
Diogo Ferreira Salomão,70,LW,,0,3,5,82,61,62,76,50,61,"176cm | 5'9""",0,-,-,Real Club Deportivo de La Coruña S.A.D.,Portugal
Luis Pedro Cavanda,70,RB,,0,2,2,83,51,67,67,71,66,"185cm | 6'1""",0,-,-,Lazio,Angola
Péter Czvitkovics,70,CAM,,0,2,5,76,69,73,71,64,66,"180cm | 5'11""",0,-,-,KV Kortrijk,Hungary
James Forrest,70,RM,,0,3,3,81,65,63,71,40,58,"170cm | 5'7""",0,-,-,Celtic,Scotland
Moritz Leitner,70,CM,,0,3,4,81,66,66,78,55,58,"176cm | 5'9""",0,-,-,Borussia Dortmund,Germany
Morata,70,ST,,0,2,3,61,68,43,61,48,70,"187cm | 6'2""",0,-,-,Real Madrid Club de Fútbol,Spain
Federico Fernández,70,CB,,0,2,2,59,36,32,40,71,72,"189cm | 6'2""",0,-,-,Napoli,Argentina
Jasmin Kurtic,70,CM,,0,2,2,75,58,73,61,70,72,"186cm | 6'1""",0,-,-,Varese,Slovenia
Alessio Scarpi,70,GK,,0,1,1,69,70,66,70,55,73,"188cm | 6'2""",0,-,-,Genoa,Italy
Michael Ball,69,LB,,0,2,2,68,41,64,62,70,66,"178cm | 5'10""",0,-,-,Leicester City,England
Darius Vassell,69,ST,,0,3,3,83,68,58,72,49,67,"170cm | 5'7""",0,-,-,Leicester City,England
Mathias Schober,69,GK,,0,1,3,71,73,64,68,47,70,"191cm | 6'3""",0,-,-,FC Schalke 04,Germany
Gábor Király,69,GK,,0,1,2,70,66,63,74,35,66,"191cm | 6'3""",0,-,-,TSV 1860 München,Hungary
Andy O'Brien,69,CB,,0,2,3,54,31,56,41,70,74,"191cm | 6'3""",0,-,-,Leeds United,Republic of Ireland
Nwankwo Kanu,69,CF,,0,4,3,50,70,60,74,52,76,"196cm | 6'5""",0,-,-,Portsmouth,Nigeria
Boris Smiljanic,69,CB,,0,2,3,29,58,65,56,74,68,"190cm | 6'3""",0,-,-,Grasshopper-Club,Switzerland
Anthony Lurling,69,LW,,0,3,3,66,68,61,73,53,54,"173cm | 5'8""",0,-,-,NAC Breda,Netherlands
Mate Bilić,69,ST,,0,3,3,55,71,56,65,58,72,"185cm | 6'1""",0,-,-,Real Sporting de Gijón S.A.D.,Croatia
José María Movilla Cubero,69,CM,,0,2,3,45,57,72,56,66,53,"171cm | 5'7""",0,-,-,Rayo Vallecano de Madrid S.A.D.,Spain
Mehdi Nafti,69,CDM,,0,3,3,55,56,64,65,69,60,"179cm | 5'10""",0,-,-,Real Valladolid Club de Fútbol S.A.D.,Tunisia
David Healy,69,ST,,0,2,3,64,72,51,60,48,69,"173cm | 5'8""",0,-,-,Rangers,Northern Ireland
Patrick Mtiliga,69,LB,,0,2,4,86,58,57,64,67,65,"171cm | 5'7""",0,-,-,FC Nordsjælland,Denmark
Grégory Proment,69,CDM,,0,2,4,53,63,72,53,68,58,"176cm | 5'9""",0,-,-,Stade Malherbe Caen,France
Richie Foran,69,CF,,0,2,4,62,67,65,69,60,67,"185cm | 6'1""",0,-,-,Inverness Caledonian Thistle,Republic of Ireland
Mathias Abel,69,CB,,0,2,3,54,40,54,48,73,73,"188cm | 6'2""",0,-,-,1. FC Kaiserslautern,Germany
Jens Langeneke,69,CB,,0,2,3,51,41,51,41,73,60,"185cm | 6'1""",0,-,-,Fortuna Düsseldorf,Germany
Thomas Kleine,69,CB,,0,2,2,49,44,50,35,73,77,"191cm | 6'3""",0,-,-,SpVgg Greuther Fürth,Germany
Cristiano Lupatelli,69,GK,,0,1,2,68,69,62,71,33,70,"189cm | 6'2""",0,-,-,Genoa,Italy
Fernando Morán Escudero,69,CAM,,0,3,3,62,65,66,68,54,61,"175cm | 5'9""",0,-,-,Gimnàstic de Tarragona S.A.D.,Spain
Bruno Amaro de Sousa Barros,69,CM,,0,2,3,62,70,73,71,65,60,"181cm | 5'11""",0,-,-,Vitória de Setúbal,Portugal
Ki Hyeon Seol,69,ST,,0,3,4,81,67,64,74,58,69,"187cm | 6'2""",0,-,-,Ulsan Hyundai Horang-i,Korea Republic
Brett Ormerod,69,ST,,0,3,4,55,67,65,71,57,70,"177cm | 5'10""",0,-,-,Blackpool,England
Lukasz Zaluska,69,GK,,0,1,3,67,68,66,72,45,68,"191cm | 6'3""",0,-,-,Celtic,Poland
Dennis Eilhoff,69,GK,,0,1,2,74,66,63,75,49,64,"190cm | 6'3""",0,-,-,Dynamo Dresden,Germany
Ivica Banović,69,CM,,0,2,3,58,66,70,68,64,65,"186cm | 6'1""",0,-,-,Energie Cottbus,Croatia
Kevin Hartman,69,GK,,0,1,3,74,68,68,69,54,68,"185cm | 6'1""",0,-,-,FC Dallas,United States
Eduardo Ribeiro Dos Santos,69,ST,,0,3,3,76,68,63,71,45,66,"178cm | 5'10""",0,-,-,Racing Club de Lens,Brazil
Thomas Chatelle,69,RW,,0,3,4,71,67,67,69,52,56,"176cm | 5'9""",0,-,-,RSC Anderlecht,Belgium
Gregg Berhalter,69,CB,,0,2,3,32,46,48,40,74,72,"186cm | 6'1""",0,-,-,Los Angeles Galaxy,United States
Danny Gabbidon,69,CB,,0,2,3,64,30,42,46,72,75,"178cm | 5'10""",0,-,-,Queens Park Rangers,Wales
Wade Elliott,69,RM,,0,3,3,67,60,72,70,54,57,"178cm | 5'10""",0,-,-,Birmingham City,England
Gareth McAuley,69,CB,,0,2,3,55,38,52,36,73,75,"191cm | 6'3""",0,-,-,West Bromwich Albion,Northern Ireland
Ignacio Pérez Santamaría,69,LB,,0,3,3,73,55,69,68,70,60,"175cm | 5'9""",0,-,-,Real Betis Balompié S.A.D. ,Spain
Carlos García Badías,69,CB,,0,2,3,46,32,52,47,73,63,"184cm | 6'0""",0,-,-,Unión Deportiva Almería S.A.D.,Spain
Domingos Alex Martins da Costa,69,RB,,0,3,3,57,51,70,70,67,61,"175cm | 5'9""",0,-,-,Vitória de Guimarães,Portugal
Kevin Kyle,69,ST,,0,2,3,68,67,55,61,68,71,"191cm | 6'3""",0,-,-,Heart of Midlothian,Scotland
Abel Gómez Moreno,69,CM,,0,3,3,61,67,74,62,61,54,"182cm | 6'0""",0,-,-,Granada Club de Fútbol,Spain
Jimmy Nielsen,69,GK,,0,1,2,66,65,65,81,37,70,"191cm | 6'3""",0,-,-,Kansas City Wizards,Denmark
Eric Chelle,69,CB,,0,2,3,37,39,60,40,70,80,"179cm | 5'10""",0,-,-,FC Istres Ouest Provence,Mali
Simone Barone,69,CDM,,0,2,3,66,54,70,58,66,66,"180cm | 5'11""",0,-,-,Livorno,Italy
Romeo Castelen,69,RM,,0,4,3,78,56,63,80,36,53,"170cm | 5'7""",0,-,-,Hamburger SV,Netherlands
Alexander Walke,69,GK,,0,1,3,70,66,64,73,56,66,"189cm | 6'2""",0,-,-,FC Red Bull Salzburg,Germany
Mahir Sağlık,69,ST,,0,3,4,75,63,46,71,49,65,"178cm | 5'10""",0,-,-,FC St. Pauli,Turkey
Kwame Quansah,69,CM,,0,3,4,74,60,64,69,66,62,"172cm | 5'8""",0,-,-,Heracles Almelo,Ghana
Birger Maertens,69,CB,,0,2,2,33,36,59,45,74,69,"182cm | 6'0""",0,-,-,Heracles Almelo,Belgium
Maximillian Nicu,69,LM,,0,3,3,74,69,68,72,52,59,"185cm | 6'1""",0,-,-,SC Freiburg,Romania
Markus Heikkinen,69,CDM,,0,2,4,65,49,63,63,73,75,"185cm | 6'1""",0,-,-,SK Rapid Wien,Finland
Christian Obodo,69,CM,,0,2,3,66,64,70,67,68,57,"176cm | 5'9""",0,-,-,Lecce,Nigeria
Davy Schollen,69,GK,,0,1,3,67,69,73,69,58,71,"190cm | 6'3""",0,-,-,RSC Anderlecht,Belgium
Franco Semioli,69,RM,,0,3,4,74,65,67,71,52,57,"178cm | 5'10""",0,-,-,Sampdoria,Italy
Jon Knudsen,69,GK,,0,1,3,64,67,68,68,31,76,"185cm | 6'1""",0,-,-,Stabæk Fotball,Norway
Sean Davis,69,CM,,0,2,3,53,61,71,69,72,67,"178cm | 5'10""",0,-,-,Bolton Wanderers,England
Matias Concha,69,RB,,0,2,3,66,55,65,69,71,66,"180cm | 5'11""",0,-,-,VfL Bochum,Sweden
Martin Retov,69,CDM,,0,2,3,56,62,66,64,70,54,"178cm | 5'10""",0,-,-,AC Horsens,Denmark
Fernando Varela Ramos,69,RW,,0,3,3,72,69,67,73,67,64,"180cm | 5'11""",0,-,-,Real Valladolid Club de Fútbol S.A.D.,Spain
Juan Alberto Andreu Alvarado,69,CB,,0,2,3,63,39,60,50,70,75,"181cm | 5'11""",0,-,-,KAA Gent,Spain
Kaspars Gorkšs,69,CB,,0,2,3,50,32,49,42,71,72,"191cm | 6'3""",0,-,-,Reading,Latvia
Anders Møller Christensen,69,CB,,0,2,3,36,34,48,41,70,69,"187cm | 6'2""",0,-,-,Odense Boldklub,Denmark
Kevin McNaughton,69,RB,,0,2,4,78,52,69,60,65,66,"178cm | 5'10""",0,-,-,Cardiff City,Scotland
Alexander Ludwig,69,CAM,,0,3,4,69,68,63,72,47,60,"177cm | 5'10""",0,-,-,Energie Cottbus,Germany
Daniele Cacia,69,ST,,0,3,3,68,66,53,57,53,76,"183cm | 6'0""",0,-,-,Padua,Italy
Daniel Bierofka,69,LM,,0,3,4,74,62,64,71,54,54,"178cm | 5'10""",0,-,-,TSV 1860 München,Germany
Fábio Júnior Pereira,69,ST,,0,3,4,52,70,57,60,52,72,"186cm | 6'1""",0,-,-,Minas,Brazil
Ivan Pelizzoli,69,GK,,0,1,3,68,66,66,72,47,70,"193cm | 6'4""",0,-,-,Padua,Italy
Adriano Pereira da Silva,69,CB,,0,2,3,67,52,55,50,73,75,"180cm | 5'11""",0,-,-,AS Monaco FC,Brazil
Ayoze Díaz Díaz,69,LB,,0,2,2,80,40,64,65,69,64,"175cm | 5'9""",0,-,-,Real Club Deportivo de La Coruña S.A.D.,Spain
Veljko Paunovic,69,CAM,,0,4,3,72,71,66,72,61,71,"184cm | 6'0""",0,-,-,Philadelphia Union,Serbia
Wes Morgan,69,CB,,0,2,3,69,29,36,51,77,76,"185cm | 6'1""",0,-,-,Nottingham Forest,England
Stefan Reisinger,69,ST,,0,2,3,71,67,53,64,53,75,"185cm | 6'1""",0,-,-,SC Freiburg,Germany
Ramon Zomer,69,CB,,0,2,4,64,45,67,58,69,71,"184cm | 6'0""",0,-,-,sc Heerenveen,Netherlands
Joey Didulica,69,GK,,0,1,3,70,67,65,67,60,70,"191cm | 6'3""",0,-,-,AZ Alkmaar,Croatia
Jürgen Gjasula,69,CAM,,0,3,3,70,67,63,70,55,59,"186cm | 6'1""",0,-,-,MSV Duisburg,Germany
Élson Falcão da Silva,69,CAM,,0,3,3,69,65,62,74,45,44,"172cm | 5'8""",0,-,-,FC Rostov,Brazil
Tamika Mkandawire,69,CB,,0,2,3,73,34,56,57,72,74,"183cm | 6'0""",0,-,-,Millwall,England
Matthew Kilgallon,69,CB,,0,2,3,67,30,65,47,71,79,"188cm | 6'2""",0,-,-,Sunderland,England
Gary McSheffrey,69,LW,,0,4,3,76,66,67,71,49,58,"173cm | 5'8""",0,-,-,Coventry City,England
Antonio Amaya Carazo,69,CB,,0,2,3,50,25,55,38,75,69,"192cm | 6'4""",0,-,-,Real Betis Balompié S.A.D. ,Spain
Roberto Peragón Lacalle,69,CF,,0,3,3,71,65,53,69,50,57,"169cm | 5'7""",0,-,-,Gimnàstic de Tarragona S.A.D.,Spain
Stéphane Dumont,69,CDM,,0,2,3,51,58,67,59,68,63,"183cm | 6'0""",0,-,-,AS Monaco FC,France
Pietro Accardi,69,CB,,0,2,3,67,46,61,54,70,74,"176cm | 5'9""",0,-,-,Sampdoria,Italy
Manuel José Azevedo Vieira,69,RW,,0,3,3,68,56,70,71,64,56,"174cm | 5'9""",0,-,-,Paços Ferreira,Portugal
Luis Pérez,69,CM,,0,3,4,71,64,71,68,68,62,"170cm | 5'7""",0,-,-,Monterrey,Mexico
Jonathan Blondel,69,CM,,0,3,2,75,68,69,69,65,69,"173cm | 5'8""",0,-,-,Club Brugge KV,Belgium
Kevin McKenna,69,CB,,0,2,2,33,58,59,44,71,74,"190cm | 6'3""",0,-,-,1. FC Köln,Canada
Maikel Aerts,69,GK,,0,1,2,70,63,66,73,63,69,"196cm | 6'5""",0,-,-,Hertha BSC,Netherlands
Giovanni Marchese,69,LB,,0,2,3,73,52,66,62,69,64,"182cm | 6'0""",0,-,-,Catania,Italy
Jos Hooiveld,69,CB,,0,2,2,63,50,52,48,70,65,"191cm | 6'3""",0,-,-,Southampton,Netherlands
Evgeniy Aldonin,69,CDM,,0,2,4,65,60,72,64,66,62,"179cm | 5'10""",0,-,-,CSKA Moskva,Russia
Glenn Loovens,69,CB,,0,2,3,68,20,37,57,70,69,"187cm | 6'2""",0,-,-,Celtic,Netherlands
Juan Pablo Rodríguez,69,CDM,,0,2,4,68,71,74,70,64,55,"167cm | 5'6""",0,-,-,Santos Laguna,Mexico
Du Ri Cha,69,RB,,0,3,3,84,56,67,71,70,62,"181cm | 5'11""",0,-,-,Celtic,Korea Republic
Bruno dos Santos Moraes,69,ST,,0,3,4,71,65,48,68,52,69,"180cm | 5'11""",0,-,-,"União de Leiria, SAD",Brazil
Aarón Galindo,69,CB,,0,2,3,59,40,61,58,69,70,"182cm | 6'0""",0,-,-,Santos Laguna,Mexico
Jaime Lozano,69,LB,,0,3,3,67,66,71,66,69,67,"172cm | 5'8""",0,-,-,Monarcas Morelia,Mexico
Alejandro Palacios,69,GK,,0,1,3,73,61,68,76,47,69,"184cm | 6'0""",0,-,-,U.N.A.M.,Mexico
David Toledo,69,LM,,0,3,5,72,62,66,72,58,59,"167cm | 5'6""",0,-,-,Tigres U.A.N.L.,Mexico
Waldo Ponce,69,CB,,0,2,2,58,54,50,47,73,71,"182cm | 6'0""",0,-,-,Cruz Azul,Chile
Alex Baptiste,69,CB,,0,2,3,77,23,39,32,73,75,"180cm | 5'11""",0,-,-,Blackpool,England
David Marshall,69,GK,,0,1,3,72,68,67,70,45,68,"191cm | 6'3""",0,-,-,Cardiff City,Scotland
Freddy Adu,69,LM,,0,4,2,74,66,67,80,42,52,"170cm | 5'7""",0,-,-,Philadelphia Union,United States
Reynald Lemaître,69,LB,,0,3,3,66,54,66,66,67,72,"175cm | 5'9""",0,-,-,A.S. Nancy Lorraine,France
Mikael Dorsin,69,LB,,0,3,2,71,55,72,70,72,73,"182cm | 6'0""",0,-,-,Rosenborg BK,Sweden
Gerard Bordas Bahamontes,69,LM,,0,3,3,73,63,61,72,48,50,"177cm | 5'10""",0,-,-,Villarreal Club de Fútbol S.A.D.,Spain
Momo,69,LW,,0,3,3,67,67,65,70,48,56,"184cm | 6'0""",0,-,-,Real Betis Balompié S.A.D. ,Spain
Ricardo León Brito,69,CM,,0,2,3,43,62,67,58,68,56,"186cm | 6'1""",0,-,-,Real Sporting de Gijón S.A.D.,Spain
Saúl Fernández García,69,RM,,0,3,4,69,67,71,72,56,54,"176cm | 5'9""",0,-,-,Real Club Deportivo de La Coruña S.A.D.,Spain
Fco. Javier García Guerrero,69,ST,,0,3,3,62,69,63,72,46,60,"176cm | 5'9""",0,-,-,Unión Deportiva Las Palmas S.A.D.,Spain
Rubén,69,GK,,0,1,3,74,66,60,75,47,65,"187cm | 6'2""",0,-,-,Málaga Club de Fútbol S.A.D.,Spain
Júlio César da Silva Sousa,69,ST,,0,3,3,70,70,53,71,52,62,"177cm | 5'10""",0,-,-,Santa Catarina,Brazil
Petr Bystrov,69,LM,,0,2,3,68,64,68,73,60,68,"180cm | 5'11""",0,-,-,Rubin Kazan,Russia
Shamil Lakhiyalov,69,CAM,,0,3,3,69,71,66,69,50,67,"175cm | 5'9""",0,-,-,Anzhi Makhachkala,Russia
Deividas Semberas,69,CDM,,0,2,3,67,61,66,64,68,72,"187cm | 6'2""",0,-,-,CSKA Moskva,Lithuania
Radosław Sobolewski,69,CDM,,0,2,3,31,57,64,46,74,61,"182cm | 6'0""",0,-,-,Wisła Kraków,Poland
Pawel Kieszek,69,GK,,0,1,3,69,70,62,68,50,69,"187cm | 6'2""",0,-,-,Roda JC,Poland
Marcin Wasilewski,69,RB,,0,2,3,57,54,58,41,76,75,"186cm | 6'1""",0,-,-,RSC Anderlecht,Poland
Brian van Loo,69,GK,,0,1,3,77,71,70,67,32,63,"198cm | 6'6""",0,-,-,FC Groningen,Netherlands
Antonio Rosati,69,GK,,0,1,1,68,66,50,76,46,72,"195cm | 6'5""",0,-,-,Napoli,Italy
Ronald Zubar,69,RB,,0,2,3,62,44,52,44,70,73,"186cm | 6'1""",0,-,-,Wolverhampton Wanderers,France
Marcel Ndjeng,69,RM,,0,3,4,81,63,65,72,57,63,"179cm | 5'10""",0,-,-,FC Augsburg,Cameroon
Jérémy Berthod,69,LB,,0,2,3,62,41,68,38,71,72,"180cm | 5'11""",0,-,-,AJ Auxerre,France
Anders Due,69,LM,,0,3,4,75,68,71,68,48,51,"177cm | 5'10""",0,-,-,Aalborg BK,Denmark
Kelvin Davis,69,GK,,0,1,3,67,69,73,70,61,70,"185cm | 6'1""",0,-,-,Southampton,England
Tomasz Sokolowski,69,CM,,0,3,4,72,67,68,58,70,72,"184cm | 6'0""",0,-,-,Viking FK,Norway
Danny Pugh,69,LM,,0,3,2,66,54,74,67,64,68,"183cm | 6'0""",0,-,-,Stoke City,England
Ramón Núñez,69,CAM,,0,3,2,76,68,67,71,49,47,"169cm | 5'7""",0,-,-,Leeds United,Honduras
Rubens Sambueza,69,LM,,0,3,1,82,64,70,71,46,54,"174cm | 5'9""",0,-,-,Estudiantes Tecos,Argentina
Francisco Medina Luna,69,CF,,0,3,4,72,75,58,66,54,57,"174cm | 5'9""",0,-,-,Rayo Vallecano de Madrid S.A.D.,Spain
Gheorghe Bucur,69,CF,,0,3,3,66,68,69,71,40,68,"171cm | 5'7""",0,-,-,Kuban Krasnodar,Romania
Nicky Bailey,69,CM,,0,3,3,71,60,71,66,63,56,"178cm | 5'10""",0,-,-,Middlesbrough,England
Sammy Clingan,69,CM,,0,2,3,73,66,74,65,62,58,"180cm | 5'11""",0,-,-,Coventry City,Northern Ireland
Ross McCormack,69,CF,,0,3,4,75,71,62,69,49,60,"175cm | 5'9""",0,-,-,Leeds United,Scotland
Fernando Arce,69,CM,,0,3,3,73,65,67,69,57,63,"169cm | 5'7""",0,-,-,Tijuana,Mexico
Kasper Bøgelund,69,RB,,0,2,3,67,48,68,51,68,68,"180cm | 5'11""",0,-,-,Aalborg BK,Denmark
Jakub Rzeźniczak,69,RB,,0,2,2,76,42,58,54,72,61,"183cm | 6'0""",0,-,-,Legia Warszawa,Poland
Anthony Vanden Borre,69,RB,,0,3,3,83,60,69,74,70,72,"185cm | 6'1""",0,-,-,KRC Genk,Belgium
Vicente Matías Vuoso,69,ST,,0,3,3,66,65,54,67,58,78,"180cm | 5'11""",0,-,-,América,Mexico
Daniel Hernández,69,CDM,,0,2,4,64,62,60,62,72,68,"180cm | 5'11""",0,-,-,FC Dallas,United States
Adriano Neves Pereira,69,ST,,0,4,3,74,65,56,66,57,68,"186cm | 6'1""",0,-,-,Pohang Steelers,Brazil
Javier del Pino González,69,RM,,0,3,4,71,61,67,67,54,76,"176cm | 5'9""",0,-,-,Club Deportivo Numancia de Soria S.A.D. ,Spain
Fausto Pinto,69,LB,,0,2,3,73,52,65,62,60,70,"166cm | 5'5""",0,-,-,Cruz Azul,Mexico
Sergio Santana,69,CAM,,0,3,5,75,65,66,70,54,69,"180cm | 5'11""",0,-,-,Monterrey,Mexico
Andrija Delibašić,69,ST,,0,3,4,60,67,54,62,56,65,"187cm | 6'2""",0,-,-,Rayo Vallecano de Madrid S.A.D.,Montenegro
Nico Pulzetti,69,CM,,0,2,3,67,60,72,66,65,64,"176cm | 5'9""",0,-,-,Bologna,Italy
Alan Tate,69,CB,,0,2,3,54,46,58,53,71,75,"185cm | 6'1""",0,-,-,Swansea City,England
André-Joël Sami,69,CB,,0,2,3,53,44,57,44,70,77,"190cm | 6'3""",0,-,-,A.S. Nancy Lorraine,DR Congo
Mišo Brečko,69,RB,,0,2,4,73,45,63,65,68,68,"178cm | 5'10""",0,-,-,1. FC Köln,Slovenia
Johnny Leoni,69,GK,,0,1,3,74,71,59,69,46,67,"189cm | 6'2""",0,-,-,FC Zürich,Switzerland
Enrico Guarna,69,GK,,0,1,2,67,68,60,75,47,70,"185cm | 6'1""",0,-,-,Ascoli,Italy
Damiá Abellá Pérez,69,RB,,0,2,3,76,55,67,70,68,63,"188cm | 6'2""",0,-,-,Club Atlético Osasuna,Spain
Xabier Castillo Aranburu,69,LB,,0,2,3,70,51,64,62,73,69,"184cm | 6'0""",0,-,-,Athletic Club de Bilbao,Spain
Óscar Rojas,69,RB,,0,2,5,74,53,68,67,68,68,"173cm | 5'8""",0,-,-,América,Mexico
Elliott Ward,69,CB,,0,2,3,59,39,51,32,71,77,"185cm | 6'1""",0,-,-,Norwich City,England
Oluwafemi Ajilore,69,CDM,,0,2,4,73,62,66,67,69,69,"182cm | 6'0""",0,-,-,Brøndby IF,Nigeria
Faris Haroun,69,CAM,,0,3,4,70,68,66,70,54,68,"188cm | 6'2""",0,-,-,Middlesbrough,Belgium
Stijn De Smet,69,CF,,0,3,4,70,66,68,75,51,63,"183cm | 6'0""",0,-,-,KVC Westerlo,Belgium
Leroy Lita,69,ST,,0,3,3,86,64,51,68,54,72,"176cm | 5'9""",0,-,-,Swansea City,England
Russell Martin,69,RB,,0,2,3,71,54,70,62,68,66,"183cm | 6'0""",0,-,-,Norwich City,Scotland
Jonathan Spector,69,RB,,0,2,4,67,34,67,65,68,74,"181cm | 5'11""",0,-,-,Birmingham City,United States
Marcos Angeleri,69,RB,,0,2,3,65,48,71,65,69,67,"182cm | 6'0""",0,-,-,Sunderland,Argentina
James Perch,69,RB,,0,2,3,68,45,66,64,67,62,"180cm | 5'11""",0,-,-,Newcastle United,England
Guillaume Gillet,69,RW,,0,2,3,70,70,71,67,69,77,"186cm | 6'1""",0,-,-,RSC Anderlecht,Belgium
Roland Lamah,69,LM,,0,3,3,88,62,62,73,54,62,"180cm | 5'11""",0,-,-,Club Atlético Osasuna,Belgium
Liam Fontaine,69,CB,,0,2,3,71,30,50,60,70,75,"188cm | 6'2""",0,-,-,Bristol City,England
Marvin Elliott,69,CM,,0,3,4,75,66,68,67,72,72,"183cm | 6'0""",0,-,-,Bristol City,England
John Ruddy,69,GK,,0,1,3,76,62,63,73,63,68,"193cm | 6'4""",0,-,-,Norwich City,England
Maurizio Lauro,69,LB,,0,2,2,64,48,64,46,69,67,"180cm | 5'11""",0,-,-,A.C. Cesena,Italy
Leyti N'Diaye,69,CB,,0,2,3,55,45,57,43,70,71,"188cm | 6'2""",0,-,-,AC Ajaccio,Senegal
Oriol Lozano Farrán,69,CB,,0,2,3,66,44,55,45,72,67,"183cm | 6'0""",0,-,-,Real Murcia,Spain
Gustavo Franchin Schiavolin,69,CB,,0,2,2,58,43,56,45,73,64,"186cm | 6'1""",0,-,-,Botafogo,Brazil
Renato Assis da Silva,69,CB,,0,2,2,68,49,60,63,70,71,"183cm | 6'0""",0,-,-,Vasco da Gama,Brazil
Jamie Ward,69,LM,,0,3,4,78,68,64,72,41,53,"163cm | 5'4""",0,-,-,Derby County,Northern Ireland
Jeff Larentowicz,69,CDM,,0,2,3,67,64,56,62,70,69,"185cm | 6'1""",0,-,-,Colorado Rapids,United States
Adam Federici,69,GK,,0,1,3,71,66,75,74,48,67,"188cm | 6'2""",0,-,-,Reading,Australia
Miguel Pérez Cuesta,69,CAM,,0,3,3,63,61,64,63,69,66,"185cm | 6'1""",0,-,-,Rayo Vallecano de Madrid S.A.D.,Spain
Guy Moussi,69,CDM,,0,2,3,63,39,63,60,75,69,"187cm | 6'2""",0,-,-,Nottingham Forest,France
Richard Soumah,69,LM,,0,2,3,69,61,67,70,50,67,"177cm | 5'10""",0,-,-,Stade Brestois 29,France
Stephen Ward,69,LB,,0,3,5,70,60,70,63,69,61,"185cm | 6'1""",0,-,-,Wolverhampton Wanderers,Republic of Ireland
Chris McCann,69,CM,,0,2,2,69,54,71,68,65,74,"185cm | 6'1""",0,-,-,Burnley,Republic of Ireland
Mauro Cejas,69,CAM,,0,4,3,76,65,69,74,50,73,"172cm | 5'8""",0,-,-,Pachuca,Argentina
Jeroen Simaeys,69,CB,,0,2,4,61,60,60,53,71,68,"193cm | 6'4""",0,-,-,KRC Genk,Belgium
Chris Maguire,69,CF,,0,3,3,75,64,67,70,47,66,"170cm | 5'7""",0,-,-,Derby County,Scotland
Joey O'Brien,69,RB,,0,2,3,71,47,62,65,70,69,"180cm | 5'11""",0,-,-,West Ham United,Republic of Ireland
Jean-Daniel Padovani,69,GK,,0,1,2,74,70,65,75,31,68,"182cm | 6'0""",0,-,-,Dijon FCO,France
Asen Karaslavov,69,CB,,0,2,3,56,31,50,50,71,72,"186cm | 6'1""",0,-,-,SpVgg Greuther Fürth,Bulgaria
Elliot Grandin,69,RW,,0,3,3,78,63,68,75,51,69,"178cm | 5'10""",0,-,-,Blackpool,France
Ronny Heberson Furtado de Araújo,69,LM,,0,3,2,66,74,71,69,66,63,"175cm | 5'9""",0,-,-,Hertha BSC,Brazil
Elimane Coulibaly,69,ST,,0,2,3,67,62,50,59,67,75,"190cm | 6'3""",0,-,-,KAA Gent,Senegal
Stephan Schröck,69,LM,,0,3,4,91,48,65,70,63,63,"169cm | 5'7""",0,-,-,SpVgg Greuther Fürth,Philippines
Juri Judt,69,RB,,0,2,3,73,41,65,66,67,58,"173cm | 5'8""",0,-,-,1. FC Nürnberg,Kazakhstan
Ryan Bertrand,69,LB,,0,2,3,80,47,70,71,68,67,"179cm | 5'10""",0,-,-,Chelsea,England
Jay Rodriguez,69,ST,,0,2,3,75,63,42,65,52,75,"183cm | 6'0""",0,-,-,Burnley,England
Hugo Ventura Moura Guedes,69,GK,,0,1,3,69,68,69,71,44,66,"184cm | 6'0""",0,-,-,S.C. Olhanense,Portugal
Daan Van Gijseghem,69,CB,,0,2,3,67,38,61,58,73,67,"185cm | 6'1""",0,-,-,Club Brugge KV,Belgium
Andrew Driver,69,LM,,0,4,3,91,62,64,71,56,53,"175cm | 5'9""",0,-,-,Heart of Midlothian,Scotland
Carlos Esquivel,69,RW,,0,3,3,83,64,68,70,46,62,"170cm | 5'7""",0,-,-,Toluca,Mexico
Ismael Gómez Falcón,69,GK,,0,1,3,77,61,54,76,53,63,"185cm | 6'1""",0,-,-,Hércules Club de Fútbol S.A.D.,Spain
Aythami Artiles,69,CB,,0,2,3,53,39,60,46,70,73,"185cm | 6'1""",0,-,-,Real Club Deportivo de La Coruña S.A.D.,Spain
Kandia Traoré,69,ST,,0,3,3,66,69,54,65,49,72,"180cm | 5'11""",0,-,-,Stade Malherbe Caen,Ivory Coast
Rudy Haddad,69,CAM,,0,4,4,62,65,71,73,55,54,"180cm | 5'11""",0,-,-,AJ Auxerre,France
Mehdi Taouil,69,CM,,0,4,4,82,62,69,77,61,57,"173cm | 5'8""",0,-,-,Heart of Midlothian,Morocco
Elinton Sanchotene Andrade,69,GK,,0,1,3,69,70,68,69,52,75,"190cm | 6'3""",0,-,-,Olympique de Marseille,Brazil
Ján Mucha,69,GK,,0,1,3,72,69,64,74,41,63,"189cm | 6'2""",0,-,-,Everton,Slovakia
José Fonte,69,CB,,0,2,3,65,34,48,49,71,75,"187cm | 6'2""",0,-,-,Southampton,Portugal
Marquitos,69,LW,,0,3,2,80,65,59,74,49,53,"174cm | 5'9""",0,-,-,Real Valladolid Club de Fútbol S.A.D.,Spain
Christophe Grondin,69,CDM,,0,2,3,65,50,67,57,70,70,"181cm | 5'11""",0,-,-,KAA Gent,France
Pierre Ducasse,69,CDM,,0,2,3,65,63,64,68,69,66,"179cm | 5'10""",0,-,-,Racing Club de Lens,France
Vasileios Pliatsikas,69,CDM,,0,2,3,69,53,67,60,68,71,"174cm | 5'9""",0,-,-,MSV Duisburg,Greece
Glenn Murray,69,ST,,0,2,3,69,63,48,66,54,76,"185cm | 6'1""",0,-,-,Crystal Palace,England
Daniele Dessena,69,CM,,0,3,3,73,65,67,68,68,67,"183cm | 6'0""",0,-,-,Sampdoria,Italy
Guilherme Madalena Siqueira,69,LB,,0,3,3,75,50,68,73,70,65,"184cm | 6'0""",0,-,-,Granada Club de Fútbol,Brazil
Cristiano Del Grosso,69,LB,,0,3,2,76,50,64,65,69,65,"170cm | 5'7""",0,-,-,Siena,Italy
Miles Addison,69,CB,,0,2,2,52,27,48,37,72,73,"188cm | 6'2""",0,-,-,Barnsley,England
Rhys Williams,69,CDM,,0,2,4,69,53,67,63,69,68,"187cm | 6'2""",0,-,-,Middlesbrough,Australia
Constant Djakpa,69,LB,,0,3,3,75,51,69,70,68,68,"177cm | 5'10""",0,-,-,Eintracht Frankfurt,Ivory Coast
Ritchie De Laet,69,CB,,0,2,4,64,36,55,57,71,72,"186cm | 6'1""",0,-,-,Norwich City,Belgium
Niko Bungert,69,CB,,0,2,3,72,53,54,48,69,67,"188cm | 6'2""",0,-,-,1. FSV Mainz 05,Germany
Daniel Halfar,69,CAM,,0,3,3,84,64,65,73,48,55,"173cm | 5'8""",0,-,-,TSV 1860 München,Germany
Sacha Kljestan,69,CM,,0,3,4,71,68,68,70,60,66,"184cm | 6'0""",0,-,-,RSC Anderlecht,United States
Winston Reid,69,CB,,0,2,2,70,38,48,46,71,75,"190cm | 6'3""",0,-,-,West Ham United,New Zealand
Adilson dos Santos,69,CDM,,0,2,3,78,62,70,67,76,80,"182cm | 6'0""",0,-,-,FC Seoul,Brazil
Javier Reina,69,CAM,,0,3,3,84,63,64,73,55,61,"173cm | 5'8""",0,-,-,Chunnam Dragons,Colombia
Carlos Valdés,69,CB,,0,2,3,68,40,47,61,74,69,"183cm | 6'0""",0,-,-,Philadelphia Union,Colombia
Edward Ofere,69,ST,,0,2,3,66,62,48,66,60,78,"190cm | 6'3""",0,-,-,Lecce,Nigeria
Márcio Nascimento Rosário,69,CB,,0,2,2,55,55,59,46,71,55,"187cm | 6'2""",0,-,-,Fluminense,Brazil
Tobias Werner,69,LM,,0,3,3,82,67,64,69,46,63,"177cm | 5'10""",0,-,-,FC Augsburg,Germany
Fabian Johnson,69,RM,,0,3,4,78,53,67,71,69,60,"183cm | 6'0""",0,-,-,TSG 1899 Hoffenheim,Germany
Eduardo Zavala,69,CDM,,0,2,2,66,58,68,62,69,58,"190cm | 6'3""",0,-,-,Monterrey,Mexico
Mickaël Tavares,69,CDM,,0,3,4,64,56,64,68,68,63,"185cm | 6'1""",0,-,-,Hamburger SV,Senegal
Pablo Cáceres,69,LB,,0,3,2,79,52,63,62,68,63,"178cm | 5'10""",0,-,-,Real Club Deportivo Mallorca S.A.D.,Uruguay
Pierre de Wit,69,CM,,0,3,4,64,68,68,70,64,61,"172cm | 5'8""",0,-,-,1. FC Kaiserslautern,Germany
Mamadou Samassa,69,ST,,0,2,2,59,67,56,67,55,81,"188cm | 6'2""",0,-,-,Valenciennes FC,Mali
Patric Klandt,69,GK,,0,1,3,68,71,69,74,62,66,"185cm | 6'1""",0,-,-,FSV Frankfurt,Germany
Alexandre Raineau,69,LB,,0,2,3,69,49,67,65,69,61,"178cm | 5'10""",0,-,-,Stade Malherbe Caen,France
Alessandro Sgrigna,69,CF,,0,3,3,75,67,60,72,54,60,"179cm | 5'10""",0,-,-,F. Torino,Italy
Yann Sommer,69,GK,,0,1,3,75,64,63,73,60,65,"183cm | 6'0""",0,-,-,FC Basel 1893,Switzerland
Kévin Monnet-Paquet,69,LM,,0,3,3,82,62,56,72,46,56,"183cm | 6'0""",0,-,-,FC Lorient Bretagne Sud,France
Wilmer Aguirre,69,ST,,0,4,3,77,67,60,71,57,76,"168cm | 5'6""",0,-,-,San Luis,Peru
Gaëtan Bong,69,LB,,0,2,3,74,40,68,61,71,65,"183cm | 6'0""",0,-,-,Valenciennes FC,Cameroon
Simone Pesce,69,LM,,0,2,3,66,67,68,67,60,58,"172cm | 5'8""",0,-,-,Novara,Italy
Juan Ignacio Surraco,69,RM,,0,3,3,73,60,66,71,59,60,"176cm | 5'9""",0,-,-,F. Torino,Uruguay
Merouane Zemmama,69,CAM,,0,4,4,78,64,66,74,36,38,"170cm | 5'7""",0,-,-,Middlesbrough,Morocco
Ludovic Sylvestre,69,CM,,0,3,3,69,63,76,69,64,69,"182cm | 6'0""",0,-,-,Blackpool,France
Julio César Santos Corrêa,69,CDM,,0,2,3,67,58,61,60,70,69,"186cm | 6'1""",0,-,-,Kansas City Wizards,Brazil
Jirès Kembo-Ekoko,69,RW,,0,3,3,79,59,62,76,46,57,"178cm | 5'10""",0,-,-,Stade Rennais FC,France
Giuseppe Vives,69,CDM,,0,2,4,66,64,69,63,68,54,"180cm | 5'11""",0,-,-,F. Torino,Italy
Tomasz Cywka,69,RM,,0,3,3,72,65,64,73,60,60,"173cm | 5'8""",0,-,-,Derby County,Poland
Brice Jovial,69,ST,,0,3,3,69,66,59,68,50,66,"174cm | 5'9""",0,-,-,Dijon FCO,France
Stefan Maierhofer,69,ST,,0,2,3,42,67,43,56,63,64,"202cm | 6'8""",0,-,-,FC Red Bull Salzburg,Austria
Mario Gavranović,69,ST,,0,3,3,71,62,55,75,54,63,"175cm | 5'9""",0,-,-,1. FSV Mainz 05,Switzerland
Chris Humphrey,69,RW,,0,3,2,92,51,57,67,45,52,"180cm | 5'11""",0,-,-,Motherwell,Jamaica
David Cabrera,69,CDM,,0,2,3,72,55,65,63,67,56,"178cm | 5'10""",0,-,-,U.N.A.M.,Mexico
Emerson Da Conceicao,69,LB,,0,2,3,73,53,66,60,73,71,"185cm | 6'1""",0,-,-,Sport Lisboa Benfica,Brazil
Rydell Poepon,69,ST,,0,3,4,77,68,52,66,54,59,"184cm | 6'0""",0,-,-,De Graafschap,Netherlands
Christian Brüls,69,LW,,0,3,5,71,66,66,72,51,52,"179cm | 5'10""",0,-,-,KAA Gent,Belgium
Tobias Levels,69,RB,,0,2,3,67,52,62,63,72,65,"186cm | 6'1""",0,-,-,Fortuna Düsseldorf,Germany
Éverton Cardoso da Silva,69,LM,,0,4,2,79,58,60,78,54,60,"172cm | 5'8""",0,-,-,Botafogo,Brazil
Eiji Kawashima,69,GK,,0,1,2,75,64,65,74,57,67,"185cm | 6'1""",0,-,-,Lierse SK,Japan
Lucas Rios Marques,69,RB,,0,3,2,78,65,71,75,65,59,"174cm | 5'9""",0,-,-,Botafogo,Brazil
Jiří Bílek,69,CDM,,0,2,4,55,57,66,59,68,70,"185cm | 6'1""",0,-,-,1. FC Kaiserslautern,Czech Republic
Márcio Gonzaga de Azevedo,69,LB,,0,5,2,89,67,65,76,70,64,"172cm | 5'8""",0,-,-,Botafogo,Brazil
Michael Almebäck,69,CB,,0,2,3,82,34,43,34,74,72,"184cm | 6'0""",0,-,-,Club Brugge KV,Sweden
Philip Haglund,69,CM,,0,2,3,62,60,64,61,70,61,"188cm | 6'2""",0,-,-,IFK Göteborg,Sweden
Rasmus Bengtsson,69,CB,,0,2,3,47,41,58,50,70,69,"186cm | 6'1""",0,-,-,FC Twente,Sweden
Mile Jedinák,69,CDM,,0,2,3,66,65,69,58,75,58,"188cm | 6'2""",0,-,-,Crystal Palace,Australia
Nikita Rukavytsya,69,RM,,0,3,3,90,62,62,71,52,55,"183cm | 6'0""",0,-,-,Hertha BSC,Australia
Luiz Ricardo da Silva,69,CB,,0,3,3,75,58,45,45,76,81,"188cm | 6'2""",0,-,-,Kuban Krasnodar,Brazil
Alexandru Epureanu,69,CB,,0,2,3,66,49,58,60,73,71,"187cm | 6'2""",0,-,-,Dinamo Moskva,Moldova
Julian Palmieri,69,LW,,0,3,3,78,59,64,72,42,47,"170cm | 5'7""",0,-,-,FC Istres Ouest Provence,France
Jorge Zamogilny,69,CDM,,0,2,3,64,53,64,57,71,62,"181cm | 5'11""",0,-,-,Estudiantes Tecos,Argentina
Mergim Mavraj,69,CB,,0,2,3,67,35,50,40,71,72,"189cm | 6'2""",0,-,-,SpVgg Greuther Fürth,Germany
Kazenga LuaLua,69,RM,,0,3,3,84,66,64,73,47,59,"180cm | 5'11""",0,-,-,Brighton &amp; Hove Albion,DR Congo
Fabian Boll,69,CDM,,0,2,2,53,64,67,64,72,73,"193cm | 6'4""",0,-,-,FC St. Pauli,Germany
Cris,69,CM,,0,3,3,77,54,67,64,65,71,"178cm | 5'10""",0,-,-,Santa Maria,Portugal
Yohan Benalouane,69,CB,,0,2,3,62,42,52,37,70,69,"185cm | 6'1""",0,-,-,A.C. Cesena,France
José Manuel Casado Bizcocho,69,LB,,0,2,3,75,62,65,67,67,66,"173cm | 5'8""",0,-,-,Rayo Vallecano de Madrid S.A.D.,Spain
Mamadou Bah,69,CDM,,0,2,3,73,59,63,64,70,69,"182cm | 6'0""",0,-,-,VfB Stuttgart,Guinea
Dario Vidosic,69,LM,,0,3,4,82,61,65,71,54,56,"184cm | 6'0""",0,-,-,Adelaide United,Australia
Younousse Sankharé,69,CDM,,0,4,3,78,58,66,69,71,63,"184cm | 6'0""",0,-,-,Dijon FCO,France
Michelangelo Albertazzi,69,CB,,0,2,3,64,32,58,47,67,70,"185cm | 6'1""",0,-,-,Getafe Club de Fútbol S.A.D.,Italy
Giuseppe Bellusci,69,CB,,0,2,2,68,46,52,48,72,67,"185cm | 6'1""",0,-,-,Catania,Italy
Luis Morán Sánchez,69,RM,,0,3,3,78,58,64,74,51,60,"172cm | 5'8""",0,-,-,Real Sporting de Gijón S.A.D.,Spain
Jem Karacan,69,CDM,,0,2,3,74,54,65,67,66,64,"175cm | 5'9""",0,-,-,Reading,Turkey
Andraž Kirm,69,LW,,0,3,4,71,69,68,64,59,59,"183cm | 6'0""",0,-,-,Wisła Kraków,Slovenia
Wellington,69,ST,,0,3,3,64,65,57,68,52,72,"187cm | 6'2""",0,-,-,Santa Catarina,Brazil
Marcelo Larrondo,69,ST,,0,3,3,65,64,47,68,53,76,"191cm | 6'3""",0,-,-,Siena,Argentina
Samuel Llorca Ripoll,69,CB,,0,2,3,58,27,40,42,73,71,"187cm | 6'2""",0,-,-,Hércules Club de Fútbol S.A.D.,Spain
Fabian Espindola,69,ST,,0,3,4,78,68,55,72,49,61,"175cm | 5'9""",0,-,-,Real Salt Lake,Argentina
Marc Crosas Luque,69,CM,,0,3,4,66,51,70,70,62,58,"178cm | 5'10""",0,-,-,Volga,Spain
Henri Lansbury,69,CM,,0,2,3,73,61,69,67,64,57,"183cm | 6'0""",0,-,-,West Ham United,England
Geert Arend Roorda,69,CM,,0,2,3,61,70,65,65,69,58,"191cm | 6'3""",0,-,-,sc Heerenveen,Netherlands
Elliott Bennett,69,RM,,0,2,3,84,59,65,67,52,43,"179cm | 5'10""",0,-,-,Norwich City,England
Saif Ghezal,69,CB,,0,2,4,61,39,62,54,72,74,"188cm | 6'2""",0,-,-,FC Thun,Tunisia
Cheikhou Kouyaté,69,CB,,0,2,3,81,60,61,62,75,77,"191cm | 6'3""",0,-,-,RSC Anderlecht,Senegal
Kagisho Dikgacoi,69,CDM,,0,2,3,64,53,65,61,72,70,"180cm | 5'11""",0,-,-,Crystal Palace,South Africa
Enrique Pérez,69,RB,,0,2,3,89,52,66,64,67,67,"174cm | 5'9""",0,-,-,Monarcas Morelia,Mexico
Jakob Jantscher,69,LM,,0,4,4,77,67,65,75,42,52,"181cm | 5'11""",0,-,-,FC Red Bull Salzburg,Austria
Pedro Ken Moreira,69,CM,,0,3,3,72,61,67,71,67,65,"181cm | 5'11""",0,-,-,A. Florianópolis,Brazil
Clément Grenier,69,CAM,,0,3,3,74,65,69,73,49,62,"186cm | 6'1""",0,-,-,Olympique Lyonnais,France
Yannis Tafer,69,ST,,0,2,2,81,67,53,71,45,56,"180cm | 5'11""",0,-,-,Olympique Lyonnais,France
Massimiliano Benassi,69,GK,,0,1,2,72,68,60,72,65,65,"180cm | 5'11""",0,-,-,Lecce,Italy
Lex Immers,69,CM,,0,2,4,61,64,68,65,69,69,"187cm | 6'2""",0,-,-,ADO Den Haag,Netherlands
José Baxter,69,CF,,0,3,3,74,69,62,72,47,58,"179cm | 5'10""",0,-,-,Everton,England
Matt Phillips,69,RW,,0,2,3,83,44,61,75,45,50,"183cm | 6'0""",0,-,-,Blackpool,England
Lautaro Acosta,69,CF,,0,3,3,77,60,55,70,46,63,"168cm | 5'6""",0,-,-,Real Racing Club S.A.D.,Argentina
Giannis Papadopoulos,69,CDM,,0,2,3,76,66,69,64,68,51,"176cm | 5'9""",0,-,-,Dynamo Dresden,Greece
Ronny Rodelin,69,ST,,0,3,2,70,70,58,63,53,67,"192cm | 6'4""",0,-,-,LOSC Lille Métropole,France
Álvaro Fernández,69,RM,,0,2,4,67,63,67,69,59,65,"185cm | 6'1""",0,-,-,Seattle Sounders FC,Uruguay
Mirco Antenucci,69,CF,,0,2,4,82,68,58,69,54,67,"180cm | 5'11""",0,-,-,F. Torino,Italy
Simon Laner,69,CM,,0,2,3,70,59,69,67,66,65,"182cm | 6'0""",0,-,-,A. Leffe,Italy
Derick Katuku Tshimanga,69,LB,,0,2,3,93,54,63,69,68,70,"176cm | 5'9""",0,-,-,Sporting Lokeren OV,Belgium
Francesco Caputo,69,ST,,0,3,2,76,62,30,66,46,69,"180cm | 5'11""",0,-,-,Bari,Italy
Néstor Calderón,69,LM,,0,4,3,84,64,64,72,42,55,"173cm | 5'8""",0,-,-,Toluca,Mexico
Jonjo Shelvey,69,CM,,0,2,3,69,62,74,71,60,61,"183cm | 6'0""",0,-,-,Liverpool,England
Daniel Candeias,69,RW,,0,4,3,80,58,58,75,48,60,"177cm | 5'10""",0,-,-,CD Nacional,Portugal
Anderson Soares de Oliveira,69,CB,,0,2,3,64,48,59,62,70,70,"188cm | 6'2""",0,-,-,Eintracht Frankfurt,Brazil
Pablo de Barros Paulino,69,RB,,0,2,3,70,53,65,75,64,56,"175cm | 5'9""",0,-,-,Santa Catarina,Brazil
Erik Falkenburg,69,CAM,,0,3,4,64,66,66,69,58,56,"187cm | 6'2""",0,-,-,AZ Alkmaar,Netherlands
Marko Vejinovic,69,CM,,0,3,4,66,65,66,70,61,61,"186cm | 6'1""",0,-,-,Heracles Almelo,Netherlands
Samuel Armenteros,69,ST,,0,3,3,70,63,55,73,56,63,"179cm | 5'10""",0,-,-,Heracles Almelo,Sweden
Federico Casarini,69,RM,,0,3,3,81,61,72,72,65,54,"181cm | 5'11""",0,-,-,Bologna,Italy
Lamine Gassama,69,RB,,0,2,2,80,33,62,48,69,67,"181cm | 5'11""",0,-,-,Olympique Lyonnais,France
Thimothée Kolodziejczak,69,LB,,0,2,2,79,36,69,66,67,61,"185cm | 6'1""",0,-,-,Olympique Lyonnais,France
José Luis dos Santos Pinto,69,CAM,,0,4,3,75,67,61,71,42,56,"174cm | 5'9""",0,-,-,Bahia,Brazil
Marwin Hitz,69,GK,,0,1,3,72,66,58,74,51,67,"192cm | 6'4""",0,-,-,VfL Wolfsburg,Switzerland
Tony Jantschke,69,RB,,0,2,3,74,52,66,70,67,66,"177cm | 5'10""",0,-,-,Borussia M'gladbach,Germany
Miguel Ángel Martínez,69,CB,,0,2,3,60,52,51,48,74,66,"187cm | 6'2""",0,-,-,Jaguares de Chiapas,Argentina
Dominic Maroh,69,CB,,0,2,2,61,41,47,44,72,68,"186cm | 6'1""",0,-,-,1. FC Nürnberg,Slovenia
Marvin Sordell,69,ST,,0,2,4,83,64,57,69,55,62,"177cm | 5'10""",0,-,-,Watford,England
Daley Blind,69,LB,,0,2,4,71,50,67,67,68,68,"180cm | 5'11""",0,-,-,Ajax,Netherlands
Cyriac Gohi Bi Zoro,69,ST,,0,3,4,84,66,59,74,48,70,"174cm | 5'9""",0,-,-,Standard de Liège,Ivory Coast
Paulo Roberto da Costa Regula,69,CM,,0,3,3,62,66,70,71,60,63,"184cm | 6'0""",0,-,-,S.C. Olhanense,Portugal
Felix Kroos,69,CAM,,0,3,3,65,65,66,73,53,56,"184cm | 6'0""",0,-,-,Werder Bremen,Germany
Néstor Araujo,69,CB,,0,2,3,75,43,55,56,75,67,"188cm | 6'2""",0,-,-,Cruz Azul,Mexico
Henrique A. C. Nascentes,69,ST,,0,3,3,73,66,51,70,56,68,"177cm | 5'10""",0,-,-,São Paulo,Brazil
Javier Aquino,69,RM,,0,4,4,84,56,63,73,44,56,"168cm | 5'6""",0,-,-,Cruz Azul,Mexico
Marcos Alonso,69,LB,,0,2,3,72,55,62,67,69,61,"187cm | 6'2""",0,-,-,Bolton Wanderers,Spain
Ilombe Mboyo,69,ST,,0,3,3,77,63,60,74,59,69,"190cm | 6'3""",0,-,-,KAA Gent,Belgium
Emidio Rafael Augusto Silva,69,LB,,0,3,2,68,57,70,64,69,63,"182cm | 6'0""",0,-,-,FC Porto,Portugal
Keylor Navas,69,GK,,0,1,3,75,60,65,82,54,61,"184cm | 6'0""",0,-,-,Levante Unión Deportiva S.A.D.,Costa Rica
Juan Cuadrado,69,RM,,0,4,3,81,57,66,70,64,52,"176cm | 5'9""",0,-,-,Lecce,Colombia
Dušan Perniš,69,GK,,0,1,3,68,69,71,68,38,69,"191cm | 6'3""",0,-,-,Dundee United,Slovakia
Tae Hee Nam,69,RM,,0,3,3,74,57,66,72,61,56,"174cm | 5'9""",0,-,-,Valenciennes FC,Korea Republic
Thomas Delaney,69,CM,,0,2,4,71,62,67,69,59,57,"182cm | 6'0""",0,-,-,FC København,Denmark
Galán,69,RB,,0,2,3,68,34,59,53,74,69,"181cm | 5'11""",0,-,-,R.C.D. Espanyol de Barcelona S.A.D.,Spain
Maximilian Beister,69,RM,,0,2,3,91,65,59,72,56,68,"180cm | 5'11""",0,-,-,Fortuna Düsseldorf,Germany
Filip Ðuricic,69,CAM,,0,4,4,78,64,66,74,48,54,"176cm | 5'9""",0,-,-,sc Heerenveen,Serbia
Daniel Didavi,69,LM,,0,3,3,74,64,66,72,53,66,"179cm | 5'10""",0,-,-,1. FC Nürnberg,Germany
Abdoul Razzagui Camara,69,ST,,0,3,3,80,66,67,73,48,68,"177cm | 5'10""",0,-,-,FC Sochaux-Montbéliard,France
Max Grün,69,GK,,0,1,3,71,68,66,70,51,69,"190cm | 6'3""",0,-,-,SpVgg Greuther Fürth,Germany
Gregg Wylde,69,LM,,0,3,3,89,38,67,72,60,56,"178cm | 5'10""",0,-,-,Rangers,Scotland
Fransérgio,69,CM,,0,3,2,71,65,70,70,64,62,"186cm | 6'1""",0,-,-,Atlético Paranaense,Brazil
Iñigo Pérez,69,CM,,0,3,3,70,62,70,71,59,51,"178cm | 5'10""",0,-,-,Athletic Club de Bilbao,Spain
Daniel Caligiuri,69,RM,,0,3,3,75,55,65,71,50,58,"182cm | 6'0""",0,-,-,SC Freiburg,Germany
Kevin García Martínez,69,LB,,0,2,2,75,45,60,62,70,67,"177cm | 5'10""",0,-,-,Real Club Deportivo Mallorca S.A.D.,Spain
Manuel Giandonato,69,CM,,0,2,3,64,63,69,65,70,64,"188cm | 6'2""",0,-,-,Lecce,Italy
Marco Höger,69,RB,,0,2,4,67,68,69,64,68,70,"186cm | 6'1""",0,-,-,FC Schalke 04,Germany
Stefan de Vrij,69,CB,,0,2,3,68,43,66,61,72,64,"188cm | 6'2""",0,-,-,Feyenoord,Netherlands
Róbert Mak,69,RW,,0,3,4,78,66,56,74,41,65,"179cm | 5'10""",0,-,-,1. FC Nürnberg,Slovakia
Jordi Amat,69,CB,,0,2,3,65,29,48,36,70,74,"183cm | 6'0""",0,-,-,R.C.D. Espanyol de Barcelona S.A.D.,Spain
Tim Ream,69,CB,,0,2,4,71,45,68,63,69,73,"185cm | 6'1""",0,-,-,New York Red Bulls,United States
Wellington Alves da Silva,69,CF,,0,5,3,81,64,56,81,39,59,"170cm | 5'7""",0,-,-,Levante Unión Deportiva S.A.D.,Brazil
Andy Najar,69,RM,,0,4,4,78,64,65,75,53,55,"170cm | 5'7""",0,-,-,D.C. United,Honduras
Alex Oxlade-Chamberlain,69,LW,,0,3,4,89,55,65,71,44,48,"180cm | 5'11""",0,-,-,Arsenal,England
Ross Barkley,69,CAM,,0,3,4,79,60,70,67,59,66,"188cm | 6'2""",0,-,-,Everton,England
Jerson Cabral,69,LW,,0,4,3,84,64,50,78,42,60,"177cm | 5'10""",0,-,-,Feyenoord,Netherlands
Fernando Canesín,69,CAM,,0,4,4,84,59,66,78,44,50,"176cm | 5'9""",0,-,-,RSC Anderlecht,Brazil
Hiram Mier,69,CB,,0,2,3,67,56,63,69,71,74,"179cm | 5'10""",0,-,-,Monterrey,Mexico
Josué,69,CAM,,0,3,2,82,64,68,74,45,54,"172cm | 5'8""",0,-,-,Paços Ferreira,Portugal
Luca Caldirola,69,CB,,0,2,3,66,46,57,44,73,71,"189cm | 6'2""",0,-,-,Inter,Italy
Nicolai Jørgensen,69,CF,,0,3,3,74,62,51,75,54,64,"190cm | 6'3""",0,-,-,Bayer 04 Leverkusen,Denmark
Sonny Kittel,69,CAM,,0,3,4,72,58,64,74,45,60,"178cm | 5'10""",0,-,-,Eintracht Frankfurt,Germany
Allan,69,CM,,0,3,3,73,61,69,72,66,62,"173cm | 5'8""",0,-,-,Vasco da Gama,Brazil
Pablo Pintos,69,RB,,0,3,4,81,61,65,68,67,66,"182cm | 6'0""",0,-,-,Getafe Club de Fútbol S.A.D.,Uruguay
Nicolai Boilesen,69,LB,,0,2,3,75,38,69,69,68,66,"185cm | 6'1""",0,-,-,Ajax,Denmark
Marcelo Silva,69,CB,,0,2,3,56,40,47,46,71,76,"185cm | 6'1""",0,-,-,Unión Deportiva Almería S.A.D.,Uruguay
Alessio Campagnacci,69,LW,,0,3,3,80,61,60,69,53,61,"173cm | 5'8""",0,-,-,Reggina,Italy
Timmy Chandler,69,RB,,0,2,3,77,58,70,68,71,67,"186cm | 6'1""",0,-,-,1. FC Nürnberg,United States
Apostolos Vellios,69,ST,,0,3,4,72,62,45,61,55,72,"191cm | 6'3""",0,-,-,Everton,Greece
Alcides de Souza Faria Jr.,69,CAM,,0,3,3,78,60,60,77,42,61,"169cm | 5'7""",0,-,-,Botafogo,Brazil
Carlos Wilson Carchiote Da Rocha,69,RW,,0,3,2,90,65,59,74,55,51,"187cm | 6'2""",0,-,-,KSV Cercle Brugge,Portugal
Fredrik Winsnes,68,CM,,0,4,2,64,63,67,71,60,55,"173cm | 5'8""",0,-,-,Rosenborg BK,Norway
Rob Hulse,68,ST,,0,3,3,51,65,50,58,66,84,"187cm | 6'2""",0,-,-,Queens Park Rangers,England
Kew Jaliens,68,CB,,0,2,3,59,37,61,62,70,63,"183cm | 6'0""",0,-,-,Wisła Kraków,Netherlands
Lorenzo Stovini,68,CB,,0,2,2,54,38,41,46,72,71,"186cm | 6'1""",0,-,-,Empoli,Italy
José Gaspar Silva Azevedo,68,CB,,0,2,3,46,33,46,30,73,64,"191cm | 6'3""",0,-,-,Rio Ave FC,Portugal
Ricardo Sérgio Rocha Azevedo,68,CB,,0,2,3,53,48,56,48,70,70,"183cm | 6'0""",0,-,-,Portsmouth,Portugal
Vincent Fernandez,68,GK,,0,1,2,66,71,65,69,28,73,"187cm | 6'2""",0,-,-,La Berrichonne de Châteauroux,France
George Boateng,68,CDM,,0,2,3,59,50,62,57,74,68,"182cm | 6'0""",0,-,-,Nottingham Forest,Netherlands
Filipe Alex Dias Anunciação,68,CDM,,0,3,2,53,52,66,58,67,69,"179cm | 5'10""",0,-,-,Paços Ferreira,Portugal
Roman Wallner,68,ST,,0,3,3,73,70,62,66,57,64,"178cm | 5'10""",0,-,-,FC Red Bull Salzburg,Austria
Dianbobo Baldé,68,CB,,0,2,2,32,30,46,51,74,79,"190cm | 6'3""",0,-,-,AC Arles Avignon,Guinea
Giorgio Frezzolini,68,GK,,0,1,1,66,66,58,70,42,78,"187cm | 6'2""",0,-,-,A. Bergamo,Italy
Hélder Miguel do Rosário,68,CB,,0,2,3,53,44,54,49,71,67,"180cm | 5'11""",0,-,-,Málaga Club de Fútbol S.A.D.,Portugal
Omar Daf,68,RB,,0,2,4,61,38,62,47,72,69,"177cm | 5'10""",0,-,-,Stade Brestois 29,Senegal
Lionel Scaloni,68,RWB,,0,2,3,52,65,71,68,70,60,"182cm | 6'0""",0,-,-,Lazio,Argentina
Tomasz Frankowski,68,ST,,0,3,3,59,67,48,60,42,66,"172cm | 5'8""",0,-,-,Jagiellonia Białystok,Poland
Michel Breuer,68,LB,,0,2,2,61,40,56,51,70,74,"183cm | 6'0""",0,-,-,sc Heerenveen,Netherlands
Paul McKenna,68,CM,,0,3,4,53,65,68,63,70,69,"170cm | 5'7""",0,-,-,Hull City,England
Andrew Dawson,68,LB,,0,2,3,53,58,58,44,70,70,"175cm | 5'9""",0,-,-,Hull City,England
Carsten Rothenbach,68,RB,,0,2,2,67,54,68,61,70,70,"184cm | 6'0""",0,-,-,FC St. Pauli,Germany
Sylvain Marchal,68,CB,,0,2,3,31,44,62,40,69,71,"184cm | 6'0""",0,-,-,A.S. Saint-Etienne,France
Habib Beye,68,RB,,0,2,4,55,43,66,61,73,74,"182cm | 6'0""",0,-,-,Aston Villa,Senegal
Filip Trojan,68,LM,,0,3,3,74,61,63,71,58,67,"172cm | 5'8""",0,-,-,Dynamo Dresden,Czech Republic
Toifilou Maoulida,68,ST,,0,3,2,73,64,63,69,48,71,"184cm | 6'0""",0,-,-,Sporting Club Bastia,France
Claudio Terzi,68,CB,,0,2,3,60,46,50,47,68,69,"180cm | 5'11""",0,-,-,Siena,Italy
Stefan Leitl,68,CF,,0,3,4,70,68,64,69,57,57,"178cm | 5'10""",0,-,-,FC Ingolstadt 04,Germany
Gary Teale,68,RM,,0,3,3,74,49,69,63,58,63,"175cm | 5'9""",0,-,-,St. Mirren,Scotland
Marius Ebbers,68,ST,,0,2,3,59,65,53,62,61,74,"192cm | 6'4""",0,-,-,FC St. Pauli,Germany
Rune Almenning Jarstein,68,GK,,0,1,2,74,62,75,77,40,62,"190cm | 6'3""",0,-,-,Viking FK,Norway
Alexander Iashvili,68,CF,,0,4,4,75,66,64,75,42,54,"175cm | 5'9""",0,-,-,Karlsruher SC,Georgia
Pablo Mastroeni,68,CDM,,0,2,4,61,53,51,60,74,75,"178cm | 5'10""",0,-,-,Colorado Rapids,United States
Simon Cziommer,68,CM,,0,3,3,67,70,69,71,60,54,"176cm | 5'9""",0,-,-,FC Red Bull Salzburg,Germany
Noel Hunt,68,ST,,0,2,3,63,66,46,61,51,80,"173cm | 5'8""",0,-,-,Reading,Republic of Ireland
Dickson Choto,68,CB,,0,2,2,54,32,54,45,77,56,"192cm | 6'4""",0,-,-,Legia Warszawa,Zimbabwe
Gabriel García de la Torre,68,CM,,0,3,4,66,60,68,66,67,67,"175cm | 5'9""",0,-,-,FC Sion,Spain
Markus Thorandt,68,CB,,0,2,3,67,44,59,49,70,71,"187cm | 6'2""",0,-,-,FC St. Pauli,Germany
Collin Benjamin,68,CDM,,0,3,4,68,61,71,70,68,66,"182cm | 6'0""",0,-,-,TSV 1860 München,Namibia
Michael Dingsdag,68,CB,,0,2,4,59,59,59,52,70,72,"189cm | 6'2""",0,-,-,FC Sion,Netherlands
David Degen,68,RM,,0,3,3,82,60,63,69,59,56,"185cm | 6'1""",0,-,-,BSC Young Boys,Switzerland
Clint Hill,68,CB,,0,2,2,48,31,50,45,70,72,"183cm | 6'0""",0,-,-,Queens Park Rangers,England
Erlend Hanstveit,68,LB,,0,3,3,70,57,69,63,68,65,"189cm | 6'2""",0,-,-,Helsingborgs IF,Norway
José Miguel González Rey,68,RB,,0,2,3,73,49,66,57,72,64,"182cm | 6'0""",0,-,-,Fútbol Club Cartagena,Spain
Manuel Gaspar Haro,68,RB,,0,2,3,75,50,65,59,73,66,"173cm | 5'8""",0,-,-,Fútbol Club Cartagena,Spain
Eduard Albácar Gallego,68,LB,,0,2,2,74,65,68,65,67,63,"177cm | 5'10""",0,-,-,Elche Club de Fútbol S.A.D.,Spain
Ferrán Corominas Telechea,68,CF,,0,3,3,78,62,54,75,50,62,"171cm | 5'7""",0,-,-,Girona Fútbol Club S.A.D. ,Spain
Pablo Redondo Martínez,68,RM,,0,3,3,73,62,69,68,52,56,"175cm | 5'9""",0,-,-,Xerez Club Deportivo S.A.D.,Spain
Thibault Giresse,68,LM,,0,3,3,73,65,67,67,48,42,"172cm | 5'8""",0,-,-,En Avant de Guingamp,France
Juan Manuel Ortiz Palazón,68,RM,,0,3,2,71,58,63,71,67,65,"179cm | 5'10""",0,-,-,Rangers,Spain
Cristian Fiél,68,CDM,,0,3,3,54,63,66,64,69,59,"182cm | 6'0""",0,-,-,Dynamo Dresden,Spain
Antonio Jesús Vázquez Muñoz,68,CDM,,0,3,2,65,63,58,61,70,68,"182cm | 6'0""",0,-,-,Real Club Deportivo de La Coruña S.A.D.,Spain
Vlada Avramov,68,GK,,0,1,1,69,65,63,72,56,72,"187cm | 6'2""",0,-,-,Cagliari,Serbia
Fernando José Sales de los Cobos,68,RM,,0,3,3,64,61,69,71,44,46,"171cm | 5'7""",0,-,-,Agrupación Deportiva Alcorcón,Spain
Iñaki Bea Jáuregi,68,CB,,0,2,3,53,41,49,43,72,71,"185cm | 6'1""",0,-,-,FC Wacker Innsbruck,Spain
Grégory Malicki,68,GK,,0,1,3,70,65,65,74,35,67,"188cm | 6'2""",0,-,-,Angers SCO,France
Antoine van der Linden,68,CB,,0,2,3,38,50,56,56,72,63,"186cm | 6'1""",0,-,-,Heracles Almelo,Netherlands
Richie Wellens,68,CM,,0,2,3,53,63,69,69,66,57,"175cm | 5'9""",0,-,-,Leicester City,England
Keith Southern,68,CM,,0,2,2,61,65,72,66,71,70,"178cm | 5'10""",0,-,-,Blackpool,England
Laurent Pionnier,68,GK,,0,1,2,65,70,62,74,44,76,"184cm | 6'0""",0,-,-,Montpellier Hérault Sport Club,France
Hans Sarpei,68,LB,,0,2,3,54,33,61,54,71,70,"178cm | 5'10""",0,-,-,FC Schalke 04,Ghana
Fabio Coltorti,68,GK,,0,1,3,71,69,71,72,62,65,"197cm | 6'6""",0,-,-,FC Lausanne,Switzerland
Oliver Kirch,68,RM,,0,2,2,68,55,69,66,63,61,"183cm | 6'0""",0,-,-,1. FC Kaiserslautern,Germany
Mikael Nilsson,68,RB,,0,3,3,72,55,64,68,68,66,"182cm | 6'0""",0,-,-,Brøndby IF,Sweden
Miika Koppinen,68,CB,,0,2,4,64,51,50,38,70,72,"188cm | 6'2""",0,-,-,Tromsø IL,Finland
Scott Chipperfield,68,CM,,0,2,3,55,67,70,67,68,54,"180cm | 5'11""",0,-,-,FC Basel 1893,Australia
DaMarcus Beasley,68,LM,,0,3,4,93,63,62,71,50,61,"170cm | 5'7""",0,-,-,Puebla,United States
José Edmilson Gomes de Moraes,68,CDM,,0,2,3,39,65,67,59,68,67,"186cm | 6'1""",0,-,-,C. Nordeste,Brazil
Abdoulaye Méité,68,CB,,0,2,3,41,42,49,37,70,76,"185cm | 6'1""",0,-,-,Dijon FCO,Ivory Coast
Steven Thompson,68,ST,,0,3,3,52,65,52,63,54,70,"188cm | 6'2""",0,-,-,St. Mirren,Scotland
Gunnar Heiðar Þorvaldsson,68,ST,,0,3,4,76,64,40,63,45,68,"182cm | 6'0""",0,-,-,IFK Norrkoping,Iceland
Marco Né,68,CM,,0,3,3,71,62,68,73,62,70,"183cm | 6'0""",0,-,-,Kuban Krasnodar,Ivory Coast
Morten Rasmussen,68,ST,,0,2,3,67,66,50,54,50,70,"185cm | 6'1""",0,-,-,Celtic,Denmark
Jonas De Roeck,68,CB,,0,2,3,54,49,61,47,71,68,"187cm | 6'2""",0,-,-,FC Augsburg,Belgium
Anderson Cléber Beraldo,68,CB,,0,2,2,41,54,53,39,69,77,"186cm | 6'1""",0,-,-,Minas,Brazil
André Muri,68,CB,,0,2,3,67,37,49,59,71,75,"192cm | 6'4""",0,-,-,Vålerenga Fotball,Norway
Kevin Vandenbergh,68,ST,,0,3,3,55,68,48,66,42,66,"180cm | 5'11""",0,-,-,KV Mechelen,Belgium
Javier Calleja Revilla,68,LM,,0,3,3,65,66,68,72,64,57,"171cm | 5'7""",0,-,-,Club Atlético Osasuna,Spain
Ragnvald Soma,68,CB,,0,2,3,56,52,51,46,72,74,"189cm | 6'2""",0,-,-,SK Rapid Wien,Norway
Tim Smolders,68,CM,,0,2,3,37,68,68,62,67,63,"191cm | 6'3""",0,-,-,KAA Gent,Belgium
Thomas Augustinussen,68,CDM,,0,2,3,58,59,57,64,71,72,"192cm | 6'4""",0,-,-,Aalborg BK,Denmark
Morten Skoubo,68,ST,,0,3,4,67,65,62,61,57,72,"190cm | 6'3""",0,-,-,Odense Boldklub,Denmark
Søren Larsen,68,ST,,0,2,2,51,66,59,62,62,67,"194cm | 6'4""",0,-,-,Aarhus GF,Denmark
Diego Mainz García,68,CB,,0,2,3,39,34,51,48,71,66,"187cm | 6'2""",0,-,-,Granada Club de Fútbol,Spain
Jonas Ivens,68,CB,,0,2,3,41,42,56,40,75,62,"188cm | 6'2""",0,-,-,FC Groningen,Belgium
Paolo Castellini,68,LB,,0,2,3,70,47,65,64,70,62,"184cm | 6'0""",0,-,-,Sampdoria,Italy
Marek Mintál,68,ST,,0,3,4,63,70,55,67,46,62,"183cm | 6'0""",0,-,-,Hansa Rostock,Slovakia
Leandro Silva Wanderley,68,LB,,0,3,2,71,61,77,75,64,49,"167cm | 5'6""",0,-,-,Atlético Mineiro,Brazil
Eddie Gaven,68,RM,,0,2,4,69,62,62,67,60,68,"183cm | 6'0""",0,-,-,Columbus Crew,United States
Lionel Cappone,68,GK,,0,1,3,70,61,67,72,48,74,"182cm | 6'0""",0,-,-,Stade Brestois 29,France
Christophe Lepoint,68,CM,,0,2,4,73,63,59,66,71,72,"189cm | 6'2""",0,-,-,KAA Gent,Belgium
Alessandro Gazzi,68,CDM,,0,2,2,67,51,69,60,69,68,"179cm | 5'10""",0,-,-,Siena,Italy
Oliver Schröder,68,CDM,,0,2,4,61,46,54,55,73,69,"183cm | 6'0""",0,-,-,FC Erzgebirge Aue,Germany
Chris Iwelumo,68,ST,,0,3,3,53,66,50,62,57,80,"191cm | 6'3""",0,-,-,Watford,Scotland
Arnold Kruiswijk,68,CB,,0,2,3,55,48,58,48,70,66,"187cm | 6'2""",0,-,-,sc Heerenveen,Netherlands
Torsten Mattuschka,68,CAM,,0,3,3,62,68,69,67,60,59,"186cm | 6'1""",0,-,-,1. FC Union Berliln,Germany
Florian Dick,68,RB,,0,2,3,67,61,65,61,71,69,"184cm | 6'0""",0,-,-,1. FC Kaiserslautern,Germany
Kossi Agassa,68,GK,,0,1,3,70,66,58,71,67,64,"190cm | 6'3""",0,-,-,Stade de Reims,Togo
Zak Whitbread,68,CB,,0,2,3,47,35,47,48,71,70,"188cm | 6'2""",0,-,-,Norwich City,United States
Herculez Gomez,68,ST,,0,3,5,74,67,62,66,58,73,"178cm | 5'10""",0,-,-,Estudiantes Tecos,United States
Lloyd Sam,68,RM,,0,3,4,77,52,65,72,53,47,"173cm | 5'8""",0,-,-,Leeds United,Ghana
Russell Anderson,68,CB,,0,2,3,52,39,44,43,70,75,"180cm | 5'11""",0,-,-,Derby County,Scotland
Josh Saunders,68,GK,,0,1,3,69,68,71,70,53,68,"193cm | 6'4""",0,-,-,Los Angeles Galaxy,United States
Brian Ching,68,ST,,0,2,3,50,64,48,61,65,75,"183cm | 6'0""",0,-,-,Houston Dynamo,United States
Gabriel Rodr. dos Santos,68,RB,,0,2,3,77,60,71,72,68,61,"171cm | 5'7""",0,-,-,Grêmio,Brazil
Aníbal Matellán,68,CB,,0,2,3,52,46,52,53,73,70,"181cm | 5'11""",0,-,-,San Luis,Argentina
Guirane N'Daw,68,CDM,,0,2,2,52,58,66,57,76,79,"190cm | 6'3""",0,-,-,Birmingham City,Senegal
Billy Jones,68,RB,,0,2,3,67,55,64,63,70,69,"180cm | 5'11""",0,-,-,West Bromwich Albion,England
Manuel de la Torre,68,LB,,0,3,3,72,58,69,65,67,69,"170cm | 5'7""",0,-,-,Toluca,Mexico
Olivier Auriac,68,CM,,0,2,3,66,56,62,68,63,62,"172cm | 5'8""",0,-,-,Angers SCO,France
Johan Liébus,68,GK,,0,1,3,67,66,67,68,46,69,"184cm | 6'0""",0,-,-,Stade de Reims,France
Ludovic Butelle,68,GK,,0,1,3,72,66,57,71,49,63,"188cm | 6'2""",0,-,-,AC Arles Avignon,France
Jonathan Stead,68,ST,,0,3,2,66,67,58,64,52,74,"191cm | 6'3""",0,-,-,Bristol City,England
Jason Scotland,68,ST,,0,3,4,66,65,42,65,57,64,"173cm | 5'8""",0,-,-,Ipswich Town,Trinidad &amp; Tobago
Alain Nef,68,CB,,0,2,2,44,37,56,50,72,69,"191cm | 6'3""",0,-,-,BSC Young Boys,Switzerland
Carl Medjani,68,CB,,0,2,3,58,47,52,47,72,71,"183cm | 6'0""",0,-,-,AC Ajaccio,Algeria
Mark-Jan Fledderus,68,LM,,0,2,3,65,72,66,66,67,59,"178cm | 5'10""",0,-,-,Roda JC,Netherlands
Óscar Pérez,68,GK,,0,1,3,70,66,62,72,42,72,"173cm | 5'8""",0,-,-,San Luis,Mexico
Leon Britton,68,CM,,0,3,3,69,46,68,75,61,50,"165cm | 5'5""",0,-,-,Swansea City,England
Ragnar Klavan,68,LB,,0,2,3,64,46,65,61,70,66,"186cm | 6'1""",0,-,-,AZ Alkmaar,Estonia
Michael Duff,68,CB,,0,2,2,51,36,49,57,69,68,"185cm | 6'1""",0,-,-,Burnley,Northern Ireland
Radoslav Zabavník,68,RB,,0,3,4,65,59,53,55,71,72,"180cm | 5'11""",0,-,-,1. FSV Mainz 05,Slovakia
Zlatko Dedic,68,LW,,0,3,3,82,67,56,72,53,64,"182cm | 6'0""",0,-,-,Dynamo Dresden,Slovenia
Sammy Bossut,68,GK,,0,1,3,71,67,62,72,62,64,"186cm | 6'1""",0,-,-,SV Zulte-Waregem,Belgium
Daniel Niculae,68,ST,,0,3,3,64,63,58,65,55,72,"185cm | 6'1""",0,-,-,A.S. Nancy Lorraine,Romania
Claudio Morel Rodríguez,68,LB,,0,2,3,73,59,62,62,69,70,"175cm | 5'9""",0,-,-,Real Club Deportivo de La Coruña S.A.D.,Paraguay
Emanuel Rivas,68,LM,,0,4,4,90,64,59,74,46,54,"175cm | 5'9""",0,-,-,Bari,Argentina
Ovidiu Petre,68,CM,,0,2,3,61,59,67,60,72,67,"189cm | 6'2""",0,-,-,Modena,Romania
José María Jiménez Pérez,68,GK,,0,1,3,69,63,59,71,46,68,"187cm | 6'2""",0,-,-,Xerez Club Deportivo S.A.D.,Spain
Aritz López Garai,68,CDM,,0,2,3,50,51,60,49,72,55,"182cm | 6'0""",0,-,-,Córdoba Club de Fútbol S.A.D.,Spain
Antonio Longás Ferrer,68,CM,,0,3,3,65,52,70,70,53,50,"174cm | 5'9""",0,-,-,Gimnàstic de Tarragona S.A.D.,Spain
Dani Giménez,68,GK,,0,1,3,68,61,60,78,61,68,"182cm | 6'0""",0,-,-,Rayo Vallecano de Madrid S.A.D.,Spain
Javier Paredes Arango,68,LB,,0,2,3,68,42,59,57,68,66,"175cm | 5'9""",0,-,-,Real Zaragoza S.A.D.,Spain
Álvaro Rubio Robres,68,CM,,0,2,3,58,62,68,55,66,61,"178cm | 5'10""",0,-,-,Real Valladolid Club de Fútbol S.A.D.,Spain
Carlos González Peña,68,LB,,0,2,3,73,37,67,60,67,67,"181cm | 5'11""",0,-,-,Real Valladolid Club de Fútbol S.A.D.,Spain
Dmitriy Borodin,68,GK,,0,1,3,67,72,71,70,45,65,"188cm | 6'2""",0,-,-,Zenit St. Petersburg,Russia
Davy De fauw,68,RB,,0,2,3,68,58,68,60,68,66,"186cm | 6'1""",0,-,-,SV Zulte-Waregem,Belgium
Seyi Olofinjana,68,CDM,,0,2,3,62,53,65,58,71,72,"193cm | 6'4""",0,-,-,Hull City,Nigeria
Darl Douglas,68,RW,,0,3,3,73,62,60,75,56,57,"172cm | 5'8""",0,-,-,Heracles Almelo,Netherlands
Alfonso De Lucia,68,GK,,0,1,1,68,66,60,72,46,68,"186cm | 6'1""",0,-,-,Livorno,Italy
Roei Dayan,68,ST,,0,2,3,74,66,57,66,54,74,"185cm | 6'1""",0,-,-,Germinal Beerschot,Israel
Vincent Planté,68,GK,,0,1,2,68,66,66,72,35,63,"190cm | 6'3""",0,-,-,En Avant de Guingamp,France
Branko Bošković,68,CAM,,0,3,3,57,66,68,70,53,64,"185cm | 6'1""",0,-,-,D.C. United,Montenegro
Jérémy Perbet,68,ST,,0,3,3,55,66,46,54,51,66,"184cm | 6'0""",0,-,-,RAEC Mons,France
Ben Davies,68,RM,,0,2,4,64,70,63,73,59,59,"170cm | 5'7""",0,-,-,Derby County,England
James Coppinger,68,RW,,0,3,3,75,62,66,71,44,59,"170cm | 5'7""",0,-,-,Doncaster Rovers,England
Kim Christensen,68,GK,,0,1,3,71,64,77,73,42,64,"185cm | 6'1""",0,-,-,FC København,Denmark
Simon Poulsen,68,LB,,0,3,2,82,60,62,71,67,62,"184cm | 6'0""",0,-,-,AZ Alkmaar,Denmark
Franz Schiemer,68,CDM,,0,2,4,72,54,56,58,74,85,"185cm | 6'1""",0,-,-,FC Red Bull Salzburg,Austria
Koen Persoons,68,CM,,0,2,5,69,62,67,66,65,64,"179cm | 5'10""",0,-,-,Sporting Lokeren OV,Belgium
Jason Puncheon,68,LW,,0,3,4,76,66,61,71,50,55,"173cm | 5'8""",0,-,-,Queens Park Rangers,England
Bradley Johnson,68,CM,,0,3,2,67,69,68,66,64,69,"178cm | 5'10""",0,-,-,Norwich City,England
Olivier Occèan,68,ST,,0,2,3,65,64,42,57,58,78,"185cm | 6'1""",0,-,-,SpVgg Greuther Fürth,Canada
Liam Rosenior,68,RB,,0,2,4,76,53,58,65,64,62,"178cm | 5'10""",0,-,-,Hull City,England
Rodrigo Oliveira Alvim,68,LB,,0,3,3,62,59,68,64,69,71,"182cm | 6'0""",0,-,-,Flamengo,Brazil
Hameur Bouazza,68,LM,,0,4,3,78,63,58,71,52,61,"180cm | 5'11""",0,-,-,Millwall,Algeria
Łukasz Garguła,68,CAM,,0,3,5,70,62,66,64,52,58,"177cm | 5'10""",0,-,-,Wisła Kraków,Poland
Adrian Cann,68,CB,,0,2,4,39,44,51,46,70,72,"190cm | 6'3""",0,-,-,Toronto FC,Canada
William Hesmer,68,GK,,0,1,2,68,71,69,65,52,69,"188cm | 6'2""",0,-,-,Columbus Crew,United States
Eun Jung Kim,68,ST,,0,3,4,75,67,55,65,60,72,"185cm | 6'1""",0,-,-,Jeju United FC,Korea Republic
Răzvan Cociş,68,CDM,,0,3,4,72,66,70,67,55,63,"181cm | 5'11""",0,-,-,FC Rostov,Romania
Piotr Celeban,68,RB,,0,2,3,71,51,52,55,68,76,"181cm | 5'11""",0,-,-,Wrocław,Poland
Markel Bergara,68,CM,,0,2,3,61,60,68,71,64,68,"180cm | 5'11""",0,-,-,Real Sociedad de Fútbol S.A.D.,Spain
Joe Lewis,68,GK,,0,1,3,77,56,60,78,66,63,"198cm | 6'6""",0,-,-,Peterborough United,England
Thomas Gebauer,68,GK,,0,1,3,69,67,60,71,59,68,"191cm | 6'3""",0,-,-,SV Josko Fenst. Ried,Germany
Yuki Abe,68,CDM,,0,2,3,65,72,71,68,67,62,"178cm | 5'10""",0,-,-,Leicester City,Japan
Lukas Sinkiewicz,68,CDM,,0,2,3,53,48,57,45,77,73,"192cm | 6'4""",0,-,-,VfL Bochum,Germany
Lucas Ayala,68,CDM,,0,2,3,56,54,63,55,71,70,"175cm | 5'9""",0,-,-,Atlas,Mexico
Stephen Elliott,68,ST,,0,3,3,77,64,58,68,48,75,"176cm | 5'9""",0,-,-,Heart of Midlothian,Republic of Ireland
Fabiano Pereira,68,CM,,0,3,4,67,69,68,65,65,72,"181cm | 5'11""",0,-,-,A. Florianópolis,Brazil
Uwe Hünemeier,68,CB,,0,2,4,65,49,54,53,68,76,"189cm | 6'2""",0,-,-,Energie Cottbus,Germany
Simone Bentivoglio,68,CM,,0,2,3,67,60,67,65,67,67,"184cm | 6'0""",0,-,-,Sampdoria,Italy
Giuseppe De Feudis,68,CM,,0,3,3,70,58,67,67,59,58,"174cm | 5'9""",0,-,-,F. Torino,Italy
Marco Bernacci,68,ST,,0,3,3,66,58,43,55,55,78,"193cm | 6'4""",0,-,-,Modena,Italy
Klemen Lavrič,68,ST,,0,3,4,61,67,57,66,48,68,"188cm | 6'2""",0,-,-,Karlsruher SC,Slovenia
Xavier Chen,68,RB,,0,2,3,76,44,65,63,65,65,"175cm | 5'9""",0,-,-,KV Mechelen,Taiwan
Steve Gohouri,68,CB,,0,2,3,53,46,44,41,69,73,"189cm | 6'2""",0,-,-,Wigan Athletic,Ivory Coast
Daniel Fox,68,LB,,0,2,3,69,51,69,60,68,66,"183cm | 6'0""",0,-,-,Southampton,Scotland
Marco Padalino,68,RM,,0,3,3,88,58,65,65,61,59,"177cm | 5'10""",0,-,-,Sampdoria,Switzerland
Craig Bryson,68,CM,,0,3,3,73,65,63,71,55,57,"170cm | 5'7""",0,-,-,Derby County,Scotland
Manuel Coppola,68,CDM,,0,2,3,75,53,68,62,62,52,"172cm | 5'8""",0,-,-,Empoli,Italy
Yohan Démont,68,RM,,0,2,3,73,63,70,66,63,64,"181cm | 5'11""",0,-,-,Racing Club de Lens,France
Marco Zambelli,68,RB,,0,2,3,77,49,60,59,69,59,"180cm | 5'11""",0,-,-,Brescia,Italy
Damien Delaney,68,CB,,0,2,3,63,43,59,31,71,78,"191cm | 6'3""",0,-,-,Ipswich Town,Republic of Ireland
Evgeniy Savin,68,ST,,0,3,4,71,70,62,65,52,71,"187cm | 6'2""",0,-,-,Tom Tomsk,Russia
Alejandro Vela,68,LM,,0,3,3,83,59,65,71,46,63,"172cm | 5'8""",0,-,-,Cruz Azul,Mexico
Florian Klein,68,RB,,0,3,3,83,53,64,67,65,55,"180cm | 5'11""",0,-,-,FK Austria Wien,Austria
Markus Berger,68,CB,,0,2,2,61,46,59,55,71,77,"186cm | 6'1""",0,-,-,Académica Coimbra,Austria
Stiven Rivić,68,LM,,0,3,4,74,63,65,72,47,47,"181cm | 5'11""",0,-,-,1. FC Kaiserslautern,Croatia
Luke Moore,68,ST,,0,3,4,79,64,53,68,52,68,"180cm | 5'11""",0,-,-,Swansea City,England
Remko Pasveer,68,GK,,0,1,3,69,65,66,68,46,70,"187cm | 6'2""",0,-,-,Heracles Almelo,Netherlands
Michael Jakobsen,68,CB,,0,2,1,65,55,65,57,69,73,"185cm | 6'1""",0,-,-,Unión Deportiva Almería S.A.D.,Denmark
Colin Doyle,68,GK,,0,1,3,72,67,63,70,63,67,"196cm | 6'5""",0,-,-,Birmingham City,Republic of Ireland
Andrew Taylor,68,LB,,0,2,3,74,38,64,61,65,62,"178cm | 5'10""",0,-,-,Cardiff City,England
Matthew Bates,68,CB,,0,2,3,68,37,42,58,66,77,"178cm | 5'10""",0,-,-,Middlesbrough,England
Chris Morgan,68,CB,,0,2,3,28,28,29,23,75,75,"185cm | 6'1""",0,-,-,Sheffield United,England
Darren O'Dea,68,CB,,0,2,3,65,18,51,57,70,67,"185cm | 6'1""",0,-,-,Leeds United,Republic of Ireland
Sébastien Pocognoli,68,LB,,0,3,3,82,58,72,72,68,68,"183cm | 6'0""",0,-,-,Standard de Liège,Belgium
Bakaye Traoré,68,CDM,,0,2,3,75,69,64,69,68,71,"186cm | 6'1""",0,-,-,A.S. Nancy Lorraine,Mali
Leon Barnett,68,CB,,0,2,3,66,27,40,51,73,70,"185cm | 6'1""",0,-,-,Norwich City,England
Simeon Jackson,68,ST,,0,2,3,83,64,42,71,47,73,"173cm | 5'8""",0,-,-,Norwich City,Canada
Fatih Atik,68,RM,,0,3,3,74,57,65,71,60,46,"174cm | 5'9""",0,-,-,En Avant de Guingamp,France
Michal Papadopulos,68,ST,,0,3,2,72,64,57,61,56,75,"183cm | 6'0""",0,-,-,FC Rostov,Czech Republic
James O'Connor,68,RB,,0,2,3,68,33,64,52,69,69,"178cm | 5'10""",0,-,-,Doncaster Rovers,Republic of Ireland
Marcel de Jong,68,LB,,0,2,2,68,50,64,66,67,69,"174cm | 5'9""",0,-,-,FC Augsburg,Canada
Zsolt Laczkó,68,LB,,0,2,4,73,50,67,67,68,66,"183cm | 6'0""",0,-,-,Sampdoria,Hungary
Jack Hobbs,68,CB,,0,2,2,67,38,56,45,70,73,"191cm | 6'3""",0,-,-,Hull City,England
Fabien Bachir Camus,68,CM,,0,3,4,61,66,71,72,48,54,"176cm | 5'9""",0,-,-,KRC Genk,Tunisia
Matthias Lepiller,68,CAM,,0,3,3,56,72,72,62,57,55,"180cm | 5'11""",0,-,-,Verona,France
Matheus Coradini Vivian,68,CB,,0,2,3,48,36,53,43,70,76,"188cm | 6'2""",0,-,-,FC Nantes,Brazil
Tae Hwi Kwak,68,CB,,0,2,3,59,39,49,46,71,82,"186cm | 6'1""",0,-,-,Ulsan Hyundai Horang-i,Korea Republic
Beom Seok Oh,68,RB,,0,2,4,80,61,66,64,70,61,"181cm | 5'11""",0,-,-,Suwon Samsung Bluewings,Korea Republic
Braulio Nóbrega Rodríguez,68,ST,,0,3,3,67,67,48,70,50,71,"178cm | 5'10""",0,-,-,Real Zaragoza S.A.D.,Spain
Lasha Salukvadze,68,RB,,0,2,4,66,34,60,53,76,72,"185cm | 6'1""",0,-,-,Volga,Georgia
Oliver Fink,68,CM,,0,2,4,65,53,68,67,68,66,"187cm | 6'2""",0,-,-,Fortuna Düsseldorf,Germany
Emilio López,68,LM,,0,3,3,76,60,66,72,61,50,"167cm | 5'6""",0,-,-,Querétaro,Mexico
Magnus Troest,68,CB,,0,2,3,65,38,50,40,73,73,"189cm | 6'2""",0,-,-,Varese,Denmark
Matthew Connolly,68,CB,,0,2,3,66,38,44,55,71,71,"188cm | 6'2""",0,-,-,Queens Park Rangers,England
Jamie Hamill,68,RB,,0,2,3,76,47,63,62,70,74,"173cm | 5'8""",0,-,-,Heart of Midlothian,Scotland
Cameron Bell,68,GK,,0,1,2,71,65,54,73,24,71,"180cm | 5'11""",0,-,-,Kilmarnock,Scotland
Habib Bellaïd,68,CB,,0,2,3,47,36,54,52,74,69,"189cm | 6'2""",0,-,-,Eintracht Frankfurt,Algeria
Francesco Ruopolo,68,ST,,0,2,4,71,67,54,62,57,69,"185cm | 6'1""",0,-,-,Padua,Italy
Leonardo Miglionico,68,CB,,0,2,3,63,40,60,53,68,75,"179cm | 5'10""",0,-,-,Livorno,Uruguay
Boukary Dramé,68,LB,,0,2,3,68,39,65,56,69,66,"180cm | 5'11""",0,-,-,Chievo Verona,Senegal
Rubin Rafael Okotie,68,ST,,0,3,5,77,64,51,70,51,66,"188cm | 6'2""",0,-,-,Sint-Truidense VV,Austria
Jeppe Curth,68,CF,,0,3,4,78,63,54,67,52,75,"178cm | 5'10""",0,-,-,Aalborg BK,Denmark
Cole Skuse,68,CM,,0,2,3,75,61,68,68,67,67,"185cm | 6'1""",0,-,-,Bristol City,England
Rasim Tagirbekov,68,CB,,0,2,3,67,57,60,56,72,66,"185cm | 6'1""",0,-,-,Anzhi Makhachkala,Russia
Jehu Chiapas,68,CM,,0,2,1,68,54,70,61,70,66,"174cm | 5'9""",0,-,-,San Luis,Mexico
Roman Bednář,68,ST,,0,3,3,53,66,54,64,52,74,"190cm | 6'3""",0,-,-,West Bromwich Albion,Czech Republic
Mike Jensen,68,CDM,,0,3,4,70,66,67,72,69,60,"176cm | 5'9""",0,-,-,Brøndby IF,Denmark
Olberdam de Oliveira Serra,68,CM,,0,3,3,63,63,62,63,71,54,"177cm | 5'10""",0,-,-,C. Funchal,Brazil
Gabriele Paonessa,68,CAM,,0,3,4,72,63,62,74,49,55,"172cm | 5'8""",0,-,-,Gubbio,Italy
Tomasz Jodłowiec,68,CB,,0,2,3,77,50,46,51,72,62,"190cm | 6'3""",0,-,-,Polonia Warszawa,Poland
Brett Pitman,68,ST,,0,3,3,70,70,59,64,48,62,"183cm | 6'0""",0,-,-,Bristol City,England
Adrian Mariappa,68,CB,,0,2,3,76,28,45,54,71,80,"179cm | 5'10""",0,-,-,Watford,England
Federico Dionisi,68,ST,,0,2,3,75,63,58,65,53,67,"180cm | 5'11""",0,-,-,Livorno,Italy
Fabio Ceravolo,68,RW,,0,2,3,82,63,59,66,54,67,"180cm | 5'11""",0,-,-,Reggina,Italy
Roberto Lago Soto,68,LB,,0,3,3,79,53,60,61,67,65,"178cm | 5'10""",0,-,-,Real Club Celta de Vigo S.A.D.,Spain
Nicky Law,68,CM,,0,2,3,72,59,64,67,57,59,"178cm | 5'10""",0,-,-,Motherwell,England
Neil Taylor,68,LB,,0,2,3,75,41,63,61,67,66,"175cm | 5'9""",0,-,-,Swansea City,Wales
Sam Baldock,68,ST,,0,2,3,80,66,43,70,52,63,"170cm | 5'7""",0,-,-,West Ham United,England
Danny Haynes,68,ST,,0,3,3,90,63,54,64,51,72,"180cm | 5'11""",0,-,-,Barnsley,England
Felix Borja,68,ST,,0,3,3,75,64,59,68,54,72,"181cm | 5'11""",0,-,-,Pachuca,Ecuador
Giancarlo Maldonado,68,ST,,0,3,4,66,74,62,67,52,71,"173cm | 5'8""",0,-,-,Atlante,Venezuela
Bart Buysse,68,LB,,0,2,3,73,46,65,64,65,63,"179cm | 5'10""",0,-,-,FC Twente,Belgium
Joseph Akpala,68,ST,,0,3,3,86,64,49,54,55,75,"185cm | 6'1""",0,-,-,Club Brugge KV,Nigeria
Dax McCarty,68,CM,,0,3,3,66,64,69,67,61,58,"175cm | 5'9""",0,-,-,New York Red Bulls,United States
Cezary Wilk,68,CDM,,0,3,3,77,59,66,61,69,69,"180cm | 5'11""",0,-,-,Wisła Kraków,Poland
Stefan Aigner,68,RM,,0,3,5,85,57,64,68,53,56,"185cm | 6'1""",0,-,-,TSV 1860 München,Germany
Enrique Esqueda,68,ST,,0,3,3,72,66,65,71,50,68,"184cm | 6'0""",0,-,-,Pachuca,Mexico
Oscar Razo,68,LB,,0,3,2,68,57,66,63,70,65,"179cm | 5'10""",0,-,-,Jaguares de Chiapas,Mexico
Julio César Domínguez,68,CB,,0,2,3,64,45,63,64,71,73,"175cm | 5'9""",0,-,-,Cruz Azul,Mexico
Ralph Gunesch,68,CB,,0,2,3,48,49,59,45,72,72,"190cm | 6'3""",0,-,-,FC St. Pauli,Germany
Evander Sno,68,CDM,,0,2,3,57,58,59,62,74,64,"189cm | 6'2""",0,-,-,RKC Waalwijk,Netherlands
Ludovic Baal,68,LB,,0,2,3,81,51,64,61,67,62,"176cm | 5'9""",0,-,-,Racing Club de Lens,France
Dario Knežević,68,CB,,0,2,3,61,45,58,53,71,73,"184cm | 6'0""",0,-,-,Livorno,Croatia
Ahmed Apimah Barusso,68,CDM,,0,2,2,67,60,62,56,72,56,"185cm | 6'1""",0,-,-,Roma,Ghana
Yves De Winter,68,GK,,0,1,2,70,66,61,71,51,67,"187cm | 6'2""",0,-,-,De Graafschap,Belgium
Michele Paolucci,68,ST,,0,3,4,73,69,54,67,54,65,"182cm | 6'0""",0,-,-,Vicenza,Italy
Romain Brégerie,68,CB,,0,2,3,68,25,50,44,73,68,"190cm | 6'3""",0,-,-,Dynamo Dresden,France
Andrea Costa,68,CB,,0,2,3,68,47,53,62,69,70,"182cm | 6'0""",0,-,-,Sampdoria,Italy
Derek Asamoah,68,RW,,0,2,3,85,60,61,71,48,56,"168cm | 5'6""",0,-,-,Pohang Steelers,Ghana
Diego Biseswar,68,RW,,0,4,3,75,68,55,75,48,63,"171cm | 5'7""",0,-,-,Feyenoord,Netherlands
Marko Lomić,68,LB,,0,3,4,66,45,75,62,68,62,"187cm | 6'2""",0,-,-,Dinamo Moskva,Serbia
Yoni Buyens,68,CDM,,0,2,3,70,54,64,61,68,71,"182cm | 6'0""",0,-,-,Standard de Liège,Belgium
Mahamadou Habib Habibou,68,LW,,0,2,3,80,67,55,65,53,69,"192cm | 6'4""",0,-,-,SV Zulte-Waregem,France
Tamás Priskin,68,ST,,0,3,3,70,66,50,55,61,80,"191cm | 6'3""",0,-,-,Ipswich Town,Hungary
Keith Treacy,68,LM,,0,3,4,79,67,64,68,52,61,"183cm | 6'0""",0,-,-,Burnley,Republic of Ireland
Fernando Forestieri,68,CF,,0,4,3,77,64,58,75,44,49,"172cm | 5'8""",0,-,-,Bari,Italy
David Abwo,68,CAM,,0,3,5,86,63,61,73,50,60,"170cm | 5'7""",0,-,-,Zagłębie Lubin,Nigeria
Liam Trotter,68,CM,,0,2,1,66,61,68,68,67,70,"188cm | 6'2""",0,-,-,Millwall,England
Valeri Domovchiyski,68,CF,,0,3,3,70,64,53,71,50,69,"180cm | 5'11""",0,-,-,MSV Duisburg,Bulgaria
Rouwen Hennings,68,LW,,0,3,3,75,70,62,66,55,63,"180cm | 5'11""",0,-,-,FC St. Pauli,Germany
Saidi Ntibazonkiza,68,CF,,0,3,3,92,61,51,72,47,62,"170cm | 5'7""",0,-,-,Cracovia Kraków,Burundi
Marcos Camozzato,68,RB,,0,2,2,74,62,73,72,64,63,"177cm | 5'10""",0,-,-,Club Brugge KV,Brazil
Edgar Gerardo Lugo,68,CAM,,0,3,2,78,63,64,70,54,57,"182cm | 6'0""",0,-,-,Monarcas Morelia,Mexico
Charlie Davies,68,ST,,0,4,4,78,67,52,69,53,66,"178cm | 5'10""",0,-,-,D.C. United,United States
Dane Richards,68,RM,,0,3,2,93,66,58,72,48,52,"170cm | 5'7""",0,-,-,New York Red Bulls,Jamaica
Sam Vokes,68,ST,,0,3,3,66,62,54,65,57,77,"188cm | 6'2""",0,-,-,Wolverhampton Wanderers,Wales
Nick LaBrocca,68,CAM,,0,2,3,69,64,67,67,62,62,"178cm | 5'10""",0,-,-,Club Deportivo Chivas USA,United States
Xavier Baez,68,CM,,0,2,3,76,58,68,66,66,62,"170cm | 5'7""",0,-,-,Guadalajara,Mexico
Lorenzo Davids,68,LM,,0,2,3,70,61,65,68,66,70,"180cm | 5'11""",0,-,-,FC Augsburg,Suriname
Robbie Findley,68,ST,,0,3,3,91,64,47,69,51,62,"175cm | 5'9""",0,-,-,Nottingham Forest,United States
Michael Theoklitos,68,GK,,0,1,3,66,67,70,71,45,68,"186cm | 6'1""",0,-,-,Brisbane Roar Football Club,Australia
Nick Carle,68,CAM,,0,4,3,65,59,64,72,52,49,"174cm | 5'9""",0,-,-,Sydney FC,Australia
Jan Holenda,68,ST,,0,3,3,59,64,52,62,60,74,"186cm | 6'1""",0,-,-,Anzhi Makhachkala,Czech Republic
Michal Švec,68,CDM,,0,2,3,65,47,63,66,66,66,"181cm | 5'11""",0,-,-,sc Heerenveen,Czech Republic
Timur Kapadze,68,LW,,0,3,4,82,54,62,72,55,55,"185cm | 6'1""",0,-,-,Incheon United FC,Uzbekistan
Luis Miguel Noriega,68,CDM,,0,2,3,71,58,66,66,71,65,"172cm | 5'8""",0,-,-,Monarcas Morelia,Mexico
Mitchell Langerak,68,GK,,0,1,3,70,64,67,75,45,63,"192cm | 6'4""",0,-,-,Borussia Dortmund,Australia
Martin Männel,68,GK,,0,1,3,68,67,64,71,65,66,"184cm | 6'0""",0,-,-,FC Erzgebirge Aue,Germany
Thorsten Kirschbaum,68,GK,,0,1,3,70,67,74,70,60,62,"194cm | 6'4""",0,-,-,Energie Cottbus,Germany
Jérémy Taravel,68,CB,,0,2,3,69,42,54,42,70,72,"188cm | 6'2""",0,-,-,Sporting Lokeren OV,France
Torben Joneleit,68,CB,,0,2,2,58,32,57,42,71,70,"186cm | 6'1""",0,-,-,KRC Genk,Germany
Laionel Silva Ramalho,68,LW,,0,3,3,78,68,60,70,39,46,"173cm | 5'8""",0,-,-,Barcelos,Brazil
Georges Mandjeck,68,CDM,,0,2,3,72,46,64,70,70,62,"183cm | 6'0""",0,-,-,Stade Rennais FC,Cameroon
James Henry,68,RM,,0,3,3,76,65,73,66,44,52,"182cm | 6'0""",0,-,-,Millwall,England
Alexander Stolz,68,GK,,0,1,2,74,70,69,64,48,66,"189cm | 6'2""",0,-,-,VfB Stuttgart,Germany
Fagner Conserva Lemos,68,RB,,0,3,3,85,66,73,76,65,59,"168cm | 5'6""",0,-,-,Vasco da Gama,Brazil
Andreas Bjelland,68,CB,,0,2,4,64,47,59,55,73,72,"188cm | 6'2""",0,-,-,FC Nordsjælland,Denmark
Vincent Muratori,68,LB,,0,2,3,67,26,63,52,67,71,"180cm | 5'11""",0,-,-,AS Monaco FC,France
Jay Emmanuel-Thomas,68,LM,,0,3,2,78,63,67,71,61,72,"183cm | 6'0""",0,-,-,Ipswich Town,England
Jin Hyung Song,68,RM,,0,4,4,81,62,65,68,38,33,"176cm | 5'9""",0,-,-,Tours FC,Korea Republic
Adam Nemec,68,ST,,0,2,4,59,65,50,57,54,74,"190cm | 6'3""",0,-,-,1. FC Kaiserslautern,Slovakia
Ion Echaide Sola,68,CB,,0,2,3,64,43,49,55,70,74,"183cm | 6'0""",0,-,-,Club Atlético Osasuna,Spain
Michele Arcari,68,GK,,0,1,2,68,67,62,70,35,68,"184cm | 6'0""",0,-,-,Brescia,Italy
Tomasz Kupisz,68,RM,,0,2,3,81,56,66,67,58,58,"182cm | 6'0""",0,-,-,Jagiellonia Białystok,Poland
Stef Nijland,68,LM,,0,3,5,76,64,57,70,49,61,"187cm | 6'2""",0,-,-,N.E.C.,Netherlands
Joe Allen,68,CM,,0,3,3,68,53,70,69,57,57,"168cm | 5'6""",0,-,-,Swansea City,Wales
Assani Lukimya,68,CB,,0,2,3,63,32,42,42,76,56,"190cm | 6'3""",0,-,-,Fortuna Düsseldorf,DR Congo
Vladimir Koman,68,CAM,,0,3,4,73,64,66,70,56,55,"173cm | 5'8""",0,-,-,Sampdoria,Hungary
Odion Ighalo,68,ST,,0,3,3,77,63,50,74,57,71,"188cm | 6'2""",0,-,-,Granada Club de Fútbol,Nigeria
Vasco Fernandes,68,RB,,0,2,3,82,45,58,63,67,67,"181cm | 5'11""",0,-,-,SC Beira Mar,Portugal
Gonzalo Zárate,68,RM,,0,4,4,79,66,63,75,34,52,"184cm | 6'0""",0,-,-,FC Red Bull Salzburg,Argentina
Thomas Rogne,68,CB,,0,2,3,64,24,55,52,74,66,"191cm | 6'3""",0,-,-,Celtic,Norway
Denis Odoi,68,RB,,0,2,4,82,49,62,68,63,73,"178cm | 5'10""",0,-,-,RSC Anderlecht,Belgium
Joshua King,68,ST,,0,3,2,90,64,53,73,49,61,"185cm | 6'1""",0,-,-,Borussia M'gladbach,Norway
Kyle Bartley,68,CB,,0,2,3,72,27,44,34,75,62,"194cm | 6'4""",0,-,-,Rangers,England
Roman Neustädter,68,CDM,,0,2,3,62,54,62,63,72,69,"190cm | 6'3""",0,-,-,Borussia M'gladbach,Germany
Adam Clayton,68,CM,,0,2,4,69,62,65,69,64,47,"175cm | 5'9""",0,-,-,Leeds United,England
Beg Ferati,68,CB,,0,2,3,61,43,58,60,71,73,"188cm | 6'2""",0,-,-,SC Freiburg,Switzerland
Sean Scannell,68,ST,,0,4,3,81,66,60,75,53,51,"175cm | 5'9""",0,-,-,Crystal Palace,Republic of Ireland
Jan-Arie van der Heijden,68,CDM,,0,2,3,51,64,69,64,69,58,"185cm | 6'1""",0,-,-,Vitesse,Netherlands
Geoff Cameron,68,CB,,0,3,3,75,63,65,66,72,78,"191cm | 6'3""",0,-,-,Houston Dynamo,United States
Raphael Wolf,68,GK,,0,1,3,71,62,60,74,51,68,"190cm | 6'3""",0,-,-,KSV Superfund,Germany
Freddie Sears,68,RM,,0,3,4,80,67,55,73,47,55,"170cm | 5'7""",0,-,-,West Ham United,England
Georgie Welcome,68,ST,,0,3,3,77,65,42,64,56,58,"193cm | 6'4""",0,-,-,Atlas,Honduras
Will Buckley,68,RM,,0,2,2,83,58,53,69,50,60,"183cm | 6'0""",0,-,-,Brighton &amp; Hove Albion,England
Abraham Darío Carreño,68,ST,,0,2,3,70,65,50,67,48,65,"188cm | 6'2""",0,-,-,Monterrey,Mexico
Francisco Acuña,68,RM,,0,4,3,82,57,62,72,39,54,"165cm | 5'5""",0,-,-,Tigres U.A.N.L.,Mexico
Kalú Gastelum,68,CDM,,0,2,3,62,55,60,64,68,64,"173cm | 5'8""",0,-,-,Monarcas Morelia,Mexico
Antônio Rogério Silva Oliveira,68,CAM,,0,4,3,88,67,70,77,50,68,"177cm | 5'10""",0,-,-,Chunnam Dragons,Brazil
David Meyler,68,CM,,0,2,3,68,60,73,65,70,68,"190cm | 6'3""",0,-,-,Sunderland,Republic of Ireland
Kanu,68,CAM,,0,3,2,68,67,63,72,62,68,"190cm | 6'3""",0,-,-,RSC Anderlecht,Brazil
Grzegorz Sandomierski,68,GK,,0,1,3,77,64,67,72,55,61,"196cm | 6'5""",0,-,-,KRC Genk,Poland
Thomas Oar,68,LM,,0,3,2,89,66,60,65,39,62,"169cm | 5'7""",0,-,-,FC Utrecht,Australia
Valery Nahayo,68,CB,,0,2,3,74,48,51,49,72,73,"190cm | 6'3""",0,-,-,KAA Gent,Burundi
Bongani Khumalo,68,CB,,0,2,3,75,22,21,30,71,74,"188cm | 6'2""",0,-,-,Reading,South Africa
Fábio do Passo Faria,68,CB,,0,2,3,55,48,62,54,73,64,"190cm | 6'3""",0,-,-,Paços Ferreira,Portugal
Marco Pappa,68,LM,,0,4,2,79,69,61,71,51,49,"175cm | 5'9""",0,-,-,Chicago Fire,Guatemala
Thiago Rangel Cionek,68,CB,,0,2,2,75,30,49,41,71,62,"184cm | 6'0""",0,-,-,Jagiellonia Białystok,Brazil
João Aurélio,68,RM,,0,3,3,73,64,64,69,67,68,"185cm | 6'1""",0,-,-,CD Nacional,Portugal
Tunay Torun,68,CF,,0,3,4,74,62,61,73,44,64,"181cm | 5'11""",0,-,-,Hertha BSC,Turkey
Tom Hateley,68,CDM,,0,3,2,68,59,66,68,68,67,"180cm | 5'11""",0,-,-,Motherwell,England
Deniz Naki,68,LW,,0,4,4,77,61,64,72,46,61,"176cm | 5'9""",0,-,-,FC St. Pauli,Germany
Junior Stanislas,68,RM,,0,2,3,83,66,60,73,46,46,"183cm | 6'0""",0,-,-,Burnley,England
Ben Mee,68,CB,,0,2,3,69,44,52,47,70,77,"180cm | 5'11""",0,-,-,Burnley,England
Éder,68,ST,,0,2,3,72,60,48,66,58,65,"188cm | 6'2""",0,-,-,Académica Coimbra,Guinea Bissau
Igor Martínez Caseras,68,RW,,0,3,3,74,66,65,72,48,58,"170cm | 5'7""",0,-,-,Athletic Club de Bilbao,Spain
Daniel Opare,68,RB,,0,2,4,90,53,66,70,66,69,"174cm | 5'9""",0,-,-,Standard de Liège,Ghana
Reynaldo Dos Santos Silva,68,RM,,0,4,4,82,61,59,75,38,53,"172cm | 5'8""",0,-,-,RSC Anderlecht,Brazil
Stefan Frei,68,GK,,0,1,2,71,68,72,70,42,68,"191cm | 6'3""",0,-,-,Toronto FC,Switzerland
Benjamin André,68,RM,,0,3,3,80,54,59,71,47,47,"177cm | 5'10""",0,-,-,AC Ajaccio,France
Jan Kirchhoff,68,CB,,0,2,3,54,40,64,42,71,69,"195cm | 6'5""",0,-,-,1. FSV Mainz 05,Germany
Werley Ananias da Silva,68,CB,,0,2,3,75,45,51,50,73,58,"184cm | 6'0""",0,-,-,Atlético Mineiro,Brazil
Tolgay Arslan,68,CAM,,0,3,4,77,67,59,70,41,54,"180cm | 5'11""",0,-,-,Hamburger SV,Germany
François Affolter,68,CB,,0,2,3,73,41,60,59,70,68,"186cm | 6'1""",0,-,-,BSC Young Boys,Switzerland
Jóhann Berg Gudmundsson,68,LW,,0,3,3,77,64,56,69,48,50,"186cm | 6'1""",0,-,-,AZ Alkmaar,Iceland
Tripy Makonda,68,LB,,0,3,3,79,58,68,70,67,56,"180cm | 5'11""",0,-,-,Stade Brestois 29,France
Sang Wun Han,68,CAM,,0,3,3,71,68,63,64,54,66,"182cm | 6'0""",0,-,-,Busan I'Park,Korea Republic
Wesley Barbosa De Morais,68,CF,,0,2,2,76,67,60,72,49,69,"175cm | 5'9""",0,-,-,Atlético Mineiro,Brazil
Andrea Bertolacci,68,CM,,0,2,3,68,59,73,66,64,69,"179cm | 5'10""",0,-,-,Lecce,Italy
Rene Krhin,68,CM,,0,3,4,58,59,70,67,66,61,"189cm | 6'2""",0,-,-,Bologna,Slovenia
Patric Cabral Lalau,68,RB,,0,3,3,85,60,64,77,69,64,"172cm | 5'8""",0,-,-,Atlético Mineiro,Brazil
Shkodran Mustafi,68,CB,,0,2,3,68,51,49,36,68,77,"184cm | 6'0""",0,-,-,Everton,Germany
Nwankwo Obiora,68,CDM,,0,2,3,71,39,63,64,68,68,"183cm | 6'0""",0,-,-,Parma,Nigeria
Florian Trinks,68,CAM,,0,3,3,69,65,64,70,49,63,"185cm | 6'1""",0,-,-,Werder Bremen,Germany
Lennart Thy,68,ST,,0,3,3,74,66,56,73,48,64,"184cm | 6'0""",0,-,-,Werder Bremen,Germany
Héctor Rodas,68,CB,,0,2,3,50,52,55,47,75,60,"190cm | 6'3""",0,-,-,Levante Unión Deportiva S.A.D.,Spain
Andreas Luthe,68,GK,,0,1,2,68,63,64,75,45,68,"194cm | 6'4""",0,-,-,VfL Bochum,Germany
Tongo Doumbia,68,CDM,,0,3,3,72,55,67,67,70,76,"192cm | 6'4""",0,-,-,Stade Rennais FC,France
Mateusz Klich,68,CAM,,0,3,4,61,60,70,68,50,58,"183cm | 6'0""",0,-,-,VfL Wolfsburg,Poland
Diego Renan de Lima Ferreira,68,LB,,0,3,4,74,65,70,71,70,58,"172cm | 5'8""",0,-,-,Cruzeiro,Brazil
Diego Chaves,68,ST,,0,3,2,68,65,39,69,46,63,"178cm | 5'10""",0,-,-,Chicago Fire,Uruguay
Pierrick Cros,68,GK,,0,1,3,71,65,62,77,37,69,"185cm | 6'1""",0,-,-,FC Sochaux-Montbéliard,France
Aleksandar Ignjovski,68,CDM,,0,3,4,74,56,66,66,68,61,"175cm | 5'9""",0,-,-,Werder Bremen,Serbia
Ruud Boymans,68,ST,,0,2,3,51,67,50,54,56,65,"188cm | 6'2""",0,-,-,AZ Alkmaar,Netherlands
Alexandre Lacazette,68,ST,,0,4,3,80,65,62,71,47,60,"175cm | 5'9""",0,-,-,Olympique Lyonnais,France
Nick Viergever,68,CB,,0,2,3,66,50,66,64,69,63,"182cm | 6'0""",0,-,-,AZ Alkmaar,Netherlands
Žarko Tomaševic,68,CB,,0,2,5,66,55,65,66,72,64,"188cm | 6'2""",0,-,-,CD Nacional,Montenegro
Adam Matthews,68,RB,,0,2,3,79,56,65,61,70,64,"178cm | 5'10""",0,-,-,Celtic,Wales
André Pinto,68,CB,,0,2,2,53,52,48,45,76,57,"193cm | 6'4""",0,-,-,S.C. Olhanense,Portugal
Jukka Raitala,68,LB,,0,2,4,68,36,60,59,68,70,"181cm | 5'11""",0,-,-,Club Atlético Osasuna,Finland
Giacomo Brichetto,68,GK,,0,1,2,70,67,60,70,34,70,"194cm | 6'4""",0,-,-,Palermo,Italy
Tomoaki Makino,68,RB,,0,2,4,65,38,62,64,68,72,"182cm | 6'0""",0,-,-,1. FC Köln,Japan
Pablo Herrera,68,RM,,0,4,4,81,65,58,75,65,52,"167cm | 5'6""",0,-,-,Aalesunds FK,Costa Rica
Luca Marrone,68,CDM,,0,3,3,64,55,68,65,70,65,"186cm | 6'1""",0,-,-,Juventus,Italy
Gonzalo Jara,68,CDM,,0,2,3,72,45,62,57,69,71,"178cm | 5'10""",0,-,-,West Bromwich Albion,Chile
Craig Dawson,68,CB,,0,2,2,68,32,36,34,68,75,"188cm | 6'2""",0,-,-,West Bromwich Albion,England
Johan Martial,68,CB,,0,2,3,58,29,56,45,69,69,"184cm | 6'0""",0,-,-,Stade Brestois 29,France
Antonio Ferreira,68,CB,,0,3,3,81,60,65,58,70,65,"191cm | 6'3""",0,-,-,Terek Grozny,Brazil
Jamie Ness,68,CM,,0,3,3,73,53,69,69,68,70,"177cm | 5'10""",0,-,-,Rangers,Scotland
Mirkan Aydin,68,ST,,0,2,4,72,66,53,68,53,68,"188cm | 6'2""",0,-,-,VfL Bochum,Germany
Chaher Zarour,68,CB,,0,2,3,54,28,51,41,72,71,"188cm | 6'2""",0,-,-,Dijon FCO,France
Charlie Austin,68,ST,,0,2,3,80,65,22,60,51,70,"188cm | 6'2""",0,-,-,Burnley,England
Brou Benjamin Angoua,68,CB,,0,2,3,67,37,58,45,71,73,"183cm | 6'0""",0,-,-,Valenciennes FC,Ivory Coast
Juan Agudelo,68,ST,,0,3,3,80,64,47,71,54,72,"185cm | 6'1""",0,-,-,New York Red Bulls,United States
Ibrahima Baldé,68,ST,,0,3,2,72,65,34,58,55,78,"187cm | 6'2""",0,-,-,Club Atlético Osasuna,Senegal
Teal Bunbury,68,ST,,0,3,3,80,65,47,68,56,74,"188cm | 6'2""",0,-,-,Kansas City Wizards,United States
Diego Fabbrini,68,LW,,0,4,3,75,62,64,69,52,55,"181cm | 5'11""",0,-,-,Udinese,Italy
Giulio Donati,68,RB,,0,2,2,71,51,66,60,69,65,"178cm | 5'10""",0,-,-,Padua,Italy
Denis Alibec,68,ST,,0,2,3,65,64,47,63,51,69,"180cm | 5'11""",0,-,-,KV Mechelen,Romania
Esteban Alvarado,68,GK,,0,1,2,67,71,70,73,45,62,"193cm | 6'4""",0,-,-,AZ Alkmaar,Costa Rica
Josuha Guilavogui,68,CDM,,0,2,3,69,41,57,42,72,68,"192cm | 6'4""",0,-,-,A.S. Saint-Etienne,France
Greg Cunningham,68,LB,,0,2,3,70,57,52,65,67,66,"183cm | 6'0""",0,-,-,Manchester City,Republic of Ireland
Petar Slišković,68,ST,,0,2,4,74,65,53,68,52,63,"193cm | 6'4""",0,-,-,FC St. Pauli,Croatia
Jorge Enríquez,68,CDM,,0,2,3,61,55,60,62,72,56,"189cm | 6'2""",0,-,-,Guadalajara,Mexico
Grant Hanley,68,CB,,0,2,3,64,34,53,34,69,72,"188cm | 6'2""",0,-,-,Blackburn Rovers,Scotland
Alexandru Ioniţă,68,ST,,0,3,4,68,65,51,61,50,69,"185cm | 6'1""",0,-,-,1. FC Köln,Romania
John Guidetti,68,ST,,0,3,3,74,66,54,69,52,65,"185cm | 6'1""",0,-,-,Feyenoord,Sweden
Glynor Plet,68,ST,,0,2,3,39,66,49,64,54,60,"194cm | 6'4""",0,-,-,Heracles Almelo,Netherlands
Jorge Miguel Feijoca Chula,68,LW,,0,4,4,83,59,59,73,32,40,"171cm | 5'7""",0,-,-,"União de Leiria, SAD",Portugal
Aras Özbiliz,68,RW,,0,4,4,87,65,50,76,44,52,"175cm | 5'9""",0,-,-,Ajax,Armenia
Jean Carlos Solórzano,68,ST,,0,3,3,84,62,43,70,53,58,"180cm | 5'11""",0,-,-,Melbourne Victory FC,Costa Rica
Vujadin Savić,68,CB,,0,2,3,40,32,50,46,71,74,"193cm | 6'4""",0,-,-,Girondins de Bordeaux,Serbia
Ibrahima Conté,68,RW,,0,3,4,79,56,60,75,42,51,"174cm | 5'9""",0,-,-,KAA Gent,Guinea
Darren McGregor,68,CB,,0,2,3,67,18,47,45,75,71,"183cm | 6'0""",0,-,-,St. Mirren,Scotland
Bit Garam Yoon,68,CM,,0,4,4,69,68,68,66,59,51,"178cm | 5'10""",0,-,-,GyeongNam FC,Korea Republic
Bashkim Kadrii,68,ST,,0,3,4,86,62,46,71,45,61,"176cm | 5'9""",0,-,-,Odense Boldklub,Denmark
Ermin Bicakcic,68,CB,,0,2,3,68,40,52,36,72,70,"185cm | 6'1""",0,-,-,VfB Stuttgart,Germany
Jon Flanagan,68,RB,,0,2,3,76,30,60,46,70,58,"179cm | 5'10""",0,-,-,Liverpool,England
Leigh Griffiths,68,ST,,0,3,3,74,68,62,67,43,62,"170cm | 5'7""",0,-,-,Hibernian,Scotland
Jean-Christophe Bahebeck,68,ST,,0,3,4,74,67,56,69,50,63,"182cm | 6'0""",0,-,-,Paris Saint-Germain,France
Diego Chará,68,CM,,0,3,4,71,63,62,66,64,58,"172cm | 5'8""",0,-,-,Portland,Colombia
Konstantinos Fortounis,68,CAM,,0,3,4,76,64,63,69,47,59,"182cm | 6'0""",0,-,-,1. FC Kaiserslautern,Greece
Romain Rocchi,67,CM,,0,3,3,61,67,65,70,61,65,"183cm | 6'0""",0,-,-,AC Arles Avignon,France
Christophe Landrin,67,CM,,0,3,3,73,62,73,72,64,61,"178cm | 5'10""",0,-,-,AC Arles Avignon,France
Salif Diao,67,CDM,,0,2,3,30,49,67,59,71,71,"183cm | 6'0""",0,-,-,Stoke City,Senegal
Timo Achenbach,67,LB,,0,2,3,68,65,66,66,69,66,"185cm | 6'1""",0,-,-,Alemannia Aachen,Germany
Jon Parkin,67,ST,,0,3,3,63,64,43,61,66,74,"193cm | 6'4""",0,-,-,Cardiff City,England
Bernard Mendy,67,RB,,0,2,3,87,52,58,60,69,68,"178cm | 5'10""",0,-,-,Odense Boldklub,France
Nabil Baha,67,ST,,0,3,3,69,66,52,64,53,77,"181cm | 5'11""",0,-,-,Sabadell FC,Morocco
Grégory Paisley,67,CB,,0,2,3,52,37,55,45,68,66,"184cm | 6'0""",0,-,-,En Avant de Guingamp,France
Thomas Stehle,67,CB,,0,2,3,54,49,56,54,68,75,"180cm | 5'11""",0,-,-,Alemannia Aachen,Germany
Vincenzo Italiano,67,CM,,0,2,3,57,67,70,62,61,58,"175cm | 5'9""",0,-,-,Padua,Italy
Khalid Sinouh,67,GK,,0,1,3,70,65,56,66,51,70,"192cm | 6'4""",0,-,-,PSV,Morocco
Mike Zonneveld,67,CM,,0,2,3,63,72,69,66,64,60,"180cm | 5'11""",0,-,-,NAC Breda,Netherlands
Santi Kolk,67,RW,,0,3,3,67,65,63,68,50,67,"180cm | 5'11""",0,-,-,NAC Breda,Netherlands
Miguel António Ferreira Pedro,67,RW,,0,4,3,79,57,62,70,46,53,"175cm | 5'9""",0,-,-,Santa Maria,Portugal
Emanuel J. Bonfim Evaristo,67,RW,,0,3,4,92,45,52,74,57,63,"171cm | 5'7""",0,-,-,Legia Warszawa,Portugal
Francisco Pérez Rufete,67,RM,,0,3,3,58,64,72,71,59,48,"176cm | 5'9""",0,-,-,Hércules Club de Fútbol S.A.D.,Spain
Nicolai Stokholm,67,CM,,0,2,3,59,67,71,56,70,70,"182cm | 6'0""",0,-,-,FC Nordsjælland,Denmark
José Saez,67,CM,,0,3,4,53,60,65,61,64,60,"170cm | 5'7""",0,-,-,Valenciennes FC,France
Laurent Delorge,67,RM,,0,2,2,76,58,67,64,63,56,"179cm | 5'10""",0,-,-,Roda JC,Belgium
Louis Carey,67,CB,,0,2,3,45,31,45,38,69,78,"178cm | 5'10""",0,-,-,Bristol City,Scotland
Timo Ochs,67,GK,,0,1,3,69,66,54,72,49,64,"189cm | 6'2""",0,-,-,TSV 1860 München,Germany
Mark Gower,67,CM,,0,2,3,53,61,69,63,64,56,"180cm | 5'11""",0,-,-,Swansea City,England
Goran Šukalo,67,CDM,,0,2,3,56,60,64,59,73,74,"193cm | 6'4""",0,-,-,MSV Duisburg,Slovenia
Stefan Wessels,67,GK,,0,1,3,72,64,53,71,52,64,"190cm | 6'3""",0,-,-,Odense Boldklub,Germany
Andreas Görlitz,67,RB,,0,2,3,68,58,66,68,67,64,"179cm | 5'10""",0,-,-,FC Ingolstadt 04,Germany
Luca Belingheri,67,RM,,0,2,3,73,60,66,66,62,61,"183cm | 6'0""",0,-,-,Livorno,Italy
Sascha Rösler,67,CF,,0,3,4,70,67,64,64,60,69,"185cm | 6'1""",0,-,-,Fortuna Düsseldorf,Germany
Nicolas Gillet,67,CB,,0,2,3,29,55,59,42,71,78,"188cm | 6'2""",0,-,-,Angers SCO,France
Altin Lala,67,CDM,,0,2,3,48,60,69,64,67,69,"172cm | 5'8""",0,-,-,Hannover 96,Albania
Florian Heller,67,ST,,0,3,3,68,63,69,73,66,69,"179cm | 5'10""",0,-,-,1. FSV Mainz 05,Germany
David Connolly,67,ST,,0,2,3,58,67,46,69,48,62,"175cm | 5'9""",0,-,-,Southampton,Republic of Ireland
John Oster,67,CM,,0,3,3,72,57,68,69,63,60,"175cm | 5'9""",0,-,-,Doncaster Rovers,Wales
Philipp Bönig,67,LB,,0,2,2,68,48,64,57,68,68,"178cm | 5'10""",0,-,-,VfL Bochum,Germany
Steve Simonsen,67,GK,,0,1,2,68,67,67,68,53,67,"188cm | 6'2""",0,-,-,Sheffield United,England
Michał Żewłakow,67,CB,,0,2,3,68,50,62,54,67,65,"182cm | 6'0""",0,-,-,Legia Warszawa,Poland
Alje Schut,67,CB,,0,2,3,32,36,48,30,75,60,"193cm | 6'4""",0,-,-,FC Utrecht,Netherlands
Andy Williams,67,CAM,,0,3,4,64,65,66,67,49,42,"173cm | 5'8""",0,-,-,Real Salt Lake,Jamaica
Karel Geraerts,67,CM,,0,2,3,60,65,65,55,71,69,"186cm | 6'1""",0,-,-,OHL,Belgium
Matt Reis,67,GK,,0,1,4,70,64,72,67,60,64,"185cm | 6'1""",0,-,-,New England Revolution,United States
Giacomo Tedesco,67,CM,,0,3,4,59,63,72,66,65,57,"176cm | 5'9""",0,-,-,Reggina,Italy
Michael Lamey,67,RB,,0,2,3,71,48,69,56,73,63,"186cm | 6'1""",0,-,-,Wisła Kraków,Netherlands
Iain Hume,67,CF,,0,3,3,83,67,64,68,54,74,"170cm | 5'7""",0,-,-,Preston North End,Canada
Carlos Edwards,67,RM,,0,4,4,74,63,61,73,63,58,"180cm | 5'11""",0,-,-,Ipswich Town,Trinidad &amp; Tobago
Brian Stock,67,CM,,0,3,3,65,67,68,66,62,59,"180cm | 5'11""",0,-,-,Doncaster Rovers,Wales
Frank Demouge,67,ST,,0,2,3,34,66,44,52,63,64,"190cm | 6'3""",0,-,-,FC Utrecht,Netherlands
David Generelo Miranda,67,CM,,0,3,4,57,67,71,57,67,52,"183cm | 6'0""",0,-,-,Elche Club de Fútbol S.A.D.,Spain
Juan Manuel Gómez Sánchez,67,RW,,0,3,2,69,60,66,67,56,52,"176cm | 5'9""",0,-,-,Real Betis Balompié S.A.D. ,Spain
Rui Orlando Ribeiro Santos Neto,67,CB,,0,2,4,51,52,52,43,72,73,"183cm | 6'0""",0,-,-,Académica Coimbra,Portugal
Jofre Mateu González,67,LW,,0,3,3,71,57,60,73,43,54,"171cm | 5'7""",0,-,-,Real Valladolid Club de Fútbol S.A.D.,Spain
Luís Filipe Rodrigues Fernandes,67,RB,,0,2,2,73,51,66,67,68,61,"182cm | 6'0""",0,-,-,S.C. Olhanense,Portugal
Hugo Miguel Fernandes Vieira,67,CB,,0,2,3,60,49,57,51,70,70,"182cm | 6'0""",0,-,-,SC Beira Mar,Portugal
Fitz Hall,67,CB,,0,2,3,55,42,49,57,69,75,"193cm | 6'4""",0,-,-,Queens Park Rangers,England
Martin Albrechtsen,67,CB,,0,2,4,68,47,52,52,70,71,"186cm | 6'1""",0,-,-,FC Midtjylland,Denmark
Julien Cardy,67,CDM,,0,2,3,68,51,71,67,59,64,"176cm | 5'9""",0,-,-,Tours FC,France
José Ramón Romero Urtasun,67,CB,,0,2,3,43,43,48,40,70,61,"185cm | 6'1""",0,-,-,Sociedad Deportiva Huesca S.A.D.,Spain
Egoitz Jaio Gabiola,67,CB,,0,2,3,52,36,44,39,71,63,"186cm | 6'1""",0,-,-,Club Deportivo Numancia de Soria S.A.D. ,Spain
Andreas Johansson,67,CDM,,0,2,3,55,58,66,51,68,70,"184cm | 6'0""",0,-,-,VfL Bochum,Sweden
Javier Baraja Vegas,67,CB,,0,2,3,58,61,65,59,68,68,"179cm | 5'10""",0,-,-,Real Valladolid Club de Fútbol S.A.D.,Spain
Robbie Russell,67,RB,,0,2,3,88,51,60,58,70,63,"180cm | 5'11""",0,-,-,Real Salt Lake,United States
Christian Vander,67,GK,,0,1,2,67,63,59,70,45,68,"195cm | 6'5""",0,-,-,Werder Bremen,Germany
Ibrahima Sonko,67,CB,,0,2,3,65,36,42,45,69,72,"191cm | 6'3""",0,-,-,Ipswich Town,Senegal
Bas Sibum,67,CM,,0,3,4,60,63,68,59,68,76,"180cm | 5'11""",0,-,-,Alemannia Aachen,Netherlands
Benjamin Gavanon,67,CM,,0,2,3,58,57,69,58,68,62,"180cm | 5'11""",0,-,-,Amiens SC,France
Oliver Barth,67,CB,,0,2,3,35,38,53,40,70,65,"188cm | 6'2""",0,-,-,SC Freiburg,Germany
Daniel Gygax,67,RW,,0,4,3,82,62,58,67,51,60,"179cm | 5'10""",0,-,-,FC Luzern,Switzerland
Ryan Stevenson,67,CAM,,0,3,4,67,65,63,67,64,68,"180cm | 5'11""",0,-,-,Heart of Midlothian,Scotland
Kevin Roelandts,67,CAM,,0,2,4,45,69,67,66,59,66,"185cm | 6'1""",0,-,-,OHL,Belgium
Jimmy Hempte,67,LB,,0,2,2,69,66,70,61,66,58,"180cm | 5'11""",0,-,-,Roda JC,Belgium
Xavier Margairaz,67,CM,,0,3,4,67,68,70,68,66,69,"185cm | 6'1""",0,-,-,FC Zürich,Switzerland
Davy De Beule,67,RM,,0,3,3,66,64,64,67,53,60,"180cm | 5'11""",0,-,-,Roda JC,Belgium
Casper Ankergren,67,GK,,0,1,1,70,59,57,76,55,63,"190cm | 6'3""",0,-,-,Brighton &amp; Hove Albion,Denmark
Chris Riggott,67,CB,,0,2,3,61,39,43,44,67,75,"183cm | 6'0""",0,-,-,Derby County,England
Jesús Capitán Prado,67,CAM,,0,3,4,57,58,72,70,52,45,"182cm | 6'0""",0,-,-,Xerez Club Deportivo S.A.D.,Spain
Kirk Broadfoot,67,RB,,0,2,4,70,32,62,57,71,64,"191cm | 6'3""",0,-,-,Rangers,Scotland
Michael Liendl,67,LM,,0,3,3,71,66,64,69,50,59,"175cm | 5'9""",0,-,-,FK Austria Wien,Austria
Barry Robson,67,CM,,0,3,3,61,71,72,70,67,73,"180cm | 5'11""",0,-,-,Middlesbrough,Scotland
David García de La Cruz,67,LB,,0,2,3,72,47,61,56,70,60,"178cm | 5'10""",0,-,-,Girona Fútbol Club S.A.D. ,Spain
Killian Overmeire,67,CDM,,0,2,4,69,59,66,60,70,70,"188cm | 6'2""",0,-,-,Sporting Lokeren OV,Belgium
Shung Hoon Jeong,67,ST,,0,3,4,56,66,50,63,58,81,"187cm | 6'2""",0,-,-,Jeonbuk Hyundai Motors,Korea Republic
Tae Uk Choi,67,RW,,0,3,4,81,59,63,66,54,56,"173cm | 5'8""",0,-,-,FC Seoul,Korea Republic
Brian Mullan,67,RM,,0,3,3,77,61,62,66,62,56,"173cm | 5'8""",0,-,-,Colorado Rapids,United States
Chi Gon Kim,67,CB,,0,2,4,53,51,57,49,70,75,"183cm | 6'0""",0,-,-,Gwangju Sangmu FC,Korea Republic
Hans Cornelis,67,RB,,0,2,3,67,60,66,63,65,62,"182cm | 6'0""",0,-,-,KSV Cercle Brugge,Belgium
Grégory Tafforeau,67,LB,,0,2,3,56,56,68,63,67,67,"175cm | 5'9""",0,-,-,Stade Malherbe Caen,France
Dominik Reinhardt,67,RB,,0,2,3,63,36,54,45,70,64,"188cm | 6'2""",0,-,-,FC Augsburg,Germany
David Sauget,67,RB,,0,3,3,60,38,66,60,66,63,"175cm | 5'9""",0,-,-,FC Sochaux-Montbéliard,France
Jiayi Shao,67,RM,,0,4,3,64,71,67,68,48,55,"188cm | 6'2""",0,-,-,MSV Duisburg,China PR
Callsen-Bracker,67,CDM,,0,2,3,60,34,60,46,72,65,"187cm | 6'2""",0,-,-,FC Augsburg,Germany
Peter Hlinka,67,CDM,,0,2,4,62,59,59,64,72,74,"191cm | 6'3""",0,-,-,FK Austria Wien,Slovakia
Iñaki Goitia Peña,67,GK,,0,1,3,73,71,63,66,45,62,"188cm | 6'2""",0,-,-,Real Betis Balompié S.A.D. ,Spain
Alexander Bugera,67,LB,,0,2,3,61,66,70,65,66,61,"180cm | 5'11""",0,-,-,1. FC Kaiserslautern,Germany
Jeroen Verhoeven,67,GK,,0,1,2,62,70,70,72,42,66,"197cm | 6'6""",0,-,-,Ajax,Netherlands
Necat Aygün,67,CB,,0,2,3,46,34,35,32,70,62,"190cm | 6'3""",0,-,-,TSV 1860 München,Turkey
Simone Rizzato,67,LM,,0,3,3,84,54,60,65,65,64,"174cm | 5'9""",0,-,-,Reggina,Italy
Lúcio Carlos Cajueiro Souza,67,LB,,0,3,2,82,60,72,70,64,59,"176cm | 5'9""",0,-,-,Grêmio,Brazil
Alessandro Parisi,67,LB,,0,2,2,59,63,65,61,69,62,"184cm | 6'0""",0,-,-,F. Torino,Italy
Jesper Jørgensen,67,CM,,0,2,4,68,66,56,67,62,51,"185cm | 6'1""",0,-,-,KAA Gent,Denmark
Jamal Campbell-Ryce,67,LW,,0,3,3,80,62,63,70,46,60,"170cm | 5'7""",0,-,-,Bristol City,Jamaica
Richard Foster,67,RB,,0,2,4,90,37,56,62,68,71,"176cm | 5'9""",0,-,-,Aberdeen,Scotland
Todd Dunivant,67,LB,,0,2,3,68,54,63,65,68,64,"183cm | 6'0""",0,-,-,Los Angeles Galaxy,United States
Gino Coutinho,67,GK,,0,1,2,70,63,65,72,55,64,"180cm | 5'11""",0,-,-,ADO Den Haag,Netherlands
Patrick McCarthy,67,CB,,0,2,3,65,32,35,36,70,77,"185cm | 6'1""",0,-,-,Crystal Palace,Republic of Ireland
David Fox,67,CM,,0,2,4,65,60,74,57,55,43,"175cm | 5'9""",0,-,-,Norwich City,England
Vladan Kujovic,67,GK,,0,1,3,65,67,68,66,59,70,"185cm | 6'1""",0,-,-,Club Brugge KV,Serbia
Helge Payer,67,GK,,0,1,3,67,65,64,70,60,69,"184cm | 6'0""",0,-,-,SK Rapid Wien,Austria
Tomas Danilevicius,67,ST,,0,2,3,55,64,50,58,62,80,"190cm | 6'3""",0,-,-,Stabia,Lithuania
Nicola Pavarini,67,GK,,0,1,2,71,60,61,63,30,72,"188cm | 6'2""",0,-,-,Parma,Italy
Marc Pfertzel,67,RB,,0,2,3,65,55,64,58,70,73,"182cm | 6'0""",0,-,-,1. FC Union Berliln,France
Fabrice Pancrate,67,RW,,0,3,2,87,63,55,66,47,69,"185cm | 6'1""",0,-,-,FC Nantes,France
Sang Sik Kim,67,CDM,,0,2,3,71,54,64,65,70,75,"184cm | 6'0""",0,-,-,Jeonbuk Hyundai Motors,Korea Republic
Greg Halford,67,RB,,0,2,4,58,63,71,61,65,69,"194cm | 6'4""",0,-,-,Portsmouth,England
Goran Lovre,67,CAM,,0,3,5,61,64,67,69,58,70,"189cm | 6'2""",0,-,-,Barnsley,Serbia
Kristian Bak Nielsen,67,CB,,0,2,3,68,40,50,48,74,75,"182cm | 6'0""",0,-,-,FC Midtjylland,Denmark
Mohamed Messoudi,67,CAM,,0,3,3,68,60,63,71,50,59,"178cm | 5'10""",0,-,-,KV Kortrijk,Belgium
Andreas Johansson,67,CAM,,0,3,3,59,62,63,67,58,69,"179cm | 5'10""",0,-,-,Odense Boldklub,Sweden
Juan Carlos Cacho,67,ST,,0,2,3,73,66,58,64,56,64,"178cm | 5'10""",0,-,-,U.N.A.M.,Mexico
Milan Dudić,67,CB,,0,2,4,52,28,48,56,69,78,"184cm | 6'0""",0,-,-,SK Sturm Graz,Serbia
Stanislav Ivanov,67,CM,,0,3,3,67,63,67,70,61,61,"182cm | 6'0""",0,-,-,Lokomotiv Moskva,Moldova
Aleksander Kwiek,67,CM,,0,2,3,66,60,62,66,63,64,"176cm | 5'9""",0,-,-,Górnik Zabrze,Poland
Álvaro Antón Camarero,67,CAM,,0,3,4,71,67,62,70,44,50,"175cm | 5'9""",0,-,-,Fútbol Club Cartagena,Spain
Javier Gandolfi,67,CB,,0,2,3,42,35,56,46,69,67,"178cm | 5'10""",0,-,-,Tijuana,Argentina
Karel D'Haene,67,CB,,0,2,3,47,40,60,48,68,68,"184cm | 6'0""",0,-,-,SV Zulte-Waregem,Belgium
Francisco Sutil Tirado,67,LM,,0,2,3,65,65,72,68,49,44,"173cm | 5'8""",0,-,-,Real Murcia,Spain
Jaime Jiménez Merlo,67,GK,,0,1,3,66,71,59,69,53,63,"188cm | 6'2""",0,-,-,Real Valladolid Club de Fútbol S.A.D.,Spain
Sergio Martínez Mantecón,67,CDM,,0,2,4,62,61,60,56,66,63,"175cm | 5'9""",0,-,-,Elche Club de Fútbol S.A.D.,Spain
Andrés Fernández,67,GK,,0,1,3,62,70,68,69,58,67,"183cm | 6'0""",0,-,-,Club Atlético Osasuna,Spain
Esteban Andrés Suárez,67,GK,,0,1,3,69,66,73,64,44,70,"179cm | 5'10""",0,-,-,Unión Deportiva Almería S.A.D.,Spain
Cristian Bustos Costa,67,CDM,,0,2,3,68,51,53,57,72,61,"175cm | 5'9""",0,-,-,Real Club Celta de Vigo S.A.D.,Spain
Ander Lafuente Aguado,67,LM,,0,3,3,90,59,56,67,36,57,"167cm | 5'6""",0,-,-,Fútbol Club Cartagena,Spain
Samir Muratović,67,CF,,0,3,5,60,66,65,66,64,66,"185cm | 6'1""",0,-,-,SK Sturm Graz,Bosnia Herzegovina
Dimitar Makriev,67,ST,,0,2,3,63,64,55,58,51,69,"191cm | 6'3""",0,-,-,Krylya Sovetov Samara,Bulgaria
Sebastian Mila,67,CAM,,0,3,3,46,65,79,60,51,57,"178cm | 5'10""",0,-,-,Wrocław,Poland
Evgeniy Levchenko,67,CM,,0,3,3,66,64,67,63,68,65,"187cm | 6'2""",0,-,-,Adelaide United,Ukraine
Brian Vandenbussche,67,GK,,0,1,3,70,66,64,67,50,67,"196cm | 6'5""",0,-,-,sc Heerenveen,Belgium
Raio Piiroja,67,CB,,0,2,3,58,40,38,23,70,76,"190cm | 6'3""",0,-,-,Vitesse,Estonia
Tim Gilissen,67,CDM,,0,2,3,66,47,68,68,64,59,"175cm | 5'9""",0,-,-,NAC Breda,Netherlands
Koen van de Laak,67,CAM,,0,2,2,68,63,64,67,60,66,"182cm | 6'0""",0,-,-,FC Groningen,Netherlands
Gennaro Delvecchio,67,CM,,0,3,3,55,65,67,60,71,71,"191cm | 6'3""",0,-,-,Catania,Italy
Paul Codrea,67,CDM,,0,2,3,67,64,69,63,66,62,"174cm | 5'9""",0,-,-,Siena,Romania
Luis Helguera Bujía,67,CDM,,0,2,3,41,58,60,49,68,58,"181cm | 5'11""",0,-,-,Sociedad Deportiva Huesca S.A.D.,Spain
Antonio Buscè,67,RM,,0,2,3,54,61,69,66,68,61,"182cm | 6'0""",0,-,-,Empoli,Italy
Marcos de Paula,67,ST,,0,2,3,63,66,48,61,57,67,"185cm | 6'1""",0,-,-,Bari,Brazil
Paolo Sammarco,67,CM,,0,2,3,66,60,66,64,64,62,"181cm | 5'11""",0,-,-,Chievo Verona,Italy
Sasa Bjelanovic,67,ST,,0,2,3,37,64,48,59,58,78,"188cm | 6'2""",0,-,-,Verona,Croatia
Guilherme do Prado Raymundo,67,CAM,,0,3,3,71,62,64,69,55,60,"189cm | 6'2""",0,-,-,Southampton,Brazil
Daryl Murphy,67,ST,,0,2,3,66,64,60,61,58,72,"189cm | 6'2""",0,-,-,Ipswich Town,Republic of Ireland
Thomas Paulus,67,CB,,0,2,3,50,37,32,42,75,63,"191cm | 6'3""",0,-,-,FC Erzgebirge Aue,Germany
Leonhard Haas,67,CAM,,0,3,3,70,63,63,68,56,62,"182cm | 6'0""",0,-,-,FC Ingolstadt 04,Germany
David Vandenbroeck,67,CB,,0,2,3,45,44,54,47,72,70,"188cm | 6'2""",0,-,-,KV Kortrijk,Belgium
Marko Stanković,67,LM,,0,4,3,74,66,64,71,52,63,"177cm | 5'10""",0,-,-,FK Austria Wien,Austria
Andreas Hölzl,67,RM,,0,3,4,79,58,65,66,53,60,"178cm | 5'10""",0,-,-,SK Sturm Graz,Austria
Ibrahima Sidibé,67,ST,,0,3,3,74,63,54,62,57,70,"193cm | 6'4""",0,-,-,Germinal Beerschot,Senegal
Braulio Luna,67,CM,,0,3,2,59,66,70,66,65,61,"182cm | 6'0""",0,-,-,Estudiantes Tecos,Mexico
Karim Essediri,67,RM,,0,2,3,76,67,68,63,68,58,"185cm | 6'1""",0,-,-,Lillestrøm SK,Tunisia
Bradley Orr,67,RB,,0,2,3,68,48,61,64,70,65,"183cm | 6'0""",0,-,-,Queens Park Rangers,England
Lee Barnard,67,ST,,0,2,3,69,64,44,61,51,70,"178cm | 5'10""",0,-,-,Southampton,England
Àngel Rangel,67,RB,,0,3,3,67,54,69,65,71,75,"188cm | 6'2""",0,-,-,Swansea City,Spain
Jae Won Hwang,67,CB,,0,2,3,60,38,47,47,68,78,"186cm | 6'1""",0,-,-,Suwon Samsung Bluewings,Korea Republic
Chi Woo Kim,67,LM,,0,2,2,82,63,70,59,58,65,"175cm | 5'9""",0,-,-,Gwangju Sangmu FC,Korea Republic
Lukasz Tralka,67,CM,,0,2,3,65,62,70,59,65,69,"186cm | 6'1""",0,-,-,Polonia Warszawa,Poland
Przemysław Kaźmierczak,67,CM,,0,2,2,70,71,66,59,74,69,"191cm | 6'3""",0,-,-,Wrocław,Poland
Henrik Toft,67,ST,,0,2,4,47,64,53,54,59,60,"196cm | 6'5""",0,-,-,AC Horsens,Denmark
Horacio Cervantes,67,CB,,0,2,3,51,44,57,59,74,59,"190cm | 6'3""",0,-,-,Pachuca,Mexico
Luis Gabriel Rey,67,ST,,0,3,3,72,66,60,67,49,68,"182cm | 6'0""",0,-,-,Jaguares de Chiapas,Colombia
Martin Cranie,67,CB,,0,2,3,72,41,59,52,69,72,"183cm | 6'0""",0,-,-,Coventry City,England
Rachid Bouaouzan,67,LM,,0,3,4,79,50,51,80,44,46,"170cm | 5'7""",0,-,-,Helsingborgs IF,Netherlands
Juan Carlos Medina,67,CAM,,0,3,4,70,64,68,67,53,62,"170cm | 5'7""",0,-,-,América,Mexico
Christoph Janker,67,CB,,0,2,3,61,38,44,41,69,71,"185cm | 6'1""",0,-,-,Hertha BSC,Germany
Scott Vernon,67,ST,,0,2,3,51,65,42,54,51,72,"185cm | 6'1""",0,-,-,Aberdeen,England
Barel Mouko,67,GK,,0,1,3,71,66,52,73,38,64,"177cm | 5'10""",0,-,-,LOSC Lille Métropole,Congo
Lasse Nilsson,67,ST,,0,3,3,83,63,56,68,49,54,"180cm | 5'11""",0,-,-,IF Elfsborg,Sweden
Julien Faubert,67,RM,,0,3,3,74,61,66,71,68,64,"180cm | 5'11""",0,-,-,West Ham United,France
Guillermo Rojas,67,LW,,0,2,1,92,54,58,70,49,52,"165cm | 5'5""",0,-,-,Atlas,Mexico
Joel Huiqui,67,CB,,0,2,3,66,37,48,45,72,71,"184cm | 6'0""",0,-,-,Monarcas Morelia,Mexico
Ricardo Álvarez Puig,67,CB,,0,2,3,53,31,52,37,67,71,"184cm | 6'0""",0,-,-,Girona Fútbol Club S.A.D. ,Spain
Maicon Thiago Pereira de Souza,67,CAM,,0,3,3,64,67,66,70,47,54,"184cm | 6'0""",0,-,-,Santa Catarina,Brazil
Rodrigo Bonifácio da Rocha,67,LM,,0,3,2,83,66,64,70,40,68,"177cm | 5'10""",0,-,-,Terek Grozny,Brazil
Jérémy Blayac,67,ST,,0,2,3,73,64,54,71,55,71,"187cm | 6'2""",0,-,-,Tours FC,France
Jamie Mackie,67,ST,,0,3,3,75,63,58,70,61,62,"173cm | 5'8""",0,-,-,Queens Park Rangers,Scotland
Gonzalo Pineda,67,CM,,0,2,3,68,57,67,67,68,67,"177cm | 5'10""",0,-,-,Puebla,Mexico
Thomas Prager,67,CDM,,0,3,4,72,58,62,68,65,62,"174cm | 5'9""",0,-,-,SK Rapid Wien,Austria
Gaetano Caridi,67,CAM,,0,2,3,69,64,68,64,58,61,"176cm | 5'9""",0,-,-,Grosseto,Italy
Kalifa Cissé,67,CDM,,0,2,3,62,50,65,59,69,69,"188cm | 6'2""",0,-,-,Bristol City,Mali
Michael Parensen,67,LM,,0,2,3,72,54,65,65,65,63,"180cm | 5'11""",0,-,-,1. FC Union Berliln,Germany
Juan Ramón Cabrero Obrer,67,RB,,0,2,3,68,45,62,48,69,64,"183cm | 6'0""",0,-,-,Hércules Club de Fútbol S.A.D.,Spain
David Edwards,67,CAM,,0,3,3,69,57,69,67,62,63,"185cm | 6'1""",0,-,-,Wolverhampton Wanderers,Wales
Manuel Weber,67,CM,,0,2,3,69,58,64,65,67,64,"184cm | 6'0""",0,-,-,SK Sturm Graz,Austria
Philipp Tschauner,67,GK,,0,1,3,70,66,60,69,53,66,"196cm | 6'5""",0,-,-,FC St. Pauli,Germany
Anthony Gerrard,67,CB,,0,2,3,61,34,46,56,67,73,"188cm | 6'2""",0,-,-,Cardiff City,Republic of Ireland
Gerardo Rodríguez,67,CB,,0,2,3,69,53,69,64,68,62,"176cm | 5'9""",0,-,-,Pachuca,Mexico
Sergey Narubin,67,GK,,0,1,3,66,70,68,66,42,68,"196cm | 6'5""",0,-,-,Amkar Perm,Russia
Shamil Asildarov,67,ST,,0,3,3,63,67,52,61,54,70,"186cm | 6'1""",0,-,-,Terek Grozny,Russia
Alfredo González Tahuilán,67,CB,,0,2,3,60,48,47,37,73,72,"182cm | 6'0""",0,-,-,Atlas,Mexico
Imanol Agirretxe Arruti,67,ST,,0,3,4,52,63,42,60,58,72,"185cm | 6'1""",0,-,-,Real Sociedad de Fútbol S.A.D.,Spain
Justin Hoyte,67,RB,,0,2,3,84,32,56,56,67,65,"180cm | 5'11""",0,-,-,Middlesbrough,England
Daniele Vantaggiato,67,ST,,0,3,3,69,68,54,69,57,71,"177cm | 5'10""",0,-,-,Bologna,Italy
Sergio Pérez,67,RB,,0,2,3,87,54,65,66,64,50,"182cm | 6'0""",0,-,-,Monterrey,Mexico
Mariano Sánchez Martínez,67,CDM,,0,2,3,37,43,55,51,69,56,"188cm | 6'2""",0,-,-,Fútbol Club Cartagena,Spain
Marcin Kikut,67,RB,,0,2,2,80,58,73,72,65,68,"179cm | 5'10""",0,-,-,Lech Poznań,Poland
Daniele Padelli,67,GK,,0,1,2,68,67,65,69,45,67,"191cm | 6'3""",0,-,-,Udinese,Italy
Julian Jenner,67,LW,,0,3,4,71,60,60,71,47,57,"188cm | 6'2""",0,-,-,Vitesse,Netherlands
Branko Ilič,67,RB,,0,2,3,64,56,64,50,70,75,"187cm | 6'2""",0,-,-,Lokomotiv Moskva,Slovenia
Lasse Heinze,67,GK,,0,1,3,72,63,60,71,40,62,"184cm | 6'0""",0,-,-,Silkeborg IF,Denmark
Neil Kilkenny,67,CM,,0,3,3,59,57,64,68,59,47,"173cm | 5'8""",0,-,-,Bristol City,Australia
Paul Gallagher,67,LM,,0,3,3,67,73,60,71,49,51,"185cm | 6'1""",0,-,-,Leicester City,Scotland
David Yelldell,67,GK,,0,1,3,68,57,69,75,61,67,"194cm | 6'4""",0,-,-,Bayer 04 Leverkusen,United States
Andrew Davies,67,CB,,0,2,3,57,31,46,47,68,70,"188cm | 6'2""",0,-,-,Crystal Palace,England
Saulo dos Santos,67,RM,,0,3,4,81,62,60,72,54,55,"176cm | 5'9""",0,-,-,Rio Ave FC,Brazil
Arturo Lupoli,67,CF,,0,3,3,78,65,47,68,45,62,"175cm | 5'9""",0,-,-,Grosseto,Italy
Kenny Cooper,67,ST,,0,3,4,64,69,39,66,60,77,"192cm | 6'4""",0,-,-,Portland,United States
Tom Heaton,67,GK,,0,1,3,70,67,57,68,35,66,"185cm | 6'1""",0,-,-,Cardiff City,England
Andrea Raggi,67,RB,,0,2,3,69,50,60,53,70,69,"184cm | 6'0""",0,-,-,Bologna,Italy
Paul Robinson,67,CB,,0,2,3,66,40,49,42,70,72,"185cm | 6'1""",0,-,-,Millwall,England
Aurélien Capoue,67,LW,,0,3,2,79,59,66,65,62,53,"185cm | 6'1""",0,-,-,U.S. Boulogne Cote D'Opale,France
Marc Tierney,67,LB,,0,2,3,69,38,63,58,66,50,"183cm | 6'0""",0,-,-,Norwich City,England
Steven Jennings,67,CM,,0,3,3,73,58,68,68,70,75,"170cm | 5'7""",0,-,-,Motherwell,England
Willo Flood,67,CM,,0,3,3,77,53,68,71,64,66,"170cm | 5'7""",0,-,-,Dundee United,Republic of Ireland
Bradley Wright-Phillips,67,ST,,0,3,2,84,63,47,71,48,67,"173cm | 5'8""",0,-,-,Charlton Athletic,England
Will Johnson,67,CM,,0,3,4,82,60,61,67,63,63,"178cm | 5'10""",0,-,-,Real Salt Lake,Canada
Thomas Kristensen,67,CM,,0,2,3,68,62,71,65,62,58,"188cm | 6'2""",0,-,-,FC København,Denmark
Heath Pearce,67,CB,,0,3,4,79,53,64,68,69,65,"180cm | 5'11""",0,-,-,Club Deportivo Chivas USA,United States
Michael Parkhurst,67,CB,,0,2,3,64,39,51,48,67,71,"182cm | 6'0""",0,-,-,FC Nordsjælland,United States
Edinho,67,ST,,0,3,3,67,66,48,66,54,74,"182cm | 6'0""",0,-,-,Málaga Club de Fútbol S.A.D.,Portugal
Rafael Jordá Ruiz de Asín,67,ST,,0,3,3,52,65,44,61,60,58,"192cm | 6'4""",0,-,-,Levante Unión Deportiva S.A.D.,Spain
Peter Ramage,67,CB,,0,2,3,59,41,54,53,66,76,"185cm | 6'1""",0,-,-,Crystal Palace,England
Hamdi Kasraoui,67,GK,,0,1,3,73,64,60,70,53,62,"192cm | 6'4""",0,-,-,Racing Club de Lens,Tunisia
Olivier Veigneau,67,LB,,0,2,3,72,37,59,56,68,69,"174cm | 5'9""",0,-,-,FC Nantes,France
Emanuele Pesoli,67,CB,,0,2,3,62,40,48,45,71,69,"187cm | 6'2""",0,-,-,Siena,Italy
Claudiu Keserü,67,ST,,0,3,2,67,76,61,65,50,53,"178cm | 5'10""",0,-,-,Angers SCO,Romania
Iván Carril Regueiro,67,CAM,,0,3,3,69,67,64,68,46,49,"184cm | 6'0""",0,-,-,SV Josko Fenst. Ried,Spain
Franco Niell,67,ST,,0,3,3,77,63,65,73,52,75,"162cm | 5'4""",0,-,-,Querétaro,Argentina
Cássio,67,GK,,0,1,2,71,63,59,71,39,65,"186cm | 6'1""",0,-,-,Paços Ferreira,Brazil
Jang Eun Oh,67,CM,,0,3,4,71,64,68,64,61,49,"175cm | 5'9""",0,-,-,Suwon Samsung Bluewings,Korea Republic
Hyo Jin Choi,67,RB,,0,2,3,81,56,65,69,69,67,"172cm | 5'8""",0,-,-,Gwangju Sangmu FC,Korea Republic
Molinero,67,RB,,0,2,3,78,50,62,58,66,68,"175cm | 5'9""",0,-,-,Real Murcia,Spain
Neil Danns,67,CM,,0,3,3,71,68,68,70,65,54,"175cm | 5'9""",0,-,-,Leicester City,England
Axel Bellinghausen,67,LM,,0,2,3,71,62,64,58,67,68,"182cm | 6'0""",0,-,-,FC Augsburg,Germany
Omar Esparza,67,RB,,0,2,4,75,54,65,64,68,52,"176cm | 5'9""",0,-,-,Guadalajara,Mexico
Cássio Ramos,67,GK,,0,1,4,71,60,68,73,43,64,"195cm | 6'5""",0,-,-,PSV,Brazil
Carmona,67,RW,,0,4,3,70,62,62,73,48,60,"177cm | 5'10""",0,-,-,Fútbol Club Barcelona “B”,Spain
Santiago Acasiete,67,CB,,0,2,3,52,42,54,48,70,68,"182cm | 6'0""",0,-,-,Unión Deportiva Almería S.A.D.,Peru
Fred Benson,67,ST,,0,3,4,79,64,47,66,54,52,"179cm | 5'10""",0,-,-,Lechia Gdańsk,Netherlands
Tomislav Mikulic,67,CB,,0,2,3,64,46,60,53,71,69,"186cm | 6'1""",0,-,-,Germinal Beerschot,Croatia
Issam Jemââ,67,ST,,0,3,3,76,66,61,71,47,69,"185cm | 6'1""",0,-,-,AJ Auxerre,Tunisia
Krunoslav Lovrek,67,CF,,0,3,4,70,65,61,65,53,67,"180cm | 5'11""",0,-,-,Jeonbuk Hyundai Motors,Croatia
Oleksandr Iakovenko,67,CF,,0,3,4,78,67,66,74,50,59,"183cm | 6'0""",0,-,-,RSC Anderlecht,Ukraine
Michael McGlinchey,67,RM,,0,3,4,68,56,63,74,51,45,"175cm | 5'9""",0,-,-,Central Coast Mariners FC,New Zealand
Gary Coulibaly,67,CDM,,0,3,3,74,55,67,61,66,74,"183cm | 6'0""",0,-,-,AS Monaco FC,France
Ben Turner,67,CB,,0,2,3,63,30,39,40,71,74,"193cm | 6'4""",0,-,-,Cardiff City,England
Hernán Dellafiore,67,CB,,0,2,3,67,46,52,45,71,68,"186cm | 6'1""",0,-,-,Novara,Italy
Nicola Belmonte,67,RB,,0,2,2,66,42,62,44,68,59,"181cm | 5'11""",0,-,-,Siena,Italy
Sebastian Tyrała,67,CAM,,0,4,4,76,60,58,73,50,53,"172cm | 5'8""",0,-,-,SpVgg Greuther Fürth,Poland
David Forde,67,GK,,0,1,3,69,60,71,71,47,66,"188cm | 6'2""",0,-,-,Millwall,Republic of Ireland
Linares,67,ST,,0,3,2,66,63,43,60,50,71,"181cm | 5'11""",0,-,-,Elche Club de Fútbol S.A.D.,Spain
Javier Flaño Bezunartea,67,RB,,0,2,3,71,43,59,53,68,69,"177cm | 5'10""",0,-,-,Elche Club de Fútbol S.A.D.,Spain
Fabian Schönheim,67,LB,,0,2,4,69,52,59,62,70,61,"191cm | 6'3""",0,-,-,1. FSV Mainz 05,Germany
Liam Craig,67,CM,,0,3,3,73,64,70,69,68,64,"183cm | 6'0""",0,-,-,St. Johnstone FC,Scotland
Juan Carlos,67,GK,,0,1,1,75,62,66,77,42,58,"180cm | 5'11""",0,-,-,Elche Club de Fútbol S.A.D.,Spain
Carlos Calvo Sobrado,67,RW,,0,3,3,78,66,59,72,46,57,"175cm | 5'9""",0,-,-,Hércules Club de Fútbol S.A.D.,Spain
Réginal Goreux,67,RB,,0,3,4,85,67,64,66,65,61,"176cm | 5'9""",0,-,-,Standard de Liège,Haiti
Nicklas Pedersen,67,ST,,0,2,3,64,65,46,64,53,66,"187cm | 6'2""",0,-,-,FC Groningen,Denmark
Patrick Kristensen,67,RM,,0,2,4,69,61,66,66,60,56,"173cm | 5'8""",0,-,-,Aalborg BK,Denmark
Gary Harkins,67,CM,,0,3,3,75,65,64,69,65,64,"188cm | 6'2""",0,-,-,Kilmarnock,England
Giles Barnes,67,RM,,0,3,4,77,57,61,69,55,51,"182cm | 6'0""",0,-,-,Doncaster Rovers,England
Stephen Quinn,67,CM,,0,3,2,65,69,65,67,65,74,"168cm | 5'6""",0,-,-,Sheffield United,Republic of Ireland
Rene Mihelič,67,CM,,0,3,4,71,65,71,72,54,60,"177cm | 5'10""",0,-,-,CD Nacional,Slovenia
Chadli Amri,67,RM,,0,3,4,81,58,60,72,43,55,"178cm | 5'10""",0,-,-,1. FC Kaiserslautern,Algeria
Dong Chan Kim,67,CF,,0,2,3,80,61,62,67,58,73,"168cm | 5'6""",0,-,-,Jeonbuk Hyundai Motors,Korea Republic
Seung Hyon Lee,67,RW,,0,3,3,93,49,63,74,53,52,"175cm | 5'9""",0,-,-,Jeonbuk Hyundai Motors,Korea Republic
Sun Tae Kwoun,67,GK,,0,1,2,70,61,65,63,39,71,"183cm | 6'0""",0,-,-,Gwangju Sangmu FC,Korea Republic
Jean Calvé,67,RWB,,0,2,3,66,51,64,42,67,67,"183cm | 6'0""",0,-,-,A.S. Nancy Lorraine,France
Scott Sutter,67,RB,,0,2,3,79,50,67,63,70,65,"181cm | 5'11""",0,-,-,BSC Young Boys,Switzerland
Alharbi El Jadeyaoui,67,LW,,0,3,4,85,55,55,68,43,52,"175cm | 5'9""",0,-,-,En Avant de Guingamp,France
Haminu Draman,67,RM,,0,3,4,81,59,64,66,58,58,"173cm | 5'8""",0,-,-,AC Arles Avignon,Ghana
Yassine Chikhaoui,67,CF,,0,5,4,69,62,60,74,46,63,"189cm | 6'2""",0,-,-,FC Zürich,Tunisia
Adam Bodzek,67,CDM,,0,2,3,68,58,69,61,70,68,"184cm | 6'0""",0,-,-,Fortuna Düsseldorf,Germany
Ismaël Gace,67,CB,,0,2,3,78,30,45,41,69,74,"180cm | 5'11""",0,-,-,U.S. Boulogne Cote D'Opale,France
Morgan Schneiderlin,67,CM,,0,2,3,65,57,66,63,68,70,"181cm | 5'11""",0,-,-,Southampton,France
Larsen Touré,67,ST,,0,2,4,67,66,49,61,50,70,"184cm | 6'0""",0,-,-,Stade Brestois 29,Guinea
Alexander Stephan,67,GK,,0,1,3,66,71,59,68,61,67,"189cm | 6'2""",0,-,-,1. FC Nürnberg,Germany
Valdet Rama,67,LW,,0,4,4,79,65,62,76,41,51,"182cm | 6'0""",0,-,-,Örebro SK,Albania
Zafer Yelen,67,CAM,,0,3,5,74,65,63,68,44,47,"180cm | 5'11""",0,-,-,FSV Frankfurt,Turkey
Ferdinando Sforzini,67,ST,,0,2,2,54,64,52,60,59,81,"193cm | 6'4""",0,-,-,Grosseto,Italy
Christian Pouga,67,ST,,0,2,3,57,64,58,64,59,57,"193cm | 6'4""",0,-,-,C. Funchal,Cameroon
Alberto Bueno Calvo,67,CF,,0,3,3,73,68,57,72,48,57,"178cm | 5'10""",0,-,-,Real Valladolid Club de Fútbol S.A.D.,Spain
Chris Kum,67,CB,,0,2,3,64,39,55,53,69,72,"183cm | 6'0""",0,-,-,ADO Den Haag,Germany
Edgar Mejía,67,CDM,,0,2,3,68,39,63,50,69,58,"175cm | 5'9""",0,-,-,Guadalajara,Mexico
Fábio Júnior Nascimento Santana,67,CDM,,0,2,2,72,50,58,61,67,60,"170cm | 5'7""",0,-,-,Incheon United FC,Brazil
Hassane Alla,67,LM,,0,3,3,71,62,65,66,55,61,"180cm | 5'11""",0,-,-,Havre Athletic Club,Morocco
Kees Luijckx,67,CB,,0,2,3,60,68,68,64,72,61,"190cm | 6'3""",0,-,-,NAC Breda,Netherlands
Antunes,67,LB,,0,2,3,73,65,66,66,66,58,"175cm | 5'9""",0,-,-,Roma,Portugal
David Destorme,67,CAM,,0,2,3,61,64,63,64,63,63,"187cm | 6'2""",0,-,-,KV Mechelen,Belgium
Robbie Rogers,67,LM,,0,3,5,82,66,62,68,57,58,"178cm | 5'10""",0,-,-,Columbus Crew,United States
Marcel Heller,67,CF,,0,3,4,86,61,56,78,44,65,"174cm | 5'9""",0,-,-,Dynamo Dresden,Germany
Hyung Il Kim,67,CB,,0,2,3,53,46,43,34,71,73,"187cm | 6'2""",0,-,-,Pohang Steelers,Korea Republic
Adrian Leijer,67,CB,,0,2,2,60,46,56,52,68,78,"186cm | 6'1""",0,-,-,Melbourne Victory FC,Australia
Tomáš Mičola,67,CF,,0,2,3,69,64,69,69,50,59,"178cm | 5'10""",0,-,-,Stade Brestois 29,Czech Republic
Pavel Krmaš,67,CB,,0,2,3,49,56,58,46,71,66,"193cm | 6'4""",0,-,-,SC Freiburg,Czech Republic
Carlos Roberto da Cruz Júnior,67,CDM,,0,2,2,70,43,61,61,71,68,"182cm | 6'0""",0,-,-,FC Sochaux-Montbéliard,Brazil
Johann Carrasso,67,GK,,0,1,2,69,70,68,71,55,68,"188cm | 6'2""",0,-,-,AS Monaco FC,France
Alexandr Prudnikov,67,CF,,0,3,2,68,66,53,63,50,72,"185cm | 6'1""",0,-,-,Anzhi Makhachkala,Russia
Antonio Rukavina,67,RB,,0,3,3,75,42,59,61,67,64,"177cm | 5'10""",0,-,-,TSV 1860 München,Serbia
Martí Crespí Pascual,67,CB,,0,2,3,57,44,58,52,67,68,"180cm | 5'11""",0,-,-,Real Club Deportivo Mallorca S.A.D.,Spain
Gaetano Berardi,67,RB,,0,2,3,79,47,59,56,69,68,"178cm | 5'10""",0,-,-,Brescia,Switzerland
Sebastian De Maio,67,CB,,0,2,3,72,40,33,35,77,72,"190cm | 6'3""",0,-,-,Brescia,France
Kamel Ghilas,67,CF,,0,4,3,72,68,63,75,45,52,"177cm | 5'10""",0,-,-,Stade de Reims,Algeria
Fabio Morena,67,CB,,0,2,3,54,46,59,49,69,73,"180cm | 5'11""",0,-,-,FC St. Pauli,Germany
Kévin Dupuis,67,ST,,0,3,2,66,63,46,64,51,63,"188cm | 6'2""",0,-,-,La Berrichonne de Châteauroux,France
Christopher Schorch,67,RB,,0,2,4,59,35,62,64,71,70,"190cm | 6'3""",0,-,-,Energie Cottbus,Germany
Daniel Márquez,67,ST,,0,2,3,68,60,48,65,55,75,"184cm | 6'0""",0,-,-,América,Mexico
Jordan Spence,67,RB,,0,2,3,69,40,56,60,67,68,"191cm | 6'3""",0,-,-,Bristol City,England
Sebastian Langkamp,67,CB,,0,2,3,66,29,49,41,71,66,"190cm | 6'3""",0,-,-,FC Augsburg,Germany
Alexander Grünwald,67,CM,,0,3,3,69,63,64,67,67,54,"188cm | 6'2""",0,-,-,FK Austria Wien,Austria
Boris Prokopic,67,CAM,,0,3,3,72,61,62,68,50,58,"182cm | 6'0""",0,-,-,SK Rapid Wien,Austria
Mathieu Dossevi,67,RW,,0,3,3,75,60,62,71,45,57,"172cm | 5'8""",0,-,-,Valenciennes FC,France
Richard Sukuta-Pasu,67,ST,,0,3,3,77,65,54,65,55,65,"190cm | 6'3""",0,-,-,1. FC Kaiserslautern,Germany
Christian Benteke,67,ST,,0,2,2,79,61,46,62,60,74,"192cm | 6'4""",0,-,-,KRC Genk,Belgium
Nill De Pauw,67,RW,,0,3,4,73,63,62,72,52,65,"180cm | 5'11""",0,-,-,Sporting Lokeren OV,Belgium
Funso Ojo,67,CM,,0,2,3,72,58,71,71,66,62,"178cm | 5'10""",0,-,-,PSV,Belgium
Jay Simpson,67,CF,,0,3,3,80,65,45,72,48,67,"180cm | 5'11""",0,-,-,Millwall,England
Myong Jin Koh,67,CM,,0,2,4,74,63,66,70,66,56,"185cm | 6'1""",0,-,-,FC Seoul,Korea Republic
Matteo Darmian,67,RB,,0,2,3,65,45,59,52,71,68,"182cm | 6'0""",0,-,-,F. Torino,Italy
Nicky Kuiper,67,LB,,0,2,2,71,48,63,66,71,60,"183cm | 6'0""",0,-,-,FC Twente,Netherlands
Nick Blackman,67,ST,,0,2,3,72,66,58,65,53,72,"188cm | 6'2""",0,-,-,Blackburn Rovers,England
Stephen McGinn,67,CAM,,0,3,2,77,63,66,70,46,46,"175cm | 5'9""",0,-,-,Watford,Scotland
André Ricardo Soares,67,RB,,0,3,3,70,59,70,71,62,60,"173cm | 5'8""",0,-,-,1. FC Köln,Brazil
Bia,67,RM,,0,4,4,85,66,61,76,48,63,"178cm | 5'10""",0,-,-,Standard de Liège,Belgium
Nilton Ferreira Junior,67,CDM,,0,2,3,51,65,61,65,68,68,"184cm | 6'0""",0,-,-,Vasco da Gama,Brazil
Maciej Sadlok,67,CB,,0,2,3,68,46,59,50,66,68,"186cm | 6'1""",0,-,-,Polonia Warszawa,Poland
Jan Koprivec,67,GK,,0,1,1,64,64,50,74,50,70,"187cm | 6'2""",0,-,-,Bari,Slovenia
Ched Evans,67,ST,,0,3,2,69,66,53,65,60,68,"183cm | 6'0""",0,-,-,Sheffield United,Wales
Maciej Rybus,67,LM,,0,3,4,80,64,65,68,47,51,"172cm | 5'8""",0,-,-,Legia Warszawa,Poland
Liam Kelly,67,RM,,0,2,3,69,57,65,67,66,61,"176cm | 5'9""",0,-,-,Kilmarnock,Scotland
Tom Hiariej,67,CDM,,0,2,3,76,53,55,70,66,65,"178cm | 5'10""",0,-,-,FC Groningen,Netherlands
Gianluca Nijholt,67,CM,,0,2,3,64,67,68,68,64,61,"181cm | 5'11""",0,-,-,FC Utrecht,Netherlands
Tim Breukers,67,RB,,0,2,2,65,44,64,62,67,64,"178cm | 5'10""",0,-,-,Heracles Almelo,Netherlands
Daniel Arreola,67,LB,,0,3,3,78,60,62,67,66,61,"183cm | 6'0""",0,-,-,Atlas,Mexico
Fernando Navarro,67,RB,,0,2,2,91,51,61,71,54,55,"167cm | 5'6""",0,-,-,Tigres U.A.N.L.,Mexico
Ivan Radovanovic,67,CDM,,0,2,3,54,55,67,63,69,63,"186cm | 6'1""",0,-,-,Novara,Serbia
Sean Franklin,67,RB,,0,2,3,84,50,60,63,68,70,"178cm | 5'10""",0,-,-,Los Angeles Galaxy,United States
Raúl Fernández,67,GK,,0,1,2,64,74,62,67,53,71,"196cm | 6'5""",0,-,-,Athletic Club de Bilbao,Spain
Brandon McDonald,67,CB,,0,2,3,64,53,57,57,72,69,"185cm | 6'1""",0,-,-,D.C. United,United States
Fabio Daprelà,67,LB,,0,2,3,80,44,64,64,66,61,"180cm | 5'11""",0,-,-,Brescia,Switzerland
Darvin Chávez,67,LB,,0,2,3,73,50,61,64,67,64,"177cm | 5'10""",0,-,-,Monterrey,Mexico
Abdou Traoré,67,RM,,0,2,3,72,58,66,71,65,61,"180cm | 5'11""",0,-,-,Girondins de Bordeaux,Mali
Daniel Sikorski,67,ST,,0,3,4,81,65,55,63,51,64,"184cm | 6'0""",0,-,-,Polonia Warszawa,Austria
Stephan Hain,67,ST,,0,2,4,78,59,48,76,39,67,"178cm | 5'10""",0,-,-,FC Augsburg,Germany
Hyun Bem Park,67,CDM,,0,3,3,54,57,66,59,70,69,"194cm | 6'4""",0,-,-,Suwon Samsung Bluewings,Korea Republic
Erik Pimentel,67,CB,,0,2,3,67,45,63,57,67,70,"176cm | 5'9""",0,-,-,América,Mexico
Barry Maguire,67,CM,,0,2,2,66,56,66,70,68,66,"180cm | 5'11""",0,-,-,VVV-Venlo,Republic of Ireland
Gabriel Lima Oliveira,67,CAM,,0,3,3,67,58,65,74,51,60,"173cm | 5'8""",0,-,-,Atlético Paranaense,Brazil
Rafael Pires Monteiro,67,GK,,0,1,2,74,66,64,72,33,58,"192cm | 6'4""",0,-,-,Cruzeiro,Brazil
José Eduardo de Araújo,67,CDM,,0,2,3,69,52,67,65,67,56,"183cm | 6'0""",0,-,-,Parma,Brazil
Francesco Bolzoni,67,CDM,,0,2,2,67,54,71,64,65,64,"180cm | 5'11""",0,-,-,Siena,Italy
Wellington Aparecido Martins,67,RM,,0,4,3,75,62,63,67,59,63,"173cm | 5'8""",0,-,-,São Paulo,Brazil
Daryl Janmaat,67,RB,,0,3,4,73,60,64,74,69,56,"185cm | 6'1""",0,-,-,sc Heerenveen,Netherlands
Guyon Fernandez,67,ST,,0,3,3,88,65,51,67,58,60,"184cm | 6'0""",0,-,-,Feyenoord,Netherlands
Felipe,67,CB,,0,2,3,61,38,51,54,73,67,"194cm | 6'4""",0,-,-,Standard de Liège,Brazil
Fabrizio Cacciatore,67,RB,,0,2,3,72,49,58,61,70,67,"181cm | 5'11""",0,-,-,Varese,Italy
Maurice Dalé,67,ST,,0,2,3,74,64,54,63,48,68,"187cm | 6'2""",0,-,-,FC Nantes,France
Thomas Kaminski,67,GK,,0,1,3,69,61,65,75,65,64,"189cm | 6'2""",0,-,-,OHL,Belgium
Clemens Walch,67,CAM,,0,3,4,70,60,66,70,42,52,"181cm | 5'11""",0,-,-,1. FC Kaiserslautern,Austria
Jordi Xumetra Feliu,67,RM,,0,3,3,87,53,56,70,56,63,"172cm | 5'8""",0,-,-,Elche Club de Fútbol S.A.D.,Spain
Jerry Vandam,67,RB,,0,2,3,68,42,60,60,70,63,"186cm | 6'1""",0,-,-,Stade Malherbe Caen,France
Serey Dié,67,CDM,,0,2,3,72,55,67,68,68,72,"179cm | 5'10""",0,-,-,FC Sion,Ivory Coast
Admir Mehmedi,67,ST,,0,2,3,73,65,45,68,42,53,"183cm | 6'0""",0,-,-,FC Zürich,Switzerland
Luca Siligardi,67,RM,,0,3,3,70,52,61,72,52,46,"180cm | 5'11""",0,-,-,Livorno,Italy
Ivan Fatić,67,LB,,0,2,2,63,48,62,55,72,65,"188cm | 6'2""",0,-,-,Empoli,Montenegro
John Fleck,67,LM,,0,3,3,74,57,63,72,56,59,"169cm | 5'7""",0,-,-,Sheffield United,Scotland
Caiuby,67,LM,,0,2,4,82,65,57,68,54,71,"183cm | 6'0""",0,-,-,FC Ingolstadt 04,Brazil
Alex McCarthy,67,GK,,0,1,3,69,67,61,71,59,67,"193cm | 6'4""",0,-,-,Reading,England
Amine Chermiti,67,ST,,0,4,3,76,68,53,73,48,61,"177cm | 5'10""",0,-,-,FC Zürich,Tunisia
Jaime Romero,67,LM,,0,3,2,78,61,62,71,47,55,"177cm | 5'10""",0,-,-,Granada Club de Fútbol,Spain
Dennis Daube,67,CM,,0,2,4,69,58,64,68,64,57,"185cm | 6'1""",0,-,-,FC St. Pauli,Germany
Elton Divino Célio,67,LB,,0,3,2,77,63,69,76,63,58,"172cm | 5'8""",0,-,-,Coritiba,Brazil
Mirko Boland,67,LM,,0,2,4,78,62,64,69,62,66,"174cm | 5'9""",0,-,-,Braunschweig,Germany
Andrea Rispoli,67,RB,,0,2,3,77,55,66,61,69,64,"187cm | 6'2""",0,-,-,Sampdoria,Italy
Victor Ramos Ferreira,67,CB,,0,2,3,72,35,47,40,70,72,"190cm | 6'3""",0,-,-,Vasco da Gama,Brazil
Jonathan Rossini,67,CB,,0,2,2,69,43,51,52,68,67,"185cm | 6'1""",0,-,-,Sampdoria,Switzerland
Manuel Pascali,67,CDM,,0,2,2,63,48,62,65,73,71,"185cm | 6'1""",0,-,-,Kilmarnock,Italy
Temitope Obadeyi,67,ST,,0,3,3,78,66,56,71,53,65,"186cm | 6'1""",0,-,-,Bolton Wanderers,England
Rivaldo Barbosa de Souza,67,LM,,0,3,2,65,58,69,69,64,58,"181cm | 5'11""",0,-,-,Palmeiras,Brazil
Costa Nhamoinesu,67,LB,,0,2,3,78,36,60,58,63,60,"187cm | 6'2""",0,-,-,Zagłębie Lubin,Zimbabwe
Samuel Firmino de Jesus,67,CB,,0,2,2,60,41,61,59,70,69,"190cm | 6'3""",0,-,-,RSC Anderlecht,Brazil
Miro Varvodić,67,GK,,0,1,3,74,59,55,76,55,62,"191cm | 6'3""",0,-,-,1. FC Köln,Croatia
Nile Ranger,67,ST,,0,3,3,72,66,40,69,49,69,"188cm | 6'2""",0,-,-,Newcastle United,England
Grégory Sertic,67,LM,,0,3,4,57,66,67,69,56,54,"183cm | 6'0""",0,-,-,Girondins de Bordeaux,France
Chris Pontius,67,ST,,0,3,4,74,67,64,68,63,75,"183cm | 6'0""",0,-,-,D.C. United,United States
Miguel Palanca Fernández,67,RM,,0,3,3,80,64,55,70,52,60,"175cm | 5'9""",0,-,-,Elche Club de Fútbol S.A.D.,Spain
Khaleem Hyland,67,CDM,,0,2,3,69,63,64,64,72,73,"186cm | 6'1""",0,-,-,KRC Genk,Trinidad &amp; Tobago
Predrag Stevanović,67,CAM,,0,3,3,67,61,65,72,39,51,"178cm | 5'10""",0,-,-,Werder Bremen,Serbia
Jhon Kennedy Hurtado,67,CB,,0,2,3,71,30,47,47,71,74,"181cm | 5'11""",0,-,-,Seattle Sounders FC,Colombia
Andreas Lambertz,67,LM,,0,2,3,71,65,67,62,64,61,"172cm | 5'8""",0,-,-,Fortuna Düsseldorf,Germany
Diego Seoane Pérez,67,RB,,0,2,3,75,48,60,57,67,64,"180cm | 5'11""",0,-,-,Real Club Deportivo de La Coruña S.A.D.,Spain
Ju Young Kim,67,CB,,0,2,3,86,55,51,63,72,67,"184cm | 6'0""",0,-,-,GyeongNam FC,Korea Republic
César Augusto Pereira Marques,67,CB,,0,2,2,55,46,51,47,68,74,"185cm | 6'1""",0,-,-,Vasco da Gama,Brazil
Henrique,67,RW,,0,3,2,86,54,49,77,36,22,"165cm | 5'5""",0,-,-,Brisbane Roar Football Club,Brazil
Bruno Miguel Ribeiro Veríssimo,67,GK,,0,1,2,68,71,69,69,23,72,"173cm | 5'8""",0,-,-,S.C. Olhanense,Portugal
Djalmir Vieira de Andrade,67,ST,,0,3,3,49,69,59,67,46,70,"185cm | 6'1""",0,-,-,S.C. Olhanense,Brazil
Maxime Lestienne,67,LW,,0,3,4,74,59,61,72,43,55,"176cm | 5'9""",0,-,-,Club Brugge KV,Belgium
Marc Muniesa,67,CB,,0,2,3,56,28,48,47,66,65,"179cm | 5'10""",0,-,-,Fútbol Club Barcelona “B”,Spain
Ghilherme de Aguiar Camacho,67,CAM,,0,3,4,69,61,68,73,47,62,"181cm | 5'11""",0,-,-,Bahia,Brazil
Jens Stryger Larsen,67,CM,,0,2,3,75,58,65,70,66,57,"180cm | 5'11""",0,-,-,Brøndby IF,Denmark
Nemanja Gudelj,67,CDM,,0,2,3,66,52,65,62,68,67,"177cm | 5'10""",0,-,-,NAC Breda,Serbia
Fabian Giefer,67,GK,,0,1,3,71,64,54,72,45,61,"196cm | 6'5""",0,-,-,Bayer 04 Leverkusen,Germany
Dominik Schmidt,67,LB,,0,2,3,63,36,61,63,71,67,"187cm | 6'2""",0,-,-,Eintracht Frankfurt,Germany
Vid Belec,67,GK,,0,1,2,65,64,60,73,46,67,"192cm | 6'4""",0,-,-,Grosseto,Slovenia
Lerin Duarte,67,CAM,,0,4,4,81,62,63,74,35,51,"169cm | 5'7""",0,-,-,Heracles Almelo,Netherlands
Dario Vujicevic,67,CAM,,0,3,4,69,66,63,68,51,54,"180cm | 5'11""",0,-,-,FC Twente,Germany
Frank Nouble,67,ST,,0,3,3,80,62,44,64,53,67,"190cm | 6'3""",0,-,-,West Ham United,England
Marc Vidal,67,GK,,0,1,3,69,67,66,68,38,70,"187cm | 6'2""",0,-,-,Toulouse FC,France
Patrick Funk,67,CDM,,0,2,3,68,53,68,60,66,64,"178cm | 5'10""",0,-,-,FC St. Pauli,Germany
Kevin Lacruz Coscolin,67,CAM,,0,3,3,71,56,66,73,46,54,"178cm | 5'10""",0,-,-,Real Zaragoza S.A.D.,Spain
Fernando Guerrero,67,RW,,0,5,3,78,54,51,74,33,54,"171cm | 5'7""",0,-,-,Villarreal Club de Fútbol “B” S.A.D.,Ecuador
Andreas Weimann,67,ST,,0,2,3,71,65,48,68,47,65,"188cm | 6'2""",0,-,-,Watford,Austria
Alessio Viola,67,CF,,0,3,4,82,63,58,73,48,61,"169cm | 5'7""",0,-,-,Reggina,Italy
Kishō Yano,67,ST,,0,3,3,59,63,53,70,49,72,"185cm | 6'1""",0,-,-,SC Freiburg,Japan
Ishak Belfodil,67,CF,,0,3,2,69,61,63,72,52,62,"191cm | 6'3""",0,-,-,Olympique Lyonnais,France
Andros Townsend,67,LM,,0,3,4,87,59,62,71,46,51,"183cm | 6'0""",0,-,-,Tottenham Hotspur,England
Jagoš Vukovic,67,CB,,0,2,3,39,49,56,44,77,56,"194cm | 6'4""",0,-,-,Roda JC,Serbia
Tom Cairney,67,CM,,0,3,2,73,62,68,63,59,61,"183cm | 6'0""",0,-,-,Hull City,Scotland
Marco Davide Faraoni,67,RM,,0,3,2,66,50,66,58,67,63,"180cm | 5'11""",0,-,-,Inter,Italy
Simone Verdi,67,RM,,0,3,5,87,60,55,76,31,51,"171cm | 5'7""",0,-,-,F. Torino,Italy
Alex Tchuimeni-Nimely,67,ST,,0,3,3,73,64,54,64,56,54,"180cm | 5'11""",0,-,-,Manchester City,England
Gerardo Bruna,67,CAM,,0,3,2,68,62,69,72,44,50,"175cm | 5'9""",0,-,-,Blackpool,Argentina
Jacopo Sala,67,RM,,0,2,4,71,68,64,67,51,57,"183cm | 6'0""",0,-,-,Hamburger SV,Italy
Lorenzo Crisetig,67,CM,,0,3,3,66,59,71,69,62,64,"183cm | 6'0""",0,-,-,Inter,Italy
Patrick Herrmann,67,RM,,0,3,4,81,61,62,75,42,59,"179cm | 5'10""",0,-,-,Borussia M'gladbach,Germany
Benjamin Stambouli,67,CB,,0,2,3,54,40,55,42,67,70,"180cm | 5'11""",0,-,-,Montpellier Hérault Sport Club,France
Michael Uchebo,67,ST,,0,2,2,63,65,45,61,56,62,"194cm | 6'4""",0,-,-,VVV-Venlo,Nigeria
Rodri,67,ST,,0,3,3,72,63,43,67,47,66,"174cm | 5'9""",0,-,-,Fútbol Club Barcelona “B”,Spain
Richmond Boakye,67,ST,,0,2,3,88,62,45,62,57,57,"185cm | 6'1""",0,-,-,Sassuolo,Ghana
Thanos Petsos,67,CDM,,0,2,3,61,33,57,54,69,69,"184cm | 6'0""",0,-,-,1. FC Kaiserslautern,Greece
Marc Hensel,67,CDM,,0,2,3,67,64,61,61,72,69,"188cm | 6'2""",0,-,-,FC Erzgebirge Aue,Germany
Maikel Kieftenbeld,67,CDM,,0,2,4,73,52,64,66,69,65,"179cm | 5'10""",0,-,-,FC Groningen,Netherlands
Marco van Ginkel,67,CAM,,0,2,3,69,56,66,72,61,62,"180cm | 5'11""",0,-,-,Vitesse,Netherlands
Timor,67,CDM,,0,2,3,51,52,60,60,68,54,"185cm | 6'1""",0,-,-,Club Atlético Osasuna,Spain
Kamil Agalarov,67,LB,,0,2,3,65,46,58,52,66,62,"178cm | 5'10""",0,-,-,Anzhi Makhachkala,Russia
Pedro Obiang,67,CM,,0,2,3,71,60,68,67,65,69,"185cm | 6'1""",0,-,-,Sampdoria,Spain
Colin Coosemans,67,GK,,0,1,3,72,66,65,71,63,57,"185cm | 6'1""",0,-,-,Club Brugge KV,Belgium
Magomed Ozdoev,67,CDM,,0,2,2,69,61,67,67,68,66,"184cm | 6'0""",0,-,-,Lokomotiv Moskva,Russia
Santiago García,67,LB,,0,2,3,76,43,54,58,69,64,"191cm | 6'3""",0,-,-,Novara,Argentina
Camilo,67,ST,,0,5,4,76,67,56,73,50,64,"170cm | 5'7""",0,-,-,Whitecaps FC,Brazil
Nnamdi Oduamadi,67,RM,,0,3,3,93,59,51,74,41,57,"175cm | 5'9""",0,-,-,F. Torino,Nigeria
Tolga Cigerci,67,CDM,,0,2,3,66,49,64,66,67,70,"185cm | 6'1""",0,-,-,VfL Wolfsburg,Turkey
Sven Schipplock,67,ST,,0,2,3,63,61,66,70,52,69,"186cm | 6'1""",0,-,-,TSG 1899 Hoffenheim,Germany
Taras Burlak,67,CB,,0,2,2,68,43,52,49,69,71,"191cm | 6'3""",0,-,-,Lokomotiv Moskva,Russia
Ádám Pintér,67,CDM,,0,2,3,45,46,58,46,74,61,"190cm | 6'3""",0,-,-,Real Zaragoza S.A.D.,Hungary
Markus Mendler,67,LM,,0,3,3,74,60,64,72,36,57,"173cm | 5'8""",0,-,-,1. FC Nürnberg,Germany
Gershon Koffie,67,CDM,,0,3,2,73,51,57,60,70,58,"180cm | 5'11""",0,-,-,Whitecaps FC,Ghana
Darlington Nagbe,67,RW,,0,3,4,87,61,57,71,56,65,"175cm | 5'9""",0,-,-,Portland,Liberia
Douglas da Silva,67,CB,,0,2,2,60,44,39,44,70,83,"186cm | 6'1""",0,-,-,FC Red Bull Salzburg,Brazil
Karim Bellarabi,67,RW,,0,4,3,76,58,60,70,47,64,"183cm | 6'0""",0,-,-,Bayer 04 Leverkusen,Germany
Odise Roshi,67,RW,,0,3,3,76,60,64,67,53,62,"187cm | 6'2""",0,-,-,1. FC Köln,Albania
Mattia Valoti,67,CAM,,0,3,4,70,60,68,69,43,47,"181cm | 5'11""",0,-,-,Milan,Italy
Clarke Carlisle,66,CB,,0,2,3,62,33,45,55,69,71,"191cm | 6'3""",0,-,-,Preston North End,England
Stephen Foster,66,CB,,0,2,3,56,30,40,36,67,77,"180cm | 5'11""",0,-,-,Barnsley,England
Jody Morris,66,CM,,0,3,3,64,50,62,73,60,58,"165cm | 5'5""",0,-,-,St. Johnstone FC,England
Kevin Kilbane,66,LM,,0,3,3,47,69,69,68,69,77,"183cm | 6'0""",0,-,-,Derby County,Republic of Ireland
Adil Ramzi,66,LM,,0,3,3,59,61,70,70,57,63,"179cm | 5'10""",0,-,-,Roda JC,Morocco
Ricardo A. Martins S. Pereira,66,GK,,0,1,3,73,55,77,67,48,70,"185cm | 6'1""",0,-,-,Vitória de Setúbal,Portugal
Darren Purse,66,CB,,0,2,3,48,28,26,24,74,75,"188cm | 6'2""",0,-,-,Millwall,England
Nenad Džodić,66,CB,,0,2,3,40,41,59,36,63,67,"188cm | 6'2""",0,-,-,Montpellier Hérault Sport Club,Serbia
Luke Chadwick,66,RM,,0,3,3,73,50,59,69,55,62,"180cm | 5'11""",0,-,-,Milton Keynes Dons,England
Cédric Barbosa,66,CM,,0,3,4,51,65,73,67,65,64,"179cm | 5'10""",0,-,-,Evian Thonon Gaillard FC,France
Yoann Lachor,66,CB,,0,2,3,31,51,65,56,66,69,"187cm | 6'2""",0,-,-,U.S. Boulogne Cote D'Opale,France
Jamie Langfield,66,GK,,0,1,2,67,66,58,65,31,67,"193cm | 6'4""",0,-,-,Aberdeen,Scotland
Bart Goor,66,LM,,0,3,2,56,66,68,64,63,50,"183cm | 6'0""",0,-,-,Germinal Beerschot,Belgium
Sébastien Chabbert,66,GK,,0,1,3,65,69,56,65,35,69,"185cm | 6'1""",0,-,-,AS Monaco FC,France
Yoann Bigné,66,CM,,0,2,3,55,50,70,65,58,41,"168cm | 5'6""",0,-,-,Stade Brestois 29,France
Ian Harte,66,LB,,0,2,3,52,75,70,63,67,69,"176cm | 5'9""",0,-,-,Reading,Republic of Ireland
Rogier Molhoek,66,CM,,0,2,3,52,61,67,65,64,60,"186cm | 6'1""",0,-,-,VVV-Venlo,Netherlands
Richard Cresswell,66,ST,,0,2,3,56,63,53,49,62,72,"183cm | 6'0""",0,-,-,Sheffield United,England
Florian Bruns,66,LM,,0,3,4,68,64,64,63,65,66,"188cm | 6'2""",0,-,-,FC St. Pauli,Germany
Jérémy Hénin,66,CB,,0,2,3,32,25,59,43,67,75,"186cm | 6'1""",0,-,-,Angers SCO,France
Sascha Kirschstein,66,GK,,0,1,3,67,64,62,70,41,64,"196cm | 6'5""",0,-,-,FC Ingolstadt 04,Germany
Nathan Ellington,66,ST,,0,3,3,74,67,44,66,55,65,"178cm | 5'10""",0,-,-,Ipswich Town,England
Lee Johnson,66,CM,,0,3,3,71,62,67,66,61,60,"168cm | 5'6""",0,-,-,Chesterfield,England
Gerald Sibon,66,ST,,0,2,3,28,70,65,54,59,57,"196cm | 6'5""",0,-,-,sc Heerenveen,Netherlands
Liam Miller,66,CM,,0,3,3,59,60,67,69,55,59,"170cm | 5'7""",0,-,-,Perth Glory FC,Republic of Ireland
Stephen Pearson,66,LM,,0,3,2,77,56,63,64,64,61,"185cm | 6'1""",0,-,-,Derby County,Scotland
Pascal Bosschaart,66,CB,,0,2,2,54,48,62,55,68,67,"183cm | 6'0""",0,-,-,Sydney FC,Netherlands
Rob van Dijk,66,GK,,0,1,2,63,67,64,64,34,70,"187cm | 6'2""",0,-,-,FC Utrecht,Netherlands
Wim Mennes,66,CM,,0,2,3,61,63,63,56,68,66,"185cm | 6'1""",0,-,-,Sint-Truidense VV,Belgium
Dennis Kruppke,66,CAM,,0,3,4,71,67,60,63,59,70,"179cm | 5'10""",0,-,-,Braunschweig,Germany
Julien François,66,CDM,,0,2,3,51,52,64,55,68,67,"192cm | 6'4""",0,-,-,Havre Athletic Club,France
Benjamin Genton,66,CB,,0,2,3,41,32,60,39,68,72,"188cm | 6'2""",0,-,-,Havre Athletic Club,France
Federico Agliardi,66,GK,,0,1,1,65,63,55,70,50,67,"190cm | 6'3""",0,-,-,Bologna,Italy
Deniz Dogan,66,CB,,0,2,3,66,52,41,39,69,72,"182cm | 6'0""",0,-,-,Braunschweig,Germany
Luke Steele,66,GK,,0,1,2,70,62,61,73,64,65,"188cm | 6'2""",0,-,-,Barnsley,England
Arnar Vidarsson,66,CDM,,0,2,3,56,46,54,47,70,64,"177cm | 5'10""",0,-,-,KSV Cercle Brugge,Iceland
Leon Cort,66,CB,,0,2,3,52,36,45,42,71,74,"191cm | 6'3""",0,-,-,Charlton Athletic,England
Youssef El-Akchaoui,66,LB,,0,2,3,65,66,68,64,66,65,"174cm | 5'9""",0,-,-,sc Heerenveen,Morocco
Raphaël Nuzzolo,66,LM,,0,2,3,75,61,63,67,58,57,"175cm | 5'9""",0,-,-,BSC Young Boys,Switzerland
Shefki Kuqi,66,ST,,0,3,3,53,66,38,46,63,74,"188cm | 6'2""",0,-,-,Oldham Athletic,Finland
Enrique Mateo Montoya,66,CAM,,0,3,3,63,63,60,64,62,68,"176cm | 5'9""",0,-,-,Elche Club de Fútbol S.A.D.,Spain
Miguel Ángel Tena García,66,CB,,0,2,3,61,41,45,49,68,79,"185cm | 6'1""",0,-,-,Córdoba Club de Fútbol S.A.D.,Spain
Alexandre Alphonse,66,ST,,0,3,4,79,65,58,74,43,60,"174cm | 5'9""",0,-,-,FC Zürich,France
Paul Connolly,66,RB,,0,2,3,65,39,65,66,68,67,"183cm | 6'0""",0,-,-,Leeds United,England
Cédric Fauré,66,ST,,0,3,3,52,70,50,60,49,78,"186cm | 6'1""",0,-,-,Stade de Reims,France
Fousseni Diawara,66,CB,,0,2,3,66,47,56,48,64,68,"183cm | 6'0""",0,-,-,AC Ajaccio,Mali
Carlos Merino González,66,CAM,,0,3,4,67,67,64,72,41,40,"175cm | 5'9""",0,-,-,FC Wacker Innsbruck,Spain
Paolo Zanetti,66,CDM,,0,2,3,64,50,67,61,70,64,"186cm | 6'1""",0,-,-,Grosseto,Italy
Arturo García Muñoz,66,CDM,,0,2,3,38,54,60,53,71,65,"184cm | 6'0""",0,-,-,Gimnàstic de Tarragona S.A.D.,Spain
Emilio Rentería,66,ST,,0,4,2,71,68,49,62,57,60,"175cm | 5'9""",0,-,-,Columbus Crew,Venezuela
José Ortiz Bernal,66,RM,,0,3,4,65,57,66,67,55,56,"172cm | 5'8""",0,-,-,Unión Deportiva Almería S.A.D.,Spain
Luigi Pieroni,66,ST,,0,3,3,70,64,45,52,51,73,"187cm | 6'2""",0,-,-,AC Arles Avignon,Belgium
Benjamin Nicaise,66,CDM,,0,2,3,64,66,64,55,70,69,"183cm | 6'0""",0,-,-,RAEC Mons,France
Andy Kirk,66,ST,,0,2,2,65,60,55,68,47,72,"178cm | 5'10""",0,-,-,Dunfermline,Northern Ireland
Dean Hammond,66,CM,,0,2,3,65,58,62,63,67,63,"183cm | 6'0""",0,-,-,Southampton,England
Simon Lappin,66,LM,,0,2,3,53,57,69,67,58,58,"180cm | 5'11""",0,-,-,Norwich City,Scotland
Rémi Mareval,66,LB,,0,2,3,76,61,70,62,67,70,"182cm | 6'0""",0,-,-,SV Zulte-Waregem,France
Bruno Cheyrou,66,CB,,0,3,3,46,65,65,62,66,65,"185cm | 6'1""",0,-,-,FC Nantes,France
Marjan Petkovic,66,GK,,0,1,2,68,66,66,67,54,62,"186cm | 6'1""",0,-,-,Braunschweig,Germany
Logan Bailly,66,GK,,0,1,3,71,56,66,72,57,63,"189cm | 6'2""",0,-,-,Neuchâtel Xamax,Belgium
Philipp Heerwagen,66,GK,,0,1,2,69,63,61,70,52,63,"193cm | 6'4""",0,-,-,VfL Bochum,Germany
Bram Verbist,66,GK,,0,1,3,66,64,72,71,61,63,"182cm | 6'0""",0,-,-,KSV Cercle Brugge,Belgium
Alberto Maria Fontana,66,GK,,0,1,1,63,64,56,68,55,70,"188cm | 6'2""",0,-,-,Novara,Italy
Christoph Spycher,66,LB,,0,2,4,59,51,64,52,69,69,"175cm | 5'9""",0,-,-,BSC Young Boys,Switzerland
Henri Sillanpää,66,GK,,0,1,3,64,69,59,68,23,67,"189cm | 6'2""",0,-,-,GAIS,Finland
Lionel Mathis,66,CDM,,0,2,3,62,54,69,59,63,60,"174cm | 5'9""",0,-,-,En Avant de Guingamp,France
Francisco José Maldonado Collantes,66,RM,,0,4,4,71,60,62,71,47,53,"177cm | 5'10""",0,-,-,Fútbol Club Cartagena,Spain
Sofian Chahed,66,RB,,0,2,4,65,51,64,65,65,64,"178cm | 5'10""",0,-,-,Hannover 96,Tunisia
Craig Beattie,66,ST,,0,3,3,57,66,58,64,51,73,"183cm | 6'0""",0,-,-,Swansea City,Scotland
Ahmed Madouni,66,CB,,0,2,3,42,41,53,53,73,54,"192cm | 6'4""",0,-,-,1. FC Union Berliln,Algeria
Grégory Dufer,66,RM,,0,3,4,67,70,65,67,46,51,"176cm | 5'9""",0,-,-,Sint-Truidense VV,Belgium
Mustapha Oussalah,66,LM,,0,3,3,71,62,63,67,63,58,"179cm | 5'10""",0,-,-,KV Kortrijk,Belgium
Ludovic Magnin,66,LB,,0,2,2,62,58,69,58,67,60,"186cm | 6'1""",0,-,-,FC Zürich,Switzerland
Andy Gray,66,ST,,0,3,4,50,64,49,57,60,83,"185cm | 6'1""",0,-,-,Barnsley,Scotland
Dong Jin Kim,66,LB,,0,3,2,76,62,65,67,71,71,"183cm | 6'0""",0,-,-,FC Seoul,Korea Republic
Kristofer Hæstad,66,CDM,,0,2,4,73,57,56,62,69,67,"172cm | 5'8""",0,-,-,Vålerenga Fotball,Norway
Gábor Gyepes,66,CB,,0,2,3,60,29,45,34,68,70,"191cm | 6'3""",0,-,-,Cardiff City,Hungary
Cristian Raimondi,66,RB,,0,2,3,66,58,60,60,66,64,"182cm | 6'0""",0,-,-,A. Bergamo,Italy
Alessandro Budel,66,CDM,,0,2,3,62,61,72,62,66,62,"182cm | 6'0""",0,-,-,Brescia,Italy
Walter Bressan,66,GK,,0,1,2,64,65,55,68,35,70,"185cm | 6'1""",0,-,-,Varese,Italy
Matteo Centurioni,66,CB,,0,2,3,40,39,51,45,70,68,"190cm | 6'3""",0,-,-,Novara,Italy
Papa Waigo N'Diaye,66,RW,,0,3,3,82,61,58,64,49,56,"185cm | 6'1""",0,-,-,Ascoli,Senegal
Thomas Job,66,RM,,0,3,3,86,53,60,69,57,57,"170cm | 5'7""",0,-,-,Cittadella,Cameroon
Souleymane Diamoutene,66,CB,,0,2,2,70,45,46,37,70,69,"184cm | 6'0""",0,-,-,Lecce,Mali
Boy Waterman,66,GK,,0,1,3,69,62,69,71,52,62,"188cm | 6'2""",0,-,-,Alemannia Aachen,Netherlands
Mauro Lustrinelli,66,ST,,0,3,4,57,65,52,62,53,65,"173cm | 5'8""",0,-,-,FC Thun,Switzerland
Christian Stuff,66,CB,,0,2,3,42,50,47,52,73,53,"199cm | 6'6""",0,-,-,1. FC Union Berliln,Germany
Jack Jewsbury,66,CDM,,0,2,3,68,65,67,63,65,67,"183cm | 6'0""",0,-,-,Portland,United States
Ben Williams,66,GK,,0,1,3,66,61,59,74,54,62,"188cm | 6'2""",0,-,-,Colchester United,England
Julien Viale,66,ST,,0,3,3,69,64,54,59,45,69,"180cm | 5'11""",0,-,-,Stade Lavallois Mayenne FC,France
Hee Ju Kwak,66,CB,,0,2,3,67,52,51,57,68,69,"184cm | 6'0""",0,-,-,Suwon Samsung Bluewings,Korea Republic
Brian Howard,66,CAM,,0,3,3,59,68,67,66,50,54,"173cm | 5'8""",0,-,-,Reading,England
Byung Jun No,66,CF,,0,3,3,85,61,61,72,52,72,"177cm | 5'10""",0,-,-,Pohang Steelers,Korea Republic
Dean Gerken,66,GK,,0,1,2,69,60,65,71,56,62,"183cm | 6'0""",0,-,-,Bristol City,England
Francisco Torres,66,CM,,0,3,3,79,65,59,72,45,54,"171cm | 5'7""",0,-,-,Atlas,Mexico
Alejandro Moreno,66,ST,,0,3,2,56,63,52,62,54,71,"180cm | 5'11""",0,-,-,Club Deportivo Chivas USA,Venezuela
Kenny Thompson,66,LB,,0,2,2,76,56,57,46,65,72,"183cm | 6'0""",0,-,-,Lierse SK,Belgium
Sherjill MacDonald,66,ST,,0,3,3,80,65,53,72,54,74,"184cm | 6'0""",0,-,-,Germinal Beerschot,Netherlands
Marvin Cabrera,66,RB,,0,2,3,71,52,64,60,65,61,"173cm | 5'8""",0,-,-,Monarcas Morelia,Mexico
Duilio Davino,66,CB,,0,2,2,48,45,61,45,67,73,"180cm | 5'11""",0,-,-,Estudiantes Tecos,Mexico
Brian Murphy,66,GK,,0,1,3,64,70,57,69,34,67,"183cm | 6'0""",0,-,-,Queens Park Rangers,Republic of Ireland
Džemal Berberović,66,RB,,0,2,4,71,38,62,63,66,66,"182cm | 6'0""",0,-,-,MSV Duisburg,Bosnia Herzegovina
Moritz Volz,66,RB,,0,2,1,68,49,61,60,68,66,"178cm | 5'10""",0,-,-,FC St. Pauli,Germany
Daniel Bogdanovic,66,CF,,0,3,4,64,65,55,70,48,62,"187cm | 6'2""",0,-,-,Blackpool,Malta
Mato Neretljak,66,CB,,0,2,3,52,68,59,59,69,74,"186cm | 6'1""",0,-,-,Suwon Samsung Bluewings,Croatia
Alexandr Makarov,66,GK,,0,1,3,68,66,73,70,40,60,"198cm | 6'6""",0,-,-,Anzhi Makhachkala,Russia
Iñigo Calderón Zapatería,66,RB,,0,2,3,63,48,65,71,65,69,"180cm | 5'11""",0,-,-,Brighton &amp; Hove Albion,Spain
Jair Benítez,66,LB,,0,2,2,83,55,61,66,68,65,"170cm | 5'7""",0,-,-,FC Dallas,Colombia
Emiliano Dudar,66,CB,,0,2,3,43,43,44,42,72,69,"191cm | 6'3""",0,-,-,BSC Young Boys,Argentina
Andrés Mendoza,66,ST,,0,2,2,72,67,52,65,49,66,"185cm | 6'1""",0,-,-,Columbus Crew,Peru
Christian Schwegler,66,RB,,0,2,4,72,46,60,62,65,65,"177cm | 5'10""",0,-,-,FC Red Bull Salzburg,Switzerland
David Zibung,66,GK,,0,1,2,68,60,63,73,56,64,"188cm | 6'2""",0,-,-,FC Luzern,Switzerland
Marcel Herzog,66,GK,,0,1,3,71,65,64,67,55,61,"185cm | 6'1""",0,-,-,FC Basel 1893,Switzerland
José Luis Sánchez Capdevila,66,LM,,0,3,3,65,65,67,69,50,53,"180cm | 5'11""",0,-,-,Xerez Club Deportivo S.A.D.,Spain
Susaeta,66,RM,,0,3,3,59,70,74,67,49,52,"177cm | 5'10""",0,-,-,Rayo Vallecano de Madrid S.A.D.,Spain
Antoni Lluís Adrover Colom,66,LM,,0,3,3,69,62,67,68,63,61,"181cm | 5'11""",0,-,-,Gimnàstic de Tarragona S.A.D.,Spain
Rafael Ramos Lozano,66,RM,,0,3,3,80,56,58,66,65,62,"177cm | 5'10""",0,-,-,Unión Deportiva Almería S.A.D.,Spain
Enrique Corrales Martín,66,LB,,0,2,3,76,53,64,59,64,63,"175cm | 5'9""",0,-,-,Unión Deportiva Las Palmas S.A.D.,Spain
Íñigo Díaz de Cerio,66,ST,,0,3,3,63,67,50,65,52,71,"178cm | 5'10""",0,-,-,Club Deportivo Numancia de Soria S.A.D. ,Spain
Cristian Hidalgo González,66,LW,,0,3,3,70,59,58,71,52,54,"171cm | 5'7""",0,-,-,Hércules Club de Fútbol S.A.D.,Spain
Alexey Ivanov,66,RM,,0,3,3,69,56,65,66,61,61,"178cm | 5'10""",0,-,-,Anzhi Makhachkala,Russia
Szabolcs Sáfár,66,GK,,0,1,3,64,65,60,66,51,72,"189cm | 6'2""",0,-,-,FC Wacker Innsbruck,Hungary
Alexey Igonin,66,CDM,,0,2,4,51,55,65,64,66,56,"181cm | 5'11""",0,-,-,Anzhi Makhachkala,Russia
George Ogararu,66,RB,,0,2,3,67,51,63,64,67,64,"178cm | 5'10""",0,-,-,FC Sion,Romania
Elvir Rahimić,66,CDM,,0,2,3,45,57,63,60,69,72,"191cm | 6'3""",0,-,-,CSKA Moskva,Bosnia Herzegovina
Ivan Cherenchikov,66,LB,,0,2,4,64,54,64,58,70,66,"187cm | 6'2""",0,-,-,Amkar Perm,Russia
Andrei Cristea,66,CF,,0,3,3,72,68,62,62,53,66,"179cm | 5'10""",0,-,-,Karlsruher SC,Romania
Mark Looms,66,LB,,0,2,1,58,25,49,58,70,62,"192cm | 6'4""",0,-,-,Heracles Almelo,Netherlands
Nicolás Córdova,66,CM,,0,3,3,57,54,70,61,61,48,"175cm | 5'9""",0,-,-,Brescia,Chile
Abderrazzak Jadid,66,CM,,0,3,3,65,66,67,70,57,48,"175cm | 5'9""",0,-,-,Parma,Morocco
Luciano de Oliveira,66,RM,,0,3,3,52,62,71,66,58,58,"181cm | 5'11""",0,-,-,Chievo Verona,Brazil
Carl Valeri,66,CDM,,0,3,3,65,52,70,61,64,65,"176cm | 5'9""",0,-,-,Sassuolo,Australia
Simone Dallamano,66,LB,,0,2,3,77,51,58,58,67,60,"180cm | 5'11""",0,-,-,Brescia,Italy
Dekel Keinan,66,CB,,0,2,3,57,45,54,50,67,69,"185cm | 6'1""",0,-,-,Cardiff City,Israel
Gaël Genevier,66,CM,,0,3,3,68,57,68,66,60,63,"175cm | 5'9""",0,-,-,Livorno,France
Frank Hansen,66,RB,,0,2,3,84,49,59,60,65,60,"175cm | 5'9""",0,-,-,Silkeborg IF,Denmark
Aaron McLean,66,ST,,0,3,3,75,64,40,67,55,67,"171cm | 5'7""",0,-,-,Hull City,England
Akpo Sodje,66,ST,,0,3,3,74,63,46,65,53,76,"188cm | 6'2""",0,-,-,Hibernian,England
Jonas Troest,66,CB,,0,2,3,66,26,48,29,69,64,"185cm | 6'1""",0,-,-,SønderjyskE,Denmark
Ramazan Özcan,66,GK,,0,1,2,67,63,61,70,52,65,"187cm | 6'2""",0,-,-,FC Ingolstadt 04,Austria
Manuel Ortlechner,66,CB,,0,2,3,53,31,51,42,67,83,"186cm | 6'1""",0,-,-,FK Austria Wien,Austria
Alexander Mathisen,66,RM,,0,3,4,77,59,49,69,53,57,"182cm | 6'0""",0,-,-,Lierse SK,Norway
Péter Kovács,66,ST,,0,2,2,58,62,41,48,63,60,"198cm | 6'6""",0,-,-,Lierse SK,Hungary
Darren Ward,66,CB,,0,2,3,51,37,41,34,70,82,"191cm | 6'3""",0,-,-,Millwall,England
Johnnie Jackson,66,LM,,0,3,3,59,66,72,58,52,48,"185cm | 6'1""",0,-,-,Charlton Athletic,England
Mark Yeates,66,RM,,0,3,3,76,65,60,76,50,60,"175cm | 5'9""",0,-,-,Watford,Republic of Ireland
Virgile Reset,66,RW,,0,3,4,87,37,54,68,51,38,"176cm | 5'9""",0,-,-,U.S. Boulogne Cote D'Opale,France
Francesco Marianini,66,CM,,0,2,3,63,55,69,63,66,66,"185cm | 6'1""",0,-,-,Novara,Italy
Matthew Taylor,66,ST,,0,2,4,71,60,44,62,46,68,"180cm | 5'11""",0,-,-,SC Paderborn 07,United States
Hwa Yong Shin,66,GK,,0,1,2,69,62,68,65,54,69,"183cm | 6'0""",0,-,-,Pohang Steelers,Korea Republic
Steven De Petter,66,CDM,,0,2,4,66,56,60,51,67,67,"181cm | 5'11""",0,-,-,KVC Westerlo,Belgium
Mark Volders,66,GK,,0,1,3,66,65,62,67,58,68,"189cm | 6'2""",0,-,-,Sint-Truidense VV,Belgium
Jeff Parke,66,CB,,0,2,3,58,39,49,47,71,68,"185cm | 6'1""",0,-,-,Seattle Sounders FC,United States
Andrea Orlandi Stabilin,66,CM,,0,3,2,64,61,66,68,53,57,"180cm | 5'11""",0,-,-,Swansea City,Spain
Eñaut Zubikarai Goñi,66,GK,,0,1,2,71,61,50,75,42,64,"185cm | 6'1""",0,-,-,Real Sociedad de Fútbol S.A.D.,Spain
Radhi Jaidi,66,CB,,0,2,3,33,29,41,35,71,74,"189cm | 6'2""",0,-,-,Southampton,Tunisia
Karim Saïdi,66,CB,,0,2,4,67,44,53,47,69,71,"186cm | 6'1""",0,-,-,Lierse SK,Tunisia
Felipe Ayala,66,CDM,,0,2,3,49,62,65,60,70,65,"177cm | 5'10""",0,-,-,Monarcas Morelia,Mexico
Carlos Adrián Morales,66,LM,,0,3,2,78,65,64,68,63,58,"173cm | 5'8""",0,-,-,Santos Laguna,Mexico
Juan Carlos Valenzuela,66,CB,,0,2,3,56,45,59,53,68,66,"179cm | 5'10""",0,-,-,América,Mexico
Manuel Pérez,66,CM,,0,4,4,67,65,69,65,65,63,"174cm | 5'9""",0,-,-,Monarcas Morelia,Mexico
Richard Wood,66,CB,,0,2,3,69,31,44,40,70,76,"191cm | 6'3""",0,-,-,Coventry City,England
Chris Birchall,66,CM,,0,2,3,71,61,64,64,64,63,"175cm | 5'9""",0,-,-,Los Angeles Galaxy,Trinidad &amp; Tobago
Rodrigo Ruíz,66,LW,,0,3,4,45,73,68,67,44,62,"163cm | 5'4""",0,-,-,Estudiantes Tecos,Chile
Grégory Lorenzi,66,CB,,0,2,2,44,47,60,41,68,75,"186cm | 6'1""",0,-,-,Stade Brestois 29,France
Yohan Eudeline,66,RW,,0,2,3,70,64,65,68,50,59,"182cm | 6'0""",0,-,-,CS Sedan Ardennes,France
Olivier Werner,66,GK,,0,1,3,71,61,59,72,63,61,"193cm | 6'4""",0,-,-,RAEC Mons,Belgium
Markus Steinhöfer,66,RB,,0,3,3,67,56,70,67,64,62,"175cm | 5'9""",0,-,-,FC Basel 1893,Germany
Elvis Abbruscato,66,ST,,0,3,3,75,64,56,63,47,69,"181cm | 5'11""",0,-,-,Vicenza,Italy
Daniel Brückner,66,LM,,0,3,3,77,58,60,70,53,61,"183cm | 6'0""",0,-,-,SC Paderborn 07,Germany
Mario Sonnleitner,66,CB,,0,2,3,77,37,45,47,68,74,"182cm | 6'0""",0,-,-,SK Rapid Wien,Austria
Patrick Wolf,66,RM,,0,3,3,87,61,62,67,49,62,"184cm | 6'0""",0,-,-,SK Sturm Graz,Austria
Lorenzo Squizzi,66,GK,,0,1,2,64,66,63,67,48,66,"191cm | 6'3""",0,-,-,Chievo Verona,Italy
Nicolas Fauvergue,66,ST,,0,3,3,57,67,56,63,56,81,"193cm | 6'4""",0,-,-,CS Sedan Ardennes,France
Enis Alushi,66,CM,,0,3,3,69,61,65,68,62,60,"180cm | 5'11""",0,-,-,SC Paderborn 07,Germany
Fernando Espinosa,66,CDM,,0,2,3,65,52,68,62,62,68,"168cm | 5'6""",0,-,-,U.N.A.M.,Mexico
Hugo Colace,66,CM,,0,2,3,55,55,65,69,66,67,"179cm | 5'10""",0,-,-,Estudiantes Tecos,Argentina
Marco Cellini,66,ST,,0,3,3,78,64,59,68,43,55,"170cm | 5'7""",0,-,-,Varese,Italy
Agostino Garofalo,66,LB,,0,2,2,67,53,59,62,66,65,"178cm | 5'10""",0,-,-,Bari,Italy
Brian Nielsen,66,LM,,0,3,4,79,63,62,69,52,56,"180cm | 5'11""",0,-,-,New York Red Bulls,Denmark
Adnan Custović,66,LW,,0,3,4,58,73,66,64,58,65,"186cm | 6'1""",0,-,-,Germinal Beerschot,Bosnia Herzegovina
Eugene Galekovic,66,GK,,0,1,3,71,62,62,67,58,63,"187cm | 6'2""",0,-,-,Adelaide United,Australia
Bruno Silva,66,RB,,0,2,3,65,59,65,66,69,63,"178cm | 5'10""",0,-,-,Ajax,Uruguay
Tarmo Kink,66,ST,,0,2,3,67,65,58,66,49,73,"183cm | 6'0""",0,-,-,Middlesbrough,Estonia
Marvin Matip,66,CB,,0,2,3,65,42,53,45,68,74,"184cm | 6'0""",0,-,-,FC Ingolstadt 04,Germany
Luis Robles,66,CDM,,0,2,3,72,50,58,57,71,73,"169cm | 5'7""",0,-,-,Atlas,Mexico
Miguel Robusté Colomer,66,CB,,0,2,3,46,44,57,47,71,63,"183cm | 6'0""",0,-,-,Xerez Club Deportivo S.A.D.,Spain
Joan Tomás Campasol,66,CF,,0,3,3,75,60,55,75,44,59,"167cm | 5'6""",0,-,-,Real Club Celta de Vigo S.A.D.,Spain
Christian Martínez,66,GK,,0,1,3,67,68,64,63,49,66,"182cm | 6'0""",0,-,-,Estudiantes Tecos,Mexico
Joseba Garmendia Elorriaga,66,CAM,,0,3,3,66,60,65,65,56,54,"182cm | 6'0""",0,-,-,Girona Fútbol Club S.A.D. ,Spain
Frank van der Struijk,66,RB,,0,2,4,62,43,61,55,70,61,"183cm | 6'0""",0,-,-,Vitesse,Netherlands
Zahari Sirakov,66,RB,,0,2,4,60,42,64,50,66,61,"181cm | 5'11""",0,-,-,Amkar Perm,Bulgaria
Michael Tørnes,66,GK,,0,1,2,67,73,55,65,62,64,"187cm | 6'2""",0,-,-,Brøndby IF,Denmark
Héctor Miguel Morales,66,CB,,0,2,3,53,50,59,53,68,65,"188cm | 6'2""",0,-,-,Monterrey,Mexico
Jordan Remacle,66,RM,,0,3,4,72,63,65,64,42,47,"174cm | 5'9""",0,-,-,OHL,Belgium
Francesco Cosenza,66,CB,,0,2,2,55,41,45,43,73,72,"187cm | 6'2""",0,-,-,Reggina,Italy
Gaëtan Krebs,66,LM,,0,3,4,76,60,62,69,35,47,"165cm | 5'5""",0,-,-,Karlsruher SC,France
Ryan Harley,66,CM,,0,2,3,59,64,67,71,56,60,"175cm | 5'9""",0,-,-,Brighton &amp; Hove Albion,England
Lee Croft,66,RM,,0,3,3,68,52,61,66,64,64,"175cm | 5'9""",0,-,-,Derby County,England
Charles,66,ST,,0,3,3,68,67,46,66,56,71,"179cm | 5'10""",0,-,-,Córdoba Club de Fútbol S.A.D.,Brazil
Ugo Ihemelu,66,CB,,0,2,3,78,40,54,53,68,71,"183cm | 6'0""",0,-,-,FC Dallas,United States
Danny O'Rourke,66,CDM,,0,2,3,72,46,59,58,69,63,"183cm | 6'0""",0,-,-,Columbus Crew,United States
Sekou Cissé,66,LW,,0,3,4,80,64,54,70,55,60,"184cm | 6'0""",0,-,-,Feyenoord,Ivory Coast
Bocundji Ca,66,CDM,,0,2,3,74,39,59,56,70,64,"172cm | 5'8""",0,-,-,Stade de Reims,Guinea Bissau
Ebrahima Sawaneh,66,ST,,0,3,4,83,64,60,68,49,65,"180cm | 5'11""",0,-,-,RAEC Mons,Gambia
Dmitriy Belorukov,66,CB,,0,2,3,33,38,52,49,73,62,"193cm | 6'4""",0,-,-,Amkar Perm,Russia
Jorge Hernández,66,CM,,0,2,3,70,50,66,62,68,52,"185cm | 6'1""",0,-,-,Atlante,Mexico
Diego Jiménez,66,CB,,0,2,3,64,46,54,52,69,58,"185cm | 6'1""",0,-,-,Monarcas Morelia,Mexico
Garry Kenneth,66,CB,,0,2,2,64,41,57,56,71,65,"193cm | 6'4""",0,-,-,Dundee United,Scotland
Simon Colosimo,66,CB,,0,2,3,57,54,58,48,70,68,"183cm | 6'0""",0,-,-,Melbourne Heart FC,Australia
Julián Omar Ramos Suárez,66,LM,,0,3,3,79,53,60,72,45,55,"172cm | 5'8""",0,-,-,Unión Deportiva Almería S.A.D.,Spain
Jean-Jacques Mandrichi,66,ST,,0,3,3,63,65,50,56,49,66,"184cm | 6'0""",0,-,-,FC Nantes,France
Lee Martin,66,LM,,0,3,4,75,58,55,73,38,52,"178cm | 5'10""",0,-,-,Ipswich Town,England
Emmanuel Cascione,66,CM,,0,2,3,67,55,66,61,66,64,"187cm | 6'2""",0,-,-,Pescara,Italy
Timo Staffeldt,66,RM,,0,3,3,75,57,61,66,64,58,"175cm | 5'9""",0,-,-,Karlsruher SC,Germany
Ilijan Micanski,66,ST,,0,3,3,67,63,55,67,53,61,"186cm | 6'1""",0,-,-,1. FC Kaiserslautern,Bulgaria
Muslu Nalbantoglu,66,RB,,0,2,3,65,49,65,58,67,62,"174cm | 5'9""",0,-,-,De Graafschap,Netherlands
Alex Bruce,66,CB,,0,2,2,62,33,48,41,67,69,"180cm | 5'11""",0,-,-,Leeds United,Northern Ireland
Lee Peltier,66,RB,,0,3,3,74,35,60,65,66,63,"178cm | 5'10""",0,-,-,Leicester City,England
Freddy Eastwood,66,ST,,0,3,3,74,68,51,67,51,54,"180cm | 5'11""",0,-,-,Coventry City,Wales
Ádám Vass,66,CM,,0,2,3,72,53,68,64,61,64,"180cm | 5'11""",0,-,-,Brescia,Hungary
Dany N'Guessan,66,LW,,0,3,4,83,59,59,73,49,65,"185cm | 6'1""",0,-,-,Millwall,France
Óscar Díaz González,66,RM,,0,3,3,70,59,62,73,50,58,"180cm | 5'11""",0,-,-,Xerez Club Deportivo S.A.D.,Spain
Rafael Figueroa,66,CB,,0,2,3,61,43,53,54,65,77,"171cm | 5'7""",0,-,-,Santos Laguna,Mexico
David Edgar,66,CB,,0,2,3,69,51,64,52,68,69,"188cm | 6'2""",0,-,-,Burnley,Canada
Natalio Lorenzo Poquet,66,CF,,0,3,4,72,64,55,72,44,53,"176cm | 5'9""",0,-,-,Club Deportivo Numancia de Soria S.A.D. ,Spain
Rhoys Wiggins,66,LB,,0,2,3,73,41,55,57,66,70,"173cm | 5'8""",0,-,-,Charlton Athletic,Wales
Antonino Barillà,66,LM,,0,3,3,79,64,64,62,69,66,"180cm | 5'11""",0,-,-,Reggina,Italy
Nicolas Viola,66,CM,,0,3,3,70,64,71,65,62,65,"181cm | 5'11""",0,-,-,Reggina,Italy
Lewin Nyatanga,66,CB,,0,2,2,72,27,40,48,66,71,"188cm | 6'2""",0,-,-,Bristol City,Wales
Darcy Blake,66,CB,,0,2,4,71,48,64,61,68,76,"165cm | 5'5""",0,-,-,Cardiff City,Wales
Branimir Bajić,66,CB,,0,2,3,56,33,37,37,71,68,"187cm | 6'2""",0,-,-,MSV Duisburg,Bosnia Herzegovina
Jonathan Vila Pereira,66,CB,,0,2,3,56,46,63,55,70,56,"186cm | 6'1""",0,-,-,Real Club Celta de Vigo S.A.D.,Spain
Jason Pearce,66,CB,,0,2,3,67,27,42,40,72,75,"185cm | 6'1""",0,-,-,Portsmouth,England
Paul McGowan,66,CAM,,0,2,3,71,64,51,70,42,56,"170cm | 5'7""",0,-,-,St. Mirren,Scotland
Yssouf Koné,66,ST,,0,3,4,72,66,47,64,51,73,"184cm | 6'0""",0,-,-,Vålerenga Fotball,Burkina Faso
Roy Myrie,66,RB,,0,2,3,80,57,66,68,67,65,"185cm | 6'1""",0,-,-,KAA Gent,Costa Rica
Karim Belhocine,66,CDM,,0,2,3,58,58,64,57,69,62,"188cm | 6'2""",0,-,-,Standard de Liège,France
Kenny Steppe,66,GK,,0,1,3,68,63,66,68,59,63,"182cm | 6'0""",0,-,-,sc Heerenveen,Belgium
Ernest Webnje Nfor,66,CAM,,0,2,3,87,66,56,69,52,71,"180cm | 5'11""",0,-,-,KV Kortrijk,Cameroon
Thomas Matton,66,CAM,,0,3,4,59,64,66,70,48,51,"178cm | 5'10""",0,-,-,SV Zulte-Waregem,Belgium
Nebojša Pavlović,66,CDM,,0,2,3,52,54,55,50,70,69,"190cm | 6'3""",0,-,-,KV Kortrijk,Serbia
Kei Kamara,66,RW,,0,3,3,80,62,59,68,47,70,"188cm | 6'2""",0,-,-,Kansas City Wizards,Sierra Leone
Eduardo Pereira Gomes,66,ST,,0,3,2,52,63,46,62,49,74,"190cm | 6'3""",0,-,-,S.C. Olhanense,Cape Verde Islands
Marvell Wynne,66,CB,,0,2,2,96,51,48,55,68,73,"175cm | 5'9""",0,-,-,Colorado Rapids,United States
Marcio Ferreira,66,LB,,0,2,2,81,58,66,73,66,60,"171cm | 5'7""",0,-,-,Vasco da Gama,Brazil
Dae Sung Ha,66,CDM,,0,2,3,72,56,65,65,66,71,"180cm | 5'11""",0,-,-,FC Seoul,Korea Republic
Chul Soon Choi,66,LB,,0,2,3,77,33,63,56,68,60,"173cm | 5'8""",0,-,-,Jeonbuk Hyundai Motors,Korea Republic
Chang Soo Kim,66,RB,,0,2,3,85,56,65,58,67,71,"178cm | 5'10""",0,-,-,Busan I'Park,Korea Republic
Jean-Sylvain Babin,66,CB,,0,2,3,51,36,45,34,72,79,"182cm | 6'0""",0,-,-,Agrupación Deportiva Alcorcón,France
Björn Ziegenbein,66,RM,,0,2,5,81,68,61,66,49,62,"174cm | 5'9""",0,-,-,Hansa Rostock,Germany
Lukas Jutkiewicz,66,ST,,0,3,4,75,66,44,65,46,71,"185cm | 6'1""",0,-,-,Coventry City,England
Malaury Martin,66,CDM,,0,2,4,62,56,65,49,65,68,"178cm | 5'10""",0,-,-,Middlesbrough,France
Severo Meza,66,RB,,0,2,3,76,50,60,57,66,58,"172cm | 5'8""",0,-,-,Monterrey,Mexico
Chinedu Ede,66,LM,,0,3,3,91,59,58,70,40,62,"179cm | 5'10""",0,-,-,1. FC Union Berliln,Germany
Stephan Fürstner,66,CDM,,0,2,4,69,47,64,65,65,60,"178cm | 5'10""",0,-,-,SpVgg Greuther Fürth,Germany
Daniel Brinkmann,66,CM,,0,2,3,66,56,68,62,69,59,"193cm | 6'4""",0,-,-,FC Augsburg,Germany
Cyriaque Louvion,66,CB,,0,2,3,56,44,58,42,70,69,"185cm | 6'1""",0,-,-,Havre Athletic Club,France
Kai Bülow,66,CB,,0,2,4,63,33,56,54,68,71,"188cm | 6'2""",0,-,-,TSV 1860 München,Germany
William Paredes,66,LB,,0,2,3,80,55,63,69,64,63,"166cm | 5'5""",0,-,-,Monterrey,Mexico
Kiko Casilla,66,GK,,0,1,2,64,69,61,68,46,63,"192cm | 6'4""",0,-,-,R.C.D. Espanyol de Barcelona S.A.D.,Spain
David Da Costa,66,GK,,0,1,2,65,67,64,67,58,68,"184cm | 6'0""",0,-,-,FC Thun,Switzerland
Jesús Rodríguez Tato,66,CF,,0,3,2,81,62,53,61,56,66,"179cm | 5'10""",0,-,-,Xerez Club Deportivo S.A.D.,Spain
Jean-Baptiste Pierazzi,66,CM,,0,2,3,64,50,61,54,66,64,"185cm | 6'1""",0,-,-,AC Ajaccio,France
Francesco Della Rocca,66,CM,,0,3,3,70,60,68,71,59,55,"182cm | 6'0""",0,-,-,Palermo,Italy
Kemy Agustien,66,CM,,0,3,4,68,54,69,64,66,60,"178cm | 5'10""",0,-,-,Swansea City,Netherlands
Milan Kopic,66,CB,,0,2,3,49,49,54,52,70,61,"189cm | 6'2""",0,-,-,sc Heerenveen,Czech Republic
Thomas Mangani,66,CDM,,0,2,2,66,51,62,56,68,63,"182cm | 6'0""",0,-,-,A.S. Nancy Lorraine,France
Andrea Luci,66,CM,,0,2,3,76,61,64,64,65,54,"172cm | 5'8""",0,-,-,Livorno,Italy
Alex Pearce,66,CB,,0,2,3,62,30,50,35,69,70,"188cm | 6'2""",0,-,-,Reading,Scotland
Simon Church,66,ST,,0,2,3,70,61,60,65,55,59,"181cm | 5'11""",0,-,-,Reading,Wales
Mosquera,66,CM,,0,3,3,66,58,68,67,57,55,"183cm | 6'0""",0,-,-,Getafe Club de Fútbol S.A.D.,Spain
Anthony Pilkington,66,LM,,0,3,5,73,64,59,71,53,58,"183cm | 6'0""",0,-,-,Norwich City,England
Maurice Edu,66,CM,,0,3,3,79,61,64,67,67,78,"183cm | 6'0""",0,-,-,Rangers,United States
José Joaquín Martínez,66,RM,,0,2,3,78,59,62,67,62,55,"179cm | 5'10""",0,-,-,América,Mexico
Pavel Fort,66,ST,,0,2,4,59,62,51,56,54,67,"188cm | 6'2""",0,-,-,Dynamo Dresden,Czech Republic
Jesús Paganoni,66,RB,,0,2,3,78,55,61,68,60,62,"170cm | 5'7""",0,-,-,Atlas,Mexico
Simon Gillett,66,CM,,0,2,3,65,56,64,67,62,58,"170cm | 5'7""",0,-,-,Doncaster Rovers,England
Szymon Pawłowski,66,RM,,0,3,3,77,61,62,69,46,60,"176cm | 5'9""",0,-,-,Zagłębie Lubin,Poland
Miguel Ángel Nieto de la Calle,66,RM,,0,3,3,81,59,60,72,49,58,"183cm | 6'0""",0,-,-,Club Deportivo Numancia de Soria S.A.D. ,Spain
Frederico Carreiro da Silva,66,CAM,,0,3,3,69,63,62,66,51,59,"173cm | 5'8""",0,-,-,Melbourne Heart FC,Brazil
Moses Lamidi,66,ST,,0,4,3,82,63,51,73,41,48,"177cm | 5'10""",0,-,-,Karlsruher SC,Germany
Daniel Pudil,66,LB,,0,2,2,74,66,69,67,66,63,"185cm | 6'1""",0,-,-,KRC Genk,Czech Republic
Helder Maurício da Silva Ferreira,66,RB,,0,3,2,77,44,62,58,68,64,"175cm | 5'9""",0,-,-,A.S. Nancy Lorraine,Brazil
Alex Wilkinson,66,CB,,0,2,3,60,49,54,41,69,69,"187cm | 6'2""",0,-,-,Central Coast Mariners FC,Australia
Mahamane Traoré,66,CAM,,0,3,3,78,64,67,72,42,56,"176cm | 5'9""",0,-,-,FC Metz,Mali
Everton Leandro dos Santos Pinto,66,CF,,0,3,4,80,60,60,64,53,63,"176cm | 5'9""",0,-,-,Seongnam Ilhwa Chunma,Brazil
Robbie Kruse,66,ST,,0,3,2,83,65,47,69,42,61,"181cm | 5'11""",0,-,-,Fortuna Düsseldorf,Australia
Hugo Eduardo dos Santos Morais,66,CM,,0,2,3,54,69,72,68,62,63,"184cm | 6'0""",0,-,-,Académica Coimbra,Portugal
Christian Ribeiro,66,RB,,0,2,3,75,42,60,61,67,66,"181cm | 5'11""",0,-,-,Bristol City,Wales
Heinrich Schmidtgal,66,LB,,0,3,3,81,60,62,69,65,61,"174cm | 5'9""",0,-,-,SpVgg Greuther Fürth,Kazakhstan
Marcello Gazzola,66,RB,,0,2,3,75,57,63,61,66,59,"184cm | 6'0""",0,-,-,Ascoli,Italy
Fabian Frei,66,CM,,0,2,5,69,64,64,65,63,57,"181cm | 5'11""",0,-,-,FC Basel 1893,Switzerland
Anthony Weber,66,CB,,0,2,3,49,24,56,26,70,76,"190cm | 6'3""",0,-,-,Stade de Reims,France
Marek Štech,66,GK,,0,1,3,69,72,66,75,50,57,"186cm | 6'1""",0,-,-,West Ham United,Czech Republic
Johannes van den Bergh,66,LB,,0,2,3,76,46,61,62,68,66,"182cm | 6'0""",0,-,-,Fortuna Düsseldorf,Germany
Rui Fonte,66,ST,,0,3,3,73,64,50,72,52,54,"183cm | 6'0""",0,-,-,R.C.D. Espanyol de Barcelona S.A.D.,Portugal
Jordy Buijs,66,CB,,0,2,4,55,61,60,58,68,65,"182cm | 6'0""",0,-,-,NAC Breda,Netherlands
Christopher Drazan,66,LM,,0,3,3,86,58,64,67,46,59,"184cm | 6'0""",0,-,-,SK Rapid Wien,Austria
Martyn Waghorn,66,ST,,0,3,3,73,64,59,62,51,66,"177cm | 5'10""",0,-,-,Hull City,England
Georg Margreitter,66,CB,,0,2,2,63,32,39,50,73,68,"186cm | 6'1""",0,-,-,FK Austria Wien,Austria
Aarón Ñíguez,66,LM,,0,3,3,74,64,58,69,44,61,"170cm | 5'7""",0,-,-,Unión Deportiva Almería S.A.D.,Spain
Mitchell Donald,66,CAM,,0,3,3,62,60,64,66,70,59,"183cm | 6'0""",0,-,-,Roda JC,Netherlands
Teddy Chevalier,66,RW,,0,3,4,80,65,61,65,50,71,"178cm | 5'10""",0,-,-,SV Zulte-Waregem,France
Donny Gorter,66,LB,,0,3,4,67,66,68,72,64,65,"175cm | 5'9""",0,-,-,NAC Breda,Netherlands
Daan Bovenberg,66,RB,,0,2,3,68,49,64,54,66,76,"183cm | 6'0""",0,-,-,FC Utrecht,Netherlands
Ángel Martínez Cervera,66,CM,,0,3,3,57,56,65,65,64,57,"176cm | 5'9""",0,-,-,Blackpool,Spain
Enrique López Delgado,66,CF,,0,3,3,77,57,51,72,52,59,"169cm | 5'7""",0,-,-,Villarreal Club de Fútbol “B” S.A.D.,Spain
Granddi Ngoyi,66,CDM,,0,2,2,70,43,58,59,69,59,"186cm | 6'1""",0,-,-,Paris Saint-Germain,DR Congo
Chris Basham,66,CDM,,0,2,3,69,61,66,61,63,69,"180cm | 5'11""",0,-,-,Blackpool,England
Julio Nava,66,LW,,0,3,3,84,57,64,70,48,56,"171cm | 5'7""",0,-,-,Guadalajara,Mexico
Luigi Giorgi,66,LM,,0,2,4,63,54,65,67,48,62,"186cm | 6'1""",0,-,-,Novara,Italy
James Bailey,66,CM,,0,2,5,69,51,64,64,65,59,"183cm | 6'0""",0,-,-,Derby County,England
Liborio Sánchez,66,GK,,0,1,2,71,71,65,69,43,64,"183cm | 6'0""",0,-,-,Querétaro,Mexico
Alex Smithies,66,GK,,0,1,2,70,63,67,72,59,58,"191cm | 6'3""",0,-,-,Huddersfield Town,England
Wiljan Pluim,66,ST,,0,3,4,60,60,66,69,58,58,"190cm | 6'3""",0,-,-,Roda JC,Netherlands
Daniele Magliocchetti,66,RB,,0,2,3,64,32,59,41,70,63,"183cm | 6'0""",0,-,-,Cagliari,Italy
Erik Paartalu,66,CDM,,0,2,3,56,58,56,56,72,79,"193cm | 6'4""",0,-,-,Brisbane Roar Football Club,Australia
Róbert Feczesin,66,ST,,0,3,3,67,62,46,61,55,76,"187cm | 6'2""",0,-,-,Brescia,Hungary
Silvio Carlos de Oliveira,66,CF,,0,3,3,72,65,57,68,53,64,"183cm | 6'0""",0,-,-,1. FC Union Berliln,Brazil
Jordan Rhodes,66,ST,,0,2,3,68,64,37,62,53,66,"185cm | 6'1""",0,-,-,Huddersfield Town,Scotland
Chris Martin,66,ST,,0,3,4,68,70,33,66,51,60,"178cm | 5'10""",0,-,-,Norwich City,England
Fabiano,66,GK,,0,1,1,69,62,64,68,29,69,"197cm | 6'6""",0,-,-,S.C. Olhanense,Brazil
Djordje Rakić,66,ST,,0,3,5,65,62,53,62,57,74,"188cm | 6'2""",0,-,-,TSV 1860 München,Serbia
Daniel Aquino Pintos,66,CF,,0,3,3,70,65,65,68,42,55,"178cm | 5'10""",0,-,-,Real Valladolid Club de Fútbol S.A.D.,Spain
Adil Auassar,66,CDM,,0,2,3,51,58,62,61,72,60,"187cm | 6'2""",0,-,-,RKC Waalwijk,Netherlands
James Chester,66,CB,,0,2,2,53,35,53,56,68,72,"178cm | 5'10""",0,-,-,Hull City,England
László Köteles,66,GK,,0,1,2,69,62,61,71,63,63,"185cm | 6'1""",0,-,-,KRC Genk,Hungary
Joel Ward,66,CM,,0,2,3,64,37,68,61,69,68,"185cm | 6'1""",0,-,-,Portsmouth,England
Stephan Andrist,66,RM,,0,2,3,83,63,61,65,54,51,"176cm | 5'9""",0,-,-,FC Basel 1893,Switzerland
Mateus Alberto Contreira Gonçalves,66,ST,,0,3,2,73,63,43,65,54,78,"187cm | 6'2""",0,-,-,Real Valladolid Club de Fútbol S.A.D.,Angola
Anis Boussaïdi,66,RB,,0,2,5,75,45,69,70,68,57,"180cm | 5'11""",0,-,-,FC Rostov,Tunisia
Hogan Ephraim,66,CAM,,0,3,3,80,53,64,77,50,43,"175cm | 5'9""",0,-,-,Queens Park Rangers,England
Julius James,66,CB,,0,2,4,79,41,39,52,70,73,"183cm | 6'0""",0,-,-,Columbus Crew,Trinidad &amp; Tobago
Nikola Gulan,66,LB,,0,3,3,73,54,60,57,68,68,"185cm | 6'1""",0,-,-,Fiorentina,Serbia
Denilson Gabionetta,66,LW,,0,3,3,81,60,58,69,50,62,"178cm | 5'10""",0,-,-,Grosseto,Brazil
Alain Junior Ollé Ollé,66,LM,,0,3,3,79,57,62,69,54,52,"175cm | 5'9""",0,-,-,Stabæk Fotball,Cameroon
Luca Di Matteo,66,LB,,0,2,3,76,53,66,65,64,57,"179cm | 5'10""",0,-,-,Palermo,Italy
Jim O'Brien,66,RW,,0,3,3,76,59,63,70,33,46,"178cm | 5'10""",0,-,-,Barnsley,Republic of Ireland
Ashley Barnes,66,ST,,0,2,3,61,63,43,64,56,70,"186cm | 6'1""",0,-,-,Brighton &amp; Hove Albion,Austria
Benjamin Tembe Mokulu,66,LW,,0,3,4,73,55,64,70,53,71,"185cm | 6'1""",0,-,-,Sporting Lokeren OV,Belgium
Miguel Ponce,66,LB,,0,2,3,75,44,62,65,57,61,"176cm | 5'9""",0,-,-,Guadalajara,Mexico
Ho Jun Kim,66,GK,,0,1,3,69,64,67,66,54,65,"189cm | 6'2""",0,-,-,Jeju United FC,Korea Republic
Omar El Kaddouri,66,CAM,,0,2,3,69,53,66,68,60,61,"186cm | 6'1""",0,-,-,Brescia,Morocco
Lukáš Marecek,66,CM,,0,2,3,74,59,65,64,65,58,"182cm | 6'0""",0,-,-,RSC Anderlecht,Czech Republic
Foued Kadir,66,RM,,0,2,4,70,63,62,68,50,52,"180cm | 5'11""",0,-,-,Valenciennes FC,Algeria
Rochina,66,RM,,0,3,4,67,66,59,65,50,60,"181cm | 5'11""",0,-,-,Blackburn Rovers,Spain
Dean Moxey,66,LB,,0,2,3,71,51,60,63,67,60,"188cm | 6'2""",0,-,-,Crystal Palace,England
Abdoul Karim Yoda,66,LM,,0,2,3,71,51,65,65,57,59,"182cm | 6'0""",0,-,-,FC Sion,France
Diego Polenta,66,CB,,0,2,3,72,49,52,54,70,70,"185cm | 6'1""",0,-,-,Bari,Uruguay
Manuel Iori,66,CM,,0,2,4,62,56,68,62,62,56,"182cm | 6'0""",0,-,-,F. Torino,Italy
Pasquale Schiattarella,66,LM,,0,2,3,80,58,60,66,64,62,"178cm | 5'10""",0,-,-,Livorno,Italy
Michael Morrison,66,CB,,0,2,3,59,34,53,36,68,65,"183cm | 6'0""",0,-,-,Charlton Athletic,England
Jason Steele,66,GK,,0,1,3,68,64,63,69,55,64,"188cm | 6'2""",0,-,-,Middlesbrough,England
Alex Bergantiños,66,CDM,,0,2,3,63,44,57,55,70,58,"176cm | 5'9""",0,-,-,Real Club Deportivo de La Coruña S.A.D.,Spain
Francesco Renzetti,66,LB,,0,2,3,79,53,64,61,66,61,"174cm | 5'9""",0,-,-,Padua,Italy
Yannick Bolasie,66,LW,,0,3,4,77,56,64,64,53,66,"185cm | 6'1""",0,-,-,Bristol City,France
Aron Gunnarsson,66,CM,,0,2,3,73,59,64,66,64,57,"177cm | 5'10""",0,-,-,Cardiff City,Iceland
Jean-Eudes Maurice,66,ST,,0,3,3,77,68,57,68,49,66,"180cm | 5'11""",0,-,-,Racing Club de Lens,France
Gabriele Angella,66,CB,,0,2,3,64,46,45,44,70,70,"190cm | 6'3""",0,-,-,Siena,Italy
Dominic Peitz,66,CDM,,0,2,4,42,59,57,53,78,60,"196cm | 6'5""",0,-,-,Hansa Rostock,Germany
Tom Mickel,66,GK,,0,1,2,69,64,68,67,47,64,"186cm | 6'1""",0,-,-,Hamburger SV,Germany
Florian Jungwirth,66,CB,,0,2,4,69,33,60,49,66,68,"181cm | 5'11""",0,-,-,Dynamo Dresden,Germany
Nathan Baker,66,CB,,0,2,2,62,38,43,40,69,69,"191cm | 6'3""",0,-,-,Aston Villa,England
Luca Di Laura,66,RB,,0,2,3,61,41,62,39,71,70,"189cm | 6'2""",0,-,-,Cagliari,Italy
Simen Wangberg,66,CB,,0,2,3,70,40,51,40,67,72,"187cm | 6'2""",0,-,-,Rosenborg BK,Norway
Rodriguez Lombán,66,CB,,0,2,3,50,55,53,47,71,65,"188cm | 6'2""",0,-,-,Xerez Club Deportivo S.A.D.,Spain
Amine Linganzi,66,CDM,,0,2,3,62,56,58,60,67,69,"186cm | 6'1""",0,-,-,Blackburn Rovers,Algeria
Migjen Basha,66,CM,,0,2,3,62,63,64,63,63,57,"179cm | 5'10""",0,-,-,F. Torino,Switzerland
Vallès,66,CM,,0,2,3,72,61,70,65,62,56,"189cm | 6'2""",0,-,-,Birmingham City,Spain
Vito Wormgoor,66,CB,,0,2,3,53,37,57,53,70,62,"188cm | 6'2""",0,-,-,De Graafschap,Netherlands
Paul Coutts,66,CM,,0,2,3,66,61,65,71,62,61,"183cm | 6'0""",0,-,-,Preston North End,Scotland
Juan Estiven Vélez,66,CDM,,0,2,3,73,26,66,66,59,57,"172cm | 5'8""",0,-,-,Ulsan Hyundai Horang-i,Colombia
Joe Bennett,66,LB,,0,2,3,69,39,61,66,68,63,"177cm | 5'10""",0,-,-,Middlesbrough,England
Ike Opara,66,CB,,0,2,2,81,39,36,56,66,78,"188cm | 6'2""",0,-,-,San Jose Earthquakes,United States
Laurens De Bock,66,LB,,0,2,3,76,50,68,64,62,63,"179cm | 5'10""",0,-,-,Sporting Lokeren OV,Belgium
Manuel Gulde,66,CB,,0,2,3,64,41,58,48,66,64,"183cm | 6'0""",0,-,-,TSG 1899 Hoffenheim,Germany
A.J. DeLaGarza,66,CB,,0,2,3,74,48,58,63,68,69,"173cm | 5'8""",0,-,-,Los Angeles Galaxy,United States
Marcos Luís Rocha Aquino,66,RB,,0,2,3,77,49,68,78,64,56,"177cm | 5'10""",0,-,-,Minas,Brazil
Chris Wood,66,ST,,0,3,3,62,63,48,62,55,75,"191cm | 6'3""",0,-,-,Birmingham City,New Zealand
Christopher Buchtmann,66,LM,,0,3,4,76,68,59,72,49,61,"175cm | 5'9""",0,-,-,1. FC Köln,Germany
Manuel Torres Caturla,66,LB,,0,2,2,76,42,61,58,67,58,"186cm | 6'1""",0,-,-,Fútbol Club Cartagena,Spain
Murray Davidson,66,CM,,0,3,3,65,56,63,69,63,69,"180cm | 5'11""",0,-,-,St. Johnstone FC,Scotland
Vitor Manuel A. G. da Costa,66,ST,,0,3,3,57,64,56,69,43,75,"176cm | 5'9""",0,-,-,S.C. Olhanense,Cape Verde Islands
Yunus Malli,66,CAM,,0,3,3,75,59,59,72,29,48,"179cm | 5'10""",0,-,-,1. FSV Mainz 05,Germany
Matthias Zimmermann,66,RB,,0,2,4,74,46,63,65,59,53,"178cm | 5'10""",0,-,-,Borussia M'gladbach,Germany
Kevin Kratz,66,CDM,,0,2,5,75,62,62,64,67,58,"173cm | 5'8""",0,-,-,Alemannia Aachen,Germany
Kike García,66,ST,,0,2,3,63,61,39,60,46,67,"186cm | 6'1""",0,-,-,Real Murcia,Spain
Milan Djuric,66,ST,,0,2,3,66,62,55,58,58,80,"190cm | 6'3""",0,-,-,Grosseto,Bosnia Herzegovina
Alejandro Cruz Rodríguez,66,RW,,0,4,4,78,56,54,73,38,57,"173cm | 5'8""",0,-,-,Sabadell FC,Spain
Astrit Ajdarevic,66,CM,,0,3,3,72,67,70,69,61,55,"190cm | 6'3""",0,-,-,IFK Norrkoping,Sweden
Tobias Jänicke,66,LM,,0,3,5,85,65,60,69,49,64,"176cm | 5'9""",0,-,-,Hansa Rostock,Germany
Nassim Ben Khalifa,66,CF,,0,4,3,74,60,57,68,51,67,"180cm | 5'11""",0,-,-,BSC Young Boys,Switzerland
Bruno Soares,66,CB,,0,2,3,57,33,40,46,71,65,"194cm | 6'4""",0,-,-,MSV Duisburg,Brazil
Heinz Lindner,66,GK,,0,1,2,68,61,61,72,53,63,"187cm | 6'2""",0,-,-,FK Austria Wien,Austria
Thomas Schrammel,66,LB,,0,2,3,80,47,64,66,65,61,"176cm | 5'9""",0,-,-,SK Rapid Wien,Austria
Charlton Vicento,66,LW,,0,3,3,87,59,54,68,46,58,"181cm | 5'11""",0,-,-,ADO Den Haag,Netherlands
Chris Mavinga,66,LB,,0,3,3,79,33,62,65,64,70,"183cm | 6'0""",0,-,-,Stade Rennais FC,France
Mohammed Lartey,66,CAM,,0,3,4,87,67,61,68,45,53,"176cm | 5'9""",0,-,-,Hansa Rostock,Germany
Roger de Oliveira,66,CB,,0,3,3,63,54,66,66,69,65,"185cm | 6'1""",0,-,-,Energie Cottbus,Brazil
Danny Ward,66,LM,,0,3,3,75,65,62,69,46,55,"180cm | 5'11""",0,-,-,Huddersfield Town,England
Marvin Chávez,66,RM,,0,3,4,87,62,54,75,45,55,"165cm | 5'5""",0,-,-,FC Dallas,Honduras
Maicon dos Santos Corrêa,66,ST,,0,3,4,54,67,60,66,55,66,"185cm | 6'1""",0,-,-,FC Dallas,Brazil
Ryan Mendes da Graça,66,RM,,0,3,4,86,60,53,70,40,48,"175cm | 5'9""",0,-,-,Havre Athletic Club,Cape Verde Islands
Mathew Leckie,66,ST,,0,3,4,85,65,52,71,45,60,"180cm | 5'11""",0,-,-,Borussia M'gladbach,Australia
Eliandro dos Santos Gonzaga,66,ST,,0,3,3,75,63,52,64,55,71,"180cm | 5'11""",0,-,-,Minas,Brazil
Pape Abdou Camara,66,CDM,,0,2,3,81,54,58,59,72,75,"188cm | 6'2""",0,-,-,Standard de Liège,Senegal
Danny Mwanga,66,ST,,0,2,3,72,64,47,69,50,67,"188cm | 6'2""",0,-,-,Philadelphia Union,DR Congo
Celso Ortíz,66,CM,,0,2,3,77,57,61,67,66,58,"175cm | 5'9""",0,-,-,AZ Alkmaar,Paraguay
Daniele Mori,66,CB,,0,2,3,60,39,38,45,73,75,"190cm | 6'3""",0,-,-,Empoli,Italy
Roger Torres,66,CAM,,0,3,4,65,64,58,74,41,42,"167cm | 5'6""",0,-,-,Philadelphia Union,Colombia
Jan Hochscheidt,66,CAM,,0,2,4,74,65,64,67,55,61,"179cm | 5'10""",0,-,-,FC Erzgebirge Aue,Germany
Dejan Lekic,66,ST,,0,3,3,45,66,45,58,59,69,"193cm | 6'4""",0,-,-,Club Atlético Osasuna,Serbia
Kamohelo Mokotjo,66,CM,,0,3,4,69,49,65,69,61,63,"174cm | 5'9""",0,-,-,Feyenoord,South Africa
Zvonko Pamić,66,CM,,0,3,3,66,57,67,66,61,60,"184cm | 6'0""",0,-,-,MSV Duisburg,Croatia
Natanael de Souza Santos,66,CF,,0,3,3,80,64,64,70,48,64,"165cm | 5'5""",0,-,-,Jeju United FC,Brazil
Tobias Kempe,66,CAM,,0,2,3,75,63,63,69,51,64,"184cm | 6'0""",0,-,-,FC Erzgebirge Aue,Germany
Adli Lachheb,66,CB,,0,2,3,55,35,38,45,75,56,"194cm | 6'4""",0,-,-,FC Erzgebirge Aue,Tunisia
Rouven Sattelmaier,66,GK,,0,1,3,69,63,63,67,38,65,"186cm | 6'1""",0,-,-,Bayern München,Germany
Maher,66,CAM,,0,3,4,73,52,60,75,36,49,"174cm | 5'9""",0,-,-,AZ Alkmaar,Netherlands
Jules Reimerink,66,RM,,0,4,4,77,61,59,73,44,59,"185cm | 6'1""",0,-,-,Energie Cottbus,Netherlands
Barry Douglas,66,LM,,0,2,2,72,45,66,65,64,75,"178cm | 5'10""",0,-,-,Dundee United,Scotland
Lukas Rupp,66,LM,,0,3,3,75,63,64,70,51,56,"179cm | 5'10""",0,-,-,Borussia M'gladbach,Germany
Carles Planas,66,LB,,0,2,3,76,39,63,62,66,58,"180cm | 5'11""",0,-,-,Fútbol Club Barcelona “B”,Spain
Nico Schulz,66,LB,,0,2,3,75,43,66,67,61,57,"180cm | 5'11""",0,-,-,Hertha BSC,Germany
Muhamed Bešic,66,CB,,0,2,3,67,37,51,37,67,72,"177cm | 5'10""",0,-,-,Hamburger SV,Bosnia Herzegovina
Harry Novillo,66,RM,,0,3,3,75,66,60,70,46,55,"182cm | 6'0""",0,-,-,Havre Athletic Club,Portugal
Dominik Kaiser,66,CAM,,0,3,3,65,54,69,67,60,63,"171cm | 5'7""",0,-,-,TSG 1899 Hoffenheim,Germany
Juankar,66,LM,,0,3,3,80,54,56,69,45,51,"178cm | 5'10""",0,-,-,Real Zaragoza S.A.D.,Spain
Robbie Brady,66,LM,,0,3,4,78,53,58,68,53,58,"175cm | 5'9""",0,-,-,Hull City,Republic of Ireland
Gabriel,66,GK,,0,1,2,69,62,63,65,43,69,"193cm | 6'4""",0,-,-,Cruzeiro,Brazil
Matthias Ostrzolek,66,LB,,0,2,4,80,48,64,65,65,58,"178cm | 5'10""",0,-,-,VfL Bochum,Germany
Willy Boly,66,CB,,0,2,3,54,30,63,30,70,70,"191cm | 6'3""",0,-,-,AJ Auxerre,France
Alessandro Berardi,66,GK,,0,1,2,66,64,60,70,55,68,"185cm | 6'1""",0,-,-,Lazio,Italy
Kalif Alhassan,66,LW,,0,3,3,85,51,61,68,59,58,"178cm | 5'10""",0,-,-,Portland,Ghana
Neeskens Kebano,66,RW,,0,3,3,75,57,65,69,48,56,"170cm | 5'7""",0,-,-,Paris Saint-Germain,France
Robert Koch,66,RW,,0,3,4,75,51,52,72,52,62,"182cm | 6'0""",0,-,-,Dynamo Dresden,Germany
Patrick Bauer,66,CB,,0,2,3,50,44,57,49,68,57,"192cm | 6'4""",0,-,-,VfB Stuttgart,Germany
Mark Kennedy,65,LB,,0,3,2,44,60,71,60,68,61,"180cm | 5'11""",0,-,-,Ipswich Town,Republic of Ireland
David Wright,65,CDM,,0,2,3,73,38,57,57,65,68,"180cm | 5'11""",0,-,-,Crystal Palace,England
Sebastian Schindzielorz,65,CDM,,0,2,4,64,50,54,46,66,65,"180cm | 5'11""",0,-,-,VfL Wolfsburg,Germany
Simon Elliott,65,CDM,,0,2,3,36,59,69,61,63,59,"180cm | 5'11""",0,-,-,Club Deportivo Chivas USA,New Zealand
Paul Gallacher,65,GK,,0,1,3,64,66,56,66,46,67,"183cm | 6'0""",0,-,-,Dunfermline,Scotland
Ferdinand Feldhofer,65,CB,,0,2,3,59,40,50,42,68,70,"182cm | 6'0""",0,-,-,SK Sturm Graz,Austria
Andrew Sinkala,65,CDM,,0,2,3,64,48,61,60,65,73,"175cm | 5'9""",0,-,-,FC Augsburg,Zambia
Simone Vergassola,65,CM,,0,3,3,56,61,69,65,65,65,"174cm | 5'9""",0,-,-,Siena,Italy
Domingo Nagore Arbizu,65,CDM,,0,2,4,32,55,60,45,69,53,"182cm | 6'0""",0,-,-,Club Deportivo Numancia de Soria S.A.D. ,Spain
Gill Swerts,65,RB,,0,2,3,65,48,63,65,67,69,"179cm | 5'10""",0,-,-,Feyenoord,Belgium
Frederik Boi,65,RB,,0,2,3,61,65,63,59,62,62,"184cm | 6'0""",0,-,-,OHL,Belgium
Delron Buckley,65,LM,,0,3,2,75,64,57,68,48,56,"177cm | 5'10""",0,-,-,Karlsruher SC,South Africa
Chris Porter,65,ST,,0,3,3,66,62,52,59,54,71,"185cm | 6'1""",0,-,-,Sheffield United,England
Michael Ratajczak,65,GK,,0,1,2,62,63,59,69,55,66,"187cm | 6'2""",0,-,-,Fortuna Düsseldorf,Germany
Giuseppe Greco,65,ST,,0,2,4,72,62,49,61,55,63,"182cm | 6'0""",0,-,-,Modena,Italy
Bernt Evens,65,LB,,0,2,4,55,48,60,44,71,55,"192cm | 6'4""",0,-,-,KSV Cercle Brugge,Belgium
Adam Drury,65,LB,,0,2,3,53,35,60,65,69,65,"180cm | 5'11""",0,-,-,Norwich City,England
Rob Edwards,65,CB,,0,2,3,65,34,42,27,70,70,"185cm | 6'1""",0,-,-,Barnsley,Wales
Clinton Morrison,65,ST,,0,2,3,68,61,51,64,56,66,"178cm | 5'10""",0,-,-,Sheffield Wednesday,Republic of Ireland
Mahamet Diagouraga,65,CB,,0,2,2,71,43,42,35,73,67,"188cm | 6'2""",0,-,-,Modena,France
Aleksandar Vuković,65,CDM,,0,2,2,49,56,64,54,69,59,"186cm | 6'1""",0,-,-,Korona Kielce,Serbia
Lars Jungnickel,65,RB,,0,3,3,74,50,57,51,66,71,"180cm | 5'11""",0,-,-,Dynamo Dresden,Germany
Michael Langer,65,GK,,0,1,3,64,65,58,69,51,65,"193cm | 6'4""",0,-,-,FSV Frankfurt,Austria
Markus Krösche,65,CDM,,0,2,3,61,49,48,46,70,73,"180cm | 5'11""",0,-,-,SC Paderborn 07,Germany
Ian Ashbee,65,CDM,,0,2,3,46,56,62,55,71,67,"185cm | 6'1""",0,-,-,Preston North End,England
Bram Castro,65,GK,,0,1,2,65,65,67,66,54,64,"191cm | 6'3""",0,-,-,Sint-Truidense VV,Belgium
Nicky Hofs,65,CAM,,0,2,3,71,70,63,68,64,61,"170cm | 5'7""",0,-,-,Vitesse,Netherlands
Tariq Spezie Sevilla,65,ST,,0,2,3,41,64,40,50,54,80,"183cm | 6'0""",0,-,-,Sociedad Deportiva Huesca S.A.D.,Spain
Gaspar Gálvez Burgos,65,CB,,0,2,3,49,44,54,45,69,59,"182cm | 6'0""",0,-,-,Córdoba Club de Fútbol S.A.D.,Spain
Mikel Alonso Olano,65,CDM,,0,2,3,56,61,66,57,61,56,"180cm | 5'11""",0,-,-,Charlton Athletic,Spain
Daniel Bautista Pina,65,LB,,0,2,2,75,51,65,60,66,66,"177cm | 5'10""",0,-,-,Unión Deportiva Almería S.A.D.,Spain
David Pérez Arteaga,65,LW,,0,3,3,76,56,61,63,47,48,"167cm | 5'6""",0,-,-,Sabadell FC,Spain
Sebastián Corona Nacarino,65,CB,,0,2,3,51,42,46,44,66,64,"182cm | 6'0""",0,-,-,Sociedad Deportiva Huesca S.A.D.,Spain
Sergio Matabuena Delgado,65,CDM,,0,2,3,50,54,60,48,66,64,"185cm | 6'1""",0,-,-,Real Valladolid Club de Fútbol S.A.D.,Spain
Gaizka Saizar Lekuona,65,ST,,0,3,3,69,63,58,61,61,64,"175cm | 5'9""",0,-,-,Girona Fútbol Club S.A.D. ,Spain
Rafael Sastre Reus,65,RB,,0,2,3,63,50,65,55,71,53,"179cm | 5'10""",0,-,-,Sociedad Deportiva Huesca S.A.D.,Spain
David Bauzá Francés,65,CDM,,0,2,3,42,51,59,58,66,46,"188cm | 6'2""",0,-,-,Sociedad Deportiva Huesca S.A.D.,Spain
Mathieu Béda,65,CB,,0,2,4,50,42,47,48,70,71,"186cm | 6'1""",0,-,-,FC Zürich,France
Nassim Akrour,65,ST,,0,3,4,33,68,52,62,53,82,"181cm | 5'11""",0,-,-,FC Istres Ouest Provence,Algeria
Jan-Paul Saeijs,65,CB,,0,2,3,42,52,50,45,71,64,"190cm | 6'3""",0,-,-,De Graafschap,Netherlands
Paul Hayes,65,ST,,0,3,3,63,64,60,62,59,61,"183cm | 6'0""",0,-,-,Charlton Athletic,England
Marino Biliškov,65,CB,,0,2,3,28,47,55,53,70,56,"195cm | 6'5""",0,-,-,FC Ingolstadt 04,Croatia
Andrew Webster,65,CB,,0,2,3,66,19,50,57,69,63,"183cm | 6'0""",0,-,-,Heart of Midlothian,Scotland
Daniel Ziebig,65,LB,,0,3,3,72,55,62,62,66,64,"183cm | 6'0""",0,-,-,Energie Cottbus,Germany
Giuseppe Gemiti,65,LB,,0,2,4,78,42,59,58,66,64,"176cm | 5'9""",0,-,-,Novara,Germany
Archie Thompson,65,ST,,0,4,4,78,61,49,72,48,52,"174cm | 5'9""",0,-,-,Melbourne Victory FC,Australia
Peter Delorge,65,CDM,,0,2,2,67,46,56,49,64,65,"178cm | 5'10""",0,-,-,Sint-Truidense VV,Belgium
Milorad Peković,65,CDM,,0,2,3,51,60,55,59,70,72,"189cm | 6'2""",0,-,-,SpVgg Greuther Fürth,Montenegro
James Fowler,65,CDM,,0,2,3,62,17,60,63,67,75,"175cm | 5'9""",0,-,-,Kilmarnock,Scotland
Danny Califf,65,CB,,0,2,3,37,39,45,39,73,70,"185cm | 6'1""",0,-,-,Philadelphia Union,United States
Keith Lasley,65,CM,,0,3,3,68,47,64,64,72,76,"173cm | 5'8""",0,-,-,Motherwell,Scotland
Tony Sergeant,65,CM,,0,2,4,43,63,63,58,56,61,"182cm | 6'0""",0,-,-,KSV Cercle Brugge,Belgium
Koen Daerden,65,CM,,0,3,3,57,66,66,59,70,64,"191cm | 6'3""",0,-,-,Sint-Truidense VV,Belgium
Jan Frederiksen,65,LB,,0,2,3,78,42,67,50,68,59,"184cm | 6'0""",0,-,-,Brøndby IF,Denmark
David Suarez,65,ST,,0,2,3,60,68,45,56,43,64,"184cm | 6'0""",0,-,-,Sporting Club Bastia,France
Jan Kristiansen,65,LM,,0,3,4,64,68,59,64,60,52,"180cm | 5'11""",0,-,-,Brøndby IF,Denmark
Joachim Standfest,65,RB,,0,2,2,69,51,59,59,64,63,"180cm | 5'11""",0,-,-,SK Sturm Graz,Austria
Héctor Font Romero,65,CAM,,0,3,3,59,59,69,65,53,47,"170cm | 5'7""",0,-,-,R.C. Recreativo,Spain
Won Kwon Choi,65,RB,,0,2,3,75,53,63,47,67,68,"176cm | 5'9""",0,-,-,Jeju United FC,Korea Republic
Jo Gook Jung,65,ST,,0,3,4,59,65,58,62,49,68,"185cm | 6'1""",0,-,-,AJ Auxerre,Korea Republic
Young Min Hyun,65,LB,,0,3,5,75,57,64,64,64,62,"179cm | 5'10""",0,-,-,FC Seoul,Korea Republic
Yong Ho Park,65,CB,,0,2,2,70,38,53,50,68,71,"183cm | 6'0""",0,-,-,FC Seoul,Korea Republic
Sung Hwan Cho,65,CB,,0,2,3,31,44,46,31,68,71,"183cm | 6'0""",0,-,-,Jeonbuk Hyundai Motors,Korea Republic
Chang Hyun Ko,65,CAM,,0,3,3,64,61,69,66,46,48,"171cm | 5'7""",0,-,-,Ulsan Hyundai Horang-i,Korea Republic
Josh Wolff,65,ST,,0,3,3,71,62,57,66,48,63,"173cm | 5'8""",0,-,-,D.C. United,United States
Mike Magee,65,LM,,0,2,4,69,65,62,65,55,61,"175cm | 5'9""",0,-,-,Los Angeles Galaxy,United States
Arnaud Maire,65,CB,,0,2,3,32,45,46,38,67,75,"181cm | 5'11""",0,-,-,AC Ajaccio,France
Georgios Samaras,65,ST,,0,3,3,63,61,59,66,49,67,"193cm | 6'4""",0,-,-,Celtic,Greece
Roland Bättig,65,CDM,,0,2,3,64,56,58,55,67,64,"180cm | 5'11""",0,-,-,FC Thun,Switzerland
Valerio Di Cesare,65,CB,,0,2,3,60,39,39,37,69,74,"187cm | 6'2""",0,-,-,F. Torino,Italy
Silvan Aegerter,65,CM,,0,3,3,62,64,66,63,67,65,"180cm | 5'11""",0,-,-,FC Zürich,Switzerland
Landry Bonnefoi,65,GK,,0,1,2,65,62,60,66,42,71,"184cm | 6'0""",0,-,-,Amiens SC,France
Chris Clark,65,LM,,0,3,4,77,54,63,63,60,63,"173cm | 5'8""",0,-,-,Aberdeen,Scotland
Lloyd Dyer,65,LM,,0,2,3,84,52,66,70,39,46,"173cm | 5'8""",0,-,-,Leicester City,England
Arturo Alvarez,65,LM,,0,3,2,79,65,57,76,50,52,"175cm | 5'9""",0,-,-,Real Salt Lake,El Salvador
Ahmed Ammi,65,RB,,0,2,3,70,40,60,67,65,63,"179cm | 5'10""",0,-,-,ADO Den Haag,Morocco
José Luis Acciari,65,CDM,,0,2,3,54,52,54,49,71,63,"182cm | 6'0""",0,-,-,Elche Club de Fútbol S.A.D.,Argentina
James McEveley,65,LB,,0,2,3,65,54,62,58,68,69,"183cm | 6'0""",0,-,-,Barnsley,Scotland
Dean Lewington,65,LB,,0,2,3,67,39,57,50,71,62,"180cm | 5'11""",0,-,-,Milton Keynes Dons,England
Evans Soligo,65,CM,,0,2,3,64,52,68,61,62,63,"176cm | 5'9""",0,-,-,Vicenza,Italy
Roberto Vitiello,65,RB,,0,2,3,66,44,58,62,66,65,"177cm | 5'10""",0,-,-,Siena,Italy
Joey Guðjónsson,65,CM,,0,3,3,56,66,59,59,69,68,"173cm | 5'8""",0,-,-,Huddersfield Town,Iceland
Rafael Medina,65,LWB,,0,3,5,68,59,66,61,60,48,"177cm | 5'10""",0,-,-,Estudiantes Tecos,Mexico
Eun Sung Choi,65,GK,,0,1,3,68,61,67,67,43,63,"184cm | 6'0""",0,-,-,Daejeon Citizen,Korea Republic
Jamie McAllister,65,LB,,0,2,3,54,52,63,62,68,62,"178cm | 5'10""",0,-,-,Bristol City,Scotland
Frank Boeckx,65,GK,,0,1,4,65,64,73,67,59,64,"183cm | 6'0""",0,-,-,KAA Gent,Belgium
Neil Mellor,65,ST,,0,2,2,66,64,52,63,56,68,"184cm | 6'0""",0,-,-,Preston North End,England
Michael Nelson,65,CB,,0,2,2,32,29,37,44,70,76,"188cm | 6'2""",0,-,-,Scunthorpe United,England
Yosgart Gutiérrez,65,GK,,0,1,3,63,65,63,68,44,69,"187cm | 6'2""",0,-,-,Cruz Azul,Mexico
Mario Ortiz,65,CF,,0,3,3,69,64,61,65,55,63,"179cm | 5'10""",0,-,-,Atlante,Mexico
Francisco Fonseca,65,ST,,0,3,3,55,64,62,60,50,64,"187cm | 6'2""",0,-,-,Atlante,Mexico
Andy Robinson,65,LW,,0,3,4,66,65,61,66,57,59,"173cm | 5'8""",0,-,-,Tranmere Rovers,England
Andy Butler,65,CB,,0,2,3,55,28,48,38,69,74,"183cm | 6'0""",0,-,-,Walsall,England
Tobias Rathgeb,65,CM,,0,2,3,61,61,66,70,58,49,"173cm | 5'8""",0,-,-,VfB Stuttgart,Germany
Boban Grnčarov,65,CB,,0,2,3,44,34,51,36,72,57,"194cm | 6'4""",0,-,-,Lierse SK,FYR Macedonia
Mariano Barbosa,65,GK,,0,1,2,68,61,68,69,67,60,"185cm | 6'1""",0,-,-,Unión Deportiva Las Palmas S.A.D.,Argentina
Sergey Omelyanchuk,65,CB,,0,3,4,52,40,53,57,65,67,"178cm | 5'10""",0,-,-,Terek Grozny,Belarus
Dorca,65,CDM,,0,2,3,57,52,59,49,70,59,"182cm | 6'0""",0,-,-,Girona Fútbol Club S.A.D. ,Spain
José Francisco Mora Aldava,65,CB,,0,2,3,55,43,56,46,70,66,"186cm | 6'1""",0,-,-,Hércules Club de Fútbol S.A.D.,Spain
Jordi Matamala Muntadas,65,CM,,0,3,3,51,56,67,60,59,41,"182cm | 6'0""",0,-,-,R.C. Recreativo,Spain
David García,65,CB,,0,2,3,56,46,49,54,67,64,"182cm | 6'0""",0,-,-,Unión Deportiva Las Palmas S.A.D.,Spain
Raúl Cámara,65,RB,,0,3,4,79,52,56,64,64,62,"172cm | 5'8""",0,-,-,Xerez Club Deportivo S.A.D.,Spain
Miguel Angel González González,65,CB,,0,2,3,58,44,34,47,71,64,"185cm | 6'1""",0,-,-,Girona Fútbol Club S.A.D. ,Spain
Gorka Larrea García,65,CDM,,0,2,3,59,52,57,59,68,68,"182cm | 6'0""",0,-,-,Club Deportivo Numancia de Soria S.A.D. ,Spain
Rubén Pérez Chueca,65,GK,,0,1,3,66,62,81,69,51,62,"185cm | 6'1""",0,-,-,Gimnàstic de Tarragona S.A.D.,Spain
Vasili Khamutowski,65,GK,,0,1,4,63,64,57,69,36,62,"193cm | 6'4""",0,-,-,Amkar Perm,Belarus
Ruslan Nakhushev,65,LB,,0,2,3,71,64,61,61,68,61,"185cm | 6'1""",0,-,-,Tom Tomsk,Russia
Anton Bober,65,CM,,0,3,3,60,62,73,69,49,61,"182cm | 6'0""",0,-,-,Krylya Sovetov Samara,Russia
Ruben Schaken,65,RW,,0,3,3,77,56,51,69,44,55,"172cm | 5'8""",0,-,-,Feyenoord,Netherlands
Erik Heijblok,65,GK,,0,1,2,65,66,66,63,43,67,"196cm | 6'5""",0,-,-,AZ Alkmaar,Netherlands
Angelo Iorio,65,CB,,0,2,2,59,42,45,44,66,70,"180cm | 5'11""",0,-,-,Grosseto,Italy
Dominick Kumbela,65,ST,,0,3,3,81,64,49,69,43,65,"173cm | 5'8""",0,-,-,Braunschweig,DR Congo
Jean-François Rivière,65,ST,,0,2,4,52,66,69,64,43,63,"178cm | 5'10""",0,-,-,Clermont Foot Auvergne 63,France
Romain Sartre,65,CB,,0,2,3,51,38,49,28,69,69,"185cm | 6'1""",0,-,-,Tours FC,France
Ryan Lowe,65,ST,,0,2,3,66,61,54,56,54,69,"180cm | 5'11""",0,-,-,Sheffield Wednesday,England
Roni Porokara,65,LM,,0,4,3,78,58,56,72,52,59,"184cm | 6'0""",0,-,-,Germinal Beerschot,Finland
Chris Sørensen,65,LB,,0,2,2,36,55,65,59,69,54,"186cm | 6'1""",0,-,-,Odense Boldklub,Denmark
Florian Mader,65,CDM,,0,3,4,72,60,60,68,64,68,"180cm | 5'11""",0,-,-,FK Austria Wien,Austria
Hans-Peter Berger,65,GK,,0,1,3,67,64,64,68,52,64,"179cm | 5'10""",0,-,-,Admira,Austria
Enrico Kern,65,ST,,0,3,3,65,61,47,61,54,66,"189cm | 6'2""",0,-,-,FC Erzgebirge Aue,Germany
Chris Wingert,65,LB,,0,2,4,62,51,62,58,68,66,"180cm | 5'11""",0,-,-,Real Salt Lake,United States
Troy Perkins,65,GK,,0,1,3,68,67,68,66,55,65,"188cm | 6'2""",0,-,-,Portland,United States
Ned Grabavoy,65,CM,,0,2,4,65,57,63,66,62,60,"170cm | 5'7""",0,-,-,Real Salt Lake,United States
Dean Marney,65,CM,,0,2,3,70,65,64,69,68,73,"183cm | 6'0""",0,-,-,Burnley,England
Chul Joon Ma,65,LB,,0,2,4,82,51,63,67,63,62,"180cm | 5'11""",0,-,-,Jeju United FC,Korea Republic
Rob Jones,65,CB,,0,2,3,44,26,44,27,72,65,"200cm | 6'7""",0,-,-,Sheffield Wednesday,England
Dawid Plizga,65,RM,,0,2,3,82,61,58,64,48,64,"174cm | 5'9""",0,-,-,Jagiellonia Białystok,Poland
Danny Olsen,65,RM,,0,3,3,72,62,61,68,55,63,"186cm | 6'1""",0,-,-,FC Midtjylland,Denmark
Gunnar Nielsen,65,GK,,0,1,3,67,69,60,66,65,67,"193cm | 6'4""",0,-,-,Manchester City,Faroe Islands
Jonas Borring,65,LM,,0,3,3,66,63,68,66,58,65,"193cm | 6'4""",0,-,-,FC Midtjylland,Denmark
Ho Lee,65,CDM,,0,2,4,69,55,61,65,71,66,"182cm | 6'0""",0,-,-,Ulsan Hyundai Horang-i,Korea Republic
Jae Ho Jeon,65,LB,,0,3,3,76,49,66,57,60,50,"168cm | 5'6""",0,-,-,Incheon United FC,Korea Republic
Kenny Van Hoevelen,65,CB,,0,2,3,65,37,50,48,66,67,"184cm | 6'0""",0,-,-,KV Mechelen,Belgium
Pablo Ruiz Barrero,65,CB,,0,2,3,57,39,57,50,68,64,"186cm | 6'1""",0,-,-,Sabadell FC,Spain
Adrián García Arias,65,CB,,0,2,3,55,49,52,50,68,68,"182cm | 6'0""",0,-,-,Querétaro,Mexico
Omar Flores,65,CB,,0,2,3,50,47,60,55,71,58,"183cm | 6'0""",0,-,-,Jaguares de Chiapas,Mexico
Franck Dja Djédjé,65,RW,,0,3,3,80,58,51,71,49,65,"176cm | 5'9""",0,-,-,OGC Nice,France
Christian Müller,65,CAM,,0,3,4,71,64,61,70,42,43,"182cm | 6'0""",0,-,-,Energie Cottbus,Germany
Kamil Kosowski,65,LM,,0,2,3,68,68,66,63,61,55,"189cm | 6'2""",0,-,-,GKS Bełchatów,Poland
Shelton Martis,65,CB,,0,2,3,56,40,41,54,68,71,"185cm | 6'1""",0,-,-,Doncaster Rovers,Netherlands
Christoph Saurer,65,CAM,,0,3,4,76,60,64,70,42,56,"175cm | 5'9""",0,-,-,SK Rapid Wien,Austria
Julian Bennett,65,LB,,0,2,3,75,40,63,56,67,66,"185cm | 6'1""",0,-,-,Sheffield Wednesday,England
Edmond Kapllani,65,ST,,0,3,4,53,63,57,66,54,63,"185cm | 6'1""",0,-,-,FC Augsburg,Albania
Ricardo Villar,65,CAM,,0,3,3,65,61,61,67,52,57,"177cm | 5'10""",0,-,-,FC Dallas,Brazil
Antonio Giosa,65,CB,,0,2,2,54,40,43,43,70,68,"185cm | 6'1""",0,-,-,Reggina,Italy
Adaílton José dos Santos Filho,65,CB,,0,2,2,64,47,50,46,70,64,"190cm | 6'3""",0,-,-,FC Sion,Brazil
Roberto Colombo,65,GK,,0,1,2,63,64,55,69,53,68,"190cm | 6'3""",0,-,-,Napoli,Italy
Francisco David González Borges,65,CAM,,0,3,4,64,52,57,73,51,55,"171cm | 5'7""",0,-,-,Unión Deportiva Las Palmas S.A.D.,Spain
Tom Soares,65,CM,,0,3,4,70,62,68,68,59,59,"183cm | 6'0""",0,-,-,Stoke City,England
Alex Barbosa de Azevedo Terra,65,ST,,0,4,3,77,67,59,70,49,58,"166cm | 5'5""",0,-,-,Melbourne Heart FC,Brazil
Niklas Hoheneder,65,CB,,0,2,3,56,36,45,44,68,72,"190cm | 6'3""",0,-,-,Karlsruher SC,Austria
Mark Bunn,65,GK,,0,1,3,64,67,68,74,48,59,"183cm | 6'0""",0,-,-,Blackburn Rovers,England
Bruno Herrero Arias,65,CM,,0,3,3,64,65,74,60,58,51,"177cm | 5'10""",0,-,-,Xerez Club Deportivo S.A.D.,Spain
David Bell,65,RM,,0,3,4,75,56,61,63,51,48,"178cm | 5'10""",0,-,-,Coventry City,Republic of Ireland
Ghislain Gimbert,65,ST,,0,2,4,60,67,57,60,52,63,"182cm | 6'0""",0,-,-,Stade Lavallois Mayenne FC,France
Nick van der Velden,65,RM,,0,2,2,57,60,67,65,67,61,"187cm | 6'2""",0,-,-,N.E.C.,Netherlands
Richard Keogh,65,CB,,0,2,3,63,15,65,41,70,75,"188cm | 6'2""",0,-,-,Coventry City,Republic of Ireland
Rachid Farssi,65,LM,,0,2,4,74,55,64,65,55,58,"180cm | 5'11""",0,-,-,KVC Westerlo,Morocco
Alessandro Noselli,65,RW,,0,3,3,68,64,60,64,58,63,"183cm | 6'0""",0,-,-,Sassuolo,Italy
Nathan Doyle,65,CDM,,0,2,3,66,55,58,59,69,66,"180cm | 5'11""",0,-,-,Barnsley,England
Tim Matthys,65,RM,,0,3,3,71,64,60,64,53,61,"180cm | 5'11""",0,-,-,RAEC Mons,Belgium
Anthony Scaramozzino,65,LB,,0,2,3,73,40,60,45,60,69,"180cm | 5'11""",0,-,-,La Berrichonne de Châteauroux,France
David Mirfin,65,CB,,0,2,3,57,26,34,32,71,68,"185cm | 6'1""",0,-,-,Watford,England
Robert Almer,65,GK,,0,1,3,63,67,65,65,53,65,"194cm | 6'4""",0,-,-,Fortuna Düsseldorf,Austria
Jorge Alonso Martín,65,CM,,0,2,3,58,64,71,58,62,64,"178cm | 5'10""",0,-,-,Real Valladolid Club de Fútbol S.A.D.,Spain
Therry Racon,65,CDM,,0,3,4,74,64,64,70,64,65,"178cm | 5'10""",0,-,-,Millwall,France
Tony McMahon,65,RB,,0,2,3,68,52,59,60,67,68,"180cm | 5'11""",0,-,-,Middlesbrough,England
Drew Moor,65,CB,,0,2,4,67,36,54,56,67,74,"183cm | 6'0""",0,-,-,Colorado Rapids,United States
Alan Gordon,65,ST,,0,2,3,58,60,46,59,58,79,"191cm | 6'3""",0,-,-,San Jose Earthquakes,United States
Gonzalo Segares,65,LB,,0,2,4,70,56,60,62,69,63,"180cm | 5'11""",0,-,-,Chicago Fire,Costa Rica
Jason Hernandez,65,CB,,0,2,3,71,43,54,56,67,65,"178cm | 5'10""",0,-,-,San Jose Earthquakes,United States
Mamadou Diallo,65,ST,,0,3,2,72,62,53,69,50,77,"179cm | 5'10""",0,-,-,CS Sedan Ardennes,Mali
Banel Nicolita,65,RM,,0,3,3,75,62,67,60,46,63,"175cm | 5'9""",0,-,-,A.S. Saint-Etienne,Romania
Craig Davies,65,ST,,0,2,3,75,63,32,54,50,83,"188cm | 6'2""",0,-,-,Barnsley,Wales
Owen Garvan,65,CM,,0,3,3,68,64,66,59,57,54,"183cm | 6'0""",0,-,-,Crystal Palace,Republic of Ireland
Frazer Wright,65,CB,,0,2,3,57,34,57,54,65,72,"178cm | 5'10""",0,-,-,St. Johnstone FC,Scotland
Gary Dicker,65,CM,,0,2,4,67,48,68,61,59,63,"183cm | 6'0""",0,-,-,Brighton &amp; Hove Albion,Republic of Ireland
Makhach Gadzhiev,65,RM,,0,3,4,64,50,67,66,54,53,"181cm | 5'11""",0,-,-,Anzhi Makhachkala,Russia
Marc Pugh,65,RM,,0,3,4,87,60,55,70,41,54,"180cm | 5'11""",0,-,-,Bournemouth,England
Carlos Mendes,65,CB,,0,2,3,32,46,54,47,70,67,"180cm | 5'11""",0,-,-,New York Red Bulls,United States
Rob Elliot,65,GK,,0,1,2,67,64,64,66,47,67,"188cm | 6'2""",0,-,-,Newcastle United,Republic of Ireland
Damien Perrinelle,65,CB,,0,2,3,52,44,55,40,67,67,"187cm | 6'2""",0,-,-,Clermont Foot Auvergne 63,France
Tiago Coelho Branco Calvano,65,CB,,0,2,3,53,50,62,53,69,73,"188cm | 6'2""",0,-,-,Newcastle United Jets FC,Brazil
Raffaele Schiavi,65,CB,,0,2,2,58,40,45,36,70,71,"185cm | 6'1""",0,-,-,Padua,Italy
Markus Karl,65,CDM,,0,3,3,53,62,61,59,71,73,"193cm | 6'4""",0,-,-,1. FC Union Berliln,Germany
Sebastian Miranda,65,RB,,0,2,3,58,53,62,61,67,65,"173cm | 5'8""",0,-,-,Columbus Crew,Chile
Mario Fillinger,65,LM,,0,3,4,77,61,59,66,58,58,"182cm | 6'0""",0,-,-,FSV Frankfurt,Germany
Günther Vanaudenaerde,65,RB,,0,2,3,65,39,60,44,65,53,"178cm | 5'10""",0,-,-,KVC Westerlo,Belgium
Israel Martínez,65,LM,,0,3,1,70,58,68,60,62,65,"170cm | 5'7""",0,-,-,Querétaro,Mexico
Andreas Ulmer,65,LB,,0,2,3,74,50,60,64,64,58,"175cm | 5'9""",0,-,-,FC Red Bull Salzburg,Austria
Markus Suttner,65,LB,,0,2,3,73,50,56,69,65,60,"179cm | 5'10""",0,-,-,FK Austria Wien,Austria
Michael O'Connor,65,CDM,,0,2,3,63,63,66,58,62,62,"185cm | 6'1""",0,-,-,Scunthorpe United,Northern Ireland
Jarosław Fojut,65,CB,,0,2,3,66,33,35,32,72,63,"188cm | 6'2""",0,-,-,Wrocław,Poland
Israel Villaseñor,65,GK,,0,1,3,64,67,64,68,40,65,"189cm | 6'2""",0,-,-,Jaguares de Chiapas,Mexico
Martin Bernburg,65,ST,,0,3,3,60,57,45,64,57,71,"185cm | 6'1""",0,-,-,Brøndby IF,Denmark
Nico Zimmermann,65,RM,,0,3,3,74,65,63,67,49,55,"178cm | 5'10""",0,-,-,Braunschweig,Germany
Darren Randolph,65,GK,,0,1,3,64,64,72,66,61,66,"185cm | 6'1""",0,-,-,Motherwell,Republic of Ireland
Liam Bridcutt,65,CDM,,0,3,3,66,44,57,49,66,49,"171cm | 5'7""",0,-,-,Brighton &amp; Hove Albion,England
Matthias Henn,65,CB,,0,2,3,52,46,52,50,68,67,"187cm | 6'2""",0,-,-,Braunschweig,Germany
Damion Stewart,65,CB,,0,2,3,58,32,53,52,70,69,"191cm | 6'3""",0,-,-,Bristol City,Jamaica
Edgar Castillo,65,LB,,0,3,3,84,53,63,71,56,65,"169cm | 5'7""",0,-,-,América,United States
Sergio Gustavo Suárez Arteaga,65,RM,,0,3,4,72,52,59,68,50,67,"180cm | 5'11""",0,-,-,Unión Deportiva Las Palmas S.A.D.,Spain
Roy Miller,65,LB,,0,2,3,75,54,67,54,74,73,"187cm | 6'2""",0,-,-,New York Red Bulls,Costa Rica
José Semedo,65,CDM,,0,2,3,60,40,58,56,68,60,"181cm | 5'11""",0,-,-,Sheffield Wednesday,Portugal
Davide Morello,65,GK,,0,1,2,64,63,55,70,42,68,"178cm | 5'10""",0,-,-,F. Torino,Italy
Nicolaj Agger,65,ST,,0,2,4,69,57,36,65,49,64,"185cm | 6'1""",0,-,-,Djurgårdens IF,Denmark
Crespo,65,LB,,0,2,3,66,45,58,58,66,63,"183cm | 6'0""",0,-,-,Bologna,Spain
Filippo Savi,65,CM,,0,2,3,55,52,63,61,58,46,"181cm | 5'11""",0,-,-,Parma,Italy
Nicki Bille Nielsen,65,ST,,0,3,3,70,63,52,74,51,64,"184cm | 6'0""",0,-,-,Elche Club de Fútbol S.A.D.,Denmark
Michael Collins,65,CM,,0,3,4,61,63,67,63,64,53,"183cm | 6'0""",0,-,-,Scunthorpe United,Republic of Ireland
Milano Koenders,65,RB,,0,2,2,74,35,58,64,66,65,"180cm | 5'11""",0,-,-,NAC Breda,Netherlands
Glen Moss,65,GK,,0,1,3,70,60,57,68,59,60,"187cm | 6'2""",0,-,-,Gold Coast United,New Zealand
Sunday Stephen Obayan,65,CDM,,0,2,3,65,51,59,60,68,68,"180cm | 5'11""",0,-,-,Club Deportivo Numancia de Soria S.A.D. ,Nigeria
Adama Tamboura,65,LB,,0,2,3,77,56,68,66,67,66,"171cm | 5'7""",0,-,-,FC Metz,Mali
Kevin McDonald,65,CM,,0,2,3,74,54,61,67,66,70,"188cm | 6'2""",0,-,-,Sheffield United,Scotland
Javier Ángel Balboa Osa,65,RW,,0,3,3,86,55,60,71,53,61,"182cm | 6'0""",0,-,-,SC Beira Mar,Equatorial Guinea
Jermaine Taylor,65,CB,,0,2,3,63,32,37,51,70,79,"178cm | 5'10""",0,-,-,Houston Dynamo,Jamaica
Hassan El Mouataz,65,LB,,0,2,3,74,52,63,60,66,64,"179cm | 5'10""",0,-,-,Sporting Lokeren OV,Morocco
Patrick Ianni,65,CB,,0,2,3,67,33,52,47,65,72,"185cm | 6'1""",0,-,-,Seattle Sounders FC,United States
Miran Burgič,65,ST,,0,3,3,69,60,49,61,50,77,"181cm | 5'11""",0,-,-,FC Wacker Innsbruck,Slovenia
Wouter Corstjens,65,CB,,0,2,3,63,38,54,57,66,62,"185cm | 6'1""",0,-,-,KVC Westerlo,Belgium
Anthony Van Loo,65,RB,,0,2,3,73,41,62,53,62,60,"178cm | 5'10""",0,-,-,KV Mechelen,Belgium
Jacek Kiełb,65,RM,,0,3,4,80,59,59,73,50,62,"183cm | 6'0""",0,-,-,Korona Kielce,Poland
Mehdi Ballouchy,65,CAM,,0,3,4,72,61,63,64,51,53,"180cm | 5'11""",0,-,-,New York Red Bulls,Morocco
Ryan Johnson,65,ST,,0,3,3,76,63,58,66,54,74,"185cm | 6'1""",0,-,-,Toronto FC,Jamaica
Ki Jong Bae,65,CAM,,0,3,3,89,61,64,65,50,61,"180cm | 5'11""",0,-,-,Jeju United FC,Korea Republic
Sang Ho Lee,65,CAM,,0,3,3,75,64,62,70,61,58,"173cm | 5'8""",0,-,-,Suwon Samsung Bluewings,Korea Republic
John Jairo Mosquera,65,ST,,0,3,3,73,64,52,65,48,64,"192cm | 6'4""",0,-,-,1. FC Union Berliln,Colombia
Guillaume Loriot,65,CDM,,0,3,4,51,54,69,59,66,68,"188cm | 6'2""",0,-,-,Valenciennes FC,France
Kay Voser,65,LB,,0,2,5,81,54,64,65,63,63,"173cm | 5'8""",0,-,-,FC Basel 1893,Switzerland
Michael Beauchamp,65,CB,,0,2,3,52,31,42,35,73,71,"191cm | 6'3""",0,-,-,Sydney FC,Australia
Gary Roberts,65,LM,,0,2,4,66,60,68,64,49,60,"178cm | 5'10""",0,-,-,Huddersfield Town,England
Lasse Nielsen,65,CB,,0,2,3,59,41,63,56,64,68,"185cm | 6'1""",0,-,-,Aalborg BK,Denmark
Chris Taylor,65,LM,,0,4,4,77,59,63,69,52,59,"183cm | 6'0""",0,-,-,Oldham Athletic,England
Bernd Nehrig,65,RM,,0,2,4,80,63,58,68,59,63,"180cm | 5'11""",0,-,-,SpVgg Greuther Fürth,Germany
Sepp De Roover,65,RB,,0,3,3,72,63,67,63,64,61,"180cm | 5'11""",0,-,-,Sporting Lokeren OV,Belgium
Bruno Coutinho Martins,65,CAM,,0,4,3,75,68,54,65,68,66,"184cm | 6'0""",0,-,-,Polonia Warszawa,Brazil
Sebastian Schachten,65,LB,,0,2,4,71,42,63,63,69,63,"190cm | 6'3""",0,-,-,FC St. Pauli,Germany
Artur Jedrzejczyk,65,RB,,0,2,3,67,49,59,60,68,63,"189cm | 6'2""",0,-,-,Legia Warszawa,Poland
Daniele Paponi,65,CF,,0,3,2,71,61,63,64,46,68,"182cm | 6'0""",0,-,-,Bologna,Italy
Danilo Soddimo,65,RW,,0,4,4,84,61,57,67,55,55,"185cm | 6'1""",0,-,-,Pescara,Italy
Federico Gerardi,65,ST,,0,3,3,76,59,52,61,48,64,"179cm | 5'10""",0,-,-,Grosseto,Italy
Gianvito Plasmati,65,ST,,0,2,3,61,59,51,54,62,76,"198cm | 6'6""",0,-,-,Inferiore,Italy
Jonathan Wilmet,65,RM,,0,3,4,77,68,61,65,51,63,"183cm | 6'0""",0,-,-,KV Mechelen,Belgium
Dean Cox,65,LM,,0,3,4,77,54,62,70,41,61,"163cm | 5'4""",0,-,-,Leyton Orient,England
Robert Zwinkels,65,GK,,0,1,2,62,66,65,67,47,68,"186cm | 6'1""",0,-,-,ADO Den Haag,Netherlands
Savio Nsereko,65,LW,,0,4,4,89,53,49,69,44,49,"176cm | 5'9""",0,-,-,Stabia,Germany
Arnaud Sutchuin-Djoum,65,LM,,0,3,3,70,64,61,67,64,57,"183cm | 6'0""",0,-,-,Roda JC,Cameroon
Davide Bassi,65,GK,,0,1,2,65,64,60,69,48,66,"190cm | 6'3""",0,-,-,Sassuolo,Italy
Miguel Layún,65,RB,,0,2,3,71,50,62,64,64,58,"180cm | 5'11""",0,-,-,América,Mexico
Cesare Gianf. Rickler Del Mare,65,CB,,0,2,3,53,33,43,35,71,69,"196cm | 6'5""",0,-,-,Bologna,Italy
Manuel Pavón Castro,65,CB,,0,2,3,58,45,53,48,67,62,"187cm | 6'2""",0,-,-,Club Deportivo Numancia de Soria S.A.D. ,Spain
Davide Petrachi,65,GK,,0,1,2,62,64,60,70,37,64,"184cm | 6'0""",0,-,-,Lecce,Italy
Adigun Taofeek Salami,65,CDM,,0,3,3,69,52,59,62,64,63,"172cm | 5'8""",0,-,-,FC Midtjylland,Nigeria
Wells Thompson,65,RM,,0,3,4,73,57,62,65,52,43,"178cm | 5'10""",0,-,-,Colorado Rapids,United States
Brecht Capon,65,RB,,0,3,3,75,61,60,65,61,61,"180cm | 5'11""",0,-,-,KV Kortrijk,Belgium
Oliver Bozanic,65,LM,,0,3,1,78,63,61,66,50,54,"175cm | 5'9""",0,-,-,Central Coast Mariners FC,Australia
Tally Hall,65,GK,,0,1,3,69,64,64,73,31,62,"193cm | 6'4""",0,-,-,Houston Dynamo,United States
Adilson Tavares Varela,65,CM,,0,2,2,73,48,58,60,67,71,"178cm | 5'10""",0,-,-,FC Basel 1893,Switzerland
Björn Kopplin,65,RB,,0,3,3,79,38,60,64,66,65,"184cm | 6'0""",0,-,-,VfL Bochum,Germany
Nils Schouterden,65,LM,,0,3,3,80,60,66,65,55,59,"177cm | 5'10""",0,-,-,Sint-Truidense VV,Belgium
Kevin Schindler,65,RW,,0,2,4,68,67,64,63,54,62,"191cm | 6'3""",0,-,-,FC St. Pauli,Germany
Tommy Elphick,65,CB,,0,2,2,62,38,49,46,67,71,"187cm | 6'2""",0,-,-,Brighton &amp; Hove Albion,England
Kosuke Kimura,65,RB,,0,2,3,76,53,60,66,63,53,"175cm | 5'9""",0,-,-,Colorado Rapids,Japan
Andrew Durante,65,CB,,0,2,3,51,38,49,32,69,74,"182cm | 6'0""",0,-,-,Wellington Phoenix,Australia
David McGoldrick,65,ST,,0,2,3,71,63,50,67,47,62,"185cm | 6'1""",0,-,-,Nottingham Forest,England
André Hainault,65,CB,,0,2,3,61,48,50,52,69,71,"183cm | 6'0""",0,-,-,Houston Dynamo,Canada
Larrys Mabiala,65,CB,,0,2,2,58,45,58,51,65,65,"189cm | 6'2""",0,-,-,OGC Nice,DR Congo
Johann Ramaré,65,CDM,,0,2,3,65,49,65,63,65,60,"178cm | 5'10""",0,-,-,Stade de Reims,France
Carlos Eduardo de Castro Lourenço,65,CB,,0,2,3,52,36,46,35,66,68,"186cm | 6'1""",0,-,-,ESTAC,Brazil
Tomislav Pacovski,65,GK,,0,1,2,68,61,57,66,60,64,"185cm | 6'1""",0,-,-,Germinal Beerschot,FYR Macedonia
Daniel Gordon,65,CDM,,0,2,4,48,53,59,58,70,68,"194cm | 6'4""",0,-,-,FSV Frankfurt,Germany
Bruce Abdoulaye,65,CB,,0,2,3,63,27,46,36,68,76,"181cm | 5'11""",0,-,-,FC Metz,Congo
Rafal Grzyb,65,CM,,0,2,3,70,50,66,57,62,60,"175cm | 5'9""",0,-,-,Jagiellonia Białystok,Poland
Oier,65,GK,,0,1,3,64,65,72,58,45,73,"190cm | 6'3""",0,-,-,Fútbol Club Barcelona “B”,Spain
Steven Mouyokolo,65,CB,,0,2,3,74,37,49,26,70,71,"190cm | 6'3""",0,-,-,FC Sochaux-Montbéliard,France
Nicolò Cherubin,65,CB,,0,2,2,52,27,43,34,69,65,"188cm | 6'2""",0,-,-,Bologna,Italy
Vincenzo Rennella,65,ST,,0,3,3,64,60,43,64,53,71,"188cm | 6'2""",0,-,-,A.C. Cesena,Italy
Shane Lowry,65,CB,,0,2,2,59,25,47,44,65,69,"185cm | 6'1""",0,-,-,Aston Villa,Australia
Norman Theuerkauf,65,CM,,0,2,3,68,60,67,63,67,64,"183cm | 6'0""",0,-,-,Braunschweig,Germany
Anel Hadzic,65,CM,,0,2,4,74,56,55,68,66,69,"184cm | 6'0""",0,-,-,SV Josko Fenst. Ried,Austria
Ryan Bennett,65,CB,,0,2,2,66,21,43,38,66,78,"183cm | 6'0""",0,-,-,Peterborough United,England
Rolf Feltscher,65,RB,,0,2,3,69,45,58,55,67,58,"181cm | 5'11""",0,-,-,Parma,Switzerland
Rogier Meijer,65,CDM,,0,2,3,64,58,66,65,62,62,"186cm | 6'1""",0,-,-,De Graafschap,Netherlands
Vincent Nogueira,65,CM,,0,2,3,62,40,61,69,46,40,"170cm | 5'7""",0,-,-,FC Sochaux-Montbéliard,France
Guillaume François,65,RW,,0,2,4,79,57,56,70,46,56,"174cm | 5'9""",0,-,-,Germinal Beerschot,Belgium
Kevin Wolze,65,LM,,0,2,2,76,55,62,67,65,65,"175cm | 5'9""",0,-,-,MSV Duisburg,Germany
Christian Schneuwly,65,CAM,,0,3,3,68,60,62,65,52,53,"178cm | 5'10""",0,-,-,FC Thun,Switzerland
John Bostock,65,CM,,0,3,4,77,72,63,70,54,58,"179cm | 5'10""",0,-,-,Tottenham Hotspur,England
Hal Robson-Kanu,65,LM,,0,3,3,85,57,56,68,47,52,"183cm | 6'0""",0,-,-,Reading,Wales
Bart Biemans,65,CB,,0,2,3,59,40,51,46,67,79,"182cm | 6'0""",0,-,-,Roda JC,Belgium
Yohann Thuram,65,GK,,0,1,3,72,64,59,70,39,62,"187cm | 6'2""",0,-,-,ESTAC,France
Mano,65,RB,,0,2,3,82,49,55,60,63,67,"170cm | 5'7""",0,-,-,Villarreal Club de Fútbol “B” S.A.D.,Portugal
Prince Buaben,65,CM,,0,3,2,71,52,66,70,65,53,"176cm | 5'9""",0,-,-,Watford,Ghana
Kwang Hoon Shin,65,RB,,0,2,3,77,48,65,67,68,58,"178cm | 5'10""",0,-,-,Pohang Steelers,Korea Republic
Réda Johnson,65,CB,,0,2,3,80,34,45,33,72,73,"191cm | 6'3""",0,-,-,Sheffield Wednesday,Benin
Péter Gulácsi,65,GK,,0,1,3,65,69,61,66,60,65,"191cm | 6'3""",0,-,-,Hull City,Hungary
Yoel,65,GK,,0,1,3,66,63,59,65,50,68,"185cm | 6'1""",0,-,-,Real Club Celta de Vigo S.A.D.,Spain
Keith Watson,65,RB,,0,2,2,63,42,64,63,66,64,"184cm | 6'0""",0,-,-,Dundee United,Scotland
Kristof Van Hout,65,GK,,0,1,3,64,66,65,64,35,66,208,0,-,-,KV Kortrijk,Belgium
Macauley Chrisantus,65,ST,,0,3,4,78,65,50,69,42,66,"183cm | 6'0""",0,-,-,FSV Frankfurt,Nigeria
Joe Dudgeon,65,LB,,0,2,3,67,45,60,60,66,66,"177cm | 5'10""",0,-,-,Hull City,England
Corry Evans,65,CDM,,0,2,3,70,43,52,56,70,60,"178cm | 5'10""",0,-,-,Hull City,Northern Ireland
Cameron Stewart,65,RW,,0,3,4,84,60,58,69,38,48,"172cm | 5'8""",0,-,-,Hull City,England
Aaron Doran,65,RM,,0,3,4,75,59,61,67,48,69,"170cm | 5'7""",0,-,-,Inverness Caledonian Thistle,Republic of Ireland
Gavin Gunning,65,CB,,0,2,3,60,47,56,37,67,73,"183cm | 6'0""",0,-,-,Dundee United,Republic of Ireland
Mitar Novaković,65,CDM,,0,3,4,64,60,72,66,65,60,"189cm | 6'2""",0,-,-,Amkar Perm,Montenegro
Kieran Trippier,65,RB,,0,2,3,68,57,66,61,66,58,"179cm | 5'10""",0,-,-,Burnley,England
David Hohs,65,GK,,0,1,3,66,65,63,66,63,66,"185cm | 6'1""",0,-,-,Alemannia Aachen,Germany
Tony Beltran,65,RB,,0,2,3,86,52,57,60,67,64,"175cm | 5'9""",0,-,-,Real Salt Lake,United States
Dusan Veskovac,65,CB,,0,2,3,55,45,48,49,69,64,"187cm | 6'2""",0,-,-,BSC Young Boys,Serbia
John-Joe O'Toole,65,CM,,0,3,3,66,56,58,60,65,69,"186cm | 6'1""",0,-,-,Colchester United,Republic of Ireland
Daniele Ragatzu,65,ST,,0,3,3,90,58,43,73,40,45,"170cm | 5'7""",0,-,-,Gubbio,Italy
Tamás Kádár,65,CB,,0,2,2,61,33,54,43,64,67,"188cm | 6'2""",0,-,-,Newcastle United,Hungary
Roger Espinoza,65,CDM,,0,3,5,73,66,63,65,64,54,"179cm | 5'10""",0,-,-,Kansas City Wizards,Honduras
Kiko Olivas,65,CB,,0,2,3,51,35,49,46,71,63,"189cm | 6'2""",0,-,-,Villarreal Club de Fútbol “B” S.A.D.,Spain
Innocent Emeghara,65,ST,,0,3,3,87,59,43,70,47,60,"170cm | 5'7""",0,-,-,FC Lorient Bretagne Sud,Switzerland
Alexander Büttner,65,LW,,0,3,2,85,65,54,71,65,68,"174cm | 5'9""",0,-,-,Vitesse,Netherlands
Emmanuel Ekpo,65,CM,,0,4,2,86,58,63,78,60,52,"187cm | 6'2""",0,-,-,Columbus Crew,Nigeria
Seung Yeoul Lee,65,CF,,0,3,4,82,58,60,69,49,67,"182cm | 6'0""",0,-,-,FC Seoul,Korea Republic
Raúl Nava,65,ST,,0,2,3,55,60,58,66,52,72,"183cm | 6'0""",0,-,-,Toluca,Mexico
Jorge Díaz de León,65,GK,,0,1,3,68,63,64,68,46,59,"185cm | 6'1""",0,-,-,Tigres U.A.N.L.,Mexico
Thiago Carleto,65,LB,,0,3,3,75,62,62,73,64,57,"172cm | 5'8""",0,-,-,Minas,Brazil
Justin Braun,65,ST,,0,2,3,66,62,50,61,57,67,"191cm | 6'3""",0,-,-,Club Deportivo Chivas USA,United States
Rens van Eijden,65,CB,,0,2,2,52,31,56,51,70,62,"188cm | 6'2""",0,-,-,N.E.C.,Netherlands
Lens Annab,65,CAM,,0,3,4,64,52,60,72,59,56,"183cm | 6'0""",0,-,-,KVC Westerlo,Belgium
Alberto Pomini,65,GK,,0,1,2,63,61,55,70,50,69,"187cm | 6'2""",0,-,-,Sassuolo,Italy
Marcel Höttecke,65,GK,,0,1,2,64,65,52,69,47,64,"199cm | 6'6""",0,-,-,1. FC Union Berliln,Germany
George Friend,65,LB,,0,2,2,73,57,60,60,69,71,"188cm | 6'2""",0,-,-,Doncaster Rovers,England
Giuseppe Aquaro,65,CB,,0,2,3,52,38,47,37,69,70,"187cm | 6'2""",0,-,-,Karlsruher SC,Italy
Stijn Wuytens,65,CM,,0,2,3,65,51,66,65,58,59,"183cm | 6'0""",0,-,-,PSV,Belgium
Luke DeVere,65,CB,,0,2,3,64,40,42,36,70,64,"186cm | 6'1""",0,-,-,GyeongNam FC,Australia
Emilio José Sánchez Cuevas,65,CM,,0,3,3,67,60,71,72,51,51,"176cm | 5'9""",0,-,-,Real Murcia,Spain
Atdhe Nuhiu,65,ST,,0,3,4,48,61,42,59,57,69,"196cm | 6'5""",0,-,-,SK Rapid Wien,Austria
Haris Bukva,65,LM,,0,4,4,71,61,64,70,46,60,"185cm | 6'1""",0,-,-,SK Sturm Graz,Austria
Sercan Sararer,65,RW,,0,3,4,80,64,56,67,56,55,"180cm | 5'11""",0,-,-,SpVgg Greuther Fürth,Germany
Eloy Room,65,GK,,0,1,2,63,70,62,64,60,65,"188cm | 6'2""",0,-,-,Vitesse,Netherlands
Garath McCleary,65,RM,,0,3,4,75,60,51,68,54,68,"188cm | 6'2""",0,-,-,Nottingham Forest,England
Darko Bodul,65,ST,,0,3,4,73,63,38,66,50,63,"183cm | 6'0""",0,-,-,SK Sturm Graz,Croatia
Bruno Fornaroli,65,ST,,0,3,5,75,63,54,68,46,57,"174cm | 5'9""",0,-,-,Sampdoria,Uruguay
Carlo Pinsoglio,65,GK,,0,1,2,65,60,59,72,58,65,"192cm | 6'4""",0,-,-,Pescara,Italy
Korey Smith,65,CM,,0,2,3,75,43,64,67,66,47,"183cm | 6'0""",0,-,-,Norwich City,England
Dirceu W. de O. Filho,65,CB,,0,2,3,61,46,62,58,66,55,"189cm | 6'2""",0,-,-,A. Florianópolis,Brazil
Donal McDermott,65,LM,,0,2,2,84,53,60,65,42,58,"176cm | 5'9""",0,-,-,Huddersfield Town,Republic of Ireland
Renan Rodrigues da Silva,65,CDM,,0,3,3,64,48,65,44,66,63,"181cm | 5'11""",0,-,-,Atlético Paranaense,Brazil
Kieron Cadogan,65,RM,,0,3,3,81,52,62,63,52,41,"178cm | 5'10""",0,-,-,Crystal Palace,England
Yannis Salibur,65,LW,,0,3,4,80,54,55,72,47,60,"176cm | 5'9""",0,-,-,U.S. Boulogne Cote D'Opale,France
Dalibor Veselinović,65,ST,,0,2,2,48,62,46,52,56,61,"198cm | 6'6""",0,-,-,KV Kortrijk,Serbia
Norichio Nieveld,65,CB,,0,2,3,69,45,57,40,68,68,"185cm | 6'1""",0,-,-,SBV Excelsior,Netherlands
Alex Marrow,65,CDM,,0,2,3,71,57,66,64,66,62,"185cm | 6'1""",0,-,-,Crystal Palace,England
Balenziaga,65,LB,,0,2,3,71,47,66,66,63,64,"176cm | 5'9""",0,-,-,Real Valladolid Club de Fútbol S.A.D.,Spain
Fellipe Ramos Ignez Bastos,65,CDM,,0,2,3,62,64,68,70,67,69,"178cm | 5'10""",0,-,-,Vasco da Gama,Brazil
Sanna Nyassi,65,RM,,0,3,4,89,67,56,65,45,49,"173cm | 5'8""",0,-,-,Colorado Rapids,Gambia
Damien Le Tallec,65,ST,,0,3,4,76,57,41,70,47,70,"185cm | 6'1""",0,-,-,Borussia Dortmund,France
Raúl Goni Bayo,65,CB,,0,2,3,55,24,56,49,68,64,"186cm | 6'1""",0,-,-,Fútbol Club Cartagena,Spain
Diego de Buen,65,CDM,,0,2,3,78,62,61,62,61,52,"178cm | 5'10""",0,-,-,U.N.A.M.,Mexico
Joss Labadie,65,CM,,0,2,3,72,54,67,63,67,60,"191cm | 6'3""",0,-,-,Tranmere Rovers,England
Etxeita,65,CB,,0,2,3,60,31,43,47,69,69,"185cm | 6'1""",0,-,-,Elche Club de Fútbol S.A.D.,Spain
Kevin Alston,65,RB,,0,2,3,79,52,52,61,68,66,"173cm | 5'8""",0,-,-,New England Revolution,United States
Sheanon Williams,65,RB,,0,2,3,82,51,55,63,67,61,"180cm | 5'11""",0,-,-,Philadelphia Union,United States
Isaac Brizuela,65,RM,,0,3,3,84,59,57,69,47,54,"171cm | 5'7""",0,-,-,Toluca,Mexico
Danny Cruz,65,RM,,0,3,2,84,57,60,63,59,56,"173cm | 5'8""",0,-,-,Houston Dynamo,United States
Jasmin Buric,65,GK,,0,1,3,63,63,61,72,47,63,"193cm | 6'4""",0,-,-,Lech Poznań,Bosnia Herzegovina
Matt Besler,65,CB,,0,2,3,62,40,49,38,68,68,"183cm | 6'0""",0,-,-,Kansas City Wizards,United States
Abdisalam Ibrahim,65,CM,,0,3,3,77,55,63,70,60,65,"188cm | 6'2""",0,-,-,N.E.C.,Norway
Jordi Pablo Ripollés,65,RM,,0,3,3,70,59,63,67,46,53,"173cm | 5'8""",0,-,-,Villarreal Club de Fútbol “B” S.A.D.,Spain
Deni Alar,65,ST,,0,3,3,74,64,46,64,45,66,"185cm | 6'1""",0,-,-,SK Rapid Wien,Austria
Péter Kurucz,65,GK,,0,1,3,67,69,63,69,50,63,"185cm | 6'1""",0,-,-,West Ham United,Hungary
Karim Benyamina,65,ST,,0,3,3,73,62,50,63,51,76,"178cm | 5'10""",0,-,-,FSV Frankfurt,Germany
Jae Sung Lee,65,CB,,0,2,3,60,49,60,50,65,72,"187cm | 6'2""",0,-,-,Ulsan Hyundai Horang-i,Korea Republic
Erik Friberg,65,CM,,0,2,4,59,58,67,64,60,57,"180cm | 5'11""",0,-,-,Seattle Sounders FC,Sweden
Anton Robinson,65,CM,,0,2,3,80,43,64,67,68,60,"183cm | 6'0""",0,-,-,Huddersfield Town,England
Adam Sarota,65,CAM,,0,2,3,68,64,64,66,49,47,"182cm | 6'0""",0,-,-,FC Utrecht,Australia
Ciro Immobile,65,ST,,0,3,3,70,62,49,58,55,68,"184cm | 6'0""",0,-,-,Pescara,Italy
Daniel Ginczek,65,ST,,0,2,3,68,60,37,61,53,64,"191cm | 6'3""",0,-,-,VfL Bochum,Germany
Marco Stiepermann,65,CF,,0,3,2,69,65,61,65,50,58,"190cm | 6'3""",0,-,-,Alemannia Aachen,Germany
Dilly Duka,65,LM,,0,3,4,71,56,63,71,59,54,"175cm | 5'9""",0,-,-,Columbus Crew,United States
Issam El Adoua,65,CDM,,0,2,3,50,31,42,38,68,69,"189cm | 6'2""",0,-,-,Vitória de Guimarães,Morocco
Reinhold Yabo,65,CM,,0,3,3,73,53,66,69,62,61,"175cm | 5'9""",0,-,-,Alemannia Aachen,Germany
Roberto López Esquiroz,65,CM,,0,3,4,62,54,64,57,64,55,"180cm | 5'11""",0,-,-,Elche Club de Fútbol S.A.D.,Spain
Edgar Prib,65,CM,,0,3,3,81,57,65,65,64,58,"180cm | 5'11""",0,-,-,SpVgg Greuther Fürth,Germany
Charlison Benschop,65,ST,,0,2,2,69,60,50,66,60,56,"191cm | 6'3""",0,-,-,AZ Alkmaar,Netherlands
Marvin Zeegelaar,65,LM,,0,3,3,77,57,49,72,62,60,"186cm | 6'1""",0,-,-,R.C.D. Espanyol de Barcelona S.A.D.,Netherlands
Rick ten Voorde,65,ST,,0,2,3,66,62,33,70,51,60,"187cm | 6'2""",0,-,-,RKC Waalwijk,Netherlands
Jaume Costa,65,LB,,0,3,3,79,52,66,68,61,61,"172cm | 5'8""",0,-,-,Villarreal Club de Fútbol “B” S.A.D.,Spain
Diogo S. Bittencourt,65,LB,,0,2,2,80,59,62,65,67,62,"176cm | 5'9""",0,-,-,RSC Anderlecht,Brazil
Christopher Trimmel,65,RM,,0,4,3,84,60,62,65,49,60,"189cm | 6'2""",0,-,-,SK Rapid Wien,Austria
Lee Hodson,65,RB,,0,3,3,69,51,64,65,65,57,"173cm | 5'8""",0,-,-,Watford,Northern Ireland
Roberto Soriano,65,CM,,0,3,3,74,61,64,66,61,59,"182cm | 6'0""",0,-,-,Sampdoria,Italy
Steven Saunders,65,CB,,0,3,2,72,21,43,61,68,71,"186cm | 6'1""",0,-,-,Motherwell,Scotland
Kelvin Leerdam,65,RB,,0,2,3,71,56,62,66,65,68,"178cm | 5'10""",0,-,-,Feyenoord,Suriname
Cauê Cecilio da Silva,65,CM,,0,2,3,73,57,60,66,67,73,"186cm | 6'1""",0,-,-,S.C. Olhanense,Brazil
Osmar,65,CB,,0,2,2,37,36,52,44,72,62,"192cm | 6'4""",0,-,-,Real Racing Club S.A.D.,Spain
Lasse Sobiech,65,CB,,0,2,3,57,47,47,35,68,71,"196cm | 6'5""",0,-,-,FC St. Pauli,Germany
Giuseppe Rizzo,65,CDM,,0,3,3,70,54,62,61,66,67,"179cm | 5'10""",0,-,-,Reggina,Italy
Mustapha Dumbuya,65,RB,,0,2,3,79,46,58,63,65,65,"173cm | 5'8""",0,-,-,Doncaster Rovers,England
Dani Toribio,65,CDM,,0,2,3,67,54,58,52,68,60,"173cm | 5'8""",0,-,-,Villarreal Club de Fútbol “B” S.A.D.,Spain
Mickaël Firmin,65,CM,,0,2,3,63,44,66,65,65,62,"178cm | 5'10""",0,-,-,Toulouse FC,France
Alfreð Finnbogason,65,ST,,0,2,3,69,64,59,59,48,59,"184cm | 6'0""",0,-,-,Sporting Lokeren OV,Iceland
Hyun Jun Suk,65,ST,,0,3,3,68,62,43,65,54,59,"191cm | 6'3""",0,-,-,FC Groningen,Korea Republic
Samuel Yeboah,65,ST,,0,2,2,83,62,47,53,49,70,"178cm | 5'10""",0,-,-,KRC Genk,Ghana
Regattin,65,LM,,0,3,3,77,58,61,73,55,46,"166cm | 5'5""",0,-,-,Toulouse FC,France
Luis Gil,65,CAM,,0,3,3,76,56,61,65,48,50,"173cm | 5'8""",0,-,-,Real Salt Lake,United States
Zach Loyd,65,RB,,0,2,4,76,50,59,64,67,67,"175cm | 5'9""",0,-,-,FC Dallas,United States
Leonardo,65,CB,,0,2,3,51,34,44,51,70,78,"188cm | 6'2""",0,-,-,Los Angeles Galaxy,Brazil
Onur Ayik,65,CAM,,0,3,3,64,60,62,62,46,62,"180cm | 5'11""",0,-,-,Werder Bremen,Turkey
Ismo Vorstermans,65,CB,,0,2,2,62,43,58,42,67,66,"185cm | 6'1""",0,-,-,FC Utrecht,Netherlands
Danny Williams,65,CDM,,0,2,3,75,41,64,65,65,68,"182cm | 6'0""",0,-,-,TSG 1899 Hoffenheim,Germany
Sergey Chepchugov,65,GK,,0,1,3,65,67,67,70,45,64,"185cm | 6'1""",0,-,-,CSKA Moskva,Russia
Mathias Autret,65,LM,,0,3,3,71,63,64,69,50,40,"179cm | 5'10""",0,-,-,FC Lorient Bretagne Sud,France
Stefan Bell,65,CB,,0,2,2,65,48,63,44,70,65,"192cm | 6'4""",0,-,-,Eintracht Frankfurt,Germany
Gonzalo Castellani,65,CAM,,0,3,3,62,59,65,63,46,45,"183cm | 6'0""",0,-,-,Villarreal Club de Fútbol “B” S.A.D.,Argentina
Kenneth Zohore,65,ST,,0,2,3,70,62,40,59,52,61,"195cm | 6'5""",0,-,-,FC København,Denmark
Nampalys Mendy,65,CDM,,0,3,3,73,50,66,64,62,64,"174cm | 5'9""",0,-,-,AS Monaco FC,France
Danilo D'Ambrosio,65,RB,,0,2,3,77,57,66,60,68,66,"185cm | 6'1""",0,-,-,F. Torino,Italy
Jonathan Mensah,65,CB,,0,2,2,60,39,42,43,70,75,"188cm | 6'2""",0,-,-,Evian Thonon Gaillard FC,Ghana
Vincent Aboubakar,65,ST,,0,3,3,89,60,44,65,48,59,"184cm | 6'0""",0,-,-,Valenciennes FC,Cameroon
Andy Halliday,65,LM,,0,3,3,82,50,60,67,38,51,"173cm | 5'8""",0,-,-,Middlesbrough,Scotland
Young Sun Yun,65,CB,,0,2,4,78,32,43,42,73,66,"185cm | 6'1""",0,-,-,Seongnam Ilhwa Chunma,Korea Republic
Bryan Linssen,65,CAM,,0,3,2,68,65,61,66,53,67,"170cm | 5'7""",0,-,-,VVV-Venlo,Netherlands
Ibai Gómez,65,LW,,0,3,4,71,67,58,69,51,55,"179cm | 5'10""",0,-,-,Athletic Club de Bilbao,Spain
Nick Proschwitz,65,ST,,0,2,3,70,60,50,57,59,72,"192cm | 6'4""",0,-,-,SC Paderborn 07,Germany
Shabir Isoufi,65,CAM,,0,4,4,82,62,61,72,42,63,"168cm | 5'6""",0,-,-,Feyenoord,Netherlands
Marco Verratti,65,CM,,0,4,3,72,60,63,66,55,53,"165cm | 5'5""",0,-,-,Pescara,Italy
Miquel Nelom,65,LB,,0,2,3,85,62,60,67,65,72,"174cm | 5'9""",0,-,-,Feyenoord,Netherlands
Konstantinos Lamprou,65,GK,,0,1,3,64,61,66,73,55,61,"180cm | 5'11""",0,-,-,Feyenoord,Greece
Kaj Ramsteijn,65,CB,,0,2,3,63,50,59,57,69,63,"194cm | 6'4""",0,-,-,Feyenoord,Netherlands
Rémy Amieux,65,LB,,0,2,2,76,61,67,67,65,58,"173cm | 5'8""",0,-,-,N.E.C.,France
Sebastian Neumann,65,CB,,0,2,3,61,30,38,35,71,63,"188cm | 6'2""",0,-,-,Hertha BSC,Germany
Kingsley Onuegbu,65,ST,,0,2,3,70,62,44,59,58,62,"191cm | 6'3""",0,-,-,SpVgg Greuther Fürth,Nigeria
Roly Bonevacia,65,CDM,,0,2,3,79,47,56,66,66,63,"174cm | 5'9""",0,-,-,NAC Breda,Netherlands
Adama Touré,65,CAM,,0,3,3,66,54,64,66,40,58,"180cm | 5'11""",0,-,-,FC Lorient Bretagne Sud,Mali
Frantisek Kubik,65,LM,,0,3,2,80,69,56,69,48,57,"179cm | 5'10""",0,-,-,Kuban Krasnodar,Slovakia
Jason Lowe,65,RB,,0,2,3,65,64,67,66,63,62,"176cm | 5'9""",0,-,-,Blackburn Rovers,England
Nicholas Ross,65,CDM,,0,2,2,73,53,62,67,63,64,"175cm | 5'9""",0,-,-,Inverness Caledonian Thistle,Scotland
Kevin Volland,65,ST,,0,3,3,76,62,51,68,44,64,"179cm | 5'10""",0,-,-,TSV 1860 München,Germany
Mateusz Prus,65,GK,,0,1,3,65,67,66,69,53,67,"187cm | 6'2""",0,-,-,Roda JC,Poland
Danilo Pereira,65,CDM,,0,3,3,70,46,60,58,64,61,"187cm | 6'2""",0,-,-,Parma,Portugal
Deniz Yilmaz,65,ST,,0,3,4,66,63,59,66,52,69,"182cm | 6'0""",0,-,-,1. FSV Mainz 05,Turkey
Christoph Hemlein,65,ST,,0,2,3,64,59,68,68,48,57,"181cm | 5'11""",0,-,-,VfB Stuttgart,Germany
Mario Barić,65,RB,,0,2,2,72,48,65,66,66,63,"185cm | 6'1""",0,-,-,KAA Gent,Croatia
Nigel Hasselbaink,65,ST,,0,2,3,78,63,54,73,54,62,"178cm | 5'10""",0,-,-,St. Mirren,Netherlands
Felice Natalino,65,CB,,0,2,2,61,32,49,29,71,68,"185cm | 6'1""",0,-,-,Verona,Italy
Paulo Araujo Júnior,65,ST,,0,2,4,83,63,55,72,40,56,"170cm | 5'7""",0,-,-,Real Salt Lake,Brazil
Kennedy Ugoala Nwanganga,65,ST,,0,2,5,84,61,55,65,54,72,"188cm | 6'2""",0,-,-,KRC Genk,Nigeria
Loïck Landre,65,CB,,0,2,3,58,34,48,49,64,72,"182cm | 6'0""",0,-,-,Paris Saint-Germain,France
Siniša Andelkovic,65,CB,,0,2,2,65,48,50,46,69,70,"186cm | 6'1""",0,-,-,Ascoli,Slovenia
Felix Klaus,65,RM,,0,3,2,81,63,58,70,37,49,"179cm | 5'10""",0,-,-,SpVgg Greuther Fürth,Germany
Josip Mikulic,65,CB,,0,2,3,62,36,44,51,67,72,"185cm | 6'1""",0,-,-,Chicago Fire,Croatia
Joao Plata,65,LW,,0,3,2,80,61,56,69,35,36,"160cm | 5'3""",0,-,-,Toronto FC,Ecuador
C.J. Sapong,65,ST,,0,2,3,71,59,55,62,56,74,"185cm | 6'1""",0,-,-,Kansas City Wizards,United States
Lucas Rocha Silva,65,CB,,0,2,2,50,46,54,49,67,70,"194cm | 6'4""",0,-,-,1. FC Kaiserslautern,Brazil
Esmaël Rui Gonçalves,65,ST,,0,2,3,74,63,56,63,49,66,"182cm | 6'0""",0,-,-,OGC Nice,Portugal
Jose Nadson Ferreira,65,CB,,0,2,3,44,36,58,53,70,62,"190cm | 6'3""",0,-,-,KRC Genk,Brazil
Édson Rivera,65,ST,,0,2,3,75,62,55,63,48,68,"180cm | 5'11""",0,-,-,SC Braga,Mexico
Jong Ho Lee,65,CF,,0,2,4,80,63,46,62,53,74,"180cm | 5'11""",0,-,-,Chunnam Dragons,Korea Republic
Cristian Nazarit,65,ST,,0,3,4,75,67,45,59,55,70,"186cm | 6'1""",0,-,-,Chicago Fire,Colombia
Chris Löwe,65,LB,,0,3,3,83,61,67,69,61,63,"171cm | 5'7""",0,-,-,Borussia Dortmund,Germany
Karim Aouadhi,65,CDM,,0,2,3,63,56,64,63,70,61,"194cm | 6'4""",0,-,-,Fortuna Düsseldorf,Tunisia
Dirk Orlishausen,65,GK,,0,1,3,63,65,59,63,33,71,"197cm | 6'6""",0,-,-,Karlsruher SC,Germany
Kaja Rogulj,65,CB,,0,2,3,46,23,38,33,71,79,"190cm | 6'3""",0,-,-,FK Austria Wien,Croatia
Tom Trybull,65,CDM,,0,2,3,58,47,60,59,65,65,"181cm | 5'11""",0,-,-,Werder Bremen,Germany
Aleksandar Trajkovski,65,CF,,0,2,4,75,64,62,71,45,60,"180cm | 5'11""",0,-,-,SV Zulte-Waregem,FYR Macedonia
Ján Novota,65,GK,,0,1,3,65,66,63,65,46,67,"199cm | 6'6""",0,-,-,SK Rapid Wien,Slovakia
Barry Nicholson,64,CM,,0,3,3,63,60,63,64,58,65,"170cm | 5'7""",0,-,-,Preston North End,Scotland
Danny Schofield,64,CM,,0,3,5,64,58,62,61,56,59,"178cm | 5'10""",0,-,-,Rotherham United,England
Dwayne Mattis,64,CDM,,0,2,4,72,47,57,53,68,58,"183cm | 6'0""",0,-,-,Chesterfield,Republic of Ireland
Jason Euell,64,CF,,0,3,3,65,62,57,65,59,67,"180cm | 5'11""",0,-,-,Charlton Athletic,Jamaica
Arek Radomski,64,CB,,0,2,3,57,53,59,50,62,64,"177cm | 5'10""",0,-,-,Cracovia Kraków,Poland
Gary Naysmith,64,LB,,0,2,3,65,56,58,55,65,69,"178cm | 5'10""",0,-,-,Huddersfield Town,Scotland
Matt Oakley,64,CM,,0,3,3,51,62,69,61,64,65,"178cm | 5'10""",0,-,-,Leicester City,England
Matteo Guardalben,64,GK,,0,1,2,61,63,55,65,50,68,"188cm | 6'2""",0,-,-,Modena,Italy
David Noble,64,CM,,0,3,3,62,52,66,65,56,53,"183cm | 6'0""",0,-,-,Exeter City,Scotland
Martin Rowlands,64,CM,,0,2,4,52,60,66,66,63,59,"175cm | 5'9""",0,-,-,Queens Park Rangers,Republic of Ireland
Paul Smith,64,GK,,0,1,3,65,62,55,67,41,62,"193cm | 6'4""",0,-,-,Nottingham Forest,England
Steve Howard,64,ST,,0,3,3,31,64,44,51,67,86,"191cm | 6'3""",0,-,-,Leicester City,England
Rolf-Christel Guié-Mien,64,RM,,0,3,3,65,52,58,71,45,55,"177cm | 5'10""",0,-,-,SC Paderborn 07,Congo
Jamie McCombe,64,CB,,0,2,3,54,28,41,28,71,69,"196cm | 6'5""",0,-,-,Huddersfield Town,England
Chris Weale,64,GK,,0,1,2,65,60,61,70,56,68,"188cm | 6'2""",0,-,-,Leicester City,England
Graham Alexander,64,CM,,0,2,3,58,62,65,57,67,68,"180cm | 5'11""",0,-,-,Preston North End,Scotland
Stefan Lexa,64,RM,,0,3,3,67,66,62,66,49,55,"180cm | 5'11""",0,-,-,SV Josko Fenst. Ried,Austria
Mario Haas,64,ST,,0,3,4,69,64,57,62,53,63,"183cm | 6'0""",0,-,-,SK Sturm Graz,Austria
Ivica Grlić,64,CM,,0,3,4,44,70,69,68,57,45,"187cm | 6'2""",0,-,-,MSV Duisburg,Bosnia Herzegovina
Stephen McPhail,64,CM,,0,3,3,58,62,69,64,67,71,"173cm | 5'8""",0,-,-,Cardiff City,Republic of Ireland
Trond Erik Bertelsen,64,LB,,0,3,3,75,57,62,60,66,65,"174cm | 5'9""",0,-,-,Viking FK,Norway
David Prutton,64,CM,,0,3,3,55,65,65,53,63,60,"185cm | 6'1""",0,-,-,Sheffield Wednesday,England
Jack Lester,64,ST,,0,2,3,56,62,36,58,50,71,"175cm | 5'9""",0,-,-,Chesterfield,England
Benjamin Huggel,64,CDM,,0,2,2,54,61,62,62,73,71,"190cm | 6'3""",0,-,-,FC Basel 1893,Switzerland
Tomasz Kiełbowicz,64,LB,,0,2,1,63,52,72,53,64,52,"179cm | 5'10""",0,-,-,Legia Warszawa,Poland
Peter Van der Heyden,64,LB,,0,2,4,62,53,62,57,69,68,"184cm | 6'0""",0,-,-,Germinal Beerschot,Belgium
Mickaël Tacalfred,64,CB,,0,2,3,64,55,63,60,66,68,"175cm | 5'9""",0,-,-,Stade de Reims,France
Jim van Fessem,64,GK,,0,1,2,62,68,66,63,42,64,"192cm | 6'4""",0,-,-,NAC Breda,Netherlands
Markus Bollmann,64,CB,,0,2,1,54,30,44,41,68,73,"190cm | 6'3""",0,-,-,MSV Duisburg,Germany
Gonzague Vandooren,64,LB,,0,2,3,62,60,60,58,68,60,"193cm | 6'4""",0,-,-,Lierse SK,Belgium
Kris De Wree,64,RB,,0,2,3,63,53,58,55,64,64,"185cm | 6'1""",0,-,-,Lierse SK,Belgium
Wim De Decker,64,CDM,,0,2,3,43,52,56,50,68,69,"186cm | 6'1""",0,-,-,Germinal Beerschot,Belgium
Gareth Roberts,64,LB,,0,2,3,55,50,62,54,65,64,"173cm | 5'8""",0,-,-,Derby County,Wales
Danny Allsopp,64,ST,,0,3,4,66,63,38,59,54,70,"185cm | 6'1""",0,-,-,Melbourne Victory FC,Australia
Christian Weber,64,RB,,0,2,3,70,51,60,61,65,66,"175cm | 5'9""",0,-,-,Fortuna Düsseldorf,Germany
Dieter Dekelver,64,ST,,0,3,4,74,63,56,57,54,64,"181cm | 5'11""",0,-,-,KVC Westerlo,Belgium
Borja Oubiña Meléndez,64,CM,,0,3,3,57,56,67,67,52,49,"181cm | 5'11""",0,-,-,Real Club Celta de Vigo S.A.D.,Spain
Dele Adebola,64,ST,,0,3,3,34,65,50,62,58,75,"191cm | 6'3""",0,-,-,Hull City,Nigeria
Cifuentes,64,GK,,0,1,3,57,68,60,61,47,75,"190cm | 6'3""",0,-,-,Real Murcia,Spain
Stefan Buck,64,CB,,0,2,3,61,48,52,56,68,75,"189cm | 6'2""",0,-,-,TSV 1860 München,Germany
Liam Feeney,64,RM,,0,3,4,82,50,58,69,50,51,"183cm | 6'0""",0,-,-,Millwall,England
Sébastien Grax,64,ST,,0,3,3,68,63,54,66,48,72,"180cm | 5'11""",0,-,-,ESTAC,France
Frazer Richardson,64,RB,,0,2,3,66,50,58,59,67,64,"178cm | 5'10""",0,-,-,Southampton,England
Ricardo Pérez de Zabalza,64,CM,,0,3,3,39,56,62,61,66,57,"187cm | 6'2""",0,-,-,Real Murcia,Spain
José Antonio Culebras Arenas,64,CB,,0,2,3,49,43,51,46,69,64,"187cm | 6'2""",0,-,-,Club Deportivo Numancia de Soria S.A.D. ,Spain
Mohammed El Yaagoubi,64,LM,,0,3,3,68,58,63,65,59,56,"170cm | 5'7""",0,-,-,Girona Fútbol Club S.A.D. ,Morocco
Ignacio Rodríguez Ortiz,64,LW,,0,3,3,69,64,55,68,44,58,"180cm | 5'11""",0,-,-,SV Josko Fenst. Ried,Spain
Armando Lozano Sánchez,64,CB,,0,2,3,51,35,44,39,71,69,"186cm | 6'1""",0,-,-,Fútbol Club Barcelona “B”,Spain
Pedro Vega Rodríguez,64,LM,,0,3,2,74,66,64,64,42,54,"168cm | 5'6""",0,-,-,Unión Deportiva Las Palmas S.A.D.,Spain
Mathias Kouo-Doumbé,64,CB,,0,2,3,64,35,47,46,71,69,"185cm | 6'1""",0,-,-,Milton Keynes Dons,France
François Pantxi Sirieix,64,CM,,0,2,3,64,59,61,60,67,64,"180cm | 5'11""",0,-,-,Toulouse FC,France
Olivier Blondel,64,GK,,0,1,3,69,63,58,60,51,65,"187cm | 6'2""",0,-,-,ESTAC,France
Andwelé Slory,64,RW,,0,3,3,74,61,47,70,48,45,"170cm | 5'7""",0,-,-,Adelaide United,Netherlands
Lee Miller,64,ST,,0,2,3,67,65,55,65,59,77,"188cm | 6'2""",0,-,-,Carlisle United,Scotland
Ian Henderson,64,RW,,0,3,3,71,60,55,61,43,56,"179cm | 5'10""",0,-,-,Colchester United,England
Andrius Skerla,64,CB,,0,2,3,50,35,40,38,68,58,"185cm | 6'1""",0,-,-,Jagiellonia Białystok,Lithuania
Chris Albright,64,RB,,0,2,3,52,58,62,56,65,68,"185cm | 6'1""",0,-,-,New York Red Bulls,United States
Lee Williamson,64,CM,,0,3,3,78,57,66,66,68,70,"178cm | 5'10""",0,-,-,Sheffield United,Jamaica
Jörg Hahnel,64,GK,,0,1,3,62,63,60,70,50,61,"186cm | 6'1""",0,-,-,Hansa Rostock,Germany
Sanharib Malki,64,ST,,0,2,2,75,61,49,60,49,71,"180cm | 5'11""",0,-,-,Roda JC,Syria
Indridi Sigurdsson,64,CB,,0,2,3,63,48,56,48,70,70,"185cm | 6'1""",0,-,-,Viking FK,Iceland
Bart Deelkens,64,GK,,0,1,2,62,65,63,64,56,65,"189cm | 6'2""",0,-,-,KVC Westerlo,Belgium
Ian Murray,64,CB,,0,2,3,58,37,63,59,66,62,"183cm | 6'0""",0,-,-,Hibernian,Scotland
Marcel Schied,64,ST,,0,2,4,74,64,53,67,45,68,"173cm | 5'8""",0,-,-,Hansa Rostock,Germany
Scott Severin,64,CDM,,0,3,3,60,60,58,55,68,76,"180cm | 5'11""",0,-,-,Dundee United,Scotland
André Luiz Moreira,64,CM,,0,2,3,46,64,68,62,68,68,"183cm | 6'0""",0,-,-,San Jose Earthquakes,Brazil
Álvaro Marcio Santos,64,ST,,0,3,3,57,60,44,57,50,58,"181cm | 5'11""",0,-,-,Helsingborgs IF,Brazil
Izale McLeod,64,ST,,0,3,3,79,61,41,58,50,62,"183cm | 6'0""",0,-,-,Barnet,England
Patrick Zoundi,64,RM,,0,3,3,91,47,52,68,39,52,"175cm | 5'9""",0,-,-,1. FC Union Berliln,Burkina Faso
Francisco Palencia,64,CF,,0,3,2,42,64,63,65,69,67,"171cm | 5'7""",0,-,-,U.N.A.M.,Mexico
Jae Woong Han,64,RW,,0,2,2,80,60,63,63,56,56,"178cm | 5'10""",0,-,-,Daejeon Citizen,Korea Republic
Gi Dong Kim,64,CAM,,0,3,4,52,63,64,63,48,51,"171cm | 5'7""",0,-,-,Pohang Steelers,Korea Republic
Jong Min Lee,64,RB,,0,2,4,77,55,59,64,63,70,"174cm | 5'9""",0,-,-,Gwangju Sangmu FC,Korea Republic
Marcin Baszczyński,64,RB,,0,3,3,75,52,62,65,65,60,"182cm | 6'0""",0,-,-,Polonia Warszawa,Poland
Santino Quaranta,64,RM,,0,3,3,74,63,60,66,51,66,"183cm | 6'0""",0,-,-,D.C. United,United States
Eddie Robinson,64,CB,,0,2,3,33,35,48,43,68,66,"185cm | 6'1""",0,-,-,Houston Dynamo,United States
Joost Broerse,64,CDM,,0,2,3,65,56,52,57,69,63,"184cm | 6'0""",0,-,-,SBV Excelsior,Netherlands
Paolo Acerbis,64,GK,,0,1,2,61,62,55,68,50,66,"202cm | 6'8""",0,-,-,Vicenza,Italy
Riccardo Colombo,64,RM,,0,2,3,75,54,60,60,68,64,"183cm | 6'0""",0,-,-,Reggina,Italy
Brian Carroll,64,CDM,,0,2,3,57,48,49,60,64,62,"178cm | 5'10""",0,-,-,Philadelphia Union,United States
Salvatore Bruno,64,ST,,0,3,4,61,63,50,60,50,69,"183cm | 6'0""",0,-,-,Sassuolo,Italy
Domenico Giampá,64,RM,,0,3,3,70,58,59,67,44,40,"168cm | 5'6""",0,-,-,Modena,Italy
Biagio Pagano,64,RM,,0,3,5,78,62,58,66,55,59,"180cm | 5'11""",0,-,-,F. Torino,Italy
Erminio Rullo,64,LB,,0,2,3,67,52,60,59,63,57,"179cm | 5'10""",0,-,-,Modena,Italy
Karim Bridji,64,RM,,0,3,4,57,43,62,72,47,68,"173cm | 5'8""",0,-,-,RKC Waalwijk,Netherlands
Marcel Eger,64,CB,,0,2,2,46,51,56,41,72,61,"191cm | 6'3""",0,-,-,Brentford,Germany
Thomas Burgstaller,64,CB,,0,2,3,47,42,39,36,67,68,"192cm | 6'4""",0,-,-,SK Sturm Graz,Austria
Nadjim Abdou,64,CM,,0,3,3,79,50,61,68,68,64,"180cm | 5'11""",0,-,-,Millwall,Comoros
Niels Wellenberg,64,RB,,0,2,2,63,53,58,62,65,64,"179cm | 5'10""",0,-,-,N.E.C.,Netherlands
Pedro José Pinazo Arias,64,LM,,0,3,3,78,59,55,80,47,49,"178cm | 5'10""",0,-,-,Elche Club de Fútbol S.A.D.,Spain
Stéphen Drouin,64,CB,,0,2,3,55,44,48,45,66,70,"186cm | 6'1""",0,-,-,ESTAC,France
Kasper Risgård,64,CM,,0,3,3,73,56,68,66,50,57,"183cm | 6'0""",0,-,-,Silkeborg IF,Denmark
Ismael Íñiguez,64,RM,,0,3,3,74,61,60,66,49,63,"168cm | 5'6""",0,-,-,Tijuana,Mexico
Fabrizio Zambrella,64,CAM,,0,3,4,70,58,61,68,57,55,"182cm | 6'0""",0,-,-,FC Sion,Switzerland
Isaac Romo,64,ST,,0,3,3,64,62,53,56,57,71,"191cm | 6'3""",0,-,-,Puebla,Mexico
Kyung Sun Jin,64,LM,,0,2,3,77,63,65,56,67,61,"178cm | 5'10""",0,-,-,Jeonbuk Hyundai Motors,Korea Republic
Alessandro Cordaro,64,RM,,0,3,3,76,57,62,70,46,54,"169cm | 5'7""",0,-,-,KV Mechelen,Belgium
Jon Busch,64,GK,,0,1,2,67,62,69,66,51,63,"177cm | 5'10""",0,-,-,San Jose Earthquakes,United States
John Rankin,64,CM,,0,3,3,75,63,63,67,63,72,"173cm | 5'8""",0,-,-,Dundee United,Scotland
Pieterjan Monteyne,64,LB,,0,2,3,68,62,66,64,63,61,"177cm | 5'10""",0,-,-,RAEC Mons,Belgium
Tom Van Imschoot,64,CM,,0,3,3,51,62,59,67,58,55,"180cm | 5'11""",0,-,-,RAEC Mons,Belgium
David Clarkson,64,ST,,0,3,4,66,62,52,64,55,63,"178cm | 5'10""",0,-,-,Bristol City,Scotland
Melvin Brown,64,CB,,0,2,3,55,49,53,40,70,73,"175cm | 5'9""",0,-,-,Estudiantes Tecos,Mexico
Amaury Ponce,64,RB,,0,2,3,64,62,66,63,64,57,"179cm | 5'10""",0,-,-,Querétaro,Mexico
Neill Collins,64,CB,,0,2,2,47,36,44,48,65,64,"191cm | 6'3""",0,-,-,Sheffield United,Scotland
Richard Duffy,64,CB,,0,2,3,74,32,54,57,64,72,"181cm | 5'11""",0,-,-,Exeter City,Wales
Karol Kisel,64,RM,,0,2,4,59,69,66,65,66,58,"173cm | 5'8""",0,-,-,Sydney FC,Slovakia
José Antonio García Rabasco,64,CM,,0,2,4,57,61,72,53,58,50,"183cm | 6'0""",0,-,-,Unión Deportiva Almería S.A.D.,Spain
Cristian Ianu,64,ST,,0,3,4,78,60,56,67,49,62,"177cm | 5'10""",0,-,-,FC Luzern,Romania
Alessandro Iandoli,64,LB,,0,2,3,71,57,60,65,66,60,"181cm | 5'11""",0,-,-,Sint-Truidense VV,Switzerland
David Prieto Gálvez,64,CB,,0,2,3,55,41,45,46,67,68,"185cm | 6'1""",0,-,-,Córdoba Club de Fútbol S.A.D.,Spain
Pedro Mairata Gual,64,CB,,0,2,3,43,42,48,45,71,66,"189cm | 6'2""",0,-,-,Gimnàstic de Tarragona S.A.D.,Spain
Eduardo Navarro Soriano,64,GK,,0,1,3,68,61,61,71,45,57,"180cm | 5'11""",0,-,-,Club Deportivo Numancia de Soria S.A.D. ,Spain
Manuel Martínez Lara,64,CB,,0,2,3,29,46,51,43,72,53,"182cm | 6'0""",0,-,-,R.C. Recreativo,Spain
Rafael Barber Rodríguez,64,CDM,,0,2,2,60,55,50,59,69,55,"182cm | 6'0""",0,-,-,Xerez Club Deportivo S.A.D.,Spain
Atiba Harris,64,ST,,0,3,3,78,63,59,62,65,73,"191cm | 6'3""",0,-,-,Whitecaps FC,St Kitts Nevis
Jorge García,64,CB,,0,2,3,29,44,52,37,68,63,"185cm | 6'1""",0,-,-,Real Murcia,Spain
Ripa,64,LB,,0,3,3,75,41,64,60,61,63,"177cm | 5'10""",0,-,-,Club Deportivo Numancia de Soria S.A.D. ,Spain
Adrian Sikora,64,ST,,0,2,3,86,62,55,55,44,72,"170cm | 5'7""",0,-,-,Bielsko-Biała,Poland
Andrzej Niedzielan,64,ST,,0,3,3,78,63,53,61,46,58,"180cm | 5'11""",0,-,-,Cracovia Kraków,Poland
Łukasz Madej,64,RM,,0,3,2,77,56,62,63,54,59,"176cm | 5'9""",0,-,-,Wrocław,Poland
Wojciech Grzyb,64,RM,,0,2,3,70,54,63,59,60,56,"175cm | 5'9""",0,-,-,Ruch Chorzów,Poland
Adrian Mrowiec,64,CDM,,0,2,3,62,54,60,63,68,69,"190cm | 6'3""",0,-,-,Heart of Midlothian,Poland
Berry Powel,64,ST,,0,3,3,62,63,46,55,58,69,"185cm | 6'1""",0,-,-,Gimnàstic de Tarragona S.A.D.,Netherlands
Samuele Olivi,64,CB,,0,2,2,48,31,41,43,65,67,"183cm | 6'0""",0,-,-,Grosseto,Italy
Armando Perna,64,CB,,0,2,3,62,36,38,39,70,67,"184cm | 6'0""",0,-,-,Modena,Italy
Francesco Magnanelli,64,CM,,0,3,3,73,57,64,61,60,58,"177cm | 5'10""",0,-,-,Sassuolo,Italy
Alex Cordaz,64,GK,,0,1,1,63,63,57,70,58,66,"188cm | 6'2""",0,-,-,Cittadella,Italy
René Klingbeil,64,LB,,0,2,3,66,44,58,57,68,68,"180cm | 5'11""",0,-,-,FC Erzgebirge Aue,Germany
Benedikt Pliquett,64,GK,,0,1,2,67,62,59,69,39,62,"199cm | 6'6""",0,-,-,FC St. Pauli,Germany
Florian Lechner,64,RB,,0,2,3,67,58,66,62,65,64,"178cm | 5'10""",0,-,-,Karlsruher SC,Germany
Gerrit Müller,64,LM,,0,3,3,79,51,57,72,45,53,"172cm | 5'8""",0,-,-,Dynamo Dresden,Germany
Eddy Viator,64,CB,,0,2,3,67,39,48,41,65,74,"180cm | 5'11""",0,-,-,Toronto FC,France
Jérôme Lafourcade,64,ST,,0,2,3,61,63,50,53,49,71,"184cm | 6'0""",0,-,-,La Berrichonne de Châteauroux,France
Nikki Bull,64,GK,,0,1,2,67,62,51,71,50,61,"188cm | 6'2""",0,-,-,Wycombe Wanderers,England
Garry Thompson,64,RM,,0,3,3,77,53,67,65,52,64,"178cm | 5'10""",0,-,-,Scunthorpe United,England
Rajko Lekić,64,ST,,0,3,3,59,62,52,64,51,64,"185cm | 6'1""",0,-,-,New England Revolution,Denmark
Wouter Biebauw,64,GK,,0,1,3,67,61,55,71,45,61,"188cm | 6'2""",0,-,-,KV Mechelen,Belgium
Stijn Minne,64,RB,,0,2,4,67,41,58,44,62,60,"171cm | 5'7""",0,-,-,SV Zulte-Waregem,Belgium
Kevin Geudens,64,CDM,,0,2,3,48,48,59,56,62,61,"185cm | 6'1""",0,-,-,KV Mechelen,Belgium
Gabriel Zakuani,64,CB,,0,2,3,80,22,33,39,68,70,"185cm | 6'1""",0,-,-,Peterborough United,DR Congo
Jonathan Douglas,64,CDM,,0,2,3,56,48,67,62,63,56,"180cm | 5'11""",0,-,-,Brentford,Republic of Ireland
Paul Reid,64,CB,,0,2,3,48,31,42,43,72,72,"188cm | 6'2""",0,-,-,Scunthorpe United,England
Michael Doyle,64,CM,,0,3,3,56,58,66,57,65,61,"178cm | 5'10""",0,-,-,Sheffield United,Republic of Ireland
Martin Woods,64,CM,,0,3,5,73,62,63,65,60,61,"175cm | 5'9""",0,-,-,Doncaster Rovers,Scotland
Felipe Saad,64,CB,,0,2,3,50,50,44,46,67,68,"187cm | 6'2""",0,-,-,Evian Thonon Gaillard FC,Brazil
Vincent Gragnic,64,CM,,0,3,4,62,60,69,72,49,62,"184cm | 6'0""",0,-,-,CS Sedan Ardennes,France
Mariusz Pawelec,64,LB,,0,3,3,60,44,52,47,65,65,"180cm | 5'11""",0,-,-,Wrocław,Poland
Sang Ho Lee,64,RB,,0,2,3,85,52,50,57,67,68,"175cm | 5'9""",0,-,-,Chunnam Dragons,Korea Republic
Matt Pickens,64,GK,,0,1,3,66,63,62,64,35,67,"184cm | 6'0""",0,-,-,Colorado Rapids,United States
Krzysztof Kotorowski,64,GK,,0,1,3,68,56,54,73,37,66,"186cm | 6'1""",0,-,-,Lech Poznań,Poland
Nikola Mijailović,64,LB,,0,3,3,72,49,70,65,61,61,"185cm | 6'1""",0,-,-,Amkar Perm,Serbia
Andy Griffin,64,RB,,0,2,4,55,33,56,54,71,70,"173cm | 5'8""",0,-,-,Reading,England
You Hwan Lim,64,CB,,0,2,3,66,41,49,51,68,74,"185cm | 6'1""",0,-,-,Jeonbuk Hyundai Motors,Korea Republic
Carl Ikeme,64,GK,,0,1,3,62,64,61,68,50,62,"188cm | 6'2""",0,-,-,Middlesbrough,Nigeria
Peter Nymann,64,RM,,0,3,3,84,54,65,63,57,56,"179cm | 5'10""",0,-,-,Djurgårdens IF,Denmark
Michał Łabędzki,64,CB,,0,2,3,49,47,54,55,64,60,"184cm | 6'0""",0,-,-,Lodz,Poland
Mitja Mörec,64,CB,,0,2,3,67,44,51,49,67,70,"184cm | 6'0""",0,-,-,ADO Den Haag,Slovenia
Johannes Ertl,64,CDM,,0,2,3,57,32,53,66,71,68,"188cm | 6'2""",0,-,-,Sheffield United,Austria
Stephen Henderson,64,GK,,0,1,3,63,68,71,61,50,64,"193cm | 6'4""",0,-,-,Portsmouth,Republic of Ireland
Lewis Buxton,64,RB,,0,2,3,65,41,51,57,67,65,"185cm | 6'1""",0,-,-,Sheffield Wednesday,England
Seyi Olajengbesi,64,CB,,0,2,3,66,27,42,42,69,69,"192cm | 6'4""",0,-,-,Alemannia Aachen,Nigeria
Will Hoskins,64,ST,,0,3,4,71,64,49,64,39,65,"178cm | 5'10""",0,-,-,Brighton &amp; Hove Albion,England
Elgabry Rangel,64,CM,,0,2,2,71,54,63,61,62,62,"165cm | 5'5""",0,-,-,Estudiantes Tecos,Mexico
Piotr Ćwielong,64,CAM,,0,3,3,72,59,55,73,53,66,"171cm | 5'7""",0,-,-,Wrocław,Poland
Charles Diers,64,RM,,0,3,4,73,54,61,67,54,57,"185cm | 6'1""",0,-,-,Angers SCO,France
Andrew Considine,64,CB,,0,2,3,59,24,45,42,66,68,"183cm | 6'0""",0,-,-,Aberdeen,Scotland
Junior Agogo,64,ST,,0,2,3,81,55,44,58,49,72,"178cm | 5'10""",0,-,-,Hibernian,Ghana
Iván Amaya Carazo,64,CB,,0,2,3,42,37,58,46,66,64,"190cm | 6'3""",0,-,-,Real Murcia,Spain
Adam Barrett,64,CB,,0,2,3,39,24,33,33,69,78,"178cm | 5'10""",0,-,-,Bournemouth,England
Giuseppe Rossini,64,ST,,0,2,3,46,63,42,43,56,72,"193cm | 6'4""",0,-,-,SV Zulte-Waregem,Italy
Andrea De Falco,64,CM,,0,2,3,68,62,63,62,60,51,"179cm | 5'10""",0,-,-,Bari,Italy
Paul Thomik,64,RM,,0,3,2,84,55,61,63,61,63,"178cm | 5'10""",0,-,-,Górnik Zabrze,Germany
Maurizio Peccarisi,64,CB,,0,2,2,52,41,41,38,70,68,"192cm | 6'4""",0,-,-,Ascoli,Italy
Yohann Rivière,64,ST,,0,2,3,70,63,48,55,49,69,"185cm | 6'1""",0,-,-,Havre Athletic Club,France
Florian Mohr,64,CB,,0,2,3,64,29,42,49,67,70,"182cm | 6'0""",0,-,-,SC Paderborn 07,Germany
Zola Matumona,64,LM,,0,3,4,56,62,64,69,41,58,"165cm | 5'5""",0,-,-,RAEC Mons,DR Congo
Landry Mulemo,64,LB,,0,2,4,79,57,60,67,63,61,"177cm | 5'10""",0,-,-,KV Kortrijk,Belgium
Damir Vrancic,64,CM,,0,2,4,67,52,62,64,65,64,"184cm | 6'0""",0,-,-,Braunschweig,Bosnia Herzegovina
Ken Reichel,64,LB,,0,2,3,68,54,63,65,68,62,"185cm | 6'1""",0,-,-,Braunschweig,Germany
Thomas Bröker,64,ST,,0,2,3,83,61,44,58,56,65,"186cm | 6'1""",0,-,-,Fortuna Düsseldorf,Germany
Iain Turner,64,GK,,0,1,2,62,65,60,65,62,66,"193cm | 6'4""",0,-,-,Preston North End,Scotland
Juan Luis Hens Lorite,64,RM,,0,3,4,69,61,66,62,50,53,"178cm | 5'10""",0,-,-,Girona Fútbol Club S.A.D. ,Spain
Stefano Botta,64,CAM,,0,2,3,69,54,68,62,56,61,"173cm | 5'8""",0,-,-,Vicenza,Switzerland
Dean Shiels,64,CAM,,0,3,3,73,57,56,68,42,48,"180cm | 5'11""",0,-,-,Kilmarnock,Northern Ireland
Patrick Amoah,64,ST,,0,2,4,79,59,49,66,48,62,"183cm | 6'0""",0,-,-,OHL,Sweden
Ian Black,64,CM,,0,2,3,68,53,61,64,64,65,"173cm | 5'8""",0,-,-,Heart of Midlothian,Scotland
Roberto Garcia Cabello,64,ST,,0,2,4,47,61,42,55,58,69,"190cm | 6'3""",0,-,-,Sociedad Deportiva Huesca S.A.D.,Spain
Clayton Donaldson,64,ST,,0,3,3,78,61,48,62,49,59,"185cm | 6'1""",0,-,-,Brentford,England
Seweryn Gancarczyk,64,LB,,0,2,2,75,54,63,58,66,60,"181cm | 5'11""",0,-,-,Lech Poznań,Poland
Darren Barr,64,RB,,0,2,3,63,41,59,57,67,64,"182cm | 6'0""",0,-,-,Heart of Midlothian,Scotland
Mauricio Romero,64,ST,,0,3,3,63,60,45,62,58,77,"180cm | 5'11""",0,-,-,Atlas,Mexico
Andrea Russotto,64,CF,,0,4,4,75,63,61,66,45,58,"175cm | 5'9""",0,-,-,Livorno,Italy
Diego de la Torre,64,CAM,,0,3,3,67,62,60,66,54,61,"178cm | 5'10""",0,-,-,Toluca,Mexico
Andreas Schicker,64,LB,,0,2,3,68,35,64,62,64,59,"178cm | 5'10""",0,-,-,SC Magna Wiener Neustadt,Austria
Andreas Dahlén,64,LB,,0,2,3,73,59,63,58,67,65,"182cm | 6'0""",0,-,-,FSV Frankfurt,Sweden
Andrea Guatelli,64,GK,,0,1,2,67,63,71,63,34,59,"197cm | 6'6""",0,-,-,FC Zürich,Italy
Jeroen Drost,64,CB,,0,2,3,54,50,52,52,67,66,"184cm | 6'0""",0,-,-,Vitesse,Netherlands
Magnus Okuonghae,64,CB,,0,2,3,74,33,44,38,69,72,"191cm | 6'3""",0,-,-,Colchester United,Nigeria
Steve Colpaert,64,CB,,0,2,4,69,40,58,47,65,72,"176cm | 5'9""",0,-,-,SV Zulte-Waregem,Belgium
Travis Dodd,64,RW,,0,3,3,69,61,57,66,51,69,"177cm | 5'10""",0,-,-,Perth Glory FC,Australia
Milan Jovanović,64,CB,,0,2,3,63,40,45,37,66,65,"188cm | 6'2""",0,-,-,Spartak Nalchik,Montenegro
Carl Dickinson,64,LB,,0,2,2,65,33,52,48,68,72,"185cm | 6'1""",0,-,-,Watford,England
Fernando Morales,64,LM,,0,3,2,63,61,61,68,49,62,"174cm | 5'9""",0,-,-,San Luis,Mexico
Frank Simek,64,RB,,0,2,3,73,52,62,61,65,64,"183cm | 6'0""",0,-,-,Carlisle United,United States
Gary Roberts,64,CM,,0,2,3,72,58,74,56,57,58,"173cm | 5'8""",0,-,-,Port Vale,England
Peter Franquart,64,CB,,0,2,3,46,48,60,46,66,65,"182cm | 6'0""",0,-,-,RAEC Mons,France
Tony Craig,64,LB,,0,2,3,72,28,55,53,66,66,"185cm | 6'1""",0,-,-,Millwall,England
Mark Quigley,64,ST,,0,4,4,81,63,35,63,42,60,"179cm | 5'10""",0,-,-,Dundalk FC,Republic of Ireland
Chris Brown,64,ST,,0,2,3,68,58,30,63,54,66,"185cm | 6'1""",0,-,-,Doncaster Rovers,England
Steven Gillespie,64,ST,,0,3,3,75,60,38,53,37,63,"175cm | 5'9""",0,-,-,Colchester United,England
Chris Dagnall,64,ST,,0,3,3,78,64,47,62,42,57,"173cm | 5'8""",0,-,-,Scunthorpe United,England
Marcos Tébar Ramiro,64,CM,,0,2,3,60,47,62,57,65,57,"185cm | 6'1""",0,-,-,Girona Fútbol Club S.A.D. ,Spain
Andrea Cristiano,64,LM,,0,2,3,74,61,62,61,50,64,"182cm | 6'0""",0,-,-,A. Leffe,Italy
Clyde Simms,64,CDM,,0,2,3,65,56,55,59,67,67,"175cm | 5'9""",0,-,-,D.C. United,United States
Chad Barrett,64,ST,,0,2,4,68,63,47,62,52,67,"180cm | 5'11""",0,-,-,Los Angeles Galaxy,United States
James Riley,64,RB,,0,2,4,75,42,45,57,65,57,"178cm | 5'10""",0,-,-,Seattle Sounders FC,United States
Scott Robertson,64,CM,,0,3,3,77,54,64,65,67,64,"183cm | 6'0""",0,-,-,Dundee United,Scotland
Ivan Sproule,64,RM,,0,3,3,90,56,53,66,54,60,"173cm | 5'8""",0,-,-,Hibernian,Northern Ireland
Steven Smith,64,LB,,0,2,3,74,60,62,64,64,64,"178cm | 5'10""",0,-,-,Preston North End,Scotland
Paulo Roberto Corradi Nagamura,64,CM,,0,3,3,71,63,61,64,62,57,"173cm | 5'8""",0,-,-,Club Deportivo Chivas USA,Brazil
Bobby Boswell,64,CB,,0,2,3,42,34,46,48,69,74,"188cm | 6'2""",0,-,-,Houston Dynamo,United States
David Gigliotti,64,ST,,0,3,3,69,64,46,62,49,71,"176cm | 5'9""",0,-,-,AC Arles Avignon,France
Brad Jones,64,GK,,0,1,2,65,60,70,65,63,69,"191cm | 6'3""",0,-,-,Liverpool,Australia
Ji Hoon Baek,64,CM,,0,3,5,80,65,64,64,61,64,"175cm | 5'9""",0,-,-,Suwon Samsung Bluewings,Korea Republic
Jaime Peters,64,RM,,0,3,4,83,50,56,69,59,48,"170cm | 5'7""",0,-,-,Ipswich Town,Canada
Kári Árnason,64,CDM,,0,2,3,53,45,61,45,69,62,"190cm | 6'3""",0,-,-,Aberdeen,Iceland
Mario Rodríguez,64,GK,,0,1,3,69,59,61,68,46,59,"184cm | 6'0""",0,-,-,Puebla,Mexico
Christian Sánchez,64,CB,,0,2,3,64,45,41,49,67,71,"180cm | 5'11""",0,-,-,San Luis,Mexico
Diego Cervantes,64,CB,,0,2,3,42,40,52,44,71,61,"192cm | 6'4""",0,-,-,Puebla,Mexico
David Robertson,64,CM,,0,3,4,73,61,62,64,61,65,"178cm | 5'10""",0,-,-,St. Johnstone FC,Scotland
Yannick Cahuzac,64,CDM,,0,2,3,69,36,55,53,64,64,"178cm | 5'10""",0,-,-,Sporting Club Bastia,France
Jérémy Sapina,64,CB,,0,2,3,36,52,51,42,68,65,"187cm | 6'2""",0,-,-,RAEC Mons,France
Aldo Simoncini,64,GK,,0,1,3,63,62,51,69,53,68,"186cm | 6'1""",0,-,-,A.C. Cesena,San Marino
Edixon Perea,64,ST,,0,3,4,61,65,47,59,57,66,"178cm | 5'10""",0,-,-,Cruz Azul,Colombia
Danny Grainger,64,LB,,0,2,2,63,49,61,45,65,65,"183cm | 6'0""",0,-,-,Heart of Midlothian,England
David Obua,64,LM,,0,3,3,74,60,60,66,61,75,"183cm | 6'0""",0,-,-,Heart of Midlothian,Uganda
Tomáš Šimkovič,64,CAM,,0,3,3,74,61,63,65,54,52,"178cm | 5'10""",0,-,-,SC Magna Wiener Neustadt,Austria
Torsten Oehrl,64,ST,,0,2,3,62,61,45,58,53,63,"191cm | 6'3""",0,-,-,FC Augsburg,Germany
Tim Vincken,64,RW,,0,3,3,77,63,61,65,40,64,"174cm | 5'9""",0,-,-,SBV Excelsior,Netherlands
Rostyn Griffiths,64,CDM,,0,2,4,53,48,57,52,71,73,"187cm | 6'2""",0,-,-,Central Coast Mariners FC,Australia
Joe Garner,64,ST,,0,3,3,78,59,45,55,50,59,"178cm | 5'10""",0,-,-,Watford,England
Simon Dawkins,64,CAM,,0,2,4,74,63,60,66,56,63,"178cm | 5'10""",0,-,-,San Jose Earthquakes,England
Ryan Shotton,64,RM,,0,2,3,70,27,40,36,66,66,"191cm | 6'3""",0,-,-,Stoke City,England
Stephen Gleeson,64,CM,,0,2,4,74,51,61,59,62,60,"175cm | 5'9""",0,-,-,Milton Keynes Dons,Republic of Ireland
Peter Jungschläger,64,CDM,,0,2,3,60,49,57,61,65,67,"184cm | 6'0""",0,-,-,Gold Coast United,Netherlands
Marino Defendi,64,LW,,0,3,3,76,60,56,64,46,51,"174cm | 5'9""",0,-,-,Bari,Italy
Sebastian Schuppan,64,LB,,0,2,3,69,46,56,57,66,64,"187cm | 6'2""",0,-,-,Dynamo Dresden,Germany
Mirko Casper,64,CB,,0,2,4,68,43,58,53,66,71,"183cm | 6'0""",0,-,-,Alemannia Aachen,Germany
Daniel Fernández Artola,64,RB,,0,3,3,64,49,61,69,63,60,"181cm | 5'11""",0,-,-,Feyenoord,Spain
François Marque,64,CB,,0,2,3,59,40,44,45,71,73,"187cm | 6'2""",0,-,-,Sporting Club Bastia,France
Juan José Expósito Ruiz,64,ST,,0,2,4,65,63,38,57,50,69,"187cm | 6'2""",0,-,-,Club Deportivo Numancia de Soria S.A.D. ,Spain
Vilmos Vanczák,64,RB,,0,2,3,62,42,51,47,70,73,"188cm | 6'2""",0,-,-,FC Sion,Hungary
Pablo Sánchez Alberto,64,CF,,0,3,3,75,57,52,64,43,65,"173cm | 5'8""",0,-,-,R.C. Recreativo,Spain
Guy Stephane Essame,64,CDM,,0,3,3,67,49,58,62,66,61,"178cm | 5'10""",0,-,-,Terek Grozny,Cameroon
Chus Herrero,64,CB,,0,2,3,55,37,51,35,67,68,"183cm | 6'0""",0,-,-,Fútbol Club Cartagena,Spain
Ben Parker,64,LB,,0,2,3,65,50,64,62,65,61,"181cm | 5'11""",0,-,-,Leeds United,England
Baptiste Martin,64,CB,,0,2,3,55,39,60,54,68,61,"186cm | 6'1""",0,-,-,KV Kortrijk,France
Wesley de Ruiter,64,GK,,0,1,2,65,65,60,70,38,60,"191cm | 6'3""",0,-,-,SBV Excelsior,Netherlands
João Paulo da Silva Araújo,64,ST,,0,2,3,73,66,44,66,46,73,"169cm | 5'7""",0,-,-,GwangJu FC,Brazil
Tommy Spurr,64,LB,,0,2,3,72,54,61,50,67,68,"186cm | 6'1""",0,-,-,Doncaster Rovers,England
Brian Hamalainen,64,LB,,0,2,3,82,53,65,61,66,65,"176cm | 5'9""",0,-,-,SV Zulte-Waregem,Denmark
Anders Randrup,64,RB,,0,2,4,67,32,63,54,68,53,"181cm | 5'11""",0,-,-,Brøndby IF,Denmark
James Brown,64,ST,,0,3,3,70,67,40,64,40,64,"180cm | 5'11""",0,-,-,Hartlepool United,England
Javier Martina,64,RW,,0,3,3,75,56,58,65,44,55,"175cm | 5'9""",0,-,-,Toronto FC,Netherlands
Michael Timisela,64,RB,,0,2,3,72,49,56,66,63,64,"176cm | 5'9""",0,-,-,VVV-Venlo,Netherlands
Lee Tomlin,64,ST,,0,2,4,74,63,41,68,52,58,"180cm | 5'11""",0,-,-,Peterborough United,England
Giles Coke,64,CM,,0,3,4,74,67,59,67,64,59,"183cm | 6'0""",0,-,-,Bury,England
Andrea Rossi,64,LB,,0,3,3,72,46,60,61,65,54,"177cm | 5'10""",0,-,-,Siena,Italy
Trevor Trevisan,64,CB,,0,2,3,53,36,44,42,68,67,"186cm | 6'1""",0,-,-,Padua,Italy
James Wilson,64,CB,,0,2,2,64,28,51,55,64,68,"188cm | 6'2""",0,-,-,Bristol City,Wales
Erton Fejzullahu,64,RW,,0,3,3,65,58,56,67,52,63,"180cm | 5'11""",0,-,-,Mjällby AIF ,Sweden
Sascha Dum,64,LM,,0,3,2,87,58,59,68,57,52,"189cm | 6'2""",0,-,-,Fortuna Düsseldorf,Germany
Joeri Dequevy,64,RM,,0,2,4,78,57,58,70,45,50,"174cm | 5'9""",0,-,-,Lierse SK,Belgium
Jonathan Bornstein,64,LB,,0,3,4,80,60,63,63,62,66,"175cm | 5'9""",0,-,-,Tigres U.A.N.L.,United States
Nathan Sturgis,64,CDM,,0,2,4,62,62,65,62,64,69,"178cm | 5'10""",0,-,-,Toronto FC,United States
Stipe Matić,64,CB,,0,2,3,43,39,51,50,67,60,"188cm | 6'2""",0,-,-,FC Thun,Croatia
Rafal Boguski,64,CF,,0,2,3,74,58,60,67,55,67,"173cm | 5'8""",0,-,-,Wisła Kraków,Poland
Colin Clark,64,RM,,0,3,3,73,57,60,68,57,54,"183cm | 6'0""",0,-,-,Houston Dynamo,United States
Robert Milsom,64,CM,,0,2,2,73,68,65,67,62,68,"179cm | 5'10""",0,-,-,Aberdeen,England
Julien Toudic,64,ST,,0,2,3,78,63,51,68,41,62,"172cm | 5'8""",0,-,-,Racing Club de Lens,France
Adriano Basso,64,GK,,0,1,3,66,64,58,63,49,64,"185cm | 6'1""",0,-,-,Hull City,Brazil
Andy Gruenebaum,64,GK,,0,1,2,67,63,70,66,51,62,"185cm | 6'1""",0,-,-,Columbus Crew,United States
Kevin Schlitte,64,RM,,0,2,4,76,57,61,62,66,63,"184cm | 6'0""",0,-,-,FC Erzgebirge Aue,Germany
Benjamin Kern,64,RB,,0,2,4,77,59,61,68,60,70,"168cm | 5'6""",0,-,-,MSV Duisburg,Germany
Mauro Gerk,64,ST,,0,2,3,58,65,61,61,62,81,"180cm | 5'11""",0,-,-,Tijuana,Argentina
Frédéric Nimani,64,ST,,0,2,3,68,62,54,58,54,78,"191cm | 6'3""",0,-,-,AS Monaco FC,France
Cédric Collet,64,LW,,0,2,3,71,54,59,66,61,60,"182cm | 6'0""",0,-,-,Stade de Reims,France
Morais,64,RM,,0,3,3,76,50,58,70,47,55,"173cm | 5'8""",0,-,-,Oldham Athletic,Portugal
Faton Toski,64,LM,,0,3,3,66,48,66,67,59,58,"185cm | 6'1""",0,-,-,VfL Bochum,Germany
Xavier Hochstrasser,64,CDM,,0,2,3,65,58,58,66,67,69,"180cm | 5'11""",0,-,-,FC Luzern,Switzerland
Peter Brezovan,64,GK,,0,1,2,66,67,63,72,31,63,"199cm | 6'6""",0,-,-,Brighton &amp; Hove Albion,Slovakia
Antonio Ghomsi,64,LB,,0,2,2,70,45,60,55,66,66,"179cm | 5'10""",0,-,-,KV Mechelen,Cameroon
Benjamin Lüthi,64,RB,,0,2,4,73,60,62,60,61,60,"176cm | 5'9""",0,-,-,FC Thun,Switzerland
Moreno Costanzo,64,CM,,0,2,3,69,69,59,66,54,53,"179cm | 5'10""",0,-,-,BSC Young Boys,Switzerland
Marcos Roberto Pereira dos Santos,64,CF,,0,3,3,59,62,51,60,50,66,"182cm | 6'0""",0,-,-,ESTAC,Brazil
Danny Green,64,RM,,0,2,3,80,63,60,68,43,44,"183cm | 6'0""",0,-,-,Charlton Athletic,England
Thomas Hinum,64,CDM,,0,2,3,70,48,59,63,65,66,"184cm | 6'0""",0,-,-,SV Josko Fenst. Ried,Austria
Lucas Deaux,64,CDM,,0,2,3,76,48,57,58,66,69,"186cm | 6'1""",0,-,-,Stade de Reims,France
Jens Janse,64,RB,,0,2,2,73,29,66,60,65,57,"185cm | 6'1""",0,-,-,NAC Breda,Netherlands
Juan Carlos Silva,64,LM,,0,2,3,71,52,63,65,61,58,"170cm | 5'7""",0,-,-,Pachuca,Mexico
Michael Orozco,64,CB,,0,2,3,67,37,58,52,65,67,"178cm | 5'10""",0,-,-,San Luis,United States
Scott Arfield,64,CM,,0,3,4,71,59,60,71,62,64,"178cm | 5'10""",0,-,-,Huddersfield Town,Scotland
Grégory Bettiol,64,ST,,0,3,3,65,65,50,58,42,69,"180cm | 5'11""",0,-,-,ESTAC,France
Pietro Marino,64,GK,,0,1,1,64,62,58,65,56,64,"202cm | 6'8""",0,-,-,Reggina,Italy
Flavio Lazzari,64,CAM,,0,3,3,67,61,60,63,61,65,"186cm | 6'1""",0,-,-,Empoli,Italy
Salvatore Burrai,64,CDM,,0,2,3,67,37,67,60,63,66,"177cm | 5'10""",0,-,-,Cagliari,Italy
Kévin Olimpa,64,GK,,0,1,2,68,65,66,64,29,68,"186cm | 6'1""",0,-,-,Girondins de Bordeaux,France
Michael Harrington,64,RB,,0,2,4,74,57,56,56,65,64,"183cm | 6'0""",0,-,-,Kansas City Wizards,United States
Danny Hollands,64,CM,,0,2,3,64,55,65,56,61,62,"180cm | 5'11""",0,-,-,Charlton Athletic,England
Brad Evans,64,CM,,0,2,3,77,65,60,63,64,70,"185cm | 6'1""",0,-,-,Seattle Sounders FC,United States
Luis Robles,64,GK,,0,1,2,65,64,62,66,53,60,"185cm | 6'1""",0,-,-,Karlsruher SC,United States
Lubomír Michalík,64,CB,,0,2,3,49,54,47,40,69,65,"193cm | 6'4""",0,-,-,Carlisle United,Slovakia
Cidimar Rodrigues da Silva,64,ST,,0,2,3,66,63,49,64,52,70,"184cm | 6'0""",0,-,-,Dynamo Dresden,Brazil
Michel Morganella,64,RB,,0,2,3,65,41,60,57,68,60,"183cm | 6'0""",0,-,-,Novara,Switzerland
Dong Won Han,64,CAM,,0,3,3,66,56,62,66,49,50,"178cm | 5'10""",0,-,-,Daegu FC,Korea Republic
Won Jae Park,64,LB,,0,3,3,76,44,61,62,66,50,"176cm | 5'9""",0,-,-,Jeonbuk Hyundai Motors,Korea Republic
Adam Kwasnik,64,ST,,0,3,4,68,65,50,69,50,56,"179cm | 5'10""",0,-,-,Central Coast Mariners FC,Australia
Sam Hird,64,CB,,0,2,3,72,29,59,40,65,72,"183cm | 6'0""",0,-,-,Doncaster Rovers,England
Lucas Antonio Silva de Oliveira,64,CAM,,0,3,3,68,60,58,64,52,63,"186cm | 6'1""",0,-,-,Puebla,Brazil
Bowen Huang,64,CM,,0,3,3,75,59,64,64,63,65,"177cm | 5'10""",0,-,-,Jeonbuk Hyundai Motors,China PR
Antonio Salazar,64,ST,,0,3,3,65,60,50,63,51,63,"178cm | 5'10""",0,-,-,Guadalajara,Mexico
Dale Stephens,64,CM,,0,2,3,65,54,66,59,58,67,"169cm | 5'7""",0,-,-,Charlton Athletic,England
Jamie Jones,64,GK,,0,1,3,71,56,52,74,32,62,"191cm | 6'3""",0,-,-,Leyton Orient,England
Joe Mattock,64,LB,,0,3,3,69,45,57,54,63,62,"181cm | 5'11""",0,-,-,West Bromwich Albion,England
Josh McQuoid,64,ST,,0,2,4,72,64,48,59,45,56,"176cm | 5'9""",0,-,-,Millwall,Northern Ireland
Dragan Paljić,64,LB,,0,3,3,78,56,63,56,63,63,"174cm | 5'9""",0,-,-,Wisła Kraków,Serbia
Mickaël Poté,64,ST,,0,2,3,77,64,54,59,48,68,"180cm | 5'11""",0,-,-,Dynamo Dresden,Benin
Aldo Angoula,64,CB,,0,2,3,52,29,49,46,67,66,"184cm | 6'0""",0,-,-,Evian Thonon Gaillard FC,France
Matt Simon,64,ST,,0,2,3,71,58,42,57,64,69,"188cm | 6'2""",0,-,-,Central Coast Mariners FC,Australia
Seb Hines,64,CB,,0,2,3,72,24,49,49,65,73,"188cm | 6'2""",0,-,-,Middlesbrough,England
Chris Kamulete Makiese,64,ST,,0,2,3,76,59,48,62,49,66,"184cm | 6'0""",0,-,-,RAEC Mons,France
Jens Grahl,64,GK,,0,1,3,69,62,58,66,51,57,"193cm | 6'4""",0,-,-,SC Paderborn 07,Germany
Chris Herd,64,CM,,0,3,4,76,58,64,65,67,75,"173cm | 5'8""",0,-,-,Aston Villa,Australia
Jonathan Hogg,64,CM,,0,3,3,75,57,58,67,68,63,"170cm | 5'7""",0,-,-,Watford,England
Pape Daouda M'Bow,64,CDM,,0,2,3,59,36,53,43,65,65,"190cm | 6'3""",0,-,-,RAEC Mons,Senegal
Tobias Feisthammel,64,CB,,0,2,3,68,35,49,55,66,74,"188cm | 6'2""",0,-,-,Alemannia Aachen,Germany
Simon Terodde,64,ST,,0,2,3,71,60,48,54,48,70,"192cm | 6'4""",0,-,-,1. FC Union Berliln,Germany
Silvije Čavlina,64,GK,,0,1,2,66,65,60,64,47,61,"190cm | 6'3""",0,-,-,SK Sturm Graz,Croatia
Ludovic Genest,64,CF,,0,3,3,82,61,51,62,42,63,"174cm | 5'9""",0,-,-,Sporting Club Bastia,France
Bilal Çubukçu,64,LM,,0,3,4,72,62,60,65,45,54,"176cm | 5'9""",0,-,-,Alemannia Aachen,Turkey
Kim Falkenberg,64,RB,,0,2,3,75,43,60,57,64,67,"180cm | 5'11""",0,-,-,Alemannia Aachen,Germany
Sal Zizzo,64,RM,,0,3,4,75,61,63,66,59,58,"180cm | 5'11""",0,-,-,Portland,United States
Dimitri Daeseleire,64,RB,,0,2,3,72,42,61,60,54,68,"169cm | 5'7""",0,-,-,Sint-Truidense VV,Belgium
Nayib Lagouireh,64,RW,,0,4,3,82,56,49,71,37,64,"171cm | 5'7""",0,-,-,SBV Excelsior,Belgium
Lukas Van Eenoo,64,CAM,,0,2,3,66,60,60,66,47,55,"174cm | 5'9""",0,-,-,KSV Cercle Brugge,Belgium
Jean-Yves M'voto,64,CB,,0,2,3,74,28,34,27,69,72,"193cm | 6'4""",0,-,-,Oldham Athletic,France
Jan-Philipp Kalla,64,LB,,0,2,3,68,45,59,55,63,67,"180cm | 5'11""",0,-,-,FC St. Pauli,Germany
Marco Schönbächler,64,RM,,0,2,3,74,46,62,66,37,46,"171cm | 5'7""",0,-,-,FC Zürich,Switzerland
Vuza Nyoni,64,LM,,0,3,3,80,59,60,71,61,58,"178cm | 5'10""",0,-,-,Germinal Beerschot,Zimbabwe
Denis Tonucci,64,CB,,0,2,2,55,36,41,43,70,66,"182cm | 6'0""",0,-,-,Vicenza,Italy
Mattia Mustacchio,64,RW,,0,4,3,80,60,58,61,48,62,"182cm | 6'0""",0,-,-,Vicenza,Italy
Vincent Bessat,64,LW,,0,3,3,69,60,66,63,60,65,"178cm | 5'10""",0,-,-,FC Nantes,France
Jackson Gonçalves Pereira,64,RB,,0,2,2,73,57,58,68,67,67,"175cm | 5'9""",0,-,-,FC Dallas,Brazil
Marco Sansovini,64,RW,,0,3,3,82,65,50,66,47,67,"170cm | 5'7""",0,-,-,Pescara,Italy
Vincenzo Fiorillo,64,GK,,0,1,2,63,62,60,66,50,64,"190cm | 6'3""",0,-,-,Sampdoria,Italy
Evariste Ngolok,64,CDM,,0,2,3,70,57,61,62,64,65,"176cm | 5'9""",0,-,-,KVC Westerlo,Cameroon
Ryan Flynn,64,RM,,0,2,3,70,51,63,66,36,32,"171cm | 5'7""",0,-,-,Sheffield United,Scotland
Danny Drinkwater,64,CM,,0,3,4,69,57,63,62,58,56,"178cm | 5'10""",0,-,-,Barnsley,England
Richard Eckersley,64,RB,,0,2,4,74,30,54,54,66,65,"183cm | 6'0""",0,-,-,Toronto FC,England
Daniel Galbraith,64,LM,,0,3,3,81,48,57,71,50,60,"175cm | 5'9""",0,-,-,Hibernian,Scotland
Gary Woods,64,GK,,0,1,2,68,62,57,69,52,58,"185cm | 6'1""",0,-,-,Doncaster Rovers,England
Gilles Sunu,64,LM,,0,3,3,78,58,50,71,44,56,"180cm | 5'11""",0,-,-,FC Lorient Bretagne Sud,France
Levan Mchedlidze,64,ST,,0,3,3,68,59,54,60,53,68,"187cm | 6'2""",0,-,-,Empoli,Georgia
Martin Zeman,64,LM,,0,2,2,90,58,60,64,44,67,"174cm | 5'9""",0,-,-,Admira,Czech Republic
Matt Ritchie,64,LM,,0,3,2,76,53,48,69,51,52,"173cm | 5'8""",0,-,-,Swindon Town,England
Dugary Ndabashinze,64,RM,,0,3,3,82,54,58,68,49,63,"182cm | 6'0""",0,-,-,KRC Genk,Burundi
Hamdi Harbaoui,64,ST,,0,2,3,55,60,54,64,52,70,"185cm | 6'1""",0,-,-,Sporting Lokeren OV,Tunisia
Eric Avila,64,CAM,,0,3,4,71,63,56,67,53,49,"175cm | 5'9""",0,-,-,Toronto FC,United States
Patrick Nyarko,64,RM,,0,3,4,87,54,53,67,42,59,"183cm | 6'0""",0,-,-,Chicago Fire,Ghana
Silvano Raggio Garibaldi,64,CM,,0,2,3,66,56,64,60,64,63,"178cm | 5'10""",0,-,-,Gubbio,Italy
Jean-Philippe Sabo,64,LB,,0,2,3,66,51,64,52,63,61,"174cm | 5'9""",0,-,-,Olympique de Marseille,France
Steven Lenhart,64,ST,,0,2,3,65,59,42,58,59,80,"185cm | 6'1""",0,-,-,San Jose Earthquakes,United States
Alberto,64,GK,,0,1,3,71,57,55,73,58,56,"181cm | 5'11""",0,-,-,Córdoba Club de Fútbol S.A.D.,Spain
Eric Brunner,64,CB,,0,2,4,42,38,48,42,67,71,"193cm | 6'4""",0,-,-,Portland,United States
Sergej Karimow,64,LB,,0,2,3,68,30,54,59,65,67,"180cm | 5'11""",0,-,-,MSV Duisburg,Germany
James Holland,64,CM,,0,3,4,65,60,56,67,56,58,"180cm | 5'11""",0,-,-,AZ Alkmaar,Australia
Andrés Lamas,64,CB,,0,2,2,63,36,40,39,67,68,"187cm | 6'2""",0,-,-,R.C. Recreativo,Uruguay
Fernando Pereira Wallace,64,LB,,0,2,3,73,69,70,67,63,57,"183cm | 6'0""",0,-,-,KAA Gent,Brazil
Erik Vera,64,LM,,0,3,3,84,50,64,65,52,55,"169cm | 5'7""",0,-,-,U.N.A.M.,Mexico
Hee Do Park,64,LW,,0,2,2,79,55,67,63,46,48,"181cm | 5'11""",0,-,-,Busan I'Park,Korea Republic
Dong Gun Cho,64,ST,,0,3,3,82,57,53,60,50,69,"180cm | 5'11""",0,-,-,Seongnam Ilhwa Chunma,Korea Republic
Young Woo Kim,64,LM,,0,2,4,74,63,66,67,51,60,"176cm | 5'9""",0,-,-,Jeonbuk Hyundai Motors,Korea Republic
Juan Carlos Escobar,64,RM,,0,3,3,62,68,61,66,64,67,"183cm | 6'0""",0,-,-,Krylya Sovetov Samara,Colombia
Evgeniy Pomazan,64,GK,,0,1,2,65,68,60,71,47,55,"193cm | 6'4""",0,-,-,Anzhi Makhachkala,Russia
Andreas Buchner,64,RM,,0,2,4,75,57,60,67,34,52,"168cm | 5'6""",0,-,-,FC Ingolstadt 04,Germany
Adrian Nikci,64,RW,,0,2,3,78,54,57,66,49,50,"182cm | 6'0""",0,-,-,FC Zürich,Switzerland
Yussif Chibsah,64,CM,,0,2,3,78,56,54,64,68,68,"175cm | 5'9""",0,-,-,Gefle IF,Ghana
Júnior Díaz,64,LB,,0,2,3,77,58,63,62,65,65,"185cm | 6'1""",0,-,-,Wisła Kraków,Costa Rica
Gaetano Masucci,64,RW,,0,3,3,80,61,50,64,45,62,"172cm | 5'8""",0,-,-,Sassuolo,Italy
Leon Balogun,64,CB,,0,2,4,50,36,41,39,69,69,"190cm | 6'3""",0,-,-,Werder Bremen,Germany
Brian Easton,64,LB,,0,2,3,66,19,56,33,66,71,"183cm | 6'0""",0,-,-,Burnley,Scotland
Floyd Ayité,64,RW,,0,3,3,74,58,51,68,42,57,"173cm | 5'8""",0,-,-,Angers SCO,Togo
Tomas Kosicky,64,GK,,0,1,2,60,60,55,70,48,65,"197cm | 6'6""",0,-,-,Catania,Slovakia
Florian Müller,64,RM,,0,3,3,76,57,61,65,55,59,"180cm | 5'11""",0,-,-,Alemannia Aachen,Germany
Mathieu Manset,64,ST,,0,3,2,64,63,46,63,52,69,"186cm | 6'1""",0,-,-,Reading,France
Philippe Koch,64,RB,,0,2,3,64,41,61,59,64,66,"179cm | 5'10""",0,-,-,FC Zürich,Switzerland
Kevin Conboy,64,LB,,0,2,3,72,41,60,58,70,64,"185cm | 6'1""",0,-,-,N.E.C.,Denmark
Christian Klem,64,LB,,0,3,4,83,56,60,65,48,53,"172cm | 5'8""",0,-,-,SK Sturm Graz,Austria
Alexander Bittroff,64,RB,,0,3,3,81,44,56,62,66,58,"186cm | 6'1""",0,-,-,Energie Cottbus,Germany
Wojciech Kaczmarek,64,GK,,0,1,3,70,54,61,78,42,58,"202cm | 6'8""",0,-,-,Cracovia Kraków,Poland
Tadeusz Socha,64,RB,,0,2,3,79,44,53,56,59,58,"183cm | 6'0""",0,-,-,Wrocław,Poland
Shervin Radjabali-Fardi,64,LM,,0,3,3,79,56,61,65,59,60,"178cm | 5'10""",0,-,-,Alemannia Aachen,Germany
Daniel Brosinski,64,RM,,0,3,3,80,62,62,66,53,60,"178cm | 5'10""",0,-,-,MSV Duisburg,Germany
Jake Livermore,64,CM,,0,3,3,70,63,68,67,63,70,"180cm | 5'11""",0,-,-,Tottenham Hotspur,England
José María López de Silva,64,RM,,0,4,3,81,54,57,71,43,55,"170cm | 5'7""",0,-,-,Córdoba Club de Fútbol S.A.D.,Spain
Juan Antonio González Fernández,64,CB,,0,2,3,53,34,54,45,71,56,"192cm | 6'4""",0,-,-,Fortuna Düsseldorf,Spain
Fausto Rossi,64,CM,,0,3,3,71,59,70,65,50,56,"175cm | 5'9""",0,-,-,Vicenza,Italy
Diego Farías,64,RW,,0,3,2,77,54,54,68,47,63,"172cm | 5'8""",0,-,-,Inferiore,Brazil
Marco Martina Rini,64,CDM,,0,2,3,42,51,64,57,61,47,"181cm | 5'11""",0,-,-,Brescia,Italy
Bernardo David Salgueiro Campos,64,CDM,,0,2,3,62,42,58,53,70,64,"185cm | 6'1""",0,-,-,Vitória de Setúbal,Portugal
Aaron Cresswell,64,LB,,0,2,3,71,56,67,64,61,57,"170cm | 5'7""",0,-,-,Ipswich Town,England
Ryan McGivern,64,LB,,0,2,3,71,42,63,50,67,67,"178cm | 5'10""",0,-,-,Bristol City,Northern Ireland
Martyn Woolford,64,LW,,0,3,3,71,62,63,66,49,54,"183cm | 6'0""",0,-,-,Bristol City,England
Soufian El Hassnaoui,64,RW,,0,3,3,79,59,56,68,46,60,"183cm | 6'0""",0,-,-,De Graafschap,Netherlands
James Wallace,64,CAM,,0,3,3,66,59,66,63,58,63,"180cm | 5'11""",0,-,-,Everton,England
Janusz Gancarczyk,64,LM,,0,2,4,85,59,55,67,53,57,"179cm | 5'10""",0,-,-,Zagłębie Lubin,Poland
Bogdan Milić,64,ST,,0,2,4,60,57,54,59,59,57,"201cm | 6'7""",0,-,-,Spartak Nalchik,Montenegro
Nunzio Di Roberto,64,CAM,,0,3,3,75,56,64,65,55,61,"177cm | 5'10""",0,-,-,Cittadella,Italy
Javi Castellano,64,CDM,,0,2,3,60,41,53,52,66,61,"185cm | 6'1""",0,-,-,Unión Deportiva Las Palmas S.A.D.,Spain
Aidan White,64,LB,,0,2,3,86,53,63,67,60,61,"173cm | 5'8""",0,-,-,Leeds United,England
Andrea Mei,64,RB,,0,2,4,68,38,46,52,68,64,"185cm | 6'1""",0,-,-,VVV-Venlo,Italy
Jokin Arcaya Esparza,64,RM,,0,3,3,76,58,55,73,50,51,"177cm | 5'10""",0,-,-,Sociedad Deportiva Huesca S.A.D.,Spain
Mac Kandji,64,ST,,0,4,4,78,58,42,70,52,72,"193cm | 6'4""",0,-,-,Colorado Rapids,Senegal
Oier,64,RB,,0,2,3,66,40,55,47,69,69,"178cm | 5'10""",0,-,-,Real Club Celta de Vigo S.A.D.,Spain
Hope Akpan,64,CDM,,0,2,3,63,48,51,46,66,60,"185cm | 6'1""",0,-,-,Crawley Town,Nigeria
Flamur Kastrati,64,LW,,0,2,3,81,58,49,70,42,54,"184cm | 6'0""",0,-,-,MSV Duisburg,Norway
Sam Cronin,64,CDM,,0,3,3,67,58,59,60,65,67,"178cm | 5'10""",0,-,-,San Jose Earthquakes,United States
Daniel Powell,64,RM,,0,2,3,91,61,55,66,43,58,"187cm | 6'2""",0,-,-,Milton Keynes Dons,England
Graham Zusi,64,CAM,,0,2,4,70,71,66,62,58,61,"178cm | 5'10""",0,-,-,Kansas City Wizards,United States
Michael Stephens,64,CM,,0,2,3,64,59,62,63,55,59,"175cm | 5'9""",0,-,-,Los Angeles Galaxy,United States
Michail Antonio,64,RM,,0,3,3,85,58,57,66,51,60,"180cm | 5'11""",0,-,-,Colchester United,England
Jeroen Zoet,64,GK,,0,1,3,62,62,60,71,34,62,"189cm | 6'2""",0,-,-,RKC Waalwijk,Netherlands
Sean Johnson,64,GK,,0,1,2,70,56,74,67,60,61,"190cm | 6'3""",0,-,-,Chicago Fire,United States
Marc Hornschuh,64,CB,,0,2,3,65,46,58,43,64,62,"188cm | 6'2""",0,-,-,Borussia Dortmund,Germany
Cody McDonald,64,ST,,0,2,3,76,63,30,58,43,59,"178cm | 5'10""",0,-,-,Coventry City,England
Samba Sow,64,CDM,,0,2,3,76,32,58,57,69,60,"185cm | 6'1""",0,-,-,Racing Club de Lens,Mali
Genaro Snijders,64,LW,,0,3,4,91,59,44,73,34,58,"168cm | 5'6""",0,-,-,Vitesse,Netherlands
Young Hoo Kim,64,ST,,0,3,4,80,60,62,63,48,57,"183cm | 6'0""",0,-,-,Gangwon FC,Korea Republic
Diego Arismendi,64,CM,,0,3,4,66,53,62,67,62,62,"189cm | 6'2""",0,-,-,Stoke City,Uruguay
Young Sin Kim,64,RW,,0,3,4,90,59,55,65,41,53,"175cm | 5'9""",0,-,-,Jeju United FC,Korea Republic
Marco D'Alessandro,64,RM,,0,4,3,79,60,56,66,47,51,"173cm | 5'8""",0,-,-,Verona,Italy
Gary Gardner,64,CM,,0,3,3,68,76,63,61,61,71,"188cm | 6'2""",0,-,-,Aston Villa,England
Felipe Azevedo dos Santos,64,ST,,0,3,3,68,64,58,63,55,68,"174cm | 5'9""",0,-,-,C. Nordeste,Brazil
Marvin Plattenhardt,64,LB,,0,2,3,71,37,60,61,59,67,"181cm | 5'11""",0,-,-,1. FC Nürnberg,Germany
Sambou Yatabaré,64,CM,,0,3,3,76,60,62,65,64,62,"190cm | 6'3""",0,-,-,AS Monaco FC,Mali
Shane Duffy,64,CB,,0,2,3,52,34,44,30,66,66,"194cm | 6'4""",0,-,-,Scunthorpe United,Republic of Ireland
Marc Mateu,64,CM,,0,2,4,60,55,67,59,55,51,"180cm | 5'11""",0,-,-,Levante Unión Deportiva S.A.D.,Spain
Kevin Vogt,64,CDM,,0,2,3,58,47,62,60,68,66,"194cm | 6'4""",0,-,-,VfL Bochum,Germany
Ibrahima Gueye,64,CB,,0,2,3,39,37,49,36,69,65,"190cm | 6'3""",0,-,-,Sporting Lokeren OV,Senegal
Archimede Morleo,64,LB,,0,2,2,74,48,59,49,64,59,"172cm | 5'8""",0,-,-,Bologna,Italy
Alberto Gerbo,64,RW,,0,3,4,75,53,57,68,48,55,"179cm | 5'10""",0,-,-,Gubbio,Italy
Rafael Romo,64,GK,,0,1,2,64,62,60,66,50,64,"197cm | 6'6""",0,-,-,Udinese,Venezuela
Soufiane Dadda,64,LW,,0,3,4,80,58,58,69,37,64,"173cm | 5'8""",0,-,-,VVV-Venlo,Netherlands
Marco Ruzittu,64,GK,,0,1,1,64,62,54,70,36,62,"180cm | 5'11""",0,-,-,Cagliari,Italy
Fraser Fyvie,64,CM,,0,2,3,74,53,63,65,58,68,"172cm | 5'8""",0,-,-,Aberdeen,Scotland
Manuel Gavilán Morales,64,ST,,0,2,4,60,61,47,67,43,59,"181cm | 5'11""",0,-,-,Bologna,Spain
David Wotherspoon,64,RM,,0,3,3,74,49,61,68,60,67,"181cm | 5'11""",0,-,-,Hibernian,Scotland
Kai Schwertfeger,64,RB,,0,2,4,68,37,55,56,66,64,"188cm | 6'2""",0,-,-,Fortuna Düsseldorf,Germany
Joe Mason,64,ST,,0,2,3,72,60,48,61,46,56,"178cm | 5'10""",0,-,-,Cardiff City,Republic of Ireland
Adriano José de Lara,64,RM,,0,3,3,61,61,64,69,62,54,"185cm | 6'1""",0,-,-,A. Goiânia,Brazil
Laguardia,64,CB,,0,2,3,55,32,44,40,69,59,"185cm | 6'1""",0,-,-,Unión Deportiva Las Palmas S.A.D.,Spain
Bill Hamid,64,GK,,0,1,2,66,63,62,69,66,61,"191cm | 6'3""",0,-,-,D.C. United,United States
Mauricio Saucedo,64,ST,,0,2,3,66,62,59,62,47,61,"188cm | 6'2""",0,-,-,Vitória de Guimarães,Bolivia
Quincy Antipas,64,ST,,0,2,3,85,53,43,57,48,70,"168cm | 5'6""",0,-,-,SønderjyskE,Zimbabwe
Mohamed El-Gabbas,64,RW,,0,3,4,78,61,57,67,52,54,"181cm | 5'11""",0,-,-,Lierse SK,Egypt
Serge Aurier,64,RB,,0,2,4,82,30,60,47,68,61,"182cm | 6'0""",0,-,-,Racing Club de Lens,France
Eric Alexander,64,CM,,0,2,3,68,62,62,66,64,67,"185cm | 6'1""",0,-,-,Portland,United States
Aaron Martin,64,CB,,0,2,3,58,22,42,38,63,67,"190cm | 6'3""",0,-,-,Southampton,England
Mark van der Maarel,64,RB,,0,2,3,72,44,50,61,66,57,"177cm | 5'10""",0,-,-,FC Utrecht,Netherlands
Alexander Emenike,64,LB,,0,2,3,73,54,49,62,68,65,"185cm | 6'1""",0,-,-,VVV-Venlo,Nigeria
Ivan Franjic,64,RB,,0,2,2,69,61,64,51,65,64,"180cm | 5'11""",0,-,-,Brisbane Roar Football Club,Australia
Mark Connolly,64,CB,,0,2,2,58,22,55,38,63,72,"185cm | 6'1""",0,-,-,Bolton Wanderers,Republic of Ireland
Wilfried Zaha,64,RW,,0,5,3,83,55,53,75,52,55,"180cm | 5'11""",0,-,-,Crystal Palace,Ivory Coast
Pierre Bouby,64,LB,,0,3,2,69,56,60,58,66,59,"185cm | 6'1""",0,-,-,FC Metz,France
Daylon Claasen,64,CAM,,0,2,3,73,55,62,72,53,51,"176cm | 5'9""",0,-,-,Lierse SK,South Africa
Matt Smith,64,CB,,0,2,3,56,37,43,28,69,77,"180cm | 5'11""",0,-,-,Brisbane Roar Football Club,Australia
Kevin Wattamaleo,64,CM,,0,2,3,69,58,64,64,71,67,"175cm | 5'9""",0,-,-,SBV Excelsior,Netherlands
Jonathan Delaplace,64,CM,,0,3,3,75,55,63,67,52,53,"167cm | 5'6""",0,-,-,SV Zulte-Waregem,France
Min Sik Kim,64,GK,,0,1,3,63,67,67,65,34,64,"187cm | 6'2""",0,-,-,Jeonbuk Hyundai Motors,Korea Republic
Ricky van Haaren,64,CM,,0,2,4,61,61,65,62,58,58,"172cm | 5'8""",0,-,-,Feyenoord,Netherlands
Daniel Batz,64,GK,,0,1,3,63,65,71,69,59,60,"189cm | 6'2""",0,-,-,SC Freiburg,Germany
Filippo Boniperti,64,CF,,0,2,4,70,65,59,64,45,45,"180cm | 5'11""",0,-,-,Ascoli,Italy
Lewis Dunk,64,CB,,0,2,2,58,29,42,41,70,70,"192cm | 6'4""",0,-,-,Brighton &amp; Hove Albion,England
Michael Schimpelsberger,64,RB,,0,2,3,78,43,54,65,65,68,"181cm | 5'11""",0,-,-,SK Rapid Wien,Austria
Marko Mitrovic,64,ST,,0,2,3,55,66,42,65,53,61,"186cm | 6'1""",0,-,-,Chelsea,Sweden
Won Il Kim,64,CB,,0,2,3,71,35,35,31,73,69,"185cm | 6'1""",0,-,-,Pohang Steelers,Korea Republic
Nacho Fernández,64,CB,,0,2,3,68,36,56,48,66,62,"180cm | 5'11""",0,-,-,Real Madrid Club de Fútbol,Spain
Jeffrey Schlupp,64,ST,,0,2,2,80,54,32,70,40,60,"178cm | 5'10""",0,-,-,Leicester City,Germany
Denis Thomalla,64,ST,,0,3,4,68,65,60,65,42,54,"186cm | 6'1""",0,-,-,TSG 1899 Hoffenheim,Germany
Ousmane Sy,64,CF,,0,3,3,75,60,55,66,52,61,"187cm | 6'2""",0,-,-,Reggina,France
Marco Capuano,64,CB,,0,2,2,70,38,43,51,71,67,"185cm | 6'1""",0,-,-,Pescara,Italy
Alpha Bâ,64,CB,,0,2,3,76,45,50,40,68,75,"190cm | 6'3""",0,-,-,KAA Gent,Senegal
Benik Afobe,64,ST,,0,3,2,76,64,49,65,44,63,"183cm | 6'0""",0,-,-,Arsenal,England
Will Bruin,64,ST,,0,2,3,68,60,48,62,54,71,"188cm | 6'2""",0,-,-,Houston Dynamo,United States
Jalil Anibaba,64,CB,,0,2,3,72,46,52,54,67,64,"183cm | 6'0""",0,-,-,Chicago Fire,United States
Perry Kitchen,64,CDM,,0,2,3,65,56,52,60,68,73,"183cm | 6'0""",0,-,-,D.C. United,United States
Rich Balchan,64,CDM,,0,2,3,84,48,54,59,66,56,"183cm | 6'0""",0,-,-,Columbus Crew,United States
Anthony Ampaipitakwong,64,RM,,0,2,4,69,60,64,64,36,50,"173cm | 5'8""",0,-,-,San Jose Earthquakes,United States
Stefano Giacomelli,64,RW,,0,4,5,83,58,53,65,47,48,"168cm | 5'6""",0,-,-,Pescara,Italy
Jorge Perlaza,64,ST,,0,3,3,81,59,49,64,48,60,"178cm | 5'10""",0,-,-,Portland,Colombia
Kevin Müller,64,GK,,0,1,3,65,64,62,67,59,60,"188cm | 6'2""",0,-,-,Hansa Rostock,Germany
Miloš Stojčev,64,CAM,,0,3,2,66,66,63,65,58,57,"175cm | 5'9""",0,-,-,Kansas City Wizards,Serbia
Hyun Tae Choi,64,CM,,0,2,3,66,64,66,62,64,65,"179cm | 5'10""",0,-,-,FC Seoul,Korea Republic
Young Sun Gong,64,CF,,0,2,3,76,62,51,60,49,68,"179cm | 5'10""",0,-,-,Chunnam Dragons,Korea Republic
Joe Riley,64,RB,,0,2,3,68,54,66,65,62,53,"183cm | 6'0""",0,-,-,Bolton Wanderers,England
Julian Wießmeier,64,CAM,,0,3,4,76,55,56,69,40,57,"171cm | 5'7""",0,-,-,1. FC Nürnberg,Germany
Manuel Zeitz,64,CM,,0,2,3,64,61,61,61,65,68,"180cm | 5'11""",0,-,-,1. FC Nürnberg,Germany
Bruno Fernandes Andrade de Brito,64,ST,,0,2,4,80,65,50,70,45,58,"175cm | 5'9""",0,-,-,Sint-Truidense VV,Brazil
Jón Guðni Fjóluson,64,CB,,0,2,3,59,50,59,47,70,61,"192cm | 6'4""",0,-,-,Germinal Beerschot,Iceland
Pascal Breier,64,ST,,0,2,3,59,62,54,61,49,58,"185cm | 6'1""",0,-,-,VfB Stuttgart,Germany
Kevin Stöger,64,CAM,,0,3,3,66,54,61,71,42,50,"175cm | 5'9""",0,-,-,VfB Stuttgart,Austria
Vadillo,64,LW,,0,2,3,80,56,55,72,38,52,"180cm | 5'11""",0,-,-,Real Betis Balompié S.A.D. ,Spain
Chris Gadi,64,ST,,0,3,4,69,64,55,71,34,63,"177cm | 5'10""",0,-,-,Olympique de Marseille,France
Ruiz de Galarreta,64,CM,,0,2,3,63,45,65,66,50,51,"174cm | 5'9""",0,-,-,Athletic Club de Bilbao,Spain
Adam Henley,64,RB,,0,2,3,64,34,60,55,67,61,"185cm | 6'1""",0,-,-,Blackburn Rovers,Wales
Christian Rahn,63,LB,,0,3,3,61,69,64,65,67,64,"185cm | 6'1""",0,-,-,SpVgg Greuther Fürth,Germany
Stefani Miglioranzi,63,CB,,0,2,4,47,55,57,62,66,63,"185cm | 6'1""",0,-,-,Philadelphia Union,Italy
John Thorrington,63,CM,,0,2,4,68,64,61,64,62,63,"173cm | 5'8""",0,-,-,Whitecaps FC,United States
Marco Zanchi,63,CB,,0,2,3,55,36,39,43,67,67,"177cm | 5'10""",0,-,-,Vicenza,Italy
Nolberto Solano,63,RM,,0,3,4,33,68,77,64,60,60,"173cm | 5'8""",0,-,-,Hartlepool United,Peru
Colin Healy,63,CM,,0,2,3,52,57,60,56,55,64,"180cm | 5'11""",0,-,-,Ipswich Town,Republic of Ireland
Tommy Miller,63,CM,,0,3,3,63,62,65,65,61,52,"185cm | 6'1""",0,-,-,Huddersfield Town,England
Hermann Hreiðarsson,63,LB,,0,2,3,32,38,56,52,73,75,"190cm | 6'3""",0,-,-,Portsmouth,Iceland
Nicola Mora,63,LB,,0,2,2,68,48,60,55,63,67,"173cm | 5'8""",0,-,-,Grosseto,Italy
Henrik Pedersen,63,ST,,0,2,4,31,65,46,60,68,73,"185cm | 6'1""",0,-,-,Silkeborg IF,Denmark
Massimo Colomba,63,GK,,0,1,2,62,64,59,64,56,61,"191cm | 6'3""",0,-,-,FC Basel 1893,Switzerland
Nicolas Florentin,63,LW,,0,3,4,73,52,63,60,47,49,"182cm | 6'0""",0,-,-,Angers SCO,France
Carlo Nash,63,GK,,0,1,3,60,66,60,63,45,64,"182cm | 6'0""",0,-,-,Stoke City,England
Steeve Joseph-Reinette,63,CB,,0,2,3,68,38,51,46,64,71,"180cm | 5'11""",0,-,-,Krylya Sovetov Samara,France
Jay Tabb,63,CM,,0,3,4,69,58,66,65,59,66,"170cm | 5'7""",0,-,-,Reading,Republic of Ireland
James O'Connor,63,CM,,0,2,3,61,53,61,60,68,70,"173cm | 5'8""",0,-,-,Sheffield Wednesday,Republic of Ireland
Monsef Zerka,63,RM,,0,3,3,69,60,59,64,53,63,"183cm | 6'0""",0,-,-,New England Revolution,Morocco
Christian Timm,63,RM,,0,3,4,78,59,54,68,47,60,"180cm | 5'11""",0,-,-,Karlsruher SC,Germany
Nicoló Consolini,63,RB,,0,2,3,71,47,60,57,63,58,"180cm | 5'11""",0,-,-,Sassuolo,Italy
Gary Alexander,63,ST,,0,2,4,45,65,39,53,58,72,"180cm | 5'11""",0,-,-,Brentford,England
Peter Murphy,63,CB,,0,2,3,52,32,52,48,67,67,"183cm | 6'0""",0,-,-,Carlisle United,Republic of Ireland
Adam Lockwood,63,CB,,0,2,3,57,31,44,54,67,66,"183cm | 6'0""",0,-,-,Doncaster Rovers,England
Darel Russell,63,CDM,,0,2,3,61,50,61,62,64,63,"178cm | 5'10""",0,-,-,Preston North End,England
Marco Pisano,63,LB,,0,2,2,65,47,58,53,64,65,"174cm | 5'9""",0,-,-,Vicenza,Italy
Franck Queudrue,63,CB,,0,2,2,33,57,60,50,66,71,"183cm | 6'0""",0,-,-,Racing Club de Lens,France
Ian Bennett,63,GK,,0,1,3,66,62,60,59,22,64,"183cm | 6'0""",0,-,-,Huddersfield Town,England
Alan Dunne,63,RB,,0,2,3,69,52,61,58,66,58,"180cm | 5'11""",0,-,-,Millwall,Republic of Ireland
Paul Thirlwell,63,CDM,,0,2,4,53,42,64,49,64,62,"180cm | 5'11""",0,-,-,Carlisle United,England
Sven Müller,63,RM,,0,2,3,72,60,62,56,67,63,"191cm | 6'3""",0,-,-,FSV Frankfurt,Germany
Daniele Martinelli,63,RB,,0,2,3,61,46,58,52,63,62,"181cm | 5'11""",0,-,-,Vicenza,Italy
Tyrone Marshall,63,CB,,0,2,3,63,42,48,42,69,68,"188cm | 6'2""",0,-,-,Colorado Rapids,Jamaica
Andrew Frampton,63,CB,,0,2,3,50,43,66,50,67,68,"185cm | 6'1""",0,-,-,Gillingham,England
Marek Saganowski,63,ST,,0,3,4,67,63,41,60,61,69,"178cm | 5'10""",0,-,-,Lodz,Poland
Daniel Tortolero Núñez,63,CB,,0,2,3,52,48,53,49,66,63,"184cm | 6'0""",0,-,-,Girona Fútbol Club S.A.D. ,Spain
Joe Cannon,63,GK,,0,1,3,62,65,74,61,58,65,"188cm | 6'2""",0,-,-,Whitecaps FC,United States
Jeff Cunningham,63,ST,,0,3,3,70,63,43,64,48,55,"173cm | 5'8""",0,-,-,Columbus Crew,United States
Reuben Hazell,63,CB,,0,2,3,61,28,23,42,64,75,"180cm | 5'11""",0,-,-,Shrewsbury,England
Ian Sharps,63,CB,,0,2,3,53,29,35,30,69,77,"191cm | 6'3""",0,-,-,Shrewsbury,England
Mark Allott,63,CM,,0,2,3,45,52,63,50,58,54,"180cm | 5'11""",0,-,-,Chesterfield,England
Paul Heffernan,63,ST,,0,3,3,72,61,33,59,50,69,"178cm | 5'10""",0,-,-,Kilmarnock,Republic of Ireland
James Hayter,63,ST,,0,3,3,64,61,56,66,49,63,"175cm | 5'9""",0,-,-,Doncaster Rovers,England
Shane Cansdell-Sherriff,63,CB,,0,2,2,60,33,61,58,65,70,"182cm | 6'0""",0,-,-,Shrewsbury,Australia
François Zoko,63,CF,,0,3,4,74,67,56,62,56,65,"181cm | 5'11""",0,-,-,Carlisle United,Ivory Coast
Michel Renggli,63,CDM,,0,2,3,59,59,58,62,66,67,"180cm | 5'11""",0,-,-,FC Luzern,Switzerland
Jaime Asensio Fuente,63,ST,,0,3,3,60,63,48,58,45,66,"181cm | 5'11""",0,-,-,R.C. Recreativo,Spain
Juan Manuel Barrero Barrero,63,GK,,0,1,3,59,62,56,66,48,68,"182cm | 6'0""",0,-,-,Fútbol Club Cartagena,Spain
Mile Sterjovski,63,RW,,0,3,4,65,63,57,66,62,69,"180cm | 5'11""",0,-,-,Perth Glory FC,Australia
David Martin,63,GK,,0,1,3,67,52,67,73,50,62,"188cm | 6'2""",0,-,-,Milton Keynes Dons,England
Hervé Bugnet,63,ST,,0,3,3,69,65,48,69,41,62,"174cm | 5'9""",0,-,-,Evian Thonon Gaillard FC,France
Daniel Göhlert,63,CB,,0,2,3,54,38,45,49,70,62,"186cm | 6'1""",0,-,-,1. FC Union Berliln,Germany
Malte Metzelder,63,CDM,,0,2,3,26,54,59,51,72,59,"195cm | 6'5""",0,-,-,FC Ingolstadt 04,Germany
Gledson Da Silva Menezes,63,CB,,0,2,3,31,48,44,40,71,59,"190cm | 6'3""",0,-,-,FSV Frankfurt,Brazil
Luciano Zavagno,63,LB,,0,2,3,55,48,60,42,70,65,"182cm | 6'0""",0,-,-,F. Torino,Argentina
Jermaine Easter,63,ST,,0,3,3,75,60,51,62,49,62,"175cm | 5'9""",0,-,-,Crystal Palace,Wales
Ronny König,63,ST,,0,2,3,51,64,47,51,58,71,"190cm | 6'3""",0,-,-,FC Erzgebirge Aue,Germany
Youl Mawéné,63,CB,,0,2,1,52,29,55,56,67,57,"186cm | 6'1""",0,-,-,Aberdeen,France
Skerdilaid Curri,63,CAM,,0,3,3,68,59,61,67,35,28,"166cm | 5'5""",0,-,-,FC Erzgebirge Aue,Albania
Nils-Eric Johansson,63,LB,,0,2,2,44,35,51,40,71,73,"187cm | 6'2""",0,-,-,A. Solna,Sweden
Dean Bowditch,63,ST,,0,3,3,77,60,42,61,52,64,"180cm | 5'11""",0,-,-,Milton Keynes Dons,England
Christian Kalvenes,63,LB,,0,2,4,65,40,55,28,69,72,"182cm | 6'0""",0,-,-,SK Brann,Norway
Alexander Ødegaard,63,LW,,0,2,4,77,58,53,65,46,48,"179cm | 5'10""",0,-,-,FC Metz,Norway
Gerard Autet Serrabasa,63,CB,,0,2,3,52,42,55,49,66,58,"184cm | 6'0""",0,-,-,Xerez Club Deportivo S.A.D.,Spain
Jason Oost,63,LW,,0,3,4,69,58,56,65,53,55,"184cm | 6'0""",0,-,-,SBV Excelsior,Indonesia
Paolo Bianco,63,CB,,0,2,3,50,44,45,43,66,67,"184cm | 6'0""",0,-,-,Sassuolo,Italy
Matteo Paro,63,CM,,0,3,4,63,56,65,61,57,63,"179cm | 5'10""",0,-,-,Vicenza,Italy
Mario Raimondi,63,LM,,0,3,3,64,62,62,62,58,52,"185cm | 6'1""",0,-,-,BSC Young Boys,Switzerland
Marc Schneider,63,LB,,0,2,2,54,56,71,60,63,67,"180cm | 5'11""",0,-,-,FC Thun,Switzerland
Markus Katzer,63,LB,,0,2,4,65,36,63,59,68,60,"186cm | 6'1""",0,-,-,SK Rapid Wien,Austria
Martin Stoll,63,CB,,0,2,4,48,37,42,42,67,65,"187cm | 6'2""",0,-,-,Dynamo Dresden,Germany
Goran Obradovic,63,CM,,0,3,3,45,69,66,63,56,56,"188cm | 6'2""",0,-,-,FC Sion,Serbia
John Welsh,63,CM,,0,2,4,61,57,63,68,63,72,"170cm | 5'7""",0,-,-,Tranmere Rovers,England
Darren Potter,63,CM,,0,2,3,62,64,64,56,59,62,"185cm | 6'1""",0,-,-,Milton Keynes Dons,Republic of Ireland
Jon Otsemobor,63,RB,,0,2,2,85,36,58,62,60,67,"178cm | 5'10""",0,-,-,Sheffield Wednesday,England
Darren Mackie,63,ST,,0,2,3,81,59,46,65,49,65,"175cm | 5'9""",0,-,-,Aberdeen,Scotland
Christian Thonhofer,63,RB,,0,2,4,73,47,60,63,65,62,"177cm | 5'10""",0,-,-,SK Rapid Wien,Austria
Cory Gibbs,63,CB,,0,2,3,47,46,49,49,66,64,"190cm | 6'3""",0,-,-,Chicago Fire,United States
Ken Leemans,63,CDM,,0,2,3,59,52,44,60,68,63,"186cm | 6'1""",0,-,-,VVV-Venlo,Belgium
Babacar Guèye,63,ST,,0,3,4,75,61,58,69,52,61,"186cm | 6'1""",0,-,-,FSV Frankfurt,Senegal
Alberto Aguilar Leiva,63,CDM,,0,2,3,51,52,62,57,68,67,"184cm | 6'0""",0,-,-,Córdoba Club de Fútbol S.A.D.,Spain
Chris O'Grady,63,ST,,0,3,2,74,60,38,56,52,63,"191cm | 6'3""",0,-,-,Sheffield Wednesday,England
Daniel Nardiello,63,ST,,0,3,3,80,57,43,64,49,65,"180cm | 5'11""",0,-,-,Exeter City,Wales
Michele Ferri,63,LB,,0,2,3,64,49,60,57,66,66,"182cm | 6'0""",0,-,-,A. Bergamo,Italy
Álvaro Ortíz,63,CB,,0,2,4,53,66,61,59,65,68,"178cm | 5'10""",0,-,-,Puebla,Mexico
Israel López,63,CDM,,0,2,3,55,63,69,62,65,67,"166cm | 5'5""",0,-,-,Querétaro,Mexico
Juan de Dios Ibarra,63,GK,,0,1,2,66,69,59,60,48,59,"183cm | 6'0""",0,-,-,Monterrey,Mexico
Lucien Aubey,63,CB,,0,2,3,43,42,58,48,65,74,"181cm | 5'11""",0,-,-,Stade de Reims,Congo
Hannes Sigurðsson,63,ST,,0,2,3,68,57,41,41,51,71,"188cm | 6'2""",0,-,-,Spartak Nalchik,Iceland
Rory Fallon,63,ST,,0,2,3,55,61,52,49,55,68,"188cm | 6'2""",0,-,-,Yeovil Town,New Zealand
Gary Jones,63,CM,,0,2,3,60,61,62,55,69,67,"178cm | 5'10""",0,-,-,Rochdale,England
Gareth Ainsworth,63,RM,,0,3,3,63,62,59,64,51,51,"178cm | 5'10""",0,-,-,Wycombe Wanderers,England
Marcus Bean,63,CM,,0,2,3,75,59,61,67,64,60,"180cm | 5'11""",0,-,-,Brentford,England
James McPake,63,CB,,0,2,3,62,41,44,32,67,78,"189cm | 6'2""",0,-,-,Coventry City,Scotland
Mark Paston,63,GK,,0,1,3,67,59,52,66,31,61,"194cm | 6'4""",0,-,-,Wellington Phoenix,New Zealand
Karim Djellabi,63,LB,,0,2,2,66,47,62,58,66,54,"170cm | 5'7""",0,-,-,Angers SCO,France
Ibra Kébé,63,CDM,,0,2,3,48,42,54,49,68,73,"185cm | 6'1""",0,-,-,Anzhi Makhachkala,Senegal
Luca Mazzoni,63,GK,,0,1,1,60,60,50,68,50,66,"190cm | 6'3""",0,-,-,Livorno,Italy
Paulo Menezes Kuru,63,RB,,0,2,3,79,47,60,67,62,62,"175cm | 5'9""",0,-,-,Grasshopper-Club,Brazil
Isaac Jové Rubí,63,RM,,0,3,3,79,55,51,70,44,54,"174cm | 5'9""",0,-,-,Real Murcia,Spain
Miguel Angel Llera Garzón,63,CB,,0,2,3,53,55,57,45,67,72,"193cm | 6'4""",0,-,-,Blackpool,Spain
David Córcoles Alcaraz,63,RB,,0,2,3,69,50,54,61,66,58,"185cm | 6'1""",0,-,-,R.C. Recreativo,Spain
Íñigo Vélez de Mendizábal,63,ST,,0,2,3,45,67,49,53,53,70,"194cm | 6'4""",0,-,-,Xerez Club Deportivo S.A.D.,Spain
Miguel Ángel Sánchez Muñoz,63,CM,,0,3,4,52,61,72,61,57,48,"174cm | 5'9""",0,-,-,Rayo Vallecano de Madrid S.A.D.,Spain
Asier Goiria Etxeberría,63,ST,,0,2,3,54,61,45,55,52,82,"182cm | 6'0""",0,-,-,Fútbol Club Cartagena,Spain
Unai Expósito Medina,63,RB,,0,2,4,68,59,60,51,64,63,"176cm | 5'9""",0,-,-,Club Deportivo Numancia de Soria S.A.D. ,Spain
Petr Nemov,63,CM,,0,2,3,77,58,66,65,63,50,"180cm | 5'11""",0,-,-,Rubin Kazan,Russia
Jon McKain,63,CB,,0,2,3,63,40,48,43,64,69,"186cm | 6'1""",0,-,-,Adelaide United,Australia
Bartosz Ślusarski,63,ST,,0,3,2,69,61,49,52,55,67,"186cm | 6'1""",0,-,-,Lech Poznań,Poland
Jarosław Bieniuk,63,CB,,0,2,2,49,36,52,39,67,60,"192cm | 6'4""",0,-,-,Widzew Łódź,Poland
Marek Zieńczuk,63,LM,,0,3,4,60,60,65,60,55,58,"183cm | 6'0""",0,-,-,Ruch Chorzów,Poland
Yuri Rose,63,CAM,,0,2,3,37,61,61,58,68,64,"187cm | 6'2""",0,-,-,De Graafschap,Netherlands
Andrea Soncin,63,ST,,0,2,3,76,59,50,62,52,60,"174cm | 5'9""",0,-,-,Ascoli,Italy
Massimo Loviso,63,CM,,0,3,3,73,57,63,61,62,62,"177cm | 5'10""",0,-,-,Grosseto,Italy
Francesco Scardina,63,CB,,0,2,3,65,29,43,35,68,64,"180cm | 5'11""",0,-,-,Cittadella,Italy
Ken Oman,63,CB,,0,2,3,54,36,43,28,68,71,"191cm | 6'3""",0,-,-,Shamrock Rovers,Republic of Ireland
Dan Murray,63,CB,,0,2,3,52,37,52,24,66,70,"192cm | 6'4""",0,-,-,Shamrock Rovers,England
Marcin Mięciel,63,ST,,0,3,2,70,59,58,64,51,60,"186cm | 6'1""",0,-,-,Lodz,Poland
Dimitrios Papadopoulos,63,ST,,0,3,3,68,60,45,64,56,60,"177cm | 5'10""",0,-,-,Real Club Celta de Vigo S.A.D.,Greece
Andreas Schäfer,63,LB,,0,2,3,74,51,58,62,63,62,"178cm | 5'10""",0,-,-,FC Ingolstadt 04,Germany
Patrick Kohlmann,63,LB,,0,2,3,69,43,57,60,65,65,"182cm | 6'0""",0,-,-,1. FC Union Berliln,Republic of Ireland
Fabrice Do Marcolino,63,ST,,0,2,3,66,57,47,62,54,66,"184cm | 6'0""",0,-,-,Stade Lavallois Mayenne FC,Gabon
Charlie MacDonald,63,ST,,0,2,3,68,60,50,59,48,71,"175cm | 5'9""",0,-,-,Milton Keynes Dons,England
Paul Parry,63,LM,,0,3,4,77,61,61,65,59,57,"180cm | 5'11""",0,-,-,Preston North End,Wales
Kolja Afriyie,63,RB,,0,2,3,69,45,57,59,67,60,"188cm | 6'2""",0,-,-,FC Midtjylland,Germany
Kenneth Fabricius,63,CF,,0,3,3,75,62,49,60,52,63,"182cm | 6'0""",0,-,-,SønderjyskE,Denmark
Christopher Poulsen,63,LB,,0,3,3,69,57,63,68,63,56,"184cm | 6'0""",0,-,-,Silkeborg IF,Denmark
Anthony Portier,63,CB,,0,2,3,60,49,49,48,65,71,"183cm | 6'0""",0,-,-,KSV Cercle Brugge,Belgium
Nicky Wroe,63,CM,,0,4,3,59,56,65,72,53,64,"180cm | 5'11""",0,-,-,Shrewsbury,England
Jacob Burns,63,CDM,,0,2,3,34,58,52,48,70,64,"176cm | 5'9""",0,-,-,Perth Glory FC,Australia
Jamie Cureton,63,ST,,0,3,3,63,62,41,53,46,68,"173cm | 5'8""",0,-,-,Leyton Orient,England
Ricardo,63,ST,,0,3,3,72,61,54,63,57,71,"188cm | 6'2""",0,-,-,Barnsley,Portugal
Josh Gardner,63,LB,,0,2,3,67,47,59,60,66,52,"180cm | 5'11""",0,-,-,Columbus Crew,United States
Darryl Flahavan,63,GK,,0,1,3,60,62,65,64,52,70,"180cm | 5'11""",0,-,-,Bournemouth,England
Lukasz Sapela,63,GK,,0,1,3,65,73,54,59,62,66,"186cm | 6'1""",0,-,-,GKS Bełchatów,Poland
Jean-Louis Leca,63,GK,,0,1,3,58,62,52,70,57,68,"180cm | 5'11""",0,-,-,Valenciennes FC,France
Khari Stephenson,63,CAM,,0,3,4,58,67,58,61,68,67,"186cm | 6'1""",0,-,-,San Jose Earthquakes,Jamaica
Sergio Díaz Alvarez,63,CB,,0,2,3,29,49,55,40,71,60,"194cm | 6'4""",0,-,-,Hércules Club de Fútbol S.A.D.,Spain
Nicola Ferrari,63,ST,,0,3,3,54,64,58,63,46,55,"183cm | 6'0""",0,-,-,Verona,Italy
Luca Ariatti,63,CM,,0,3,4,64,57,59,60,60,64,"182cm | 6'0""",0,-,-,Pescara,Italy
Chul Ho Kim,63,CDM,,0,2,2,74,52,59,65,64,52,"177cm | 5'10""",0,-,-,Gwangju Sangmu FC,Korea Republic
Tae Su Kim,63,CM,,0,2,3,72,54,63,56,65,61,"180cm | 5'11""",0,-,-,Pohang Steelers,Korea Republic
Min Soo Kang,63,CB,,0,2,3,67,41,47,49,63,72,"184cm | 6'0""",0,-,-,Ulsan Hyundai Horang-i,Korea Republic
Leon Clarke,63,ST,,0,3,4,65,60,52,56,54,71,"188cm | 6'2""",0,-,-,Swindon Town,England
Yo Han Lee,63,CB,,0,2,2,66,40,55,50,65,66,"184cm | 6'0""",0,-,-,Busan I'Park,Korea Republic
Paweł Nowak,63,LW,,0,3,3,64,57,64,61,53,56,"173cm | 5'8""",0,-,-,Lechia Gdańsk,Poland
Ronald Gercaliu,63,LB,,0,2,3,64,52,57,60,67,65,"181cm | 5'11""",0,-,-,FC Ingolstadt 04,Austria
Michael Umaña,63,CB,,0,2,3,66,43,49,41,68,66,"180cm | 5'11""",0,-,-,Club Deportivo Chivas USA,Costa Rica
Kepa Blanco González,63,ST,,0,3,3,51,59,46,53,51,66,"185cm | 6'1""",0,-,-,R.C. Recreativo,Spain
Craig Samson,63,GK,,0,1,3,64,62,54,63,46,65,"188cm | 6'2""",0,-,-,St. Mirren,Scotland
Andy Dorman,63,CAM,,0,3,2,65,64,59,63,62,62,"183cm | 6'0""",0,-,-,Crystal Palace,England
Adam El-Abd,63,CB,,0,2,3,50,40,38,42,68,65,"180cm | 5'11""",0,-,-,Brighton &amp; Hove Albion,England
Adebayo Akinfenwa,63,ST,,0,2,4,53,61,42,58,61,64,"180cm | 5'11""",0,-,-,Northampton Town,England
Mario Pérez,63,LB,,0,2,2,67,50,63,63,69,61,"178cm | 5'10""",0,-,-,Estudiantes Tecos,Mexico
Daniel Alcántar,63,RB,,0,2,3,70,49,62,60,64,66,"168cm | 5'6""",0,-,-,San Luis,Mexico
Besart Berisha,63,ST,,0,3,4,75,58,45,66,45,57,"185cm | 6'1""",0,-,-,Brisbane Roar Football Club,Albania
Mustafa Kucukovic,63,ST,,0,3,3,61,62,50,63,53,63,"193cm | 6'4""",0,-,-,Energie Cottbus,Germany
Angelo Rea,63,CB,,0,2,3,63,31,47,47,66,67,"185cm | 6'1""",0,-,-,Sassuolo,Italy
David Mooney,63,CF,,0,2,3,67,60,46,51,48,68,"187cm | 6'2""",0,-,-,Leyton Orient,Republic of Ireland
Michaël Cordier,63,GK,,0,1,3,65,62,61,69,60,57,"184cm | 6'0""",0,-,-,RSC Anderlecht,Belgium
Alejandro Castro,63,CB,,0,2,3,66,44,67,63,65,59,"176cm | 5'9""",0,-,-,Cruz Azul,Mexico
Defendi,63,CB,,0,2,3,44,28,41,34,67,68,"190cm | 6'3""",0,-,-,Vitória de Guimarães,Brazil
Rey Volpato,63,CF,,0,2,3,67,62,48,68,55,63,"187cm | 6'2""",0,-,-,Livorno,Italy
Niels Fleuren,63,LB,,0,2,3,66,42,60,50,62,64,"176cm | 5'9""",0,-,-,VVV-Venlo,Netherlands
Marco Schneuwly,63,ST,,0,2,2,62,61,54,58,58,69,"183cm | 6'0""",0,-,-,BSC Young Boys,Switzerland
René Gartler,63,ST,,0,2,3,70,59,49,64,50,67,"181cm | 5'11""",0,-,-,SK Rapid Wien,Austria
Andrea Giallombardo,63,LB,,0,2,3,67,46,60,57,62,51,"175cm | 5'9""",0,-,-,Grosseto,Italy
Ian Goodison,63,CB,,0,2,3,58,28,38,38,70,68,"185cm | 6'1""",0,-,-,Tranmere Rovers,Jamaica
Sam Togwell,63,CM,,0,2,4,68,50,63,64,60,62,"180cm | 5'11""",0,-,-,Scunthorpe United,England
Ólafur Skúlason,63,CDM,,0,2,5,66,57,61,56,66,69,"183cm | 6'0""",0,-,-,SV Zulte-Waregem,Iceland
Joan Hartock,63,GK,,0,1,3,67,58,61,69,55,65,"189cm | 6'2""",0,-,-,Stade Brestois 29,France
José Rivas,63,CB,,0,2,3,57,49,57,51,70,67,"187cm | 6'2""",0,-,-,Tigres U.A.N.L.,Mexico
Emin Sulimani,63,LM,,0,3,4,71,58,60,71,34,40,"172cm | 5'8""",0,-,-,Admira,Austria
Iain Fyfe,63,CB,,0,2,3,31,45,48,38,69,62,"189cm | 6'2""",0,-,-,Busan I'Park,Australia
Simon Walton,63,CM,,0,2,3,68,39,54,56,67,69,"186cm | 6'1""",0,-,-,Plymouth Argyle,England
Pedj Bojić,63,RB,,0,3,4,71,49,54,70,69,63,"180cm | 5'11""",0,-,-,Central Coast Mariners FC,Australia
Yves Lenaerts,63,GK,,0,1,2,63,60,65,68,59,61,"184cm | 6'0""",0,-,-,OHL,Belgium
Michael Thwaite,63,CB,,0,2,3,61,47,57,38,66,65,"190cm | 6'3""",0,-,-,Gold Coast United,Australia
Marcus Williams,63,LB,,0,2,2,73,28,58,58,65,64,"173cm | 5'8""",0,-,-,Reading,England
Arran Lee-Barrett,63,GK,,0,1,3,73,54,55,67,56,64,"188cm | 6'2""",0,-,-,Ipswich Town,England
Michael Kleppe Jamtfall,63,LW,,0,2,3,81,56,42,65,52,52,"183cm | 6'0""",0,-,-,Rosenborg BK,Norway
Davide Moro,63,CM,,0,3,2,67,52,65,58,60,63,"176cm | 5'9""",0,-,-,Empoli,Italy
Jugoslav Lazic,63,GK,,0,1,3,62,63,61,64,36,66,"197cm | 6'6""",0,-,-,Sporting Lokeren OV,Serbia
Curtis Weston,63,CAM,,0,2,3,80,59,64,55,53,56,"180cm | 5'11""",0,-,-,Gillingham,England
John McCombe,63,CB,,0,2,3,56,32,45,33,67,71,"188cm | 6'2""",0,-,-,Port Vale,England
Craig Morgan,63,CB,,0,2,3,53,31,44,39,68,68,"187cm | 6'2""",0,-,-,Preston North End,Wales
Achille Coser,63,GK,,0,1,2,62,63,55,66,42,64,"186cm | 6'1""",0,-,-,Novara,Italy
Steven Anderson,63,CB,,0,2,3,57,23,48,53,66,64,"180cm | 5'11""",0,-,-,St. Johnstone FC,Scotland
Dan Kennedy,63,GK,,0,1,2,63,62,66,67,58,61,"185cm | 6'1""",0,-,-,Club Deportivo Chivas USA,United States
Hunter Freeman,63,RB,,0,2,3,72,51,65,61,65,60,"180cm | 5'11""",0,-,-,Houston Dynamo,United States
Tim Ward,63,RB,,0,3,4,67,57,62,60,63,62,"183cm | 6'0""",0,-,-,San Jose Earthquakes,United States
Calum Elliot,63,ST,,0,2,3,67,61,53,63,52,64,"183cm | 6'0""",0,-,-,Heart of Midlothian,Scotland
Brian McLean,63,CB,,0,2,3,66,30,58,60,66,66,"188cm | 6'2""",0,-,-,Preston North End,Northern Ireland
Joel Lynch,63,CB,,0,2,3,70,35,51,56,64,70,"185cm | 6'1""",0,-,-,Nottingham Forest,England
Hermes Neves Soares,63,CDM,,0,2,4,75,48,62,60,56,60,"168cm | 5'6""",0,-,-,Jagiellonia Białystok,Brazil
Marcos Mondaini,63,ST,,0,3,3,63,63,61,67,52,63,"175cm | 5'9""",0,-,-,Club Deportivo Chivas USA,Argentina
Dariusz Sztylka,63,CDM,,0,2,3,58,48,60,57,64,59,"188cm | 6'2""",0,-,-,Wrocław,Poland
Jason Kennedy,63,CM,,0,2,3,69,55,62,59,62,56,"185cm | 6'1""",0,-,-,Rochdale,England
János Balogh,63,GK,,0,1,2,66,63,57,66,45,64,"192cm | 6'4""",0,-,-,Heart of Midlothian,Hungary
Scott Palguta,63,CB,,0,2,3,64,40,52,46,65,68,"188cm | 6'2""",0,-,-,Colorado Rapids,United States
Nicky Adams,63,RM,,0,2,3,75,54,61,63,50,56,"178cm | 5'10""",0,-,-,Rochdale,Wales
Bouna Coundoul,63,GK,,0,1,3,71,54,59,70,61,55,"188cm | 6'2""",0,-,-,New York Red Bulls,Senegal
Ludovic Buysens,63,CB,,0,2,3,49,42,51,43,64,64,"187cm | 6'2""",0,-,-,Sint-Truidense VV,Belgium
Ivan Taranov,63,CB,,0,2,3,59,48,52,55,66,64,"184cm | 6'0""",0,-,-,Krylya Sovetov Samara,Russia
Chavdar Yankov,63,CM,,0,3,3,63,61,64,63,63,59,"176cm | 5'9""",0,-,-,FC Rostov,Bulgaria
Anthony Grant,63,CM,,0,2,3,73,61,59,62,68,66,"178cm | 5'10""",0,-,-,Southend United,England
Guillaume Rippert,63,LB,,0,2,3,62,43,55,50,64,59,"180cm | 5'11""",0,-,-,Evian Thonon Gaillard FC,France
Mody Traoré,63,LB,,0,2,2,63,41,63,55,62,64,"173cm | 5'8""",0,-,-,Valenciennes FC,France
Francesco Stanco,63,ST,,0,2,3,66,54,38,52,56,72,"191cm | 6'3""",0,-,-,Modena,Italy
Eddie Nolan,63,RB,,0,2,5,68,40,61,61,64,66,"185cm | 6'1""",0,-,-,Scunthorpe United,Republic of Ireland
David Gray,63,RB,,0,2,2,76,49,60,60,62,60,"183cm | 6'0""",0,-,-,Preston North End,Scotland
Kieran Lee,63,RB,,0,2,3,72,43,65,54,60,61,"185cm | 6'1""",0,-,-,Oldham Athletic,England
Adam Eckersley,63,LB,,0,2,4,71,46,58,60,66,55,"180cm | 5'11""",0,-,-,Aarhus GF,England
Jonathan Grounds,63,LB,,0,2,3,71,35,54,46,69,61,"185cm | 6'1""",0,-,-,Middlesbrough,England
Andy Barcham,63,LM,,0,3,4,88,50,55,65,48,55,"175cm | 5'9""",0,-,-,Scunthorpe United,England
Owain fôn Williams,63,GK,,0,1,3,65,58,59,72,63,58,"193cm | 6'4""",0,-,-,Tranmere Rovers,Wales
Rory McArdle,63,CB,,0,2,3,68,22,42,35,68,73,"185cm | 6'1""",0,-,-,Aberdeen,Northern Ireland
Theo Robinson,63,ST,,0,3,3,84,55,46,67,49,46,"174cm | 5'9""",0,-,-,Derby County,England
Joe Cardle,63,LM,,0,3,4,82,53,55,65,42,57,"178cm | 5'10""",0,-,-,Dunfermline,England
Paul Huntington,63,CB,,0,2,3,52,34,47,37,68,58,"191cm | 6'3""",0,-,-,Yeovil Town,England
James Wesolowski,63,CM,,0,2,3,65,53,60,60,67,60,"172cm | 5'8""",0,-,-,Oldham Athletic,Australia
Maxime Biset,63,CB,,0,2,3,49,47,52,49,69,53,"193cm | 6'4""",0,-,-,KV Mechelen,Belgium
Shaun MacDonald,63,RM,,0,2,3,69,52,59,70,54,51,"185cm | 6'1""",0,-,-,Bournemouth,Wales
Mikkel Andersen,63,GK,,0,1,3,64,59,61,67,37,63,"196cm | 6'5""",0,-,-,Reading,Denmark
Juan Quero Barraso,63,LM,,0,3,4,87,56,52,66,33,52,"158cm | 5'2""",0,-,-,Córdoba Club de Fútbol S.A.D.,Spain
Jussi Kujala,63,CM,,0,2,4,54,53,61,58,63,62,"183cm | 6'0""",0,-,-,De Graafschap,Finland
Kevin Lejeune,63,LW,,0,2,2,72,52,60,67,50,50,"181cm | 5'11""",0,-,-,Tours FC,France
Kyel Reid,63,LM,,0,3,2,79,53,62,66,50,55,"178cm | 5'10""",0,-,-,Bradford City,England
Tobias Mikkelsen,63,RW,,0,3,4,90,45,55,67,46,44,"178cm | 5'10""",0,-,-,FC Nordsjælland,Denmark
Gertjan De Mets,63,CDM,,0,2,3,68,43,64,63,63,63,"176cm | 5'9""",0,-,-,KV Kortrijk,Belgium
Jorn Vermeulen,63,CDM,,0,2,3,66,58,61,60,65,64,"186cm | 6'1""",0,-,-,OHL,Belgium
Ander Gago Álvarez,63,RB,,0,2,3,75,48,56,51,65,64,"177cm | 5'10""",0,-,-,CD Guadalajara,Spain
Aritz Borda Etxezarreta,63,CB,,0,2,3,47,45,48,39,69,61,"189cm | 6'2""",0,-,-,R.C. Recreativo,Spain
Eggert Jónsson,63,CDM,,0,2,4,68,61,66,68,69,66,"188cm | 6'2""",0,-,-,Heart of Midlothian,Iceland
Jonas Portin,63,CB,,0,2,3,52,41,40,42,70,66,"190cm | 6'3""",0,-,-,Padua,Finland
Lino Marzoratti,63,CB,,0,2,3,63,41,45,44,66,70,"181cm | 5'11""",0,-,-,Sassuolo,Italy
Marcos Painter,63,LB,,0,2,3,59,29,59,55,64,65,"181cm | 5'11""",0,-,-,Brighton &amp; Hove Albion,Republic of Ireland
Chris Lines,63,CM,,0,2,4,73,54,64,59,57,55,"188cm | 6'2""",0,-,-,Sheffield Wednesday,England
Scott Donnelly,63,CM,,0,2,3,63,57,61,63,54,59,"173cm | 5'8""",0,-,-,Wycombe Wanderers,England
Jeff Hughes,63,LM,,0,3,2,73,56,60,64,49,52,"183cm | 6'0""",0,-,-,Notts County,Northern Ireland
Manuel Ruz Baños,63,RB,,0,2,3,82,46,58,56,65,67,"167cm | 5'6""",0,-,-,Gimnàstic de Tarragona S.A.D.,Spain
Olmo,63,CB,,0,2,3,63,45,52,55,62,81,"176cm | 5'9""",0,-,-,Sabadell FC,Spain
Siboniso Gaxa,63,RB,,0,2,3,82,39,46,64,64,69,"178cm | 5'10""",0,-,-,Lierse SK,South Africa
Honour Gombami,63,RW,,0,3,3,83,58,56,66,48,62,"178cm | 5'10""",0,-,-,KSV Cercle Brugge,Zimbabwe
Tshinyama Tshilola,63,RB,,0,2,3,66,48,52,50,64,63,"175cm | 5'9""",0,-,-,Sporting Lokeren OV,DR Congo
Kevin Janssens,63,CAM,,0,2,3,67,56,59,73,47,53,"175cm | 5'9""",0,-,-,KSV Cercle Brugge,Belgium
Jacob Peterson,63,RW,,0,2,4,75,64,60,61,61,50,"178cm | 5'10""",0,-,-,San Jose Earthquakes,United States
Tyson Wahl,63,LB,,0,2,3,69,61,65,56,66,64,"188cm | 6'2""",0,-,-,Seattle Sounders FC,United States
Geun Chol Kim,63,CM,,0,3,3,78,67,63,68,61,63,"177cm | 5'10""",0,-,-,Busan I'Park,Korea Republic
Kyung Ho Jeong,63,RM,,0,2,5,65,47,62,64,53,49,"168cm | 5'6""",0,-,-,Gwangju Sangmu FC,Korea Republic
Sung Ho Park,63,ST,,0,2,3,66,60,43,61,57,73,"190cm | 6'3""",0,-,-,Daejeon Citizen,Korea Republic
Hee Chul Park,63,LM,,0,2,3,80,50,64,58,62,58,"179cm | 5'10""",0,-,-,Pohang Steelers,Korea Republic
Juan Diego González,63,CB,,0,2,3,50,49,55,52,68,67,"180cm | 5'11""",0,-,-,Philadelphia Union,Colombia
Emmanuel Cerda,63,CF,,0,3,4,80,57,55,72,41,62,"178cm | 5'10""",0,-,-,Tigres U.A.N.L.,Mexico
Romain Vincelot,63,CM,,0,2,3,66,52,63,65,66,81,"178cm | 5'10""",0,-,-,Brighton &amp; Hove Albion,France
David Fleurival,63,CDM,,0,2,2,59,43,53,50,68,62,"184cm | 6'0""",0,-,-,FC Metz,France
Craig Alcock,63,RB,,0,2,3,72,26,56,50,65,62,"173cm | 5'8""",0,-,-,Peterborough United,England
Andres Vasquez,63,CAM,,0,3,1,66,56,61,68,45,44,"180cm | 5'11""",0,-,-,BK Häcken,Peru
Leandro Vitiello,63,CM,,0,2,2,71,55,64,61,62,64,"180cm | 5'11""",0,-,-,Grosseto,Italy
Dominic Oduro,63,ST,,0,3,3,92,55,38,65,44,60,"183cm | 6'0""",0,-,-,Chicago Fire,Ghana
Ryan Taylor,63,ST,,0,2,2,70,60,43,59,51,69,"188cm | 6'2""",0,-,-,Bristol City,England
Manuel Junglas,63,RM,,0,2,3,68,57,62,62,60,67,"187cm | 6'2""",0,-,-,Alemannia Aachen,Germany
Alessandro Bastrini,63,LB,,0,2,2,64,46,58,50,68,64,"186cm | 6'1""",0,-,-,Vicenza,Italy
Salvatore Foti,63,ST,,0,3,4,66,57,50,61,51,70,"192cm | 6'4""",0,-,-,Sampdoria,Italy
David Williams,63,ST,,0,3,3,71,68,40,71,43,46,"177cm | 5'10""",0,-,-,Melbourne Heart FC,Australia
Karamoko Cissé,63,ST,,0,2,3,84,60,51,60,52,62,"184cm | 6'0""",0,-,-,A. Leffe,Guinea
Ruud Boffin,63,GK,,0,1,2,62,65,66,63,56,61,"186cm | 6'1""",0,-,-,West Ham United,Belgium
Jordan Harvey,63,LB,,0,2,3,67,45,58,59,67,61,"180cm | 5'11""",0,-,-,Whitecaps FC,United States
Gianluca Musacci,63,CM,,0,2,3,75,60,65,56,58,62,"176cm | 5'9""",0,-,-,Parma,Italy
Antonio Piccolo,63,CF,,0,2,3,75,60,56,60,50,60,"180cm | 5'11""",0,-,-,Livorno,Italy
Timmi Johansen,63,LB,,0,2,2,72,33,58,42,65,61,"180cm | 5'11""",0,-,-,Odense Boldklub,Denmark
Moses Adams,63,CAM,,0,2,2,68,57,63,66,48,62,"183cm | 6'0""",0,-,-,KVC Westerlo,Nigeria
Tommy Rowe,63,LM,,0,3,3,70,50,61,65,55,61,"180cm | 5'11""",0,-,-,Peterborough United,England
Shwan Jalal,63,GK,,0,1,3,72,58,51,71,48,55,"188cm | 6'2""",0,-,-,Bournemouth,England
Mike Banner,63,LM,,0,3,3,82,51,54,67,53,48,"175cm | 5'9""",0,-,-,Chicago Fire,United States
David Perkins,63,CM,,0,3,3,68,51,54,61,66,59,"168cm | 5'6""",0,-,-,Barnsley,England
Gianluca Freddi,63,CB,,0,2,3,65,26,45,44,66,68,"185cm | 6'1""",0,-,-,Grosseto,Italy
Gary Sawyer,63,LB,,0,2,1,55,25,60,30,62,67,"183cm | 6'0""",0,-,-,Bristol Rovers,England
Cédric Avinel,63,CB,,0,2,3,59,46,50,37,66,73,"187cm | 6'2""",0,-,-,Clermont Foot Auvergne 63,France
Bobby Burling,63,CB,,0,2,2,36,42,46,45,67,68,"196cm | 6'5""",0,-,-,San Jose Earthquakes,United States
Rodrigo Vargas,63,CB,,0,2,3,40,43,45,43,67,70,"181cm | 5'11""",0,-,-,Melbourne Victory FC,Australia
Tomáš Jirsák,63,CM,,0,3,3,66,61,68,54,62,63,"172cm | 5'8""",0,-,-,Wisła Kraków,Czech Republic
Anthony Lecointe,63,RB,,0,2,3,64,48,58,60,51,62,"170cm | 5'7""",0,-,-,U.S. Boulogne Cote D'Opale,France
Paul Benson,63,ST,,0,2,3,66,61,48,50,53,56,"185cm | 6'1""",0,-,-,Charlton Athletic,England
Attila Filkor,63,CM,,0,3,3,74,54,64,62,60,66,"181cm | 5'11""",0,-,-,Livorno,Hungary
Mark Beevers,63,CB,,0,2,2,56,36,38,47,64,65,"193cm | 6'4""",0,-,-,Milton Keynes Dons,England
Nana Attakora,63,CB,,0,2,3,76,36,48,56,68,67,"185cm | 6'1""",0,-,-,San Jose Earthquakes,Canada
Manuel Hartmann,63,CDM,,0,2,4,59,56,54,58,67,69,"188cm | 6'2""",0,-,-,FC Ingolstadt 04,Germany
Chris Whelpdale,63,RM,,0,2,3,72,48,59,60,64,59,"184cm | 6'0""",0,-,-,Gillingham,England
Florian Bague,63,GK,,0,1,2,64,67,61,68,32,64,"181cm | 5'11""",0,-,-,U.S. Boulogne Cote D'Opale,France
Luigi Consonni,63,CM,,0,2,3,64,58,64,61,60,63,"183cm | 6'0""",0,-,-,Grosseto,Italy
Troy Deeney,63,ST,,0,3,3,79,56,46,69,49,49,"180cm | 5'11""",0,-,-,Watford,England
Krystian Pearce,63,CB,,0,2,3,80,26,38,45,65,67,"185cm | 6'1""",0,-,-,Notts County,England
David González,63,GK,,0,1,2,68,66,62,61,34,64,"194cm | 6'4""",0,-,-,Aberdeen,Colombia
Benjamin Schwarz,63,LB,,0,2,3,67,37,57,56,63,64,"180cm | 5'11""",0,-,-,TSV 1860 München,Germany
Thomas Ayasse,63,CDM,,0,2,3,70,44,60,54,65,64,"183cm | 6'0""",0,-,-,AC Arles Avignon,France
Rémi Fournier,63,CB,,0,2,2,49,20,45,23,67,67,"190cm | 6'3""",0,-,-,La Berrichonne de Châteauroux,France
Francesco Lunardini,63,CM,,0,3,2,70,52,64,61,58,59,"172cm | 5'8""",0,-,-,Gubbio,Italy
Jimmy Smith,63,RM,,0,3,3,69,61,62,61,54,60,"184cm | 6'0""",0,-,-,Leyton Orient,England
Arne Feick,63,LB,,0,2,3,71,59,62,67,64,62,"180cm | 5'11""",0,-,-,TSV 1860 München,Germany
Carl Baker,63,RM,,0,3,3,72,60,59,70,44,43,"188cm | 6'2""",0,-,-,Coventry City,England
Tayfun Pektürk,63,LW,,0,3,5,73,55,54,68,46,51,"176cm | 5'9""",0,-,-,SpVgg Greuther Fürth,Germany
Nicky Featherstone,63,RM,,0,2,3,78,53,61,67,47,56,"170cm | 5'7""",0,-,-,Hereford,England
Michael Zullo,63,LB,,0,3,2,81,49,60,69,52,64,"171cm | 5'7""",0,-,-,FC Utrecht,Australia
Federico Bessone,63,LB,,0,2,3,69,46,63,59,63,66,"179cm | 5'10""",0,-,-,Swansea City,Argentina
Jo Coppens,63,GK,,0,1,3,67,62,65,68,47,57,"190cm | 6'3""",0,-,-,KSV Cercle Brugge,Belgium
José Julio Gomes Gonçalves,63,LB,,0,2,3,65,47,58,56,69,71,"188cm | 6'2""",0,-,-,FC Sion,Portugal
Quentin Pottiez,63,RM,,0,2,2,81,53,53,72,45,60,"175cm | 5'9""",0,-,-,RAEC Mons,Belgium
Robert Lainton,63,GK,,0,1,2,65,67,62,69,35,63,"188cm | 6'2""",0,-,-,Bolton Wanderers,England
Dorian Dervite,63,CB,,0,2,3,46,34,45,28,68,58,"192cm | 6'4""",0,-,-,Villarreal Club de Fútbol “B” S.A.D.,France
Riccardo Maniero,63,ST,,0,2,3,66,60,46,59,56,68,"183cm | 6'0""",0,-,-,Pescara,Italy
Simone Gozzi,63,CB,,0,2,3,52,37,40,30,68,66,"188cm | 6'2""",0,-,-,Cagliari,Italy
Sjoerd Overgoor,63,CM,,0,2,3,66,61,59,62,59,63,"180cm | 5'11""",0,-,-,De Graafschap,Netherlands
Jorge Villafaña,63,LM,,0,2,3,74,58,57,68,54,52,"175cm | 5'9""",0,-,-,Club Deportivo Chivas USA,United States
Gary Madine,63,ST,,0,2,4,66,60,43,50,52,69,"191cm | 6'3""",0,-,-,Sheffield Wednesday,England
Kwang Suk Kim,63,RB,,0,2,3,93,41,52,53,66,62,"182cm | 6'0""",0,-,-,Pohang Steelers,Korea Republic
Idir Ouali,63,CAM,,0,2,3,84,63,57,69,49,57,"176cm | 5'9""",0,-,-,Lemans FC,France
Ivan Đurđević,63,CB,,0,2,3,63,52,62,54,68,45,"183cm | 6'0""",0,-,-,Lech Poznań,Serbia
Michal Pazdan,63,CB,,0,2,3,38,38,49,52,59,69,"180cm | 5'11""",0,-,-,Górnik Zabrze,Poland
Christian Landu Landu,63,CM,,0,2,3,71,51,63,54,74,73,"182cm | 6'0""",0,-,-,Viking FK,Norway
Chance Myers,63,RB,,0,2,4,82,58,58,63,64,62,"185cm | 6'1""",0,-,-,Kansas City Wizards,United States
Angelo Balanta,63,LM,,0,3,3,75,62,54,71,43,52,"179cm | 5'10""",0,-,-,Milton Keynes Dons,England
Andy Iro,63,CB,,0,2,2,38,32,36,41,70,74,"196cm | 6'5""",0,-,-,Toronto FC,England
Shea Salinas,63,RM,,0,3,2,79,56,54,68,51,51,"178cm | 5'10""",0,-,-,Whitecaps FC,United States
Niall McGinn,63,RM,,0,2,3,88,54,51,69,42,47,"173cm | 5'8""",0,-,-,Brentford,Northern Ireland
Edgar Çani,63,ST,,0,2,3,52,60,44,54,55,68,"192cm | 6'4""",0,-,-,Polonia Warszawa,Albania
Lee Cox,63,CDM,,0,3,3,65,41,63,63,66,64,"185cm | 6'1""",0,-,-,Inverness Caledonian Thistle,England
Daniel Christensen,63,RW,,0,2,3,66,50,56,65,55,48,"172cm | 5'8""",0,-,-,SønderjyskE,Denmark
Sean Morrison,63,CB,,0,2,3,68,21,33,39,64,72,"185cm | 6'1""",0,-,-,Reading,England
Sang Min Seo,63,CAM,,0,3,3,76,63,62,64,67,63,"175cm | 5'9""",0,-,-,GyeongNam FC,Korea Republic
Jin Sub Hong,63,RW,,0,3,3,83,53,60,65,46,51,"180cm | 5'11""",0,-,-,Seongnam Ilhwa Chunma,Korea Republic
Milan Milanović,63,CB,,0,2,3,69,30,58,52,66,70,"194cm | 6'4""",0,-,-,Siena,Serbia
David Junior Lopes,63,CB,,0,2,2,58,41,41,35,71,63,"190cm | 6'3""",0,-,-,Club Deportivo Chivas USA,Brazil
Paul-José Mpoku,63,LM,,0,3,4,75,58,55,73,46,50,"174cm | 5'9""",0,-,-,Standard de Liège,Belgium
Alexis Norambuena,63,RB,,0,2,4,69,40,64,61,61,67,"176cm | 5'9""",0,-,-,Jagiellonia Białystok,Chile
Matthew Taylor,63,CB,,0,2,3,63,32,34,36,64,71,"180cm | 5'11""",0,-,-,Charlton Athletic,England
Luka Vučko,63,CB,,0,2,2,70,26,51,36,71,69,"197cm | 6'6""",0,-,-,Lechia Gdańsk,Croatia
Sascha Burchert,63,GK,,0,1,2,57,67,63,61,48,69,"188cm | 6'2""",0,-,-,Hertha BSC,Germany
Samuel Souprayen,63,LB,,0,2,3,71,26,56,59,64,62,"187cm | 6'2""",0,-,-,Dijon FCO,France
Saúl Berjón,63,CF,,0,3,3,75,58,50,68,51,67,"178cm | 5'10""",0,-,-,Agrupación Deportiva Alcorcón,Spain
Bruno Gallo,63,CM,,0,3,3,62,54,66,67,63,54,"180cm | 5'11""",0,-,-,Vitória de Setúbal,Brazil
Michael Paton,63,ST,,0,2,2,73,61,40,62,43,70,"178cm | 5'10""",0,-,-,Aberdeen,Scotland
Bengali-Fodé Koita,63,ST,,0,2,2,75,56,41,61,50,62,"186cm | 6'1""",0,-,-,Montpellier Hérault Sport Club,France
Daniel Hernández Santos,63,GK,,0,1,3,58,66,80,60,34,69,"196cm | 6'5""",0,-,-,Real Valladolid Club de Fútbol S.A.D.,Venezuela
Reza Ghoochannejhad,63,ST,,0,3,3,72,60,57,70,56,46,"180cm | 5'11""",0,-,-,Sint-Truidense VV,Netherlands
Daniele Gasparetto,63,CB,,0,2,2,60,40,44,30,70,67,"195cm | 6'5""",0,-,-,Cittadella,Italy
Markus Felfernig,63,CAM,,0,2,4,85,55,58,63,39,56,"172cm | 5'8""",0,-,-,KSV Superfund,Austria
Craig Noone,63,LM,,0,3,3,81,48,61,62,46,54,"177cm | 5'10""",0,-,-,Brighton &amp; Hove Albion,England
Boubacar D. Dialiba,63,LM,,0,3,3,77,58,56,65,44,57,"179cm | 5'10""",0,-,-,KV Mechelen,Bosnia Herzegovina
Alberto López Arteseros,63,CM,,0,3,3,65,60,70,70,59,63,"180cm | 5'11""",0,-,-,Real Club Deportivo Mallorca S.A.D.,Spain
Ross Jenkins,63,CM,,0,2,4,71,53,70,65,51,56,"180cm | 5'11""",0,-,-,Watford,England
Dominic Adiyiah,63,ST,,0,3,3,78,60,50,64,49,61,"172cm | 5'8""",0,-,-,Milan,Ghana
Dennis Telgenkamp,63,GK,,0,1,2,65,67,56,63,49,60,"192cm | 6'4""",0,-,-,Heracles Almelo,Netherlands
Amadou Sidibe,63,LB,,0,3,3,67,60,64,64,57,58,"173cm | 5'8""",0,-,-,AJ Auxerre,Mali
Nathan Eccleston,63,ST,,0,3,3,75,62,47,67,42,60,"178cm | 5'10""",0,-,-,Liverpool,England
Luca Moscatiello,63,CM,,0,2,3,65,59,67,63,47,40,"177cm | 5'10""",0,-,-,A.C. Cesena,Italy
Lauri Dalla Valle,63,ST,,0,2,4,78,61,48,62,46,61,"183cm | 6'0""",0,-,-,Dundee United,Finland
Christian Dorda,63,LB,,0,2,3,68,34,56,50,64,61,"182cm | 6'0""",0,-,-,SpVgg Greuther Fürth,Germany
Marcus Tracy,63,CF,,0,2,3,81,59,34,65,52,72,"185cm | 6'1""",0,-,-,Aalborg BK,United States
Stefan Hierländer,63,RW,,0,3,3,79,57,56,67,55,54,"180cm | 5'11""",0,-,-,FC Red Bull Salzburg,Austria
Danijel Aleksic,63,ST,,0,3,3,77,61,51,65,43,57,"181cm | 5'11""",0,-,-,Genoa,Serbia
Marco Terrazzino,63,RM,,0,3,3,74,63,60,72,46,55,"176cm | 5'9""",0,-,-,Karlsruher SC,Germany
O'Brian White,63,ST,,0,3,3,82,60,38,63,52,67,"185cm | 6'1""",0,-,-,Seattle Sounders FC,Jamaica
Marvin Pourié,63,ST,,0,3,4,70,58,43,61,46,69,"183cm | 6'0""",0,-,-,Silkeborg IF,Germany
Pascal Groß,63,CAM,,0,3,3,64,59,66,62,50,51,"181cm | 5'11""",0,-,-,Karlsruher SC,Germany
Omar Elabdellaoui,63,CM,,0,3,3,74,50,63,73,50,50,"179cm | 5'10""",0,-,-,Strømsgodset IF,Norway
Adam Smith,63,RB,,0,3,3,72,34,59,56,62,51,"180cm | 5'11""",0,-,-,Milton Keynes Dons,England
Darius Barnes,63,CB,,0,2,3,62,43,48,53,68,72,"188cm | 6'2""",0,-,-,New England Revolution,United States
Dejan Jaković,63,CB,,0,2,3,55,40,41,41,67,68,"188cm | 6'2""",0,-,-,D.C. United,Canada
Sang Hyub Lim,63,RM,,0,3,3,68,48,60,65,54,50,"180cm | 5'11""",0,-,-,Busan I'Park,Korea Republic
Hoon Jung,63,CDM,,0,2,3,67,57,64,62,64,66,"175cm | 5'9""",0,-,-,Jeonbuk Hyundai Motors,Korea Republic
Daniel Adejo,63,RB,,0,2,2,78,44,43,45,72,69,"181cm | 5'11""",0,-,-,Reggina,Nigeria
Joe Edwards,63,RB,,0,2,3,62,34,52,60,61,60,"173cm | 5'8""",0,-,-,Bristol City,England
Kevin Scheidhauer,63,CF,,0,2,4,58,58,48,63,51,59,"190cm | 6'3""",0,-,-,VfL Wolfsburg,Germany
Graham Carey,63,CM,,0,3,3,64,57,61,64,62,65,"183cm | 6'0""",0,-,-,St. Mirren,Republic of Ireland
Lee Novak,63,ST,,0,2,3,66,60,32,57,50,63,"183cm | 6'0""",0,-,-,Huddersfield Town,England
Scott Doe,63,CB,,0,2,3,64,27,34,33,65,75,"185cm | 6'1""",0,-,-,Dagenham and Redbridge,England
Bienvenue Basala-Mazana,63,RB,,0,2,4,81,48,62,65,63,61,"184cm | 6'0""",0,-,-,SV Josko Fenst. Ried,Germany
Fabian Bäcker,63,ST,,0,3,3,73,60,56,68,46,68,"180cm | 5'11""",0,-,-,Alemannia Aachen,Germany
Manuel Salz,63,GK,,0,1,3,64,62,61,66,53,62,"185cm | 6'1""",0,-,-,SC Freiburg,Germany
Dani Schahin,63,ST,,0,2,4,69,58,37,61,46,65,"187cm | 6'2""",0,-,-,SpVgg Greuther Fürth,Germany
Jorge Galán Anaut,63,ST,,0,3,3,72,62,47,63,46,61,"173cm | 5'8""",0,-,-,Kilmarnock,Spain
Moritz Hartmann,63,ST,,0,2,4,71,62,48,60,47,66,"181cm | 5'11""",0,-,-,FC Ingolstadt 04,Germany
Koen Casteels,63,GK,,0,1,2,68,61,58,66,24,59,"196cm | 6'5""",0,-,-,TSG 1899 Hoffenheim,Belgium
Fanol Perdedaj,63,CDM,,0,2,3,66,40,56,60,64,59,"172cm | 5'8""",0,-,-,Hertha BSC,Germany
Cedric Evina,63,LB,,0,3,3,83,51,60,59,63,66,"175cm | 5'9""",0,-,-,Charlton Athletic,France
Marco Rojas,63,RM,,0,4,5,87,43,53,71,28,25,"166cm | 5'5""",0,-,-,Melbourne Victory FC,New Zealand
Oliver Petersch,63,RM,,0,2,3,86,59,57,67,44,71,"174cm | 5'9""",0,-,-,Braunschweig,Germany
Lamar Neagle,63,RM,,0,3,4,85,60,56,66,56,61,"180cm | 5'11""",0,-,-,Seattle Sounders FC,United States
Jonathan Estrada,63,CM,,0,4,3,58,65,65,73,56,56,"182cm | 6'0""",0,-,-,A. Florianópolis,Colombia
Anton Fink,63,CF,,0,2,3,72,60,51,65,43,62,"171cm | 5'7""",0,-,-,Karlsruher SC,Germany
Tiago da Silva Dutra,63,CM,,0,3,3,62,57,62,65,63,61,"178cm | 5'10""",0,-,-,Villarreal Club de Fútbol “B” S.A.D.,Brazil
Portillo,63,LM,,0,3,3,75,51,59,66,38,48,"169cm | 5'7""",0,-,-,Málaga Club de Fútbol S.A.D.,Spain
Borja Viguera,63,ST,,0,3,4,63,63,51,64,45,60,"184cm | 6'0""",0,-,-,Gimnàstic de Tarragona S.A.D.,Spain
Ben Pringle,63,LM,,0,2,3,73,55,59,60,60,60,"175cm | 5'9""",0,-,-,Rotherham United,England
Mark O'Brien,63,CB,,0,2,3,56,37,49,48,64,64,"180cm | 5'11""",0,-,-,Derby County,Republic of Ireland
Bruno Cazarine Constantin,63,ST,,0,3,2,55,61,46,60,55,76,"188cm | 6'2""",0,-,-,Sydney FC,Brazil
Nathaniel Mendez-Laing,63,RM,,0,2,3,75,52,60,68,46,57,"178cm | 5'10""",0,-,-,Sheffield United,England
Carlos Tomás Ferrer,63,CB,,0,2,3,62,37,57,45,65,69,"183cm | 6'0""",0,-,-,Villarreal Club de Fútbol “B” S.A.D.,Spain
Keon Daniel,63,LM,,0,3,3,72,61,60,66,64,62,"185cm | 6'1""",0,-,-,Philadelphia Union,Trinidad &amp; Tobago
John Marquis,63,ST,,0,2,3,68,57,35,59,50,61,"185cm | 6'1""",0,-,-,Millwall,England
Danny Ings,63,ST,,0,2,2,87,53,37,65,40,73,"178cm | 5'10""",0,-,-,Burnley,England
Ignasi Miquel,63,CB,,0,2,3,66,26,49,56,65,67,"193cm | 6'4""",0,-,-,Arsenal,Spain
Daniel Kofi Agyei,63,CM,,0,2,2,69,50,65,63,60,47,"178cm | 5'10""",0,-,-,Fiorentina,Ghana
Khalid Sekkat,63,LB,,0,2,4,68,39,64,60,68,62,"178cm | 5'10""",0,-,-,Stade de Reims,Morocco
Sören Bertram,63,RM,,0,3,3,75,59,61,69,46,53,"180cm | 5'11""",0,-,-,Hamburger SV,Germany
Kevin Pannewitz,63,CDM,,0,2,3,66,53,60,64,65,72,"183cm | 6'0""",0,-,-,Hansa Rostock,Germany
Felix Wiedwald,63,GK,,0,1,2,68,59,49,71,56,55,"190cm | 6'3""",0,-,-,MSV Duisburg,Germany
Andrea Seculin,63,GK,,0,1,3,65,60,50,70,45,60,"185cm | 6'1""",0,-,-,Stabia,Italy
Corben Bone,63,CAM,,0,3,4,69,58,62,66,50,61,"175cm | 5'9""",0,-,-,Chicago Fire,United States
Tony Tchani,63,CM,,0,3,3,67,60,60,62,69,65,"193cm | 6'4""",0,-,-,Columbus Crew,Cameroon
Blair Gavin,63,RM,,0,2,3,69,60,57,66,61,64,"183cm | 6'0""",0,-,-,Club Deportivo Chivas USA,United States
Collen Warner,63,RM,,0,2,3,72,55,56,66,49,49,"178cm | 5'10""",0,-,-,Real Salt Lake,United States
Bart Schenkeveld,63,CB,,0,2,2,64,39,46,55,66,58,"184cm | 6'0""",0,-,-,Feyenoord,Netherlands
Raffaele Maiello,63,CM,,0,3,2,73,62,66,69,54,57,"177cm | 5'10""",0,-,-,Grosseto,Italy
Zsolt Korcsmár,63,CB,,0,2,3,64,39,55,39,65,75,"190cm | 6'3""",0,-,-,SK Brann,Hungary
Miguel Bedoya Sequeiros,63,CAM,,0,3,3,66,61,58,61,52,52,"174cm | 5'9""",0,-,-,Club Deportivo Numancia de Soria S.A.D. ,Spain
Jake Jervis,63,ST,,0,3,3,84,53,47,65,47,61,"191cm | 6'3""",0,-,-,Birmingham City,England
Chris Schuler,63,CB,,0,2,2,58,35,49,35,67,74,"193cm | 6'4""",0,-,-,Real Salt Lake,United States
Matej Vydra,63,ST,,0,2,4,76,59,49,61,45,62,"180cm | 5'11""",0,-,-,Club Brugge KV,Czech Republic
Alexander Kacaniklic,63,LM,,0,3,3,76,59,54,70,43,47,"178cm | 5'10""",0,-,-,Fulham,Sweden
Kévin Bérigaud,63,ST,,0,3,3,72,63,50,67,47,63,"178cm | 5'10""",0,-,-,Evian Thonon Gaillard FC,France
Roland Bergkamp,63,ST,,0,2,3,62,57,42,52,54,60,"191cm | 6'3""",0,-,-,Brighton &amp; Hove Albion,Netherlands
Víctor Andrés Andrés,63,CAM,,0,3,3,66,51,63,63,54,50,"176cm | 5'9""",0,-,-,Club Deportivo Numancia de Soria S.A.D. ,Spain
Matthew Lowton,63,RB,,0,2,3,74,27,60,58,65,71,"180cm | 5'11""",0,-,-,Sheffield United,England
Javier Fernández,63,LM,,0,2,3,67,52,58,71,49,52,"178cm | 5'10""",0,-,-,Club Atlético Osasuna,Spain
Ignacio Zabal Almazán,63,GK,,0,1,3,63,70,53,65,49,57,"195cm | 6'5""",0,-,-,Club Deportivo Numancia de Soria S.A.D. ,Spain
Ali Messaoud,63,CAM,,0,3,4,65,65,51,70,44,52,"183cm | 6'0""",0,-,-,AZ Alkmaar,Netherlands
Cristian Tello,63,LW,,0,3,3,87,58,51,65,45,58,"178cm | 5'10""",0,-,-,Fútbol Club Barcelona “B”,Spain
Gregor Breinburg,63,CM,,0,2,3,75,55,62,65,44,59,"170cm | 5'7""",0,-,-,De Graafschap,Netherlands
Leon Broekhof,63,CB,,0,2,3,49,39,55,55,68,63,"189cm | 6'2""",0,-,-,Roda JC,Netherlands
Ties Evers,63,RB,,0,2,4,66,40,63,61,63,66,"180cm | 5'11""",0,-,-,De Graafschap,Netherlands
Thomas Ince,63,LW,,0,3,3,73,54,57,68,40,48,"178cm | 5'10""",0,-,-,Blackpool,England
Rok Kronaveter,63,CM,,0,3,4,67,64,65,66,60,56,"187cm | 6'2""",0,-,-,Energie Cottbus,Slovenia
Kyung Ryul Lee,63,CB,,0,2,2,68,34,41,29,70,61,"187cm | 6'2""",0,-,-,GyeongNam FC,Korea Republic
Kang Jin Ha,63,GK,,0,1,3,62,64,74,64,33,61,"193cm | 6'4""",0,-,-,Seongnam Ilhwa Chunma,Korea Republic
Carl Jenkinson,63,RB,,0,2,3,71,30,62,53,62,59,"185cm | 6'1""",0,-,-,Arsenal,Finland
Simone Sini,63,CB,,0,2,2,57,37,45,44,63,59,"183cm | 6'0""",0,-,-,Bari,Italy
Dario Tadic,63,ST,,0,2,4,76,62,47,63,54,71,"177cm | 5'10""",0,-,-,FK Austria Wien,Austria
Nicky Ajose,63,ST,,0,3,4,79,62,44,62,42,56,"180cm | 5'11""",0,-,-,Peterborough United,England
Anthony Limbombe,63,RM,,0,2,3,81,50,57,72,43,53,"175cm | 5'9""",0,-,-,KRC Genk,Belgium
Zarek Valentin,63,RB,,0,2,3,76,40,66,55,65,66,"180cm | 5'11""",0,-,-,Club Deportivo Chivas USA,United States
Marvin Knoll,63,CAM,,0,2,3,68,61,64,68,62,63,"184cm | 6'0""",0,-,-,Dynamo Dresden,Germany
Elian Parrino,63,CB,,0,2,3,63,28,49,49,64,72,"189cm | 6'2""",0,-,-,Sheffield United,Argentina
Michael Boxall,63,CB,,0,2,2,33,29,45,35,70,76,"188cm | 6'2""",0,-,-,Whitecaps FC,New Zealand
Justin Meram,63,ST,,0,2,4,77,65,59,64,58,63,"185cm | 6'1""",0,-,-,Columbus Crew,United States
Bernardo Anor,63,LM,,0,2,3,68,57,60,65,53,64,"180cm | 5'11""",0,-,-,Columbus Crew,Venezuela
Paolo Cardozo,63,LM,,0,3,3,71,61,60,67,48,50,"165cm | 5'5""",0,-,-,Los Angeles Galaxy,Uruguay
Thomas Meunier,63,LW,,0,2,4,65,65,58,66,46,59,"191cm | 6'3""",0,-,-,Club Brugge KV,Belgium
Jair Eduardo Britto da Silva,63,LW,,0,3,3,59,63,59,65,57,61,"178cm | 5'10""",0,-,-,Jeju United FC,Brazil
Syarhey Kislyak,63,CM,,0,3,3,61,59,64,70,58,65,"185cm | 6'1""",0,-,-,Rubin Kazan,Belarus
Gastón Puerari,63,ST,,0,2,4,69,61,53,68,49,65,"173cm | 5'8""",0,-,-,Atlas,Uruguay
Franco Coria,63,CB,,0,2,3,47,33,51,40,66,63,"182cm | 6'0""",0,-,-,New England Revolution,Argentina
Jannik Vestergaard,63,CB,,0,2,3,48,38,51,40,67,58,"199cm | 6'6""",0,-,-,TSG 1899 Hoffenheim,Denmark
Dejan Rusmir,63,CDM,,0,2,4,46,58,61,59,63,62,"184cm | 6'0""",0,-,-,Columbus Crew,Serbia
Benjamin Siegrist,63,GK,,0,1,1,67,64,73,60,39,62,"194cm | 6'4""",0,-,-,Aston Villa,Switzerland
Mamadou Danso,63,CB,,0,2,3,49,42,48,52,68,74,"191cm | 6'3""",0,-,-,Portland,Gambia
Il Lok Yun,63,LW,,0,2,4,70,63,60,64,52,56,"178cm | 5'10""",0,-,-,GyeongNam FC,Korea Republic
Ji Ho Han,63,CF,,0,2,3,68,63,47,62,46,65,"179cm | 5'10""",0,-,-,Busan I'Park,Korea Republic
Leonardo Bittencourt,63,CM,,0,3,5,78,59,62,71,50,56,"171cm | 5'7""",0,-,-,Energie Cottbus,Germany
Gianluca Zavarise,63,CM,,0,3,2,77,59,63,67,67,70,"182cm | 6'0""",0,-,-,Toronto FC,Canada
Arnaud De Greef,63,RB,,0,2,3,66,52,52,48,65,72,"183cm | 6'0""",0,-,-,KVC Westerlo,Belgium
Benjamin Kessel,63,RB,,0,2,3,67,41,57,62,66,63,"191cm | 6'3""",0,-,-,Braunschweig,Germany
Ayanda Patosi,63,CAM,,0,3,4,69,55,62,72,34,45,"174cm | 5'9""",0,-,-,Sporting Lokeren OV,South Africa
Alban Meha,63,LM,,0,3,4,76,65,60,69,48,55,"173cm | 5'8""",0,-,-,SC Paderborn 07,Serbia
Nils Teixeira,63,LB,,0,2,3,77,53,63,68,59,60,"176cm | 5'9""",0,-,-,FSV Frankfurt,Germany
Quin Kruijsen,63,CM,,0,2,3,63,58,67,66,63,65,"182cm | 6'0""",0,-,-,VVV-Venlo,Netherlands
Yannick Stark,63,CDM,,0,2,3,67,54,62,59,67,63,"186cm | 6'1""",0,-,-,FSV Frankfurt,Germany
Luka Milunović,63,RW,,0,2,3,82,54,57,69,44,53,"178cm | 5'10""",0,-,-,SV Zulte-Waregem,Serbia
Aleksandar Stevanović,63,CDM,,0,2,3,66,64,63,61,56,63,"175cm | 5'9""",0,-,-,Werder Bremen,Serbia
Billel Omrani,63,ST,,0,2,3,63,63,60,63,45,67,"190cm | 6'3""",0,-,-,Olympique de Marseille,France
Nathan Clarke,62,CB,,0,2,3,56,26,40,35,67,64,"185cm | 6'1""",0,-,-,Oldham Athletic,England
Rudy Riou,62,GK,,0,1,3,60,65,64,67,40,65,"185cm | 6'1""",0,-,-,FC Nantes,France
Graham Stack,62,GK,,0,1,3,63,63,56,62,37,63,"188cm | 6'2""",0,-,-,Hibernian,Republic of Ireland
Fabian Gerber,62,LM,,0,2,5,73,60,58,65,47,55,"183cm | 6'0""",0,-,-,FC Ingolstadt 04,Germany
Michael Hart,62,RB,,0,2,3,71,45,59,56,61,65,"178cm | 5'10""",0,-,-,Hibernian,Scotland
Dominic Foley,62,ST,,0,3,1,34,65,55,55,56,77,"186cm | 6'1""",0,-,-,KSV Cercle Brugge,Republic of Ireland
Gareth Owen,62,CB,,0,2,3,61,19,48,46,65,67,"185cm | 6'1""",0,-,-,Port Vale,Wales
Danny Coles,62,CB,,0,2,4,70,32,33,35,66,67,"185cm | 6'1""",0,-,-,Exeter City,England
Craig Woodman,62,LB,,0,2,3,57,28,54,42,61,59,"175cm | 5'9""",0,-,-,Brentford,England
Danny Whitaker,62,CM,,0,3,4,62,64,59,61,54,58,"178cm | 5'10""",0,-,-,Chesterfield,England
Barry Roche,62,GK,,0,1,3,61,64,57,65,60,60,"193cm | 6'4""",0,-,-,Morecambe,Republic of Ireland
Gianluca Pegolo,62,GK,,0,1,1,57,68,58,66,47,60,"183cm | 6'0""",0,-,-,Siena,Italy
Matt Gill,62,CM,,0,2,3,56,52,69,58,58,59,"180cm | 5'11""",0,-,-,Bristol Rovers,England
Frankie Hejduk,62,RB,,0,3,2,70,53,51,55,63,64,"173cm | 5'8""",0,-,-,Los Angeles Galaxy,United States
Garry Hay,62,LB,,0,2,3,51,18,60,46,65,74,"173cm | 5'8""",0,-,-,Kilmarnock,Scotland
Sam Collins,62,CB,,0,2,3,46,29,26,29,69,61,"188cm | 6'2""",0,-,-,Hartlepool United,England
Sam Parkin,62,ST,,0,2,4,45,62,41,46,54,63,"188cm | 6'2""",0,-,-,St. Johnstone FC,England
Chris Coyne,62,CB,,0,2,3,48,15,40,38,65,77,"185cm | 6'1""",0,-,-,Perth Glory FC,Australia
Kemal Izzet,62,CDM,,0,2,3,61,42,59,60,66,66,"173cm | 5'8""",0,-,-,Colchester United,England
Carl Fletcher,62,CM,,0,2,3,50,52,62,51,66,70,"178cm | 5'10""",0,-,-,Plymouth Argyle,Wales
Luke Guttridge,62,CM,,0,3,3,62,56,61,70,56,59,"169cm | 5'7""",0,-,-,Aldershot Town,England
Ramiro Corrales,62,CDM,,0,2,3,41,60,58,61,65,67,"182cm | 6'0""",0,-,-,San Jose Earthquakes,United States
Juan Cruz Ochoa López,62,CB,,0,2,3,43,41,49,41,65,60,"191cm | 6'3""",0,-,-,Sociedad Deportiva Huesca S.A.D.,Spain
Luciano González Groba,62,CB,,0,2,3,45,43,56,53,65,61,"184cm | 6'0""",0,-,-,Real Murcia,Spain
Daniel Mallo Castro,62,GK,,0,1,3,66,60,55,64,41,57,"186cm | 6'1""",0,-,-,Girona Fútbol Club S.A.D. ,Spain
Éamon Zayed,62,ST,,0,2,4,81,60,50,58,46,69,"188cm | 6'2""",0,-,-,Derry City,Lybia
Romain Larrieu,62,GK,,0,1,3,62,65,63,60,35,63,"188cm | 6'2""",0,-,-,Plymouth Argyle,France
Rafael Clavero Prados,62,LB,,0,2,3,71,37,60,51,66,54,"175cm | 5'9""",0,-,-,Sociedad Deportiva Huesca S.A.D.,Spain
Michael Bemben,62,RB,,0,2,3,44,61,59,52,70,57,"182cm | 6'0""",0,-,-,Górnik Zabrze,Germany
Marco Kurth,62,CDM,,0,2,3,60,54,62,57,62,53,"178cm | 5'10""",0,-,-,Energie Cottbus,Germany
Joris Van Hout,62,CB,,0,2,3,36,55,53,52,64,68,"187cm | 6'2""",0,-,-,KVC Westerlo,Belgium
Chris Greenacre,62,ST,,0,2,3,63,60,42,56,52,69,"180cm | 5'11""",0,-,-,Wellington Phoenix,England
Craig Westcarr,62,ST,,0,2,3,88,58,48,63,45,70,"180cm | 5'11""",0,-,-,Chesterfield,England
Ilčo Naumoski,62,ST,,0,3,3,63,60,47,62,58,66,"191cm | 6'3""",0,-,-,SV Mattersburg,FYR Macedonia
Lukas Kruse,62,GK,,0,1,3,68,59,56,64,59,57,"185cm | 6'1""",0,-,-,SC Paderborn 07,Germany
Nicky Hayen,62,CB,,0,2,2,42,38,42,30,66,58,"188cm | 6'2""",0,-,-,OHL,Belgium
Peter Vagenas,62,CDM,,0,2,4,61,49,56,57,62,64,"173cm | 5'8""",0,-,-,Whitecaps FC,United States
Jon Conway,62,GK,,0,1,3,61,62,69,61,25,64,"198cm | 6'6""",0,-,-,Chicago Fire,United States
Carles Domingo Pladevall,62,LB,,0,2,3,65,45,62,48,63,61,"177cm | 5'10""",0,-,-,Gimnàstic de Tarragona S.A.D.,Spain
Antonio Bocchetti,62,LB,,0,2,3,65,41,55,53,65,66,"183cm | 6'0""",0,-,-,Pescara,Italy
Patrick Milchraum,62,LB,,0,3,3,81,63,60,66,62,61,"174cm | 5'9""",0,-,-,Karlsruher SC,Germany
Chris Millar,62,RM,,0,3,3,68,36,60,64,60,54,"175cm | 5'9""",0,-,-,St. Johnstone FC,Scotland
Jef Delen,62,LB,,0,2,3,62,58,62,57,55,58,"176cm | 5'9""",0,-,-,KVC Westerlo,Belgium
Eric Marester,62,RB,,0,2,3,70,56,62,65,56,55,"172cm | 5'8""",0,-,-,AS Monaco FC,France
Simon Francis,62,RB,,0,2,4,63,46,60,50,61,46,"191cm | 6'3""",0,-,-,Charlton Athletic,England
Woong Namkung,62,LB,,0,2,4,80,58,54,59,50,62,"184cm | 6'0""",0,-,-,Seongnam Ilhwa Chunma,Korea Republic
Jesper Mikkelsen,62,CDM,,0,2,3,44,41,50,44,66,65,"183cm | 6'0""",0,-,-,Silkeborg IF,Denmark
Francesco Parravicini,62,CDM,,0,2,3,61,52,59,50,63,63,"175cm | 5'9""",0,-,-,Siena,Italy
Brian Wilson,62,RB,,0,2,4,64,54,66,56,60,64,"178cm | 5'10""",0,-,-,Colchester United,England
Alexander Huber,62,RB,,0,2,3,64,36,58,54,63,56,"174cm | 5'9""",0,-,-,FSV Frankfurt,Germany
Bas van den Brink,62,CB,,0,2,3,27,47,52,34,66,69,"188cm | 6'2""",0,-,-,Perth Glory FC,Netherlands
Kasper Jensen,62,GK,,0,1,2,69,65,56,58,61,57,"193cm | 6'4""",0,-,-,FC Midtjylland,Denmark
Domenico Maietta,62,CB,,0,2,2,63,35,45,36,63,60,"185cm | 6'1""",0,-,-,Verona,Italy
Shavar Thomas,62,CB,,0,2,3,37,37,38,47,66,68,"185cm | 6'1""",0,-,-,Kansas City Wizards,Jamaica
Arnaud Bühler,62,LB,,0,2,3,68,42,57,56,64,61,"187cm | 6'2""",0,-,-,FC Sion,Switzerland
Leandre Griffit,62,LM,,0,2,4,63,59,65,67,45,42,"172cm | 5'8""",0,-,-,Toronto FC,France
Daniele Di Donato,62,CDM,,0,2,3,55,49,61,58,60,68,"173cm | 5'8""",0,-,-,Ascoli,Italy
Matteo Abbate,62,RB,,0,2,3,61,40,34,33,67,58,"184cm | 6'0""",0,-,-,Verona,Italy
Maurizio Ciaramitaro,62,CM,,0,2,2,65,56,67,60,60,57,"180cm | 5'11""",0,-,-,Modena,Italy
Davide Callà,62,RM,,0,3,3,72,49,60,60,51,57,"175cm | 5'9""",0,-,-,Grasshopper-Club,Switzerland
Antony Kay,62,CDM,,0,2,3,68,58,54,51,67,71,"180cm | 5'11""",0,-,-,Huddersfield Town,England
Robbie Williams,62,LB,,0,2,3,65,44,49,50,67,66,"178cm | 5'10""",0,-,-,Plymouth Argyle,England
Soon Hak Hong,62,CM,,0,3,4,71,59,61,62,62,59,"179cm | 5'10""",0,-,-,Suwon Samsung Bluewings,Korea Republic
Jae Hong Park,62,CB,,0,2,3,71,45,45,45,66,68,"184cm | 6'0""",0,-,-,GyeongNam FC,Korea Republic
Seung Bum Oh,62,CM,,0,2,2,72,64,64,67,66,66,"174cm | 5'9""",0,-,-,Jeju United FC,Korea Republic
Jon-Paul McGovern,62,RM,,0,3,3,52,48,63,67,51,59,"173cm | 5'8""",0,-,-,Carlisle United,Scotland
Cédric Berthelin,62,GK,,0,1,3,61,62,57,62,33,65,"194cm | 6'4""",0,-,-,RAEC Mons,France
Miguel Almazán,62,CB,,0,2,3,54,41,60,47,63,62,"179cm | 5'10""",0,-,-,Tijuana,Mexico
Jake Buxton,62,CB,,0,2,3,59,17,44,27,63,66,"180cm | 5'11""",0,-,-,Derby County,England
Paul Quinn,62,RB,,0,2,3,58,31,54,57,66,72,"185cm | 6'1""",0,-,-,Cardiff City,Scotland
Gavin Williams,62,CM,,0,2,4,57,60,63,59,57,59,"178cm | 5'10""",0,-,-,Yeovil Town,Wales
Muhamed Demiri,62,LM,,0,2,3,60,54,61,64,59,55,"180cm | 5'11""",0,-,-,FC Thun,Switzerland
Sergio Torres,62,RM,,0,4,3,67,48,52,72,39,33,"188cm | 6'2""",0,-,-,Crawley Town,Argentina
José Díaz Sánchez,62,CF,,0,2,3,73,56,47,66,48,62,"173cm | 5'8""",0,-,-,Córdoba Club de Fútbol S.A.D.,Spain
David Valle Millán,62,GK,,0,1,2,56,70,54,57,45,68,"190cm | 6'3""",0,-,-,Gimnàstic de Tarragona S.A.D.,Spain
Carlos Caballero Pérez,62,CAM,,0,2,3,62,58,66,60,50,48,"178cm | 5'10""",0,-,-,Córdoba Club de Fútbol S.A.D.,Spain
Stéphane Pignol,62,RB,,0,2,3,59,46,59,58,65,57,"184cm | 6'0""",0,-,-,Unión Deportiva Las Palmas S.A.D.,France
Iban Zubiaurre Urrutia,62,RB,,0,2,4,67,45,63,61,63,61,"177cm | 5'10""",0,-,-,Athletic Club de Bilbao,Spain
Héctor Simon Escudero,62,CM,,0,3,3,63,55,60,62,53,52,"179cm | 5'10""",0,-,-,Sabadell FC,Spain
Sergio Ortega González,62,CB,,0,2,3,50,42,56,46,66,63,"182cm | 6'0""",0,-,-,Real Club Celta de Vigo S.A.D.,Spain
Grzegorz Fonfara,62,RB,,0,2,3,73,46,52,67,60,69,"176cm | 5'9""",0,-,-,GKS Bełchatów,Poland
Dariusz Kłus,62,CDM,,0,2,3,65,45,54,50,67,65,"187cm | 6'2""",0,-,-,Lodz,Poland
Isah Abdulahi Eliakwu,62,CF,,0,3,3,75,59,46,63,50,60,"172cm | 5'8""",0,-,-,Anzhi Makhachkala,Nigeria
Alan Bennett,62,CB,,0,2,3,45,28,34,28,66,65,"187cm | 6'2""",0,-,-,Cheltenham Town,Republic of Ireland
Jason Byrne,62,ST,,0,3,4,54,61,46,59,44,65,"181cm | 5'11""",0,-,-,Dundalk FC,Republic of Ireland
Juho Mäkelä,62,ST,,0,2,4,59,57,48,53,47,67,"190cm | 6'3""",0,-,-,Sydney FC,Finland
Matt Duke,62,GK,,0,1,2,59,69,63,66,61,59,"196cm | 6'5""",0,-,-,Bradford City,England
Jürgen Patocka,62,CB,,0,2,2,31,38,40,33,68,72,"192cm | 6'4""",0,-,-,SK Rapid Wien,Austria
Kayode Odejayi,62,ST,,0,2,3,78,53,40,54,54,73,"191cm | 6'3""",0,-,-,Colchester United,Nigeria
Scott Flinders,62,GK,,0,1,3,65,62,63,64,64,58,"193cm | 6'4""",0,-,-,Hartlepool United,England
Shane Stefanutto,62,LB,,0,2,2,67,49,62,64,63,55,"177cm | 5'10""",0,-,-,Brisbane Roar Football Club,Australia
Steven Thomson,62,CM,,0,2,3,55,49,62,65,66,58,"173cm | 5'8""",0,-,-,St. Mirren,Scotland
Calvin Zola,62,ST,,0,2,2,68,54,42,58,55,74,"191cm | 6'3""",0,-,-,Burton Albion,DR Congo
Paul Keegan,62,CDM,,0,2,2,69,56,61,44,64,60,"180cm | 5'11""",0,-,-,Doncaster Rovers,Republic of Ireland
Thiago Quirino da Silva,62,CF,,0,3,3,84,59,53,66,49,67,"181cm | 5'11""",0,-,-,Daegu FC,Brazil
Jack Smith,62,RB,,0,2,3,63,30,56,53,64,59,"180cm | 5'11""",0,-,-,Millwall,England
Paweł Sobolewski,62,LM,,0,4,4,80,54,56,66,48,54,"175cm | 5'9""",0,-,-,Korona Kielce,Poland
Joseba del Olmo García,62,RM,,0,3,3,73,55,58,64,59,61,"172cm | 5'8""",0,-,-,Hércules Club de Fútbol S.A.D.,Spain
Bernardo Domínguez Fernández,62,GK,,0,1,4,61,62,57,69,56,60,"185cm | 6'1""",0,-,-,Sociedad Deportiva Huesca S.A.D.,Spain
Hyo Sung Bae,62,CB,,0,2,2,44,35,44,30,67,66,"183cm | 6'0""",0,-,-,Incheon United FC,Korea Republic
Lance Davids,62,RB,,0,2,3,79,51,62,62,64,56,"174cm | 5'9""",0,-,-,Lierse SK,South Africa
Jin Ho Lee,62,ST,,0,3,3,61,54,49,67,56,70,"184cm | 6'0""",0,-,-,Ulsan Hyundai Horang-i,Korea Republic
Seung Hwan Bang,62,ST,,0,3,3,64,59,47,58,60,63,"185cm | 6'1""",0,-,-,FC Seoul,Korea Republic
Bartosz Bialkowski,62,GK,,0,1,3,66,62,61,64,59,58,"193cm | 6'4""",0,-,-,Southampton,Poland
John O'Flynn,62,ST,,0,2,3,71,64,53,57,48,56,"180cm | 5'11""",0,-,-,Exeter City,Republic of Ireland
Shaun Cooper,62,CB,,0,2,3,72,31,62,51,64,63,"178cm | 5'10""",0,-,-,Bournemouth,England
Juan Domínguez Otaegi,62,CF,,0,3,3,70,62,51,58,52,67,"174cm | 5'9""",0,-,-,Gimnàstic de Tarragona S.A.D.,Spain
Daniel McBreen,62,ST,,0,2,4,61,54,23,50,53,81,"186cm | 6'1""",0,-,-,Central Coast Mariners FC,Australia
Ricardo Cabanas,62,CM,,0,2,4,52,61,61,65,58,60,"173cm | 5'8""",0,-,-,Grasshopper-Club,Switzerland
Ashley Vincent,62,RW,,0,2,1,83,51,53,66,39,54,"183cm | 6'0""",0,-,-,Colchester United,England
Enoch Showunmi,62,ST,,0,3,3,78,58,39,63,57,64,"196cm | 6'5""",0,-,-,Tranmere Rovers,Nigeria
Claudio Lustenberger,62,LB,,0,2,3,72,48,61,63,66,68,"182cm | 6'0""",0,-,-,FC Luzern,Switzerland
Didier Crettenand,62,CM,,0,2,3,69,44,67,63,61,43,"180cm | 5'11""",0,-,-,FC Sion,Switzerland
Rowan Vine,62,ST,,0,3,4,59,64,54,55,55,60,"185cm | 6'1""",0,-,-,Exeter City,England
Abraham González,62,CM,,0,3,4,57,64,70,60,54,44,"178cm | 5'10""",0,-,-,Agrupación Deportiva Alcorcón,Spain
Conrad Logan,62,GK,,0,1,3,62,62,62,70,55,60,"188cm | 6'2""",0,-,-,Rotherham United,Republic of Ireland
Valerio Foglio,62,LM,,0,2,3,72,49,62,61,58,60,"180cm | 5'11""",0,-,-,A. Leffe,Italy
Kenneth Van Goethem,62,CDM,,0,2,4,65,44,61,53,56,57,"178cm | 5'10""",0,-,-,OHL,Belgium
Frank van Mosselveld,62,CB,,0,2,3,48,45,56,37,68,65,"184cm | 6'0""",0,-,-,RKC Waalwijk,Netherlands
Sebastian Svärd,62,CDM,,0,2,3,49,50,55,56,68,66,"185cm | 6'1""",0,-,-,Roda JC,Denmark
Mat Sadler,62,LB,,0,2,3,62,45,59,59,63,58,"182cm | 6'0""",0,-,-,Walsall,England
Wayne Srhoj,62,CM,,0,2,3,56,58,58,57,67,57,"184cm | 6'0""",0,-,-,Melbourne Heart FC,Australia
Alan McCormack,62,CM,,0,2,4,53,62,65,61,56,64,"173cm | 5'8""",0,-,-,Swindon Town,Republic of Ireland
Maxime Annys,62,CDM,,0,2,3,67,52,61,49,64,57,"186cm | 6'1""",0,-,-,OHL,Belgium
Isaac Osbourne,62,CM,,0,2,3,73,46,67,62,65,70,"178cm | 5'10""",0,-,-,Aberdeen,England
Mark Roberts,62,CB,,0,2,3,64,34,44,48,65,64,"185cm | 6'1""",0,-,-,Stevenage FC,England
Lee Frecklington,62,CM,,0,2,3,64,55,66,59,60,56,"180cm | 5'11""",0,-,-,Peterborough United,England
Momar N'Diaye,62,RW,,0,2,3,77,58,52,66,48,67,"180cm | 5'11""",0,-,-,FSV Frankfurt,Senegal
Ben Herd,62,RB,,0,2,3,68,44,54,55,64,66,"175cm | 5'9""",0,-,-,Aldershot Town,England
Alvaro Silva Linares,62,CB,,0,2,3,52,33,50,47,66,60,"187cm | 6'2""",0,-,-,Xerez Club Deportivo S.A.D.,Spain
Roberto Previtali,62,CM,,0,2,3,66,59,63,69,56,62,"170cm | 5'7""",0,-,-,A. Leffe,Italy
Michele Troiano,62,CM,,0,2,3,69,59,66,60,63,69,"187cm | 6'2""",0,-,-,Sassuolo,Italy
Mirko Pieri,62,LB,,0,2,3,64,54,59,56,67,61,"183cm | 6'0""",0,-,-,Livorno,Italy
Stephen Dawson,62,CM,,0,2,4,68,45,61,58,67,65,"168cm | 5'6""",0,-,-,Leyton Orient,Republic of Ireland
Craig Sives,62,CB,,0,2,2,54,41,43,40,66,69,"191cm | 6'3""",0,-,-,Shamrock Rovers,Scotland
Chris Hogg,62,CB,,0,2,3,63,26,44,51,65,66,"182cm | 6'0""",0,-,-,Inverness Caledonian Thistle,England
Josh Lillis,62,GK,,0,1,3,66,58,60,68,46,57,"183cm | 6'0""",0,-,-,Scunthorpe United,England
Billy Clarke,62,CF,,0,3,2,69,63,45,62,39,61,"170cm | 5'7""",0,-,-,Blackpool,Republic of Ireland
Dong Won Lee,62,CB,,0,2,3,56,26,36,30,68,78,"189cm | 6'2""",0,-,-,Busan I'Park,Korea Republic
Tim Brown,62,CM,,0,2,3,61,53,58,54,67,71,"185cm | 6'1""",0,-,-,Wellington Phoenix,New Zealand
David Sencar,62,CAM,,0,3,3,70,59,60,63,56,58,"176cm | 5'9""",0,-,-,KSV Superfund,Austria
Karleigh Osborne,62,CB,,0,2,3,81,31,46,39,67,62,"188cm | 6'2""",0,-,-,Brentford,England
Kerrea Gilbert,62,RB,,0,2,3,80,48,52,63,64,60,"175cm | 5'9""",0,-,-,Yeovil Town,England
Sammy Ochoa,62,ST,,0,3,4,67,60,49,60,52,71,"182cm | 6'0""",0,-,-,Seattle Sounders FC,United States
David Graham,62,RM,,0,2,3,57,57,61,68,54,54,"175cm | 5'9""",0,-,-,Dunfermline,Scotland
Kristoffer Andersen,62,LM,,0,2,3,71,56,58,63,61,58,"182cm | 6'0""",0,-,-,FC Ingolstadt 04,Denmark
Grégory Beranger,62,LB,,0,2,2,74,50,56,63,62,63,"174cm | 5'9""",0,-,-,Elche Club de Fútbol S.A.D.,France
Tobias Fink,62,LB,,0,2,4,71,55,61,62,60,60,"178cm | 5'10""",0,-,-,FC Ingolstadt 04,Germany
Alan Sheehan,62,LB,,0,2,3,62,53,65,60,61,57,"180cm | 5'11""",0,-,-,Notts County,Republic of Ireland
Andy Taylor,62,LB,,0,2,2,65,44,62,56,63,60,"183cm | 6'0""",0,-,-,Sheffield United,England
Billy Dennehy,62,LM,,0,2,2,82,55,59,62,40,55,"184cm | 6'0""",0,-,-,Shamrock Rovers,Republic of Ireland
Charlie Daniels,62,LB,,0,2,4,80,48,62,58,60,65,"178cm | 5'10""",0,-,-,Leyton Orient,England
Harry Worley,62,CB,,0,2,2,61,32,43,38,65,74,"194cm | 6'4""",0,-,-,Oxford United FC,England
Shaun Cummings,62,RB,,0,2,3,74,45,62,60,61,55,"183cm | 6'0""",0,-,-,Reading,England
Youssef Adnane,62,ST,,0,2,3,65,62,48,61,42,59,"178cm | 5'10""",0,-,-,Evian Thonon Gaillard FC,France
Shaun Miller,62,ST,,0,2,3,79,56,38,64,44,58,"173cm | 5'8""",0,-,-,Crewe Alexandra,England
Ben Hamer,62,GK,,0,1,3,63,60,69,65,49,61,"193cm | 6'4""",0,-,-,Charlton Athletic,England
Mark Little,62,RB,,0,2,4,81,30,59,61,64,66,"185cm | 6'1""",0,-,-,Peterborough United,England
Daniel Jones,62,LB,,0,2,3,79,51,61,57,62,53,"188cm | 6'2""",0,-,-,Sheffield Wednesday,England
Richard Taundry,62,CDM,,0,2,4,61,49,63,54,62,63,"183cm | 6'0""",0,-,-,Walsall,England
Elliot Benyon,62,ST,,0,3,4,64,62,39,55,45,64,"175cm | 5'9""",0,-,-,Wycombe Wanderers,England
Francis N'Ganga,62,LB,,0,2,2,77,45,59,47,67,57,"176cm | 5'9""",0,-,-,Tours FC,Congo
Jamie MacDonald,62,GK,,0,1,1,60,61,61,67,22,64,"185cm | 6'1""",0,-,-,Heart of Midlothian,Scotland
Sastre,62,CM,,0,2,4,61,52,64,51,60,58,"175cm | 5'9""",0,-,-,Sociedad Deportiva Huesca S.A.D.,Spain
Sebastian Dudek,62,CM,,0,2,3,56,53,60,59,59,55,"182cm | 6'0""",0,-,-,Wrocław,Poland
Anthony Wordsworth,62,CM,,0,2,4,59,66,65,51,41,56,"185cm | 6'1""",0,-,-,Colchester United,England
Michael Raynes,62,CB,,0,2,3,61,28,39,29,65,69,"193cm | 6'4""",0,-,-,Rotherham United,England
Evan Horwood,62,LB,,0,2,3,74,51,62,52,58,59,"183cm | 6'0""",0,-,-,Hartlepool United,England
Sigourney Bandjar,62,RB,,0,2,3,71,46,56,60,62,66,"170cm | 5'7""",0,-,-,RKC Waalwijk,Netherlands
Louis Dodds,62,ST,,0,3,4,72,58,54,64,49,66,"178cm | 5'10""",0,-,-,Port Vale,England
Barry Corr,62,ST,,0,2,3,64,55,41,51,57,72,"191cm | 6'3""",0,-,-,Southend United,Republic of Ireland
Carl Finnigan,62,ST,,0,3,3,72,60,46,60,49,62,"178cm | 5'10""",0,-,-,St. Johnstone FC,England
Stephen O'Halloran,62,LB,,0,2,3,68,38,61,60,62,58,"180cm | 5'11""",0,-,-,Carlisle United,Republic of Ireland
Isaiah Osbourne,62,CM,,0,3,4,73,52,62,61,63,64,"188cm | 6'2""",0,-,-,Hibernian,England
Miguel Dachelet,62,CB,,0,2,3,64,34,51,44,63,67,"182cm | 6'0""",0,-,-,SV Zulte-Waregem,Belgium
Siebe Blondelle,62,CB,,0,2,3,63,36,48,52,65,64,"184cm | 6'0""",0,-,-,RAEC Mons,Belgium
Danny Livesey,62,CB,,0,2,3,66,30,33,50,66,59,"188cm | 6'2""",0,-,-,Carlisle United,England
Ivan Castiglia,62,CDM,,0,2,3,64,56,59,60,66,68,"181cm | 5'11""",0,-,-,Reggina,Italy
Lionel Ainsworth,62,RM,,0,3,3,90,48,54,63,45,56,"175cm | 5'9""",0,-,-,Shrewsbury,England
Lloyd James,62,CM,,0,2,3,59,43,69,48,57,59,"178cm | 5'10""",0,-,-,Colchester United,Wales
Ben Amos,62,GK,,0,1,2,62,63,65,74,50,54,"193cm | 6'4""",0,-,-,Manchester United,England
David Button,62,GK,,0,1,3,69,52,59,68,66,60,"191cm | 6'3""",0,-,-,Leyton Orient,England
Paul Caddis,62,RB,,0,2,2,70,33,54,67,65,67,"170cm | 5'7""",0,-,-,Swindon Town,Scotland
Michael Spillane,62,CB,,0,2,3,68,35,54,54,68,59,"188cm | 6'2""",0,-,-,Brentford,Republic of Ireland
Michael Bostwick,62,CDM,,0,2,3,61,53,52,57,66,65,"193cm | 6'4""",0,-,-,Stevenage FC,England
Joe Skarz,62,LB,,0,2,3,74,33,57,57,60,57,"183cm | 6'0""",0,-,-,Bury,England
Felisberto Da Graca Amaral,62,CM,,0,2,2,74,54,62,65,61,57,"180cm | 5'11""",0,-,-,Lierse SK,Angola
Jason Garey,62,ST,,0,2,3,53,59,52,60,53,70,"183cm | 6'0""",0,-,-,Houston Dynamo,United States
Jed Zayner,62,RB,,0,2,3,67,47,56,58,65,64,"180cm | 5'11""",0,-,-,D.C. United,United States
Mike Chabala,62,LB,,0,2,3,67,52,56,58,66,62,"185cm | 6'1""",0,-,-,Portland,United States
Calen Carr,62,ST,,0,3,3,84,57,46,65,45,57,"183cm | 6'0""",0,-,-,Houston Dynamo,United States
Stephen Keel,62,CB,,0,2,2,63,36,52,47,64,62,"183cm | 6'0""",0,-,-,New York Red Bulls,United States
Rafał Grodzicki,62,CB,,0,2,2,48,40,46,31,74,50,"192cm | 6'4""",0,-,-,Ruch Chorzów,Poland
Min Hyuk Kang,62,CB,,0,2,3,49,37,46,38,64,70,"180cm | 5'11""",0,-,-,Jeju United FC,Korea Republic
Lecsinel Jean-François,62,CB,,0,2,3,63,29,60,38,63,66,"188cm | 6'2""",0,-,-,Sheffield United,Haiti
Jérôme Polenz,62,RB,,0,3,4,73,56,61,65,62,62,"183cm | 6'0""",0,-,-,1. FC Union Berliln,Germany
Andy Bishop,62,ST,,0,2,2,74,59,34,60,50,64,"183cm | 6'0""",0,-,-,Bury,England
Jérôme Lemoigne,62,CM,,0,3,3,62,63,66,62,57,56,"188cm | 6'2""",0,-,-,CS Sedan Ardennes,France
Dean Furman,62,CM,,0,3,3,61,59,66,65,63,52,"183cm | 6'0""",0,-,-,Oldham Athletic,South Africa
Manuel Konrad,62,LB,,0,2,4,67,55,56,53,68,62,"187cm | 6'2""",0,-,-,FSV Frankfurt,Germany
Andrea Milani,62,RB,,0,2,3,73,43,58,55,63,64,"174cm | 5'9""",0,-,-,Modena,Italy
Bellvis,62,LB,,0,3,2,80,47,60,66,58,60,"169cm | 5'7""",0,-,-,Real Club Celta de Vigo S.A.D.,Spain
Heinz Barmettler,62,CB,,0,2,2,54,31,48,38,65,70,"182cm | 6'0""",0,-,-,FC Zürich,Switzerland
Andreas Nordvik,62,LB,,0,2,4,72,48,59,64,64,69,"184cm | 6'0""",0,-,-,Vålerenga Fotball,Norway
Mike Jones,62,LM,,0,2,3,84,44,58,64,45,38,"183cm | 6'0""",0,-,-,Bury,England
Greg Tansey,62,CM,,0,2,3,74,57,62,64,59,70,"185cm | 6'1""",0,-,-,Inverness Caledonian Thistle,England
Mario Vrancic,62,CAM,,0,3,3,62,53,62,66,49,55,"186cm | 6'1""",0,-,-,Borussia Dortmund,Germany
Tommaso Bianchi,62,CM,,0,2,3,69,49,63,60,64,65,"184cm | 6'0""",0,-,-,Sassuolo,Italy
Cheikh Gueye,62,RB,,0,2,3,78,27,56,28,64,61,"180cm | 5'11""",0,-,-,Dynamo Dresden,Senegal
Elliot Omozusi,62,RB,,0,2,3,73,25,55,60,67,63,"180cm | 5'11""",0,-,-,Leyton Orient,England
Chris Seitz,62,GK,,0,1,3,66,58,67,64,64,60,"193cm | 6'4""",0,-,-,FC Dallas,United States
Zoumana Bakayogo,62,LB,,0,2,3,85,39,60,66,66,58,"183cm | 6'0""",0,-,-,Tranmere Rovers,France
Gabriel Ferrari,62,ST,,0,3,3,69,59,50,64,51,66,"188cm | 6'2""",0,-,-,Chicago Fire,United States
Anthony Wallace,62,LB,,0,2,3,75,47,51,58,66,70,"180cm | 5'11""",0,-,-,Colorado Rapids,United States
Reuben Reid,62,ST,,0,2,3,81,56,53,68,48,62,"183cm | 6'0""",0,-,-,Oldham Athletic,England
Jordy Brouwer,62,ST,,0,2,3,46,60,45,58,51,64,"188cm | 6'2""",0,-,-,ADO Den Haag,Netherlands
Frédéric Frans,62,CB,,0,2,4,53,39,52,41,70,60,"193cm | 6'4""",0,-,-,Lierse SK,Belgium
Dong Suk Kim,62,CAM,,0,3,3,67,59,61,66,33,40,"171cm | 5'7""",0,-,-,Ulsan Hyundai Horang-i,Korea Republic
Iriome,62,RM,,0,3,4,74,52,56,69,47,63,"186cm | 6'1""",0,-,-,Villarreal Club de Fútbol “B” S.A.D.,Spain
Corey Ashe,62,LB,,0,3,2,89,47,59,68,57,57,"168cm | 5'6""",0,-,-,Houston Dynamo,United States
Billy Celeski,62,CM,,0,3,4,70,51,58,71,58,38,"176cm | 5'9""",0,-,-,Melbourne Victory FC,Australia
Pavel Košťál,62,CB,,0,2,3,48,47,44,41,71,57,"193cm | 6'4""",0,-,-,Hansa Rostock,Czech Republic
David Elm,62,ST,,0,2,4,55,61,53,56,59,62,"191cm | 6'3""",0,-,-,IF Elfsborg,Sweden
Andreas Landgren,62,CM,,0,2,3,58,51,62,57,69,67,"176cm | 5'9""",0,-,-,Fredrikstad FK,Sweden
Damien Marcq,62,CDM,,0,2,3,65,36,64,61,71,76,"183cm | 6'0""",0,-,-,Dijon FCO,France
Shaun Batt,62,RM,,0,2,3,76,57,61,60,51,61,"191cm | 6'3""",0,-,-,Millwall,England
Sam Saunders,62,RM,,0,3,3,66,53,59,70,45,55,"173cm | 5'8""",0,-,-,Brentford,England
Yoo Gul Song,62,GK,,0,1,2,62,62,60,62,48,63,"187cm | 6'2""",0,-,-,Incheon United FC,Korea Republic
Ferry de Regt,62,CB,,0,2,3,36,32,56,59,65,64,"190cm | 6'3""",0,-,-,VVV-Venlo,Netherlands
Fabian Müller,62,RB,,0,2,4,78,52,60,66,63,59,"175cm | 5'9""",0,-,-,FC Erzgebirge Aue,Germany
Kieran Agard,62,ST,,0,2,4,82,55,40,67,44,59,"173cm | 5'8""",0,-,-,Yeovil Town,England
Claudio Beauvue,62,RW,,0,3,3,80,57,54,57,48,59,"174cm | 5'9""",0,-,-,La Berrichonne de Châteauroux,France
Ashley Grimes,62,ST,,0,3,3,75,60,51,61,42,58,"183cm | 6'0""",0,-,-,Rochdale,England
Shaleum Logan,62,RB,,0,2,4,78,52,62,60,59,54,"173cm | 5'8""",0,-,-,Brentford,England
David Pollet,62,ST,,0,2,3,69,65,44,60,44,72,"188cm | 6'2""",0,-,-,Racing Club de Lens,Belgium
Ivan Benito,62,GK,,0,1,2,62,57,60,61,56,67,"184cm | 6'0""",0,-,-,BSC Young Boys,Switzerland
Sascha Kotysch,62,CB,,0,2,2,66,41,53,46,66,65,"188cm | 6'2""",0,-,-,Sint-Truidense VV,Germany
Loris Arnaud,62,ST,,0,3,3,71,57,52,66,55,62,"182cm | 6'0""",0,-,-,Paris Saint-Germain,France
Kevin van Diermen,62,CB,,0,2,4,48,20,47,46,66,60,"186cm | 6'1""",0,-,-,Vitesse,Netherlands
Graham Burke,62,CF,,0,3,3,55,62,42,59,37,50,"180cm | 5'11""",0,-,-,Aston Villa,Republic of Ireland
Sören Gonther,62,CB,,0,2,4,60,30,33,36,67,67,"186cm | 6'1""",0,-,-,SC Paderborn 07,Germany
Anthony Griffith,62,CDM,,0,2,2,67,44,54,56,70,67,"183cm | 6'0""",0,-,-,Port Vale,Montserrat
Christian Strohdiek,62,CB,,0,2,3,60,21,36,36,68,62,"192cm | 6'4""",0,-,-,SC Paderborn 07,Germany
Emanuele Terranova,62,CB,,0,2,3,64,33,48,47,65,66,"180cm | 5'11""",0,-,-,Sassuolo,Italy
Roberto Juárez,62,CB,,0,2,3,62,40,56,57,66,55,"183cm | 6'0""",0,-,-,Puebla,Mexico
Thiemo-Jerome Kialka,62,ST,,0,3,3,70,57,56,64,45,61,"180cm | 5'11""",0,-,-,1. FC Köln,Germany
Marvin Bartley,62,CDM,,0,2,2,79,48,61,63,64,63,"180cm | 5'11""",0,-,-,Burnley,England
Rick Verbeek,62,CM,,0,2,3,50,58,66,64,60,64,"181cm | 5'11""",0,-,-,VVV-Venlo,Netherlands
Jan Lecjaks,62,LB,,0,2,2,69,56,65,61,58,60,"180cm | 5'11""",0,-,-,BSC Young Boys,Czech Republic
Giel Deferm,62,CM,,0,2,3,65,58,62,61,56,60,"179cm | 5'10""",0,-,-,Sint-Truidense VV,Belgium
Grant Basey,62,LB,,0,2,3,68,36,62,60,63,64,"183cm | 6'0""",0,-,-,Peterborough United,Wales
Jonathan Franks,62,ST,,0,2,2,74,57,49,59,39,55,"174cm | 5'9""",0,-,-,Oxford United FC,England
Ryan Dickson,62,LB,,0,2,3,71,38,57,60,64,60,"178cm | 5'10""",0,-,-,Southampton,England
Neal Trotman,62,CB,,0,2,3,67,28,49,42,69,70,"188cm | 6'2""",0,-,-,Rochdale,England
Raúl Fuster Arnao,62,LB,,0,2,3,77,31,54,54,64,64,"177cm | 5'10""",0,-,-,Gimnàstic de Tarragona S.A.D.,Spain
Matko Perdijić,62,GK,,0,1,2,61,63,56,62,42,67,"195cm | 6'5""",0,-,-,Ruch Chorzów,Croatia
Sainey Nyassi,62,RM,,0,3,3,92,59,52,69,46,40,"173cm | 5'8""",0,-,-,New England Revolution,Gambia
James Dunne,62,CM,,0,2,3,59,56,61,58,63,63,"180cm | 5'11""",0,-,-,Exeter City,England
Tommy Smith,62,CB,,0,2,3,72,33,60,34,61,57,"188cm | 6'2""",0,-,-,Ipswich Town,New Zealand
Burim Kukeli,62,CM,,0,2,3,69,51,61,62,61,61,"180cm | 5'11""",0,-,-,FC Luzern,Albania
Ademar Rodríguez,62,CDM,,0,2,3,69,47,55,53,64,57,"175cm | 5'9""",0,-,-,América,Mexico
Jimmy Ryan,62,CM,,0,2,3,67,65,62,62,55,54,"180cm | 5'11""",0,-,-,Scunthorpe United,Republic of Ireland
Jacob Butterfield,62,CM,,0,2,5,63,52,64,60,62,58,"180cm | 5'11""",0,-,-,Barnsley,England
Josh Magennis,62,ST,,0,2,3,79,55,42,57,53,70,"188cm | 6'2""",0,-,-,Aberdeen,Northern Ireland
Scott Wagstaff,62,RW,,0,2,4,76,52,58,60,46,54,"178cm | 5'10""",0,-,-,Charlton Athletic,England
Mauro Vigorito,62,GK,,0,1,2,64,52,55,72,42,62,"186cm | 6'1""",0,-,-,Cagliari,Italy
Samuel Di Carmine,62,ST,,0,3,2,60,60,35,63,51,60,"186cm | 6'1""",0,-,-,Cittadella,Italy
Pavol Stano,62,CB,,0,2,3,52,28,50,44,69,59,"191cm | 6'3""",0,-,-,Korona Kielce,Slovakia
Andrew Jacobson,62,CM,,0,2,3,62,60,60,63,62,60,"188cm | 6'2""",0,-,-,FC Dallas,United States
Jonathan Leathers,62,RB,,0,2,3,74,43,57,60,60,58,"175cm | 5'9""",0,-,-,Whitecaps FC,United States
Fabien Robert,62,ST,,0,3,3,77,56,47,65,40,52,"174cm | 5'9""",0,-,-,FC Lorient Bretagne Sud,France
David Pisot,62,CB,,0,2,3,67,50,50,57,66,73,"185cm | 6'1""",0,-,-,FC Ingolstadt 04,Germany
Ho Jun You,62,CM,,0,2,3,62,56,62,66,61,58,"183cm | 6'0""",0,-,-,Busan I'Park,Korea Republic
Anton Sosnin,62,CM,,0,2,3,62,57,67,68,56,53,"178cm | 5'10""",0,-,-,Krylya Sovetov Samara,Russia
Vanderlei Farias da Silva,62,GK,,0,1,2,62,63,64,68,29,63,"195cm | 6'5""",0,-,-,Coritiba,Brazil
Marco Piccioni,62,CB,,0,2,3,44,30,41,45,65,67,"181cm | 5'11""",0,-,-,Sassuolo,Italy
William Jidayi,62,CM,,0,2,3,63,57,59,56,69,75,"188cm | 6'2""",0,-,-,Padua,Italy
Horacio Erpen,62,LM,,0,2,3,73,46,53,64,43,46,"172cm | 5'8""",0,-,-,Stabia,Argentina
Sam Wood,62,LM,,0,2,3,84,41,64,61,48,59,"173cm | 5'8""",0,-,-,Brentford,England
Edouard Butin,62,ST,,0,2,2,68,58,44,60,39,58,"180cm | 5'11""",0,-,-,FC Sochaux-Montbéliard,France
Steven Joseph-Monrose,62,RM,,0,2,2,78,52,61,61,48,65,"180cm | 5'11""",0,-,-,KV Kortrijk,France
Manuel Mancini,62,CM,,0,3,3,66,45,63,62,60,49,"180cm | 5'11""",0,-,-,Verona,Italy
Andrea Pierobon,62,GK,,0,1,1,60,64,55,60,48,65,"183cm | 6'0""",0,-,-,Cittadella,Italy
Declan Rudd,62,GK,,0,1,3,65,63,57,59,54,62,"191cm | 6'3""",0,-,-,Norwich City,England
Jose Martinez Cervera,62,RB,,0,2,3,72,28,51,49,71,65,"175cm | 5'9""",0,-,-,Girona Fútbol Club S.A.D. ,Spain
Ahmed Kashi,62,CDM,,0,2,3,63,37,55,47,64,58,"178cm | 5'10""",0,-,-,La Berrichonne de Châteauroux,France
Omar Kossoko,62,ST,,0,3,3,77,59,44,68,40,58,"186cm | 6'1""",0,-,-,AJ Auxerre,France
Hólmar Örn Eyjólfsson,62,CB,,0,2,3,53,43,55,47,64,65,"190cm | 6'3""",0,-,-,VfL Bochum,Iceland
Paul Hanlon,62,LB,,0,2,3,69,27,56,49,65,68,"180cm | 5'11""",0,-,-,Hibernian,Scotland
Cillian Sheridan,62,CF,,0,3,3,72,58,46,61,47,60,"195cm | 6'5""",0,-,-,St. Johnstone FC,Republic of Ireland
Ryan Jack,62,CM,,0,3,3,72,56,63,64,61,69,"182cm | 6'0""",0,-,-,Aberdeen,Scotland
Jonas Strifler,62,RB,,0,3,3,77,49,60,62,62,51,"174cm | 5'9""",0,-,-,Alemannia Aachen,Germany
Alessandro Vinci,62,RB,,0,2,2,62,48,54,53,66,66,"183cm | 6'0""",0,-,-,Empoli,Italy
Robert Taylor,62,LM,,0,2,3,82,54,60,60,58,66,"183cm | 6'0""",0,-,-,Port Vale,England
Simone Salviato,62,RB,,0,2,3,53,52,54,55,69,69,"187cm | 6'2""",0,-,-,Livorno,Italy
Manuel Schäffler,62,ST,,0,2,3,70,60,48,64,46,56,"186cm | 6'1""",0,-,-,TSV 1860 München,Germany
David Ball,62,ST,,0,3,3,69,59,30,66,46,53,"183cm | 6'0""",0,-,-,Rochdale,England
Jamie Devitt,62,RM,,0,3,4,76,53,59,66,48,50,"177cm | 5'10""",0,-,-,Bradford City,Republic of Ireland
Gianluigi Bianco,62,LB,,0,2,3,68,45,58,59,66,66,"184cm | 6'0""",0,-,-,Grosseto,Italy
Joseph Mills,62,LB,,0,2,3,73,53,60,61,63,61,"175cm | 5'9""",0,-,-,Reading,England
Carlos Lázaro Vallejo,62,CM,,0,3,3,63,54,60,58,58,62,"179cm | 5'10""",0,-,-,Real Valladolid Club de Fútbol S.A.D.,Spain
Matteo Piccinni,62,LB,,0,3,3,64,39,63,48,69,68,"187cm | 6'2""",0,-,-,A. Leffe,Italy
Dieter Elsneg,62,CF,,0,3,3,79,59,58,63,56,56,"176cm | 5'9""",0,-,-,KSV Superfund,Austria
Dani Castellano,62,LM,,0,2,3,74,53,52,69,49,52,"175cm | 5'9""",0,-,-,Unión Deportiva Las Palmas S.A.D.,Spain
João Pedro de Lemos Paiva,62,ST,,0,3,3,72,59,53,69,42,58,"174cm | 5'9""",0,-,-,Grasshopper-Club,Portugal
Juvhel Tsoumou,62,ST,,0,3,3,76,56,47,59,48,70,"186cm | 6'1""",0,-,-,Preston North End,Germany
Nenad Krstičić,62,CAM,,0,3,3,69,53,61,64,55,60,"182cm | 6'0""",0,-,-,Sampdoria,Serbia
Andrew Haworth,62,RM,,0,3,4,81,58,52,63,40,55,"180cm | 5'11""",0,-,-,Bury,England
Peri Marosevic,62,ST,,0,2,3,71,61,40,63,44,60,"175cm | 5'9""",0,-,-,Toronto FC,United States
Jeremy Hall,62,RB,,0,2,5,81,58,56,64,66,63,"180cm | 5'11""",0,-,-,FC Dallas,United States
Baggio Hušidic,62,CM,,0,3,3,53,62,58,63,56,62,"185cm | 6'1""",0,-,-,Chicago Fire,United States
Rodney Wallace,62,LB,,0,2,2,80,56,45,65,63,65,"180cm | 5'11""",0,-,-,Portland,Costa Rica
Oli Johnson,62,ST,,0,3,3,71,57,45,67,49,56,"183cm | 6'0""",0,-,-,Norwich City,England
Mike Grella,62,ST,,0,3,3,70,58,48,66,48,59,"180cm | 5'11""",0,-,-,Brentford,United States
Victor Pálsson,62,CM,,0,2,4,74,57,59,64,61,67,"185cm | 6'1""",0,-,-,Hibernian,Iceland
Hiroshi Ibusuki,62,ST,,0,2,2,53,58,43,57,47,66,"197cm | 6'6""",0,-,-,Sevilla Fútbol Club S.A.D.,Japan
Ryan Mason,62,CAM,,0,3,3,71,64,64,66,44,53,"175cm | 5'9""",0,-,-,Doncaster Rovers,England
Mana Dembélé,62,ST,,0,3,3,90,56,55,56,41,53,"180cm | 5'11""",0,-,-,Clermont Foot Auvergne 63,France
Lovel Palmer,62,RB,,0,2,3,61,56,49,60,65,66,"179cm | 5'10""",0,-,-,Portland,Jamaica
Rémi Pillot,62,GK,,0,1,2,61,65,69,65,46,56,"182cm | 6'0""",0,-,-,A.S. Nancy Lorraine,France
Lago Júnior Wakalible,62,ST,,0,4,3,80,57,30,66,45,67,"182cm | 6'0""",0,-,-,Club Deportivo Numancia de Soria S.A.D. ,Ivory Coast
Christoph Menz,62,RB,,0,2,3,68,45,57,62,65,58,"185cm | 6'1""",0,-,-,1. FC Union Berliln,Germany
Sören Brandy,62,ST,,0,2,3,78,62,55,65,50,66,"182cm | 6'0""",0,-,-,SC Paderborn 07,Germany
Seung Gyu Kim,62,GK,,0,1,3,61,60,60,64,57,62,"187cm | 6'2""",0,-,-,Ulsan Hyundai Horang-i,Korea Republic
Dae Sung Moon,62,RM,,0,3,3,79,47,54,65,49,55,"173cm | 5'8""",0,-,-,Ulsan Hyundai Horang-i,Korea Republic
Kwang Sun Kwak,62,CB,,0,2,3,66,33,55,48,67,56,"186cm | 6'1""",0,-,-,Gangwon FC,Korea Republic
Ho Young Song,62,RW,,0,3,3,80,49,62,66,52,60,"175cm | 5'9""",0,-,-,Seongnam Ilhwa Chunma,Korea Republic
Seung Jo Kang,62,CM,,0,3,3,70,51,65,65,62,60,"182cm | 6'0""",0,-,-,GyeongNam FC,Korea Republic
Dae Jong Bang,62,CB,,0,2,3,67,44,36,40,65,72,"184cm | 6'0""",0,-,-,Chunnam Dragons,Korea Republic
Jun Yeon Jeong,62,RB,,0,2,3,75,36,62,46,64,64,"177cm | 5'10""",0,-,-,Chunnam Dragons,Korea Republic
Matthew Jurman,62,CB,,0,2,2,57,39,42,47,64,69,"190cm | 6'3""",0,-,-,Brisbane Roar Football Club,Australia
Adam Barton,62,CM,,0,3,3,68,50,63,58,60,58,"187cm | 6'2""",0,-,-,Preston North End,Republic of Ireland
Scott Neville,62,RB,,0,2,3,62,46,63,47,63,67,"184cm | 6'0""",0,-,-,Perth Glory FC,Australia
Timo Perthel,62,LM,,0,2,3,75,55,62,64,64,66,"183cm | 6'0""",0,-,-,Hansa Rostock,Germany
Michael Schulze,62,RB,,0,2,2,67,44,56,62,60,63,"178cm | 5'10""",0,-,-,VfL Wolfsburg,Germany
Armiche Ortega Medina,62,RM,,0,3,3,79,48,55,65,44,58,"176cm | 5'9""",0,-,-,Valencia Club de Fútbol S.A.D.,Spain
Danny Mayor,62,RM,,0,3,2,78,49,58,64,42,47,"183cm | 6'0""",0,-,-,Preston North End,England
Christian Supusepa,62,LB,,0,2,3,67,37,60,58,63,56,"183cm | 6'0""",0,-,-,ADO Den Haag,Netherlands
Leon Legge,62,CB,,0,2,3,52,21,31,27,69,66,"185cm | 6'1""",0,-,-,Brentford,England
Stephan Gusche,62,CB,,0,2,2,60,30,44,39,66,68,"194cm | 6'4""",0,-,-,Hansa Rostock,Germany
Moussa Traoré,62,ST,,0,3,3,78,58,46,59,56,69,"184cm | 6'0""",0,-,-,Standard de Liège,Ivory Coast
Michael Fucito,62,ST,,0,2,4,88,60,54,59,57,62,"175cm | 5'9""",0,-,-,Seattle Sounders FC,United States
Aitor Salvador Núñez Martín,62,RB,,0,2,4,72,43,59,49,61,55,"178cm | 5'10""",0,-,-,Rayo Vallecano de Madrid S.A.D.,Spain
Paul Slane,62,RM,,0,3,2,73,53,56,63,52,54,"173cm | 5'8""",0,-,-,Celtic,Scotland
Marcos Álvarez,62,CF,,0,3,3,72,59,47,66,39,58,"179cm | 5'10""",0,-,-,Eintracht Frankfurt,Germany
Mehmet Hetemaj,62,CM,,0,3,3,72,56,65,61,60,60,"185cm | 6'1""",0,-,-,A. Leffe,Finland
Cody Arnoux,62,ST,,0,3,4,72,62,42,63,42,57,"178cm | 5'10""",0,-,-,Real Salt Lake,United States
Samir Fazli,62,ST,,0,2,3,71,57,46,62,52,65,"185cm | 6'1""",0,-,-,sc Heerenveen,FYR Macedonia
Kushtrim Lushtaku,62,RW,,0,3,3,74,57,50,66,47,60,"180cm | 5'11""",0,-,-,Örebro SK,Albania
Jack Hunt,62,RB,,0,2,3,82,36,53,66,61,66,"175cm | 5'9""",0,-,-,Huddersfield Town,England
Adam Forshaw,62,RM,,0,2,3,65,54,63,56,46,41,"178cm | 5'10""",0,-,-,Everton,England
Jordan Cook,62,CAM,,0,3,3,65,69,49,69,31,52,"175cm | 5'9""",0,-,-,Sunderland,England
Airam López Cabrera,62,ST,,0,3,3,64,62,46,59,45,64,"180cm | 5'11""",0,-,-,Villarreal Club de Fútbol “B” S.A.D.,Spain
James Spray,62,ST,,0,3,3,70,65,40,51,41,58,"183cm | 6'0""",0,-,-,Wolverhampton Wanderers,England
Yamith Cuesta,62,CB,,0,2,3,74,34,48,58,70,67,"190cm | 6'3""",0,-,-,Chicago Fire,Colombia
Niccolò Giannetti,62,CF,,0,2,4,76,53,49,63,48,63,"181cm | 5'11""",0,-,-,Gubbio,Italy
Olivier ter Horst,62,CB,,0,2,2,63,35,47,56,63,58,"183cm | 6'0""",0,-,-,Heracles Almelo,Netherlands
Danny Batth,62,CB,,0,2,3,49,22,46,35,65,71,"191cm | 6'3""",0,-,-,Sheffield Wednesday,England
Geoffry Hairemans,62,LM,,0,2,3,69,54,63,64,50,59,"175cm | 5'9""",0,-,-,De Graafschap,Belgium
Adriano Grimaldi,62,ST,,0,2,4,66,57,42,62,47,60,"188cm | 6'2""",0,-,-,Fortuna Düsseldorf,Italy
Nizar Khalfan,62,RM,,0,3,4,84,54,54,62,58,59,"172cm | 5'8""",0,-,-,Whitecaps FC,Tanzania
Jamie Proctor,62,ST,,0,2,3,74,56,54,62,48,64,"188cm | 6'2""",0,-,-,Preston North End,England
Emmanuel Mendy,62,RB,,0,3,3,78,36,49,63,61,57,"171cm | 5'7""",0,-,-,Liverpool,Spain
Rahim Ayew,62,RB,,0,2,4,62,54,60,62,62,65,"178cm | 5'10""",0,-,-,Lierse SK,Ghana
Lennard Adjetey Sowah,62,LB,,0,2,3,71,51,65,62,60,58,"180cm | 5'11""",0,-,-,Hamburger SV,Germany
Baba Tchagouni,62,GK,,0,1,1,67,59,71,65,40,65,"186cm | 6'1""",0,-,-,Dijon FCO,Togo
Maxime Bourgeois,62,LM,,0,3,3,75,51,57,61,41,57,"183cm | 6'0""",0,-,-,La Berrichonne de Châteauroux,France
Mattia Perin,62,GK,,0,1,2,62,59,64,69,67,62,"188cm | 6'2""",0,-,-,Padua,Italy
Joan Guillem Truyols Mascaró,62,CB,,0,2,3,63,26,41,33,63,74,"179cm | 5'10""",0,-,-,Villarreal Club de Fútbol “B” S.A.D.,Spain
Ben Zemanski,62,CDM,,0,3,3,61,59,61,63,62,67,"180cm | 5'11""",0,-,-,Club Deportivo Chivas USA,United States
Dominik Stahl,62,CDM,,0,2,5,63,49,56,49,64,63,"182cm | 6'0""",0,-,-,TSV 1860 München,Germany
Shaun Francis,62,LB,,0,2,2,83,39,56,63,62,59,"183cm | 6'0""",0,-,-,Columbus Crew,Jamaica
Seth Sinovic,62,LB,,0,2,2,66,48,59,57,64,60,"178cm | 5'10""",0,-,-,Kansas City Wizards,United States
Steven Beitashour,62,RB,,0,2,2,62,53,58,54,65,59,"178cm | 5'10""",0,-,-,San Jose Earthquakes,United States
Kyle Nakazawa,62,CM,,0,2,3,66,63,59,65,61,63,"180cm | 5'11""",0,-,-,Philadelphia Union,United States
Johannes Focher,62,GK,,0,1,1,66,57,58,59,44,63,"197cm | 6'6""",0,-,-,Borussia Dortmund,Germany
Dean Parrett,62,CM,,0,2,3,68,59,57,68,56,60,"178cm | 5'10""",0,-,-,Tottenham Hotspur,England
Daniel Cappelletti,62,CB,,0,2,2,53,22,32,25,67,65,"180cm | 5'11""",0,-,-,Sassuolo,Italy
Saphir Taïder,62,CAM,,0,3,3,69,50,59,66,59,54,"180cm | 5'11""",0,-,-,Bologna,France
Jonathan Williams,62,CAM,,0,3,3,82,49,59,71,48,54,"173cm | 5'8""",0,-,-,Crystal Palace,Wales
Nico Klotz,62,RM,,0,3,3,80,54,57,69,36,55,"173cm | 5'8""",0,-,-,SC Paderborn 07,Germany
Pierre le Beau,62,RB,,0,2,3,71,40,55,54,66,64,"186cm | 6'1""",0,-,-,FC Erzgebirge Aue,Germany
Christopher Quiring,62,RM,,0,3,3,83,46,56,66,33,53,"172cm | 5'8""",0,-,-,1. FC Union Berliln,Germany
Jack Robinson,62,LB,,0,2,3,80,39,58,56,56,64,"168cm | 5'6""",0,-,-,Liverpool,England
Jens Wissing,62,LB,,0,2,3,71,42,62,50,66,62,"183cm | 6'0""",0,-,-,SC Paderborn 07,Germany
Tae Hwan Kim,62,RW,,0,3,3,78,51,57,65,47,57,"177cm | 5'10""",0,-,-,FC Seoul,Korea Republic
Halil Savran,62,ST,,0,3,4,75,58,51,64,49,65,"181cm | 5'11""",0,-,-,1. FC Union Berliln,Germany
David Meza Colli,62,CM,,0,2,3,68,48,59,66,59,54,"179cm | 5'10""",0,-,-,A.C. Cesena,Paraguay
Samil Cinaz,62,CDM,,0,2,3,67,57,56,54,68,64,"187cm | 6'2""",0,-,-,FSV Frankfurt,Germany
Damiano Zanon,62,RB,,0,3,3,68,47,54,56,65,65,"177cm | 5'10""",0,-,-,Pescara,Italy
Ilie Sánchez,62,CM,,0,3,3,68,50,62,60,60,54,"181cm | 5'11""",0,-,-,Fútbol Club Barcelona “B”,Spain
Andrew Tutte,62,CM,,0,3,3,69,56,72,60,56,54,"180cm | 5'11""",0,-,-,Rochdale,England
Cayfano Latupeirissa,62,LM,,0,3,3,91,45,43,70,29,48,"172cm | 5'8""",0,-,-,N.E.C.,Netherlands
Shane Sutherland,62,ST,,0,2,3,72,60,47,63,43,62,"185cm | 6'1""",0,-,-,Inverness Caledonian Thistle,Scotland
Mark Uth,62,ST,,0,3,3,72,59,36,65,41,55,"185cm | 6'1""",0,-,-,1. FC Köln,Germany
Ted van de Pavert,62,CB,,0,2,3,51,37,60,56,66,57,"190cm | 6'3""",0,-,-,De Graafschap,Netherlands
Anmar Almubaraki,62,RW,,0,3,3,80,61,47,71,38,65,"173cm | 5'8""",0,-,-,Heracles Almelo,Iraq
Ben Rienstra,62,CB,,0,2,3,55,51,62,56,63,63,"182cm | 6'0""",0,-,-,Heracles Almelo,Netherlands
Gialunca Nicco,62,CM,,0,3,3,71,54,58,65,58,63,"183cm | 6'0""",0,-,-,Pescara,Italy
Stefan Müller,62,CB,,0,2,3,53,33,40,49,67,69,"191cm | 6'3""",0,-,-,Karlsruher SC,Germany
Milan Lalkovič,62,ST,,0,2,4,72,60,60,66,44,57,"171cm | 5'7""",0,-,-,Doncaster Rovers,Slovakia
Yong Lee,62,RB,,0,2,3,68,47,54,47,63,55,"180cm | 5'11""",0,-,-,Ulsan Hyundai Horang-i,Korea Republic
Jee Woong Kim,62,LW,,0,3,4,80,60,54,67,52,62,"176cm | 5'9""",0,-,-,Jeonbuk Hyundai Motors,Korea Republic
Do Yeon Hwang,62,CB,,0,2,4,66,37,49,51,64,72,"183cm | 6'0""",0,-,-,Chunnam Dragons,Korea Republic
In Han Kim,62,CF,,0,3,3,72,54,68,67,47,58,"180cm | 5'11""",0,-,-,GyeongNam FC,Korea Republic
Jin Hyun Kim,62,LM,,0,3,3,71,54,65,67,51,58,"177cm | 5'10""",0,-,-,GyeongNam FC,Korea Republic
Giacomo Beretta,62,ST,,0,3,3,68,59,56,50,46,67,"185cm | 6'1""",0,-,-,Ascoli,Italy
Marcilei da Silva Elias,62,RB,,0,2,3,78,52,62,73,59,52,"179cm | 5'10""",0,-,-,Vasco da Gama,Brazil
Alessandro Crescenzi,62,RB,,0,2,3,71,45,58,59,64,63,"178cm | 5'10""",0,-,-,Bari,Italy
Kevin Visser,62,CDM,,0,2,2,57,52,60,63,61,62,"182cm | 6'0""",0,-,-,ADO Den Haag,Netherlands
Mike Könnecke,62,ST,,0,2,4,93,60,51,65,43,62,"174cm | 5'9""",0,-,-,FC Erzgebirge Aue,Germany
Arvid Schenk,62,GK,,0,1,3,61,60,64,69,55,55,"193cm | 6'4""",0,-,-,FC St. Pauli,Germany
Callum Booth,62,LB,,0,2,3,64,19,58,56,66,72,"180cm | 5'11""",0,-,-,Hibernian,Scotland
Martin Hinteregger,62,CB,,0,2,4,66,50,52,52,66,66,"184cm | 6'0""",0,-,-,FC Red Bull Salzburg,Austria
Ethan White,62,CB,,0,2,3,75,38,50,42,62,70,"183cm | 6'0""",0,-,-,D.C. United,United States
Akwasi Asante,62,ST,,0,3,3,82,58,36,61,50,64,"183cm | 6'0""",0,-,-,Birmingham City,Netherlands
Muhamed Džakmić,62,CM,,0,2,3,64,59,60,61,62,62,"178cm | 5'10""",0,-,-,Gangwon FC,Bosnia Herzegovina
Mateas Delić,62,LW,,0,2,3,65,58,61,63,51,64,"176cm | 5'9""",0,-,-,Gangwon FC,Croatia
A.J. Soares,62,CB,,0,2,3,56,36,56,46,66,62,"183cm | 6'0""",0,-,-,New England Revolution,United States
Corey Hertzog,62,ST,,0,2,3,81,60,45,57,42,60,"183cm | 6'0""",0,-,-,New York Red Bulls,United States
Gi Dong Park,62,CF,,0,2,4,71,62,60,61,49,69,"191cm | 6'3""",0,-,-,GwangJu FC,Korea Republic
Seon Yeong Im,62,LM,,0,2,3,75,55,60,62,53,58,"185cm | 6'1""",0,-,-,GwangJu FC,Korea Republic
Giuseppe Prestia,62,CB,,0,2,2,61,34,44,30,64,65,"186cm | 6'1""",0,-,-,Palermo,Italy
Francesco De Rose,62,CDM,,0,2,3,70,53,58,62,63,65,"172cm | 5'8""",0,-,-,Reggina,Italy
Moo Youl Ko,62,ST,,0,2,4,69,59,50,65,43,62,"185cm | 6'1""",0,-,-,Pohang Steelers,Korea Republic
Volodymyr Priyomov,62,CAM,,0,2,3,69,57,60,62,50,64,"183cm | 6'0""",0,-,-,Krylya Sovetov Samara,Ukraine
Jin Po Park,62,LB,,0,2,3,72,49,55,56,65,70,"173cm | 5'8""",0,-,-,Seongnam Ilhwa Chunma,Korea Republic
Jae Hoon Hwang,62,CB,,0,2,3,67,42,47,26,68,69,"185cm | 6'1""",0,-,-,Busan I'Park,Korea Republic
Mehmet Kara,62,CAM,,0,2,3,68,62,63,68,44,60,"175cm | 5'9""",0,-,-,SC Paderborn 07,Turkey
Dennis Kempe,62,CB,,0,2,3,48,34,52,27,65,60,"187cm | 6'2""",0,-,-,Karlsruher SC,Germany
Marvin Bakalorz,62,CDM,,0,2,4,67,60,52,50,64,64,"180cm | 5'11""",0,-,-,Borussia Dortmund,Germany
Héctor Ladero Rivas,62,CB,,0,2,3,48,45,47,37,69,67,"192cm | 6'4""",0,-,-,Club Deportivo Numancia de Soria S.A.D. ,Spain
John Brooks,62,CB,,0,2,2,64,41,48,39,63,53,"193cm | 6'4""",0,-,-,Hertha BSC,United States
Robert Zillner,62,LM,,0,3,3,75,58,59,64,45,56,"183cm | 6'0""",0,-,-,SpVgg Greuther Fürth,Germany
Tom Hitchcock,62,ST,,0,2,3,77,63,32,59,46,54,"180cm | 5'11""",0,-,-,Plymouth Argyle,England
Özkan Yildirim,62,CAM,,0,2,4,65,58,61,66,44,59,"172cm | 5'8""",0,-,-,Werder Bremen,Germany
Tino Semmer,62,ST,,0,2,4,76,62,55,66,49,63,"181cm | 5'11""",0,-,-,Hansa Rostock,Germany
Pedro Vázquez Viñas,62,RM,,0,2,3,83,56,56,71,47,55,"170cm | 5'7""",0,-,-,Villarreal Club de Fútbol “B” S.A.D.,Spain
Nick Barmby,61,CM,,0,3,4,43,64,64,65,53,60,"170cm | 5'7""",0,-,-,Hull City,England
Callum Davidson,61,LB,,0,2,2,43,46,49,65,64,67,"178cm | 5'10""",0,-,-,St. Johnstone FC,Scotland
Austin McCann,61,LB,,0,2,3,59,41,58,54,66,67,"180cm | 5'11""",0,-,-,Dunfermline,Scotland
Aaron Wilbraham,61,ST,,0,2,3,54,57,43,44,51,73,"191cm | 6'3""",0,-,-,Norwich City,England
Andy Welsh,61,LM,,0,3,3,69,54,55,65,50,61,"173cm | 5'8""",0,-,-,Carlisle United,Scotland
Kevin Betsy,61,RM,,0,3,3,82,47,54,66,44,47,"185cm | 6'1""",0,-,-,Wycombe Wanderers,Seychelles
Peter Madsen,61,CAM,,0,3,3,49,60,59,61,53,65,"183cm | 6'0""",0,-,-,Lyngby BK,Denmark
Colin Nish,61,ST,,0,3,3,49,57,55,48,53,67,"191cm | 6'3""",0,-,-,Hartlepool United,Scotland
Benjamin Kibebe,61,CB,,0,2,3,57,43,47,46,68,72,"187cm | 6'2""",0,-,-,FC Luzern,Sweden
Brynjar Gunnarsson,61,CM,,0,2,3,34,54,61,65,68,66,"183cm | 6'0""",0,-,-,Reading,Iceland
Steve Phillips,61,GK,,0,1,3,46,65,76,71,31,61,"185cm | 6'1""",0,-,-,Crewe Alexandra,England
Jim Goodwin,61,CM,,0,3,3,66,43,59,65,64,61,"183cm | 6'0""",0,-,-,St. Mirren,Republic of Ireland
Martin Devaney,61,RW,,0,3,4,69,54,60,67,42,43,"178cm | 5'10""",0,-,-,Tranmere Rovers,England
Jon Harley,61,LB,,0,2,2,57,52,59,54,61,61,"178cm | 5'10""",0,-,-,Notts County,England
Matthew Spring,61,CM,,0,2,3,48,64,69,52,57,52,"183cm | 6'0""",0,-,-,Leyton Orient,England
Clive Platt,61,ST,,0,2,3,51,56,32,51,56,78,"193cm | 6'4""",0,-,-,Coventry City,England
Peter Schyrba,61,RB,,0,2,3,65,45,52,53,67,65,"185cm | 6'1""",0,-,-,Hansa Rostock,Germany
Dexter Langen,61,RM,,0,2,3,69,53,58,62,65,56,"186cm | 6'1""",0,-,-,Hansa Rostock,Germany
David Lucas,61,GK,,0,1,2,57,60,64,66,54,60,"188cm | 6'2""",0,-,-,Rochdale,England
Matt Hill,61,LB,,0,2,2,54,34,49,43,66,61,"173cm | 5'8""",0,-,-,Blackpool,England
Alan Maybury,61,RB,,0,2,3,64,35,58,54,68,68,"180cm | 5'11""",0,-,-,St. Johnstone FC,Republic of Ireland
Grant Brebner,61,CM,,0,2,4,48,62,53,56,66,54,"181cm | 5'11""",0,-,-,Melbourne Victory FC,Scotland
Gary Mason,61,CDM,,0,2,3,55,37,54,60,64,73,"173cm | 5'8""",0,-,-,Dunfermline,Scotland
Alberto Comazzi,61,CB,,0,2,3,52,37,58,39,63,73,"178cm | 5'10""",0,-,-,Swindon Town,Italy
Ante Jazic,61,LB,,0,2,3,64,44,57,57,62,59,"178cm | 5'10""",0,-,-,Club Deportivo Chivas USA,Canada
Dean Morgan,61,LM,,0,3,3,75,55,58,65,49,39,"183cm | 6'0""",0,-,-,Chesterfield,England
Steve Mildenhall,61,GK,,0,1,3,63,64,66,53,56,67,"193cm | 6'4""",0,-,-,Millwall,England
Nick Fenton,61,CB,,0,2,3,61,22,37,32,68,73,"191cm | 6'3""",0,-,-,Morecambe,England
Alex Revell,61,ST,,0,2,3,62,59,45,52,47,58,"191cm | 6'3""",0,-,-,Rotherham United,England
Jabo Ibehre,61,CAM,,0,2,3,73,50,42,61,53,66,"194cm | 6'4""",0,-,-,Milton Keynes Dons,England
Billy Jones,61,LB,,0,2,3,73,50,64,50,59,63,"185cm | 6'1""",0,-,-,Exeter City,England
Adam Boyd,61,ST,,0,2,3,54,64,45,52,48,65,"175cm | 5'9""",0,-,-,Hartlepool United,England
Simon Ramsden,61,RB,,0,2,3,65,42,49,55,66,66,"183cm | 6'0""",0,-,-,Bradford City,England
Alexander Schnetzler,61,RB,,0,2,3,68,46,58,63,57,58,"173cm | 5'8""",0,-,-,Dynamo Dresden,Germany
Raffaele Cretaro,61,RM,,0,4,4,74,53,56,63,36,43,"165cm | 5'5""",0,-,-,Sligo Rovers,Republic of Ireland
Joaquín Sorribas Ariño,61,CDM,,0,2,3,50,42,55,48,65,54,"179cm | 5'10""",0,-,-,Sociedad Deportiva Huesca S.A.D.,Spain
Damien Perquis,61,GK,,0,1,3,59,62,60,61,46,69,"184cm | 6'0""",0,-,-,Stade Malherbe Caen,France
Amor Kehiha,61,RB,,0,2,3,53,51,63,47,62,62,"180cm | 5'11""",0,-,-,FC Istres Ouest Provence,France
Leon Johnson,61,CB,,0,2,2,72,20,31,24,69,63,"183cm | 6'0""",0,-,-,Wycombe Wanderers,Grenada
Hugh Murray,61,CM,,0,2,4,72,45,66,66,62,69,"178cm | 5'10""",0,-,-,St. Mirren,Scotland
Antoni Łukasiewicz,61,CDM,,0,2,3,66,47,54,59,67,64,"188cm | 6'2""",0,-,-,Lodz,Poland
Peter Enckelman,61,GK,,0,1,3,62,57,51,61,55,66,"188cm | 6'2""",0,-,-,St. Johnstone FC,Finland
Mobulu M'Futi,61,ST,,0,2,3,70,56,54,57,55,68,"176cm | 5'9""",0,-,-,Servette FC,Switzerland
Mark Brown,61,GK,,0,1,3,61,64,52,61,34,61,"185cm | 6'1""",0,-,-,Hibernian,Scotland
Cássio José de Abreu Oliveira,61,LB,,0,3,3,68,64,64,67,63,48,"168cm | 5'6""",0,-,-,Adelaide United,Brazil
Seung Jun Son,61,CB,,0,2,3,64,47,47,58,65,64,"186cm | 6'1""",0,-,-,Jeonbuk Hyundai Motors,Korea Republic
Do Namkung,61,ST,,0,2,3,56,60,45,58,55,71,"186cm | 6'1""",0,-,-,Seongnam Ilhwa Chunma,Korea Republic
Denis Berger,61,LM,,0,2,3,65,40,61,64,45,47,"181cm | 5'11""",0,-,-,VfL Bochum,Austria
Pat Noonan,61,CF,,0,3,4,51,61,58,63,50,63,"183cm | 6'0""",0,-,-,Seattle Sounders FC,United States
Jan Glinker,61,GK,,0,1,3,68,56,57,65,53,55,"187cm | 6'2""",0,-,-,1. FC Union Berliln,Germany
Zander Diamond,61,CB,,0,2,3,55,41,39,44,68,72,"189cm | 6'2""",0,-,-,Oldham Athletic,Scotland
Arron Davies,61,RM,,0,3,4,69,60,57,66,46,53,"175cm | 5'9""",0,-,-,Northampton Town,Wales
Roger Levesque,61,ST,,0,3,3,64,56,56,61,61,71,"188cm | 6'2""",0,-,-,Seattle Sounders FC,United States
Danny Buijs,61,CM,,0,3,3,71,52,61,59,66,66,"182cm | 6'0""",0,-,-,Kilmarnock,Netherlands
Francisco Esteban Granados,61,CF,,0,3,3,76,53,50,68,51,64,"182cm | 6'0""",0,-,-,CD Alcoyano,Spain
Yoann Folly,61,CM,,0,2,3,73,44,60,64,69,76,"175cm | 5'9""",0,-,-,Aberdeen,Togo
David Mackay,61,CB,,0,3,3,40,26,54,54,69,58,"186cm | 6'1""",0,-,-,St. Johnstone FC,Scotland
Terry Dunfield,61,CM,,0,2,4,52,57,63,60,58,63,"170cm | 5'7""",0,-,-,Toronto FC,Canada
Tom Kennedy,61,LB,,0,2,3,62,42,64,63,56,59,"180cm | 5'11""",0,-,-,Leicester City,England
Kyung Ho Chung,61,LW,,0,3,3,60,60,60,66,52,59,"179cm | 5'10""",0,-,-,Gangwon FC,Korea Republic
Ho Jin Park,61,GK,,0,1,2,62,56,62,62,36,65,"190cm | 6'3""",0,-,-,GwangJu FC,Korea Republic
Graeme Smith,61,GK,,0,1,3,61,64,57,61,47,60,"188cm | 6'2""",0,-,-,St. Mirren,Scotland
Emmerik De Vriese,61,LM,,0,2,3,74,56,57,64,54,54,"180cm | 5'11""",0,-,-,OHL,Belgium
Michelangelo Minieri,61,CB,,0,2,2,55,36,38,43,65,64,"183cm | 6'0""",0,-,-,Vicenza,Italy
Daniel Cifuentes Alfaro,61,RB,,0,2,3,69,43,54,53,63,59,"173cm | 5'8""",0,-,-,R.C. Recreativo,Spain
Jesús Cabrero Mora,61,GK,,0,1,3,60,62,58,65,42,59,"184cm | 6'0""",0,-,-,Sociedad Deportiva Huesca S.A.D.,Spain
Rodrigo Gimeno Molina,61,CDM,,0,2,3,43,52,53,51,66,61,"181cm | 5'11""",0,-,-,Gimnàstic de Tarragona S.A.D.,Spain
Óscar Sánchez Fuentes,61,LB,,0,3,3,68,50,61,53,63,61,"180cm | 5'11""",0,-,-,Real Murcia,Spain
Guillermo Vallori,61,CB,,0,2,3,50,49,54,53,66,71,"191cm | 6'3""",0,-,-,Grasshopper-Club,Spain
Sebastian Przyrowski,61,GK,,0,1,2,66,53,48,63,48,62,"193cm | 6'4""",0,-,-,Polonia Warszawa,Poland
Paul Beekmans,61,CDM,,0,2,3,62,44,54,53,63,61,"190cm | 6'3""",0,-,-,Gold Coast United,Netherlands
Colin Hawkins,61,CB,,0,2,3,33,33,39,31,64,66,"185cm | 6'1""",0,-,-,Dundalk FC,Republic of Ireland
David Solga,61,CDM,,0,2,3,50,42,57,48,59,50,"184cm | 6'0""",0,-,-,Dynamo Dresden,Germany
Sam Sodje,61,CB,,0,2,3,69,40,47,52,63,72,"182cm | 6'0""",0,-,-,Notts County,Nigeria
Dominique Taboga,61,CB,,0,2,4,63,31,44,43,64,67,"187cm | 6'2""",0,-,-,KSV Superfund,Austria
Mickaël Ménétrier,61,GK,,0,1,3,62,60,54,66,45,59,"190cm | 6'3""",0,-,-,FC Istres Ouest Provence,France
Sean O'Hanlon,61,CB,,0,2,3,60,31,45,46,69,67,"185cm | 6'1""",0,-,-,Hibernian,Republic of Ireland
Peter Leven,61,CM,,0,3,3,70,57,67,56,59,61,"180cm | 5'11""",0,-,-,Oxford United FC,Scotland
Eddie Johnson,61,ST,,0,3,3,67,60,46,59,52,51,"178cm | 5'10""",0,-,-,Portland,England
Joseph Ngwenya,61,ST,,0,3,3,75,56,39,65,46,66,"185cm | 6'1""",0,-,-,D.C. United,Zimbabwe
Steve Cronin,61,GK,,0,1,2,62,58,65,66,54,62,"188cm | 6'2""",0,-,-,D.C. United,United States
Aleksander Ptak,61,GK,,0,1,2,69,62,44,55,56,65,"186cm | 6'1""",0,-,-,Zagłębie Lubin,Poland
Jae Soo Choi,61,LB,,0,3,4,62,52,60,63,47,53,"174cm | 5'9""",0,-,-,Ulsan Hyundai Horang-i,Korea Republic
Sun Pil Hwang,61,CB,,0,2,3,64,38,47,51,63,66,"181cm | 5'11""",0,-,-,Chunnam Dragons,Korea Republic
Leonardo González,61,LB,,0,2,2,65,47,52,54,66,65,"186cm | 6'1""",0,-,-,Seattle Sounders FC,Costa Rica
Chris Smith,61,GK,,0,1,3,62,61,52,61,31,63,"188cm | 6'2""",0,-,-,Dunfermline,Scotland
Ville Jalasto,61,RB,,0,2,3,62,43,57,41,64,68,"183cm | 6'0""",0,-,-,Aalesunds FK,Finland
Aarón Padilla,61,ST,,0,3,3,63,60,55,62,47,65,"170cm | 5'7""",0,-,-,Puebla,Mexico
Rob Burch,61,GK,,0,1,3,63,64,60,60,61,59,"188cm | 6'2""",0,-,-,Notts County,England
Mariano Trujillo,61,RM,,0,3,4,70,54,63,62,63,62,"172cm | 5'8""",0,-,-,Club Deportivo Chivas USA,Mexico
Ryan O'Leary,61,CB,,0,2,3,69,12,33,50,61,64,"183cm | 6'0""",0,-,-,Kilmarnock,Scotland
Dennis Cagara,61,LB,,0,2,3,76,40,53,63,60,50,"172cm | 5'8""",0,-,-,Lyngby BK,Denmark
Anssi Jaakkola,61,GK,,0,1,1,63,61,58,63,58,62,"193cm | 6'4""",0,-,-,Kilmarnock,Finland
Cleveland Taylor,61,RM,,0,3,3,84,46,50,64,42,51,"173cm | 5'8""",0,-,-,Burton Albion,England
Elsad Zverotic,61,RB,,0,2,3,65,54,62,62,64,61,"179cm | 5'10""",0,-,-,BSC Young Boys,Montenegro
Sébastien Meoli,61,CB,,0,2,3,47,43,52,48,65,68,"186cm | 6'1""",0,-,-,FC Lausanne,Switzerland
Nicolas Marazzi,61,CM,,0,2,3,59,62,62,65,62,65,"177cm | 5'10""",0,-,-,FC Lausanne,Switzerland
Nicolas Raynier,61,ST,,0,2,3,79,61,47,67,46,59,"181cm | 5'11""",0,-,-,Amiens SC,France
Morten Bertolt,61,CM,,0,2,3,63,52,65,54,63,57,"187cm | 6'2""",0,-,-,Lyngby BK,Denmark
Florian Stahel,61,RB,,0,2,3,77,49,56,59,65,66,"185cm | 6'1""",0,-,-,FC Luzern,Switzerland
Juan Carlos Leaño,61,CB,,0,2,3,45,52,50,54,67,51,"184cm | 6'0""",0,-,-,Estudiantes Tecos,Mexico
Thomas Reinmann,61,RB,,0,2,3,60,47,64,65,62,59,"176cm | 5'9""",0,-,-,FC Thun,Switzerland
Steven Schumacher,61,CM,,0,2,3,61,52,58,59,57,48,"183cm | 6'0""",0,-,-,Bury,England
Lewis Guy,61,RW,,0,2,3,77,51,44,58,53,66,"175cm | 5'9""",0,-,-,Oxford United FC,England
Marek Gancarczyk,61,CAM,,0,2,3,89,56,60,72,49,61,"178cm | 5'10""",0,-,-,Wrocław,Poland
Scott Cuthbert,61,CB,,0,2,3,51,36,44,39,70,67,"188cm | 6'2""",0,-,-,Leyton Orient,Scotland
Adam Griffiths,61,CB,,0,2,3,55,35,43,34,66,66,"188cm | 6'2""",0,-,-,Adelaide United,Australia
Andrej Komac,61,CM,,0,3,3,78,60,61,62,65,69,"176cm | 5'9""",0,-,-,Ruch Chorzów,Slovenia
Andrew Barrowman,61,ST,,0,3,3,63,56,47,61,40,64,"183cm | 6'0""",0,-,-,Dunfermline,Scotland
Kevan Hurst,61,LM,,0,3,4,65,45,61,62,48,59,"178cm | 5'10""",0,-,-,Walsall,England
Kevin Moon,61,CDM,,0,2,3,72,34,60,65,60,52,"178cm | 5'10""",0,-,-,St. Johnstone FC,Scotland
Bojan Djordjic,61,LW,,0,3,4,58,58,61,60,56,52,"183cm | 6'0""",0,-,-,Blackpool,Serbia
Joel Porter,61,ST,,0,2,4,56,62,60,59,50,68,"174cm | 5'9""",0,-,-,Gold Coast United,Australia
Craig Rocastle,61,CM,,0,3,3,65,55,59,60,61,65,"188cm | 6'2""",0,-,-,Kansas City Wizards,Grenada
Shaun Harrad,61,ST,,0,2,3,72,63,35,48,53,60,"178cm | 5'10""",0,-,-,Bury,England
Tim Clancy,61,CB,,0,2,3,65,17,41,44,66,64,"180cm | 5'11""",0,-,-,Motherwell,Republic of Ireland
Ablaï Baldé,61,ST,,0,3,3,77,57,51,62,44,59,"183cm | 6'0""",0,-,-,La Berrichonne de Châteauroux,France
Joe Anyinsah,61,ST,,0,3,2,81,56,51,64,48,58,"173cm | 5'8""",0,-,-,Bristol Rovers,England
Tomasz Brzyski,61,LB,,0,2,3,71,63,60,58,62,64,"170cm | 5'7""",0,-,-,Polonia Warszawa,Poland
Dan Gargan,61,RB,,0,2,3,66,49,54,53,63,61,"180cm | 5'11""",0,-,-,Chicago Fire,United States
Jay Nolly,61,GK,,0,1,3,64,59,60,56,50,65,"191cm | 6'3""",0,-,-,Whitecaps FC,United States
John Spicer,61,CM,,0,3,3,71,53,63,59,57,57,"180cm | 5'11""",0,-,-,Notts County,England
Javier Acuña,61,ST,,0,2,3,73,59,50,69,43,67,"177cm | 5'10""",0,-,-,Girona Fútbol Club S.A.D. ,Paraguay
Rachid Bourabia,61,CAM,,0,2,3,57,63,56,62,56,59,"183cm | 6'0""",0,-,-,RAEC Mons,Morocco
Sung Hwan Choi,61,CB,,0,2,3,63,27,33,36,66,63,"184cm | 6'0""",0,-,-,Suwon Samsung Bluewings,Korea Republic
Dong Hyen Yang,61,ST,,0,2,3,51,59,45,54,52,71,"186cm | 6'1""",0,-,-,Busan I'Park,Korea Republic
Róbert Waltner,61,ST,,0,2,4,59,58,51,59,50,73,"184cm | 6'0""",0,-,-,SV Mattersburg,Hungary
Joey Gjertsen,61,RM,,0,3,4,68,61,57,62,47,63,"175cm | 5'9""",0,-,-,San Jose Earthquakes,United States
Trevor Carson,61,GK,,0,1,3,66,54,51,68,58,60,"183cm | 6'0""",0,-,-,Sunderland,Northern Ireland
Marko Muslin,61,CM,,0,2,4,63,56,59,57,60,63,"185cm | 6'1""",0,-,-,FC Lausanne,France
Patrick Cregg,61,CDM,,0,2,3,63,43,60,62,64,65,"175cm | 5'9""",0,-,-,Bury,Republic of Ireland
Martin Ehrenreich,61,RB,,0,2,2,80,42,56,58,62,59,"180cm | 5'11""",0,-,-,SK Sturm Graz,Austria
Kenny Gillet,61,LB,,0,2,2,72,32,51,55,66,60,"178cm | 5'10""",0,-,-,Inverness Caledonian Thistle,France
David Barron,61,CM,,0,2,3,58,20,56,52,60,68,"178cm | 5'10""",0,-,-,St. Mirren,Scotland
Patrick Boyle,61,LB,,0,2,3,72,52,60,48,61,68,"178cm | 5'10""",0,-,-,Dunfermline,Scotland
Mark Hughes,61,CB,,0,2,3,59,40,43,32,65,57,"193cm | 6'4""",0,-,-,Bury,England
Charlie Lee,61,CM,,0,2,4,70,57,60,54,62,65,"175cm | 5'9""",0,-,-,Gillingham,England
Myles Weston,61,LM,,0,3,4,93,58,54,64,46,46,"180cm | 5'11""",0,-,-,Brentford,England
Chris Zebroski,61,ST,,0,3,3,80,53,50,66,50,59,"185cm | 6'1""",0,-,-,Bristol Rovers,England
Scott Davies,61,CM,,0,2,3,75,62,60,61,54,53,"180cm | 5'11""",0,-,-,Crawley Town,Republic of Ireland
Scott Golbourne,61,LB,,0,2,3,74,30,60,55,64,69,"175cm | 5'9""",0,-,-,Exeter City,England
Bjorn Ruytinx,61,ST,,0,2,3,64,57,48,47,58,66,"183cm | 6'0""",0,-,-,OHL,Belgium
Marc Heitmeier,61,CB,,0,2,4,63,51,50,45,63,68,"185cm | 6'1""",0,-,-,FSV Frankfurt,Germany
Ludovic Guerriero,61,CDM,,0,3,3,64,60,60,64,62,60,"176cm | 5'9""",0,-,-,FC Metz,France
Roy O'Donovan,61,ST,,0,3,3,78,59,52,62,35,61,"169cm | 5'7""",0,-,-,Coventry City,Republic of Ireland
Marcelo Alatorre,61,RB,,0,2,2,62,44,50,48,65,59,"173cm | 5'8""",0,-,-,Estudiantes Tecos,Mexico
Owain Tudur Jones,61,CM,,0,2,3,52,53,52,56,64,65,"191cm | 6'3""",0,-,-,Inverness Caledonian Thistle,Wales
Renato Dossena,61,GK,,0,1,1,63,60,52,58,52,62,"190cm | 6'3""",0,-,-,Empoli,Italy
Andrew Bond,61,CM,,0,2,3,62,61,58,54,49,64,"185cm | 6'1""",0,-,-,Colchester United,England
Stefan Stam,61,CB,,0,2,3,42,20,34,46,66,72,"188cm | 6'2""",0,-,-,Hereford,Netherlands
Lewis Grabban,61,ST,,0,3,3,83,60,38,64,48,59,"183cm | 6'0""",0,-,-,Rotherham United,England
Nicola Donazzan,61,LB,,0,2,3,66,41,52,51,64,70,"185cm | 6'1""",0,-,-,Sassuolo,Italy
Rômulo Márques Antonelli,61,ST,,0,3,4,65,55,49,60,53,69,"185cm | 6'1""",0,-,-,KVC Westerlo,Brazil
Mark Randall,61,CM,,0,3,3,67,52,63,58,50,38,"182cm | 6'0""",0,-,-,Chesterfield,England
Wayne Brown,61,CM,,0,3,3,74,58,59,60,42,55,"175cm | 5'9""",0,-,-,Bristol Rovers,England
John Sullivan,61,GK,,0,1,3,58,67,60,58,43,66,"188cm | 6'2""",0,-,-,Charlton Athletic,England
Alejandro Zamora Barbero,61,CB,,0,2,4,63,49,54,46,65,66,"186cm | 6'1""",0,-,-,R.C. Recreativo,Spain
James Berrett,61,CM,,0,2,4,68,49,62,56,58,66,"178cm | 5'10""",0,-,-,Carlisle United,Republic of Ireland
Krzysztof Maczynski,61,CM,,0,2,3,56,49,62,61,46,65,"175cm | 5'9""",0,-,-,Górnik Zabrze,Poland
Jin Ouk Kang,61,CB,,0,2,3,69,40,61,55,63,61,"181cm | 5'11""",0,-,-,Ulsan Hyundai Horang-i,Korea Republic
Lewis Stevenson,61,LB,,0,2,4,59,24,51,65,57,66,"170cm | 5'7""",0,-,-,Hibernian,Scotland
Rene Gilmartin,61,GK,,0,1,3,70,54,54,65,52,58,"196cm | 6'5""",0,-,-,Watford,Republic of Ireland
Mario Mutsch,61,LB,,0,2,4,59,54,62,59,62,63,"173cm | 5'8""",0,-,-,FC Sion,Luxemburg
Tomasz Zahorski,61,ST,,0,2,2,75,55,50,57,45,65,"190cm | 6'3""",0,-,-,Górnik Zabrze,Poland
Jung Rae Lee,61,GK,,0,1,2,68,62,61,56,38,58,"185cm | 6'1""",0,-,-,GyeongNam FC,Korea Republic
John Mousinho,61,CM,,0,2,3,80,53,56,59,58,58,"185cm | 6'1""",0,-,-,Stevenage FC,England
Myung Jung Kim,61,ST,,0,3,3,74,65,54,64,52,63,"182cm | 6'0""",0,-,-,Chunnam Dragons,Korea Republic
Young Sam Kim,61,CDM,,0,2,3,73,48,56,55,66,64,"174cm | 5'9""",0,-,-,Gwangju Sangmu FC,Korea Republic
Arnaud Brocard,61,GK,,0,1,3,60,65,63,62,38,56,"185cm | 6'1""",0,-,-,Valenciennes FC,France
Ibrahima Ba,61,CM,,0,2,3,63,54,58,53,65,68,"185cm | 6'1""",0,-,-,FC Istres Ouest Provence,Senegal
Markus Palionis,61,CB,,0,2,3,31,38,45,40,67,69,"194cm | 6'4""",0,-,-,SC Paderborn 07,Lithuania
Jahmir Hyka,61,CAM,,0,3,4,76,54,55,64,41,49,"168cm | 5'6""",0,-,-,FC Luzern,Albania
Liam Dickinson,61,ST,,0,2,3,71,60,43,54,56,62,"193cm | 6'4""",0,-,-,Southend United,England
Robert Strauß,61,ST,,0,2,3,77,58,53,63,45,69,"174cm | 5'9""",0,-,-,FC Erzgebirge Aue,Germany
Robert Müller,61,CDM,,0,2,5,65,47,55,53,66,57,"187cm | 6'2""",0,-,-,Hansa Rostock,Germany
Steffen Bohl,61,CM,,0,2,4,72,51,60,58,61,59,"183cm | 6'0""",0,-,-,Braunschweig,Germany
Arnhold Rivas,61,CAM,,0,2,5,64,53,61,62,40,61,"172cm | 5'8""",0,-,-,Estudiantes Tecos,Mexico
Phil Edwards,61,CB,,0,2,3,65,33,39,38,66,70,"173cm | 5'8""",0,-,-,Stevenage FC,England
Laurent Agouazi,61,CDM,,0,2,3,67,55,65,63,60,66,"184cm | 6'0""",0,-,-,FC Istres Ouest Provence,France
Jim McNulty,61,CB,,0,2,3,59,48,57,62,64,67,"183cm | 6'0""",0,-,-,Barnsley,Scotland
Hyun Jin Lee,61,RW,,0,3,3,92,52,57,56,46,50,"184cm | 6'0""",0,-,-,Suwon Samsung Bluewings,Korea Republic
Rayco García Dauta,61,CF,,0,3,3,77,58,52,68,37,57,"165cm | 5'5""",0,-,-,Rayo Vallecano de Madrid S.A.D.,Spain
Stephen Darby,61,RB,,0,2,3,58,36,54,59,62,70,"174cm | 5'9""",0,-,-,Rochdale,England
Nicolas Farina,61,CF,,0,3,3,69,62,48,68,36,62,"168cm | 5'6""",0,-,-,Evian Thonon Gaillard FC,France
Cristian Gilioli,61,RM,,0,3,4,80,55,49,64,49,54,"177cm | 5'10""",0,-,-,Modena,Italy
Paolo Ricchi,61,RB,,0,2,3,78,44,50,53,59,62,"173cm | 5'8""",0,-,-,Modena,Italy
Salim Kerkar,61,LM,,0,3,3,72,49,52,65,37,50,"180cm | 5'11""",0,-,-,Rangers,France
Henrik Bødker,61,RM,,0,2,2,62,45,67,50,53,49,"180cm | 5'11""",0,-,-,SønderjyskE,Denmark
Thorbjørn Holst Rasmussen,61,CB,,0,2,3,62,37,46,32,67,57,"187cm | 6'2""",0,-,-,Silkeborg IF,Denmark
Bakary Soro,61,RB,,0,2,3,70,42,54,56,64,63,"184cm | 6'0""",0,-,-,AC Arles Avignon,Ivory Coast
Danny Woodards,61,RB,,0,2,3,71,31,65,47,64,54,"180cm | 5'11""",0,-,-,Bristol Rovers,England
Maykel Galindo,61,ST,,0,3,4,69,60,46,64,45,54,"178cm | 5'10""",0,-,-,FC Dallas,Cuba
Abdul-Yakini Iddi,61,CM,,0,3,4,69,54,60,73,48,56,"174cm | 5'9""",0,-,-,KV Mechelen,Ghana
Jay O'Shea,61,RM,,0,3,3,73,58,52,67,44,55,"174cm | 5'9""",0,-,-,Milton Keynes Dons,Republic of Ireland
Leigh Broxham,61,CM,,0,2,2,48,53,57,50,71,59,"169cm | 5'7""",0,-,-,Melbourne Victory FC,Australia
Tom Pondeljak,61,CAM,,0,3,4,56,56,54,58,52,52,"177cm | 5'10""",0,-,-,Melbourne Victory FC,Australia
Scott Griffiths,61,LB,,0,2,3,66,43,59,52,63,54,"175cm | 5'9""",0,-,-,Peterborough United,England
Gary Deegan,61,CM,,0,2,3,70,52,58,52,66,64,"176cm | 5'9""",0,-,-,Coventry City,Republic of Ireland
Woo Yeon Sim,61,CB,,0,2,3,62,52,45,60,67,55,"195cm | 6'5""",0,-,-,Jeonbuk Hyundai Motors,Korea Republic
Matthew Kemp,61,RB,,0,2,3,52,38,57,54,65,56,"175cm | 5'9""",0,-,-,Melbourne Victory FC,Australia
Andrea Gessa,61,CM,,0,3,3,78,55,63,62,59,62,"175cm | 5'9""",0,-,-,Pescara,Italy
Marc Laird,61,CM,,0,3,4,68,53,62,59,56,52,"183cm | 6'0""",0,-,-,Leyton Orient,Scotland
Edoardo Braiati,61,CM,,0,3,3,63,54,62,61,57,63,"177cm | 5'10""",0,-,-,Vicenza,Italy
Sebastiaan van der Sman,61,GK,,0,1,2,62,67,69,55,58,58,"187cm | 6'2""",0,-,-,Vitesse,Netherlands
Gavin Hoyte,61,RB,,0,2,3,78,30,46,52,62,62,"177cm | 5'10""",0,-,-,Arsenal,England
Konstantin Engel,61,RB,,0,2,3,62,44,57,64,61,65,"178cm | 5'10""",0,-,-,Energie Cottbus,Germany
José-Alex Ikeng,61,CDM,,0,3,4,68,43,54,62,67,64,"187cm | 6'2""",0,-,-,FC Ingolstadt 04,Germany
Christian Ramsebner,61,CB,,0,2,3,55,36,25,38,68,64,"191cm | 6'3""",0,-,-,SC Magna Wiener Neustadt,Austria
Michael Kay,61,RB,,0,2,3,64,34,58,36,57,60,"185cm | 6'1""",0,-,-,Tranmere Rovers,England
Daniel Reiche,61,CB,,0,2,3,53,27,38,41,65,65,"189cm | 6'2""",0,-,-,MSV Duisburg,Germany
Andrej Rendla,61,ST,,0,2,3,61,60,44,61,46,62,"188cm | 6'2""",0,-,-,FC Twente,Slovakia
Alain Wiss,61,CDM,,0,2,3,65,53,56,59,62,63,"180cm | 5'11""",0,-,-,FC Luzern,Switzerland
Harry Arter,61,CM,,0,3,3,72,48,62,56,54,51,"178cm | 5'10""",0,-,-,Bournemouth,Republic of Ireland
Matthew Briggs,61,LB,,0,2,3,71,39,52,56,64,64,"188cm | 6'2""",0,-,-,Fulham,England
Robbie Simpson,61,ST,,0,2,3,65,59,45,57,54,63,"185cm | 6'1""",0,-,-,Huddersfield Town,England
Emile Sinclair,61,ST,,0,2,4,86,50,30,56,51,66,"182cm | 6'0""",0,-,-,Peterborough United,England
Hong Yun Jung,61,LB,,0,2,3,83,49,57,47,59,56,"185cm | 6'1""",0,-,-,Pohang Steelers,Korea Republic
Grzegorz Baran,61,CB,,0,2,3,52,30,53,45,64,60,"186cm | 6'1""",0,-,-,GKS Bełchatów,Poland
Niccolò Galli,61,CM,,0,2,3,67,51,61,61,45,42,"184cm | 6'0""",0,-,-,Verona,Italy
Dmitriy Molosh,61,LB,,0,2,3,65,63,52,36,61,60,"174cm | 5'9""",0,-,-,Krylya Sovetov Samara,Belarus
Matty James,61,CM,,0,3,4,73,60,56,64,60,61,"178cm | 5'10""",0,-,-,Manchester United,England
Luke Ayling,61,CB,,0,2,3,59,24,45,39,65,72,"180cm | 5'11""",0,-,-,Yeovil Town,England
Jacob Mellis,61,CAM,,0,3,4,62,61,65,57,54,60,"175cm | 5'9""",0,-,-,Chelsea,England
Paul Marshall,61,CAM,,0,2,3,72,59,68,56,46,52,"185cm | 6'1""",0,-,-,Rochdale,England
Rauwshan McKenzie,61,CB,,0,2,3,61,32,43,44,64,65,"185cm | 6'1""",0,-,-,Real Salt Lake,United States
Bobby Grant,61,ST,,0,2,3,71,60,56,64,48,54,"180cm | 5'11""",0,-,-,Scunthorpe United,England
Bira Dembélé,61,CB,,0,2,3,68,40,56,43,66,62,"191cm | 6'3""",0,-,-,CS Sedan Ardennes,France
Ki Han Moon,61,CM,,0,3,3,61,52,62,64,51,44,"177cm | 5'10""",0,-,-,FC Seoul,Korea Republic
Jae Joon Ahn,61,CB,,0,2,2,65,26,42,46,68,65,"186cm | 6'1""",0,-,-,Chunnam Dragons,Korea Republic
Jung Nam Hong,61,GK,,0,1,3,63,65,55,60,35,54,"186cm | 6'1""",0,-,-,Jeonbuk Hyundai Motors,Korea Republic
Byeong Ju Park,61,CB,,0,2,2,56,20,31,28,67,65,"185cm | 6'1""",0,-,-,GwangJu FC,Korea Republic
Danleigh Borman,61,LWB,,0,2,3,84,50,50,64,58,53,"175cm | 5'9""",0,-,-,Toronto FC,South Africa
Stéphane Auvray,61,CDM,,0,2,3,56,52,55,57,65,66,"174cm | 5'9""",0,-,-,New York Red Bulls,France
Adriano Pellegrino,61,CAM,,0,3,4,62,62,57,63,57,50,"170cm | 5'7""",0,-,-,Central Coast Mariners FC,Australia
Gabor Straka,61,CDM,,0,2,3,56,42,52,54,65,58,"180cm | 5'11""",0,-,-,Ruch Chorzów,Slovakia
Marvin Morgan,61,ST,,0,3,4,76,52,47,62,58,66,"196cm | 6'5""",0,-,-,Shrewsbury,England
Kheli Dube,61,ST,,0,3,3,80,58,46,65,46,56,"185cm | 6'1""",0,-,-,New England Revolution,Zimbabwe
Manuel Seidl,61,CDM,,0,2,3,64,55,53,54,64,60,"183cm | 6'0""",0,-,-,SV Mattersburg,Austria
Alberto Marchesan,61,LB,,0,2,3,67,54,56,54,65,65,"185cm | 6'1""",0,-,-,Cittadella,Italy
Gai Assulin,61,RW,,0,3,4,79,54,55,62,36,48,"177cm | 5'10""",0,-,-,Manchester City,Israel
Kevin Burns,61,CDM,,0,2,3,56,53,54,60,64,67,"185cm | 6'1""",0,-,-,Columbus Crew,United States
Romain Inez,61,RB,,0,2,3,60,30,60,32,65,61,"182cm | 6'0""",0,-,-,La Berrichonne de Châteauroux,France
Igor Lewczuk,61,RB,,0,2,3,70,40,51,46,68,54,"187cm | 6'2""",0,-,-,Ruch Chorzów,Poland
Isaka Cernak,61,CAM,,0,3,4,81,51,52,68,43,43,"179cm | 5'10""",0,-,-,Melbourne Victory FC,Australia
Gary Glen,61,ST,,0,3,3,76,63,46,67,46,47,"178cm | 5'10""",0,-,-,Heart of Midlothian,Scotland
Mirko Valdifiori,61,CM,,0,2,3,72,57,61,59,57,64,"180cm | 5'11""",0,-,-,Empoli,Italy
Francesco Luoni,61,RB,,0,2,2,65,45,55,57,63,64,"180cm | 5'11""",0,-,-,A. Leffe,Italy
Mohamed Amsif,61,GK,,0,1,3,64,56,51,73,47,54,"187cm | 6'2""",0,-,-,FC Augsburg,Germany
Bruno Guarda,61,CM,,0,3,4,66,57,58,60,56,58,"173cm | 5'8""",0,-,-,FC Dallas,Brazil
Harry Forrester,61,CF,,0,3,4,72,58,60,65,42,52,"176cm | 5'9""",0,-,-,Brentford,England
Pim Balkestein,61,CB,,0,2,1,64,45,54,35,67,62,"193cm | 6'4""",0,-,-,Rochdale,Netherlands
James Poole,61,ST,,0,2,4,78,61,41,58,42,60,"177cm | 5'10""",0,-,-,Hartlepool United,England
Mirko Eramo,61,CM,,0,3,3,72,57,62,61,54,64,"180cm | 5'11""",0,-,-,Grosseto,Italy
Panagiotis Tachtsidis,61,CM,,0,3,3,58,57,64,57,66,65,"191cm | 6'3""",0,-,-,Verona,Greece
Tom Taiwo,61,CM,,0,3,3,71,50,65,58,60,61,"173cm | 5'8""",0,-,-,Carlisle United,England
Wes Thomas,61,ST,,0,3,3,77,53,41,59,47,60,"180cm | 5'11""",0,-,-,Crawley Town,England
Freddy Mombongo-Dues,61,ST,,0,3,3,58,56,36,47,54,66,"188cm | 6'2""",0,-,-,RAEC Mons,DR Congo
Nicola Rigoni,61,CM,,0,3,3,63,54,60,60,57,63,"185cm | 6'1""",0,-,-,Vicenza,Italy
Greg Janicki,61,CB,,0,2,2,46,39,33,38,72,58,"191cm | 6'3""",0,-,-,Whitecaps FC,United States
Matt Kassel,61,CAM,,0,3,4,69,61,63,62,54,51,"180cm | 5'11""",0,-,-,New York Red Bulls,United States
Marcel Ziegl,61,CDM,,0,2,3,73,52,58,66,62,59,"182cm | 6'0""",0,-,-,SV Josko Fenst. Ried,Austria
Giorgi Makaridze,61,GK,,0,1,3,66,64,68,62,30,60,"193cm | 6'4""",0,-,-,Lemans FC,Georgia
Haris Vučkić,61,CF,,0,2,4,72,62,53,62,47,63,"188cm | 6'2""",0,-,-,Newcastle United,Slovenia
Milos Kocic,61,GK,,0,1,3,65,63,68,62,35,60,"193cm | 6'4""",0,-,-,Toronto FC,Serbia
Brad Ring,61,CDM,,0,2,3,74,51,54,62,61,65,"178cm | 5'10""",0,-,-,San Jose Earthquakes,United States
Mikhail Sivakov,61,CM,,0,3,1,44,61,61,59,61,67,"187cm | 6'2""",0,-,-,SV Zulte-Waregem,Belarus
Cam Weaver,61,ST,,0,2,3,58,60,32,56,51,79,"193cm | 6'4""",0,-,-,Houston Dynamo,United States
Matthias Holst,61,CB,,0,2,3,51,36,37,39,68,59,"190cm | 6'3""",0,-,-,Hansa Rostock,Germany
Jens Wemmer,61,RB,,0,2,3,75,52,60,57,56,55,"185cm | 6'1""",0,-,-,SC Paderborn 07,Germany
Sung Hwan Kim,61,CDM,,0,2,3,63,49,64,48,66,72,"184cm | 6'0""",0,-,-,Seongnam Ilhwa Chunma,Korea Republic
Soon Hyung Kwon,61,CDM,,0,2,3,59,42,59,48,62,58,"177cm | 5'10""",0,-,-,Gangwon FC,Korea Republic
Seong Nam Ahn,61,CM,,0,3,3,65,58,60,63,60,63,"172cm | 5'8""",0,-,-,GwangJu FC,Korea Republic
Ik Hyun Kim,61,RM,,0,3,3,60,48,61,66,52,49,"176cm | 5'9""",0,-,-,Busan I'Park,Korea Republic
Bum Young Lee,61,GK,,0,1,2,61,66,67,64,32,60,"194cm | 6'4""",0,-,-,Busan I'Park,Korea Republic
Han Sup Kim,61,RB,,0,2,2,57,53,59,61,64,52,"177cm | 5'10""",0,-,-,Incheon United FC,Korea Republic
Jose Antonio Picón Sedano,61,CB,,0,2,3,54,18,23,25,68,61,"182cm | 6'0""",0,-,-,Real Racing Club S.A.D.,Spain
Zenon Caravella,61,CM,,0,3,2,68,58,57,66,47,45,"170cm | 5'7""",0,-,-,Adelaide United,Australia
Arnor Angeli,61,CAM,,0,2,3,63,60,60,62,58,61,"185cm | 6'1""",0,-,-,Germinal Beerschot,Belgium
Luke Garbutt,61,LB,,0,2,3,64,39,58,35,60,62,"176cm | 5'9""",0,-,-,Everton,England
Leandro Montagud Balaguer,61,GK,,0,1,2,58,66,60,62,36,61,"186cm | 6'1""",0,-,-,Elche Club de Fútbol S.A.D.,Spain
In Seob Shin,61,CAM,,0,3,2,82,52,50,50,26,35,"175cm | 5'9""",0,-,-,Busan I'Park,Korea Republic
Ash Taylor,61,CB,,0,2,3,64,32,41,40,61,73,"183cm | 6'0""",0,-,-,Tranmere Rovers,Wales
Ben Marshall,61,RM,,0,2,3,74,52,60,66,41,46,"181cm | 5'11""",0,-,-,Sheffield Wednesday,England
Daniel Kearns,61,RM,,0,4,4,81,54,56,63,37,49,"178cm | 5'10""",0,-,-,Peterborough United,Republic of Ireland
Pascal Schürpf,61,LM,,0,2,3,68,58,60,56,62,57,"189cm | 6'2""",0,-,-,FC Basel 1893,Switzerland
Jorge García Morcillo,61,LB,,0,2,2,59,23,51,39,66,58,"185cm | 6'1""",0,-,-,CD Alcoyano,Spain
Gaby Jallo,61,LB,,0,2,3,73,50,61,64,62,60,"175cm | 5'9""",0,-,-,Heracles Almelo,Syria
Patrick Ada,61,CB,,0,2,3,64,18,29,53,65,70,"183cm | 6'0""",0,-,-,Kilmarnock,Cameroon
Sandro Kaiser,61,RB,,0,3,4,76,47,57,65,59,48,"178cm | 5'10""",0,-,-,TSV 1860 München,Germany
Michael Bryan,61,RM,,0,2,3,76,46,55,64,34,31,"173cm | 5'8""",0,-,-,Bradford City,Northern Ireland
Edu Ramos,61,CDM,,0,3,3,69,49,61,56,61,43,"176cm | 5'9""",0,-,-,Villarreal Club de Fútbol “B” S.A.D.,Spain
Lateef Elford-Alliyu,61,ST,,0,2,3,80,53,30,64,45,60,"173cm | 5'8""",0,-,-,West Bromwich Albion,Nigeria
Cristian Montano,61,LM,,0,3,3,78,55,54,65,59,50,"180cm | 5'11""",0,-,-,Notts County,England
Ivans Lukjanovs,61,CF,,0,3,3,79,56,55,63,53,64,"185cm | 6'1""",0,-,-,Lechia Gdańsk,Latvia
Alper Uludag,61,LM,,0,2,3,70,57,57,62,55,56,"180cm | 5'11""",0,-,-,Alemannia Aachen,Belgium
Sven Krause,61,ST,,0,2,4,57,59,46,58,48,66,"183cm | 6'0""",0,-,-,SC Paderborn 07,Germany
Senah Mango,61,CB,,0,2,2,65,34,58,49,64,68,"181cm | 5'11""",0,-,-,AS Monaco FC,Togo
Luke Hyam,61,CM,,0,2,3,71,50,64,56,60,55,"178cm | 5'10""",0,-,-,Ipswich Town,England
Aaron Mooy,61,CM,,0,3,3,79,57,65,63,59,57,"175cm | 5'9""",0,-,-,St. Mirren,Australia
James Marcelin,61,CDM,,0,2,3,65,54,51,54,68,67,"188cm | 6'2""",0,-,-,Portland,Haiti
David Myrie,61,RB,,0,2,3,75,36,48,56,64,65,"185cm | 6'1""",0,-,-,Fredrikstad FK,Costa Rica
Fabien Farnolle,61,GK,,0,1,2,64,61,59,56,39,69,"196cm | 6'5""",0,-,-,Clermont Foot Auvergne 63,France
Vagif Javadov,61,LW,,0,3,3,70,62,56,64,38,52,"183cm | 6'0""",0,-,-,Volga,Azerbaijan
Eugen Gopko,61,RB,,0,2,3,66,48,65,63,51,62,"168cm | 5'6""",0,-,-,1. FSV Mainz 05,Germany
Chris Hussey,61,LB,,0,2,3,73,42,58,58,62,55,"180cm | 5'11""",0,-,-,Coventry City,England
Je-Vaughn Watson,61,CM,,0,2,3,78,54,59,61,71,69,"190cm | 6'3""",0,-,-,Houston Dynamo,Jamaica
Jack McInerney,61,ST,,0,2,2,72,57,42,66,51,67,"175cm | 5'9""",0,-,-,Philadelphia Union,United States
Lucas Porcar Teixidó,61,CAM,,0,2,4,68,54,47,71,42,44,"183cm | 6'0""",0,-,-,Villarreal Club de Fútbol “B” S.A.D.,Spain
Clemens Fandrich,61,CAM,,0,3,3,75,56,57,67,42,53,"177cm | 5'10""",0,-,-,Energie Cottbus,Germany
Thibaut Van Acker,61,CM,,0,2,4,63,54,61,59,54,57,"183cm | 6'0""",0,-,-,Club Brugge KV,Belgium
Adam Straith,61,CB,,0,2,2,65,36,46,51,68,62,"188cm | 6'2""",0,-,-,Energie Cottbus,Canada
Marcus Haber,61,ST,,0,2,3,78,57,43,54,60,47,"191cm | 6'3""",0,-,-,St. Johnstone FC,Canada
Justin Morrow,61,LB,,0,2,3,70,52,55,58,62,64,"173cm | 5'8""",0,-,-,San Jose Earthquakes,United States
Bright Dike,61,ST,,0,3,5,70,60,33,55,53,68,"185cm | 6'1""",0,-,-,Portland,United States
Ekhi Senar Rekondo,61,CB,,0,2,2,60,27,33,39,65,66,"185cm | 6'1""",0,-,-,Sociedad Deportiva Huesca S.A.D.,Spain
Jon Taylor,61,RM,,0,4,2,91,50,48,70,43,46,"180cm | 5'11""",0,-,-,Shrewsbury,England
Zack Schilawski,61,ST,,0,2,3,68,58,51,64,49,60,"178cm | 5'10""",0,-,-,New England Revolution,United States
Zak Boggs,61,RM,,0,3,3,76,54,56,59,55,56,"185cm | 6'1""",0,-,-,New England Revolution,United States
Liam Palmer,61,CAM,,0,3,3,77,53,54,58,51,56,"180cm | 5'11""",0,-,-,Sheffield Wednesday,Scotland
Teddy Mézague,61,CB,,0,2,2,58,29,45,26,66,66,"185cm | 6'1""",0,-,-,Montpellier Hérault Sport Club,France
Paolo Dametto,61,CB,,0,2,2,57,38,42,29,61,68,"178cm | 5'10""",0,-,-,Cagliari,Italy
Keanu Marsh-Brown,61,RM,,0,3,3,74,51,57,65,52,42,"178cm | 5'10""",0,-,-,Dundee United,England
Mark Cullen,61,ST,,0,3,2,66,58,48,55,44,60,"175cm | 5'9""",0,-,-,Bury,England
Christopher Avevor,61,CB,,0,2,3,63,31,53,44,65,71,"184cm | 6'0""",0,-,-,Hannover 96,Germany
Andy Drury,61,RM,,0,3,4,68,52,61,58,54,46,"180cm | 5'11""",0,-,-,Ipswich Town,England
Jae Suk Oh,61,RB,,0,2,3,72,46,57,61,65,56,"178cm | 5'10""",0,-,-,Gangwon FC,Korea Republic
Moise Bambara,61,RB,,0,2,3,69,56,59,62,63,64,"185cm | 6'1""",0,-,-,FC Ingolstadt 04,Germany
Sang Wook Jeon,61,GK,,0,1,3,60,64,64,61,56,60,"191cm | 6'3""",0,-,-,Busan I'Park,Korea Republic
Nicolás Cháfer García,61,CAM,,0,3,4,68,48,62,61,46,50,"174cm | 5'9""",0,-,-,Villarreal Club de Fútbol “B” S.A.D.,Spain
Andréa Fileccia,61,ST,,0,2,3,61,59,45,50,51,57,"194cm | 6'4""",0,-,-,SBV Excelsior,Belgium
Jordi Masip,61,GK,,0,1,2,69,54,56,66,63,54,"177cm | 5'10""",0,-,-,Fútbol Club Barcelona “B”,Spain
René Sterckx,61,CM,,0,2,3,67,61,62,64,58,61,"179cm | 5'10""",0,-,-,SV Zulte-Waregem,Belgium
Ryan Allsop,61,GK,,0,1,3,64,57,65,64,42,62,"189cm | 6'2""",0,-,-,Millwall,England
Pedro Manuel da Silva Moreira,61,CM,,0,3,3,62,57,64,62,59,64,"182cm | 6'0""",0,-,-,Barcelos,Portugal
Roland Alberg,61,CAM,,0,3,3,62,62,55,61,62,66,"180cm | 5'11""",0,-,-,SBV Excelsior,Netherlands
Mitchell te Vrede,61,ST,,0,2,3,55,58,47,59,49,58,"191cm | 6'3""",0,-,-,SBV Excelsior,Netherlands
José Marco Higón,61,RM,,0,3,3,77,51,50,63,43,50,"173cm | 5'8""",0,-,-,Levante Unión Deportiva S.A.D.,Spain
Jae Kwon Lee,61,CM,,0,2,3,71,46,64,65,63,64,"176cm | 5'9""",0,-,-,Incheon United FC,Korea Republic
Joon Jae Nam,61,ST,,0,2,3,64,60,46,64,48,66,"183cm | 6'0""",0,-,-,Jeju United FC,Korea Republic
Soo Il Kang,61,CF,,0,4,3,84,52,54,67,54,70,"183cm | 6'0""",0,-,-,Jeju United FC,Korea Republic
Dae Sun Jung,61,ST,,0,3,3,61,56,48,59,53,64,"178cm | 5'10""",0,-,-,GyeongNam FC,Korea Republic
Hyun Ho Lee,61,CAM,,0,3,4,80,61,61,67,42,66,"170cm | 5'7""",0,-,-,Jeju United FC,Korea Republic
Sung Ho Choo,61,CB,,0,2,2,75,42,45,31,68,73,"181cm | 5'11""",0,-,-,Busan I'Park,Korea Republic
Christopher Schindler,61,CB,,0,2,3,67,27,40,31,65,65,"188cm | 6'2""",0,-,-,TSV 1860 München,Germany
Ruben Luna,61,ST,,0,2,4,70,59,38,60,46,66,"183cm | 6'0""",0,-,-,FC Dallas,Mexico
Hallam Hope,61,ST,,0,3,2,73,65,40,50,40,49,"179cm | 5'10""",0,-,-,Everton,England
Josh Carson,61,RM,,0,2,4,72,58,60,66,46,62,"175cm | 5'9""",0,-,-,Ipswich Town,Northern Ireland
Jordan Obita,61,RM,,0,2,4,73,49,56,65,48,41,"180cm | 5'11""",0,-,-,Reading,England
Ahmed Abdulla,61,CAM,,0,3,3,68,57,50,58,49,51,"174cm | 5'9""",0,-,-,Swindon Town,Saudi Arabia
Marco Djuricin,61,ST,,0,3,3,66,62,43,65,39,58,"181cm | 5'11""",0,-,-,Hertha BSC,Austria
Nicola Leali,61,GK,,0,1,2,60,60,47,72,55,62,"188cm | 6'2""",0,-,-,Brescia,Italy
Kyle Hutton,61,CM,,0,2,3,69,37,62,66,64,72,"189cm | 6'2""",0,-,-,Sheffield United,Scotland
Cristiano Biraghi,61,LB,,0,2,4,78,54,50,55,62,59,"179cm | 5'10""",0,-,-,Stabia,Italy
Faouzi Ghoulam,61,LB,,0,2,3,63,50,57,60,64,63,"186cm | 6'1""",0,-,-,A.S. Saint-Etienne,France
Guilherme Rodrigues Moreira,61,CAM,,0,3,4,68,58,61,63,49,52,"171cm | 5'7""",0,-,-,Clermont Foot Auvergne 63,Brazil
Omar Salgado,61,ST,,0,3,2,63,59,51,60,43,65,"193cm | 6'4""",0,-,-,Whitecaps FC,United States
Kevin Kraus,61,CB,,0,2,3,44,36,44,33,64,69,"190cm | 6'3""",0,-,-,SpVgg Greuther Fürth,Germany
Zac MacMath,61,GK,,0,1,2,66,59,71,57,51,61,"188cm | 6'2""",0,-,-,Philadelphia Union,United States
Tom Heinemann,61,ST,,0,2,4,60,57,45,63,54,73,"193cm | 6'4""",0,-,-,Columbus Crew,United States
Jordan Slew,61,ST,,0,3,3,91,53,35,59,46,53,"178cm | 5'10""",0,-,-,Blackburn Rovers,England
Michael Farfan,61,RM,,0,2,4,69,54,64,65,61,52,"175cm | 5'9""",0,-,-,Philadelphia Union,United States
Dong Sub Kim,61,CF,,0,2,2,68,61,53,63,50,65,"188cm | 6'2""",0,-,-,GwangJu FC,Korea Republic
Woo In Jeong,61,CB,,0,2,3,71,50,54,58,64,55,"184cm | 6'0""",0,-,-,GwangJu FC,Korea Republic
Seung Gi Lee,61,CAM,,0,2,3,61,60,59,60,50,59,"177cm | 5'10""",0,-,-,GwangJu FC,Korea Republic
Dong Hyeog Ahn,61,LM,,0,2,3,70,55,58,61,55,64,"175cm | 5'9""",0,-,-,GwangJu FC,Korea Republic
Eric Dier,61,CB,,0,2,3,65,37,44,51,65,69,"188cm | 6'2""",0,-,-,Everton,England
Tom Carroll,61,CM,,0,3,3,72,48,62,61,34,26,"177cm | 5'10""",0,-,-,Tottenham Hotspur,England
Miguel López,61,ST,,0,2,5,68,60,50,71,51,54,"175cm | 5'9""",0,-,-,Los Angeles Galaxy,Argentina
Benjamin Morel,61,CF,,0,3,3,66,61,58,61,45,64,"181cm | 5'11""",0,-,-,Stade Malherbe Caen,France
Connor Ripley,61,GK,,0,1,3,66,59,71,60,14,64,"180cm | 5'11""",0,-,-,Middlesbrough,England
Eric Gehrig,61,CDM,,0,2,3,67,52,53,55,67,65,"185cm | 6'1""",0,-,-,Columbus Crew,United States
Hyun Jin Yong,61,CB,,0,2,3,73,41,46,39,68,57,"179cm | 5'10""",0,-,-,Seongnam Ilhwa Chunma,Korea Republic
Kyo Won Han,61,CF,,0,2,3,65,62,34,65,44,53,"182cm | 6'0""",0,-,-,Incheon United FC,Korea Republic
Reece Brown,61,CB,,0,2,2,67,26,40,41,62,70,"191cm | 6'3""",0,-,-,Doncaster Rovers,England
Ryan Tunnicliffe,61,CDM,,0,2,2,69,52,62,55,62,53,"183cm | 6'0""",0,-,-,Peterborough United,England
Thomas Monconduit,61,CB,,0,2,3,58,32,56,31,61,68,"180cm | 5'11""",0,-,-,AJ Auxerre,France
Gabriel Farfan,61,RM,,0,3,4,70,59,62,64,61,62,"178cm | 5'10""",0,-,-,Philadelphia Union,United States
Alfredo Marcos Da Silva Junior,61,ST,,0,2,3,69,59,50,62,54,63,"180cm | 5'11""",0,-,-,KVC Westerlo,Brazil
Daniel Davari,61,GK,,0,1,3,61,59,62,63,58,61,"192cm | 6'4""",0,-,-,Braunschweig,Germany
Julius Reinhardt,61,CM,,0,2,4,80,58,57,67,62,59,"182cm | 6'0""",0,-,-,Braunschweig,Germany
Tommie Hoban,61,CB,,0,2,4,54,39,56,54,58,73,"176cm | 5'9""",0,-,-,Watford,Republic of Ireland
Bigen Yala Lusala,61,RW,,0,2,3,77,53,52,69,48,58,"178cm | 5'10""",0,-,-,Sporting Lokeren OV,Belgium
Jens Möckel,61,CB,,0,2,3,54,36,48,40,63,63,"188cm | 6'2""",0,-,-,Dynamo Dresden,Germany
Erdal Akdari,61,LB,,0,2,3,72,39,57,60,63,63,"184cm | 6'0""",0,-,-,Hannover 96,Turkey
Ju Tae Yun,61,CF,,0,3,3,78,55,59,71,38,65,"174cm | 5'9""",0,-,-,FSV Frankfurt,Korea Republic
Guido Kocer,61,LM,,0,3,3,78,64,57,64,42,60,"175cm | 5'9""",0,-,-,FC Erzgebirge Aue,Germany
Clément Tainmont,61,LM,,0,3,3,67,53,62,58,51,51,"185cm | 6'1""",0,-,-,Stade de Reims,France
David Vázquez Bardera,61,CAM,,0,2,3,69,55,56,62,44,53,"179cm | 5'10""",0,-,-,Sociedad Deportiva Huesca S.A.D.,Spain
Emir Dilaver,61,CDM,,0,2,3,69,57,54,64,66,60,"183cm | 6'0""",0,-,-,FK Austria Wien,Austria
Darren Keet,61,GK,,0,1,2,62,59,61,64,62,57,"183cm | 6'0""",0,-,-,KV Kortrijk,South Africa
Julian Korb,61,CDM,,0,2,3,69,41,60,62,57,50,"177cm | 5'10""",0,-,-,Borussia M'gladbach,Germany
Kevin Ingreso,61,CAM,,0,3,3,70,48,65,66,32,52,"178cm | 5'10""",0,-,-,Hamburger SV,Germany
Maximilian Riedmüller,61,GK,,0,1,3,61,66,69,63,42,59,"189cm | 6'2""",0,-,-,Bayern München,Germany
Alexander Riemann,61,ST,,0,2,3,59,60,56,59,49,60,"183cm | 6'0""",0,-,-,VfB Stuttgart,Germany
Toni Leistner,61,RB,,0,2,3,66,39,54,49,64,64,"190cm | 6'3""",0,-,-,Dynamo Dresden,Germany
Chris Day,60,GK,,0,1,3,60,65,58,59,48,62,"188cm | 6'2""",0,-,-,Stevenage FC,England
Terrell Forbes,60,CB,,0,2,3,78,18,33,25,61,71,"183cm | 6'0""",0,-,-,Leyton Orient,England
Efetobore Sodje,60,CB,,0,2,3,52,34,33,39,69,67,"185cm | 6'1""",0,-,-,Bury,Nigeria
Craig Easton,60,CM,,0,2,3,61,46,64,60,64,61,"178cm | 5'10""",0,-,-,Dunfermline,Scotland
Kevin Ellison,60,LW,,0,3,3,55,62,50,63,60,70,"183cm | 6'0""",0,-,-,Morecambe,England
Steve Elliott,60,CB,,0,2,2,44,22,25,19,69,71,"188cm | 6'2""",0,-,-,Cheltenham Town,England
David McCracken,60,CB,,0,2,3,55,32,49,44,65,54,"188cm | 6'2""",0,-,-,St. Johnstone FC,Scotland
Brian Barry-Murphy,60,CDM,,0,2,3,61,54,60,47,60,48,"185cm | 6'1""",0,-,-,Rochdale,Republic of Ireland
Michael Flynn,60,CM,,0,2,4,57,58,55,56,67,65,"178cm | 5'10""",0,-,-,Bradford City,Wales
Thomas Butler,60,RM,,0,3,3,54,49,59,70,51,53,"170cm | 5'7""",0,-,-,Swansea City,Republic of Ireland
Lee Mansell,60,CM,,0,2,3,56,32,60,58,66,56,"175cm | 5'9""",0,-,-,Torquay United,England
Mike Edwards,60,CB,,0,2,3,49,28,43,30,63,65,"183cm | 6'0""",0,-,-,Notts County,England
Andy Warrington,60,GK,,0,1,3,62,61,54,60,52,59,"191cm | 6'3""",0,-,-,Rotherham United,England
Ranisav Jovanović,60,CF,,0,3,3,69,59,48,56,54,59,"193cm | 6'4""",0,-,-,Fortuna Düsseldorf,Serbia
Ross Tokely,60,RB,,0,2,3,40,17,47,46,74,67,"191cm | 6'3""",0,-,-,Inverness Caledonian Thistle,Scotland
Łukasz Surma,60,CDM,,0,3,3,59,46,58,56,63,62,"173cm | 5'8""",0,-,-,Lechia Gdańsk,Poland
René Renno,60,GK,,0,1,3,66,60,63,51,30,64,"186cm | 6'1""",0,-,-,Energie Cottbus,Germany
Jo Kuffour,60,ST,,0,3,3,81,58,37,62,49,61,"170cm | 5'7""",0,-,-,Bristol Rovers,Ghana
Karl Duguid,60,RM,,0,3,3,58,52,60,57,60,58,"180cm | 5'11""",0,-,-,Colchester United,England
Glenn Morris,60,GK,,0,1,3,69,48,65,67,62,56,"183cm | 6'0""",0,-,-,Southend United,England
Chris Hackett,60,RM,,0,2,3,82,46,56,64,48,48,"183cm | 6'0""",0,-,-,Millwall,England
Miguel Albiol Tortajada,60,RM,,0,3,3,68,45,60,60,62,54,"177cm | 5'10""",0,-,-,Real Murcia,Spain
Florian Jarjat,60,LB,,0,2,3,53,44,58,46,63,74,"181cm | 5'11""",0,-,-,ESTAC,France
Paul Wotton,60,CDM,,0,3,3,53,56,52,47,65,56,"180cm | 5'11""",0,-,-,Yeovil Town,England
Alejandro García Torre,60,GK,,0,1,3,59,65,55,61,56,62,"183cm | 6'0""",0,-,-,R.C. Recreativo,Spain
Cristian García Ramos,60,RB,,0,2,3,77,45,60,63,54,59,"169cm | 5'7""",0,-,-,Córdoba Club de Fútbol S.A.D.,Spain
Bruno Berner,60,LB,,0,2,3,49,50,59,58,66,68,"185cm | 6'1""",0,-,-,Leicester City,Switzerland
Adin Brown,60,GK,,0,1,3,58,64,71,60,40,67,"195cm | 6'5""",0,-,-,Portland,United States
Jesper Hansen,60,GK,,0,1,3,59,63,60,64,32,57,"188cm | 6'2""",0,-,-,FC Nordsjælland,Denmark
David Preece,60,GK,,0,1,2,66,72,52,53,57,51,"188cm | 6'2""",0,-,-,Barnsley,England
Rafik Saïfi,60,CF,,0,4,4,55,59,62,72,44,60,"178cm | 5'10""",0,-,-,Amiens SC,Algeria
Tom Muyters,60,GK,,0,1,3,62,64,61,61,58,54,"187cm | 6'2""",0,-,-,SV Zulte-Waregem,Belgium
Edoardo Gorini,60,CB,,0,2,2,35,37,36,34,68,59,"186cm | 6'1""",0,-,-,Cittadella,Italy
Pierre Regonesi,60,LB,,0,2,3,61,55,58,58,66,61,"186cm | 6'1""",0,-,-,A. Leffe,Italy
Gernot Plassnegger,60,RB,,0,2,3,67,47,59,58,61,64,"179cm | 5'10""",0,-,-,Admira,Austria
Milaim Rama,60,ST,,0,2,3,32,58,47,56,51,55,"185cm | 6'1""",0,-,-,FC Thun,Switzerland
Davide Taini,60,GK,,0,1,3,67,56,58,66,42,52,"190cm | 6'3""",0,-,-,Grasshopper-Club,Switzerland
Thomas Pichlmann,60,ST,,0,3,4,49,59,42,40,53,65,"188cm | 6'2""",0,-,-,Verona,Austria
Krzysztof Bąk,60,RB,,0,2,3,69,50,51,51,65,67,"188cm | 6'2""",0,-,-,Lechia Gdańsk,Poland
Kevin Rutkiewicz,60,CB,,0,2,3,54,23,39,48,65,54,"185cm | 6'1""",0,-,-,Dunfermline,Scotland
Ryan Esson,60,GK,,0,1,1,61,63,56,58,31,62,"185cm | 6'1""",0,-,-,Inverness Caledonian Thistle,Scotland
Andy Whing,60,RB,,0,2,2,62,48,55,59,64,67,"183cm | 6'0""",0,-,-,Oxford United FC,England
David van Zanten,60,RB,,0,2,2,68,32,60,61,60,67,"178cm | 5'10""",0,-,-,St. Mirren,Republic of Ireland
Dean Brill,60,GK,,0,1,3,57,59,60,64,31,58,"188cm | 6'2""",0,-,-,Barnet,England
Ricky Ravenhill,60,CM,,0,3,3,63,54,56,60,66,67,"178cm | 5'10""",0,-,-,Notts County,England
Matt Harrold,60,ST,,0,2,2,64,55,43,64,48,62,"185cm | 6'1""",0,-,-,Bristol Rovers,England
Pat Baldwin,60,CB,,0,2,3,52,31,46,58,63,65,"183cm | 6'0""",0,-,-,Colchester United,England
David Proctor,60,RB,,0,2,3,59,23,52,55,65,56,"183cm | 6'0""",0,-,-,Inverness Caledonian Thistle,Scotland
Steven MacLean,60,ST,,0,3,3,56,58,45,58,55,65,"180cm | 5'11""",0,-,-,Yeovil Town,Scotland
Matej Mavrič,60,CB,,0,2,3,52,50,45,31,65,66,"187cm | 6'2""",0,-,-,KSV Superfund,Slovenia
Marcos Gelabert,60,CM,,0,2,3,63,54,51,62,67,63,"176cm | 5'9""",0,-,-,Neuchâtel Xamax,Argentina
Denis Kovba,60,CDM,,0,2,3,56,44,52,51,64,49,"188cm | 6'2""",0,-,-,Krylya Sovetov Samara,Belarus
Szymon Sawala,60,CM,,0,4,3,62,53,51,66,57,54,"184cm | 6'0""",0,-,-,GKS Bełchatów,Poland
Massimiliano Scaglia,60,LB,,0,3,3,60,44,55,54,65,53,"183cm | 6'0""",0,-,-,Verona,Italy
Günter Friesenbichler,60,ST,,0,2,3,55,58,50,56,50,62,"193cm | 6'4""",0,-,-,SC Magna Wiener Neustadt,Austria
Jason McGuinness,60,CB,,0,2,3,53,44,46,50,63,66,"189cm | 6'2""",0,-,-,Sligo Rovers,Republic of Ireland
Gary Rogers,60,GK,,0,1,3,59,58,57,66,35,60,"191cm | 6'3""",0,-,-,St. Patrick's Athletic,Republic of Ireland
Owen Heary,60,RB,,0,2,2,53,52,62,49,64,63,"178cm | 5'10""",0,-,-,Bohemians FC,Republic of Ireland
Malik Couturier,60,CB,,0,2,4,46,33,51,30,62,73,"185cm | 6'1""",0,-,-,Angers SCO,France
Fabrice Levrat,60,CM,,0,2,3,53,48,58,60,61,55,"173cm | 5'8""",0,-,-,Stade Lavallois Mayenne FC,France
Terry McFlynn,60,CDM,,0,2,2,40,55,49,39,69,56,"177cm | 5'10""",0,-,-,Sydney FC,Northern Ireland
Simon King,60,CB,,0,2,3,67,23,56,36,64,68,"183cm | 6'0""",0,-,-,Plymouth Argyle,England
Henrik Kildentoft,60,CB,,0,2,3,78,43,40,40,65,66,"183cm | 6'0""",0,-,-,FC Nordsjælland,Denmark
John White,60,RB,,0,2,4,58,42,49,52,60,59,"183cm | 6'0""",0,-,-,Colchester United,England
Ryan Cochrane,60,CB,,0,2,3,39,40,41,51,62,67,"185cm | 6'1""",0,-,-,New England Revolution,United States
Stuart Nelson,60,GK,,0,1,3,61,63,59,58,59,61,"185cm | 6'1""",0,-,-,Notts County,England
Jonathan Téhoué,60,ST,,0,3,3,79,55,45,51,54,67,"183cm | 6'0""",0,-,-,Leyton Orient,France
Jin Ryong Kim,60,ST,,0,2,3,66,59,56,67,58,72,"182cm | 6'0""",0,-,-,Gangwon FC,Korea Republic
Michael Poke,60,GK,,0,1,2,64,59,58,59,53,58,"186cm | 6'1""",0,-,-,Brighton &amp; Hove Albion,England
Rutger Worm,60,LW,,0,3,3,71,59,48,63,46,59,"180cm | 5'11""",0,-,-,Melbourne Heart FC,Netherlands
Joseph Ndo,60,CAM,,0,3,3,61,60,58,63,52,59,"179cm | 5'10""",0,-,-,Sligo Rovers,Cameroon
Julien Ielsch,60,LB,,0,2,3,78,36,56,54,58,48,"172cm | 5'8""",0,-,-,Amiens SC,France
Scott Barron,60,LB,,0,2,3,67,48,60,57,62,55,"178cm | 5'10""",0,-,-,Millwall,England
Mario Reiter,60,CDM,,0,2,3,66,45,56,60,67,63,"186cm | 6'1""",0,-,-,SC Magna Wiener Neustadt,Austria
Scott Wiseman,60,RB,,0,2,3,66,31,56,58,62,62,"183cm | 6'0""",0,-,-,Barnsley,England
Michael Symes,60,ST,,0,2,3,54,59,41,51,48,59,"191cm | 6'3""",0,-,-,Bournemouth,England
Juvenal Edjogo Owono Montalbán,60,CM,,0,2,3,64,64,61,55,61,62,"177cm | 5'10""",0,-,-,Sabadell FC,Equatorial Guinea
Anthony Straker,60,LB,,0,3,3,81,51,55,61,57,61,"175cm | 5'9""",0,-,-,Aldershot Town,Grenada
Jonathan Forte,60,ST,,0,2,3,84,54,48,65,47,51,"183cm | 6'0""",0,-,-,Southampton,Barbados
Jake Cole,60,GK,,0,1,3,62,56,68,67,55,58,"190cm | 6'3""",0,-,-,Plymouth Argyle,England
Jamie Young,60,GK,,0,1,3,60,61,57,62,65,59,"180cm | 5'11""",0,-,-,Aldershot Town,England
Derek Niven,60,CM,,0,2,3,56,55,55,59,55,48,"185cm | 6'1""",0,-,-,Chesterfield,Scotland
Michael Rose,60,LB,,0,2,3,63,54,62,56,65,62,"180cm | 5'11""",0,-,-,Colchester United,England
Francisco Mendoza,60,LM,,0,3,3,71,50,56,64,55,40,"165cm | 5'5""",0,-,-,Club Deportivo Chivas USA,Mexico
Kevin Goldthwaite,60,CB,,0,2,3,62,46,56,50,62,64,"185cm | 6'1""",0,-,-,Portland,United States
Scott Sealy,60,CAM,,0,3,3,75,58,53,62,52,59,"178cm | 5'10""",0,-,-,San Jose Earthquakes,Trinidad &amp; Tobago
Maciej Rogalski,60,LM,,0,2,4,66,57,62,59,53,53,"180cm | 5'11""",0,-,-,Bielsko-Biała,Poland
Etienne Esajas,60,LM,,0,3,3,78,57,52,65,38,47,"178cm | 5'10""",0,-,-,Swindon Town,Netherlands
Yoo Seok Jung,60,GK,,0,1,3,64,61,61,57,52,60,"186cm | 6'1""",0,-,-,Ulsan Hyundai Horang-i,Korea Republic
David Buchanan,60,LB,,0,2,1,71,49,61,60,59,65,"173cm | 5'8""",0,-,-,Tranmere Rovers,England
Matt Done,60,LW,,0,3,2,75,45,56,66,41,43,"178cm | 5'10""",0,-,-,Barnsley,Wales
Dave Hibbert,60,ST,,0,2,2,66,54,43,42,49,75,"188cm | 6'2""",0,-,-,Peterborough United,England
Michael Madl,60,CDM,,0,2,3,65,37,57,54,62,66,"182cm | 6'0""",0,-,-,SC Magna Wiener Neustadt,Austria
Jasmin Fejzic,60,GK,,0,1,2,58,63,54,59,33,61,"198cm | 6'6""",0,-,-,SpVgg Greuther Fürth,Bosnia Herzegovina
Ritchie Jones,60,CM,,0,2,3,64,49,60,60,53,57,"183cm | 6'0""",0,-,-,Bradford City,England
Lawrie Wilson,60,RM,,0,3,3,83,41,52,60,53,53,"178cm | 5'10""",0,-,-,Stevenage FC,England
Jonathan Tuffey,60,GK,,0,1,3,57,62,58,63,50,62,"185cm | 6'1""",0,-,-,Inverness Caledonian Thistle,Northern Ireland
Scott Rendell,60,CF,,0,2,3,68,64,37,56,45,62,"180cm | 5'11""",0,-,-,Wycombe Wanderers,England
Joel Grant,60,LM,,0,3,3,82,53,57,63,38,52,"183cm | 6'0""",0,-,-,Wycombe Wanderers,Jamaica
Brendan Moloney,60,RB,,0,2,3,65,34,59,49,62,65,"185cm | 6'1""",0,-,-,Nottingham Forest,Republic of Ireland
Mate Lacic,60,CB,,0,2,3,50,41,50,45,64,66,"186cm | 6'1""",0,-,-,GKS Bełchatów,Croatia
Adam Moffat,60,CM,,0,3,3,65,63,55,62,64,66,"182cm | 6'0""",0,-,-,Houston Dynamo,Scotland
Marko Marić,60,CM,,0,3,3,56,48,61,64,56,59,"189cm | 6'2""",0,-,-,Chicago Fire,Croatia
Toumani Diagouraga,60,CM,,0,3,3,72,44,56,61,54,53,"188cm | 6'2""",0,-,-,Brentford,France
Divine Fonjock,60,CAM,,0,3,3,67,54,52,59,55,60,"178cm | 5'10""",0,-,-,Gubbio,Cameroon
Josh Walker,60,CM,,0,2,3,63,56,57,58,55,56,"181cm | 5'11""",0,-,-,Stevenage FC,England
Chris Martin,60,GK,,0,1,3,61,62,61,63,65,65,"183cm | 6'0""",0,-,-,Port Vale,England
Luke Potter,60,CB,,0,2,3,61,23,35,23,68,73,"192cm | 6'4""",0,-,-,Barnsley,England
Deane Smalley,60,RM,,0,3,3,77,54,60,62,46,52,"180cm | 5'11""",0,-,-,Oxford United FC,England
Andrew Boyens,60,CB,,0,2,3,31,35,44,43,61,68,"193cm | 6'4""",0,-,-,Club Deportivo Chivas USA,New Zealand
Hans Julius Norbye,60,RB,,0,2,3,91,45,55,55,61,51,"176cm | 5'9""",0,-,-,Tromsø IL,Norway
Marc Burch,60,LB,,0,2,2,65,62,66,58,60,62,"188cm | 6'2""",0,-,-,D.C. United,United States
Gil Hoon Lee,60,CAM,,0,2,3,61,56,59,59,57,55,"178cm | 5'10""",0,-,-,Busan I'Park,Korea Republic
In Whan Jung,60,CB,,0,2,2,77,33,48,46,62,53,"187cm | 6'2""",0,-,-,Incheon United FC,Korea Republic
Kwang Hwan Jeon,60,RB,,0,2,3,72,40,49,56,59,50,"173cm | 5'8""",0,-,-,Jeonbuk Hyundai Motors,Korea Republic
Yong Tae Kim,60,RW,,0,3,3,64,50,58,64,58,55,"176cm | 5'9""",0,-,-,Gwangju Sangmu FC,Korea Republic
Benjamin Fuchs,60,RB,,0,2,3,68,44,51,60,62,60,"180cm | 5'11""",0,-,-,Braunschweig,Austria
Zdenek Zlámal,60,GK,,0,1,3,63,59,66,57,45,65,"193cm | 6'4""",0,-,-,Bari,Czech Republic
Franck Moussa,60,CM,,0,3,4,73,49,55,65,53,50,"173cm | 5'8""",0,-,-,Leicester City,Belgium
Nick Ward,60,CAM,,0,3,3,68,59,56,59,50,49,"183cm | 6'0""",0,-,-,Wellington Phoenix,Australia
Tom Pope,60,ST,,0,2,3,59,55,36,46,55,77,"191cm | 6'3""",0,-,-,Port Vale,England
Oscar Vega Salinas,60,CF,,0,3,3,70,56,39,60,47,61,"175cm | 5'9""",0,-,-,Sociedad Deportiva Huesca S.A.D.,Spain
Simone Grippo,60,CM,,0,2,3,59,54,60,59,61,66,"189cm | 6'2""",0,-,-,Chievo Verona,Italy
Hyun Seung Lee,60,CAM,,0,3,3,80,50,62,65,53,52,"172cm | 5'8""",0,-,-,Chunnam Dragons,Korea Republic
Piotr Stawarczyk,60,CB,,0,2,2,50,21,41,31,70,49,"193cm | 6'4""",0,-,-,Ruch Chorzów,Poland
Gavin Tomlin,60,RW,,0,2,3,79,53,42,71,42,57,"183cm | 6'0""",0,-,-,Dagenham and Redbridge,England
Froylán Ledezma,60,CF,,0,2,3,68,62,49,64,49,60,"184cm | 6'0""",0,-,-,Admira,Costa Rica
Arturo Ledesma,60,LB,,0,2,3,60,38,48,51,66,58,"183cm | 6'0""",0,-,-,Guadalajara,Mexico
Simon Pontdemé,60,GK,,0,1,2,65,64,62,62,31,57,"186cm | 6'1""",0,-,-,AJ Auxerre,France
Bobby Olejnik,60,GK,,0,1,2,61,54,44,62,33,63,"183cm | 6'0""",0,-,-,Torquay United,Austria
Chris Holroyd,60,ST,,0,2,2,76,54,36,59,49,63,"180cm | 5'11""",0,-,-,Rotherham United,England
Tae Goon Ha,60,ST,,0,2,3,61,57,45,60,50,68,"187cm | 6'2""",0,-,-,Suwon Samsung Bluewings,Korea Republic
Ronan Finn,60,CAM,,0,2,3,74,56,60,59,53,61,"184cm | 6'0""",0,-,-,Shamrock Rovers,Republic of Ireland
Derek Doyle,60,LM,,0,2,2,73,55,58,58,48,64,"183cm | 6'0""",0,-,-,St. Patrick's Athletic,Republic of Ireland
Kyle Reynish,60,GK,,0,1,3,61,64,69,57,41,63,"191cm | 6'3""",0,-,-,Real Salt Lake,United States
Massimo Murdocca,60,CM,,0,2,3,67,44,57,59,48,38,"165cm | 5'5""",0,-,-,Brisbane Roar Football Club,Australia
Stuart Musialik,60,CDM,,0,2,4,39,56,50,52,64,60,"175cm | 5'9""",0,-,-,Central Coast Mariners FC,Australia
Tarek Elrich,60,RB,,0,3,1,81,57,54,69,60,43,"180cm | 5'11""",0,-,-,Newcastle United Jets FC,Australia
Adam Cristman,60,ST,,0,3,4,59,57,41,60,49,61,"183cm | 6'0""",0,-,-,Los Angeles Galaxy,United States
Kristijan Ipša,60,CB,,0,2,3,63,47,55,51,64,65,"186cm | 6'1""",0,-,-,FC Midtjylland,Croatia
Sean McAllister,60,CM,,0,2,3,71,54,58,56,58,61,"173cm | 5'8""",0,-,-,Shrewsbury,England
Lewis Montrose,60,CDM,,0,2,3,65,35,61,57,61,66,"183cm | 6'0""",0,-,-,Gillingham,Scotland
Neal Bishop,60,CM,,0,2,3,56,52,55,58,65,65,"183cm | 6'0""",0,-,-,Notts County,England
Adi Rocha Sobrinho Filho,60,ST,,0,3,3,67,60,46,66,36,60,"181cm | 5'11""",0,-,-,Energie Cottbus,Brazil
Ben Sigmund,60,CB,,0,2,3,47,31,41,29,65,70,"180cm | 5'11""",0,-,-,Wellington Phoenix,New Zealand
Steven Lang,60,RM,,0,2,3,71,56,55,60,50,59,"176cm | 5'9""",0,-,-,FC Lausanne,Switzerland
Guillem Bauzà Mayol,60,ST,,0,3,3,59,58,57,66,50,63,"183cm | 6'0""",0,-,-,Exeter City,Spain
Joe Jacobson,60,LB,,0,2,3,73,26,53,60,64,66,"180cm | 5'11""",0,-,-,Shrewsbury,Wales
Karl Sheppard,60,ST,,0,2,3,82,54,38,60,44,65,"182cm | 6'0""",0,-,-,Shamrock Rovers,Republic of Ireland
Danny Earls,60,LB,,0,2,2,73,48,52,64,60,64,"175cm | 5'9""",0,-,-,Colorado Rapids,Republic of Ireland
Leon McSweeney,60,RM,,0,3,3,74,48,56,62,60,51,"185cm | 6'1""",0,-,-,Leyton Orient,Republic of Ireland
Kieran Charnock,60,CB,,0,2,3,57,24,27,26,67,67,"186cm | 6'1""",0,-,-,Morecambe,England
Steffen Haas,60,CDM,,0,2,3,65,50,58,60,63,61,"183cm | 6'0""",0,-,-,Karlsruher SC,Germany
Stephan Flauder,60,GK,,0,1,2,64,58,57,64,50,56,"197cm | 6'6""",0,-,-,FC Erzgebirge Aue,Germany
Yo Han Go,60,RB,,0,3,3,64,50,61,65,50,46,"170cm | 5'7""",0,-,-,FC Seoul,Korea Republic
Alan Judge,60,RM,,0,2,2,73,62,52,67,47,61,"170cm | 5'7""",0,-,-,Notts County,Republic of Ireland
Kwang Hee Choi,60,RW,,0,2,3,79,50,58,57,47,59,"172cm | 5'8""",0,-,-,Busan I'Park,Korea Republic
Kenny Mansally,60,LM,,0,3,4,86,61,53,60,50,63,"175cm | 5'9""",0,-,-,New England Revolution,Gambia
Mihkel Aksalu,60,GK,,0,1,3,69,52,65,69,26,57,"192cm | 6'4""",0,-,-,Sheffield United,Estonia
Steve Purdy,60,RB,,0,2,4,71,30,50,53,65,64,"193cm | 6'4""",0,-,-,Portland,El Salvador
Lee Hills,60,LB,,0,2,3,78,38,53,64,59,57,"179cm | 5'10""",0,-,-,Crystal Palace,England
Lee Collins,60,CB,,0,2,3,68,22,50,38,63,67,"180cm | 5'11""",0,-,-,Port Vale,England
John Akinde,60,ST,,0,2,4,74,57,30,41,53,73,"188cm | 6'2""",0,-,-,Crawley Town,England
Oliver Norwood,60,CM,,0,3,3,64,54,63,63,54,57,"175cm | 5'9""",0,-,-,Scunthorpe United,Northern Ireland
Rhys Taylor,60,GK,,0,1,3,58,62,65,69,35,60,"188cm | 6'2""",0,-,-,Chelsea,Wales
Ben Gordon,60,LB,,0,2,3,71,25,55,62,59,53,"180cm | 5'11""",0,-,-,Peterborough United,England
Solomon Taiwo,60,CM,,0,2,3,75,49,56,62,67,60,"185cm | 6'1""",0,-,-,Cardiff City,Nigeria
Peter Lowry,60,CAM,,0,2,4,58,58,56,59,51,59,"180cm | 5'11""",0,-,-,Portland,United States
Pat Phelan,60,CDM,,0,2,3,50,49,55,57,63,69,"183cm | 6'0""",0,-,-,New England Revolution,United States
Jude Ikechukwu Nworuh,60,ST,,0,2,3,84,58,39,63,38,62,"170cm | 5'7""",0,-,-,FC Midtjylland,Nigeria
Kyu Ro Lee,60,RB,,0,2,3,67,42,52,51,65,58,"177cm | 5'10""",0,-,-,FC Seoul,Korea Republic
Tae Min Park,60,RM,,0,2,3,74,51,60,56,60,55,"183cm | 6'0""",0,-,-,Busan I'Park,Korea Republic
Seul Ki Ko,60,CAM,,0,2,2,57,54,65,64,49,64,"183cm | 6'0""",0,-,-,Ulsan Hyundai Horang-i,Korea Republic
Dominic Pürcher,60,LB,,0,2,3,72,45,59,59,62,61,"182cm | 6'0""",0,-,-,SK Sturm Graz,Austria
Michael Wiemann,60,CB,,0,2,3,58,46,53,51,62,61,"186cm | 6'1""",0,-,-,Hansa Rostock,Germany
Miroslav Štěpánek,60,CB,,0,2,3,47,31,37,31,63,60,"192cm | 6'4""",0,-,-,Hamburger SV,Czech Republic
Chafik Najih,60,CAM,,0,2,3,70,57,53,61,44,61,"184cm | 6'0""",0,-,-,AC Arles Avignon,France
Ashley Westwood,60,CDM,,0,2,3,67,46,62,49,61,57,"178cm | 5'10""",0,-,-,Crewe Alexandra,England
Marc Gallego,60,RM,,0,2,3,72,61,57,62,53,58,"177cm | 5'10""",0,-,-,FSV Frankfurt,Germany
Dale Bennett,60,CB,,0,2,3,72,19,31,24,66,69,"180cm | 5'11""",0,-,-,Watford,England
Simone Colombi,60,GK,,0,1,1,62,60,52,62,45,56,"186cm | 6'1""",0,-,-,Stabia,Italy
Liam Cooper,60,CB,,0,2,3,53,33,39,35,61,70,"180cm | 5'11""",0,-,-,Huddersfield Town,Scotland
Thomas Reifeltshammer,60,CB,,0,2,2,54,19,32,35,62,70,"188cm | 6'2""",0,-,-,SV Josko Fenst. Ried,Austria
Terry Gornell,60,ST,,0,3,3,70,56,51,56,53,68,"180cm | 5'11""",0,-,-,Shrewsbury,England
Ryan Donaldson,60,ST,,0,3,3,72,61,36,61,38,64,"181cm | 5'11""",0,-,-,Newcastle United,England
Scott Kay,60,CM,,0,2,3,73,56,58,50,59,42,"179cm | 5'10""",0,-,-,Macclesfield Town,England
Alcalá,60,CB,,0,2,3,44,28,42,38,70,54,"196cm | 6'5""",0,-,-,Unión Deportiva Almería S.A.D.,Spain
Francesco Di Tacchio,60,CDM,,0,2,3,67,49,57,57,63,68,"185cm | 6'1""",0,-,-,Stabia,Italy
Kyle Davies,60,CB,,0,2,3,71,35,45,43,64,62,"185cm | 6'1""",0,-,-,Los Angeles Galaxy,United States
Oscar Gobern,60,CM,,0,2,3,90,47,58,67,55,58,"180cm | 5'11""",0,-,-,Huddersfield Town,England
Kieran Djilali,60,LM,,0,3,4,82,57,53,64,51,54,"178cm | 5'10""",0,-,-,AFC Wimbledon,England
Lorenzo Del Prete,60,RM,,0,2,2,74,40,63,52,60,60,"180cm | 5'11""",0,-,-,Inferiore,Italy
Ole Söderberg,60,GK,,0,1,3,63,61,58,66,50,61,"183cm | 6'0""",0,-,-,Newcastle United,Sweden
Chris Tierney,60,LM,,0,2,3,47,55,57,60,64,65,"183cm | 6'0""",0,-,-,New England Revolution,United States
Zargo Touré,60,CDM,,0,2,3,61,26,50,40,66,66,"184cm | 6'0""",0,-,-,U.S. Boulogne Cote D'Opale,Senegal
Jordan Clarke,60,RB,,0,2,3,80,22,54,48,58,49,"183cm | 6'0""",0,-,-,Coventry City,England
Reuben Noble-Lazarus,60,ST,,0,2,3,72,51,50,64,48,60,"180cm | 5'11""",0,-,-,Barnsley,England
Robin Shroot,60,RM,,0,2,4,69,57,58,61,45,55,"179cm | 5'10""",0,-,-,Stevenage FC,Northern Ireland
Quincy Amarikwa,60,RW,,0,3,3,82,54,36,68,47,61,"175cm | 5'9""",0,-,-,Colorado Rapids,United States
Tom Adeyemi,60,RM,,0,3,3,70,53,54,61,55,53,"185cm | 6'1""",0,-,-,Oldham Athletic,England
Márkó Futács,60,ST,,0,3,3,44,61,47,51,54,64,"196cm | 6'5""",0,-,-,Portsmouth,Hungary
Marcel Gaus,60,LW,,0,2,3,71,50,54,62,48,59,"181cm | 5'11""",0,-,-,FSV Frankfurt,Germany
Yong Gi Lee,60,RB,,0,2,3,67,44,56,55,64,60,"189cm | 6'2""",0,-,-,GyeongNam FC,Korea Republic
Danny Stevens,60,RM,,0,3,3,80,43,56,65,40,50,"163cm | 5'4""",0,-,-,Torquay United,England
Ángel Ortega García,60,RB,,0,2,3,71,42,54,50,62,56,"177cm | 5'10""",0,-,-,Villarreal Club de Fútbol “B” S.A.D.,Spain
James Shea,60,GK,,0,1,2,66,54,53,71,50,52,"180cm | 5'11""",0,-,-,Dagenham and Redbridge,England
Stuart Beavon,60,ST,,0,3,3,66,54,58,59,53,67,"171cm | 5'7""",0,-,-,Wycombe Wanderers,England
Amir Spahić,60,LB,,0,3,3,71,51,54,64,64,58,"188cm | 6'2""",0,-,-,Wrocław,Bosnia Herzegovina
Robert McHugh,60,ST,,0,3,2,64,58,45,60,45,70,"178cm | 5'10""",0,-,-,Motherwell,Scotland
Correia,60,CB,,0,2,4,59,35,42,52,66,56,"186cm | 6'1""",0,-,-,Braunschweig,Portugal
Troy Brown,60,CB,,0,2,4,67,24,30,29,66,75,"185cm | 6'1""",0,-,-,Rotherham United,Wales
Nelson González,60,LM,,0,3,3,72,58,53,62,50,53,"167cm | 5'6""",0,-,-,Real Salt Lake,Argentina
N'Gala,60,CB,,0,2,3,71,44,43,42,68,54,"188cm | 6'2""",0,-,-,Yeovil Town,England
Ashley Eastham,60,CB,,0,2,2,63,24,41,41,62,64,"191cm | 6'3""",0,-,-,Bury,England
Ronan Murray,60,ST,,0,3,3,77,54,42,64,41,65,"170cm | 5'7""",0,-,-,Ipswich Town,Republic of Ireland
Roberto Batrés Díaz,60,CAM,,0,3,3,57,58,54,52,51,56,"191cm | 6'3""",0,-,-,CD Alcoyano,Spain
David Davis,60,CDM,,0,2,2,69,48,59,55,60,53,"173cm | 5'8""",0,-,-,Inverness Caledonian Thistle,England
Nika Piliev,60,CM,,0,2,3,72,58,73,55,49,67,"176cm | 5'9""",0,-,-,CSKA Moskva,Russia
Conor McLaughlin,60,RB,,0,2,3,74,41,58,60,60,59,"184cm | 6'0""",0,-,-,Preston North End,Northern Ireland
Cheick Doukouré,60,CDM,,0,3,3,64,52,55,60,62,56,"181cm | 5'11""",0,-,-,FC Lorient Bretagne Sud,France
Ladislas Douniama,60,CF,,0,3,3,71,56,57,65,39,56,"163cm | 5'4""",0,-,-,En Avant de Guingamp,Congo
Marlon Pack,60,CM,,0,2,3,61,53,64,56,61,64,"182cm | 6'0""",0,-,-,Cheltenham Town,England
Idriss Saadi,60,ST,,0,3,3,69,56,42,59,47,61,"186cm | 6'1""",0,-,-,A.S. Saint-Etienne,France
Liam Noble,60,CM,,0,3,3,70,63,63,66,47,50,"173cm | 5'8""",0,-,-,Carlisle United,England
Austin da Luz,60,LM,,0,2,3,52,59,59,59,48,56,"178cm | 5'10""",0,-,-,D.C. United,United States
Brian Perk,60,GK,,0,1,1,62,61,78,61,39,61,"180cm | 5'11""",0,-,-,Los Angeles Galaxy,United States
Callum Ball,60,ST,,0,2,3,60,56,45,53,56,65,"185cm | 6'1""",0,-,-,Derby County,England
Amara Kallé,60,CB,,0,2,2,60,34,40,32,65,65,"184cm | 6'0""",0,-,-,AJ Auxerre,Mali
Joseph Nane,60,CDM,,0,2,2,57,37,49,55,66,65,"188cm | 6'2""",0,-,-,Colorado Rapids,Cameroon
Gordon Smith,60,ST,,0,3,3,67,56,49,48,47,72,"183cm | 6'0""",0,-,-,Heart of Midlothian,Scotland
Scott Robinson,60,CF,,0,3,3,80,54,50,65,46,54,"168cm | 5'6""",0,-,-,Heart of Midlothian,Scotland
Florentin Pogba,60,LB,,0,2,3,59,30,51,32,67,77,"187cm | 6'2""",0,-,-,CS Sedan Ardennes,France
Andrea De Vito,60,CB,,0,2,2,68,41,36,54,61,51,"179cm | 5'10""",0,-,-,Cittadella,Italy
Alban Ramaj,60,CF,,0,2,4,82,59,51,66,44,57,"180cm | 5'11""",0,-,-,FC Erzgebirge Aue,Serbia
Jae Cheol Jo,60,CM,,0,3,3,65,60,62,63,47,55,"176cm | 5'9""",0,-,-,Seongnam Ilhwa Chunma,Korea Republic
Seung Hee Lee,60,CDM,,0,2,3,77,45,51,60,65,52,"184cm | 6'0""",0,-,-,Chunnam Dragons,Korea Republic
Hyun Woong Lee,60,CM,,0,3,3,73,60,61,67,58,59,"175cm | 5'9""",0,-,-,Daejeon Citizen,Korea Republic
Yannick Rymenants,60,LB,,0,4,5,72,54,54,65,56,50,"178cm | 5'10""",0,-,-,Sint-Truidense VV,Belgium
Joselu,60,ST,,0,3,3,60,60,40,59,49,67,"180cm | 5'11""",0,-,-,Villarreal Club de Fútbol “B” S.A.D.,Spain
Piero Mingoia,60,RM,,0,3,3,72,48,65,58,44,44,"180cm | 5'11""",0,-,-,Watford,England
Deniz Herber,60,ST,,0,3,4,68,57,34,60,43,64,"182cm | 6'0""",0,-,-,FC St. Pauli,Turkey
Bernhard Janeczek,60,CB,,0,2,3,61,33,47,45,64,61,"185cm | 6'1""",0,-,-,Borussia M'gladbach,Austria
Collin Quaner,60,ST,,0,3,3,75,54,46,61,48,57,"190cm | 6'3""",0,-,-,FC Ingolstadt 04,Germany
Marcel Lenz,60,GK,,0,1,3,61,58,56,64,51,61,"187cm | 6'2""",0,-,-,MSV Duisburg,Germany
James Meyer,60,CAM,,0,2,4,75,57,53,61,44,50,"178cm | 5'10""",0,-,-,Brisbane Roar Football Club,Australia
Kayleden Brown,60,LM,,0,2,3,66,53,64,55,48,58,"185cm | 6'1""",0,-,-,West Bromwich Albion,Wales
Pietro Perdichizzi,60,CB,,0,2,2,70,37,51,44,62,68,"182cm | 6'0""",0,-,-,Club Brugge KV,Belgium
David Jansen,60,ST,,0,2,3,66,57,50,57,57,60,"192cm | 6'4""",0,-,-,SC Paderborn 07,Germany
Georgiy Iluridze,60,ST,,0,2,2,66,58,39,47,45,66,"180cm | 5'11""",0,-,-,Anzhi Makhachkala,Georgia
Laurent Henkinet,60,GK,,0,1,3,64,57,60,61,57,58,"189cm | 6'2""",0,-,-,Standard de Liège,Belgium
Thomas Azevedo,60,LM,,0,2,4,76,56,55,67,38,45,"172cm | 5'8""",0,-,-,OHL,Belgium
Jens Naessens,60,ST,,0,3,2,70,56,45,63,38,61,"187cm | 6'2""",0,-,-,SV Zulte-Waregem,Belgium
Timo Horn,60,GK,,0,1,3,65,50,55,70,55,51,"190cm | 6'3""",0,-,-,1. FC Köln,Germany
Hirofumi Moriyasu,60,CM,,0,2,3,65,53,61,54,53,42,"175cm | 5'9""",0,-,-,Sydney FC,Japan
Jochem Jansen,60,CB,,0,2,2,56,37,48,50,59,65,"175cm | 5'9""",0,-,-,De Graafschap,Netherlands
Zaccharia M'Sila,60,CAM,,0,2,3,72,54,58,68,45,58,"177cm | 5'10""",0,-,-,KAA Gent,Morocco
Kristof D'Haene,60,LW,,0,2,3,69,51,56,66,46,51,"171cm | 5'7""",0,-,-,KSV Cercle Brugge,Belgium
Sang Jin Park,60,LB,,0,2,3,66,38,61,55,67,62,"170cm | 5'7""",0,-,-,Gangwon FC,Korea Republic
Jong Chan Lee,60,CB,,0,2,3,53,42,41,44,65,65,"176cm | 5'9""",0,-,-,Gwangju Sangmu FC,Korea Republic
Jae Myung Lee,60,CB,,0,2,3,74,20,37,24,68,68,"180cm | 5'11""",0,-,-,GyeongNam FC,Korea Republic
Jong Woo Park,60,CM,,0,3,3,77,50,62,63,58,60,"180cm | 5'11""",0,-,-,Busan I'Park,Korea Republic
Sung Min Ha,60,CDM,,0,2,3,64,50,50,45,70,64,"184cm | 6'0""",0,-,-,Jeonbuk Hyundai Motors,Korea Republic
Antonio Santurro,60,GK,,0,1,2,60,63,66,62,42,60,"190cm | 6'3""",0,-,-,Parma,Italy
Richard Smallwood,60,CM,,0,2,3,65,51,62,62,64,59,"180cm | 5'11""",0,-,-,Middlesbrough,England
Josh Morris,60,LB,,0,2,3,66,47,58,56,62,57,"180cm | 5'11""",0,-,-,Blackburn Rovers,England
Mario Erb,60,CB,,0,2,3,66,48,56,54,60,67,"182cm | 6'0""",0,-,-,Alemannia Aachen,Germany
Brecht Dejaegere,60,RM,,0,2,3,57,55,59,66,51,53,"173cm | 5'8""",0,-,-,KV Kortrijk,Belgium
Thorben Stadler,60,LB,,0,2,3,64,50,55,61,62,62,"180cm | 5'11""",0,-,-,Karlsruher SC,Germany
Birahim Diop,60,CM,,0,2,4,56,57,49,60,69,77,"191cm | 6'3""",0,-,-,Kansas City Wizards,Senegal
Aïssa Mandi,60,RB,,0,2,2,76,34,60,63,56,67,"181cm | 5'11""",0,-,-,Stade de Reims,France
Doneil Henry,60,CB,,0,2,3,51,32,42,43,64,71,"188cm | 6'2""",0,-,-,Toronto FC,Canada
Thibault Moulin,60,CAM,,0,2,4,60,49,57,62,59,61,"173cm | 5'8""",0,-,-,La Berrichonne de Châteauroux,France
Manuel Molina Valero,60,CM,,0,2,3,63,50,56,51,57,50,"178cm | 5'10""",0,-,-,Sociedad Deportiva Huesca S.A.D.,Spain
Marcos Vinicius Santos Miranda,60,GK,,0,1,2,60,60,52,63,30,57,"190cm | 6'3""",0,-,-,Fiorentina,Brazil
Andrea Romanò,60,CM,,0,2,3,62,47,64,60,52,52,"178cm | 5'10""",0,-,-,Inter,Italy
Wilfried Rother,60,CB,,0,2,3,52,23,39,44,61,62,"183cm | 6'0""",0,-,-,ESTAC,France
Ryan Kinne,60,ST,,0,2,3,62,61,52,64,44,53,"173cm | 5'8""",0,-,-,New England Revolution,United States
Russell Teibert,60,LM,,0,4,3,75,54,62,62,49,41,"170cm | 5'7""",0,-,-,Whitecaps FC,Canada
Daniel Johnson,60,CM,,0,2,2,76,61,63,71,50,54,"174cm | 5'9""",0,-,-,Aston Villa,England
Dong Woo Kim,60,CB,,0,2,3,74,43,36,45,66,61,"189cm | 6'2""",0,-,-,FC Seoul,Korea Republic
Kofi Sarkodie,60,RB,,0,2,3,84,55,57,62,59,64,"173cm | 5'8""",0,-,-,Houston Dynamo,United States
Michael Tetteh,60,LB,,0,2,2,77,56,57,58,59,64,"173cm | 5'8""",0,-,-,Seattle Sounders FC,Ghana
Alfredo Morales,60,CDM,,0,2,3,67,48,56,66,59,50,"183cm | 6'0""",0,-,-,Hertha BSC,United States
Wálter Chalá,60,ST,,0,3,3,57,64,52,62,46,69,"179cm | 5'10""",0,-,-,Rubin Kazan,Ecuador
Jore Trompet,60,CM,,0,2,3,72,58,60,65,57,59,"180cm | 5'11""",0,-,-,Sporting Lokeren OV,Belgium
Levi Houapeu,60,RM,,0,2,2,87,54,55,63,44,53,"173cm | 5'8""",0,-,-,Philadelphia Union,United States
Michael Nanchoff,60,LM,,0,3,4,73,57,58,58,44,57,"173cm | 5'8""",0,-,-,Whitecaps FC,United States
Amadou Soukouna,60,ST,,0,2,3,73,58,49,57,42,55,"182cm | 6'0""",0,-,-,Toulouse FC,France
Stephen McCarthy,60,CDM,,0,2,3,57,56,52,57,64,73,"193cm | 6'4""",0,-,-,New England Revolution,United States
Joe Willis,60,GK,,0,1,2,63,58,57,59,47,63,"196cm | 6'5""",0,-,-,D.C. United,United States
Bobby Warshaw,60,CDM,,0,2,3,48,47,49,55,64,66,"183cm | 6'0""",0,-,-,FC Dallas,United States
Tyler Lassiter,60,CB,,0,2,3,64,39,53,51,62,67,"183cm | 6'0""",0,-,-,New York Red Bulls,United States
Victor Estupiñán,60,ST,,0,2,2,72,55,47,69,42,58,"178cm | 5'10""",0,-,-,Club Deportivo Chivas USA,Ecuador
Servando Carrasco,60,CDM,,0,2,3,60,57,62,62,64,63,"178cm | 5'10""",0,-,-,Seattle Sounders FC,United States
Yong Lee,60,CB,,0,2,3,71,53,52,45,66,64,"187cm | 6'2""",0,-,-,GwangJu FC,Korea Republic
Dong Min Yoo,60,CF,,0,2,3,71,55,55,61,61,56,"191cm | 6'3""",0,-,-,GwangJu FC,Korea Republic
Alex Dixon,60,RM,,0,2,3,81,56,51,66,47,57,"173cm | 5'8""",0,-,-,Houston Dynamo,United States
Richie Towell,60,CM,,0,2,2,71,55,58,58,65,57,"173cm | 5'8""",0,-,-,Hibernian,Republic of Ireland
David Bingham,60,GK,,0,1,2,58,62,66,61,49,62,"188cm | 6'2""",0,-,-,San Jose Earthquakes,United States
Blake Brettschneider,60,ST,,0,2,4,75,57,39,56,46,64,"183cm | 6'0""",0,-,-,D.C. United,United States
Oh Gyu Kim,60,CB,,0,2,3,62,44,60,37,64,69,"183cm | 6'0""",0,-,-,Gangwon FC,Korea Republic
Brian Umony,60,ST,,0,2,2,75,58,49,63,43,58,"173cm | 5'8""",0,-,-,Portland,Uganda
Seung Hyeon Yoon,60,RM,,0,2,3,76,53,56,55,58,63,"177cm | 5'10""",0,-,-,FC Seoul,Korea Republic
Joon Soo Yoo,60,ST,,0,2,3,65,57,51,60,51,58,"184cm | 6'0""",0,-,-,Incheon United FC,Korea Republic
Petar Filipović,60,LM,,0,3,3,71,50,59,62,50,56,"188cm | 6'2""",0,-,-,FC St. Pauli,Croatia
Dimitri Foulquier,60,RB,,0,2,3,62,49,61,55,62,56,"183cm | 6'0""",0,-,-,Stade Rennais FC,France
Scott Wootton,60,CB,,0,2,2,63,19,42,37,60,64,"186cm | 6'1""",0,-,-,Peterborough United,England
Matt Luzunaris,60,ST,,0,3,3,72,56,50,57,53,73,"185cm | 6'1""",0,-,-,San Jose Earthquakes,United States
Ellis McLoughlin,60,ST,,0,3,3,70,55,61,65,49,48,"178cm | 5'10""",0,-,-,San Jose Earthquakes,United States
Marc Pfitzner,60,CM,,0,2,3,67,62,60,65,56,56,"183cm | 6'0""",0,-,-,Braunschweig,Germany
Jamaal Lascelles,60,CB,,0,2,3,65,24,41,49,59,59,"188cm | 6'2""",0,-,-,Nottingham Forest,England
Daniel Devine,60,CB,,0,2,2,65,35,42,42,62,68,"183cm | 6'0""",0,-,-,Preston North End,Northern Ireland
Ebrahim Seedat,60,LW,,0,2,3,73,48,59,68,36,40,"176cm | 5'9""",0,-,-,Sporting Lokeren OV,South Africa
Mickael Akim Orinel,60,LM,,0,3,2,70,45,54,65,38,37,"172cm | 5'8""",0,-,-,La Berrichonne de Châteauroux,France
Josué Balamandji,60,RW,,0,3,3,78,59,48,63,39,34,"170cm | 5'7""",0,-,-,Stade de Reims,Central African Rep.
Kévin Rimane,60,CB,,0,2,3,64,38,54,51,63,66,"181cm | 5'11""",0,-,-,U.S. Boulogne Cote D'Opale,France
Jomar Herculano Lourenço,60,CB,,0,2,3,50,36,44,58,62,64,"185cm | 6'1""",0,-,-,Vasco da Gama,Brazil
Christoph Kramer,60,CDM,,0,2,4,64,38,60,47,59,46,"190cm | 6'3""",0,-,-,VfL Bochum,Germany
Christian Bickel,60,CAM,,0,2,4,65,60,53,64,41,58,"178cm | 5'10""",0,-,-,SC Freiburg,Germany
Jules Schwadorf,60,LM,,0,2,3,72,55,57,67,38,51,"177cm | 5'10""",0,-,-,Fortuna Düsseldorf,Germany
Janek Sternberg,60,CB,,0,2,3,64,34,51,43,61,59,"177cm | 5'10""",0,-,-,Hamburger SV,Germany
Leo Bertos,59,RM,,0,3,3,76,52,57,60,52,48,"177cm | 5'10""",0,-,-,Wellington Phoenix,New Zealand
Paweł Abbott,59,ST,,0,2,3,51,60,49,51,54,64,"187cm | 6'2""",0,-,-,Ruch Chorzów,Poland
David Artell,59,CB,,0,2,3,48,27,38,36,65,68,"188cm | 6'2""",0,-,-,Crewe Alexandra,England
Kevin O'Connor,59,RB,,0,2,3,53,48,60,53,62,55,"180cm | 5'11""",0,-,-,Brentford,Republic of Ireland
Peter Gain,59,CM,,0,2,3,52,56,58,53,59,58,"175cm | 5'9""",0,-,-,Dagenham and Redbridge,Republic of Ireland
Richard Logan,59,ST,,0,2,3,53,56,44,52,52,65,"185cm | 6'1""",0,-,-,Exeter City,England
Mark Arber,59,CB,,0,2,3,52,41,45,36,64,70,"185cm | 6'1""",0,-,-,Dagenham and Redbridge,South Africa
Nicolas Timmermans,59,RB,,0,2,3,66,49,55,55,62,64,"183cm | 6'0""",0,-,-,RAEC Mons,Belgium
Joseba Arriaga Dosantos,59,CF,,0,2,3,69,58,50,63,40,51,"171cm | 5'7""",0,-,-,CD Guadalajara,Spain
Zach Thornton,59,GK,,0,1,2,60,58,77,55,44,59,"191cm | 6'3""",0,-,-,Club Deportivo Chivas USA,United States
Victor Sikora,59,LW,,0,3,4,62,59,56,60,46,50,"173cm | 5'8""",0,-,-,Perth Glory FC,Netherlands
Will Haining,59,CB,,0,2,3,56,24,37,33,64,67,"183cm | 6'0""",0,-,-,Morecambe,Scotland
Scott McGleish,59,ST,,0,2,3,53,54,38,37,50,75,"175cm | 5'9""",0,-,-,Bristol Rovers,England
Kevin Nicholson,59,LB,,0,2,3,58,24,56,45,62,66,"173cm | 5'8""",0,-,-,Torquay United,England
Warren Feeney,59,ST,,0,3,4,70,59,53,50,49,66,"178cm | 5'10""",0,-,-,Plymouth Argyle,Northern Ireland
Antony Sweeney,59,CAM,,0,2,4,70,50,65,57,57,64,"185cm | 6'1""",0,-,-,Hartlepool United,England
Tommy Svindal Larsen,59,CM,,0,3,3,45,60,56,61,63,58,"172cm | 5'8""",0,-,-,Odd Grenland,Norway
Nicolas Marin,59,RW,,0,3,4,69,57,58,62,45,40,"171cm | 5'7""",0,-,-,FC Lausanne,France
Jim Paterson,59,LM,,0,3,2,65,56,58,62,54,50,"180cm | 5'11""",0,-,-,Shamrock Rovers,Scotland
Stephen Purches,59,LB,,0,2,4,62,30,37,45,60,57,"180cm | 5'11""",0,-,-,Bournemouth,England
Danny Coid,59,RB,,0,2,4,65,50,61,53,59,65,"180cm | 5'11""",0,-,-,Accrington Stanley,England
Scott Shearer,59,GK,,0,1,3,64,61,57,60,37,54,"191cm | 6'3""",0,-,-,Crawley Town,Scotland
Daniel Wolf,59,CAM,,0,2,3,69,52,58,60,56,65,"184cm | 6'0""",0,-,-,SC Magna Wiener Neustadt,Austria
Peter Sweeney,59,CM,,0,3,3,55,48,63,61,46,48,"183cm | 6'0""",0,-,-,Bury,Scotland
Gregor Robertson,59,LB,,0,2,3,62,25,51,56,63,58,"183cm | 6'0""",0,-,-,Chesterfield,Scotland
Hyun Choi,59,GK,,0,1,2,61,60,68,61,38,62,"192cm | 6'4""",0,-,-,Daejeon Citizen,Korea Republic
Taylor Graham,59,CB,,0,2,3,65,45,45,52,62,60,"193cm | 6'4""",0,-,-,Seattle Sounders FC,Puerto Rico
Guillaume Moullec,59,RB,,0,2,4,60,46,63,60,60,63,"175cm | 5'9""",0,-,-,Clermont Foot Auvergne 63,France
Neil Austin,59,RB,,0,2,3,64,31,45,46,66,65,"178cm | 5'10""",0,-,-,Hartlepool United,England
Gary McDonald,59,CM,,0,3,2,66,48,55,61,68,64,"185cm | 6'1""",0,-,-,Morecambe,Scotland
Cliff Byrne,59,RB,,0,2,3,39,19,42,55,70,64,"183cm | 6'0""",0,-,-,Scunthorpe United,Republic of Ireland
Adam Birchall,59,ST,,0,2,3,76,60,38,55,35,46,"168cm | 5'6""",0,-,-,Gillingham,Wales
José Vega Díaz,59,LM,,0,3,3,75,45,51,61,50,60,"176cm | 5'9""",0,-,-,Xerez Club Deportivo S.A.D.,Spain
Gareth McGlynn,59,RW,,0,2,3,66,52,56,60,39,55,"176cm | 5'9""",0,-,-,Derry City,Republic of Ireland
Patrick Sullivan,59,RB,,0,2,4,58,48,58,46,55,56,"177cm | 5'10""",0,-,-,Shamrock Rovers,Republic of Ireland
David Mulcahy,59,CDM,,0,2,3,54,52,57,51,62,61,"182cm | 6'0""",0,-,-,St. Patrick's Athletic,Republic of Ireland
Gary O'Neill,59,ST,,0,2,3,66,58,46,51,47,64,"174cm | 5'9""",0,-,-,Shamrock Rovers,Republic of Ireland
Jean-Paul Kalala,59,CDM,,0,2,3,65,47,53,51,66,54,"178cm | 5'10""",0,-,-,Southend United,DR Congo
Andy Procter,59,CM,,0,2,3,63,58,56,58,60,62,"188cm | 6'2""",0,-,-,Accrington Stanley,England
Ben Strevens,59,ST,,0,2,3,56,58,30,61,48,58,"185cm | 6'1""",0,-,-,Wycombe Wanderers,England
Joeri Vastmans,59,LB,,0,2,3,69,34,48,34,66,64,"168cm | 5'6""",0,-,-,OHL,Belgium
Dale Tonge,59,RB,,0,2,3,63,42,57,56,60,62,"178cm | 5'10""",0,-,-,Rotherham United,England
Dylan Macallister,59,ST,,0,2,3,49,56,31,57,52,64,"191cm | 6'3""",0,-,-,Gold Coast United,Australia
Liam Chilvers,59,CB,,0,2,3,56,31,41,34,65,62,"185cm | 6'1""",0,-,-,Notts County,England
Dariusz Łatka,59,RM,,0,2,3,81,49,55,59,55,55,"172cm | 5'8""",0,-,-,Bielsko-Biała,Poland
Young Sung Shim,59,ST,,0,2,3,71,54,51,64,47,54,"178cm | 5'10""",0,-,-,Jeju United FC,Korea Republic
Tae You Han,59,CDM,,0,2,2,62,48,59,56,59,60,"186cm | 6'1""",0,-,-,FC Seoul,Korea Republic
Darryl Duffy,59,ST,,0,2,4,65,58,27,50,46,66,"180cm | 5'11""",0,-,-,Cheltenham Town,Scotland
Gary MacKenzie,59,CB,,0,2,3,46,33,37,36,67,64,"191cm | 6'3""",0,-,-,Milton Keynes Dons,Scotland
Danny Jackman,59,CDM,,0,2,3,61,47,61,59,57,65,"163cm | 5'4""",0,-,-,Gillingham,England
Stephen Rice,59,CM,,0,2,3,61,54,58,57,60,60,"179cm | 5'10""",0,-,-,Shamrock Rovers,Republic of Ireland
Róbson Alves da Silva,59,CDM,,0,2,4,48,48,59,35,67,59,"175cm | 5'9""",0,-,-,Gold Coast United,Brazil
Naby-Moussa Yattara,59,GK,,0,1,3,58,54,61,69,50,53,"179cm | 5'10""",0,-,-,AC Arles Avignon,Guinea
Laurence Wilson,59,LB,,0,2,3,71,46,58,60,56,58,"178cm | 5'10""",0,-,-,Morecambe,England
Barry Fuller,59,RB,,0,2,3,64,47,50,45,63,68,"178cm | 5'10""",0,-,-,Gillingham,England
Steven Bell,59,RB,,0,2,3,64,27,52,54,63,57,"185cm | 6'1""",0,-,-,Dunfermline,Scotland
John Halls,59,CDM,,0,3,3,59,48,53,56,61,57,"183cm | 6'0""",0,-,-,Wycombe Wanderers,Scotland
Byron Anthony,59,CB,,0,2,3,66,19,30,31,63,72,"180cm | 5'11""",0,-,-,Bristol Rovers,Wales
Matty Robson,59,LB,,0,2,3,79,49,58,62,56,56,"175cm | 5'9""",0,-,-,Carlisle United,England
Ryan Clarke,59,GK,,0,1,2,65,56,58,64,60,53,"188cm | 6'2""",0,-,-,Oxford United FC,England
Peter Gilbert,59,LB,,0,2,3,67,35,42,37,66,71,"175cm | 5'9""",0,-,-,Southend United,Wales
Sergio,59,GK,,0,1,3,60,58,59,61,46,60,"179cm | 5'10""",0,-,-,Real Club Celta de Vigo S.A.D.,Spain
Jamie Coyne,59,RB,,0,2,3,55,39,55,33,64,71,"187cm | 6'2""",0,-,-,Sydney FC,Australia
Jemal Johnson,59,LM,,0,3,4,81,57,48,69,44,55,"175cm | 5'9""",0,-,-,Southend United,United States
Tony Lochhead,59,LB,,0,2,2,60,39,52,53,63,53,"183cm | 6'0""",0,-,-,Wellington Phoenix,New Zealand
Johnny Mullins,59,CB,,0,2,3,63,30,56,55,64,77,"183cm | 6'0""",0,-,-,Rotherham United,England
Alan O'Brien,59,LM,,0,3,3,77,39,55,64,48,48,"178cm | 5'10""",0,-,-,Yeovil Town,Republic of Ireland
Marek Wasiluk,59,CB,,0,2,3,57,44,55,41,62,57,"196cm | 6'5""",0,-,-,Wrocław,Poland
Michael Timlin,59,CM,,0,2,3,65,32,67,56,55,59,"173cm | 5'8""",0,-,-,Southend United,Republic of Ireland
Conor Kenna,59,CB,,0,2,3,54,43,54,37,60,66,"183cm | 6'0""",0,-,-,St. Patrick's Athletic,Republic of Ireland
Jin Ok Park,59,RM,,0,3,2,82,42,54,63,50,58,"170cm | 5'7""",0,-,-,Jeju United FC,Korea Republic
Zach Scott,59,RB,,0,2,3,65,45,45,51,64,69,"180cm | 5'11""",0,-,-,Seattle Sounders FC,United States
Terry Boss,59,GK,,0,1,2,61,56,83,61,41,60,"190cm | 6'3""",0,-,-,Seattle Sounders FC,Puerto Rico
Barry Murphy,59,GK,,0,1,2,57,59,56,65,34,59,"180cm | 5'11""",0,-,-,Bohemians FC,Republic of Ireland
Chris Turner,59,CM,,0,2,3,72,58,58,56,62,61,"180cm | 5'11""",0,-,-,Shamrock Rovers,Northern Ireland
Mark Cousins,59,GK,,0,1,3,71,45,36,74,56,54,"185cm | 6'1""",0,-,-,Colchester United,England
Carl Regan,59,RB,,0,2,4,76,32,45,40,64,58,"183cm | 6'0""",0,-,-,Shrewsbury,England
Sean Clohessy,59,RB,,0,2,4,70,36,57,44,63,65,"178cm | 5'10""",0,-,-,Southend United,England
Roberto Maurantonio,59,GK,,0,1,2,58,60,50,61,47,60,"182cm | 6'0""",0,-,-,Ascoli,Italy
Sergio Arias,59,GK,,0,1,3,58,57,61,62,42,57,"188cm | 6'2""",0,-,-,Club Deportivo Chivas USA,Mexico
Stephen Bradley,59,CM,,0,2,3,57,57,61,60,47,44,"170cm | 5'7""",0,-,-,St. Patrick's Athletic,Republic of Ireland
Gavin Peers,59,CB,,0,2,3,54,39,46,42,62,65,"181cm | 5'11""",0,-,-,Sligo Rovers,Republic of Ireland
Gary Liddle,59,CM,,0,2,3,59,34,68,62,61,60,"185cm | 6'1""",0,-,-,Hartlepool United,England
Peter Hartley,59,CB,,0,2,3,55,29,55,55,59,60,"184cm | 6'0""",0,-,-,Hartlepool United,England
Jonas Elmer,59,LB,,0,2,3,71,48,65,63,56,57,"176cm | 5'9""",0,-,-,FC Sion,Switzerland
Luke Summerfield,59,CM,,0,3,3,66,51,63,58,58,54,"175cm | 5'9""",0,-,-,Cheltenham Town,England
Ishmel Demontagnac,59,LM,,0,3,3,85,47,51,70,38,49,"178cm | 5'10""",0,-,-,Notts County,England
Michael Stanislaw,59,CDM,,0,2,3,66,41,56,54,62,65,"178cm | 5'10""",0,-,-,SC Magna Wiener Neustadt,Austria
Eudi Silva da Souza,59,ST,,0,2,3,65,56,56,62,44,60,"179cm | 5'10""",0,-,-,Servette FC,Brazil
Enrico Schirinzi,59,LM,,0,2,3,61,53,53,62,55,57,"177cm | 5'10""",0,-,-,FC Thun,Italy
Francisco Suárez Arteaga,59,CM,,0,3,3,66,45,58,61,47,74,"181cm | 5'11""",0,-,-,Unión Deportiva Las Palmas S.A.D.,Spain
Drew Talbot,59,ST,,0,2,3,80,53,56,61,53,64,"178cm | 5'10""",0,-,-,Chesterfield,England
Jessy Moulin,59,GK,,0,1,2,58,61,60,59,51,61,"183cm | 6'0""",0,-,-,Clermont Foot Auvergne 63,France
Adam Hughes,59,CDM,,0,2,3,47,57,58,46,60,71,"185cm | 6'1""",0,-,-,Perth Glory FC,Australia
Simon Hackney,59,LM,,0,3,3,75,45,50,65,36,49,"173cm | 5'8""",0,-,-,Rochdale,England
Tom Clarke,59,CB,,0,2,3,64,31,46,26,64,62,"180cm | 5'11""",0,-,-,Huddersfield Town,England
Lewis Alessandra,59,ST,,0,2,3,75,52,45,68,48,47,"175cm | 5'9""",0,-,-,Morecambe,England
Hyo Jin Yeo,59,CB,,0,2,3,52,33,47,52,60,73,"188cm | 6'2""",0,-,-,FC Seoul,Korea Republic
Kyung Jin Jang,59,CB,,0,2,3,43,34,39,44,66,52,"184cm | 6'0""",0,-,-,Incheon United FC,Korea Republic
Dasan Robinson,59,RB,,0,2,3,42,40,51,54,64,62,"180cm | 5'11""",0,-,-,Toronto FC,United States
Andy Sandell,59,LB,,0,3,3,71,55,55,59,60,61,"183cm | 6'0""",0,-,-,Wycombe Wanderers,England
Régis Gurtner,59,GK,,0,1,2,63,53,55,60,41,62,"183cm | 6'0""",0,-,-,U.S. Boulogne Cote D'Opale,France
Dong Hyun Seo,59,ST,,0,3,3,56,60,51,60,53,73,"188cm | 6'2""",0,-,-,Gangwon FC,Korea Republic
Tommy Fraser,59,CM,,0,2,3,68,51,53,46,64,64,"183cm | 6'0""",0,-,-,Barnet,England
Ali-Azouz Mathlouthi,59,ST,,0,2,2,76,52,40,60,42,52,"176cm | 5'9""",0,-,-,Racing Club de Lens,France
Julian Esteban,59,ST,,0,3,4,66,59,61,62,54,59,"174cm | 5'9""",0,-,-,Servette FC,Switzerland
David Worrall,59,RM,,0,2,2,78,37,54,64,36,45,"183cm | 6'0""",0,-,-,Bury,England
Craig Curran,59,ST,,0,2,4,75,55,47,54,47,63,"175cm | 5'9""",0,-,-,Carlisle United,England
Aidan Price,59,CB,,0,2,3,54,31,41,27,66,67,"191cm | 6'3""",0,-,-,Bohemians FC,Republic of Ireland
Daniel Woolard,59,LB,,0,2,3,64,48,50,52,62,57,"178cm | 5'10""",0,-,-,D.C. United,United States
Ty Harden,59,CB,,0,2,3,43,27,46,46,65,59,"185cm | 6'1""",0,-,-,Toronto FC,United States
Mark Bridge,59,ST,,0,3,3,68,63,38,57,50,50,"180cm | 5'11""",0,-,-,Sydney FC,Australia
Tando Velaphi,59,GK,,0,1,2,64,54,53,67,58,52,"185cm | 6'1""",0,-,-,Melbourne Victory FC,Australia
Kurt Morsink,59,CDM,,0,2,3,63,53,54,57,61,56,"178cm | 5'10""",0,-,-,D.C. United,Costa Rica
Chris Robertson,59,CB,,0,2,3,60,46,39,46,62,68,"188cm | 6'2""",0,-,-,Torquay United,Scotland
Danny Foster,59,RB,,0,2,3,62,30,51,56,64,58,"185cm | 6'1""",0,-,-,Wycombe Wanderers,England
Romain Armand,59,ST,,0,2,2,66,53,36,59,43,69,"182cm | 6'0""",0,-,-,Clermont Foot Auvergne 63,France
Danny Carlton,59,ST,,0,2,2,66,55,38,52,48,71,"180cm | 5'11""",0,-,-,Morecambe,England
Hamza Bencherif,59,CDM,,0,2,3,59,53,51,49,66,69,"175cm | 5'9""",0,-,-,Notts County,Algeria
Justin Pasfield,59,GK,,0,1,3,70,50,49,69,39,50,"189cm | 6'2""",0,-,-,Central Coast Mariners FC,Australia
Yang Wang,59,CF,,0,3,4,66,58,59,66,52,61,"190cm | 6'3""",0,-,-,KSV Cercle Brugge,China PR
Roman Prokoph,59,RM,,0,2,3,80,56,53,61,40,48,"183cm | 6'0""",0,-,-,KSV Superfund,Germany
Marcus Holness,59,CB,,0,2,3,45,17,27,23,64,71,"183cm | 6'0""",0,-,-,Rochdale,England
Frederic Löhe,59,GK,,0,1,2,61,54,53,66,64,52,"193cm | 6'4""",0,-,-,Borussia M'gladbach,Germany
Abu Ogogo,59,RB,,0,2,3,74,41,55,57,64,65,"177cm | 5'10""",0,-,-,Dagenham and Redbridge,England
Lukas Königshofer,59,GK,,0,1,3,59,58,56,60,50,58,"193cm | 6'4""",0,-,-,SK Rapid Wien,Austria
Milan Gajic,59,CM,,0,2,3,69,59,61,63,58,55,"182cm | 6'0""",0,-,-,FC Zürich,Serbia
Robbie Threlfall,59,LB,,0,2,3,72,46,56,56,58,58,"183cm | 6'0""",0,-,-,Bradford City,England
Stefan Deloose,59,GK,,0,1,3,62,61,64,61,56,53,"191cm | 6'3""",0,-,-,Sporting Lokeren OV,Belgium
Koen Weuts,59,LB,,0,2,3,62,35,52,35,66,56,"186cm | 6'1""",0,-,-,OHL,Belgium
Leroy Labylle,59,LM,,0,2,3,73,51,54,66,36,50,"174cm | 5'9""",0,-,-,Standard de Liège,Belgium
Luke Daniels,59,GK,,0,1,3,66,51,55,67,44,55,"193cm | 6'4""",0,-,-,West Bromwich Albion,England
Donovan Deekman,59,RW,,0,3,4,84,48,49,65,38,47,"182cm | 6'0""",0,-,-,Sporting Lokeren OV,Netherlands
Cameron Belford,59,GK,,0,1,2,67,52,53,69,48,55,"185cm | 6'1""",0,-,-,Bury,England
Mirko Guadalupi,59,CAM,,0,4,4,31,56,67,68,51,47,"184cm | 6'0""",0,-,-,Siena,Italy
Daniel Offredi,59,GK,,0,1,2,58,56,50,63,54,62,"190cm | 6'3""",0,-,-,A. Leffe,Italy
Ramón Partida,59,LWB,,0,2,3,58,45,56,50,58,61,"174cm | 5'9""",0,-,-,Estudiantes Tecos,Mexico
Mustapha Carayol,59,LM,,0,4,3,87,40,50,70,36,38,"178cm | 5'10""",0,-,-,Bristol Rovers,England
Stephen King,59,CAM,,0,2,3,65,55,56,58,56,59,"170cm | 5'7""",0,-,-,D.C. United,United States
Damian Scannell,59,RW,,0,3,4,80,49,55,65,47,57,"178cm | 5'10""",0,-,-,Dagenham and Redbridge,England
Michael Videira,59,CM,,0,2,4,65,58,55,62,57,58,"183cm | 6'0""",0,-,-,Chicago Fire,United States
Luke Sassano,59,CDM,,0,2,3,67,48,52,55,62,63,"185cm | 6'1""",0,-,-,Kansas City Wizards,United States
David Horst,59,CB,,0,2,3,35,23,32,34,68,66,"193cm | 6'4""",0,-,-,Portland,United States
Fabian Barbiero,59,CM,,0,2,4,76,65,55,62,56,58,"176cm | 5'9""",0,-,-,Adelaide United,Australia
Niall Canavan,59,CB,,0,2,2,55,13,24,31,62,69,"191cm | 6'3""",0,-,-,Scunthorpe United,Republic of Ireland
Nathan Smith,59,LB,,0,2,2,86,30,52,64,65,56,"179cm | 5'10""",0,-,-,Chesterfield,England
Jae Won Heo,59,LB,,0,2,2,58,44,60,53,63,67,"187cm | 6'2""",0,-,-,GwangJu FC,Korea Republic
Sandro Foda,59,CDM,,0,2,3,66,50,57,60,52,53,"171cm | 5'7""",0,-,-,SK Sturm Graz,Germany
Ondřej Smetana,59,ST,,0,2,3,43,59,46,52,56,57,"196cm | 6'5""",0,-,-,Sint-Truidense VV,Czech Republic
Bryan Jordan,59,RB,,0,3,3,77,54,47,61,54,65,"173cm | 5'8""",0,-,-,Los Angeles Galaxy,United States
Łukasz Hanzel,59,CM,,0,2,3,73,57,59,68,50,60,"181cm | 5'11""",0,-,-,Zagłębie Lubin,Poland
Orhan Mustafi,59,ST,,0,2,3,65,56,45,57,53,64,"190cm | 6'3""",0,-,-,Grasshopper-Club,Switzerland
Jocelyn Roux,59,ST,,0,2,4,53,54,38,52,46,67,"186cm | 6'1""",0,-,-,FC Lausanne,Switzerland
Paul Black,59,LB,,0,2,3,75,33,50,51,64,56,"183cm | 6'0""",0,-,-,Oldham Athletic,England
Dominik Doleschal,59,RM,,0,3,3,74,49,55,60,44,57,"189cm | 6'2""",0,-,-,SV Mattersburg,Austria
Stuart O'Keefe,59,CM,,0,2,3,71,45,57,65,43,42,"173cm | 5'8""",0,-,-,Crystal Palace,England
Chris Solly,59,RB,,0,2,3,69,36,62,55,61,61,"173cm | 5'8""",0,-,-,Charlton Athletic,England
Luke Daley,59,RW,,0,2,2,81,50,39,60,42,39,"180cm | 5'11""",0,-,-,Plymouth Argyle,England
Csaba Horváth,59,CB,,0,2,3,65,42,42,45,67,57,"192cm | 6'4""",0,-,-,Zagłębie Lubin,Slovakia
Damien McCrory,59,LB,,0,2,3,70,44,60,54,63,61,"188cm | 6'2""",0,-,-,Dagenham and Redbridge,Republic of Ireland
Paddy Madden,59,ST,,0,2,3,77,53,25,56,38,55,"183cm | 6'0""",0,-,-,Carlisle United,Republic of Ireland
Shannon Cole,59,RB,,0,3,5,66,62,56,67,57,52,"176cm | 5'9""",0,-,-,Sydney FC,Australia
Yoann Andreu,59,RB,,0,2,3,65,26,48,47,58,56,"175cm | 5'9""",0,-,-,A.S. Saint-Etienne,France
Michael Lahoud,59,RM,,0,3,4,75,58,57,64,57,64,"173cm | 5'8""",0,-,-,Club Deportivo Chivas USA,United States
Jonathan Obika,59,ST,,0,3,3,73,57,34,61,45,63,"183cm | 6'0""",0,-,-,Yeovil Town,England
Jean-Marc Alexandre,59,CDM,,0,2,2,47,58,50,60,70,67,"180cm | 5'11""",0,-,-,Real Salt Lake,Haiti
Brandon Barklage,59,CAM,,0,3,3,72,55,57,60,52,58,"180cm | 5'11""",0,-,-,D.C. United,United States
Tom Aldred,59,CB,,0,2,3,52,26,36,26,63,65,"188cm | 6'2""",0,-,-,Colchester United,Scotland
Kofi Danning,59,RW,,0,3,2,91,58,43,68,36,45,"171cm | 5'7""",0,-,-,Brisbane Roar Football Club,Australia
Jun Ha Yoon,59,ST,,0,3,3,67,57,49,66,45,62,"173cm | 5'8""",0,-,-,Gangwon FC,Korea Republic
Jong Soo Kim,59,CB,,0,2,3,61,44,49,40,61,60,"186cm | 6'1""",0,-,-,GyeongNam FC,Korea Republic
Marlon Jackson,59,ST,,0,2,2,79,56,52,58,43,59,"188cm | 6'2""",0,-,-,Bristol City,England
Romaine Sawyers,59,CF,,0,2,3,77,56,34,62,41,50,"176cm | 5'9""",0,-,-,West Bromwich Albion,England
Mark Duffy,59,RM,,0,3,3,77,45,55,62,48,57,"175cm | 5'9""",0,-,-,Scunthorpe United,England
Paul Jatta,59,CDM,,0,2,3,66,29,62,52,60,52,"180cm | 5'11""",0,-,-,Brøndby IF,Gambia
Daniele Federici,59,CB,,0,2,3,60,36,41,33,67,65,"182cm | 6'0""",0,-,-,Grosseto,Italy
Jack Payne,59,CDM,,0,2,3,67,53,55,58,62,65,"175cm | 5'9""",0,-,-,Gillingham,England
Nicolas Seguin,59,CB,,0,2,2,56,34,48,31,60,64,"181cm | 5'11""",0,-,-,Olympique Lyonnais,France
Scott Malone,59,LB,,0,2,3,66,46,60,57,61,51,"189cm | 6'2""",0,-,-,Bournemouth,England
Pim Bouwman,59,CAM,,0,3,3,74,52,60,63,44,51,"184cm | 6'0""",0,-,-,NAC Breda,Netherlands
Ömer Bayram,59,LW,,0,3,3,80,46,44,65,39,48,"173cm | 5'8""",0,-,-,NAC Breda,Netherlands
Kevin Conrad,59,CB,,0,2,3,54,27,58,41,62,62,"181cm | 5'11""",0,-,-,TSG 1899 Hoffenheim,Germany
Bobby Shuttleworth,59,GK,,0,1,2,59,60,57,61,44,62,"188cm | 6'2""",0,-,-,New England Revolution,United States
Patrick Farkas,59,RM,,0,2,3,76,44,57,59,54,58,"177cm | 5'10""",0,-,-,SV Mattersburg,Austria
Thomas Kral,59,CB,,0,2,3,52,21,40,32,65,63,"187cm | 6'2""",0,-,-,SC Magna Wiener Neustadt,Austria
Lukasz Burliga,59,RB,,0,3,2,64,45,47,47,67,55,"186cm | 6'1""",0,-,-,Ruch Chorzów,Poland
Aitor,59,GK,,0,1,2,48,68,53,54,58,71,"182cm | 6'0""",0,-,-,Athletic Club de Bilbao,Spain
Guus Hupperts,59,CAM,,0,3,4,67,56,56,61,46,52,"184cm | 6'0""",0,-,-,Roda JC,Netherlands
Todd Howarth,59,LM,,0,2,3,66,58,56,52,62,66,"186cm | 6'1""",0,-,-,Perth Glory FC,Australia
Tyler Deric,59,GK,,0,1,2,62,59,62,64,32,55,"191cm | 6'3""",0,-,-,Houston Dynamo,United States
Sergejs Kožans,59,CB,,0,2,2,51,27,38,31,70,53,"192cm | 6'4""",0,-,-,Lechia Gdańsk,Latvia
Josh Scott,59,ST,,0,2,3,72,54,45,49,54,69,"188cm | 6'2""",0,-,-,Dagenham and Redbridge,England
Darnel Situ,59,CB,,0,2,3,60,32,49,38,63,62,"187cm | 6'2""",0,-,-,Swansea City,France
Bryan Leyva,59,CAM,,0,3,3,77,53,52,68,36,42,"168cm | 5'6""",0,-,-,FC Dallas,Mexico
Jake Bidwell,59,LB,,0,2,2,63,39,62,42,61,46,"183cm | 6'0""",0,-,-,Everton,England
Aristote Nsiala,59,CB,,0,2,3,66,37,52,53,59,64,"193cm | 6'4""",0,-,-,Everton,DR Congo
Marcus Piossek,59,CDM,,0,2,4,66,52,58,40,63,62,"176cm | 5'9""",0,-,-,Karlsruher SC,Poland
Andre Akpan,59,ST,,0,3,3,57,58,42,59,48,68,"185cm | 6'1""",0,-,-,Colorado Rapids,United States
Amobi Okugo,59,CDM,,0,3,3,77,54,53,61,60,70,"183cm | 6'0""",0,-,-,Philadelphia Union,United States
Fernando Llorente Mañas,59,CM,,0,2,3,61,52,60,50,53,51,"175cm | 5'9""",0,-,-,Villarreal Club de Fútbol “B” S.A.D.,Spain
Steven Kinney,59,RB,,0,2,2,56,43,54,53,64,73,"183cm | 6'0""",0,-,-,Chicago Fire,United States
Ross LaBauex,59,CM,,0,2,3,77,51,52,62,61,61,"175cm | 5'9""",0,-,-,Colorado Rapids,United States
George Thorne,59,CM,,0,2,3,55,49,58,52,54,53,"188cm | 6'2""",0,-,-,West Bromwich Albion,England
Oliver Buff,59,CM,,0,2,4,68,60,61,57,47,44,"176cm | 5'9""",0,-,-,FC Zürich,Switzerland
Cédric Bakambu,59,ST,,0,3,3,64,56,48,62,39,51,"180cm | 5'11""",0,-,-,FC Sochaux-Montbéliard,France
André Hoffmann,59,CB,,0,2,1,54,22,37,38,63,59,"188cm | 6'2""",0,-,-,MSV Duisburg,Germany
Burakcan Kunt,59,CAM,,0,2,5,71,53,57,65,43,53,"181cm | 5'11""",0,-,-,MSV Duisburg,Turkey
Albert Dalmau Martínez,59,RB,,0,3,3,72,37,55,52,60,51,"185cm | 6'1""",0,-,-,Fútbol Club Barcelona “B”,Spain
Lars Unnerstall,59,GK,,0,1,3,63,54,57,63,32,58,"198cm | 6'6""",0,-,-,FC Schalke 04,Germany
Nicolas Höfler,59,CDM,,0,2,3,61,39,62,50,60,52,"181cm | 5'11""",0,-,-,FC Erzgebirge Aue,Germany
Dammyano Grootfaam,59,RB,,0,3,3,78,51,57,66,54,58,"182cm | 6'0""",0,-,-,N.E.C.,Netherlands
Matthieu Debisschop,59,CDM,,0,2,3,60,43,48,44,64,60,"179cm | 5'10""",0,-,-,RAEC Mons,France
Giliano Wijnaldum,59,LB,,0,3,2,78,57,57,71,60,50,"181cm | 5'11""",0,-,-,AZ Alkmaar,Netherlands
Sam Deering,59,RM,,0,2,2,79,55,52,63,48,42,"165cm | 5'5""",0,-,-,Barnet,England
Ben Coker,59,LB,,0,2,3,76,48,61,61,60,56,"180cm | 5'11""",0,-,-,Colchester United,England
Nick Hengelman,59,GK,,0,1,3,57,60,69,66,53,56,"186cm | 6'1""",0,-,-,Heracles Almelo,Netherlands
Mike te Wierik,59,RB,,0,2,2,45,39,57,57,62,63,"191cm | 6'3""",0,-,-,Heracles Almelo,Netherlands
Terry Antonis,59,CAM,,0,4,4,74,48,46,70,34,34,"178cm | 5'10""",0,-,-,Sydney FC,Australia
Hyoung Pil Kim,59,CF,,0,3,3,66,60,42,60,45,67,"175cm | 5'9""",0,-,-,Chunnam Dragons,Korea Republic
Jorge Mosquera,59,ST,,0,3,4,82,54,40,59,44,62,"176cm | 5'9""",0,-,-,SC Paderborn 07,Colombia
Max Ehmer,59,CB,,0,2,3,65,52,44,52,60,69,"188cm | 6'2""",0,-,-,Yeovil Town,Germany
Aaron McCarey,59,GK,,0,1,2,56,61,58,59,51,65,"185cm | 6'1""",0,-,-,Wolverhampton Wanderers,Republic of Ireland
Alexandru Antoniuc,59,ST,,0,2,2,51,61,48,64,49,61,"180cm | 5'11""",0,-,-,Rubin Kazan,Moldova
Ryan Dow,59,LW,,0,2,3,79,50,46,69,39,58,"179cm | 5'10""",0,-,-,Dundee United,Scotland
Sergey Sipatov,59,ST,,0,2,3,70,60,50,59,46,53,"180cm | 5'11""",0,-,-,Krylya Sovetov Samara,Russia
Robert Žulj,59,ST,,0,2,3,57,52,36,52,50,74,"189cm | 6'2""",0,-,-,SV Josko Fenst. Ried,Austria
Cyril Hennion,59,CAM,,0,2,2,68,55,53,64,40,61,"176cm | 5'9""",0,-,-,OGC Nice,France
Will Keane,59,ST,,0,3,3,71,55,46,61,45,58,"187cm | 6'2""",0,-,-,Manchester United,England
Enric Saborit Teixidor,59,LB,,0,2,2,70,46,60,63,59,62,"186cm | 6'1""",0,-,-,Athletic Club de Bilbao,Spain
Billy Clifford,59,RB,,0,2,3,68,42,49,63,58,50,"168cm | 5'6""",0,-,-,Chelsea,England
Marcos Paullo Barcelos Peixoto,59,LM,,0,3,2,74,60,52,61,36,37,"174cm | 5'9""",0,-,-,New York Red Bulls,Brazil
Dimitri Petratos,59,RW,,0,3,4,84,61,38,64,36,37,"178cm | 5'10""",0,-,-,Sydney FC,Australia
Cole Grossman,59,CM,,0,2,3,54,58,54,59,63,66,"183cm | 6'0""",0,-,-,Columbus Crew,United States
Soo Beom Kim,59,RB,,0,2,3,74,53,54,56,60,68,"175cm | 5'9""",0,-,-,GwangJu FC,Korea Republic
Eun Sun Kim,59,CM,,0,2,3,66,56,61,56,55,62,"181cm | 5'11""",0,-,-,GwangJu FC,Korea Republic
Henri Eninful,59,CM,,0,2,3,67,50,60,59,60,62,"182cm | 6'0""",0,-,-,Standard de Liège,Togo
Andrew Erik Feitosa,59,CF,,0,3,3,54,60,59,60,40,58,"170cm | 5'7""",0,-,-,GyeongNam FC,Brazil
Francesco Ardizzone,59,CM,,0,3,3,68,53,63,60,54,58,"180cm | 5'11""",0,-,-,Palermo,Italy
Ivan Parlov,59,CDM,,0,2,3,65,40,54,51,64,68,"184cm | 6'0""",0,-,-,SV Mattersburg,Croatia
Nick Soolsma,59,RW,,0,2,3,63,59,56,61,48,62,"178cm | 5'10""",0,-,-,Toronto FC,Netherlands
Long Tan,59,CF,,0,4,2,65,58,40,59,45,61,"185cm | 6'1""",0,-,-,Whitecaps FC,China PR
Sergey Ponomarenko,59,CB,,0,2,3,59,34,58,36,63,70,"188cm | 6'2""",0,-,-,Krylya Sovetov Samara,Russia
Pavel Novitskiy,59,CB,,0,2,3,62,34,48,34,61,66,"187cm | 6'2""",0,-,-,Krylya Sovetov Samara,Russia
Basel Mansour Abdulfattakh,59,CB,,0,2,3,61,38,65,34,61,47,"184cm | 6'0""",0,-,-,Krylya Sovetov Samara,Russia
Jake Gleeson,59,GK,,0,1,2,59,62,55,58,47,57,"191cm | 6'3""",0,-,-,Portland,New Zealand
Spencer Thompson,59,ST,,0,3,3,74,56,48,65,43,51,"180cm | 5'11""",0,-,-,Portland,United States
Dae Ho Kim,59,LB,,0,2,3,64,40,61,27,63,64,"180cm | 5'11""",0,-,-,Pohang Steelers,Korea Republic
Bernie Ibini-Isei,59,ST,,0,2,4,86,54,42,64,46,51,"189cm | 6'2""",0,-,-,Central Coast Mariners FC,Australia
Maik Kegel,59,CAM,,0,2,3,61,50,59,60,41,47,"183cm | 6'0""",0,-,-,Dynamo Dresden,Germany
Santiago Prim,59,CAM,,0,4,3,61,55,56,63,49,46,"178cm | 5'10""",0,-,-,Columbus Crew,Argentina
Harry Maguire,59,CB,,0,2,3,46,19,25,22,63,67,"188cm | 6'2""",0,-,-,Sheffield United,England
Dmitriy Kostyaev,59,CM,,0,3,3,40,61,65,66,51,64,"176cm | 5'9""",0,-,-,Krylya Sovetov Samara,Russia
Roman Kasyanov,59,ST,,0,2,3,74,59,33,59,49,60,"186cm | 6'1""",0,-,-,Krylya Sovetov Samara,Russia
Georg Teigl,59,LW,,0,2,4,88,59,51,61,46,47,"178cm | 5'10""",0,-,-,FC Red Bull Salzburg,Austria
Bobby Reid,59,CM,,0,2,4,77,57,62,67,47,40,"170cm | 5'7""",0,-,-,Bristol City,England
Martin Kobylanski,59,CF,,0,2,3,70,58,54,67,39,58,"179cm | 5'10""",0,-,-,Energie Cottbus,Poland
Janis Blaswich,59,GK,,0,1,3,65,60,64,63,63,51,"193cm | 6'4""",0,-,-,Borussia M'gladbach,Germany
Ruben Ligeon,59,RB,,0,2,2,86,46,53,67,52,63,"168cm | 5'6""",0,-,-,Ajax,Netherlands
Sebastian Schiek,59,RB,,0,2,3,70,49,47,57,62,60,"183cm | 6'0""",0,-,-,Karlsruher SC,Germany
Kerim Frei,59,LM,,0,3,3,77,52,57,74,51,54,"178cm | 5'10""",0,-,-,Fulham,Austria
Saido Berahino,59,ST,,0,3,3,77,55,45,61,40,59,"178cm | 5'10""",0,-,-,West Bromwich Albion,England
Dániel Nagy,59,CAM,,0,2,3,65,51,65,65,41,54,"181cm | 5'11""",0,-,-,Hamburger SV,Hungary
Rubén Pardo,59,CM,,0,2,3,64,45,58,57,44,44,"169cm | 5'7""",0,-,-,Real Sociedad de Fútbol S.A.D.,Spain
Myles Anderson,59,CB,,0,2,3,53,34,34,32,62,64,"183cm | 6'0""",0,-,-,Blackburn Rovers,England
Kenny Lunt,58,CM,,0,3,3,55,38,67,50,48,50,"180cm | 5'11""",0,-,-,Hereford,England
Steven McGarry,58,CAM,,0,3,3,55,58,54,63,56,60,"178cm | 5'10""",0,-,-,Perth Glory FC,Scotland
Dean Holden,58,RB,,0,2,3,43,19,53,50,66,54,"185cm | 6'1""",0,-,-,Chesterfield,England
Nick Colgan,58,GK,,0,1,3,57,62,60,52,48,64,"186cm | 6'1""",0,-,-,Huddersfield Town,Republic of Ireland
Colin Larkin,58,ST,,0,3,4,79,55,48,68,39,63,"175cm | 5'9""",0,-,-,Hartlepool United,Republic of Ireland
Justin Richards,58,ST,,0,3,3,62,59,43,50,49,66,"183cm | 6'0""",0,-,-,Burton Albion,England
Ben Futcher,58,CB,,0,2,1,47,31,42,38,65,59,"200cm | 6'7""",0,-,-,Bury,England
Phil Smith,58,GK,,0,1,3,65,52,63,61,23,58,"185cm | 6'1""",0,-,-,Swindon Town,England
Delroy Facey,58,ST,,0,2,3,51,56,31,48,53,78,"183cm | 6'0""",0,-,-,Hereford,Grenada
Mark Phillips,58,CB,,0,2,3,56,33,40,43,63,69,"188cm | 6'2""",0,-,-,Southend United,England
Helgi Valur Daníelsson,58,CM,,0,2,3,58,45,54,52,66,58,"186cm | 6'1""",0,-,-,A. Solna,Iceland
Danny Harrison,58,CM,,0,2,3,65,56,56,48,62,62,"178cm | 5'10""",0,-,-,Rotherham United,England
Steve Fletcher,58,ST,,0,2,3,30,56,42,35,63,77,"188cm | 6'2""",0,-,-,Bournemouth,England
Liam Burns,58,CB,,0,2,3,33,40,38,44,59,64,"185cm | 6'1""",0,-,-,Bohemians FC,Northern Ireland
Guilherme Afonso,58,ST,,0,2,2,81,55,58,67,45,51,"187cm | 6'2""",0,-,-,FC Sion,Angola
Eul Yong Lee,58,LB,,0,3,3,61,59,65,61,60,48,"176cm | 5'9""",0,-,-,Gangwon FC,Korea Republic
Sean Hessey,58,CB,,0,2,3,53,26,35,36,61,69,"178cm | 5'10""",0,-,-,Accrington Stanley,England
Ryan Jarvis,58,ST,,0,2,3,58,55,35,57,50,56,"183cm | 6'0""",0,-,-,Walsall,England
Daniel Lins Cortês,58,LM,,0,3,3,68,56,52,61,44,43,"180cm | 5'11""",0,-,-,Wellington Phoenix,Brazil
Nicky Hunt,58,RB,,0,2,2,63,42,54,56,64,69,"185cm | 6'1""",0,-,-,Bristol City,England
Marcin Adamski,58,CB,,0,2,3,41,44,49,43,64,57,"187cm | 6'2""",0,-,-,Lodz,Poland
Luke Oliver,58,CB,,0,2,3,46,29,19,19,68,58,"200cm | 6'7""",0,-,-,Bradford City,England
Anthony Favre,58,GK,,0,1,3,63,61,53,54,60,59,"194cm | 6'4""",0,-,-,FC Lausanne,Switzerland
Boris Hüttenbrenner,58,RM,,0,2,3,63,43,58,56,65,62,"189cm | 6'2""",0,-,-,KSV Superfund,Austria
Glenn Cronin,58,CDM,,0,2,3,58,40,58,36,57,55,"176cm | 5'9""",0,-,-,Bohemians FC,Republic of Ireland
Stuart Drummond,58,CM,,0,2,3,50,60,57,58,60,65,"188cm | 6'2""",0,-,-,Morecambe,England
Rafał Grzelak,58,LM,,0,4,2,72,46,51,59,52,43,"176cm | 5'9""",0,-,-,Ruch Chorzów,Poland
Patryk Rachwał,58,CM,,0,2,1,64,55,58,57,58,51,"176cm | 5'9""",0,-,-,Zagłębie Lubin,Poland
Kevin Deery,58,RM,,0,2,3,54,56,58,58,57,57,"181cm | 5'11""",0,-,-,Derry City,Republic of Ireland
Mark McChrystal,58,CB,,0,2,3,51,40,44,45,62,73,"183cm | 6'0""",0,-,-,Tranmere Rovers,Northern Ireland
Kevin McIntyre,58,CM,,0,2,3,65,52,60,55,61,64,"183cm | 6'0""",0,-,-,Accrington Stanley,England
Jim Bentley,58,CB,,0,2,3,34,24,31,33,62,66,"185cm | 6'1""",0,-,-,Morecambe,England
Rune Pedersen,58,GK,,0,1,3,57,56,55,60,54,59,"188cm | 6'2""",0,-,-,Lyngby BK,Denmark
Wolfgang Klapf,58,LB,,0,2,3,62,32,58,52,58,54,"180cm | 5'11""",0,-,-,SC Magna Wiener Neustadt,Austria
Brian Saah,58,CB,,0,2,3,66,21,33,31,66,65,"191cm | 6'3""",0,-,-,Torquay United,England
Scott Bevan,58,GK,,0,1,1,58,59,64,58,27,59,"198cm | 6'6""",0,-,-,Bristol Rovers,England
Ben Harding,58,CM,,0,2,4,70,54,61,47,53,59,"185cm | 6'1""",0,-,-,Wycombe Wanderers,England
Florent Ghisolfi,58,CM,,0,2,3,59,45,54,55,59,61,"175cm | 5'9""",0,-,-,Stade de Reims,France
Jung Yul Lee,58,LB,,0,2,3,40,45,55,53,60,62,"183cm | 6'0""",0,-,-,FC Seoul,Korea Republic
Jake Robinson,58,ST,,0,3,4,78,59,45,65,42,48,"175cm | 5'9""",0,-,-,Northampton Town,England
Alexandre Barbier,58,CB,,0,2,3,33,32,41,35,57,74,"180cm | 5'11""",0,-,-,Stade de Reims,France
Manfred Razenböck,58,GK,,0,1,3,58,61,57,55,40,60,"190cm | 6'3""",0,-,-,SC Magna Wiener Neustadt,Austria
Alan Julian,58,GK,,0,1,3,60,55,56,62,49,60,"188cm | 6'2""",0,-,-,Stevenage FC,Northern Ireland
Alexander Pöllhuber,58,LB,,0,2,3,44,23,42,38,66,58,"200cm | 6'7""",0,-,-,SV Mattersburg,Austria
Lenny Pidgeley,58,GK,,0,1,2,61,59,58,63,53,48,"191cm | 6'3""",0,-,-,Exeter City,England
Ronnie Henry,58,RB,,0,2,3,72,42,55,53,58,57,"180cm | 5'11""",0,-,-,Stevenage FC,England
Kelvin Langmead,58,CB,,0,2,2,44,43,34,24,65,69,"185cm | 6'1""",0,-,-,Northampton Town,England
Wim Raymaekers,58,CB,,0,2,3,44,35,43,37,62,61,"186cm | 6'1""",0,-,-,OHL,Belgium
Dominic Blizzard,58,CDM,,0,2,3,63,40,62,52,59,60,"188cm | 6'2""",0,-,-,Yeovil Town,England
David Raven,58,RB,,0,2,3,65,34,42,45,63,68,"183cm | 6'0""",0,-,-,Tranmere Rovers,England
Michael Townsend,58,CB,,0,2,2,61,23,28,22,65,66,"188cm | 6'2""",0,-,-,Hereford,England
Mariusz Sacha,58,RM,,0,3,3,74,54,50,57,40,56,"176cm | 5'9""",0,-,-,Bielsko-Biała,Poland
Danny North,58,ST,,0,2,3,74,53,36,56,43,58,"175cm | 5'9""",0,-,-,St. Patrick's Athletic,England
Lukasz Janoszka,58,CAM,,0,2,3,63,54,58,62,46,62,"180cm | 5'11""",0,-,-,Ruch Chorzów,Poland
Derek Pender,58,RB,,0,2,4,62,42,56,53,57,59,"176cm | 5'9""",0,-,-,St. Patrick's Athletic,Republic of Ireland
János Kovács,58,CB,,0,2,3,53,32,29,31,66,75,"193cm | 6'4""",0,-,-,Hereford,Hungary
Jake Wright,58,CB,,0,3,3,67,30,40,37,62,64,"185cm | 6'1""",0,-,-,Oxford United FC,England
Stephane Besle,58,CB,,0,2,3,51,46,44,44,66,66,"188cm | 6'2""",0,-,-,Neuchâtel Xamax,France
Stuart Lewis,58,CM,,0,2,3,58,45,57,58,56,57,"180cm | 5'11""",0,-,-,Wycombe Wanderers,England
Scott Laird,58,LB,,0,2,3,72,51,55,53,59,57,"181cm | 5'11""",0,-,-,Stevenage FC,England
Krzysztof Nykiel,58,RB,,0,2,3,63,49,58,54,62,56,"186cm | 6'1""",0,-,-,Cracovia Kraków,Poland
Jon-Paul Pittman,58,LM,,0,3,3,82,53,48,58,46,53,"176cm | 5'9""",0,-,-,Oxford United FC,United States
Matt Thornhill,58,CM,,0,2,3,75,45,60,62,59,55,"185cm | 6'1""",0,-,-,Hibernian,England
Ruaidhri Higgins,58,CM,,0,2,3,59,58,60,51,57,56,"178cm | 5'10""",0,-,-,Derry City,Northern Ireland
Ed Upson,58,CM,,0,2,4,68,51,58,55,44,50,"178cm | 5'10""",0,-,-,Yeovil Town,England
Calvin Andrew,58,ST,,0,2,3,71,48,54,57,55,77,"183cm | 6'0""",0,-,-,Crystal Palace,England
Sam Williams,58,ST,,0,2,3,51,55,39,44,52,65,"188cm | 6'2""",0,-,-,Dagenham and Redbridge,Wales
Kirk Hudson,58,RM,,0,2,3,84,46,53,65,33,42,"183cm | 6'0""",0,-,-,Brentford,England
James Tunnicliffe,58,CB,,0,2,3,49,17,32,34,59,62,"193cm | 6'4""",0,-,-,Wycombe Wanderers,England
Marco Knaller,58,GK,,0,1,3,61,52,49,68,51,54,"192cm | 6'4""",0,-,-,1. FC Kaiserslautern,Austria
Ian Morris,58,LM,,0,2,3,62,44,59,50,56,62,"183cm | 6'0""",0,-,-,Torquay United,Republic of Ireland
Andreas Arestidou,58,GK,,0,1,3,60,58,54,62,35,58,"180cm | 5'11""",0,-,-,Preston North End,England
Simon Ferry,58,CM,,0,3,4,69,56,58,62,62,61,"175cm | 5'9""",0,-,-,Swindon Town,Scotland
Alan Martin,58,GK,,0,1,3,62,56,59,60,66,56,"183cm | 6'0""",0,-,-,Crewe Alexandra,Scotland
Luke Howell,58,CM,,0,2,3,65,39,57,57,60,60,"180cm | 5'11""",0,-,-,Dagenham and Redbridge,England
Danny Racchi,58,RM,,0,2,3,73,51,54,56,50,61,"173cm | 5'8""",0,-,-,Kilmarnock,England
Tae Yoon Kim,58,RB,,0,2,3,56,37,58,46,65,59,"182cm | 6'0""",0,-,-,Seongnam Ilhwa Chunma,Korea Republic
Dong Jin Han,58,GK,,0,1,2,61,61,55,54,50,60,"183cm | 6'0""",0,-,-,Jeju United FC,Korea Republic
Devon McTavish,58,RB,,0,2,3,66,54,57,56,60,62,"180cm | 5'11""",0,-,-,D.C. United,United States
Dragan Djukic,58,GK,,0,1,3,58,54,52,64,43,53,"183cm | 6'0""",0,-,-,FC Thun,Switzerland
Ben Smith,58,GK,,0,1,2,60,58,61,63,41,55,"179cm | 5'10""",0,-,-,Shrewsbury,England
Andy Williams,58,ST,,0,2,3,79,58,28,45,44,57,"180cm | 5'11""",0,-,-,Yeovil Town,England
Elie Dohin,58,RB,,0,2,3,64,46,60,54,57,49,"171cm | 5'7""",0,-,-,La Berrichonne de Châteauroux,France
Nedeljko Malic,58,CB,,0,2,3,38,18,32,21,66,60,"192cm | 6'4""",0,-,-,SV Mattersburg,Bosnia Herzegovina
Dan Paladini,58,CM,,0,2,3,65,62,59,65,54,68,"173cm | 5'8""",0,-,-,Chicago Fire,United States
Stefan Glarner,58,RM,,0,2,4,67,50,55,57,57,50,"178cm | 5'10""",0,-,-,FC Sion,Switzerland
Matteo Mandorlini,58,CM,,0,3,3,40,47,62,50,49,53,"178cm | 5'10""",0,-,-,Brescia,Italy
Paul Turnbull,58,CM,,0,2,2,71,46,52,58,62,57,"183cm | 6'0""",0,-,-,Northampton Town,England
Emmanuele Smith,58,CB,,0,2,3,60,33,43,46,62,64,"188cm | 6'2""",0,-,-,Walsall,England
Eric Kronberg,58,GK,,0,1,2,61,58,59,60,47,61,"195cm | 6'5""",0,-,-,Kansas City Wizards,United States
Joe Thompson,58,RM,,0,2,3,79,42,52,60,31,45,"183cm | 6'0""",0,-,-,Rochdale,England
Patrik Baumann,58,CB,,0,2,3,54,49,55,50,62,70,"185cm | 6'1""",0,-,-,Servette FC,Switzerland
Evan McMillan,58,CB,,0,2,3,55,34,42,25,64,65,"191cm | 6'3""",0,-,-,St. Patrick's Athletic,Republic of Ireland
Conor Powell,58,LB,,0,2,3,71,41,54,58,57,55,"180cm | 5'11""",0,-,-,Sligo Rovers,Republic of Ireland
Mark Rossiter,58,RB,,0,2,3,64,47,58,47,61,61,"181cm | 5'11""",0,-,-,Bohemians FC,Republic of Ireland
Troy Hearfield,58,ST,,0,3,3,73,61,55,61,56,48,"180cm | 5'11""",0,-,-,Central Coast Mariners FC,Australia
Jon Nurse,58,ST,,0,2,3,78,54,41,59,52,65,"175cm | 5'9""",0,-,-,Dagenham and Redbridge,Barbados
Iarfhlaith Davoren,58,LB,,0,2,3,72,49,54,56,58,59,"183cm | 6'0""",0,-,-,Sligo Rovers,Republic of Ireland
Greg Bolger,58,CM,,0,2,3,60,53,57,57,45,59,"180cm | 5'11""",0,-,-,Dundalk FC,Republic of Ireland
Danny Hylton,58,ST,,0,2,3,72,53,48,58,55,64,"183cm | 6'0""",0,-,-,Aldershot Town,England
Medy Elito,58,LM,,0,3,3,83,55,55,67,32,37,"180cm | 5'11""",0,-,-,Dagenham and Redbridge,England
Rene Howe,58,ST,,0,2,3,66,52,39,51,46,67,"183cm | 6'0""",0,-,-,Torquay United,England
Danny Philliskirk,58,ST,,0,3,2,73,55,45,61,41,59,"178cm | 5'10""",0,-,-,Sheffield United,England
Simon Heslop,58,CM,,0,2,3,71,37,68,52,50,50,"180cm | 5'11""",0,-,-,Oxford United FC,England
Matthias Lindner,58,ST,,0,2,3,66,50,55,57,41,52,"184cm | 6'0""",0,-,-,SC Magna Wiener Neustadt,Austria
Robbie Weir,58,CM,,0,2,3,65,55,61,57,51,60,"175cm | 5'9""",0,-,-,Tranmere Rovers,Northern Ireland
Daniel Toth,58,CAM,,0,2,3,73,51,53,59,43,50,"173cm | 5'8""",0,-,-,Admira,Austria
Patrick Kavanagh,58,RM,,0,3,2,71,50,55,60,34,51,"174cm | 5'9""",0,-,-,Shamrock Rovers,Republic of Ireland
Ihsan Poyraz,58,GK,,0,1,3,60,57,58,57,37,59,"190cm | 6'3""",0,-,-,SC Magna Wiener Neustadt,Austria
Pieter Nys,58,RB,,0,2,4,64,32,49,39,61,59,"180cm | 5'11""",0,-,-,OHL,Belgium
Timothy Durwael,58,RB,,0,2,3,72,34,56,41,53,56,"173cm | 5'8""",0,-,-,KRC Genk,Belgium
Alexandre Pasche,58,CM,,0,2,4,68,48,58,60,52,52,"174cm | 5'9""",0,-,-,FC Lausanne,Switzerland
Danny Blanchett,58,LB,,0,2,3,72,30,47,39,59,66,"183cm | 6'0""",0,-,-,Burton Albion,England
Seth Nana Ofori-Twumasi,58,RB,,0,2,3,84,45,43,49,62,68,"173cm | 5'8""",0,-,-,Northampton Town,England
Stephan Palla,58,LB,,0,2,3,74,28,52,59,54,54,"172cm | 5'8""",0,-,-,Admira,Austria
Jesús Dueñas,58,CM,,0,3,4,65,55,53,62,44,47,"174cm | 5'9""",0,-,-,Tigres U.A.N.L.,Mexico
David McAllister,58,CM,,0,2,2,62,54,61,53,53,63,"178cm | 5'10""",0,-,-,Sheffield United,Republic of Ireland
Eoin Doyle,58,ST,,0,2,3,72,57,51,58,37,59,"178cm | 5'10""",0,-,-,Sligo Rovers,Republic of Ireland
John Rooney,58,CM,,0,2,4,71,54,55,63,57,42,"180cm | 5'11""",0,-,-,New York Red Bulls,England
Lennart Hartmann,58,CM,,0,3,2,70,57,59,64,59,62,"173cm | 5'8""",0,-,-,Alemannia Aachen,Germany
Alex Cisak,58,GK,,0,1,3,66,53,51,64,57,57,"193cm | 6'4""",0,-,-,Oldham Athletic,Australia
Roman Bürki,58,GK,,0,1,2,61,55,54,61,53,55,"187cm | 6'2""",0,-,-,Grasshopper-Club,Switzerland
Marc McAusland,58,CB,,0,2,3,59,19,43,49,60,55,"191cm | 6'3""",0,-,-,St. Mirren,Scotland
Daniel Ireland,58,GK,,0,1,3,64,44,53,68,61,53,"193cm | 6'4""",0,-,-,Coventry City,Australia
Jeff Goulding,58,ST,,0,3,2,62,53,42,51,48,65,"188cm | 6'2""",0,-,-,Cheltenham Town,England
Ronald Spuller,58,RM,,0,3,3,78,51,56,57,42,54,"179cm | 5'10""",0,-,-,SV Mattersburg,Austria
Oscar Jansson,58,GK,,0,1,3,68,42,36,70,59,56,"183cm | 6'0""",0,-,-,Bradford City,Sweden
Kevin Maek,58,CDM,,0,2,3,63,51,52,56,66,67,"192cm | 6'4""",0,-,-,Alemannia Aachen,Germany
Jin Soo Choi,58,RW,,0,3,3,76,49,50,58,53,59,"178cm | 5'10""",0,-,-,Ulsan Hyundai Horang-i,Korea Republic
Sang Don Lee,58,RB,,0,2,3,62,48,44,50,58,55,"179cm | 5'10""",0,-,-,Gangwon FC,Korea Republic
Chang Hoon Lee,58,LW,,0,3,4,59,51,52,65,50,50,"171cm | 5'7""",0,-,-,Seongnam Ilhwa Chunma,Korea Republic
Keun Bae Kim,58,GK,,0,1,3,59,60,59,58,40,58,"187cm | 6'2""",0,-,-,Gangwon FC,Korea Republic
Hong Il Kim,58,CAM,,0,3,3,50,52,58,58,43,41,"178cm | 5'10""",0,-,-,GwangJu FC,Korea Republic
Min Park,58,CB,,0,2,2,50,47,44,51,59,63,"184cm | 6'0""",0,-,-,GyeongNam FC,Korea Republic
Jong Eun Lim,58,CB,,0,2,3,37,36,43,49,58,57,"192cm | 6'4""",0,-,-,Ulsan Hyundai Horang-i,Korea Republic
Ji No Yu,58,LM,,0,3,4,71,38,54,59,47,53,"178cm | 5'10""",0,-,-,Chunnam Dragons,Korea Republic
Rhyan Grant,58,CM,,0,2,2,71,50,54,57,58,52,"174cm | 5'9""",0,-,-,Sydney FC,Australia
Jed Steer,58,GK,,0,1,3,66,53,48,67,47,53,"187cm | 6'2""",0,-,-,Yeovil Town,England
Jermaine Grandison,58,RB,,0,2,3,75,42,48,38,69,73,"193cm | 6'4""",0,-,-,Shrewsbury,England
Enda Stevens,58,LB,,0,2,2,67,38,54,57,58,58,"183cm | 6'0""",0,-,-,Shamrock Rovers,Republic of Ireland
Osama Malik,58,CDM,,0,3,3,69,45,56,63,61,62,"185cm | 6'1""",0,-,-,Adelaide United,Australia
Iván Iyanga Travieso,58,CF,,0,3,2,70,54,54,59,48,66,"178cm | 5'10""",0,-,-,Unión Deportiva Las Palmas S.A.D.,Equatorial Guinea
Thiago Cardoso,58,CB,,0,2,2,54,40,40,46,59,58,"185cm | 6'1""",0,-,-,KVC Westerlo,Brazil
Matty Lund,58,CDM,,0,2,3,61,52,57,52,63,68,"183cm | 6'0""",0,-,-,Oldham Athletic,Northern Ireland
Ashley Hemmings,58,LM,,0,2,3,73,52,29,57,42,61,"170cm | 5'7""",0,-,-,Wolverhampton Wanderers,England
Alex Smith,58,LB,,0,2,2,68,35,56,49,47,46,"175cm | 5'9""",0,-,-,Fulham,England
Muhammed Ildiz,58,CM,,0,2,3,71,43,56,64,65,50,"179cm | 5'10""",0,-,-,FC Wacker Innsbruck,Austria
Samuel Sahin-Radlinger,58,GK,,0,1,2,62,55,54,64,58,56,"196cm | 6'5""",0,-,-,Hannover 96,Austria
Ashley Richards,58,RB,,0,3,4,70,47,63,64,59,54,"185cm | 6'1""",0,-,-,Swansea City,Wales
Kenneth Staelens,58,LM,,0,2,4,63,56,59,59,61,56,"183cm | 6'0""",0,-,-,Roda JC,Belgium
Rafael Gómez Llorens,58,CF,,0,2,3,67,54,48,61,40,56,"179cm | 5'10""",0,-,-,CD Alcoyano,Spain
Rocky Visconte,58,LW,,0,3,3,75,46,52,64,48,50,"178cm | 5'10""",0,-,-,Brisbane Roar Football Club,Australia
Jack Ainsley,58,CB,,0,2,3,65,45,31,49,60,68,"180cm | 5'11""",0,-,-,Ipswich Town,England
Billy Kee,58,ST,,0,3,3,59,59,48,51,52,65,"175cm | 5'9""",0,-,-,Burton Albion,Northern Ireland
Will Grigg,58,ST,,0,2,3,69,57,40,53,46,59,"180cm | 5'11""",0,-,-,Walsall,Northern Ireland
Simon Moore,58,GK,,0,1,3,67,49,51,73,39,48,"191cm | 6'3""",0,-,-,Brentford,England
Alex-Ray Harvey,58,CDM,,0,2,3,63,37,52,51,62,63,"170cm | 5'7""",0,-,-,Burnley,England
Pedro Orfila Artime,58,RB,,0,2,3,68,32,53,56,59,48,"175cm | 5'9""",0,-,-,Real Sporting de Gijón S.A.D.,Spain
Tom Parkes,58,CB,,0,2,3,63,34,44,41,60,66,"191cm | 6'3""",0,-,-,Burton Albion,England
James Hurst,58,RB,,0,2,3,68,44,52,46,57,54,"181cm | 5'11""",0,-,-,Blackpool,England
David Amoo,58,ST,,0,3,3,83,51,39,62,48,60,"178cm | 5'10""",0,-,-,Liverpool,England
James Tavernier,58,RB,,0,2,3,69,33,51,54,57,59,"181cm | 5'11""",0,-,-,Carlisle United,England
Nathan Cameron,58,CB,,0,2,3,72,29,44,34,62,75,"188cm | 6'2""",0,-,-,Coventry City,England
Jonas Acquistapace,58,CB,,0,2,2,60,33,52,26,62,59,"190cm | 6'3""",0,-,-,VfL Bochum,Germany
Conor McAleny,58,ST,,0,2,3,70,62,57,58,39,42,"172cm | 5'8""",0,-,-,Everton,England
Jonas Martin,58,CAM,,0,3,3,61,54,56,58,48,56,"182cm | 6'0""",0,-,-,Montpellier Hérault Sport Club,France
Bogdan Müller,58,ST,,0,2,3,79,54,43,58,46,59,"184cm | 6'0""",0,-,-,Karlsruher SC,Germany
George Francomb,58,RB,,0,2,2,65,34,55,53,57,50,"180cm | 5'11""",0,-,-,Norwich City,England
Michael Blum,58,LM,,0,2,2,70,54,56,60,59,50,"189cm | 6'2""",0,-,-,Hansa Rostock,Germany
George Miller,58,CM,,0,2,2,62,42,58,55,56,47,"180cm | 5'11""",0,-,-,Preston North End,England
Tom Bradshaw,58,ST,,0,4,3,77,55,42,62,41,46,"178cm | 5'10""",0,-,-,Shrewsbury,England
Aaron Greene,58,ST,,0,3,2,81,55,50,58,45,54,"180cm | 5'11""",0,-,-,Sligo Rovers,Republic of Ireland
Bailey Wright,58,CB,,0,2,2,56,38,34,40,60,65,"175cm | 5'9""",0,-,-,Preston North End,Australia
Young Wook Kim,58,LM,,0,3,3,73,52,63,40,52,48,"177cm | 5'10""",0,-,-,Chunnam Dragons,Korea Republic
Willi Evseev,58,CAM,,0,3,3,67,51,61,57,38,60,"176cm | 5'9""",0,-,-,SC Magna Wiener Neustadt,Germany
Maurice Exslager,58,ST,,0,2,3,74,60,39,55,46,70,"178cm | 5'10""",0,-,-,MSV Duisburg,Germany
Maximilian Karner,58,CB,,0,2,3,50,22,13,40,65,58,"187cm | 6'2""",0,-,-,SV Josko Fenst. Ried,Austria
Nick Kalmar,58,CM,,0,3,4,59,56,53,62,58,72,"190cm | 6'3""",0,-,-,Melbourne Heart FC,Australia
Youri Loen,58,CAM,,0,2,4,59,65,56,60,43,56,"177cm | 5'10""",0,-,-,N.E.C.,Netherlands
Dimitri Hairemans,58,RB,,0,2,2,70,46,58,58,60,54,"182cm | 6'0""",0,-,-,De Graafschap,Belgium
Lee Lucas,58,CM,,0,2,3,62,54,58,53,61,62,"180cm | 5'11""",0,-,-,Swansea City,Wales
Jérémy Hélan,58,LM,,0,2,3,69,54,56,58,56,56,"183cm | 6'0""",0,-,-,Manchester City,France
Sam Walker,58,GK,,0,1,3,52,56,68,64,46,57,"197cm | 6'6""",0,-,-,Northampton Town,England
Daniel Hofstetter,58,CB,,0,2,3,60,27,37,28,61,67,"184cm | 6'0""",0,-,-,TSV 1860 München,Germany
Jordan Brown,58,LB,,0,2,3,69,30,40,40,58,55,"162cm | 5'4""",0,-,-,Aldershot Town,England
Loris Néry,58,RB,,0,2,3,62,35,48,48,64,60,"174cm | 5'9""",0,-,-,A.S. Saint-Etienne,France
Mickaël Le Bihan,58,RB,,0,2,3,64,41,53,52,61,60,"184cm | 6'0""",0,-,-,CS Sedan Ardennes,France
Luke Hubbins,58,RB,,0,3,3,81,57,54,64,57,57,"184cm | 6'0""",0,-,-,Birmingham City,England
Daniel Lafferty,58,LB,,0,2,4,72,49,52,56,56,61,"186cm | 6'1""",0,-,-,Derry City,Northern Ireland
Nicola Sansone,58,ST,,0,3,3,73,53,43,69,38,38,"173cm | 5'8""",0,-,-,Grosseto,Italy
Wes Knight,58,RB,,0,2,2,80,58,52,59,61,66,"180cm | 5'11""",0,-,-,Whitecaps FC,United States
Josh Williams,58,CB,,0,2,4,62,30,34,37,65,65,"188cm | 6'2""",0,-,-,Columbus Crew,United States
Hector Jimenez,58,RM,,0,2,3,72,59,54,59,41,44,"175cm | 5'9""",0,-,-,Los Angeles Galaxy,United States
Ha Ram Lim,58,CB,,0,2,3,72,42,54,43,68,45,"186cm | 6'1""",0,-,-,GwangJu FC,Korea Republic
Ho Nam Kim,58,CM,,0,3,3,58,57,62,57,56,63,"178cm | 5'10""",0,-,-,GwangJu FC,Korea Republic
Woo Jin Jo,58,RM,,0,2,3,57,57,56,64,46,58,"176cm | 5'9""",0,-,-,GwangJu FC,Korea Republic
Hyun Park,58,CM,,0,3,3,75,58,57,61,53,61,"175cm | 5'9""",0,-,-,GwangJu FC,Korea Republic
Daniel Offenbacher,58,CM,,0,2,4,75,50,57,64,42,43,"176cm | 5'9""",0,-,-,FC Red Bull Salzburg,Austria
Stevie May,58,ST,,0,2,2,62,58,50,57,39,67,"178cm | 5'10""",0,-,-,St. Johnstone FC,Scotland
William Gros,58,ST,,0,2,2,59,59,42,51,49,67,"180cm | 5'11""",0,-,-,Kilmarnock,France
Kevin Stephan,58,ST,,0,2,3,76,58,41,64,41,61,"184cm | 6'0""",0,-,-,FC Erzgebirge Aue,Germany
Chris Agorsor,58,ST,,0,2,3,84,54,39,58,44,52,"175cm | 5'9""",0,-,-,Real Salt Lake,United States
Nathan Byrne,58,RB,,0,2,3,73,24,54,36,60,52,"183cm | 6'0""",0,-,-,Bournemouth,England
Billy Knott,58,LM,,0,2,4,77,56,41,64,54,49,"173cm | 5'8""",0,-,-,Sunderland,England
Alec Dufty,58,GK,,0,1,1,59,61,60,57,54,60,"196cm | 6'5""",0,-,-,Chicago Fire,United States
Jae An Lee,58,CF,,0,3,4,71,58,60,58,53,58,"181cm | 5'11""",0,-,-,FC Seoul,Korea Republic
Se Gye Sin,58,RB,,0,2,3,74,46,60,54,59,56,"178cm | 5'10""",0,-,-,Suwon Samsung Bluewings,Korea Republic
Won Kyu Lee,58,CB,,0,2,4,73,28,40,37,63,67,"181cm | 5'11""",0,-,-,Busan I'Park,Korea Republic
Orr Barouch,58,ST,,0,2,3,60,59,60,59,56,60,"188cm | 6'2""",0,-,-,Chicago Fire,Israel
Sascha Pfeffer,58,RM,,0,2,3,66,47,52,65,46,46,"176cm | 5'9""",0,-,-,Dynamo Dresden,Germany
Thorne Holder,58,GK,,0,1,2,66,53,57,63,57,47,"193cm | 6'4""",0,-,-,Philadelphia Union,Trinidad &amp; Tobago
Julian Dudda,58,CB,,0,2,3,52,35,36,33,64,63,"193cm | 6'4""",0,-,-,Eintracht Frankfurt,Germany
Markus Unger,58,RM,,0,2,3,65,58,58,57,57,56,"180cm | 5'11""",0,-,-,Braunschweig,Germany
Mathias Fetsch,58,ST,,0,2,3,75,54,45,58,49,65,"189cm | 6'2""",0,-,-,Braunschweig,Germany
Raffael Korte,58,CAM,,0,2,4,74,51,46,63,42,52,"175cm | 5'9""",0,-,-,Braunschweig,Germany
Markus Egger,58,GK,,0,1,3,59,56,57,57,41,58,"185cm | 6'1""",0,-,-,FC Wacker Innsbruck,Austria
Danijel Mićić,58,CM,,0,2,3,65,53,56,56,57,57,"185cm | 6'1""",0,-,-,KSV Superfund,Austria
Simon Brandstetter,58,ST,,0,2,3,56,59,46,59,46,60,"187cm | 6'2""",0,-,-,SC Freiburg,Germany
Sive Phekezela,58,RB,,0,2,3,79,40,50,66,51,59,"172cm | 5'8""",0,-,-,Germinal Beerschot,South Africa
Jannes Vansteenkiste,58,LB,,0,2,2,75,35,54,50,56,57,"175cm | 5'9""",0,-,-,Club Brugge KV,Belgium
Pierre Merkel,58,ST,,0,2,3,52,56,45,53,50,61,"190cm | 6'3""",0,-,-,Braunschweig,Germany
Michy Batshuayi,58,ST,,0,2,3,76,56,43,65,45,61,"181cm | 5'11""",0,-,-,Standard de Liège,DR Congo
Raúl Jiménez,58,ST,,0,2,3,66,55,49,55,44,65,"190cm | 6'3""",0,-,-,América,Mexico
Antonio José López Martínez,58,CB,,0,2,2,54,33,39,34,65,63,"186cm | 6'1""",0,-,-,Levante Unión Deportiva S.A.D.,Spain
Guillermo,58,CF,,0,2,3,82,54,38,62,39,55,"178cm | 5'10""",0,-,-,Athletic Club de Bilbao,Spain
Nouha Dicko,58,RW,,0,3,3,65,60,50,67,40,47,"173cm | 5'8""",0,-,-,Wigan Athletic,France
Danny Senda,57,RB,,0,2,3,70,44,61,59,60,63,"178cm | 5'10""",0,-,-,Barnet,England
Nat Brown,57,CB,,0,3,3,53,32,39,38,62,69,"188cm | 6'2""",0,-,-,Macclesfield Town,England
Owen Morrison,57,LM,,0,3,4,68,53,55,56,48,51,"173cm | 5'8""",0,-,-,Derry City,Northern Ireland
Tomasz Szewczuk,57,CF,,0,2,3,65,54,43,53,55,74,"185cm | 6'1""",0,-,-,Wrocław,Poland
Frédéric Page,57,CB,,0,2,2,50,49,54,51,60,57,"185cm | 6'1""",0,-,-,FC Lausanne,Switzerland
Nathan Stanton,57,CB,,0,2,3,52,26,31,41,62,68,"175cm | 5'9""",0,-,-,Burton Albion,England
Marcin Malinowski,57,CDM,,0,2,3,53,57,43,45,63,58,"179cm | 5'10""",0,-,-,Ruch Chorzów,Poland
Ritchie Humphreys,57,CM,,0,2,2,29,44,66,63,62,64,"178cm | 5'10""",0,-,-,Hartlepool United,England
Mark Molesley,57,CM,,0,2,3,60,47,56,60,55,60,"185cm | 6'1""",0,-,-,Bournemouth,England
Blair Sturrock,57,ST,,0,2,3,65,53,35,39,46,65,"183cm | 6'0""",0,-,-,Southend United,Scotland
Cédric Bockhorni,57,RB,,0,2,3,63,39,54,54,57,71,"182cm | 6'0""",0,-,-,Clermont Foot Auvergne 63,France
Freddy dos Santos,57,RB,,0,2,4,70,55,51,47,59,58,"180cm | 5'11""",0,-,-,Vålerenga Fotball,Norway
Matthew Blinkhorn,57,ST,,0,2,3,62,54,32,55,40,64,"183cm | 6'0""",0,-,-,Sligo Rovers,England
Lee Beevers,57,RB,,0,2,3,60,43,60,37,62,64,"186cm | 6'1""",0,-,-,Walsall,Wales
Arkadiusz Onyszko,57,GK,,0,1,2,56,50,62,51,38,69,"186cm | 6'1""",0,-,-,Polonia Warszawa,Poland
Sebastian Olszar,57,ST,,0,2,3,60,51,40,50,40,70,"180cm | 5'11""",0,-,-,Ruch Chorzów,Poland
Gabriel Wüthrich,57,GK,,0,1,3,57,54,54,62,65,55,"185cm | 6'1""",0,-,-,FC Luzern,Switzerland
Eddie McCallion,57,RB,,0,2,4,65,43,53,43,49,52,"170cm | 5'7""",0,-,-,Derry City,Northern Ireland
Danny O'Connor,57,CDM,,0,2,3,55,50,56,43,62,64,"188cm | 6'2""",0,-,-,Bray Wanderers,Republic of Ireland
Alan Kirby,57,CM,,0,2,4,39,56,57,58,46,51,"172cm | 5'8""",0,-,-,Sligo Rovers,Republic of Ireland
Sékou Baradji,57,CDM,,0,2,3,57,46,49,45,65,65,"185cm | 6'1""",0,-,-,Dijon FCO,France
Ian Dunbavin,57,GK,,0,1,3,56,61,51,60,58,58,"188cm | 6'2""",0,-,-,Accrington Stanley,England
John Grant,57,ST,,0,3,3,68,53,42,57,48,69,"183cm | 6'0""",0,-,-,Macclesfield Town,England
Wayne Brown,57,GK,,0,1,3,60,59,52,64,36,53,"185cm | 6'1""",0,-,-,Oxford United FC,England
Ben Smith,57,CAM,,0,2,5,53,56,59,55,51,41,"180cm | 5'11""",0,-,-,Crawley Town,England
Tom Newey,57,LB,,0,2,3,64,30,47,40,61,62,"180cm | 5'11""",0,-,-,Rotherham United,England
Andy Gallinagh,57,CB,,0,2,3,60,39,52,51,60,68,"177cm | 5'10""",0,-,-,Cheltenham Town,England
David Hunt,57,CM,,0,2,3,61,39,58,53,63,48,"180cm | 5'11""",0,-,-,Crawley Town,England
Keith Lowe,57,RB,,0,3,3,62,28,53,50,66,70,"188cm | 6'2""",0,-,-,Cheltenham Town,England
Han Bok Song,57,CDM,,0,2,3,46,37,50,55,58,61,"183cm | 6'0""",0,-,-,Daegu FC,Korea Republic
Dae Hwan Kim,57,GK,,0,1,2,57,55,57,61,45,58,"185cm | 6'1""",0,-,-,Suwon Samsung Bluewings,Korea Republic
Claude Gnakpa,57,RM,,0,2,3,87,47,54,56,68,70,"183cm | 6'0""",0,-,-,Walsall,France
Yong Kang,57,RB,,0,2,2,68,51,49,56,60,58,"178cm | 5'10""",0,-,-,Daegu FC,Korea Republic
Anthony Murphy,57,RM,,0,2,3,72,50,55,57,56,59,"178cm | 5'10""",0,-,-,St. Patrick's Athletic,Republic of Ireland
Brendan Clarke,57,GK,,0,1,3,57,56,56,61,54,58,"187cm | 6'2""",0,-,-,Sligo Rovers,Republic of Ireland
Josh Low,57,RM,,0,3,3,55,44,57,58,56,62,"185cm | 6'1""",0,-,-,Cheltenham Town,Wales
Marcin Smoliński,57,CM,,0,3,4,57,59,56,56,51,68,"174cm | 5'9""",0,-,-,Lodz,Poland
Florent Perraud,57,GK,,0,1,3,54,56,52,56,34,62,"180cm | 5'11""",0,-,-,CS Sedan Ardennes,France
Mikael Yourassowsky,57,LW,,0,3,3,50,53,54,61,62,60,"179cm | 5'10""",0,-,-,Toronto FC,Belgium
Bernhard Schachner,57,CM,,0,2,3,64,46,56,60,58,62,"178cm | 5'10""",0,-,-,Admira,Austria
Greg Fleming,57,GK,,0,1,3,57,56,56,59,38,57,"188cm | 6'2""",0,-,-,Chesterfield,Scotland
Shane McFaul,57,CM,,0,2,2,65,54,57,58,57,63,"188cm | 6'2""",0,-,-,St. Patrick's Athletic,Republic of Ireland
Jason Taylor,57,CM,,0,2,3,65,49,56,50,66,66,"185cm | 6'1""",0,-,-,Rotherham United,England
Chris Neal,57,GK,,0,1,1,56,57,53,61,59,55,"186cm | 6'1""",0,-,-,Shrewsbury,England
Darius Charles,57,LB,,0,2,3,65,49,45,55,65,63,"185cm | 6'1""",0,-,-,Stevenage FC,England
Mark Bradley,57,CM,,0,2,3,66,48,55,52,60,64,"183cm | 6'0""",0,-,-,Rotherham United,Wales
Stephen O'Donnell,57,CM,,0,3,3,63,56,57,55,57,55,"177cm | 5'10""",0,-,-,Shamrock Rovers,Republic of Ireland
Rory Loy,57,ST,,0,3,3,73,47,49,59,43,72,"178cm | 5'10""",0,-,-,Carlisle United,Scotland
Luke Foster,57,CM,,0,2,3,60,48,48,33,61,76,"188cm | 6'2""",0,-,-,Rotherham United,England
David Gonzalez,57,GK,,0,1,2,57,56,58,61,48,53,"181cm | 5'11""",0,-,-,Servette FC,Switzerland
Jean-Louis Akpa Akpro,57,ST,,0,3,3,75,51,39,55,49,61,"180cm | 5'11""",0,-,-,Rochdale,France
Edin Salkić,57,ST,,0,2,3,40,52,46,51,53,64,"197cm | 6'6""",0,-,-,SC Magna Wiener Neustadt,Austria
Andrew Weber,57,GK,,0,1,3,61,58,69,62,50,51,"188cm | 6'2""",0,-,-,San Jose Earthquakes,United States
Joe Colbeck,57,RM,,0,3,4,78,43,52,63,44,41,"180cm | 5'11""",0,-,-,Hereford,England
Luke Prosser,57,CB,,0,2,3,63,26,42,40,60,73,"191cm | 6'3""",0,-,-,Southend United,England
Alex Nicholls,57,ST,,0,2,3,74,52,45,68,42,59,"178cm | 5'10""",0,-,-,Walsall,England
Marc Twaddle,57,CB,,0,2,3,68,27,55,45,60,60,"185cm | 6'1""",0,-,-,Rochdale,Scotland
Daryl Kavanagh,57,ST,,0,2,4,64,55,56,58,37,65,"173cm | 5'8""",0,-,-,St. Patrick's Athletic,Republic of Ireland
Francesco Bini,57,CB,,0,2,2,57,40,43,34,61,66,"190cm | 6'3""",0,-,-,Reggina,Italy
Lee Sawyer,57,CM,,0,2,3,73,47,60,57,50,38,"176cm | 5'9""",0,-,-,Southend United,England
Scott Gallacher,57,GK,,0,1,3,57,61,64,59,32,54,"188cm | 6'2""",0,-,-,Rangers,Scotland
Luke Joyce,57,CM,,0,2,3,70,49,57,58,64,62,"180cm | 5'11""",0,-,-,Accrington Stanley,England
Ross Gaynor,57,ST,,0,3,3,71,53,49,54,40,56,"178cm | 5'10""",0,-,-,Dundalk FC,Republic of Ireland
Steven Leslie,57,LM,,0,3,2,72,49,51,58,52,54,"191cm | 6'3""",0,-,-,Shrewsbury,England
Izak Reid,57,RM,,0,2,2,82,39,44,54,60,66,"166cm | 5'5""",0,-,-,Morecambe,England
Josip Solic,57,GK,,0,1,3,56,58,51,59,52,57,"184cm | 6'0""",0,-,-,Silkeborg IF,Croatia
Craig Lindfield,57,ST,,0,2,3,73,54,40,54,41,58,"183cm | 6'0""",0,-,-,Accrington Stanley,England
Massimiliano Marsili,57,CM,,0,2,2,69,54,61,55,56,51,"174cm | 5'9""",0,-,-,Inferiore,Italy
Stephen Maher,57,CM,,0,2,3,61,51,58,50,55,56,"180cm | 5'11""",0,-,-,Dundalk FC,Republic of Ireland
Jordan Robertson,57,ST,,0,2,2,61,52,41,53,52,68,"183cm | 6'0""",0,-,-,Scunthorpe United,England
Frank Feltscher,57,ST,,0,2,2,72,56,56,59,50,49,"180cm | 5'11""",0,-,-,Grasshopper-Club,Switzerland
Min Oh Kim,57,CDM,,0,2,3,59,54,55,57,59,67,"183cm | 6'0""",0,-,-,Gwangju Sangmu FC,Korea Republic
Guillaume Ducatel,57,CDM,,0,2,2,57,49,57,54,59,57,"174cm | 5'9""",0,-,-,U.S. Boulogne Cote D'Opale,France
Jun Ki Lee,57,CB,,0,2,3,59,38,48,43,61,66,"184cm | 6'0""",0,-,-,Chunnam Dragons,Korea Republic
Darren Dennehy,57,CB,,0,2,3,63,35,42,29,63,73,"188cm | 6'2""",0,-,-,Barnet,Republic of Ireland
Garry Hunter,57,CM,,0,2,3,66,48,55,54,53,51,"183cm | 6'0""",0,-,-,Morecambe,England
Dave Winfield,57,CB,,0,2,3,40,26,26,25,66,65,"191cm | 6'3""",0,-,-,Wycombe Wanderers,England
Colin Daniel,57,LM,,0,2,2,85,36,58,57,47,42,"180cm | 5'11""",0,-,-,Macclesfield Town,England
Alfie Potter,57,RM,,0,2,3,72,42,51,59,46,50,"170cm | 5'7""",0,-,-,Oxford United FC,England
Tom Craddock,57,ST,,0,2,3,71,56,32,58,45,50,"180cm | 5'11""",0,-,-,Oxford United FC,England
Adnan Haidar,57,CM,,0,2,4,67,48,55,68,59,47,"178cm | 5'10""",0,-,-,Vålerenga Fotball,Norway
Patrick Fabian,57,CB,,0,2,1,52,24,41,36,63,61,"193cm | 6'4""",0,-,-,VfL Bochum,Germany
Onismor Bhasera,57,LB,,0,3,2,81,50,61,61,58,55,"173cm | 5'8""",0,-,-,Plymouth Argyle,Zimbabwe
Dean Winnard,57,RB,,0,2,3,73,26,44,42,60,64,"175cm | 5'9""",0,-,-,Accrington Stanley,England
Joe Widdowson,57,LB,,0,2,2,70,27,49,44,61,57,"183cm | 6'0""",0,-,-,Rochdale,England
Simon Madden,57,RB,,0,2,3,63,43,54,47,55,56,"176cm | 5'9""",0,-,-,Dundalk FC,Republic of Ireland
Ian Bermingham,57,LB,,0,2,3,59,42,55,50,56,64,"186cm | 6'1""",0,-,-,St. Patrick's Athletic,Republic of Ireland
Aidan Downes,57,RW,,0,2,3,72,48,54,56,40,55,"182cm | 6'0""",0,-,-,Bohemians FC,Republic of Ireland
Byron Webster,57,CB,,0,2,2,61,39,43,39,62,55,"191cm | 6'3""",0,-,-,Northampton Town,England
Christy Fagan,57,ST,,0,3,3,72,58,30,57,36,55,"174cm | 5'9""",0,-,-,Bohemians FC,Republic of Ireland
Ian Joyce,57,GK,,0,1,2,59,63,52,59,40,55,"191cm | 6'3""",0,-,-,Colorado Rapids,United States
Clayton McDonald,57,CB,,0,2,2,69,33,30,28,66,52,"198cm | 6'6""",0,-,-,Port Vale,England
Wilfried Domoraud,57,LM,,0,2,3,76,50,47,61,48,58,"183cm | 6'0""",0,-,-,SV Mattersburg,France
Andrew Wright,57,CM,,0,2,3,59,34,63,57,61,55,"185cm | 6'1""",0,-,-,Scunthorpe United,England
Josh Lambo,57,GK,,0,1,2,65,56,64,64,51,47,"185cm | 6'1""",0,-,-,FC Dallas,United States
Will Atkinson,57,RM,,0,2,3,73,53,52,61,49,50,"178cm | 5'10""",0,-,-,Plymouth Argyle,England
Piotr Polczak,57,CB,,0,2,2,34,19,44,44,60,56,"188cm | 6'2""",0,-,-,Terek Grozny,Poland
Gerard Doherty,57,GK,,0,1,3,60,55,57,59,33,57,"188cm | 6'2""",0,-,-,Derry City,Republic of Ireland
Frédéric Duplus,57,RB,,0,2,3,57,36,60,52,58,50,"178cm | 5'10""",0,-,-,FC Sochaux-Montbéliard,France
Douglas Ferreira,57,CB,,0,2,2,51,35,54,39,58,66,"193cm | 6'4""",0,-,-,SC Braga,Brazil
Ben Swallow,57,LW,,0,2,4,74,43,47,67,42,47,"168cm | 5'6""",0,-,-,Bristol Rovers,Wales
Pierrick Rakotoharisoa,57,CAM,,0,3,3,68,45,59,61,31,40,"174cm | 5'9""",0,-,-,Havre Athletic Club,France
Adam Chicksen,57,LB,,0,2,2,66,28,59,53,57,63,"173cm | 5'8""",0,-,-,Milton Keynes Dons,England
Julian Kelly,57,RB,,0,2,3,80,38,52,61,58,59,"175cm | 5'9""",0,-,-,Notts County,England
Waide Fairhurst,57,ST,,0,2,3,66,46,52,58,42,58,"178cm | 5'10""",0,-,-,Macclesfield Town,England
Lukas Rath,57,LB,,0,2,3,66,32,49,55,61,62,"183cm | 6'0""",0,-,-,SV Mattersburg,Austria
Charlie Barnett,57,CM,,0,2,3,75,56,60,58,49,50,"178cm | 5'10""",0,-,-,Accrington Stanley,England
Scott Boden,57,ST,,0,2,3,84,49,48,57,47,57,"180cm | 5'11""",0,-,-,Chesterfield,England
Gareth Coughlan,57,RW,,0,3,3,71,48,54,55,39,55,"179cm | 5'10""",0,-,-,St. Patrick's Athletic,Republic of Ireland
Nzuzi Toko,57,CDM,,0,3,3,79,50,57,67,55,56,"171cm | 5'7""",0,-,-,Grasshopper-Club,Switzerland
Michael Holody,57,CB,,0,2,1,49,24,32,33,61,69,"191cm | 6'3""",0,-,-,Colorado Rapids,United States
Brad Inman,57,CM,,0,2,3,57,61,68,59,35,38,"185cm | 6'1""",0,-,-,Newcastle United,Scotland
Srdjan Pavlov,57,ST,,0,2,4,49,54,41,51,48,70,"190cm | 6'3""",0,-,-,KSV Superfund,Serbia
Hyun Yoo,57,GK,,0,1,3,57,55,58,61,44,60,"184cm | 6'0""",0,-,-,Gangwon FC,Korea Republic
Jake Kelly,57,ST,,0,3,2,81,54,35,55,39,56,"180cm | 5'11""",0,-,-,Bray Wanderers,Republic of Ireland
Andrew Little,57,CF,,0,3,3,72,58,44,50,54,61,"184cm | 6'0""",0,-,-,Port Vale,Northern Ireland
Thomas Konrad,57,CB,,0,2,3,63,29,23,22,62,66,"183cm | 6'0""",0,-,-,Karlsruher SC,Germany
Jonatan Kotzke,57,CDM,,0,2,3,66,46,53,51,60,59,"184cm | 6'0""",0,-,-,TSV 1860 München,Germany
Serhat Koksal,57,LW,,0,3,2,70,38,56,65,59,48,"177cm | 5'10""",0,-,-,ADO Den Haag,Turkey
Casey Thomas,57,ST,,0,3,3,76,48,56,63,44,64,"175cm | 5'9""",0,-,-,Swansea City,Wales
Kevin Fickentscher,57,GK,,0,1,3,56,52,54,67,56,55,"181cm | 5'11""",0,-,-,FC Sion,Switzerland
Matt Tootle,57,RB,,0,2,3,79,20,41,46,61,61,"175cm | 5'9""",0,-,-,Crewe Alexandra,England
Julian Börner,57,CB,,0,2,3,68,56,55,58,61,55,"188cm | 6'2""",0,-,-,Energie Cottbus,Germany
Szymon Kapias,57,CB,,0,2,2,60,24,34,33,61,65,"182cm | 6'0""",0,-,-,Zagłębie Lubin,Poland
Kevin Long,57,CB,,0,2,2,56,30,32,23,64,63,"187cm | 6'2""",0,-,-,Accrington Stanley,Republic of Ireland
Tom Flanagan,57,CB,,0,2,3,60,29,41,34,59,63,"188cm | 6'2""",0,-,-,Milton Keynes Dons,England
Louis Moult,57,ST,,0,2,3,69,51,34,48,51,63,"184cm | 6'0""",0,-,-,Accrington Stanley,England
Antonio Rodríguez Dovale,57,RM,,0,3,3,69,52,51,64,42,57,"176cm | 5'9""",0,-,-,Real Club Celta de Vigo S.A.D.,Spain
Raúl Domínguez Carral,57,GK,,0,1,2,65,54,50,63,55,46,"181cm | 5'11""",0,-,-,Real Sporting de Gijón S.A.D.,Spain
Serge Nyuiadzi,57,ST,,0,3,3,66,60,33,55,39,57,"178cm | 5'10""",0,-,-,OGC Nice,France
Adolfo Enríquez García,57,CF,,0,3,3,69,55,38,55,39,60,"182cm | 6'0""",0,-,-,Villarreal Club de Fútbol “B” S.A.D.,Spain
Phil Walsh,57,ST,,0,2,3,66,53,36,41,59,73,"191cm | 6'3""",0,-,-,Dagenham and Redbridge,England
Josh Dawkin,57,RM,,0,2,3,67,37,51,65,39,35,"175cm | 5'9""",0,-,-,Norwich City,Wales
Kévin Malaga,57,CB,,0,2,3,54,35,43,38,59,55,"189cm | 6'2""",0,-,-,OGC Nice,France
Emre Turan,57,CB,,0,2,3,67,34,43,43,61,66,"185cm | 6'1""",0,-,-,Braunschweig,Turkey
David Estrada,57,CF,,0,3,3,72,57,45,61,36,42,"173cm | 5'8""",0,-,-,Seattle Sounders FC,United States
Lee Nicholls,57,GK,,0,1,3,59,56,52,59,50,58,"180cm | 5'11""",0,-,-,Wigan Athletic,England
Stephen Husband,57,CM,,0,2,3,58,47,57,54,60,63,"180cm | 5'11""",0,-,-,Blackpool,Scotland
Chris Lewington,57,GK,,0,1,3,66,51,48,69,60,48,"178cm | 5'10""",0,-,-,Dagenham and Redbridge,England
Francisco Navas Cobo,57,RM,,0,2,3,74,55,51,63,37,48,"178cm | 5'10""",0,-,-,Houston Dynamo,United States
Anthony Flood,57,ST,,0,2,3,65,53,40,55,40,68,"191cm | 6'3""",0,-,-,Bohemians FC,Republic of Ireland
Trent Sainsbury,57,RB,,0,2,3,60,41,51,30,61,62,"178cm | 5'10""",0,-,-,Central Coast Mariners FC,Australia
Ciaran Kilduff,57,ST,,0,2,3,71,54,33,54,45,68,"193cm | 6'4""",0,-,-,Shamrock Rovers,Republic of Ireland
Keith Ward,57,LM,,0,2,4,68,53,56,57,42,52,"178cm | 5'10""",0,-,-,Dundalk FC,Republic of Ireland
Luke Brattan,57,CM,,0,2,4,70,56,63,47,35,39,"175cm | 5'9""",0,-,-,Brisbane Roar Football Club,Australia
Jin Kyu Kang,57,CDM,,0,2,2,74,38,51,34,64,68,"175cm | 5'9""",0,-,-,Chunnam Dragons,Korea Republic
Hwang Il Soo,57,LM,,0,3,3,55,52,62,50,59,57,"173cm | 5'8""",0,-,-,Daegu FC,Korea Republic
René Felix,57,ST,,0,2,4,66,52,56,60,42,58,"179cm | 5'10""",0,-,-,SC Magna Wiener Neustadt,Austria
Sam Mantom,57,CM,,0,2,4,61,49,62,52,45,52,"175cm | 5'9""",0,-,-,West Bromwich Albion,England
Marco Königs,57,ST,,0,2,3,70,53,40,53,45,58,"189cm | 6'2""",0,-,-,Fortuna Düsseldorf,Germany
Christopher Sommerer,57,GK,,0,1,3,54,58,56,64,58,51,"187cm | 6'2""",0,-,-,FC Ingolstadt 04,Germany
Thomas Bergmann,57,RM,,0,2,3,76,52,51,64,53,46,"174cm | 5'9""",0,-,-,FC Wacker Innsbruck,Austria
Jordy van de Kracht,57,GK,,0,1,2,56,58,58,57,46,56,"180cm | 5'11""",0,-,-,De Graafschap,Netherlands
Cameron Park,57,LM,,0,2,3,71,45,50,61,38,47,"179cm | 5'10""",0,-,-,Barnsley,England
Lukas Hinterseer,57,CF,,0,2,3,63,57,49,58,53,63,"192cm | 6'4""",0,-,-,FC Wacker Innsbruck,Austria
Tim Melia,57,GK,,0,1,2,60,57,79,61,39,53,"185cm | 6'1""",0,-,-,Real Salt Lake,United States
Jung Hun Ha,57,CF,,0,3,2,68,57,47,60,47,64,"178cm | 5'10""",0,-,-,Gangwon FC,Korea Republic
Jung Joo Kim,57,CM,,0,2,3,64,54,63,59,50,64,"170cm | 5'7""",0,-,-,Gangwon FC,Korea Republic
Hea Kang Lee,57,CB,,0,2,3,62,32,42,25,63,55,"178cm | 5'10""",0,-,-,GyeongNam FC,Korea Republic
Sung Bin An,57,CF,,0,2,3,66,62,42,56,55,70,"178cm | 5'10""",0,-,-,GyeongNam FC,Korea Republic
Moises Hernandez,57,LB,,0,2,3,74,50,52,46,61,64,"185cm | 6'1""",0,-,-,FC Dallas,United States
Zac Thompson,57,CM,,0,2,3,63,44,62,55,54,38,"181cm | 5'11""",0,-,-,Leeds United,England
Aleksandar Stankov,57,ST,,0,2,3,67,54,31,54,48,57,"183cm | 6'0""",0,-,-,Roda JC,FYR Macedonia
Timo Kern,57,CAM,,0,2,3,71,58,54,65,40,49,"178cm | 5'10""",0,-,-,Karlsruher SC,Germany
Edson Edward,57,CB,,0,2,2,62,29,33,45,61,63,"183cm | 6'0""",0,-,-,FC Dallas,Canada
Ravel Morrison,57,CAM,,0,3,3,75,52,63,65,46,49,"180cm | 5'11""",0,-,-,Manchester United,England
Adam Thompson,57,RB,,0,2,3,60,30,54,52,58,57,"188cm | 6'2""",0,-,-,Brentford,Northern Ireland
Geoffrey Kondogbia,57,CDM,,0,2,2,59,37,49,57,59,65,"188cm | 6'2""",0,-,-,Racing Club de Lens,France
Philippe Davies,57,RM,,0,3,2,71,58,56,58,49,59,"183cm | 6'0""",0,-,-,Whitecaps FC,Canada
Kilian Pruschke,57,GK,,0,1,3,61,55,61,62,58,54,"181cm | 5'11""",0,-,-,1. FC Union Berliln,Germany
Stephen McLaughlin,57,LM,,0,3,3,63,48,57,61,36,51,"175cm | 5'9""",0,-,-,Derry City,Republic of Ireland
Conor Coady,57,CDM,,0,3,3,69,54,49,48,58,46,"184cm | 6'0""",0,-,-,Liverpool,England
Chris Korb,57,RB,,0,2,3,74,48,56,57,57,52,"175cm | 5'9""",0,-,-,D.C. United,United States
Konrad Warzycha,57,CAM,,0,2,1,63,58,48,59,59,65,"185cm | 6'1""",0,-,-,Kansas City Wizards,United States
Eddie Ababio,57,CB,,0,2,2,76,43,42,57,61,64,"180cm | 5'11""",0,-,-,Colorado Rapids,Ghana
Hee Sung Park,57,CM,,0,2,3,76,54,53,57,60,63,"170cm | 5'7""",0,-,-,GwangJu FC,Korea Republic
Kevin Taelemans,57,CB,,0,2,3,42,30,32,26,64,59,"190cm | 6'3""",0,-,-,Sint-Truidense VV,Belgium
Josh Ford,57,GK,,0,1,3,65,51,49,62,71,57,"185cm | 6'1""",0,-,-,Seattle Sounders FC,United States
Šaćir Hot,57,CB,,0,2,3,64,38,37,35,62,63,"185cm | 6'1""",0,-,-,New York Red Bulls,United States
Lloyd Palun,57,CDM,,0,3,3,64,47,48,53,64,56,"184cm | 6'0""",0,-,-,OGC Nice,Gabon
Korey Veeder,57,RB,,0,2,3,60,49,57,54,55,57,"180cm | 5'11""",0,-,-,Columbus Crew,United States
Bilal Duckett,57,CB,,0,2,2,47,44,38,45,62,56,"188cm | 6'2""",0,-,-,Whitecaps FC,United States
Jeb Brovsky,57,RB,,0,2,2,67,55,55,61,59,58,"185cm | 6'1""",0,-,-,Whitecaps FC,United States
Chris Taylor,57,LB,,0,2,2,55,24,52,53,64,58,"185cm | 6'1""",0,-,-,Portland,United States
Alex Riggs,57,GK,,0,1,2,53,58,55,62,40,55,"193cm | 6'4""",0,-,-,Columbus Crew,United States
Bo Kyung Choi,57,CB,,0,2,3,57,42,52,38,58,56,"184cm | 6'0""",0,-,-,Ulsan Hyundai Horang-i,Korea Republic
Sun Kyu Kim,57,GK,,0,1,3,50,55,61,63,44,61,"185cm | 6'1""",0,-,-,GyeongNam FC,Korea Republic
Jin Ho Choi,57,CF,,0,3,3,64,55,47,58,55,61,"170cm | 5'7""",0,-,-,Busan I'Park,Korea Republic
Tae Woong Park,57,CM,,0,2,4,74,51,54,55,51,56,"170cm | 5'7""",0,-,-,Gangwon FC,Korea Republic
Ashtone Morgan,57,LB,,0,2,3,77,37,51,56,60,49,"180cm | 5'11""",0,-,-,Toronto FC,Canada
Matt Stinson,57,CM,,0,2,3,64,48,52,57,56,49,"178cm | 5'10""",0,-,-,Toronto FC,Canada
Ismaël Diomandé,57,CDM,,0,2,3,65,32,55,55,57,59,"175cm | 5'9""",0,-,-,A.S. Saint-Etienne,Ivory Coast
Jan Washausen,57,CDM,,0,2,3,64,35,50,38,62,49,"185cm | 6'1""",0,-,-,Braunschweig,Germany
Thomas Bertels,57,LB,,0,2,2,47,57,46,55,58,64,"193cm | 6'4""",0,-,-,SC Paderborn 07,Germany
Richard Windbichler,57,CB,,0,2,3,63,21,35,28,61,56,"181cm | 5'11""",0,-,-,Admira,Austria
Mario Pollhammer,57,RB,,0,2,3,68,44,56,55,53,52,"180cm | 5'11""",0,-,-,SC Magna Wiener Neustadt,Austria
Martin Rodler,57,CB,,0,2,3,53,17,26,23,64,57,"189cm | 6'2""",0,-,-,SV Mattersburg,Austria
Tugrul Erat,57,ST,,0,2,3,61,59,41,59,47,53,"193cm | 6'4""",0,-,-,Fortuna Düsseldorf,Turkey
David Harrer,57,LB,,0,2,4,73,20,42,58,49,53,"171cm | 5'7""",0,-,-,KSV Superfund,Austria
Anton Forrester,57,ST,,0,3,3,61,55,39,52,40,46,"183cm | 6'0""",0,-,-,Everton,England
Pelle Jensen,57,CB,,0,2,3,62,44,44,45,63,57,"193cm | 6'4""",0,-,-,Hansa Rostock,Germany
Raphael Holzhauser,57,CM,,0,2,3,42,57,63,50,65,53,"193cm | 6'4""",0,-,-,VfB Stuttgart,Austria
Danijel Prskalo,57,ST,,0,2,4,53,55,40,54,53,60,"190cm | 6'3""",0,-,-,SC Magna Wiener Neustadt,Croatia
Marco D'Arsie,57,GK,,0,1,2,60,56,51,62,48,50,"184cm | 6'0""",0,-,-,Parma,Italy
Javier Gallardo Pérez,57,CM,,0,2,3,59,44,61,46,56,59,"185cm | 6'1""",0,-,-,Club Deportivo Numancia de Soria S.A.D. ,Spain
Alan Murphy,56,ST,,0,2,4,59,57,54,57,41,53,"174cm | 5'9""",0,-,-,Galway United,Republic of Ireland
Yves Deroff,56,RB,,0,2,3,52,40,55,50,61,63,"175cm | 5'9""",0,-,-,Angers SCO,France
Stephen Hunt,56,LB,,0,2,3,67,32,46,46,59,63,"185cm | 6'1""",0,-,-,Notts County,England
Paul Morgan,56,CB,,0,2,3,52,18,28,29,59,68,"183cm | 6'0""",0,-,-,Macclesfield Town,Northern Ireland
Ben May,56,ST,,0,2,4,43,56,40,46,45,64,"185cm | 6'1""",0,-,-,Stevenage FC,England
Kevin Maher,56,CM,,0,2,3,40,49,61,42,59,53,"183cm | 6'0""",0,-,-,Dagenham and Redbridge,Republic of Ireland
Lee Bullock,56,CM,,0,2,3,56,51,55,56,62,64,"183cm | 6'0""",0,-,-,Bradford City,England
Martinho Martins Mocana,56,LB,,0,3,4,84,48,58,62,54,55,"172cm | 5'8""",0,-,-,Neuchâtel Xamax,Mozambique
Graham Coughlan,56,CB,,0,2,3,30,16,25,19,68,64,"188cm | 6'2""",0,-,-,Southend United,Republic of Ireland
Ciarán Kelly,56,GK,,0,1,3,56,56,54,58,40,54,"188cm | 6'2""",0,-,-,Sligo Rovers,Republic of Ireland
Fernando Troyansky,56,RB,,0,2,5,64,32,41,56,63,59,"178cm | 5'10""",0,-,-,SC Magna Wiener Neustadt,Argentina
Stacy Long,56,CM,,0,4,3,74,46,51,59,58,63,"173cm | 5'8""",0,-,-,Stevenage FC,England
Jong Jin Park,56,CB,,0,2,5,72,32,42,51,63,51,"170cm | 5'7""",0,-,-,Daegu FC,Korea Republic
Dennis Oli,56,RW,,0,3,3,81,49,50,59,48,60,"183cm | 6'0""",0,-,-,Gillingham,England
Zbigniew Małkowski,56,GK,,0,1,2,58,50,57,61,21,55,"188cm | 6'2""",0,-,-,Korona Kielce,Poland
Peter Cherrie,56,GK,,0,1,3,57,56,59,57,25,55,"188cm | 6'2""",0,-,-,Dundalk FC,Scotland
Matthew Gregg,56,GK,,0,1,3,57,57,55,58,35,53,"190cm | 6'3""",0,-,-,Bray Wanderers,England
Jude Stirling,56,RB,,0,2,2,65,38,56,51,67,67,"188cm | 6'2""",0,-,-,Notts County,England
David Bird,56,CM,,0,2,3,66,42,62,46,63,58,"173cm | 5'8""",0,-,-,Cheltenham Town,England
Jacek Popek,56,LB,,0,2,3,60,50,58,52,60,59,"182cm | 6'0""",0,-,-,GKS Bełchatów,Poland
Nicolas Flegeau,56,LB,,0,2,4,58,37,54,37,55,66,"182cm | 6'0""",0,-,-,FC Istres Ouest Provence,France
John Russell,56,CM,,0,3,3,59,53,56,57,52,53,"176cm | 5'9""",0,-,-,Sligo Rovers,Republic of Ireland
Paul Obiefule,56,CM,,0,2,3,64,51,52,53,61,63,"184cm | 6'0""",0,-,-,Lillestrøm SK,Nigeria
Garry Richards,56,CB,,0,2,3,57,32,38,28,62,72,"191cm | 6'3""",0,-,-,Gillingham,England
Lee Bell,56,CDM,,0,2,3,60,43,47,45,61,61,"180cm | 5'11""",0,-,-,Crewe Alexandra,England
Emmet Friars,56,CB,,0,2,3,55,30,48,44,56,61,"186cm | 6'1""",0,-,-,Derry City,Northern Ireland
Iacopo La Rocca,56,CB,,0,2,3,53,42,54,48,60,62,"188cm | 6'2""",0,-,-,Grasshopper-Club,Italy
Sławomir Szeliga,56,CDM,,0,3,3,46,51,59,59,47,55,"181cm | 5'11""",0,-,-,Cracovia Kraków,Poland
Darren Quigley,56,GK,,0,1,2,54,53,53,62,55,56,"186cm | 6'1""",0,-,-,Bray Wanderers,Republic of Ireland
Robert Szczot,56,LM,,0,3,3,74,48,54,62,43,34,"176cm | 5'9""",0,-,-,Lodz,Poland
Maciej Szmatiuk,56,CB,,0,2,3,48,27,40,30,65,56,"190cm | 6'3""",0,-,-,GKS Bełchatów,Poland
Sergey Kuznetsov,56,CM,,0,2,3,59,49,50,58,65,67,"180cm | 5'11""",0,-,-,Krylya Sovetov Samara,Russia
Goran Karanovic,56,ST,,0,2,3,68,52,48,58,55,57,"185cm | 6'1""",0,-,-,Servette FC,Switzerland
Marc Sand,56,ST,,0,2,4,64,48,47,57,40,63,"180cm | 5'11""",0,-,-,KSV Superfund,Austria
Connor Smith,56,CAM,,0,2,3,64,52,53,59,44,46,"172cm | 5'8""",0,-,-,Watford,Republic of Ireland
Byron Moore,56,ST,,0,3,4,84,48,38,62,39,52,"175cm | 5'9""",0,-,-,Crewe Alexandra,England
Tail Schoonjans,56,CF,,0,2,3,58,52,48,64,45,50,"187cm | 6'2""",0,-,-,OHL,Belgium
Brian Shorthall,56,CB,,0,2,3,54,30,40,27,56,55,"178cm | 5'10""",0,-,-,St. Patrick's Athletic,Republic of Ireland
Rodrigo Lopez,56,CM,,0,3,3,58,54,58,65,41,47,"170cm | 5'7""",0,-,-,Portland,Mexico
Blake Wagner,56,LB,,0,2,3,61,55,54,54,62,63,"178cm | 5'10""",0,-,-,Real Salt Lake,United States
Hong Kyoo Cho,56,CB,,0,2,1,52,36,51,40,57,56,"185cm | 6'1""",0,-,-,Daejeon Citizen,Korea Republic
Rob Purdie,56,CM,,0,3,3,70,43,60,63,53,54,"173cm | 5'8""",0,-,-,Hereford,England
Chris Mitchell,56,RM,,0,2,2,68,38,64,39,55,69,"175cm | 5'9""",0,-,-,Bradford City,Scotland
John Dillon,56,CM,,0,2,3,58,54,57,52,53,55,"178cm | 5'10""",0,-,-,Sligo Rovers,England
Daniel Fanger,56,LB,,0,2,3,70,46,53,52,63,61,"190cm | 6'3""",0,-,-,FC Luzern,Switzerland
Krzysztof Król,56,LB,,0,2,3,64,47,51,47,59,59,"184cm | 6'0""",0,-,-,Bielsko-Biała,Poland
Tijan Jaiteh,56,CM,,0,3,3,64,52,52,61,58,60,"188cm | 6'2""",0,-,-,SK Brann,Gambia
Chris Dunn,56,GK,,0,1,2,63,59,30,67,56,41,"193cm | 6'4""",0,-,-,Coventry City,England
Pat Flynn,56,RB,,0,2,3,59,41,51,45,61,64,"188cm | 6'2""",0,-,-,Shamrock Rovers,Republic of Ireland
Ger O'Brien,56,RB,,0,2,2,66,38,42,37,58,59,"181cm | 5'11""",0,-,-,Bohemians FC,Republic of Ireland
Max Porter,56,CDM,,0,2,3,67,31,56,55,51,45,"178cm | 5'10""",0,-,-,AFC Wimbledon,England
Michał Zieliński,56,CF,,0,3,2,78,60,48,62,33,52,"185cm | 6'1""",0,-,-,Korona Kielce,Poland
Robert Bayly,56,CM,,0,2,3,55,56,50,50,56,56,"176cm | 5'9""",0,-,-,Bohemians FC,Republic of Ireland
Elliot Parish,56,GK,,0,1,1,65,54,45,62,53,45,"188cm | 6'2""",0,-,-,Aston Villa,England
Oliver Lancashire,56,CB,,0,2,3,52,22,31,26,61,60,"186cm | 6'1""",0,-,-,Walsall,England
Adrian Winter,56,RM,,0,2,2,76,50,56,54,56,60,"178cm | 5'10""",0,-,-,FC Luzern,Switzerland
Dominic Green,56,LM,,0,2,2,76,46,42,64,36,36,"168cm | 5'6""",0,-,-,Dagenham and Redbridge,England
Adam Yates,56,RB,,0,2,3,68,30,42,39,60,62,"178cm | 5'10""",0,-,-,Port Vale,England
Massimo Coda,56,ST,,0,2,3,55,51,36,49,42,46,"184cm | 6'0""",0,-,-,Bologna,Italy
Ross Atkins,56,GK,,0,1,2,60,60,57,56,45,50,"184cm | 6'0""",0,-,-,Burton Albion,England
Karl Moore,56,LM,,0,2,2,65,45,53,57,38,49,"172cm | 5'8""",0,-,-,Shamrock Rovers,Republic of Ireland
Mark Oxley,56,GK,,0,1,2,59,56,55,62,31,54,"191cm | 6'3""",0,-,-,Hull City,England
Marko Bajić,56,CM,,0,2,3,59,59,55,54,60,56,"183cm | 6'0""",0,-,-,Lechia Gdańsk,Serbia
Ben Hutchinson,56,ST,,0,2,2,61,56,32,54,42,67,"180cm | 5'11""",0,-,-,Kilmarnock,England
Jeroen Vanthournout,56,CDM,,0,2,3,61,41,48,44,60,61,"183cm | 6'0""",0,-,-,KVC Westerlo,Belgium
Aatif Chahechouhe,56,CAM,,0,2,3,60,43,54,62,36,44,"176cm | 5'9""",0,-,-,A.S. Nancy Lorraine,France
Mohamed Chalali,56,CF,,0,2,2,65,55,47,59,41,61,"177cm | 5'10""",0,-,-,Aberdeen,Algeria
Alexis Theodosiadis,56,LB,,0,2,3,75,54,56,59,55,62,"179cm | 5'10""",0,-,-,FSV Frankfurt,Greece
Jorge Larrosa Bolea,56,GK,,0,1,2,54,57,59,56,32,58,"181cm | 5'11""",0,-,-,Sociedad Deportiva Huesca S.A.D.,Spain
Alexandre Coeff,56,CM,,0,3,3,66,46,54,56,50,50,"185cm | 6'1""",0,-,-,Racing Club de Lens,France
Alassane Touré,56,RB,,0,2,3,66,22,55,43,58,58,"183cm | 6'0""",0,-,-,Racing Club de Lens,France
Geoffrey Lembet,56,GK,,0,1,3,56,57,60,61,39,52,"185cm | 6'1""",0,-,-,CS Sedan Ardennes,Central African Rep.
Michal Buchalik,56,GK,,0,1,3,57,52,56,56,28,55,"190cm | 6'3""",0,-,-,Lechia Gdańsk,Poland
Ian Daly,56,ST,,0,2,3,71,56,36,50,34,61,"183cm | 6'0""",0,-,-,St. Patrick's Athletic,Republic of Ireland
Michel Avanzini,56,RM,,0,2,4,69,49,52,56,57,53,"175cm | 5'9""",0,-,-,FC Lausanne,Switzerland
Robert Gucher,56,CM,,0,3,2,64,49,55,55,56,56,"184cm | 6'0""",0,-,-,KSV Superfund,Austria
Paolo Maino,56,CB,,0,2,2,52,34,34,45,63,75,"192cm | 6'4""",0,-,-,A. Leffe,Italy
Johan Pettersson,56,CM,,0,2,2,66,55,58,63,49,56,"182cm | 6'0""",0,-,-,GAIS,Sweden
Steward Ceus,56,GK,,0,1,2,62,53,53,68,39,46,"198cm | 6'6""",0,-,-,Colorado Rapids,United States
Adda Djeziri,56,RM,,0,3,3,75,49,42,65,49,49,"190cm | 6'3""",0,-,-,HB Køge,Denmark
Graeme Montgomery,56,LM,,0,2,3,72,50,51,57,46,56,"185cm | 6'1""",0,-,-,Aldershot Town,England
Amadou Sanyang,56,CDM,,0,2,3,74,48,44,51,61,60,"183cm | 6'0""",0,-,-,Seattle Sounders FC,Gambia
Da Hwon Jung,56,CM,,0,3,3,57,47,59,52,61,65,"180cm | 5'11""",0,-,-,GyeongNam FC,Korea Republic
Kern Miller,56,CB,,0,2,3,59,18,18,25,60,72,"177cm | 5'10""",0,-,-,Accrington Stanley,England
Weon Il Yoon,56,LB,,0,2,2,65,48,50,55,62,59,"182cm | 6'0""",0,-,-,Jeju United FC,Korea Republic
Giovani Casillas,56,CF,,0,3,4,72,53,47,61,40,52,"175cm | 5'9""",0,-,-,Guadalajara,Mexico
Matt Mundy,56,CB,,0,2,2,49,32,51,45,59,65,"183cm | 6'0""",0,-,-,Brisbane Roar Football Club,Australia
Shane Ferguson,56,LB,,0,2,3,77,50,54,76,50,48,"180cm | 5'11""",0,-,-,Newcastle United,Northern Ireland
Loïc Poujol,56,CDM,,0,2,3,54,31,50,45,62,58,"187cm | 6'2""",0,-,-,FC Sochaux-Montbéliard,France
Filip Kurto,56,GK,,0,1,3,49,59,42,67,59,51,"191cm | 6'3""",0,-,-,Wisła Kraków,Poland
Karl Darlow,56,GK,,0,1,2,54,56,54,58,32,56,"185cm | 6'1""",0,-,-,Nottingham Forest,England
Haris Seferovic,56,CF,,0,2,2,67,56,57,62,50,53,"185cm | 6'1""",0,-,-,Neuchâtel Xamax,Switzerland
Dean Marshall,56,RM,,0,3,4,71,48,51,57,41,49,"178cm | 5'10""",0,-,-,University College Dublin,Republic of Ireland
Conor Hourihane,56,CM,,0,3,3,67,47,53,61,40,52,"181cm | 5'11""",0,-,-,Plymouth Argyle,Republic of Ireland
Jack Hingert,56,RB,,0,2,4,72,36,60,48,56,53,"176cm | 5'9""",0,-,-,Brisbane Roar Football Club,Australia
Andreas Korte,56,LB,,0,2,3,69,47,59,54,52,56,"181cm | 5'11""",0,-,-,Alemannia Aachen,Germany
Michał Czekaj,56,CB,,0,2,2,56,44,51,50,66,45,"196cm | 6'5""",0,-,-,Wisła Kraków,Poland
Román Golobart,56,CB,,0,2,3,56,28,36,27,60,60,"192cm | 6'4""",0,-,-,Inverness Caledonian Thistle,Spain
Darryl Westlake,56,RB,,0,2,3,64,22,55,60,60,61,"175cm | 5'9""",0,-,-,Walsall,England
Danny Mills,56,ST,,0,2,3,65,53,41,64,48,67,"193cm | 6'4""",0,-,-,Peterborough United,England
Arnaud Mendy,56,CM,,0,2,3,67,47,55,53,59,60,"190cm | 6'3""",0,-,-,Macclesfield Town,Guinea Bissau
Matthew Foschini,56,RB,,0,2,3,61,21,42,38,56,59,"180cm | 5'11""",0,-,-,Melbourne Victory FC,Australia
Marcel Titsch-Rivero,56,CM,,0,2,3,64,45,58,56,56,62,"182cm | 6'0""",0,-,-,Eintracht Frankfurt,Germany
Shaun Jeffers,56,ST,,0,2,3,75,56,50,60,37,39,"185cm | 6'1""",0,-,-,Coventry City,England
Tom Bender,56,CB,,0,2,3,71,43,51,39,56,58,"191cm | 6'3""",0,-,-,Accrington Stanley,Wales
Oguzhan Kefkir,56,ST,,0,3,3,74,58,42,65,31,53,"175cm | 5'9""",0,-,-,VfL Bochum,Germany
Thomas Wils,56,CDM,,0,2,3,56,39,47,40,62,61,"185cm | 6'1""",0,-,-,Lierse SK,Belgium
Mark Griffin,56,ST,,0,2,3,63,55,48,57,37,55,"178cm | 5'10""",0,-,-,Dundalk FC,Republic of Ireland
Johnny Breen,56,ST,,0,2,2,72,53,42,56,44,56,"181cm | 5'11""",0,-,-,Dundalk FC,Republic of Ireland
Kévin Malcuit,56,RW,,0,3,3,81,54,41,56,43,50,"182cm | 6'0""",0,-,-,AS Monaco FC,France
Sam Gallagher,56,CB,,0,2,3,60,37,59,55,57,66,"181cm | 5'11""",0,-,-,Central Coast Mariners FC,Australia
Tommy Amphlett,56,ST,,0,2,3,80,55,47,54,42,44,"173cm | 5'8""",0,-,-,Perth Glory FC,Australia
Diogo Ferreira,56,RM,,0,2,3,63,58,46,63,54,55,"179cm | 5'10""",0,-,-,Melbourne Victory FC,Australia
Dominic Rau,56,CB,,0,2,1,62,29,31,37,63,49,"187cm | 6'2""",0,-,-,FC Erzgebirge Aue,Germany
Florent Cuvelier,56,CM,,0,2,3,68,54,52,64,56,49,"182cm | 6'0""",0,-,-,Stoke City,Belgium
Jesse Joronen,56,GK,,0,1,3,58,55,54,61,50,55,"182cm | 6'0""",0,-,-,Fulham,Finland
Derek Prendergast,56,CB,,0,2,2,54,29,33,23,61,64,"188cm | 6'2""",0,-,-,Bray Wanderers,Republic of Ireland
Magomed Mirzabekov,56,RM,,0,2,3,61,46,55,53,39,54,"168cm | 5'6""",0,-,-,Anzhi Makhachkala,Russia
Shamil Mirzaev,56,ST,,0,2,3,70,54,50,53,41,57,"175cm | 5'9""",0,-,-,Anzhi Makhachkala,Russia
Tufan Tosunoğlu,56,RW,,0,3,3,74,56,48,62,39,55,"180cm | 5'11""",0,-,-,FSV Frankfurt,Turkey
Vitus Eicher,56,GK,,0,1,3,54,58,52,59,61,54,"190cm | 6'3""",0,-,-,TSV 1860 München,Germany
Victor Pineda,56,RM,,0,3,3,69,54,51,61,38,47,"180cm | 5'11""",0,-,-,Chicago Fire,United States
Zacharie Boucher,56,GK,,0,1,3,63,51,52,65,56,48,"178cm | 5'10""",0,-,-,Havre Athletic Club,France
Jon Kempin,56,GK,,0,1,3,63,60,62,53,58,49,"185cm | 6'1""",0,-,-,Kansas City Wizards,United States
Patrick McEleney,56,ST,,0,2,3,71,55,37,54,39,54,"175cm | 5'9""",0,-,-,Derry City,Republic of Ireland
Francis Massampu,56,ST,,0,2,3,66,56,44,62,43,54,"178cm | 5'10""",0,-,-,Valenciennes FC,France
Steven Zellner,56,CM,,0,2,3,56,59,40,50,54,65,"186cm | 6'1""",0,-,-,1. FC Kaiserslautern,Germany
Jordan Garcia Calvete,56,CAM,,0,2,3,58,54,61,63,52,52,"180cm | 5'11""",0,-,-,Sint-Truidense VV,Belgium
Jonathan Schmid,56,RM,,0,3,3,64,41,54,62,43,47,"179cm | 5'10""",0,-,-,SC Freiburg,France
Conor Murphy,56,ST,,0,2,3,65,53,51,54,46,59,"179cm | 5'10""",0,-,-,Bray Wanderers,Republic of Ireland
Johannes Geis,56,CDM,,0,2,3,68,45,54,57,59,71,"181cm | 5'11""",0,-,-,SpVgg Greuther Fürth,Germany
Cameron Watson,56,RB,,0,2,3,60,45,57,50,61,58,"182cm | 6'0""",0,-,-,Adelaide United,Australia
Alan Koger,56,ST,,0,2,2,59,52,36,56,49,61,"188cm | 6'2""",0,-,-,New England Revolution,United States
Jong Hyun Yoo,56,CB,,0,2,3,53,61,59,28,70,68,"195cm | 6'5""",0,-,-,GwangJu FC,Korea Republic
Cian Bolger,56,CB,,0,2,2,60,29,30,29,62,70,"194cm | 6'4""",0,-,-,Bristol Rovers,Republic of Ireland
Josue Soto,56,RM,,0,2,4,70,54,51,57,50,58,"174cm | 5'9""",0,-,-,Houston Dynamo,United States
Fries Deschilder,56,CM,,0,2,3,54,48,50,67,49,49,"181cm | 5'11""",0,-,-,Club Brugge KV,Belgium
Josh Ruffels,56,CM,,0,2,3,60,43,57,56,51,42,"178cm | 5'10""",0,-,-,Coventry City,England
Thorsten Röcher,56,ST,,0,2,3,60,52,38,55,42,63,"181cm | 5'11""",0,-,-,SV Mattersburg,Austria
Daniel Keat,56,CM,,0,2,4,40,52,56,56,58,45,"180cm | 5'11""",0,-,-,Los Angeles Galaxy,New Zealand
Joe Newell,56,LM,,0,2,3,76,52,49,64,30,36,"180cm | 5'11""",0,-,-,Peterborough United,England
Richard Sánchez,56,GK,,0,1,2,65,49,60,56,51,53,"191cm | 6'3""",0,-,-,FC Dallas,Mexico
Kevin Ellis,56,RB,,0,2,2,71,54,54,57,58,68,"175cm | 5'9""",0,-,-,Kansas City Wizards,United States
Freddie Braun,56,CM,,0,2,2,59,52,53,57,60,68,"178cm | 5'10""",0,-,-,Portland,United States
Se Hyun Lim,56,RW,,0,2,3,68,51,49,57,49,51,"178cm | 5'10""",0,-,-,Seongnam Ilhwa Chunma,Korea Republic
Ji Hun Cho,56,CM,,0,2,3,64,59,61,58,50,48,"188cm | 6'2""",0,-,-,Suwon Samsung Bluewings,Korea Republic
Kyung Mo Shin,56,LW,,0,2,3,62,50,52,54,50,58,"177cm | 5'10""",0,-,-,Suwon Samsung Bluewings,Korea Republic
Tae Su Park,56,CB,,0,2,3,48,34,33,35,60,45,"185cm | 6'1""",0,-,-,Incheon United FC,Korea Republic
Zijian Bai,56,RW,,0,2,3,62,48,56,57,34,43,"175cm | 5'9""",0,-,-,Daejeon Citizen,China PR
Min Keun Park,56,CM,,0,2,3,58,58,56,60,50,55,"178cm | 5'10""",0,-,-,Daejeon Citizen,Korea Republic
Do Yeon Kim,56,CAM,,0,2,3,72,55,57,56,53,62,"174cm | 5'9""",0,-,-,Daejeon Citizen,Korea Republic
Jung Hoon Park,56,RM,,0,2,4,57,51,54,56,46,48,"180cm | 5'11""",0,-,-,Jeonbuk Hyundai Motors,Korea Republic
Oscar Cordon,56,CM,,0,2,3,64,49,52,63,56,55,"175cm | 5'9""",0,-,-,Toronto FC,Canada
Jake Barker-Daish,56,CAM,,0,2,4,72,42,45,57,45,41,"179cm | 5'10""",0,-,-,Gold Coast United,Australia
Otto Loewy,56,CB,,0,2,3,66,35,36,47,65,60,"178cm | 5'10""",0,-,-,New England Revolution,Liberia
Mehdi Lazaar,56,ST,,0,2,3,66,55,47,61,34,48,"178cm | 5'10""",0,-,-,Burnley,Belgium
Pierre-Baptiste Baherlé,56,CDM,,0,2,3,62,47,55,53,57,65,"178cm | 5'10""",0,-,-,U.S. Boulogne Cote D'Opale,France
Cameron Gayle,56,CB,,0,2,3,65,26,34,32,59,52,"180cm | 5'11""",0,-,-,West Bromwich Albion,England
Ryan Williams,56,RM,,0,3,3,71,48,44,63,35,34,"175cm | 5'9""",0,-,-,Portsmouth,Australia
Dean Bennett,55,CM,,0,2,3,32,52,57,48,59,61,"183cm | 6'0""",0,-,-,Dundalk FC,England
Andy Holt,55,LB,,0,2,2,41,48,46,36,64,75,"185cm | 6'1""",0,-,-,Northampton Town,England
Anthony Tonkin,55,LB,,0,2,3,51,18,38,39,61,57,"182cm | 6'0""",0,-,-,Oxford United FC,England
Paul Boertien,55,LB,,0,2,3,52,30,49,46,62,65,"178cm | 5'10""",0,-,-,Burton Albion,England
Lionel Pizzinat,55,CM,,0,2,3,49,55,52,58,55,54,"183cm | 6'0""",0,-,-,Servette FC,Switzerland
Graham Kavanagh,55,CM,,0,2,3,28,57,61,34,61,68,"178cm | 5'10""",0,-,-,Carlisle United,Republic of Ireland
Lewis Hunt,55,RB,,0,2,3,63,28,48,52,63,60,"180cm | 5'11""",0,-,-,Bradford City,England
Thierno Bah,55,CDM,,0,2,2,64,51,56,62,59,69,"175cm | 5'9""",0,-,-,FC Lausanne,Switzerland
Markus Böcskör,55,GK,,0,1,3,54,58,54,55,53,51,"184cm | 6'0""",0,-,-,SV Mattersburg,Austria
Chris Beardsley,55,ST,,0,2,2,64,49,46,54,54,60,"183cm | 6'0""",0,-,-,Stevenage FC,England
Chris Bennion,55,GK,,0,1,3,53,56,53,57,35,56,"188cm | 6'2""",0,-,-,St. Patrick's Athletic,Scotland
Ollie Cahill,55,LM,,0,3,3,55,50,51,56,50,52,"178cm | 5'10""",0,-,-,Bohemians FC,Republic of Ireland
Ryan Green,55,RB,,0,2,3,59,17,44,45,60,64,"173cm | 5'8""",0,-,-,Hereford,Wales
Paul Crowley,55,CDM,,0,2,3,55,42,52,38,57,56,"178cm | 5'10""",0,-,-,St. Patrick's Athletic,Republic of Ireland
Guadalupe Martínez,55,GK,,0,1,3,60,55,47,56,20,48,"189cm | 6'2""",0,-,-,Estudiantes Tecos,Mexico
Sean Kelly,55,CB,,0,2,3,53,46,52,44,60,59,"185cm | 6'1""",0,-,-,Galway United,Republic of Ireland
Joel Byrom,55,CM,,0,2,3,49,45,56,56,56,60,"183cm | 6'0""",0,-,-,Stevenage FC,England
Liam Davis,55,LB,,0,3,2,77,58,52,62,59,50,"175cm | 5'9""",0,-,-,Oxford United FC,England
Robert Duggan,55,GK,,0,1,2,55,55,52,57,47,55,"185cm | 6'1""",0,-,-,Drogheda United,Republic of Ireland
Andy Parrish,55,CB,,0,2,3,66,24,38,44,55,61,"183cm | 6'0""",0,-,-,Morecambe,England
Bastien Geiger,55,RB,,0,2,3,64,49,55,52,58,56,"178cm | 5'10""",0,-,-,Neuchâtel Xamax,Switzerland
Dean Howell,55,LB,,0,2,3,81,54,50,58,62,60,"185cm | 6'1""",0,-,-,Crawley Town,England
Jung Sik Park,55,CB,,0,2,2,36,48,46,46,57,61,"180cm | 5'11""",0,-,-,Gwangju Sangmu FC,Korea Republic
Alexandre Oukidja,55,GK,,0,1,2,57,55,56,52,48,60,"185cm | 6'1""",0,-,-,LOSC Lille Métropole,France
Philipp Steiner,55,CDM,,0,2,3,58,36,41,43,57,63,"181cm | 5'11""",0,-,-,SV Mattersburg,Austria
Dimitri Lesueur,55,CF,,0,2,2,73,55,48,48,45,60,"180cm | 5'11""",0,-,-,FC Istres Ouest Provence,France
Doug Loft,55,CM,,0,2,4,71,51,54,57,53,60,"183cm | 6'0""",0,-,-,Port Vale,England
Aaron Brown,55,CB,,0,2,3,66,22,34,42,66,49,"196cm | 6'5""",0,-,-,Aldershot Town,England
Oumar Sissoko,55,GK,,0,1,2,66,57,52,44,50,51,"187cm | 6'2""",0,-,-,FC Metz,Mali
Sébastien Wüthrich,55,LM,,0,2,2,66,44,54,55,52,53,"180cm | 5'11""",0,-,-,Neuchâtel Xamax,Switzerland
Martin Hansen,55,GK,,0,1,3,56,53,65,59,61,52,"188cm | 6'2""",0,-,-,Liverpool,Denmark
Anthony Moris,55,GK,,0,1,3,59,52,47,62,47,48,"184cm | 6'0""",0,-,-,Standard de Liège,Belgium
Kaid Mohamed,55,LW,,0,3,4,73,50,40,60,42,58,"183cm | 6'0""",0,-,-,Cheltenham Town,Wales
Michael Lang,55,CB,,0,2,3,57,50,51,45,59,62,"184cm | 6'0""",0,-,-,Grasshopper-Club,Switzerland
Joe Partington,55,CDM,,0,2,3,62,31,56,50,48,48,"180cm | 5'11""",0,-,-,Bournemouth,Wales
Callum Kennedy,55,LB,,0,2,3,69,17,55,51,59,56,"185cm | 6'1""",0,-,-,Swindon Town,England
Lloyd Macklin,55,RM,,0,2,3,86,23,46,64,36,35,"175cm | 5'9""",0,-,-,Torquay United,England
Antonio Lechuga Mateos,55,GK,,0,1,2,53,55,51,62,44,52,"193cm | 6'4""",0,-,-,Xerez Club Deportivo S.A.D.,Spain
Luke Murphy,55,CM,,0,2,3,70,37,53,51,49,54,"188cm | 6'2""",0,-,-,Crewe Alexandra,England
Markus Krauss,55,GK,,0,1,3,53,54,54,59,54,53,"195cm | 6'5""",0,-,-,Fortuna Düsseldorf,Germany
Mario Pacilli,55,RM,,0,2,3,75,48,35,59,44,58,"175cm | 5'9""",0,-,-,A. Leffe,Italy
Steven Deana,55,GK,,0,1,2,52,57,53,61,56,51,"188cm | 6'2""",0,-,-,FC Sion,Switzerland
David Cornell,55,GK,,0,1,3,54,55,58,59,47,52,"188cm | 6'2""",0,-,-,Hereford,Wales
Lyle Taylor,55,ST,,0,2,3,77,48,51,57,53,54,"188cm | 6'2""",0,-,-,Bournemouth,England
Danny Andrew,55,LB,,0,3,2,79,47,55,52,57,57,"180cm | 5'11""",0,-,-,Cheltenham Town,England
Patrick Kostner,55,GK,,0,1,3,55,56,55,58,35,54,"185cm | 6'1""",0,-,-,KSV Superfund,Austria
Yong Hoon Noh,55,CM,,0,2,3,65,53,52,54,55,50,"170cm | 5'7""",0,-,-,Daejeon Citizen,Korea Republic
Da Bin Kim,55,ST,,0,3,2,60,54,47,65,42,51,"182cm | 6'0""",0,-,-,Ulsan Hyundai Horang-i,Korea Republic
Josh Payne,55,CDM,,0,2,3,64,54,54,60,56,60,"183cm | 6'0""",0,-,-,Oxford United FC,England
Chris Shields,55,CM,,0,2,3,63,50,55,50,56,60,"188cm | 6'2""",0,-,-,Bray Wanderers,Republic of Ireland
Philipp Wendler,55,RM,,0,2,3,60,46,54,56,44,58,"193cm | 6'4""",0,-,-,KSV Superfund,Austria
Carl Pentney,55,GK,,0,1,2,64,50,45,68,26,45,"183cm | 6'0""",0,-,-,Colchester United,England
Valentino M. Fievet Mennesson,55,CF,,0,3,3,65,54,38,54,38,56,"184cm | 6'0""",0,-,-,Sociedad Deportiva Huesca S.A.D.,Spain
Rafal Gikiewicz,55,GK,,0,1,2,60,45,56,63,26,57,"190cm | 6'3""",0,-,-,Wrocław,Poland
Paul Pogba,55,CDM,,0,3,3,68,34,46,38,58,48,"180cm | 5'11""",0,-,-,Manchester United,France
Andrew Wiedeman,55,RB,,0,3,3,62,57,49,55,62,68,"180cm | 5'11""",0,-,-,FC Dallas,United States
Mike Seamon,55,CM,,0,3,3,66,54,54,59,63,65,"185cm | 6'1""",0,-,-,Seattle Sounders FC,United States
Conor Clifford,55,CM,,0,2,3,71,47,57,65,49,60,"182cm | 6'0""",0,-,-,Chelsea,Republic of Ireland
Jordan Mustoe,55,LB,,0,2,3,66,33,56,50,51,54,"180cm | 5'11""",0,-,-,Wigan Athletic,England
David McMillan,55,ST,,0,2,3,62,54,34,55,41,56,"180cm | 5'11""",0,-,-,St. Patrick's Athletic,Republic of Ireland
Graham Rusk,55,ST,,0,2,3,71,54,35,54,40,53,"179cm | 5'10""",0,-,-,University College Dublin,Republic of Ireland
Michael Leahy,55,CB,,0,2,3,55,24,24,24,58,64,"185cm | 6'1""",0,-,-,University College Dublin,Republic of Ireland
Suk Won Jang,55,RB,,0,2,2,58,41,60,50,59,55,"184cm | 6'0""",0,-,-,Seongnam Ilhwa Chunma,Korea Republic
Kyo Bin Kim,55,GK,,0,1,3,55,56,54,55,33,57,"193cm | 6'4""",0,-,-,Chunnam Dragons,Korea Republic
Ho Jung Choi,55,LM,,0,3,3,76,41,54,55,61,52,"182cm | 6'0""",0,-,-,Daegu FC,Korea Republic
Petar Franjic,55,CB,,0,2,2,64,30,43,28,60,60,"185cm | 6'1""",0,-,-,Melbourne Victory FC,Australia
Robbie Sinclair,55,RM,,0,3,3,72,46,49,61,47,59,"178cm | 5'10""",0,-,-,Stevenage FC,England
Connor Goldson,55,CB,,0,2,1,70,30,47,45,64,55,"191cm | 6'3""",0,-,-,Shrewsbury,England
Matthias Maak,55,CB,,0,2,3,50,33,48,48,64,59,"191cm | 6'3""",0,-,-,SC Magna Wiener Neustadt,Austria
Stefan Kolb,55,ST,,0,2,3,74,49,40,54,40,56,"183cm | 6'0""",0,-,-,SpVgg Greuther Fürth,Germany
Sharif Muhammad,55,CM,,0,2,2,48,43,58,58,49,55,"184cm | 6'0""",0,-,-,Anzhi Makhachkala,Russia
Daniel Schwabke,55,GK,,0,1,2,58,56,62,56,26,49,"192cm | 6'4""",0,-,-,1. FC Köln,Germany
Behnam Tayebi,55,RM,,0,3,4,74,54,51,60,44,60,"175cm | 5'9""",0,-,-,FSV Frankfurt,Iran
Sergej Schmik,55,RB,,0,2,3,71,45,55,58,54,58,"179cm | 5'10""",0,-,-,SC Paderborn 07,Germany
Steven Skrzybski,55,ST,,0,3,3,75,58,45,63,31,55,"173cm | 5'8""",0,-,-,1. FC Union Berliln,Germany
Ross Worner,55,GK,,0,1,3,57,54,53,64,28,51,"185cm | 6'1""",0,-,-,Aldershot Town,England
Stephen McDonnell,55,CAM,,0,2,3,62,50,55,51,42,51,"176cm | 5'9""",0,-,-,Dundalk FC,Republic of Ireland
Curtis Nelson,55,CB,,0,2,3,67,32,42,46,58,67,"183cm | 6'0""",0,-,-,Plymouth Argyle,England
Davy Armstrong,55,CM,,0,2,2,64,56,45,57,58,52,"178cm | 5'10""",0,-,-,Colorado Rapids,United States
Diego Jiménez López,55,CB,,0,2,3,57,29,39,30,58,59,"182cm | 6'0""",0,-,-,Villarreal Club de Fútbol “B” S.A.D.,Spain
Sergio Garabato Sastre,55,GK,,0,1,3,58,50,49,60,52,56,"187cm | 6'2""",0,-,-,Levante Unión Deportiva S.A.D.,Spain
Blair Adams,55,LB,,0,2,3,64,22,31,26,64,56,"180cm | 5'11""",0,-,-,Sunderland,England
Jackson Ramm,55,RB,,0,2,3,65,43,55,38,54,52,"182cm | 6'0""",0,-,-,Blackburn Rovers,England
Andre Wisdom,55,CB,,0,2,3,67,28,30,36,58,67,"186cm | 6'1""",0,-,-,Liverpool,England
Simon Zoller,55,ST,,0,2,3,71,57,48,61,38,52,"179cm | 5'10""",0,-,-,Karlsruher SC,Germany
Sang Jun Jo,55,GK,,0,1,2,56,55,57,56,23,59,"187cm | 6'2""",0,-,-,GwangJu FC,Korea Republic
Ryan Richter,55,RB,,0,2,3,59,58,52,55,64,66,"188cm | 6'2""",0,-,-,Philadelphia Union,United States
Mike Jones,55,LB,,0,2,2,64,40,49,53,62,64,"188cm | 6'2""",0,-,-,New York Red Bulls,United States
Christopher Forrester,55,RM,,0,2,3,73,40,49,56,34,39,"176cm | 5'9""",0,-,-,Bohemians FC,Republic of Ireland
Paraskevas Pantazopoulos,55,LB,,0,2,3,60,37,47,53,59,56,"183cm | 6'0""",0,-,-,Chicago Fire,Greece
Duck Il Kim,55,ST,,0,2,3,72,50,56,54,59,58,"178cm | 5'10""",0,-,-,Seongnam Ilhwa Chunma,Korea Republic
Il Koo Han,55,GK,,0,1,3,57,55,54,52,63,58,"194cm | 6'4""",0,-,-,FC Seoul,Korea Republic
Min Koo Kim,55,CF,,0,2,3,65,58,45,56,46,62,"184cm | 6'0""",0,-,-,Daegu FC,Korea Republic
Kee Hee Kim,55,CB,,0,2,3,69,37,45,37,59,53,"187cm | 6'2""",0,-,-,Daegu FC,Korea Republic
Ryan McBride,55,CB,,0,2,3,54,30,38,27,56,55,"179cm | 5'10""",0,-,-,Derry City,Republic of Ireland
Tosan Popo,55,CF,,0,2,3,70,51,46,62,48,69,"170cm | 5'7""",0,-,-,Charlton Athletic,England
Chez Isaac,55,CM,,0,2,3,60,41,51,62,56,46,"178cm | 5'10""",0,-,-,Watford,England
Fabian Baumgärtel,55,LB,,0,2,3,66,43,47,60,53,61,"182cm | 6'0""",0,-,-,SpVgg Greuther Fürth,Germany
Nikon El Maestro,55,CAM,,0,4,4,70,48,51,58,38,57,"175cm | 5'9""",0,-,-,SC Magna Wiener Neustadt,Serbia
Enes Uzun,55,CAM,,0,3,3,66,44,50,59,39,51,"168cm | 5'6""",0,-,-,VfL Bochum,Turkey
Jeron Al-Hazaimeh,55,CB,,0,2,3,56,34,36,39,63,48,"193cm | 6'4""",0,-,-,Fortuna Düsseldorf,Germany
Serkan Çiftçi,55,ST,,0,2,3,73,48,39,51,45,63,"180cm | 5'11""",0,-,-,SC Magna Wiener Neustadt,Austria
Zinho Gano,55,ST,,0,2,3,62,54,40,53,53,64,"193cm | 6'4""",0,-,-,Club Brugge KV,Belgium
Hendrik Van Crombrugge,55,GK,,0,1,2,57,52,53,62,61,49,"189cm | 6'2""",0,-,-,Sint-Truidense VV,Belgium
Johannes Brinkies,55,GK,,0,1,3,60,50,67,68,64,44,"186cm | 6'1""",0,-,-,Hansa Rostock,Germany
Ole Springer,55,GK,,0,1,2,52,56,51,61,48,51,"187cm | 6'2""",0,-,-,FC St. Pauli,Germany
Josh Meekings,55,CB,,0,2,2,69,26,28,43,58,68,"182cm | 6'0""",0,-,-,Inverness Caledonian Thistle,England
Simon Kroon,55,RM,,0,2,4,83,45,45,63,34,42,"179cm | 5'10""",0,-,-,Malmö FF,Sweden
Karlton Watson,55,CB,,0,2,3,60,33,32,40,55,68,"183cm | 6'0""",0,-,-,Nottingham Forest,England
Luciano Dompig,55,RW,,0,2,3,70,48,47,60,48,56,"184cm | 6'0""",0,-,-,KSV Cercle Brugge,Netherlands
Tore André Flo,54,ST,,0,2,3,34,58,49,61,48,56,"193cm | 6'4""",0,-,-,Sogndal,Norway
Ashley Westwood,54,CB,,0,2,2,47,26,39,40,62,57,"183cm | 6'0""",0,-,-,Northampton Town,England
Jamie Day,54,LM,,0,2,3,62,45,50,54,56,56,"176cm | 5'9""",0,-,-,Crawley Town,England
Gareth Stewart,54,GK,,0,1,3,45,62,59,61,47,54,"183cm | 6'0""",0,-,-,Yeovil Town,England
Julien Rodriguez,54,CB,,0,2,4,33,31,39,37,52,48,"182cm | 6'0""",0,-,-,Olympique de Marseille,France
Alan Connell,54,ST,,0,2,3,61,50,44,47,41,57,"180cm | 5'11""",0,-,-,Swindon Town,England
Jérôme Schneider,54,CB,,0,2,3,61,43,55,48,60,57,"182cm | 6'0""",0,-,-,Servette FC,Switzerland
Anthony Pulis,54,CM,,0,2,3,63,46,52,53,58,59,"178cm | 5'10""",0,-,-,Aldershot Town,Wales
David Mulligan,54,RB,,0,2,4,66,48,52,48,52,51,"173cm | 5'8""",0,-,-,Wellington Phoenix,New Zealand
Brian Gannon,54,CB,,0,2,2,34,37,52,46,53,56,"174cm | 5'9""",0,-,-,Drogheda United,Republic of Ireland
Alan McNally,54,CB,,0,2,3,54,39,46,39,55,58,"184cm | 6'0""",0,-,-,Drogheda United,Republic of Ireland
José Manuel Monteiro da Veiga,54,GK,,0,1,3,57,54,42,54,63,52,"185cm | 6'1""",0,-,-,Macclesfield Town,Cape Verde Islands
Joo Hwan Kim,54,RM,,0,2,3,61,47,49,57,57,51,"175cm | 5'9""",0,-,-,Gwangju Sangmu FC,Korea Republic
Giuseppe Caccavallo,54,LW,,0,3,3,71,52,34,44,43,48,"179cm | 5'10""",0,-,-,Grosseto,Italy
Peter Winn,54,LM,,0,2,3,88,45,45,54,36,49,"178cm | 5'10""",0,-,-,Stevenage FC,England
Derek Foran,54,CB,,0,2,3,34,28,20,31,57,55,"178cm | 5'10""",0,-,-,Sligo Rovers,Republic of Ireland
Jérôme Thiesson,54,RB,,0,2,3,65,45,53,52,60,63,"178cm | 5'10""",0,-,-,FC Luzern,Switzerland
Alexandre Morfaw,54,CM,,0,2,3,70,48,52,58,59,60,"183cm | 6'0""",0,-,-,Whitecaps FC,Cameroon
Nathaniel Wedderburn,54,CM,,0,2,3,53,50,57,47,63,56,"185cm | 6'1""",0,-,-,Northampton Town,England
John Mulroy,54,ST,,0,2,3,71,52,42,53,37,53,"176cm | 5'9""",0,-,-,Bray Wanderers,Republic of Ireland
Robbie Creevy,54,CM,,0,2,3,60,54,56,47,55,56,"180cm | 5'11""",0,-,-,University College Dublin,Republic of Ireland
Shaun Brisley,54,CB,,0,2,3,62,30,30,28,58,72,"188cm | 6'2""",0,-,-,Macclesfield Town,England
Łukasz Tymiński,54,CM,,0,2,2,60,50,50,59,48,43,"174cm | 5'9""",0,-,-,Jagiellonia Białystok,Poland
Darren Meenan,54,LM,,0,2,3,62,46,50,58,38,49,"175cm | 5'9""",0,-,-,University College Dublin,Northern Ireland
Shane O'Neill,54,ST,,0,2,3,60,52,33,55,37,54,"177cm | 5'10""",0,-,-,Bray Wanderers,Republic of Ireland
Nico Burchert,54,GK,,0,1,3,57,48,47,61,53,49,"192cm | 6'4""",0,-,-,SC Paderborn 07,Germany
Nathan Sherlock,54,CB,,0,2,2,40,30,47,33,57,60,"181cm | 5'11""",0,-,-,Sydney FC,Australia
Ryan Brooke,54,ST,,0,2,3,67,47,35,49,43,56,"185cm | 6'1""",0,-,-,Oldham Athletic,England
Geoffrey Ghesquière,54,LM,,0,2,3,61,45,52,54,49,49,"180cm | 5'11""",0,-,-,KV Kortrijk,Belgium
Neil Etheridge,54,GK,,0,1,2,64,55,56,52,44,47,"191cm | 6'3""",0,-,-,Fulham,Philippines
Dean Marić,54,CM,,0,2,4,65,44,53,56,55,56,"179cm | 5'10""",0,-,-,SK Sturm Graz,Austria
Eliot Richards,54,ST,,0,2,2,79,47,31,62,37,45,"179cm | 5'10""",0,-,-,Bristol Rovers,Wales
David Stephens,54,CB,,0,2,3,54,29,36,26,60,48,"193cm | 6'4""",0,-,-,Hibernian,Wales
Filippo Lombardi,54,GK,,0,1,2,55,45,50,65,44,50,"187cm | 6'2""",0,-,-,Bologna,Italy
Andrea Adamo,54,CB,,0,2,2,66,31,31,30,56,40,"174cm | 5'9""",0,-,-,Palermo,Italy
Wes Fletcher,54,ST,,0,2,3,64,48,39,60,39,62,"180cm | 5'11""",0,-,-,Accrington Stanley,England
Yado Mambo,54,CB,,0,2,3,71,19,20,27,57,62,"191cm | 6'3""",0,-,-,Charlton Athletic,England
Kirk Millar,54,RM,,0,3,3,67,38,47,62,40,51,"175cm | 5'9""",0,-,-,Oldham Athletic,Northern Ireland
Matthias Cuntz,54,CAM,,0,2,3,67,46,54,58,47,60,"184cm | 6'0""",0,-,-,Karlsruher SC,Germany
Dean Zambra,54,CM,,0,2,3,57,50,54,51,56,55,"177cm | 5'10""",0,-,-,Bray Wanderers,Republic of Ireland
Eoghan Osborne,54,LB,,0,2,3,61,39,52,52,54,55,"180cm | 5'11""",0,-,-,Dundalk FC,Republic of Ireland
Nathan Murphy,54,LB,,0,2,2,64,34,39,42,54,59,"179cm | 5'10""",0,-,-,Dundalk FC,Republic of Ireland
Bjørn Paulsen,54,CF,,0,2,3,55,57,39,51,47,59,"190cm | 6'3""",0,-,-,SønderjyskE,Denmark
Shane O'Connor,54,CB,,0,2,2,55,35,32,42,55,55,"178cm | 5'10""",0,-,-,Bray Wanderers,Republic of Ireland
Gerard Barron,54,GK,,0,1,2,54,52,53,58,33,52,"191cm | 6'3""",0,-,-,University College Dublin,Republic of Ireland
Paul Corry,54,CM,,0,2,3,60,51,58,44,54,62,"188cm | 6'2""",0,-,-,University College Dublin,Republic of Ireland
Peter McMahon,54,CAM,,0,2,2,61,52,54,52,52,53,"179cm | 5'10""",0,-,-,Drogheda United,Republic of Ireland
Sang Hee Park,54,CM,,0,3,3,65,50,56,56,55,51,"180cm | 5'11""",0,-,-,Seongnam Ilhwa Chunma,Korea Republic
Carlo Evertz,54,CAM,,0,2,3,57,51,51,59,40,46,"178cm | 5'10""",0,-,-,Sint-Truidense VV,Belgium
Neil Harney,54,CB,,0,2,2,53,35,33,29,54,56,"180cm | 5'11""",0,-,-,St. Patrick's Athletic,Republic of Ireland
Rubén Garcés Sobrevía,54,CB,,0,2,3,54,26,32,31,59,56,"180cm | 5'11""",0,-,-,Sociedad Deportiva Huesca S.A.D.,Spain
Michael Arnold,54,GK,,0,1,3,59,52,54,59,49,50,"187cm | 6'2""",0,-,-,FC Erzgebirge Aue,Germany
Harry Pell,54,CM,,0,2,2,70,45,54,61,55,61,"188cm | 6'2""",0,-,-,Hereford,England
Roland Müller,54,GK,,0,1,3,49,55,48,62,51,52,"180cm | 5'11""",0,-,-,MSV Duisburg,Germany
Adam Mitchell,54,CB,,0,2,3,55,30,36,30,56,58,"180cm | 5'11""",0,-,-,Bray Wanderers,Republic of Ireland
Pavel Verstraete,54,CB,,0,2,3,38,35,47,37,66,50,"196cm | 6'5""",0,-,-,SV Zulte-Waregem,Belgium
Karel Van Roose,54,CDM,,0,2,3,59,45,47,49,60,58,"186cm | 6'1""",0,-,-,KSV Cercle Brugge,Belgium
Jae Man Han,54,CF,,0,2,3,62,56,42,49,50,57,"178cm | 5'10""",0,-,-,Jeju United FC,Korea Republic
Markus Ziereis,54,ST,,0,2,3,74,51,38,54,40,60,"185cm | 6'1""",0,-,-,TSV 1860 München,Germany
Liam Moore,54,RB,,0,2,3,65,24,40,48,54,61,"176cm | 5'9""",0,-,-,Bradford City,England
Cyrus Christie,54,RB,,0,2,2,79,28,46,48,57,61,"182cm | 6'0""",0,-,-,Coventry City,England
Gael Bigirimana,54,CM,,0,2,3,75,34,56,57,47,41,"177cm | 5'10""",0,-,-,Coventry City,Burundi
Kieron Freeman,54,RB,,0,2,4,58,45,50,54,56,55,"184cm | 6'0""",0,-,-,Nottingham Forest,England
Conor Shanosky,54,CDM,,0,2,3,57,51,50,59,60,70,"193cm | 6'4""",0,-,-,D.C. United,United States
Tim Murray,54,GK,,0,1,2,56,54,58,56,52,52,"188cm | 6'2""",0,-,-,New England Revolution,United States
Camillo Ciano,54,LW,,0,3,3,72,61,36,59,45,47,"181cm | 5'11""",0,-,-,Grosseto,Italy
James Henry,54,CAM,,0,2,3,61,51,53,50,42,48,"176cm | 5'9""",0,-,-,Derry City,Republic of Ireland
Mathieu Deplagne,54,RB,,0,2,3,54,26,32,28,56,68,"180cm | 5'11""",0,-,-,Montpellier Hérault Sport Club,France
George Long,54,GK,,0,1,3,56,49,45,66,46,48,"183cm | 6'0""",0,-,-,Sheffield United,England
Ben Sippola,54,CDM,,0,2,3,71,59,52,63,50,48,"173cm | 5'8""",0,-,-,Columbus Crew,United States
Ryan Thomas,54,LB,,0,2,2,76,48,47,54,52,48,"175cm | 5'9""",0,-,-,Los Angeles Galaxy,United States
Dustin McCarty,54,CM,,0,2,3,59,51,52,56,52,46,"178cm | 5'10""",0,-,-,Los Angeles Galaxy,United States
Teddy Schneider,54,LB,,0,2,2,69,48,54,44,47,46,"168cm | 5'6""",0,-,-,New York Red Bulls,United States
Nick Van Belle,54,ST,,0,2,3,51,55,40,46,48,61,"192cm | 6'4""",0,-,-,Club Brugge KV,Belgium
Brian Sylvestre,54,GK,,0,1,1,53,51,68,64,61,48,"196cm | 6'5""",0,-,-,Whitecaps FC,United States
Joseph Dichiara,54,CDM,,0,2,3,59,45,53,47,61,56,"185cm | 6'1""",0,-,-,Krylya Sovetov Samara,Canada
Dong Nyck Lee,54,CB,,0,2,4,60,41,46,42,57,67,"184cm | 6'0""",0,-,-,FC Seoul,Korea Republic
Jong Gook Kim,54,CM,,0,2,3,60,62,59,58,50,55,"179cm | 5'10""",0,-,-,Ulsan Hyundai Horang-i,Korea Republic
Jae Il Lee,54,CM,,0,2,2,57,54,57,53,51,58,"174cm | 5'9""",0,-,-,Suwon Samsung Bluewings,Korea Republic
Jin Ho Sin,54,LM,,0,2,3,64,53,52,51,47,45,"177cm | 5'10""",0,-,-,Pohang Steelers,Korea Republic
Sun Kyu Paik,54,GK,,0,1,3,55,56,54,56,23,56,"189cm | 6'2""",0,-,-,Incheon United FC,Korea Republic
Jong Hyun Lee,54,LM,,0,2,3,58,51,58,42,51,60,"175cm | 5'9""",0,-,-,Incheon United FC,Korea Republic
Jae Hoon Ahn,54,LB,,0,2,4,54,35,33,35,61,43,"187cm | 6'2""",0,-,-,Daegu FC,Korea Republic
Han Been Yang,54,GK,,0,1,3,55,59,55,56,42,54,"194cm | 6'4""",0,-,-,Gangwon FC,Korea Republic
Jin Man Kim,54,CB,,0,2,2,66,28,33,41,60,60,"188cm | 6'2""",0,-,-,Daejeon Citizen,Korea Republic
Sang Hoon Jeon,54,LWB,,0,2,3,73,39,52,41,59,48,"175cm | 5'9""",0,-,-,Daejeon Citizen,Korea Republic
Darren Cole,54,RB,,0,2,3,57,22,48,51,64,39,"189cm | 6'2""",0,-,-,Rangers,Scotland
Conor Laerenbergh,54,ST,,0,2,3,68,52,44,58,42,62,"179cm | 5'10""",0,-,-,Germinal Beerschot,Belgium
Nicolas Caraux,54,GK,,0,1,2,59,52,60,56,43,52,"187cm | 6'2""",0,-,-,Racing Club de Lens,France
Antoine Jouan,54,LB,,0,2,3,54,29,51,42,54,57,"176cm | 5'9""",0,-,-,Clermont Foot Auvergne 63,France
Christian Cappek,54,LM,,0,3,3,62,60,52,56,47,60,"186cm | 6'1""",0,-,-,FC Erzgebirge Aue,Germany
Anthony O'Connor,54,CB,,0,2,3,56,24,34,32,60,47,"180cm | 5'11""",0,-,-,Blackburn Rovers,Republic of Ireland
Tom Weilandt,54,CAM,,0,2,4,68,53,54,56,57,48,"187cm | 6'2""",0,-,-,Hansa Rostock,Germany
Lucas Albrecht,54,ST,,0,2,4,59,55,38,54,47,57,"193cm | 6'4""",0,-,-,Hansa Rostock,Germany
Irfan Hadžić,54,ST,,0,2,3,58,50,38,52,42,56,"191cm | 6'3""",0,-,-,SV Zulte-Waregem,Bosnia Herzegovina
Christian Schlauri,53,LB,,0,2,3,64,45,50,54,55,57,"181cm | 5'11""",0,-,-,Servette FC,Switzerland
Błażej Telichowski,53,LB,,0,2,4,69,48,49,60,58,57,"187cm | 6'2""",0,-,-,Zagłębie Lubin,Poland
Mark O'Brien,53,CAM,,0,2,3,58,48,52,50,50,54,"177cm | 5'10""",0,-,-,Drogheda United,Republic of Ireland
Andreas Rauscher,53,CB,,0,2,3,48,32,40,39,58,61,"179cm | 5'10""",0,-,-,KSV Superfund,Austria
Philipp Gröblinger,53,GK,,0,1,3,53,56,51,52,43,54,"192cm | 6'4""",0,-,-,KSV Superfund,Austria
Kristof Maes,53,GK,,0,1,3,55,50,55,54,52,53,"190cm | 6'3""",0,-,-,Germinal Beerschot,Belgium
Jordan McMillan,53,RB,,0,3,2,53,27,50,39,53,61,"178cm | 5'10""",0,-,-,Rangers,Scotland
Jae Yong Cho,53,CB,,0,2,3,73,45,43,47,55,61,"183cm | 6'0""",0,-,-,Gwangju Sangmu FC,Korea Republic
Stephen Brennan,53,RB,,0,2,3,58,28,48,28,51,54,"179cm | 5'10""",0,-,-,Bray Wanderers,Republic of Ireland
Darren Murphy,53,CDM,,0,2,3,55,34,44,36,58,56,"183cm | 6'0""",0,-,-,Stevenage FC,Republic of Ireland
Daire Doyle,53,CM,,0,2,3,64,45,58,43,51,56,"180cm | 5'11""",0,-,-,Bray Wanderers,Republic of Ireland
Robbie Clarke,53,LB,,0,2,3,62,35,43,45,54,53,"178cm | 5'10""",0,-,-,Drogheda United,Republic of Ireland
Niclas Heimann,53,GK,,0,1,3,61,46,48,57,42,55,"194cm | 6'4""",0,-,-,FC Red Bull Salzburg,Germany
Cho Soo Hyuk,53,GK,,0,1,3,54,55,59,55,31,54,"188cm | 6'2""",0,-,-,FC Seoul,Korea Republic
Paul Sinnott,53,CB,,0,2,3,34,37,42,32,55,56,"182cm | 6'0""",0,-,-,Galway United,Republic of Ireland
Alex MacDonald,53,ST,,0,2,3,68,49,37,45,49,60,"170cm | 5'7""",0,-,-,Burnley,Scotland
Mark Byrne,53,CM,,0,2,3,75,47,51,55,53,52,"175cm | 5'9""",0,-,-,Barnet,Republic of Ireland
Sam Slocombe,53,GK,,0,1,3,56,54,53,60,44,48,"183cm | 6'0""",0,-,-,Scunthorpe United,England
Dane Massey,53,LB,,0,2,3,58,47,36,44,56,55,"181cm | 5'11""",0,-,-,Bray Wanderers,Republic of Ireland
David Webster,53,CB,,0,2,3,54,46,47,47,52,52,"178cm | 5'10""",0,-,-,Bray Wanderers,Republic of Ireland
Callum McManaman,53,LW,,0,2,4,66,49,46,55,35,32,"181cm | 5'11""",0,-,-,Wigan Athletic,England
Danny Shelley,53,RM,,0,3,3,70,45,46,53,51,55,"183cm | 6'0""",0,-,-,Crewe Alexandra,England
Kwang Hyun Lee,53,CB,,0,2,3,51,38,40,51,53,52,"183cm | 6'0""",0,-,-,Jeonbuk Hyundai Motors,Korea Republic
San Jung,53,GK,,0,1,3,52,54,48,58,48,52,"190cm | 6'3""",0,-,-,Seongnam Ilhwa Chunma,Korea Republic
Tae Hyun Chun,53,GK,,0,1,2,55,54,60,61,24,51,"195cm | 6'5""",0,-,-,Jeju United FC,Korea Republic
Jun U Kang,53,RB,,0,2,2,65,49,45,50,58,54,"186cm | 6'1""",0,-,-,Jeju United FC,Korea Republic
Nialle Rodney,53,ST,,0,3,3,78,47,28,55,40,49,"185cm | 6'1""",0,-,-,Bradford City,England
Bigambo Rochat,53,RB,,0,2,3,66,44,55,50,52,57,"175cm | 5'9""",0,-,-,Neuchâtel Xamax,Switzerland
Stefano Russo,53,GK,,0,1,2,52,53,48,55,50,54,"185cm | 6'1""",0,-,-,Inferiore,Italy
Nathaniel Jarvis,53,ST,,0,2,2,67,45,29,56,43,58,"183cm | 6'0""",0,-,-,Cardiff City,Wales
Moritz Nebel,53,CDM,,0,2,3,66,35,52,40,53,57,"178cm | 5'10""",0,-,-,FC Augsburg,Germany
Korede Aiyegbusi,53,RB,,0,2,2,76,42,50,48,57,61,"165cm | 5'5""",0,-,-,Kansas City Wizards,England
Paul Murphy,53,GK,,0,1,1,54,52,53,56,31,53,"183cm | 6'0""",0,-,-,Dundalk FC,Republic of Ireland
Sean Harding,53,RB,,0,2,2,54,30,45,37,60,59,"178cm | 5'10""",0,-,-,University College Dublin,Republic of Ireland
Ciaran Nangle,53,LB,,0,2,3,60,27,44,34,56,53,"173cm | 5'8""",0,-,-,University College Dublin,Republic of Ireland
Sean Houston,53,LB,,0,2,3,60,50,50,51,53,54,"179cm | 5'10""",0,-,-,Bray Wanderers,Republic of Ireland
Sung Kwan Kang,53,GK,,0,1,3,50,47,48,61,34,59,"184cm | 6'0""",0,-,-,Seongnam Ilhwa Chunma,Korea Republic
Gary Burke,53,ST,,0,2,3,71,52,30,51,35,51,"174cm | 5'9""",0,-,-,Bohemians FC,Republic of Ireland
Lee Dixon,53,RM,,0,2,3,64,41,48,56,38,46,"178cm | 5'10""",0,-,-,Bohemians FC,Republic of Ireland
Stephen Traynor,53,CM,,0,2,3,58,51,54,48,54,60,"184cm | 6'0""",0,-,-,Bohemians FC,Republic of Ireland
Richard Peniket,53,ST,,0,2,3,67,51,36,54,42,46,"191cm | 6'3""",0,-,-,Fulham,Wales
Robert Benson,53,ST,,0,2,3,64,51,42,52,39,53,"178cm | 5'10""",0,-,-,University College Dublin,Republic of Ireland
Luke Williams,53,ST,,0,2,2,61,53,38,59,45,44,"185cm | 6'1""",0,-,-,Middlesbrough,England
Maurice Trapp,53,LB,,0,2,3,66,41,53,56,56,52,"191cm | 6'3""",0,-,-,1. FC Union Berliln,Germany
David O'Connor,53,LB,,0,2,3,58,37,50,48,53,53,"183cm | 6'0""",0,-,-,University College Dublin,Republic of Ireland
Conor Winn,53,GK,,0,1,2,52,51,51,56,45,54,"197cm | 6'6""",0,-,-,Galway United,Republic of Ireland
Ross Perry,53,CB,,0,2,3,66,31,47,39,58,63,"183cm | 6'0""",0,-,-,Rangers,Scotland
Callum Harriott,53,LW,,0,2,3,84,42,41,66,44,51,"165cm | 5'5""",0,-,-,Charlton Athletic,England
Craig Sexton,53,GK,,0,1,2,53,52,50,56,26,52,"181cm | 5'11""",0,-,-,Bohemians FC,Republic of Ireland
Sung Min Kim,53,CF,,0,3,2,64,49,52,58,49,61,"175cm | 5'9""",0,-,-,GwangJu FC,Korea Republic
Thomas Boyle,53,CB,,0,2,2,34,31,25,29,60,58,"182cm | 6'0""",0,-,-,University College Dublin,Republic of Ireland
Keith Buckley,53,CM,,0,2,3,59,52,55,45,45,51,"177cm | 5'10""",0,-,-,Bohemians FC,Republic of Ireland
Steven Emory,53,CM,,0,2,2,53,58,51,53,50,69,"188cm | 6'2""",0,-,-,Colorado Rapids,United States
Jun Yub Kim,53,ST,,0,2,3,53,54,45,51,47,62,"178cm | 5'10""",0,-,-,Jeju United FC,Korea Republic
Jae Myung Sim,53,RM,,0,2,3,58,49,53,48,56,55,"181cm | 5'11""",0,-,-,Seongnam Ilhwa Chunma,Korea Republic
Kyung In Han,53,CF,,0,2,3,60,58,43,45,53,64,"180cm | 5'11""",0,-,-,GyeongNam FC,Korea Republic
Hoon Hee Hwang,53,CF,,0,3,3,69,51,55,53,53,66,"177cm | 5'10""",0,-,-,Daejeon Citizen,Korea Republic
Terry Kennedy,53,CB,,0,2,3,51,27,28,30,53,65,"189cm | 6'2""",0,-,-,Sheffield United,England
Pascal Gos,53,CB,,0,2,3,64,32,37,46,56,65,"183cm | 6'0""",0,-,-,Braunschweig,Germany
Marco Sahanek,53,RM,,0,2,4,77,42,56,45,46,55,"180cm | 5'11""",0,-,-,KSV Superfund,Austria
Remo Mally,53,RB,,0,2,4,63,41,43,46,62,68,"184cm | 6'0""",0,-,-,FK Austria Wien,Austria
Rohan Ince,53,CB,,0,2,3,60,26,34,23,60,40,"191cm | 6'3""",0,-,-,Chelsea,England
Dylan De Belder,53,ST,,0,2,3,63,53,43,58,40,62,"183cm | 6'0""",0,-,-,RAEC Mons,Belgium
Daniel Meadows,53,CM,,0,2,3,65,45,56,55,50,51,"181cm | 5'11""",0,-,-,Nottingham Forest,England
Sam Magri,53,RB,,0,2,4,64,28,50,52,53,58,"180cm | 5'11""",0,-,-,Portsmouth,England
Marius Johnsen,52,LB,,0,3,3,44,67,52,48,57,79,"185cm | 6'1""",0,-,-,Lillestrøm SK,Norway
Carl Tremarco,52,LB,,0,3,3,54,31,44,43,57,53,"180cm | 5'11""",0,-,-,Macclesfield Town,England
Hyung Sang Lee,52,LM,,0,3,5,68,40,49,55,30,38,"169cm | 5'7""",0,-,-,Daegu FC,Korea Republic
Gerard O'Callaghan,52,LM,,0,2,4,61,45,49,53,34,39,"166cm | 5'5""",0,-,-,University College Dublin,Republic of Ireland
Mark Hughes,52,CDM,,0,2,3,64,45,49,48,66,68,"178cm | 5'10""",0,-,-,Barnet,Northern Ireland
Adam Dugdale,52,CB,,0,2,3,65,33,29,28,58,63,"191cm | 6'3""",0,-,-,Crewe Alexandra,England
Ryan Gilligan,52,CM,,0,2,3,69,60,56,50,56,66,"178cm | 5'10""",0,-,-,Northampton Town,England
Vullnet Basha,52,CDM,,0,2,3,69,39,54,50,52,53,"174cm | 5'9""",0,-,-,Neuchâtel Xamax,Switzerland
Nathan Goris,52,GK,,0,1,3,56,55,54,49,53,46,"185cm | 6'1""",0,-,-,Lierse SK,Belgium
Branislav Miličević,52,LB,,0,2,3,68,47,49,42,53,54,"180cm | 5'11""",0,-,-,IK Start,Serbia
Matt Godden,52,ST,,0,2,2,66,48,40,56,34,60,"185cm | 6'1""",0,-,-,Scunthorpe United,England
Lewis Chalmers,52,CM,,0,2,3,65,37,52,49,58,64,"183cm | 6'0""",0,-,-,Macclesfield Town,England
Andrew Shinnie,52,CM,,0,3,3,61,43,52,59,48,66,"180cm | 5'11""",0,-,-,Inverness Caledonian Thistle,Scotland
Joe Oastler,52,RB,,0,2,3,73,35,46,39,56,62,"178cm | 5'10""",0,-,-,Torquay United,England
Eun Hoo Kim,52,CAM,,0,3,3,52,44,53,51,42,45,"174cm | 5'9""",0,-,-,Gangwon FC,Korea Republic
Paul Downing,52,CB,,0,2,3,65,38,53,41,53,61,"186cm | 6'1""",0,-,-,West Bromwich Albion,England
Mark Halstead,52,GK,,0,1,2,53,55,57,51,51,52,"191cm | 6'3""",0,-,-,Blackpool,England
Jóan Símun Edmundsson,52,CAM,,0,2,3,69,45,50,52,39,44,"182cm | 6'0""",0,-,-,Newcastle United,Faroe Islands
Mark McGinlay,52,GK,,0,1,2,52,54,51,55,40,52,"191cm | 6'3""",0,-,-,University College Dublin,Republic of Ireland
Boné Uaferro,52,CB,,0,2,4,60,36,42,44,56,54,"191cm | 6'3""",0,-,-,1. FC Union Berliln,Germany
Jonathan Cosgrove,52,ST,,0,2,3,66,49,39,54,37,45,"181cm | 5'11""",0,-,-,Fulham,Northern Ireland
Michael Esser,52,GK,,0,1,3,53,51,49,51,56,52,"198cm | 6'6""",0,-,-,VfL Bochum,Germany
Jasper Otte,52,GK,,0,1,3,54,56,55,57,60,39,"182cm | 6'0""",0,-,-,SV Zulte-Waregem,Belgium
David Cawley,52,CM,,0,2,3,64,47,53,49,53,52,"178cm | 5'10""",0,-,-,Galway United,Republic of Ireland
Alastair Taylor,52,RM,,0,2,2,81,34,42,57,41,42,"185cm | 6'1""",0,-,-,Barnsley,England
Graham Kelly,52,CM,,0,2,3,54,48,54,49,44,42,"171cm | 5'7""",0,-,-,Bray Wanderers,Republic of Ireland
Billy Bodin,52,LM,,0,2,2,74,47,35,60,36,46,"180cm | 5'11""",0,-,-,Torquay United,Wales
Stephen Doyle,52,RM,,0,2,3,62,42,47,54,39,49,"175cm | 5'9""",0,-,-,University College Dublin,Republic of Ireland
George Baldock,52,CM,,0,2,3,71,34,48,59,44,49,"177cm | 5'10""",0,-,-,Milton Keynes Dons,England
Christophe Bertjens,52,CAM,,0,2,3,66,47,51,56,46,54,"182cm | 6'0""",0,-,-,Sint-Truidense VV,Belgium
Aykut Özer,52,GK,,0,1,3,50,57,53,64,53,44,"189cm | 6'2""",0,-,-,Eintracht Frankfurt,Turkey
Gary Kelly,52,CM,,0,2,3,58,47,53,47,45,40,"175cm | 5'9""",0,-,-,Galway United,Republic of Ireland
Daniel McGuinness,52,ST,,0,2,3,64,49,34,52,31,48,"174cm | 5'9""",0,-,-,Bray Wanderers,Republic of Ireland
Nick Powell,52,CAM,,0,2,3,75,40,52,51,43,47,"183cm | 6'0""",0,-,-,Crewe Alexandra,England
Sean Stewart,52,RM,,0,2,3,63,44,48,54,36,47,"176cm | 5'9""",0,-,-,St. Patrick's Athletic,Republic of Ireland
Matt Doherty,52,RB,,0,2,3,59,37,40,45,52,64,"180cm | 5'11""",0,-,-,Wolverhampton Wanderers,Republic of Ireland
Gary Shaw,52,ST,,0,2,3,64,51,33,50,36,55,"178cm | 5'10""",0,-,-,Bray Wanderers,Republic of Ireland
Samir Belhout,52,ST,,0,2,3,64,50,37,51,37,51,"175cm | 5'9""",0,-,-,University College Dublin,Republic of Ireland
George Moncur,52,CDM,,0,2,3,68,34,51,46,52,52,"179cm | 5'10""",0,-,-,West Ham United,England
Arne Naudts,52,RW,,0,2,3,60,52,47,53,43,56,"186cm | 6'1""",0,-,-,KSV Cercle Brugge,Belgium
Roberto Lopes,52,CB,,0,2,3,53,32,38,27,52,54,"182cm | 6'0""",0,-,-,Bohemians FC,Republic of Ireland
Matty Harriott,52,CM,,0,2,3,72,40,49,60,47,51,"176cm | 5'9""",0,-,-,Sheffield United,Republic of Ireland
Rory Gartlan,52,RM,,0,2,3,60,47,50,51,46,51,"182cm | 6'0""",0,-,-,Galway United,Republic of Ireland
Cillian Morrison,52,ST,,0,2,3,61,47,34,47,42,63,"183cm | 6'0""",0,-,-,University College Dublin,Republic of Ireland
Eduardo Da Silva,52,CM,,0,2,2,57,47,52,47,54,55,"179cm | 5'10""",0,-,-,Galway United,Brazil
Jake Carroll,52,LB,,0,2,2,55,34,45,45,55,51,"183cm | 6'0""",0,-,-,St. Patrick's Athletic,Republic of Ireland
Oliver Hofmann,52,CAM,,0,3,3,69,52,50,56,42,59,"179cm | 5'10""",0,-,-,1. FC Union Berliln,Germany
Jong Sung Lee,52,CM,,0,2,3,60,49,53,53,49,52,"187cm | 6'2""",0,-,-,Suwon Samsung Bluewings,Korea Republic
Dong Min Yoon,52,CF,,0,2,3,60,52,47,47,53,46,"176cm | 5'9""",0,-,-,Busan I'Park,Korea Republic
Woong Hee Lee,52,RB,,0,2,3,65,28,26,31,59,62,"182cm | 6'0""",0,-,-,Daejeon Citizen,Korea Republic
Joo Hyung Kim,52,LW,,0,2,3,60,48,53,48,48,53,"180cm | 5'11""",0,-,-,Daejeon Citizen,Korea Republic
Marcel Franke,52,CB,,0,2,3,55,24,43,25,57,51,"193cm | 6'4""",0,-,-,Dynamo Dresden,Germany
James Jeggo,52,CF,,0,2,2,73,50,51,52,33,35,"179cm | 5'10""",0,-,-,Melbourne Victory FC,Australia
Gavin Colton,52,CB,,0,2,3,33,29,37,25,53,54,"178cm | 5'10""",0,-,-,University College Dublin,Republic of Ireland
Christopher Tvrdy,52,CF,,0,2,3,66,46,48,51,45,60,"182cm | 6'0""",0,-,-,SC Magna Wiener Neustadt,Austria
Tobias Henneböle,52,CB,,0,2,3,50,34,41,42,58,54,"191cm | 6'3""",0,-,-,FSV Frankfurt,Germany
Maximilian Sax,52,ST,,0,2,3,70,47,37,48,43,60,"179cm | 5'10""",0,-,-,Admira,Austria
Yohan Betsch,52,CDM,,0,2,3,50,36,43,48,58,54,"185cm | 6'1""",0,-,-,FC Metz,France
Christian Sørensen,52,LM,,0,2,3,64,44,47,52,42,54,"177cm | 5'10""",0,-,-,Odense Boldklub,Denmark
Fabian Fritsche,52,RB,,0,2,3,68,42,49,63,49,54,"180cm | 5'11""",0,-,-,1. FC Union Berliln,Germany
Franck Matondo,52,ST,,0,2,3,66,49,45,49,44,56,"183cm | 6'0""",0,-,-,KSV Superfund,Hungary
Günther Arnberger,52,GK,,0,1,3,57,49,46,51,45,50,"183cm | 6'0""",0,-,-,FK Austria Wien,Austria
Jack Grimmer,52,CM,,0,2,3,65,47,55,56,42,48,"181cm | 5'11""",0,-,-,Aberdeen,Scotland
Bas Savage,51,ST,,0,2,3,65,51,49,58,53,59,"191cm | 6'3""",0,-,-,Northampton Town,England
Mark Langtry,51,LB,,0,2,3,59,41,47,52,57,55,"183cm | 6'0""",0,-,-,University College Dublin,Republic of Ireland
Yong Nam Kwon,51,CB,,0,2,3,50,50,43,48,52,52,"174cm | 5'9""",0,-,-,Jeju United FC,Korea Republic
Brian Kane,51,GK,,0,1,2,54,50,51,49,32,52,"188cm | 6'2""",0,-,-,Bray Wanderers,Republic of Ireland
Harry Hooman,51,CB,,0,2,2,61,16,30,21,55,59,"191cm | 6'3""",0,-,-,Cheltenham Town,England
Stephen Last,51,CB,,0,2,2,34,28,30,25,54,56,"183cm | 6'0""",0,-,-,Bray Wanderers,Republic of Ireland
Evgeniy Bashkirov,51,CM,,0,2,2,62,49,55,53,46,51,"175cm | 5'9""",0,-,-,Zenit St. Petersburg,Russia
Callum Wilson,51,ST,,0,2,3,73,48,35,48,38,40,"180cm | 5'11""",0,-,-,Coventry City,England
Alexander Aschauer,51,ST,,0,2,4,53,48,34,43,42,61,"190cm | 6'3""",0,-,-,VfB Stuttgart,Austria
Patrick Sonntag,51,ST,,0,2,3,73,47,40,57,33,55,"184cm | 6'0""",0,-,-,FC Erzgebirge Aue,Germany
Murad Kurbanov,51,CB,,0,2,3,68,21,45,32,48,53,"174cm | 5'9""",0,-,-,Anzhi Makhachkala,Russia
Nikolas Proesmans,51,CAM,,0,2,3,59,46,48,55,47,45,"178cm | 5'10""",0,-,-,Sint-Truidense VV,Belgium
Benji Commers,51,LB,,0,2,3,61,41,46,41,49,46,"181cm | 5'11""",0,-,-,Sint-Truidense VV,Belgium
Philip Malinowski,51,RM,,0,2,3,70,52,49,58,38,52,"182cm | 6'0""",0,-,-,1. FC Union Berliln,Germany
Thomas Kind Bendiksen,51,CAM,,0,2,3,62,45,46,51,56,59,"180cm | 5'11""",0,-,-,Rangers,Norway
Ethan Ebanks-Landell,51,CM,,0,3,2,71,40,44,53,60,63,"169cm | 5'7""",0,-,-,Wolverhampton Wanderers,England
Haeng Seok Noh,51,LB,,0,2,3,69,47,34,24,63,38,"185cm | 6'1""",0,-,-,GwangJu FC,Korea Republic
Michael Harriman,51,CB,,0,2,2,67,20,26,22,54,66,"175cm | 5'9""",0,-,-,Queens Park Rangers,Republic of Ireland
Andrew Sousa,51,RM,,0,3,3,57,45,51,53,47,60,"183cm | 6'0""",0,-,-,New England Revolution,United States
Ben McKenna,51,RM,,0,2,3,64,37,47,53,39,42,"180cm | 5'11""",0,-,-,Carlisle United,Northern Ireland
Daniel Ledwith,51,LM,,0,2,2,61,47,48,52,40,49,"175cm | 5'9""",0,-,-,University College Dublin,Republic of Ireland
Darragh Duggan,51,ST,,0,2,3,55,49,49,50,44,54,"186cm | 6'1""",0,-,-,Galway United,Republic of Ireland
Jung Hun Kang,51,CF,,0,3,3,55,50,50,54,46,51,"176cm | 5'9""",0,-,-,FC Seoul,Korea Republic
Jung Seok Jeong,51,ST,,0,2,3,52,52,46,50,45,47,"190cm | 6'3""",0,-,-,Pohang Steelers,Korea Republic
Jin Hwan Kim,51,CB,,0,2,3,54,33,33,27,54,52,"186cm | 6'1""",0,-,-,Gangwon FC,Korea Republic
Gianluca Korte,51,ST,,0,2,3,73,51,42,54,33,56,"177cm | 5'10""",0,-,-,Braunschweig,Germany
Mickaël Caradec,51,GK,,0,1,3,52,45,42,58,50,54,"189cm | 6'2""",0,-,-,La Berrichonne de Châteauroux,France
Nick Ansell,51,CB,,0,2,2,65,31,49,37,48,54,"182cm | 6'0""",0,-,-,Melbourne Victory FC,Australia
Bob Harris,50,LB,,0,2,3,48,36,39,53,51,55,"168cm | 5'6""",0,-,-,Blackpool,Scotland
Tommy Forecast,50,GK,,0,1,3,51,49,52,48,61,49,"198cm | 6'6""",0,-,-,Southampton,England
David Hogan,50,GK,,0,1,3,50,58,38,47,56,52,"183cm | 6'0""",0,-,-,Dagenham and Redbridge,England
Charlie Clough,50,CM,,0,2,3,62,38,45,42,55,39,"183cm | 6'0""",0,-,-,Bristol Rovers,England
Ben Tozer,50,CB,,0,2,2,64,52,47,48,65,66,"185cm | 6'1""",0,-,-,Northampton Town,England
Mike Gomes,50,RB,,0,2,3,62,48,46,54,58,55,"182cm | 6'0""",0,-,-,Neuchâtel Xamax,Switzerland
Mickaël Facchinetti,50,LB,,0,2,3,64,40,45,52,53,54,"183cm | 6'0""",0,-,-,Neuchâtel Xamax,Switzerland
Fraser Franks,50,CB,,0,2,3,62,31,39,41,56,60,"185cm | 6'1""",0,-,-,AFC Wimbledon,England
Vinny Mukendi,50,ST,,0,3,3,77,41,24,42,40,63,"188cm | 6'2""",0,-,-,Macclesfield Town,Congo
Kayne McLaggon,50,ST,,0,2,3,80,44,34,57,30,30,"178cm | 5'10""",0,-,-,Bristol Rovers,Wales
Eric Niendorf,50,GK,,0,1,3,52,51,63,58,50,41,"190cm | 6'3""",0,-,-,1. FC Union Berliln,Germany
Nathan Thompson,50,RB,,0,2,2,67,16,35,22,51,62,"170cm | 5'7""",0,-,-,Swindon Town,England
Dan Thomas,50,GK,,0,1,3,57,47,48,57,51,41,"188cm | 6'2""",0,-,-,Bournemouth,England
Steven Swinglehurst,50,CB,,0,2,3,62,23,49,46,49,61,"178cm | 5'10""",0,-,-,Carlisle United,England
Danny Fallon,50,CAM,,0,2,3,55,46,53,46,45,52,"183cm | 6'0""",0,-,-,University College Dublin,Republic of Ireland
Jamie Paterson,50,ST,,0,2,4,76,47,38,59,32,51,"175cm | 5'9""",0,-,-,Walsall,England
Chi Joon Lee,50,RB,,0,2,3,74,40,55,37,55,55,"173cm | 5'8""",0,-,-,Seongnam Ilhwa Chunma,Korea Republic
Ho Jeong Jeong,50,CB,,0,2,3,74,36,43,37,54,52,"180cm | 5'11""",0,-,-,Seongnam Ilhwa Chunma,Korea Republic
Stefan Pointner,50,GK,,0,1,3,49,49,45,50,37,53,"185cm | 6'1""",0,-,-,SV Josko Fenst. Ried,Austria
Eun Seong Koh,50,RB,,0,2,2,58,27,32,36,62,50,"173cm | 5'8""",0,-,-,GwangJu FC,Korea Republic
Christopher Wernitznig,50,LM,,0,2,3,67,39,40,55,53,42,"179cm | 5'10""",0,-,-,FC Wacker Innsbruck,Austria
Chris Kettings,50,GK,,0,1,2,54,49,46,54,48,49,"191cm | 6'3""",0,-,-,Blackpool,England
Bryan De la Fuente,50,CM,,0,3,2,55,51,42,55,54,56,"180cm | 5'11""",0,-,-,Club Deportivo Chivas USA,United States
Ji Hwan Kim,50,GK,,0,1,3,51,55,59,48,32,50,"186cm | 6'1""",0,-,-,Busan I'Park,Korea Republic
Sean Russell,50,LM,,0,2,3,59,50,47,51,47,50,"178cm | 5'10""",0,-,-,University College Dublin,Republic of Ireland
Chris Jones,50,RB,,0,2,3,53,37,40,39,54,56,"183cm | 6'0""",0,-,-,Derby County,England
Alexander Ujma,50,RB,,0,2,3,72,49,43,60,45,56,"173cm | 5'8""",0,-,-,FSV Frankfurt,Germany
Mark Logan,50,RB,,0,2,2,54,30,40,44,49,50,"178cm | 5'10""",0,-,-,St. Patrick's Athletic,Republic of Ireland
John Kelly,50,GK,,0,1,2,54,49,50,51,38,50,"193cm | 6'4""",0,-,-,University College Dublin,Republic of Ireland
Neill Byrne,50,CB,,0,2,2,59,25,30,31,52,58,"190cm | 6'3""",0,-,-,Nottingham Forest,Republic of Ireland
Ruben Ketels,50,CM,,0,2,3,58,50,54,53,46,51,"178cm | 5'10""",0,-,-,Sporting Lokeren OV,Belgium
Luke O'Dea,50,ST,,0,2,3,74,50,43,54,26,36,"178cm | 5'10""",0,-,-,Melbourne Victory FC,Australia
Lionel Gendarme,49,LB,,0,2,3,49,45,51,44,56,48,"186cm | 6'1""",0,-,-,OHL,Belgium
Peter Murphy,49,RB,,0,2,3,70,22,39,36,54,56,"183cm | 6'0""",0,-,-,Accrington Stanley,England
Martin Grasegger,49,RB,,0,2,3,65,23,36,43,49,52,"180cm | 5'11""",0,-,-,SV Josko Fenst. Ried,Austria
Jayden Stockley,49,ST,,0,2,2,74,43,32,35,42,44,"188cm | 6'2""",0,-,-,Bournemouth,England
Andy Rafferty,49,GK,,0,1,2,54,42,49,62,26,44,"178cm | 5'10""",0,-,-,Hartlepool United,England
Philip Semlits,49,RM,,0,2,3,68,40,47,54,54,60,"180cm | 5'11""",0,-,-,VfL Bochum,Germany
Ben Gibson,49,CB,,0,2,3,55,23,27,26,52,57,"182cm | 6'0""",0,-,-,Plymouth Argyle,England
James Severn,49,GK,,0,1,3,50,49,51,57,32,41,"184cm | 6'0""",0,-,-,Derby County,England
Rory Kelly,49,GK,,0,1,2,51,48,44,54,34,49,"179cm | 5'10""",0,-,-,Derry City,Republic of Ireland
Freddie Warren,49,CM,,0,2,3,61,35,38,50,50,45,"178cm | 5'10""",0,-,-,Charlton Athletic,England
Won Woo Ryu,49,GK,,0,1,3,48,50,52,50,35,50,"185cm | 6'1""",0,-,-,Chunnam Dragons,Korea Republic
Dae Yeol Kim,49,RM,,0,2,4,59,42,53,43,43,56,"177cm | 5'10""",0,-,-,Daegu FC,Korea Republic
Derrick Williams,49,CB,,0,2,2,54,24,21,24,54,52,"180cm | 5'11""",0,-,-,Aston Villa,Republic of Ireland
Tony Caig,48,GK,,0,1,2,46,60,57,35,65,49,"181cm | 5'11""",0,-,-,Carlisle United,England
Ryan Blake,48,LB,,0,2,2,73,19,34,27,52,55,"179cm | 5'10""",0,-,-,Brentford,Northern Ireland
Ben Davisson,48,LM,,0,2,3,69,30,41,45,42,47,"170cm | 5'7""",0,-,-,Charlton Athletic,England
Paul Johnson,48,CB,,0,2,2,46,25,25,35,54,62,"185cm | 6'1""",0,-,-,Hartlepool United,England
Bruno Pilatos,48,CM,,0,2,3,72,32,51,51,57,52,"182cm | 6'0""",0,-,-,Middlesbrough,England
Brecht Van der Beke,48,CM,,0,2,3,66,47,49,46,50,64,"179cm | 5'10""",0,-,-,KSV Cercle Brugge,Belgium
Tom Barkhuizen,48,ST,,0,3,3,65,44,35,45,31,54,"178cm | 5'10""",0,-,-,Hereford,England
Michael McCrudden,48,CM,,0,2,3,54,49,50,52,33,48,"177cm | 5'10""",0,-,-,Derry City,Northern Ireland
Hyun Jae Joo,48,CB,,0,2,3,52,20,22,21,54,41,"180cm | 5'11""",0,-,-,Incheon United FC,Korea Republic
Louis Harris,48,CM,,0,2,3,61,33,55,52,43,63,"180cm | 5'11""",0,-,-,Wolverhampton Wanderers,England
Krzysztof Wołczek,47,LB,,0,2,2,32,34,41,40,46,61,"180cm | 5'11""",0,-,-,Wrocław,Poland
Steven Kinniburgh,47,CM,,0,3,2,68,28,44,47,49,43,"182cm | 6'0""",0,-,-,Oxford United FC,Scotland
Adrien Saussez,47,GK,,0,1,2,49,44,51,49,32,45,"182cm | 6'0""",0,-,-,RAEC Mons,Belgium
Grant Adam,47,GK,,0,1,3,53,48,47,44,43,41,"185cm | 6'1""",0,-,-,Rangers,Scotland
Jordan Cousins,47,RB,,0,2,3,79,26,47,37,54,60,"177cm | 5'10""",0,-,-,Charlton Athletic,England
Jung Min Yang,47,ST,,0,2,3,54,49,48,48,47,53,"179cm | 5'10""",0,-,-,Gangwon FC,Korea Republic
Caspar Hughes,47,CAM,,0,2,3,73,35,39,51,33,43,"170cm | 5'7""",0,-,-,Crewe Alexandra,England
James Knowles,47,CM,,0,2,3,45,48,63,50,42,41,"180cm | 5'11""",0,-,-,Blackburn Rovers,Northern Ireland
Peter Hawlik,47,CM,,0,2,3,68,34,47,47,42,54,"171cm | 5'7""",0,-,-,SV Mattersburg,Austria
Mark Scott,46,GK,,0,1,2,47,45,34,64,35,37,"183cm | 6'0""",0,-,-,Swindon Town,England
Kamil Wilczek,46,CM,,0,3,3,59,36,45,44,50,50,"186cm | 6'1""",0,-,-,Zagłębie Lubin,Poland
Jong Hwan Back,46,RM,,0,2,3,54,49,50,52,50,57,"178cm | 5'10""",0,-,-,Gangwon FC,Korea Republic
Kelvin Mellor,46,CB,,0,2,2,52,22,36,32,51,55,"188cm | 6'2""",0,-,-,Crewe Alexandra,England
Dominic Knowles,46,ST,,0,2,2,68,41,36,51,41,52,"177cm | 5'10""",0,-,-,Burnley,England
Max Clayton,46,CF,,0,3,3,78,43,34,43,36,46,"180cm | 5'11""",0,-,-,Crewe Alexandra,England
George Ray,46,CB,,0,2,2,53,16,26,22,49,61,"180cm | 5'11""",0,-,-,Crewe Alexandra,England
Young Jun Park,45,CM,,0,3,4,47,36,48,50,47,45,"174cm | 5'9""",0,-,-,Chunnam Dragons,Korea Republic
Martin Rice,45,GK,,0,1,1,48,44,57,45,28,44,"175cm | 5'9""",0,-,-,Torquay United,England
Aaron Forde,45,CM,,0,2,3,76,34,36,51,51,51,"177cm | 5'10""",0,-,-,Walsall,England
Min Kyu Lee,45,LB,,0,2,3,52,36,33,36,50,46,"176cm | 5'9""",0,-,-,Gangwon FC,Korea Republic
Adam Smith,44,GK,,0,1,2,41,44,43,55,24,42,"180cm | 5'11""",0,-,-,Leicester City,England
Seong Min Kim,43,CM,,0,2,3,53,54,47,56,38,47,"185cm | 6'1""",0,-,-,GwangJu FC,Korea Republic
George Saville,43,CB,,0,2,3,51,35,48,35,44,42,"184cm | 6'0""",0,-,-,Chelsea,England
Oliver Turton,42,RB,,0,2,4,65,21,26,35,50,40,"180cm | 5'11""",0,-,-,Crewe Alexandra,England
Beom Seok Cho,41,RM,,0,2,3,69,38,39,36,37,45,"182cm | 6'0""",0,-,-,Incheon United FC,Korea Republic
Sung Min Jung,41,ST,,0,2,3,31,42,36,43,33,48,"184cm | 6'0""",0,-,-,Gangwon FC,Korea Republic
Michael Koral,41,LW,,0,2,4,73,34,30,35,39,41,"180cm | 5'11""",0,-,-,Crewe Alexandra,England
Ben Garratt,40,GK,,0,1,2,42,39,38,43,49,42,"185cm | 6'1""",0,-,-,Crewe Alexandra,England
