Name,Ratings,Position,Version,PS,SKI,WF,PAC,SHO,PAS,DRI,DEF,PHY,Body,Popularity,BS,IGS,Club,Country
Cristiano Ronaldo,93,RW,,0,,4,92,89,79,93,64,88,"185cm | 6'1""",0,-,-,Real Madrid C.F.,Portugal
Casillas,91,GK,,0,,2,93,87,74,94,69,91,"185cm | 6'1""",0,-,-,Real Madrid C.F.,Spain
Júlio César Soares Espíndola,91,GK,,0,,3,91,89,75,92,76,91,"186cm | 6'1""",0,-,-,Inter,Brazil
Lionel Messi,91,RW,,0,,3,94,85,81,96,54,64,"169cm | 5'7""",0,-,-,F.C. Barcelona,Argentina
Gianluigi Buffon,90,GK,,0,,2,89,88,75,90,62,93,"191cm | 6'3""",0,-,-,Juventus,Italy
Steven Gerrard,90,CAM,,0,,4,82,89,93,79,82,70,"183cm | 6'0""",0,-,-,Liverpool,England
Zlatan Ibrahimovic,90,ST,,0,,4,81,88,77,93,72,83,"195cm | 6'5""",0,-,-,F.C. Barcelona,Sweden
Alessandro Del Piero,89,CF,,0,,4,79,89,84,92,61,63,"173cm | 5'8""",0,-,-,Juventus,Italy
Francesco Totti,89,CF,,0,,4,78,88,91,91,65,65,"180cm | 5'11""",0,-,-,Roma,Italy
Sebastien Frey,89,GK,,0,,3,87,86,75,89,68,90,"189cm | 6'2""",0,-,-,Fiorentina,France
Samuel Eto'o,89,ST,,0,,3,92,86,73,85,63,80,"180cm | 5'11""",0,-,-,Inter,Cameroon
Fernando Torres,89,ST,,0,,4,93,85,67,86,64,82,"185cm | 6'1""",0,-,-,Liverpool,Spain
Wayne Rooney,89,CF,,0,,4,84,89,83,87,71,73,"177cm | 5'10""",0,-,-,Manchester United,England
David Villa,89,ST,,0,,5,86,89,72,86,64,74,"175cm | 5'9""",0,-,-,Valencia C.F.,Spain
Maicon Douglas Sisenando,89,RWB,,0,,3,89,75,84,84,85,78,"184cm | 6'0""",0,-,-,Inter,Brazil
Thierry Henry,88,LF,,0,,4,86,87,75,91,58,66,"188cm | 6'2""",0,-,-,F.C. Barcelona,France
Antonio Cassano,88,CF,,0,,4,78,85,89,94,62,65,"175cm | 5'9""",0,-,-,Sampdoria,Italy
Robin van Persie,88,CF,,0,,4,83,89,80,85,59,63,"183cm | 6'0""",0,-,-,Arsenal,Netherlands
José Reina,88,GK,,0,,5,83,84,90,87,60,83,"188cm | 6'2""",0,-,-,Liverpool,Spain
Antonio Di Natale,88,LF,,0,,4,88,86,83,87,64,66,"170cm | 5'7""",0,-,-,Udinese,Italy
Dani Alves,88,RWB,,0,,3,89,76,85,84,84,71,"171cm | 5'7""",0,-,-,F.C. Barcelona,Brazil
Andrei Murgu,88,CF,,0,,4,84,85,81,91,58,72,"182cm | 6'0""",0,-,-,Fiorentina,Romania
Frank Lampard,87,CAM,,0,,4,74,91,88,81,77,70,"183cm | 6'0""",0,-,-,Chelsea,England
Xavier Hernández Creus,87,CM,,0,,3,78,79,94,88,72,58,"170cm | 5'7""",0,-,-,F.C. Barcelona,Spain
Ronaldinho,87,LF,,0,,4,77,85,82,91,56,67,"182cm | 6'0""",0,-,-,Milan,Brazil
Didier Drogba,87,ST,,0,,4,81,86,64,83,69,92,"189cm | 6'2""",0,-,-,Chelsea,Ivory Coast
Michaël Essien,87,CM,,0,,4,83,78,83,80,89,78,"181cm | 5'11""",0,-,-,Chelsea,Ghana
Petr Cech,87,GK,,0,,3,88,80,79,88,39,88,"197cm | 6'6""",0,-,-,Chelsea,Czech Republic
Victor Valdés Arribas,87,GK,,0,,3,85,78,85,91,47,80,"183cm | 6'0""",0,-,-,F.C. Barcelona,Spain
Mauro Zárate,87,RF,,0,,5,90,83,68,90,60,68,"176cm | 5'9""",0,-,-,Lazio,Argentina
Robert Enke,87,GK,,0,,3,82,86,79,86,53,88,"186cm | 6'1""",0,-,-,Hannover 96,Germany
Alexandre Pato,87,CF,,0,,4,90,82,67,88,57,78,"179cm | 5'10""",0,-,-,Milan,Brazil
Javier Zanetti,86,RWB,,0,,3,83,60,77,84,85,66,"178cm | 5'10""",0,-,-,Inter,Argentina
Nicolas Anelka,86,ST,,0,,3,88,83,61,82,64,82,"185cm | 6'1""",0,-,-,Chelsea,France
Andrés Palop Cervera,86,GK,,0,,3,85,82,79,86,60,81,"184cm | 6'0""",0,-,-,Sevilla F.C.,Spain
Carles Puyol Saforcada,86,CB,,0,,3,70,48,70,61,91,85,"178cm | 5'10""",0,-,-,F.C. Barcelona,Spain
Diego Forlán,86,ST,,0,,5,83,85,68,82,60,82,"179cm | 5'10""",0,-,-,Atlético de Madrid,Uruguay
Emmanuel Adebayor,86,ST,,0,,3,84,81,68,83,67,89,"191cm | 6'3""",0,-,-,Manchester City,Togo
Daniele De Rossi,86,CDM,,0,,4,79,81,83,77,86,85,"184cm | 6'0""",0,-,-,Roma,Italy
Lucimar da Silva Ferreira,86,CB,,0,,4,82,65,53,76,86,85,"188cm | 6'2""",0,-,-,Inter,Brazil
Kolo Touré,86,CB,,0,,3,79,63,60,66,87,86,"183cm | 6'0""",0,-,-,Manchester City,Ivory Coast
Ricardo Izecson Dos Santos Leite,86,CAM,,0,,4,93,87,83,93,60,64,"186cm | 6'1""",0,-,-,Real Madrid C.F.,Brazil
Giorgio Chiellini,86,CB,,0,,3,80,59,74,59,86,86,"186cm | 6'1""",0,-,-,Juventus,Italy
Carlos Tévez,86,CF,,0,,3,85,85,73,83,70,69,"170cm | 5'7""",0,-,-,Manchester City,Argentina
Diego López,86,GK,,0,,3,83,87,75,87,51,86,"196cm | 6'5""",0,-,-,Villarreal C.F.,Spain
Andrey Arshavin,86,CF,,0,,5,87,82,84,92,59,50,"172cm | 5'8""",0,-,-,Arsenal,Russia
Amauri Carvalho De Oliveira,86,ST,,0,,4,82,82,69,85,68,89,"186cm | 6'1""",0,-,-,Juventus,Brazil
Sergio Ramos,86,RB,,0,,3,83,58,75,79,84,88,"183cm | 6'0""",0,-,-,Real Madrid C.F.,Spain
Fabio Quagliarella,86,CF,,0,,4,84,86,72,81,67,74,"182cm | 6'0""",0,-,-,Napoli,Italy
Cesc Fàbregas,86,CM,,0,,3,74,80,93,84,73,64,"176cm | 5'9""",0,-,-,Arsenal,Spain
Steve Mandanda,86,GK,,0,,3,85,83,80,86,53,83,"185cm | 6'1""",0,-,-,Olympique de Marseille,France
Karim Benzema,86,ST,,0,,4,87,82,68,88,66,78,"182cm | 6'0""",0,-,-,Real Madrid C.F.,France
Manuel Neuer,86,GK,,0,,2,87,80,84,88,57,75,"193cm | 6'4""",0,-,-,FC Schalke 04,Germany
Hugo Lloris,86,GK,,0,,3,86,83,79,85,62,83,"188cm | 6'2""",0,-,-,Olympique Lyonnais,France
Hulk,86,CF,,0,,4,91,82,71,88,70,62,"180cm | 5'11""",0,-,-,FC Porto,Brazil
Andrés Iniesta Luján,85,CAM,,0,,4,83,75,90,91,68,56,"169cm | 5'7""",0,-,-,F.C. Barcelona,Spain
Shay Given,85,GK,,0,,3,89,80,71,90,54,82,"185cm | 6'1""",0,-,-,Manchester City,Republic of Ireland
Michael Ballack,85,CM,,0,,4,73,84,85,74,82,88,"189cm | 6'2""",0,-,-,Chelsea,Germany
Brad Friedel,85,GK,,0,,3,82,86,82,81,32,86,"188cm | 6'2""",0,-,-,Aston Villa,United States
Tim Howard,85,GK,,0,,3,84,82,75,88,53,81,"191cm | 6'3""",0,-,-,Everton,United States
Dimitar Berbatov,85,ST,,0,,3,73,84,73,84,63,86,"189cm | 6'2""",0,-,-,Manchester United,Bulgaria
Mamadou Niang,85,ST,,0,,4,82,82,67,86,62,82,"178cm | 5'10""",0,-,-,Olympique de Marseille,Senegal
Mikel Arteta Amatriain,85,CAM,,0,,4,79,80,84,85,75,74,"176cm | 5'9""",0,-,-,Everton,Spain
Edwin van der Sar,85,GK,,0,,3,82,86,85,77,32,92,"197cm | 6'6""",0,-,-,Manchester United,Netherlands
Fabrizio Miccoli,85,CF,,0,,4,85,83,75,87,60,57,"168cm | 5'6""",0,-,-,Palermo,Italy
Gaetano D'Agostino,85,CM,,0,,3,74,77,90,79,77,66,"182cm | 6'0""",0,-,-,Udinese,Italy
Nihat Kahveci,85,CF,,0,,4,88,82,75,82,58,64,"175cm | 5'9""",0,-,-,Beşiktaş JK,Turkey
René Adler,85,GK,,0,,3,91,83,65,90,52,81,"190cm | 6'3""",0,-,-,Bayer 04 Leverkusen,Germany
Robson de Souza,85,LW,,0,,4,88,79,74,94,54,56,"172cm | 5'8""",0,-,-,Manchester City,Brazil
Luís Fabiano Clemente,85,ST,,0,,4,84,83,59,86,62,82,"183cm | 6'0""",0,-,-,Sevilla F.C.,Brazil
Esteban Cambiasso,85,CDM,,0,,4,80,70,84,80,87,77,"177cm | 5'10""",0,-,-,Inter,Argentina
Roberto Abbondanzieri,85,GK,,0,,3,84,77,84,84,61,79,"186cm | 6'1""",0,-,-,Boca Juniors,Argentina
Nemanja Vidić,85,CB,,0,,3,74,46,59,52,89,93,"189cm | 6'2""",0,-,-,Manchester United,Serbia
Lisandro López,85,ST,,0,,5,86,81,69,82,69,80,"175cm | 5'9""",0,-,-,Olympique Lyonnais,Argentina
Diego Milito,85,ST,,0,,3,84,83,64,81,66,84,"183cm | 6'0""",0,-,-,Inter,Argentina
Volkan Demirel,85,GK,,0,,2,81,79,83,87,62,76,"192cm | 6'4""",0,-,-,Fenerbahçe SK,Turkey
Raúl José Trindade Meireles,85,CM,,0,,4,80,79,86,78,78,70,"179cm | 5'10""",0,-,-,FC Porto,Portugal
Giuseppe Mascara,85,CF,,0,,4,80,82,82,83,66,75,"175cm | 5'9""",0,-,-,Catania,Italy
Lukas Podolski,85,ST,,0,,3,89,85,67,82,51,65,"182cm | 6'0""",0,-,-,1. FC Köln,Germany
Rodrigo Palacio,85,RW,,0,,3,87,81,77,82,56,71,"175cm | 5'9""",0,-,-,Genoa,Argentina
Sergio Agüero,85,CF,,0,,5,88,78,76,92,54,63,"172cm | 5'8""",0,-,-,Atlético de Madrid,Argentina
Abdulkader Keita,85,RF,,0,,4,90,78,74,81,65,78,"184cm | 6'0""",0,-,-,Galatasaray SK,Ivory Coast
Giuseppe Rossi,85,CF,,0,,4,86,82,72,86,57,64,"173cm | 5'8""",0,-,-,Villarreal C.F.,Italy
Bacary Sagna,85,RB,,0,,3,84,56,78,79,83,78,"176cm | 5'9""",0,-,-,Arsenal,France
Filipe Luís,85,LWB,,0,,3,87,74,82,85,79,74,"182cm | 6'0""",0,-,-,R.C. Deportivo,Brazil
Gonzalo Higuaín,85,ST,,0,,4,88,79,72,85,57,72,"184cm | 6'0""",0,-,-,Real Madrid C.F.,Argentina
Frank Rost,84,GK,,0,,3,82,76,82,83,47,84,"194cm | 6'4""",0,-,-,Hamburger SV,Germany
Christian Abbiati,84,GK,,0,,2,81,82,77,84,58,84,"191cm | 6'3""",0,-,-,Milan,Italy
Ludovic Giuly,84,RF,,0,,3,87,79,81,83,55,58,"164cm | 5'5""",0,-,-,Paris Saint-Germain,France
Luis Miguel Garcia Monteiro,84,RB,,0,,3,85,61,72,77,81,68,"179cm | 5'10""",0,-,-,Valencia C.F.,Portugal
Alessandro Gamberini,84,CB,,0,,3,84,42,60,61,84,84,"185cm | 6'1""",0,-,-,Fiorentina,Italy
William Gallas,84,CB,,0,,3,82,45,60,53,85,86,"183cm | 6'0""",0,-,-,Arsenal,France
Gareth Barry,84,CDM,,0,,4,67,78,88,78,82,76,"183cm | 6'0""",0,-,-,Manchester City,England
Rio Ferdinand,84,CB,,0,,3,75,45,65,61,87,88,"192cm | 6'4""",0,-,-,Manchester United,England
Landon Donovan,84,CF,,0,,4,89,80,73,82,61,68,"173cm | 5'8""",0,-,-,Los Angeles Galaxy,United States
Jussi Jääskeläinen,84,GK,,0,,2,83,81,78,86,50,79,"193cm | 6'4""",0,-,-,Bolton Wanderers,Finland
Miroslav Klose,84,ST,,0,,4,85,78,65,79,64,92,"182cm | 6'0""",0,-,-,Bayern München,Germany
Albano Bizzarri,84,GK,,0,,3,80,78,79,83,60,82,"188cm | 6'2""",0,-,-,Lazio,Argentina
Iván Córdoba,84,CB,,0,,3,89,48,59,54,83,84,"173cm | 5'8""",0,-,-,Inter,Colombia
Michael Carrick,84,CM,,0,,4,74,76,86,74,82,72,"185cm | 6'1""",0,-,-,Manchester United,England
Joseph Yobo,84,CB,,0,,3,87,46,58,74,82,84,"184cm | 6'0""",0,-,-,Everton,Nigeria
Sidney Govou,84,RW,,0,,4,82,79,77,78,61,82,"175cm | 5'9""",0,-,-,Olympique Lyonnais,France
Mauro German Camoranesi,84,RM,,0,,4,80,78,83,88,74,76,"174cm | 5'9""",0,-,-,Juventus,Italy
Patrice Evra,84,LWB,,0,,2,89,60,80,84,79,78,"175cm | 5'9""",0,-,-,Manchester United,France
Rob Green,84,GK,,0,,4,84,79,79,88,54,76,"188cm | 6'2""",0,-,-,West Ham United,England
Alberto Aquilani,84,CM,,0,,4,78,79,83,84,74,66,"186cm | 6'1""",0,-,-,Liverpool,Italy
Mirko Vučinić,84,ST,,0,,3,83,82,64,81,64,76,"186cm | 6'1""",0,-,-,Roma,Montenegro
Marouane Chamakh,84,CF,,0,,3,77,79,72,81,75,92,"185cm | 6'1""",0,-,-,Girondins de Bordeaux,Morocco
Diego Ribas da Cunha,84,CAM,,0,,4,80,85,86,91,58,56,"173cm | 5'8""",0,-,-,Juventus,Brazil
Julio César Baptista,84,CF,,0,,4,80,82,71,82,72,78,"187cm | 6'2""",0,-,-,Roma,Brazil
Goran Pandev,84,CF,,0,,4,85,80,72,86,67,70,"184cm | 6'0""",0,-,-,Lazio,FYR Macedonia
Bruno Alves,84,CB,,0,,3,74,66,64,68,85,89,"189cm | 6'2""",0,-,-,FC Porto,Portugal
Federico Marchetti,84,GK,,0,,2,82,78,76,86,62,82,"190cm | 6'3""",0,-,-,Cagliari,Italy
Vincent Kompany,84,CB,,0,,4,82,65,71,70,82,75,"191cm | 6'3""",0,-,-,Manchester City,Belgium
Michel Fernandes Bastos,84,LM,,0,,3,85,82,78,82,74,72,"178cm | 5'10""",0,-,-,Olympique Lyonnais,Brazil
Guillermo Ochoa,84,GK,,0,,4,81,79,75,86,77,78,"183cm | 6'0""",0,-,-,América,Mexico
Lucho González,84,CM,,0,,4,80,78,85,84,74,77,"185cm | 6'1""",0,-,-,Olympique de Marseille,Argentina
Jaroslav Drobný,84,GK,,0,,2,82,81,69,87,53,85,"192cm | 6'4""",0,-,-,Hertha BSC,Czech Republic
Mario Gómez,84,ST,,0,,4,84,79,65,79,66,88,"189cm | 6'2""",0,-,-,Bayern München,Germany
André-Pierre Gignac,84,ST,,0,,2,81,84,74,78,64,76,"187cm | 6'2""",0,-,-,Toulouse FC,France
Yoann Gourcuff,84,CAM,,0,,4,78,83,82,87,72,74,"185cm | 6'1""",0,-,-,Girondins de Bordeaux,France
Yuriy Zhirkov,84,LM,,0,,3,85,73,81,86,75,60,"178cm | 5'10""",0,-,-,Chelsea,Russia
Franck Ribéry,84,LM,,0,,5,93,80,82,93,57,56,"170cm | 5'7""",0,-,-,Bayern München,France
Ezequiel Lavezzi,84,CF,,0,,4,89,77,72,91,60,62,"173cm | 5'8""",0,-,-,Napoli,Argentina
João Moutinho,84,CAM,,0,,3,85,79,81,82,72,70,"170cm | 5'7""",0,-,-,Sporting CP,Portugal
Samir Handanovic,84,GK,,0,,2,80,79,78,83,66,82,"193cm | 6'4""",0,-,-,Udinese,Slovenia
Taye Ismaila Taiwo,84,LB,,0,,3,84,71,77,54,82,81,"183cm | 6'0""",0,-,-,Olympique de Marseille,Nigeria
Diego Alves Carreira,84,GK,,0,,3,86,71,74,89,57,79,"188cm | 6'2""",0,-,-,U.D. Almería,Brazil
Cristian Rodríguez,84,LW,,0,,3,88,77,74,83,69,78,"178cm | 5'10""",0,-,-,FC Porto,Uruguay
Luis Suárez,84,CF,,0,,4,81,81,74,86,65,70,"181cm | 5'11""",0,-,-,Ajax,Uruguay
Eduardo Alves da Silva,84,ST,,0,,4,85,81,68,84,60,72,"177cm | 5'10""",0,-,-,Arsenal,Croatia
Mario Balotelli,84,ST,,0,,3,84,81,65,82,68,75,"189cm | 6'2""",0,-,-,Inter,Italy
Paul Scholes,82,CM,,0,,3,69,79,89,77,74,72,"170cm | 5'7""",0,-,-,Manchester United,England
David Beckham,82,RM,,0,,3,68,80,91,77,71,54,"183cm | 6'0""",0,-,-,Los Angeles Galaxy,England
Robbie Keane,82,CF,,0,,3,82,82,63,85,60,65,"175cm | 5'9""",0,-,-,Tottenham Hotspur,Republic of Ireland
Clarence Seedorf,82,CAM,,0,,4,73,80,83,82,74,65,"176cm | 5'9""",0,-,-,Milan,Netherlands
Simão Pedro Fonseca Sabrosa,82,LW,,0,,5,87,78,78,89,52,48,"170cm | 5'7""",0,-,-,Atlético de Madrid,Portugal
Gianluca Zambrotta,82,RWB,,0,,5,82,64,83,80,80,74,"181cm | 5'11""",0,-,-,Milan,Italy
Cristian Chivu,82,CB,,0,,4,77,73,79,64,82,77,"184cm | 6'0""",0,-,-,Inter,Romania
Dejan Stanković,82,CM,,0,,3,74,80,84,79,75,74,"181cm | 5'11""",0,-,-,Inter,Serbia
Timo Hildebrand,82,GK,,0,,3,80,82,73,85,62,78,"185cm | 6'1""",0,-,-,TSG 1899 Hoffenheim,Germany
John Terry,82,CB,,0,,3,66,47,58,49,89,92,"186cm | 6'1""",0,-,-,Chelsea,England
Dirk Kuyt,82,ST,,0,,3,77,82,72,76,65,88,"183cm | 6'0""",0,-,-,Liverpool,Netherlands
Rogério Ceni,82,GK,,0,,2,74,71,94,77,49,83,"188cm | 6'2""",0,-,-,São Paulo,Brazil
Walter Samuel,82,CB,,0,,2,70,51,68,52,87,83,"183cm | 6'0""",0,-,-,Inter,Argentina
David Pizarro,82,CM,,0,,3,76,79,83,82,75,60,"170cm | 5'7""",0,-,-,Roma,Chile
Vincenzo Iaquinta,82,ST,,0,,3,85,80,63,76,72,86,"191cm | 6'3""",0,-,-,Juventus,Italy
Joan Capdevila Méndez,82,LB,,0,,3,82,71,80,73,79,80,"182cm | 6'0""",0,-,-,Villarreal C.F.,Spain
Rafael Márquez,82,CB,,0,,3,69,61,75,67,84,85,"182cm | 6'0""",0,-,-,F.C. Barcelona,Mexico
John Carew,82,ST,,0,,3,85,78,57,80,69,92,"193cm | 6'4""",0,-,-,Aston Villa,Norway
Kim Källström,82,CAM,,0,,4,76,79,82,76,77,75,"181cm | 5'11""",0,-,-,Olympique Lyonnais,Sweden
Ashley Cole,82,LWB,,0,,3,87,60,81,82,78,73,"176cm | 5'9""",0,-,-,Chelsea,England
Philippe Mexès,82,CB,,0,,3,77,53,70,54,84,82,"187cm | 6'2""",0,-,-,Roma,France
Xabier Alonso Olano,82,CM,,0,,4,70,78,88,73,77,70,"183cm | 6'0""",0,-,-,Real Madrid C.F.,Spain
Mladen Petrić,82,ST,,0,,4,78,83,71,79,60,76,"185cm | 6'1""",0,-,-,Hamburger SV,Croatia
Brede Hangeland,82,CB,,0,,3,72,55,68,48,86,86,"195cm | 6'5""",0,-,-,Fulham,Norway
Tommaso Rocchi,82,ST,,0,,3,81,81,64,82,70,73,"177cm | 5'10""",0,-,-,Lazio,Italy
Tim Cahill,82,CAM,,0,,4,77,79,79,76,81,92,"178cm | 5'10""",0,-,-,Everton,Australia
Tim Wiese,82,GK,,0,,3,89,77,64,92,55,78,"193cm | 6'4""",0,-,-,Werder Bremen,Germany
Maximiliano Rodríguez,82,RM,,0,,3,83,82,83,84,62,65,"180cm | 5'11""",0,-,-,Atlético de Madrid,Argentina
Luis Javier García Sanz,82,RW,,0,,5,82,79,73,81,57,70,"177cm | 5'10""",0,-,-,Real Racing Club,Spain
Vicente Rodríguez Guillén,82,LW,,0,,2,84,78,80,84,56,59,"177cm | 5'10""",0,-,-,Valencia C.F.,Spain
José Antonio Reyes Calderón,82,LW,,0,,3,84,76,80,85,53,66,"176cm | 5'9""",0,-,-,Atlético de Madrid,Spain
Jérémy Mathieu,82,LB,,0,,3,82,66,77,65,80,79,"190cm | 6'3""",0,-,-,Valencia C.F.,France
Manuel Almunia Rivero,82,GK,,0,,3,84,81,77,86,40,75,"191cm | 6'3""",0,-,-,Arsenal,Spain
Cédric Carrasso,82,GK,,0,,3,83,77,74,87,49,79,"187cm | 6'2""",0,-,-,Girondins de Bordeaux,France
Pepe,82,CB,,0,,3,77,48,62,61,84,84,"186cm | 6'1""",0,-,-,Real Madrid C.F.,Portugal
Nilmar Honorato da Silva,82,RF,,0,,4,90,76,56,85,49,76,"180cm | 5'11""",0,-,-,Villarreal C.F.,Brazil
Marco Amelia,82,GK,,0,,2,82,80,81,81,51,79,"188cm | 6'2""",0,-,-,Genoa,Italy
Giampaolo Pazzini,82,ST,,0,,3,83,78,66,79,60,86,"180cm | 5'11""",0,-,-,Sampdoria,Italy
Obafemi Martins,82,ST,,0,,5,93,76,58,81,60,76,"170cm | 5'7""",0,-,-,VfL Wolfsburg,Nigeria
Glen Johnson,82,RB,,0,,3,87,67,77,81,78,73,"180cm | 5'11""",0,-,-,Liverpool,England
Mounir El Hamdaoui,82,CF,,0,,5,81,80,72,84,61,66,"183cm | 6'0""",0,-,-,AZ Alkmaar,Morocco
Joleon Lescott,82,CB,,0,,3,76,62,72,62,83,88,"188cm | 6'2""",0,-,-,Manchester City,England
Eric Abidal,82,LB,,0,,3,83,36,74,63,83,77,"186cm | 6'1""",0,-,-,F.C. Barcelona,France
Pedro Munitis Álvarez,82,LW,,0,,4,86,76,75,85,56,66,"167cm | 5'6""",0,-,-,Real Racing Club,Spain
Liédson Silva Muniz,82,ST,,0,,4,83,79,66,79,61,82,"175cm | 5'9""",0,-,-,Sporting CP,Portugal
Ashley Young,82,LW,,0,,3,92,78,77,87,49,44,"175cm | 5'9""",0,-,-,Aston Villa,England
Raúl Albiol,82,CB,,0,,4,76,55,69,69,84,83,"187cm | 6'2""",0,-,-,Real Madrid C.F.,Spain
Stéphane Sessègnon,82,CAM,,0,,5,82,76,81,90,71,68,"172cm | 5'8""",0,-,-,Paris Saint-Germain,Benin
Gabriel Agbonlahor,82,ST,,0,,4,94,75,64,80,64,74,"181cm | 5'11""",0,-,-,Aston Villa,England
Samir Nasri,82,CAM,,0,,4,81,79,84,86,64,64,"177cm | 5'10""",0,-,-,Arsenal,France
Juan Manuel Vargas,82,LWB,,0,,3,81,80,81,83,79,65,"185cm | 6'1""",0,-,-,Fiorentina,Peru
Falcao,82,ST,,0,,5,83,78,59,82,62,84,"177cm | 5'10""",0,-,-,FC Porto,Colombia
Anderson Luis de Abreu Oliveira,82,CM,,0,,3,84,71,79,86,76,62,"176cm | 5'9""",0,-,-,Manchester United,Brazil
Sergio Floccari,82,CF,,0,,4,83,76,70,84,64,80,"178cm | 5'10""",0,-,-,Genoa,Italy
Andrés Guardado,82,LW,,0,,2,86,80,77,80,65,57,"169cm | 5'7""",0,-,-,R.C. Deportivo,Mexico
Pablo Hernández,82,RF,,0,,3,86,77,80,82,56,62,"173cm | 5'8""",0,-,-,Valencia C.F.,Spain
Óscar René Cardozo,82,ST,,0,,2,73,85,73,76,66,82,"192cm | 6'4""",0,-,-,Sport Lisboa Benfica,Paraguay
Edin Džeko,82,ST,,0,,4,81,81,67,81,60,78,"193cm | 6'4""",0,-,-,VfL Wolfsburg,Bosnia Herzegovina
Luis García Fernández,81,ST,,0,,3,83,79,64,79,57,80,"177cm | 5'10""",0,-,-,R.C.D. Espanyol,Spain
David James,81,GK,,0,,2,86,73,78,83,52,74,"196cm | 6'5""",0,-,-,Portsmouth,England
Frédéric Kanouté,81,ST,,0,,4,83,81,52,80,65,79,"192cm | 6'4""",0,-,-,Sevilla F.C.,Mali
Jens Lehmann,81,GK,,0,,3,77,83,75,78,49,88,"190cm | 6'3""",0,-,-,VfB Stuttgart,Germany
Alessandro Nesta,81,CB,,0,,3,80,36,59,61,83,79,"187cm | 6'2""",0,-,-,Milan,Italy
Alessandro F. Amantino Mancini,81,LW,,0,,4,84,78,75,82,60,56,"183cm | 6'0""",0,-,-,Inter,Brazil
Roman Weidenfeller,81,GK,,0,,3,84,78,73,85,53,76,"188cm | 6'2""",0,-,-,Borussia Dortmund,Germany
Raúl Tamudo Montero,81,ST,,0,,3,85,77,68,82,58,68,"180cm | 5'11""",0,-,-,R.C.D. Espanyol,Spain
Mickaël Landreau,81,GK,,0,,3,78,80,74,82,61,78,"184cm | 6'0""",0,-,-,LOSC Lille Métropole,France
David Trezeguet,81,ST,,0,,3,76,80,65,75,66,89,"190cm | 6'3""",0,-,-,Juventus,France
Andrea Pirlo,81,CM,,0,,3,62,79,92,84,70,58,"177cm | 5'10""",0,-,-,Milan,Italy
Arjen Robben,81,LM,,0,,5,91,82,79,90,54,52,"181cm | 5'11""",0,-,-,Bayern München,Netherlands
Craig Bellamy,81,ST,,0,,3,90,77,66,80,69,68,"175cm | 5'9""",0,-,-,Manchester City,Wales
Owen Hargreaves,81,CDM,,0,,4,81,68,81,75,82,68,"180cm | 5'11""",0,-,-,Manchester United,England
John Arne Riise,81,LWB,,0,,2,76,81,82,71,79,68,"185cm | 6'1""",0,-,-,Roma,Norway
Paul Robinson,81,GK,,0,,2,83,70,87,83,53,69,"190cm | 6'3""",0,-,-,Blackburn Rovers,England
Quaresma,81,RW,,0,,3,87,77,76,85,47,54,"173cm | 5'8""",0,-,-,Inter,Portugal
Claudio Pizarro,81,ST,,0,,4,76,82,60,77,64,85,"186cm | 6'1""",0,-,-,Werder Bremen,Peru
José Roberto da Silva Junior,81,CDM,,0,,3,81,62,84,86,80,72,"172cm | 5'8""",0,-,-,Hamburger SV,Brazil
Ronaldo,81,ST,,0,,4,74,82,66,88,54,60,"183cm | 6'0""",0,-,-,C. São Paulo,Brazil
Benoît Cheyrou,81,CDM,,0,,4,77,76,81,76,78,74,"182cm | 6'0""",0,-,-,Olympique de Marseille,France
Raúl González Blanco,81,CF,,0,,3,73,79,72,82,60,78,"180cm | 5'11""",0,-,-,Real Madrid C.F.,Spain
Mohamed Zidan,81,ST,,0,,4,85,75,69,84,55,68,"172cm | 5'8""",0,-,-,Borussia Dortmund,Egypt
Jermain Defoe,81,ST,,0,,3,87,79,50,83,56,69,"171cm | 5'7""",0,-,-,Tottenham Hotspur,England
Mathieu Bodmer,81,CDM,,0,,4,75,79,81,77,78,84,"190cm | 6'3""",0,-,-,Olympique Lyonnais,France
Martín Palermo,81,ST,,0,,3,72,83,67,76,61,84,"187cm | 6'2""",0,-,-,Boca Juniors,Argentina
Francesco Tavano,81,CF,,0,,4,78,80,70,82,60,69,"173cm | 5'8""",0,-,-,Livorno,Italy
Florent Sinama-Pongolle,81,ST,,0,,3,89,78,64,80,53,66,"176cm | 5'9""",0,-,-,Atlético de Madrid,France
Heiko Westermann,81,CB,,0,,4,77,65,64,59,81,84,"190cm | 6'3""",0,-,-,FC Schalke 04,Germany
Milan Baroš,81,ST,,0,,4,83,78,69,80,59,76,"184cm | 6'0""",0,-,-,Galatasaray SK,Czech Republic
Maxwell Scherer Cabelino Andrade,81,LWB,,0,,3,83,64,81,81,77,72,"175cm | 5'9""",0,-,-,F.C. Barcelona,Brazil
Anderson Luís de Souza,81,CM,,0,,4,73,79,87,86,65,65,"174cm | 5'9""",0,-,-,Chelsea,Portugal
Stewart Downing,81,LW,,0,,3,81,76,79,83,53,64,"180cm | 5'11""",0,-,-,Aston Villa,England
David Suazo,81,ST,,0,,3,90,78,60,77,67,78,"182cm | 6'0""",0,-,-,Inter,Honduras
Adriano Leite Ribeiro,81,ST,,0,,2,77,85,55,73,61,83,"190cm | 6'3""",0,-,-,Flamengo,Brazil
Andoni Iraola Sagarna,81,RWB,,0,,3,82,70,79,78,79,60,"182cm | 6'0""",0,-,-,Athletic Club de Bilbao,Spain
Carlos Idriss Kameni,81,GK,,0,,3,87,75,66,92,44,77,"186cm | 6'1""",0,-,-,R.C.D. Espanyol,Cameroon
Andriy Voronin,81,ST,,0,,5,83,81,64,79,62,64,"179cm | 5'10""",0,-,-,Liverpool,Ukraine
Rod Fanni,81,RB,,0,,3,84,51,71,68,80,78,"183cm | 6'0""",0,-,-,Stade Rennais FC,France
Nicolas Douchez,81,GK,,0,,3,82,80,70,84,62,80,"185cm | 6'1""",0,-,-,Stade Rennais FC,France
Sulley Ali Muntari,81,CM,,0,,3,77,75,78,72,83,77,"179cm | 5'10""",0,-,-,Inter,Ghana
Jimmy Briand,81,ST,,0,,3,84,74,76,85,68,73,"181cm | 5'11""",0,-,-,Stade Rennais FC,France
Scott Brown,81,CM,,0,,3,86,64,78,81,82,46,"178cm | 5'10""",0,-,-,Celtic,Scotland
Donieber Alexander Marangão,81,GK,,0,,3,77,79,77,84,59,76,"194cm | 6'4""",0,-,-,Roma,Brazil
Deivid de Souza,81,RW,,0,,2,77,78,75,81,57,72,"180cm | 5'11""",0,-,-,Fenerbahçe SK,Brazil
Marcos Antonio Senna da Silva,81,CM,,0,,4,67,76,85,75,84,68,"177cm | 5'10""",0,-,-,Villarreal C.F.,Spain
Alex Rodrigo Dias da Costa,81,CB,,0,,3,72,68,51,60,83,90,"188cm | 6'2""",0,-,-,Chelsea,Brazil
Bogdan Ionuţ Lobonţ,81,GK,,0,,3,82,74,76,85,60,77,"184cm | 6'0""",0,-,-,Roma,Romania
Franco Brienza,81,CF,,0,,4,85,76,72,82,65,67,"168cm | 5'6""",0,-,-,Reggina,Italy
James Milner,81,RW,,0,,4,85,76,79,83,63,65,"176cm | 5'9""",0,-,-,Aston Villa,England
Helton da Silva Arruda,81,GK,,0,,4,80,81,72,82,68,80,"189cm | 6'2""",0,-,-,FC Porto,Brazil
Wesley Sneijder,81,CAM,,0,,5,76,84,86,84,59,56,"170cm | 5'7""",0,-,-,Inter,Netherlands
Servet Çetin,81,CB,,0,,2,71,45,58,57,85,87,"191cm | 6'3""",0,-,-,Galatasaray SK,Turkey
Leonardo Neoren Franco,81,GK,,0,,3,80,74,79,84,66,74,"188cm | 6'2""",0,-,-,Galatasaray SK,Argentina
Ivica Olić,81,LF,,0,,4,83,79,69,79,61,74,"181cm | 5'11""",0,-,-,Bayern München,Croatia
Christian Maggio,81,RM,,0,,2,86,73,78,75,78,84,"184cm | 6'0""",0,-,-,Napoli,Italy
Rodrigo Ferrante Taddei,81,RW,,0,,4,82,76,78,81,72,71,"177cm | 5'10""",0,-,-,Roma,Brazil
Dimitris Salpigidis,81,RF,,0,,3,86,78,71,76,63,73,"172cm | 5'8""",0,-,-,Panathinaikos FC,Greece
Piqué,81,CB,,0,,3,72,50,73,60,83,84,"193cm | 6'4""",0,-,-,F.C. Barcelona,Spain
Salvador Cabañas,81,ST,,0,,4,79,80,72,77,64,76,"173cm | 5'8""",0,-,-,América,Paraguay
Iván De la Peña López,81,CAM,,0,,4,72,76,92,81,62,42,"171cm | 5'7""",0,-,-,R.C.D. Espanyol,Spain
Salomon Kalou,81,LW,,0,,3,88,73,70,85,53,70,"186cm | 6'1""",0,-,-,Chelsea,Ivory Coast
Gökhan Inler,81,CM,,0,,5,75,76,79,75,82,74,"182cm | 6'0""",0,-,-,Udinese,Switzerland
Raffaele Palladino,81,LF,,0,,4,83,75,76,82,66,72,"182cm | 6'0""",0,-,-,Genoa,Italy
Riccardo Montolivo,81,CM,,0,,4,78,77,86,82,66,64,"181cm | 5'11""",0,-,-,Fiorentina,Italy
Ben Arfa,81,RW,,0,,4,82,75,74,82,58,73,"178cm | 5'10""",0,-,-,Olympique de Marseille,France
André Clarindo dos Santos,81,LM,,0,,3,79,78,79,80,74,70,"179cm | 5'10""",0,-,-,Fenerbahçe SK,Brazil
Micah Richards,81,RB,,0,,3,85,42,61,58,80,90,"181cm | 5'11""",0,-,-,Manchester City,England
Naldo,81,CB,,0,,4,78,63,59,52,83,82,"198cm | 6'6""",0,-,-,Werder Bremen,Brazil
Sergio Romero,81,GK,,0,,4,80,73,80,82,71,72,"191cm | 6'3""",0,-,-,AZ Alkmaar,Argentina
Filip Hološko,81,CF,,0,,3,88,73,71,82,57,78,"185cm | 6'1""",0,-,-,Beşiktaş JK,Slovakia
Bojan,81,CF,,0,,4,86,74,75,86,48,60,"170cm | 5'7""",0,-,-,F.C. Barcelona,Spain
Luka Modric,81,CAM,,0,,5,81,75,84,86,64,62,"173cm | 5'8""",0,-,-,Tottenham Hotspur,Croatia
Juan Mata,81,LW,,0,,3,82,75,77,85,54,68,"170cm | 5'7""",0,-,-,Valencia C.F.,Spain
Sergio Asenjo,81,GK,,0,,3,82,77,68,85,56,81,"182cm | 6'0""",0,-,-,Atlético de Madrid,Spain
Aly Cissokho,81,LB,,0,,3,86,53,73,73,79,72,"181cm | 5'11""",0,-,-,Olympique Lyonnais,France
Sebastian Giovinco,81,CAM,,0,,4,89,76,82,87,59,54,"164cm | 5'5""",0,-,-,Juventus,Italy
Aleksandar Kolarov,81,LB,,0,,3,79,70,80,76,78,79,"187cm | 6'2""",0,-,-,Lazio,Serbia
Kwadwo Asamoah,81,CM,,0,,3,83,72,76,77,81,74,"178cm | 5'10""",0,-,-,Udinese,Ghana
Ryan Giggs,80,LM,,0,,3,78,78,85,84,59,66,"180cm | 5'11""",0,-,-,Manchester United,Wales
Tony Mario Sylva,80,GK,,0,,3,79,80,69,86,52,75,"185cm | 6'1""",0,-,-,Trabzonspor,Senegal
Mark Schwarzer,80,GK,,0,,3,78,81,75,80,37,82,"194cm | 6'4""",0,-,-,Fulham,Australia
Javier Saviola,80,CF,,0,,3,89,74,70,84,53,62,"168cm | 5'6""",0,-,-,Sport Lisboa Benfica,Argentina
José Bosingwa da Silva,80,RWB,,0,,4,89,60,81,81,75,66,"183cm | 6'0""",0,-,-,Chelsea,Portugal
Harry Kewell,80,LW,,0,,3,79,76,76,82,49,66,"180cm | 5'11""",0,-,-,Galatasaray SK,Australia
John O'Shea,80,RB,,0,,3,75,49,72,65,81,86,"190cm | 6'3""",0,-,-,Manchester United,Republic of Ireland
Louis Saha,80,ST,,0,,4,83,79,53,78,62,79,"184cm | 6'0""",0,-,-,Everton,France
Julio Ricardo Cruz,80,ST,,0,,4,75,81,60,77,67,84,"190cm | 6'3""",0,-,-,Lazio,Argentina
Nicola Legrottaglie,80,CB,,0,,3,74,58,62,57,82,84,"185cm | 6'1""",0,-,-,Juventus,Italy
Simone Perrotta,80,CM,,0,,3,80,74,78,75,78,74,"178cm | 5'10""",0,-,-,Roma,Italy
Jamie Carragher,80,CB,,0,,2,68,34,56,40,87,84,"183cm | 6'0""",0,-,-,Liverpool,England
Alberto Gilardino,80,ST,,0,,3,79,80,51,77,66,90,"184cm | 6'0""",0,-,-,Fiorentina,Italy
Marek Jankulovski,80,LWB,,0,,3,80,71,80,75,76,72,"183cm | 6'0""",0,-,-,Milan,Czech Republic
Alexander Manninger,80,GK,,0,,2,78,77,75,79,59,80,"188cm | 6'2""",0,-,-,Juventus,Austria
Luca Castellazzi,80,GK,,0,,1,80,77,75,81,52,80,"192cm | 6'4""",0,-,-,Sampdoria,Italy
Francisco Javier Casquero Paredes,80,CM,,0,,3,77,77,80,74,76,68,"180cm | 5'11""",0,-,-,Getafe C.F.,Spain
Ruud van Nistelrooy,80,ST,,0,,3,69,80,71,81,67,78,"188cm | 6'2""",0,-,-,Real Madrid C.F.,Netherlands
Carlos Marchena López,80,CB,,0,,5,67,55,70,66,83,82,"183cm | 6'0""",0,-,-,Valencia C.F.,Spain
El-Hadji Diouf,80,RF,,0,,4,85,77,64,84,60,62,"182cm | 6'0""",0,-,-,Blackburn Rovers,Senegal
Seydou Keita,80,CDM,,0,,3,77,73,75,75,84,78,"183cm | 6'0""",0,-,-,F.C. Barcelona,Mali
Cristiano Zanetti,80,CM,,0,,4,73,74,80,75,80,71,"180cm | 5'11""",0,-,-,Fiorentina,Italy
Andrew Johnson,80,ST,,0,,3,83,79,58,79,59,71,"170cm | 5'7""",0,-,-,Fulham,England
Martin Petrov,80,LW,,0,,2,82,81,79,78,51,46,"180cm | 5'11""",0,-,-,Manchester City,Bulgaria
Yaya Gnegneri Touré,80,CDM,,0,,4,75,70,76,79,86,80,"187cm | 6'2""",0,-,-,F.C. Barcelona,Ivory Coast
Juan Román Riquelme,80,CAM,,0,,4,67,81,90,85,58,58,"182cm | 6'0""",0,-,-,Boca Juniors,Argentina
Juliano Haus Belletti,80,RB,,0,,3,75,71,80,69,78,74,"179cm | 5'10""",0,-,-,Chelsea,Brazil
Antonio Floro Flores,80,ST,,0,,3,84,74,69,78,62,76,"182cm | 6'0""",0,-,-,Udinese,Italy
Zdeněk Grygera,80,RB,,0,,3,79,64,72,70,78,80,"185cm | 6'1""",0,-,-,Juventus,Czech Republic
Joaquín,80,RW,,0,,3,86,72,72,89,53,58,"179cm | 5'10""",0,-,-,Valencia C.F.,Spain
Rafael van der Vaart,80,CAM,,0,,4,74,84,86,82,58,62,"175cm | 5'9""",0,-,-,Real Madrid C.F.,Netherlands
Florent Malouda,80,LM,,0,,3,84,77,78,85,62,60,"181cm | 5'11""",0,-,-,Chelsea,France
Juan Silveira dos Santos,80,CB,,0,,3,70,50,65,62,83,88,"182cm | 6'0""",0,-,-,Roma,Brazil
Emiliano Moretti,80,LB,,0,,3,78,49,64,62,81,78,"185cm | 6'1""",0,-,-,Genoa,Italy
Jermaine Jenas,80,CM,,0,,3,79,79,78,74,74,71,"181cm | 5'11""",0,-,-,Tottenham Hotspur,England
Thiago Motta,80,CDM,,0,,4,73,70,80,76,82,77,"187cm | 6'2""",0,-,-,Inter,Brazil
John Heitinga,80,CB,,0,,3,78,55,72,62,80,79,"180cm | 5'11""",0,-,-,Everton,Netherlands
Kasey Keller,80,GK,,0,,2,72,83,76,81,55,78,"188cm | 6'2""",0,-,-,Seattle Sounders FC,United States
Matteo Sereni,80,GK,,0,,3,81,80,72,80,46,81,"186cm | 6'1""",0,-,-,F. Torino,Italy
Thomas Hitzlsperger,80,CDM,,0,,3,73,81,77,66,81,73,"184cm | 6'0""",0,-,-,VfB Stuttgart,Germany
Mark Bresciano,80,CAM,,0,,3,82,76,75,75,75,73,"182cm | 6'0""",0,-,-,Palermo,Australia
Cristian Daniel Ledesma,80,CM,,0,,4,75,75,82,77,74,69,"180cm | 5'11""",0,-,-,Lazio,Argentina
John Utaka,80,RF,,0,,3,86,74,63,80,60,74,"180cm | 5'11""",0,-,-,Portsmouth,Nigeria
Massimo Ambrosini,80,CDM,,0,,3,76,69,81,74,79,86,"182cm | 6'0""",0,-,-,Milan,Italy
Matt Taylor,80,LM,,0,,4,73,85,78,75,70,72,"178cm | 5'10""",0,-,-,Bolton Wanderers,England
Phil Jagielka,80,CB,,0,,3,73,52,72,56,83,78,"180cm | 5'11""",0,-,-,Everton,England
Jeronimo Maria Barreto Claudemir,80,ST,,0,,4,86,77,59,80,52,74,"179cm | 5'10""",0,-,-,VfB Stuttgart,Germany
Daniele Conti,80,CDM,,0,,3,77,73,80,75,77,70,"178cm | 5'10""",0,-,-,Cagliari,Italy
Hamit Altintop,80,RM,,0,,3,79,78,79,76,73,64,"183cm | 6'0""",0,-,-,Bayern München,Turkey
Yakubu Ayegbeni,80,ST,,0,,4,87,77,59,76,65,76,"183cm | 6'0""",0,-,-,Everton,Nigeria
Sergio Paulo Barbosa Valente,80,LM,,0,,3,79,77,83,78,65,60,"174cm | 5'9""",0,-,-,Málaga C.F.,Portugal
Daniel González Güiza,80,ST,,0,,4,82,80,61,75,58,72,"180cm | 5'11""",0,-,-,Fenerbahçe SK,Spain
Achille Emana,80,CAM,,0,,3,83,73,74,75,81,69,"180cm | 5'11""",0,-,-,Real Betis Balompié,Cameroon
Iraizoz,80,GK,,0,,3,74,75,72,82,57,83,"191cm | 6'3""",0,-,-,Athletic Club de Bilbao,Spain
Diego Benaglio,80,GK,,0,,3,82,81,74,83,35,78,"194cm | 6'4""",0,-,-,VfL Wolfsburg,Switzerland
Philipp Lahm,80,RWB,,0,,4,85,53,83,84,76,64,"170cm | 5'7""",0,-,-,Bayern München,Germany
Piotr Trochowski,80,LM,,0,,5,82,83,81,82,56,64,"169cm | 5'7""",0,-,-,Hamburger SV,Germany
Marco Borriello,80,ST,,0,,3,80,78,58,78,65,83,"185cm | 6'1""",0,-,-,Milan,Italy
Fábio Lopes Maciel,80,GK,,0,,3,73,79,70,85,73,77,"190cm | 6'3""",0,-,-,Cruzeiro,Brazil
Felipe Melo de Carvalho,80,CDM,,0,,2,73,70,82,74,83,79,"183cm | 6'0""",0,-,-,Juventus,Brazil
Anthony Réveillère,80,RB,,0,,4,83,61,74,54,78,75,"181cm | 5'11""",0,-,-,Olympique Lyonnais,France
Elano Blumer,80,CAM,,0,,4,83,81,79,82,59,61,"174cm | 5'9""",0,-,-,Galatasaray SK,Brazil
Bakari Koné,80,CF,,0,,4,87,76,68,81,53,58,"163cm | 5'4""",0,-,-,Olympique de Marseille,Ivory Coast
Kléber Giacomazzi de Souza Freitas,80,CF,,0,,4,78,76,72,82,71,72,"173cm | 5'8""",0,-,-,Cruzeiro,Brazil
Antonio Rodríguez Martínez,80,GK,,0,,3,85,68,72,80,55,80,"182cm | 6'0""",0,-,-,Real Racing Club,Spain
Nani,80,LW,,0,,4,87,77,70,87,53,48,"175cm | 5'9""",0,-,-,Manchester United,Portugal
Jô,80,ST,,0,,3,87,75,61,82,53,75,"189cm | 6'2""",0,-,-,Everton,Brazil
Pablo Zabaleta,80,RB,,0,,3,75,59,78,80,79,74,"173cm | 5'8""",0,-,-,Manchester City,Argentina
Guillermo Barros Schelotto,80,CF,,0,,4,75,78,85,81,63,65,"171cm | 5'7""",0,-,-,Columbus Crew,Argentina
Ismael Blanco,80,ST,,0,,3,79,75,63,79,56,86,"179cm | 5'10""",0,-,-,AEK Athens,Argentina
Iván Sánchez-Rico Soto,80,CF,,0,,3,85,74,69,79,59,74,"187cm | 6'2""",0,-,-,R.C. Deportivo,Spain
Luisão,80,CB,,0,,3,69,56,63,55,83,85,"192cm | 6'4""",0,-,-,Sport Lisboa Benfica,Brazil
Klaas-Jan Huntelaar,80,ST,,0,,4,74,82,60,76,63,82,"186cm | 6'1""",0,-,-,Milan,Netherlands
Capucho Nieves Jedaias,80,CF,,0,,3,84,75,69,78,60,77,"176cm | 5'9""",0,-,-,Cagliari,Brazil
Christian Pander,80,LWB,,0,,3,82,75,78,75,76,69,"186cm | 6'1""",0,-,-,FC Schalke 04,Germany
Daniel Agger,80,CB,,0,,4,72,69,65,60,81,87,"189cm | 6'2""",0,-,-,Liverpool,Denmark
Gaël Clichy,80,LWB,,0,,4,90,45,78,82,75,71,"182cm | 6'0""",0,-,-,Arsenal,France
Edinaldo Batista Libanio,80,ST,,0,,4,79,79,58,77,68,84,"189cm | 6'2""",0,-,-,VfL Wolfsburg,Brazil
Edgar Barreto,80,CM,,0,,4,77,77,78,76,74,58,"182cm | 6'0""",0,-,-,Atalanta,Paraguay
Koffi Romaric N'Dri,80,CAM,,0,,4,77,76,81,77,71,71,"186cm | 6'1""",0,-,-,Sevilla F.C.,Ivory Coast
Hugo Ibarra,80,RWB,,0,,4,82,73,71,73,76,74,"171cm | 5'7""",0,-,-,Boca Juniors,Argentina
Ryan Babel,80,LW,,0,,3,87,73,68,87,56,60,"183cm | 6'0""",0,-,-,Liverpool,Netherlands
Manuel Fernandes,80,CM,,0,,4,82,67,76,82,80,65,"175cm | 5'9""",0,-,-,Valencia C.F.,Portugal
Jefferson Farfán,80,CF,,0,,4,88,76,73,85,58,50,"178cm | 5'10""",0,-,-,FC Schalke 04,Peru
Jesús Gámez Duarte,80,RB,,0,,3,78,48,66,67,81,72,"182cm | 6'0""",0,-,-,Málaga C.F.,Spain
Frederico Chaves Guedes,80,ST,,0,,4,77,80,67,74,62,82,"185cm | 6'1""",0,-,-,Flu. Rio de Janeiro,Brazil
Leighton Baines,80,LB,,0,,3,79,73,82,78,77,72,"170cm | 5'7""",0,-,-,Everton,England
Thiago Silva,80,CB,,0,,4,84,62,44,58,80,80,"183cm | 6'0""",0,-,-,Milan,Brazil
Marcell Jansen,80,LM,,0,,3,85,66,80,75,74,76,"191cm | 6'3""",0,-,-,Hamburger SV,Germany
Stéphane Ruffier,80,GK,,0,,3,80,79,76,83,26,78,"187cm | 6'2""",0,-,-,AS Monaco FC,France
Antonio Valencia,80,RW,,0,,4,88,73,70,85,67,62,"181cm | 5'11""",0,-,-,Manchester United,Ecuador
David Silva,80,LM,,0,,3,85,84,78,88,57,61,"171cm | 5'7""",0,-,-,Valencia C.F.,Spain
Rafinha,80,RWB,,0,,3,85,58,76,80,76,68,"172cm | 5'8""",0,-,-,FC Schalke 04,Brazil
Stephen Ireland,80,CAM,,0,,4,80,79,76,80,74,66,"175cm | 5'9""",0,-,-,Manchester City,Republic of Ireland
Claudio Marchisio,80,CM,,0,,3,79,73,78,77,77,66,"179cm | 5'10""",0,-,-,Juventus,Italy
Mariano Andújar,80,GK,,0,,3,76,78,77,79,59,78,"194cm | 6'4""",0,-,-,Catania,Argentina
Marcelo,80,LM,,0,,2,86,63,80,81,73,64,"174cm | 5'9""",0,-,-,Real Madrid C.F.,Brazil
Hernanes,80,CM,,0,,5,75,77,77,80,76,66,"180cm | 5'11""",0,-,-,São Paulo,Brazil
Vassilis Torosidis,80,RB,,0,,3,88,52,70,69,77,68,"186cm | 6'1""",0,-,-,Olympiakos CFP,Greece
Vedran Corluka,80,RB,,0,,3,76,58,73,71,79,84,"193cm | 6'4""",0,-,-,Tottenham Hotspur,Croatia
Alexis Sánchez,80,RF,,0,,4,88,74,74,85,65,57,"171cm | 5'7""",0,-,-,Udinese,Chile
Victor Leandro Bagy,80,GK,,0,,3,80,75,72,80,50,83,"193cm | 6'4""",0,-,-,G. Porto Alegre,Brazil
Joe Cole,79,RM,,0,,4,81,79,77,90,61,56,"176cm | 5'9""",0,-,-,Chelsea,England
Felipe Dal Bello,79,CB,,0,,3,74,55,63,59,80,81,"186cm | 6'1""",0,-,-,Udinese,Brazil
Marco Di Vaio,79,ST,,0,,4,80,79,63,75,61,74,"179cm | 5'10""",0,-,-,Bologna,Italy
Carlo Cudicini,79,GK,,0,,3,78,79,71,80,51,77,"185cm | 6'1""",0,-,-,Tottenham Hotspur,Italy
Grégory Coupet,79,GK,,0,,3,80,81,74,75,36,80,"181cm | 5'11""",0,-,-,Paris Saint-Germain,France
Maarten Stekelenburg,79,GK,,0,,3,78,75,79,75,64,77,"194cm | 6'4""",0,-,-,Ajax,Netherlands
Cristiano Doni,79,CAM,,0,,3,74,77,78,78,74,70,"185cm | 6'1""",0,-,-,Atalanta,Italy
Stiliyan Petrov,79,CM,,0,,4,74,71,80,78,76,68,"180cm | 5'11""",0,-,-,Aston Villa,Bulgaria
Ricardo Alexandre Martins Soares Pereira,79,GK,,0,,3,77,74,80,79,48,74,"185cm | 6'1""",0,-,-,Real Betis Balompié,Portugal
Shaun Wright-Phillips,79,RW,,0,,3,92,72,70,89,50,36,"166cm | 5'5""",0,-,-,Manchester City,England
Ricardo Alberto Silveira de Carvalho,79,CB,,0,,3,69,43,62,50,84,86,"183cm | 6'0""",0,-,-,Chelsea,Portugal
José Filipe da Silva Moreira,79,GK,,0,,3,77,80,74,78,58,79,"185cm | 6'1""",0,-,-,Sport Lisboa Benfica,Portugal
Tiago Cardoso Mendes,79,CM,,0,,3,79,71,80,77,70,70,"183cm | 6'0""",0,-,-,Juventus,Portugal
Marco Marchionni,79,RM,,0,,3,83,69,78,79,69,70,"175cm | 5'9""",0,-,-,Fiorentina,Italy
Mickaël Pagis,79,CF,,0,,5,65,81,79,76,63,78,"180cm | 5'11""",0,-,-,Stade Rennais FC,France
Michael Owen,79,ST,,0,,4,85,74,61,79,58,78,"173cm | 5'8""",0,-,-,Manchester United,England
Torsten Frings,79,CDM,,0,,4,59,73,85,74,84,72,"182cm | 6'0""",0,-,-,Werder Bremen,Germany
Wilfred Bouma,79,LB,,0,,3,81,63,69,48,78,76,"178cm | 5'10""",0,-,-,Aston Villa,Netherlands
Hans-Jörg Butt,79,GK,,0,,3,73,81,82,75,37,82,"191cm | 6'3""",0,-,-,Bayern München,Germany
Djibril Cissé,79,ST,,0,,3,88,79,52,69,60,75,"182cm | 6'0""",0,-,-,Panathinaikos FC,France
Joris Mathijsen,79,CB,,0,,3,74,42,69,53,82,76,"183cm | 6'0""",0,-,-,Hamburger SV,Netherlands
Sérgio Paulo Conceição,79,RW,,0,,4,71,77,83,82,59,58,"177cm | 5'10""",0,-,-,PAOK,Portugal
Scott Parker,79,CM,,0,,3,76,72,76,71,80,74,"175cm | 5'9""",0,-,-,West Ham United,England
José María Gutiérrez Hernández,79,CAM,,0,,4,69,78,87,82,61,62,"185cm | 6'1""",0,-,-,Real Madrid C.F.,Spain
Pablo César Aimar,79,CAM,,0,,3,82,74,83,87,57,62,"170cm | 5'7""",0,-,-,Sport Lisboa Benfica,Argentina
Arne Friedrich,79,CB,,0,,3,78,48,62,62,80,82,"185cm | 6'1""",0,-,-,Hertha BSC,Germany
Chris Kirkland,79,GK,,0,,3,80,78,80,78,50,73,"191cm | 6'3""",0,-,-,Wigan Athletic,England
Luciano Martín Galletti,79,RM,,0,,4,87,74,78,84,58,58,"175cm | 5'9""",0,-,-,Olympiakos CFP,Argentina
Francisco Javier Yeste Navarro,79,LM,,0,,3,78,82,84,82,53,68,"184cm | 6'0""",0,-,-,Athletic Club de Bilbao,Spain
Leonardo de Deus Santos,79,LB,,0,,2,80,69,81,78,75,70,"176cm | 5'9""",0,-,-,Borussia Dortmund,Brazil
Roque Santa Cruz,79,ST,,0,,4,77,77,58,78,65,88,"191cm | 6'3""",0,-,-,Manchester City,Paraguay
Tim Borowski,79,CM,,0,,5,71,80,77,71,77,80,"194cm | 6'4""",0,-,-,Werder Bremen,Germany
Souleymane Diawara,79,CB,,0,,3,71,45,59,48,83,84,"187cm | 6'2""",0,-,-,Olympique de Marseille,Senegal
Sylvain Armand,79,LB,,0,,3,76,66,78,73,77,72,"182cm | 6'0""",0,-,-,Paris Saint-Germain,France
Barry Ferguson,79,CM,,0,,2,70,75,84,73,72,60,"178cm | 5'10""",0,-,-,Birmingham City,Scotland
Pascal Chimbonda,79,RB,,0,,4,82,50,67,76,76,86,"180cm | 5'11""",0,-,-,Blackburn Rovers,France
Daniele Bonera,79,CB,,0,,3,80,51,71,61,79,76,"183cm | 6'0""",0,-,-,Milan,Italy
Fabio Grosso,79,LB,,0,,3,75,63,77,69,79,63,"190cm | 6'3""",0,-,-,Juventus,Italy
Geovanni Deiberson Maurício,79,RW,,0,,3,80,80,65,82,45,48,"172cm | 5'8""",0,-,-,Hull City,Brazil
Fábio Rochemback,79,CM,,0,,4,73,79,78,74,73,64,"183cm | 6'0""",0,-,-,G. Porto Alegre,Brazil
Morten Gamst Pedersen,79,LM,,0,,4,77,83,79,78,63,68,"183cm | 6'0""",0,-,-,Blackburn Rovers,Norway
Daniel Aranzubia Aguado,79,GK,,0,,3,75,69,77,81,62,80,"187cm | 6'2""",0,-,-,R.C. Deportivo,Spain
Darren Bent,79,ST,,0,,3,90,75,50,77,63,79,"180cm | 5'11""",0,-,-,Sunderland,England
Stefano Mauri,79,CAM,,0,,4,78,73,81,79,69,72,"184cm | 6'0""",0,-,-,Lazio,Italy
Angelo Palombo,79,CDM,,0,,3,74,70,80,73,80,74,"177cm | 5'10""",0,-,-,Sampdoria,Italy
Per Mertesacker,79,CB,,0,,3,73,40,55,47,84,87,"198cm | 6'6""",0,-,-,Werder Bremen,Germany
Robbie Blake,79,CF,,0,,4,77,80,78,80,53,50,"175cm | 5'9""",0,-,-,Burnley,England
Zvjezdan Misimović,79,CAM,,0,,4,70,78,86,84,60,58,"180cm | 5'11""",0,-,-,VfL Wolfsburg,Bosnia Herzegovina
Simone Pepe,79,RW,,0,,3,84,74,76,78,70,64,"179cm | 5'10""",0,-,-,Udinese,Italy
Artur Boruc,79,GK,,0,,3,81,78,69,84,31,81,"193cm | 6'4""",0,-,-,Celtic,Poland
Marcelo dos Santos,79,CF,,0,,4,73,78,75,83,53,56,"175cm | 5'9""",0,-,-,Coritiba,Brazil
Yohann Pelé,79,GK,,0,,3,77,75,71,87,51,73,"196cm | 6'5""",0,-,-,Toulouse FC,France
Albert Riera Ortega,79,LM,,0,,3,82,76,80,86,60,72,"188cm | 6'2""",0,-,-,Liverpool,Spain
Moyá,79,GK,,0,,4,81,74,74,81,48,77,"185cm | 6'1""",0,-,-,Valencia C.F.,Spain
Juan Manuel Ortiz Palazón,79,RW,,0,,3,80,75,72,76,66,72,"179cm | 5'10""",0,-,-,U.D. Almería,Spain
Jermaine Jones,79,CDM,,0,,4,85,69,72,73,83,73,"184cm | 6'0""",0,-,-,FC Schalke 04,United States
Juán Francisco Martínez Modesto,79,ST,,0,,4,83,77,62,76,60,68,"169cm | 5'7""",0,-,-,C.D. Tenerife,Spain
Youssouf Hadji,79,CF,,0,,3,82,73,72,76,62,80,"183cm | 6'0""",0,-,-,A.S. Nancy Lorraine,Morocco
Simon Rolfes,79,CDM,,0,,4,75,67,81,75,79,75,"191cm | 6'3""",0,-,-,Bayer 04 Leverkusen,Germany
Michael Rensing,79,GK,,0,,4,81,69,74,85,63,70,"188cm | 6'2""",0,-,-,Bayern München,Germany
Bastian Schweinsteiger,79,RM,,0,,3,68,85,83,84,61,60,"183cm | 6'0""",0,-,-,Bayern München,Germany
Logan Bailly,79,GK,,0,,4,79,65,80,85,62,71,"190cm | 6'3""",0,-,-,Borussia M'gladbach,Belgium
Hugo Campagnaro,79,CB,,0,,3,76,57,64,68,80,76,"181cm | 5'11""",0,-,-,Napoli,Argentina
Jan Schlaudraff,79,LF,,0,,4,88,74,71,84,47,53,"182cm | 6'0""",0,-,-,Hannover 96,Germany
Emmanuel Eboué,79,RM,,0,,3,86,61,72,81,82,76,"178cm | 5'10""",0,-,-,Arsenal,Ivory Coast
Cícero João De Cezare,79,RWB,,0,,3,85,62,78,76,75,66,"172cm | 5'8""",0,-,-,Roma,Brazil
Dagoberto Pelentier,79,RF,,0,,4,83,74,73,81,63,65,"175cm | 5'9""",0,-,-,São Paulo,Brazil
Sergio García,79,ST,,0,,3,80,76,74,75,59,76,"175cm | 5'9""",0,-,-,Real Betis Balompié,Spain
Andrea Barzagli,79,CB,,0,,3,71,42,62,60,82,81,"186cm | 6'1""",0,-,-,VfL Wolfsburg,Italy
Vágner Love,79,ST,,0,,4,80,76,55,82,62,76,"171cm | 5'7""",0,-,-,Palmeiras,Brazil
Diego Tardelli,79,ST,,0,,4,81,77,68,76,61,68,"179cm | 5'10""",0,-,-,Atlético Mineiro,Brazil
Andrés D'Alessandro,79,CAM,,0,,3,77,77,83,86,57,52,"174cm | 5'9""",0,-,-,I. Porto Alegre,Argentina
Fernando Cavenaghi,79,ST,,0,,3,76,78,71,76,62,71,"181cm | 5'11""",0,-,-,Girondins de Bordeaux,Argentina
Maximiliano Gastón López,79,ST,,0,,4,77,76,74,73,64,80,"188cm | 6'2""",0,-,-,G. Porto Alegre,Argentina
Pietro Accardi,79,CB,,0,,3,82,53,66,65,78,76,"182cm | 6'0""",0,-,-,Sampdoria,Italy
Anderson Corrêa Polga,79,CB,,0,,3,75,60,67,62,80,75,"182cm | 6'0""",0,-,-,Sporting CP,Brazil
Daniel Alberto Díaz,79,CB,,0,,3,69,52,57,47,84,79,"182cm | 6'0""",0,-,-,Getafe C.F.,Argentina
César Delgado,79,RF,,0,,4,82,72,74,80,58,70,"174cm | 5'9""",0,-,-,Olympique Lyonnais,Argentina
Dimitar Ivankov,79,GK,,0,,3,76,73,75,81,62,78,"187cm | 6'2""",0,-,-,Bursaspor,Bulgaria
Giourkas Seitaridis,79,RB,,0,,3,80,49,70,73,79,64,"185cm | 6'1""",0,-,-,Panathinaikos FC,Greece
Rubén Baraja Vegas,79,CM,,0,,5,64,79,82,75,74,72,"180cm | 5'11""",0,-,-,Valencia C.F.,Spain
Lucas Lobos,79,CF,,0,,4,81,74,77,77,61,66,"175cm | 5'9""",0,-,-,Tigres U.A.N.L.,Argentina
Milan Jovanović,79,LF,,0,,3,88,72,66,82,68,64,"183cm | 6'0""",0,-,-,Standard de Liège,Serbia
Gökhan Gönül,79,RWB,,0,,3,86,56,70,79,76,62,"174cm | 5'9""",0,-,-,Fenerbahçe SK,Turkey
Negredo,79,ST,,0,,3,72,80,59,73,66,88,"186cm | 6'1""",0,-,-,Sevilla F.C.,Spain
Álvaro Arbeloa Coca,79,RB,,0,,3,75,52,71,62,80,70,"183cm | 6'0""",0,-,-,Real Madrid C.F.,Spain
Soldado,79,ST,,0,,3,82,76,51,79,60,78,"179cm | 5'10""",0,-,-,Getafe C.F.,Spain
Pavel Pogrebnyak,79,ST,,0,,4,73,83,64,68,66,86,"188cm | 6'2""",0,-,-,VfB Stuttgart,Russia
Joe Hart,79,GK,,0,,3,78,77,76,83,50,70,"191cm | 6'3""",0,-,-,Birmingham City,England
Steven Davis,79,CM,,0,,3,78,71,76,81,78,69,"173cm | 5'8""",0,-,-,Rangers,Northern Ireland
Diego de Souza Andrade,79,CAM,,0,,4,78,78,72,86,73,71,"186cm | 6'1""",0,-,-,Palmeiras,Brazil
Luis Amaranto Perea,79,CB,,0,,3,79,37,61,52,81,80,"180cm | 5'11""",0,-,-,Atlético de Madrid,Colombia
Cristian Sapunaru,79,RB,,0,,3,76,55,67,68,78,81,"187cm | 6'2""",0,-,-,FC Porto,Romania
Mathieu Flamini,79,CM,,0,,3,81,63,79,76,78,72,"178cm | 5'10""",0,-,-,Milan,France
Antonio Nocerino,79,CM,,0,,3,78,70,75,76,80,66,"178cm | 5'10""",0,-,-,Palermo,Italy
Thomas Vermaelen,79,CB,,0,,3,71,54,69,59,80,84,"182cm | 6'0""",0,-,-,Arsenal,Belgium
Ibrahim Afellay,79,CAM,,0,,5,83,76,80,85,57,54,"180cm | 5'11""",0,-,-,PSV,Netherlands
Mathieu Chalmé,79,RB,,0,,3,81,60,82,68,77,70,"175cm | 5'9""",0,-,-,Girondins de Bordeaux,France
Bafétimbi Gomis,79,ST,,0,,3,88,75,58,76,66,76,"184cm | 6'0""",0,-,-,Olympique Lyonnais,France
Tiberio Guarente,79,CM,,0,,3,75,74,79,74,76,70,"182cm | 6'0""",0,-,-,Atalanta,Italy
Moussa Dembélé,79,CF,,0,,4,79,75,70,84,68,68,"183cm | 6'0""",0,-,-,AZ Alkmaar,Belgium
Jorge Wagner Góes Conceição,79,LM,,0,,2,72,74,83,76,72,66,"178cm | 5'10""",0,-,-,São Paulo,Brazil
Rolando,79,CB,,0,,3,75,53,62,61,80,83,"190cm | 6'3""",0,-,-,FC Porto,Portugal
Ben Foster,79,GK,,0,,2,80,75,77,79,53,74,"188cm | 6'2""",0,-,-,Manchester United,England
Abou Diaby,79,CM,,0,,2,80,69,73,80,80,78,"191cm | 6'3""",0,-,-,Arsenal,France
Eduardo,79,GK,,0,,3,79,75,74,80,45,80,"187cm | 6'2""",0,-,-,SC Braga,Portugal
André Gonçalves Dias,79,CB,,0,,1,72,51,63,55,81,81,"184cm | 6'0""",0,-,-,São Paulo,Brazil
Onuoha,79,CB,,0,,3,87,41,60,54,79,72,"183cm | 6'0""",0,-,-,Manchester City,England
Chinedu Obasi,79,ST,,0,,3,92,72,62,78,55,66,"188cm | 6'2""",0,-,-,TSG 1899 Hoffenheim,Nigeria
Brad Guzan,79,GK,,0,,3,82,73,75,84,51,71,"193cm | 6'4""",0,-,-,Aston Villa,United States
Theo Walcott,79,RW,,0,,3,95,72,68,83,57,50,"175cm | 5'9""",0,-,-,Arsenal,England
Patrick Helmes,79,ST,,0,,4,83,79,59,74,60,72,"183cm | 6'0""",0,-,-,Bayer 04 Leverkusen,Germany
Juan Pablo Carrizo,79,GK,,0,,2,78,75,74,79,57,80,"187cm | 6'2""",0,-,-,Real Zaragoza,Argentina
Gianluca Curci,79,GK,,0,,2,75,79,73,83,54,77,"191cm | 6'3""",0,-,-,Siena,Italy
Zdravko Kuzmanovic,79,CM,,0,,3,78,74,77,80,70,60,"187cm | 6'2""",0,-,-,VfB Stuttgart,Serbia
Carlos Vela,79,ST,,0,,3,84,72,74,80,50,70,"178cm | 5'10""",0,-,-,Arsenal,Mexico
Lee Cattermole,79,CM,,0,,4,76,70,78,71,81,69,"178cm | 5'10""",0,-,-,Sunderland,England
Giovani dos Santos,79,CF,,0,,4,86,72,70,84,47,58,"171cm | 5'7""",0,-,-,Tottenham Hotspur,Mexico
Gervais Yao Kouassi,79,CF,,0,,4,80,73,64,83,63,73,"179cm | 5'10""",0,-,-,LOSC Lille Métropole,Ivory Coast
Marco Motta,79,RWB,,0,,3,82,66,74,74,75,69,"183cm | 6'0""",0,-,-,Roma,Italy
Marek Hamšik,79,CAM,,0,,4,83,76,77,81,65,74,"183cm | 6'0""",0,-,-,Napoli,Slovakia
Danijel Pranjić,79,LM,,0,,3,81,75,78,77,68,62,"170cm | 5'7""",0,-,-,Bayern München,Croatia
Luca Cigarini,79,CM,,0,,4,77,72,78,77,73,56,"175cm | 5'9""",0,-,-,Napoli,Italy
Marko Pantelić,79,ST,,0,,3,82,75,66,78,60,76,"183cm | 6'0""",0,-,-,Ajax,Serbia
David Ospina,79,GK,,0,,3,80,77,76,80,38,75,"183cm | 6'0""",0,-,-,OGC Nice,Colombia
Marouane Fellaini,79,CDM,,0,,4,75,70,76,77,82,89,"194cm | 6'4""",0,-,-,Everton,Belgium
Nacho Monreal,79,LWB,,0,,4,82,61,69,69,77,75,"178cm | 5'10""",0,-,-,Club Atlético Osasuna,Spain
Cristian Zapata,79,CB,,0,,3,75,54,62,59,80,75,"187cm | 6'2""",0,-,-,Udinese,Colombia
Miguel Luís Pinto Veloso,79,CDM,,0,,4,74,75,78,75,77,71,"180cm | 5'11""",0,-,-,Sporting CP,Portugal
Takayuki Morimoto,79,ST,,0,,4,87,73,64,76,65,73,"180cm | 5'11""",0,-,-,Catania,Japan
Robert Acquafresca,79,ST,,0,,3,78,76,65,76,59,80,"184cm | 6'0""",0,-,-,Atalanta,Italy
Loïc Rémy,79,RF,,0,,2,83,75,66,76,58,76,"184cm | 6'0""",0,-,-,OGC Nice,France
David Luiz,79,CB,,0,,3,76,61,67,70,78,78,"189cm | 6'2""",0,-,-,Sport Lisboa Benfica,Brazil
Neven Subotic,79,CB,,0,,3,74,66,64,62,79,84,"193cm | 6'4""",0,-,-,Borussia Dortmund,Serbia
Ramires Santos do Nascimento,79,CM,,0,,3,87,69,74,78,75,73,"180cm | 5'11""",0,-,-,Sport Lisboa Benfica,Brazil
Davide Santon,79,RWB,,0,,3,85,54,69,72,76,70,"187cm | 6'2""",0,-,-,Inter,Italy
Giovanni Pasquale,78,LWB,,0,,3,80,65,74,71,75,70,"182cm | 6'0""",0,-,-,Udinese,Italy
Emre Belözoğlu,78,CM,,0,,3,70,76,81,86,66,49,"171cm | 5'7""",0,-,-,Fenerbahçe SK,Turkey
Jonathan Zebina,78,RB,,0,,3,80,52,72,71,76,81,"184cm | 6'0""",0,-,-,Juventus,France
Dean Ashton,78,ST,,0,,4,73,79,57,76,75,82,"185cm | 6'1""",0,-,-,West Ham United,England
Roberto Carlos,78,LB,,0,,2,78,72,75,74,76,53,"168cm | 5'6""",0,-,-,Fenerbahçe SK,Brazil
Christian Panucci,78,CB,,0,,3,70,57,69,65,78,85,"184cm | 6'0""",0,-,-,Parma,Italy
Nicola Amoruso,78,ST,,0,,4,74,75,65,76,63,81,"184cm | 6'0""",0,-,-,Parma,Italy
Fabio Cannavaro,78,CB,,0,,3,68,31,65,57,83,88,"176cm | 5'9""",0,-,-,Juventus,Italy
Claudio Bellucci,78,CF,,0,,3,77,77,71,78,58,62,"173cm | 5'8""",0,-,-,Sampdoria,Italy
Rigobert Song,78,CB,,0,,2,69,38,57,55,83,79,"183cm | 6'0""",0,-,-,Trabzonspor,Cameroon
Johan Elmander,78,ST,,0,,4,80,74,62,76,63,78,"188cm | 6'2""",0,-,-,Bolton Wanderers,Sweden
Sergio Volpi,78,CM,,0,,4,75,73,78,75,70,68,"174cm | 5'9""",0,-,-,Reggina,Italy
Morgan De Sanctis,78,GK,,0,,3,75,76,70,80,42,80,"190cm | 6'3""",0,-,-,Napoli,Italy
Antonios Nikopolidis,78,GK,,0,,3,76,73,71,79,33,85,"187cm | 6'2""",0,-,-,Olympiakos CFP,Greece
Giorgios Karagounis,78,CAM,,0,,4,73,81,79,76,62,66,"176cm | 5'9""",0,-,-,Panathinaikos FC,Greece
Hernán Crespo,78,ST,,0,,3,73,78,46,78,61,86,"184cm | 6'0""",0,-,-,Genoa,Argentina
Mate Bilic,78,ST,,0,,3,76,77,62,72,64,81,"185cm | 6'1""",0,-,-,Real Sporting de Gijón,Croatia
Tomáš Rosický,78,CAM,,0,,4,77,79,83,85,52,48,"178cm | 5'10""",0,-,-,Arsenal,Czech Republic
Yossi Benayoun,78,CAM,,0,,4,83,74,80,84,54,59,"178cm | 5'10""",0,-,-,Liverpool,Israel
Enzo Maresca,78,CM,,0,,4,73,77,84,80,61,73,"180cm | 5'11""",0,-,-,Olympiakos CFP,Italy
Josip Šimunić,78,CB,,0,,4,70,39,66,43,82,86,"195cm | 6'5""",0,-,-,TSG 1899 Hoffenheim,Croatia
Fabian Ernst,78,CDM,,0,,3,73,68,80,70,80,75,"183cm | 6'0""",0,-,-,Beşiktaş JK,Germany
Olivier Kapo,78,LF,,0,,3,81,76,58,80,57,67,"185cm | 6'1""",0,-,-,Wigan Athletic,France
Pedro Miguel da Silva Mendes,78,CM,,0,,3,64,78,83,80,68,57,"173cm | 5'8""",0,-,-,Rangers,Portugal
Artur Wichniarek,78,ST,,0,,4,84,76,59,72,58,70,"183cm | 6'0""",0,-,-,Hertha BSC,Poland
Jimmy Bullard,78,CM,,0,,3,72,75,78,76,73,64,"180cm | 5'11""",0,-,-,Hull City,England
Nuno Ricardo de Oliveira Ribeiro,78,CM,,0,,4,66,76,82,80,68,64,"173cm | 5'8""",0,-,-,1. FC Köln,Portugal
Joaquim Manuel Sampaio Silva,78,GK,,0,,1,78,74,71,82,47,77,"184cm | 6'0""",0,-,-,Sport Lisboa Benfica,Portugal
Rodrigo Tello,78,LM,,0,,3,78,74,82,81,58,52,"170cm | 5'7""",0,-,-,Beşiktaş JK,Chile
Julian De Guzman,78,CDM,,0,3.0,3,82,66,76,76,76,71,"169cm | 5'7""",0,-,-,Toronto FC,Canada
Marcelo Bordon,78,CB,,0,,4,57,60,65,57,84,86,"189cm | 6'2""",0,-,-,FC Schalke 04,Brazil
Henrique Ewerthon de Souza,78,CF,,0,,3,86,71,64,81,49,71,"175cm | 5'9""",0,-,-,Real Zaragoza,Brazil
Shunsuke Nakamura,78,RM,,0,,4,78,80,83,84,49,30,"178cm | 5'10""",0,-,-,R.C.D. Espanyol,Japan
Matthieu Delpierre,78,CB,,0,,4,75,52,65,54,78,84,"193cm | 6'4""",0,-,-,VfB Stuttgart,France
Benoît Pedretti,78,CDM,,0,,3,77,67,78,76,74,70,"177cm | 5'10""",0,-,-,AJ Auxerre,France
James McFadden,78,CF,,0,,3,76,77,68,81,60,61,"178cm | 5'10""",0,-,-,Birmingham City,Scotland
Marco Cassetti,78,RB,,0,,3,78,61,72,65,76,73,"187cm | 6'2""",0,-,-,Roma,Italy
Andreas Hinkel,78,RB,,0,,3,80,43,73,79,77,68,"183cm | 6'0""",0,-,-,Celtic,Germany
Matteo Brighi,78,CDM,,0,,3,76,68,78,71,76,74,"179cm | 5'10""",0,-,-,Roma,Italy
Markus Rosenberg,78,ST,,0,,4,84,75,49,77,56,77,"185cm | 6'1""",0,-,-,Werder Bremen,Sweden
Allan McGregor,78,GK,,0,,3,81,76,72,81,33,77,"183cm | 6'0""",0,-,-,Rangers,Scotland
Stefano Sorrentino,78,GK,,0,,3,74,71,78,81,54,75,"186cm | 6'1""",0,-,-,Chievo Verona,Italy
Thomas Kahlenberg,78,CAM,,0,,4,80,74,82,82,58,62,"183cm | 6'0""",0,-,-,VfL Wolfsburg,Denmark
Cristian Zaccardo,78,RB,,0,,4,80,50,72,68,76,77,"183cm | 6'0""",0,-,-,Parma,Italy
Ledley King,78,CB,,0,,3,78,32,44,52,81,84,"188cm | 6'2""",0,-,-,Tottenham Hotspur,England
Maurizio Domizzi,78,CB,,0,,3,73,65,65,58,79,72,"185cm | 6'1""",0,-,-,Udinese,Italy
Kevin Nolan,78,CM,,0,,3,70,79,74,69,79,81,"183cm | 6'0""",0,-,-,Newcastle United,England
Ioannis Amanatidis,78,ST,,0,,3,84,75,57,73,59,74,"183cm | 6'0""",0,-,-,Eintracht Frankfurt,Greece
Luke Young,78,RB,,0,,3,77,57,77,65,77,72,"183cm | 6'0""",0,-,-,Aston Villa,England
Kalu Uche,78,CF,,0,,4,80,70,66,76,71,90,"179cm | 5'10""",0,-,-,U.D. Almería,Nigeria
Rüştü Reçber,78,GK,,0,,1,72,79,64,83,44,83,"186cm | 6'1""",0,-,-,Beşiktaş JK,Turkey
Giuseppe Sculli,78,ST,,0,,3,82,74,67,75,74,71,"177cm | 5'10""",0,-,-,Genoa,Italy
Fernando Navarro Corbacho,78,LB,,0,,3,77,56,71,72,76,72,"178cm | 5'10""",0,-,-,Sevilla F.C.,Spain
Tom Huddlestone,78,CM,,0,,3,74,73,79,67,76,70,"190cm | 6'3""",0,-,-,Tottenham Hotspur,England
Clemens Fritz,78,RB,,0,,3,86,51,72,73,73,74,"183cm | 6'0""",0,-,-,Werder Bremen,Germany
Aduriz,78,ST,,0,,4,80,74,69,73,64,79,"182cm | 6'0""",0,-,-,R.C.D. Mallorca,Spain
Halil Altintop,78,CF,,0,,4,83,75,60,75,59,77,"186cm | 6'1""",0,-,-,FC Schalke 04,Turkey
Stephan Lichtsteiner,78,RWB,,0,,3,77,48,73,71,77,74,"183cm | 6'0""",0,-,-,Lazio,Switzerland
Jonathan Sesma González,78,LW,,0,,3,79,74,72,76,52,68,"175cm | 5'9""",0,-,-,Real Valladolid C.F.,Spain
Federico Balzaretti,78,LWB,,0,,3,81,58,74,70,75,73,"178cm | 5'10""",0,-,-,Palermo,Italy
Nelson Valdez,78,ST,,0,,4,83,72,65,74,66,84,"178cm | 5'10""",0,-,-,Borussia Dortmund,Paraguay
Anatoliy Tymoschuk,78,CDM,,0,,3,78,64,79,62,85,78,"181cm | 5'11""",0,-,-,Bayern München,Ukraine
Arouna Koné,78,ST,,0,,3,87,74,52,78,58,68,"181cm | 5'11""",0,-,-,Sevilla F.C.,Ivory Coast
Arnaldo Ariel Ortega,78,CAM,,0,,4,76,80,81,77,57,73,"170cm | 5'7""",0,-,-,River Plate,Argentina
Mehmet Topuz,78,CAM,,0,,3,80,78,75,82,62,62,"183cm | 6'0""",0,-,-,Fenerbahçe SK,Turkey
Steve Sidwell,78,CM,,0,,3,75,72,77,70,75,64,"178cm | 5'10""",0,-,-,Aston Villa,England
Benni McCarthy,78,ST,,0,,4,74,77,63,76,59,74,"183cm | 6'0""",0,-,-,Blackburn Rovers,South Africa
Rubens Fernando Moedim,78,GK,,0,,2,76,75,73,80,40,78,"186cm | 6'1""",0,-,-,Palermo,Brazil
Marc Planus,78,CB,,0,,3,73,52,60,50,81,81,"183cm | 6'0""",0,-,-,Girondins de Bordeaux,France
Cristiano Marques Gomes,78,CB,,0,,3,74,57,68,40,80,80,"183cm | 6'0""",0,-,-,Olympique Lyonnais,Brazil
Alexis,78,CB,,0,,4,75,35,56,61,80,84,"183cm | 6'0""",0,-,-,Valencia C.F.,Spain
Fernando Menegazzo,78,CM,,0,,3,71,70,78,76,80,74,"186cm | 6'1""",0,-,-,Girondins de Bordeaux,Brazil
Stefan Kießling,78,ST,,0,,3,79,75,66,70,60,81,"191cm | 6'3""",0,-,-,Bayer 04 Leverkusen,Germany
Mattia Cassani,78,RWB,,0,,3,78,52,71,65,77,67,"184cm | 6'0""",0,-,-,Palermo,Italy
Diego Lugano,78,CB,,0,,2,76,47,46,32,82,86,"188cm | 6'2""",0,-,-,Fenerbahçe SK,Uruguay
Benjani Mwaruwari,78,ST,,0,,3,83,71,58,78,64,83,"182cm | 6'0""",0,-,-,Manchester City,Zimbabwe
Darren Fletcher,78,CM,,0,,3,76,62,80,74,79,77,"184cm | 6'0""",0,-,-,Manchester United,Scotland
Nigel Reo-Coker,78,CM,,0,,3,83,67,70,75,81,69,"175cm | 5'9""",0,-,-,Aston Villa,England
Andrea Gasbarroni,78,RW,,0,,3,77,76,80,81,58,48,"175cm | 5'9""",0,-,-,F. Torino,Italy
Pável Pardo,78,CDM,,0,,3,72,73,78,70,78,64,"175cm | 5'9""",0,-,-,América,Mexico
Alan Hutton,78,RB,,0,,3,81,45,64,67,77,74,"185cm | 6'1""",0,-,-,Tottenham Hotspur,Scotland
Nasief Morris,78,CB,,0,,3,80,62,61,64,77,75,"176cm | 5'9""",0,-,-,Real Racing Club,South Africa
Vicente Sánchez,78,LF,,0,,4,85,70,71,82,51,64,"170cm | 5'7""",0,-,-,FC Schalke 04,Uruguay
Róbert Vittek,78,RF,,0,,4,80,75,66,75,60,74,"188cm | 6'2""",0,-,-,LOSC Lille Métropole,Slovakia
Jorge Andrès Martinez,78,CF,,0,,4,77,72,69,80,63,82,"181cm | 5'11""",0,-,-,Catania,Uruguay
Javier Mascherano,78,CDM,,0,,4,75,61,79,70,87,57,"170cm | 5'7""",0,-,-,Liverpool,Argentina
Gonzalo Rodríguez,78,CB,,0,,3,73,53,64,48,81,80,"182cm | 6'0""",0,-,-,Villarreal C.F.,Argentina
Jesús Dátolo,78,CAM,,0,,2,80,72,78,76,66,60,"177cm | 5'10""",0,-,-,Napoli,Argentina
Fernando Belluschi,78,CAM,,0,,3,82,70,82,82,61,64,"173cm | 5'8""",0,-,-,FC Porto,Argentina
Tuncay Şanli,78,CF,,0,,3,80,75,68,77,56,71,"182cm | 6'0""",0,-,-,Stoke City,Turkey
İbrahim Toraman,78,CB,,0,,2,78,52,65,59,77,84,"180cm | 5'11""",0,-,-,Beşiktaş JK,Turkey
Raffael,78,ST,,0,,4,81,72,70,81,59,72,"174cm | 5'9""",0,-,-,Hertha BSC,Brazil
Ikechukwu Uche,78,ST,,0,,3,84,73,43,81,58,81,"171cm | 5'7""",0,-,-,Real Zaragoza,Nigeria
Esteban Andrés Suárez,78,GK,,0,,3,78,76,74,76,54,74,"179cm | 5'10""",0,-,-,U.D. Almería,Spain
Jesús Navas,78,RM,,0,,3,88,72,79,87,54,60,"170cm | 5'7""",0,-,-,Sevilla F.C.,Spain
Santi Cazorla,78,RM,,0,,5,85,72,80,81,56,63,"168cm | 5'6""",0,-,-,Villarreal C.F.,Spain
Luiz Eduardo Schmidt,78,CAM,,0,,3,77,73,74,75,58,80,"182cm | 6'0""",0,-,-,I. Porto Alegre,Brazil
Hérita Ilunga,78,LWB,,0,,3,78,52,69,65,77,74,"180cm | 5'11""",0,-,-,West Ham United,DR Congo
David Cortés Caballero,78,RB,,0,,2,85,33,66,73,77,69,"181cm | 5'11""",0,-,-,Getafe C.F.,Spain
Jordi Codina Rodríguez,78,GK,,0,,3,74,77,76,81,68,71,"184cm | 6'0""",0,-,-,Getafe C.F.,Spain
Álvaro Rubio Robres,78,CM,,0,,3,68,70,83,72,74,62,"178cm | 5'10""",0,-,-,Real Valladolid C.F.,Spain
Ariel Santiago Ibagaza,78,CAM,,0,,3,80,72,85,83,53,53,"166cm | 5'5""",0,-,-,Villarreal C.F.,Argentina
Roman Pavlyuchenko,78,ST,,0,,3,78,76,62,72,63,79,"188cm | 6'2""",0,-,-,Tottenham Hotspur,Russia
Cristian Molinaro,78,LB,,0,,3,88,51,68,64,74,70,"180cm | 5'11""",0,-,-,Juventus,Italy
Gianluca Comotto,78,RB,,0,,3,78,65,70,58,77,76,"181cm | 5'11""",0,-,-,Fiorentina,Italy
Francelino Da Silva,78,CM,,0,,4,76,72,76,75,75,58,"175cm | 5'9""",0,-,-,Lazio,Brazil
Sergio Pellissier,78,ST,,0,,4,80,78,63,75,63,68,"175cm | 5'9""",0,-,-,Chievo Verona,Italy
Evangelos Mantzios,78,ST,,0,,3,79,73,67,74,60,82,"191cm | 6'3""",0,-,-,Panathinaikos FC,Greece
José Paolo Guerrero,78,ST,,0,,4,78,74,64,76,56,80,"184cm | 6'0""",0,-,-,Hamburger SV,Peru
Alexander Tettey,78,CM,,0,,3,85,70,73,74,74,66,"180cm | 5'11""",0,-,-,Stade Rennais FC,Norway
Carlos Henrique dos Santos Souza,78,CB,,0,,3,74,48,57,39,82,84,"188cm | 6'2""",0,-,-,Girondins de Bordeaux,Brazil
Troy Perkins,78,GK,,0,,3,72,74,77,78,55,76,"188cm | 6'2""",0,-,-,Vålerenga Fotball,United States
Hilton,78,CB,,0,,4,69,48,72,68,80,83,"182cm | 6'0""",0,-,-,Olympique de Marseille,Brazil
Ciro Capuano,78,LB,,0,,3,82,66,73,67,74,69,"185cm | 6'1""",0,-,-,Catania,Italy
Joseba Llorente Etxarri,78,ST,,0,,4,77,75,66,71,61,84,"184cm | 6'0""",0,-,-,Villarreal C.F.,Spain
Márton Fülöp,78,GK,,0,,4,79,73,71,84,53,71,"196cm | 6'5""",0,-,-,Sunderland,Hungary
Scott McDonald,78,ST,,0,,3,80,76,56,81,67,70,"173cm | 5'8""",0,-,-,Celtic,Australia
Justo Villar,78,GK,,0,,3,80,77,79,76,21,75,"180cm | 5'11""",0,-,-,Real Valladolid C.F.,Paraguay
Benoît Assou-Ekotto,78,LB,,0,,4,79,65,77,76,76,62,"178cm | 5'10""",0,-,-,Tottenham Hotspur,Cameroon
Mohamed Tchite,78,ST,,0,,4,88,72,62,75,55,76,"176cm | 5'9""",0,-,-,Real Racing Club,DR Congo
Pablo Ledesma,78,CM,,0,,3,77,68,76,77,77,70,"178cm | 5'10""",0,-,-,Catania,Argentina
Dante,78,LB,,0,,3,70,67,73,75,77,72,"189cm | 6'2""",0,-,-,Borussia M'gladbach,Brazil
Zlatan Muslimović,78,ST,,0,,4,84,75,64,71,59,74,"189cm | 6'2""",0,-,-,PAOK,Bosnia Herzegovina
Matías Silvestre,78,CB,,0,,3,77,54,61,59,78,72,"184cm | 6'0""",0,-,-,Catania,Argentina
Mario Galinović,78,GK,,0,,3,75,74,73,81,60,73,"195cm | 6'5""",0,-,-,Panathinaikos FC,Croatia
François Clerc,78,RB,,0,,4,73,50,71,54,80,76,"187cm | 6'2""",0,-,-,Olympique Lyonnais,France
Valon Behrami,78,RM,,0,,4,77,74,73,78,75,72,"186cm | 6'1""",0,-,-,West Ham United,Switzerland
Vedad Ibiševic,78,ST,,0,,4,83,74,66,75,59,76,"188cm | 6'2""",0,-,-,TSG 1899 Hoffenheim,Bosnia Herzegovina
Ilan Araújo Dall'Igna,78,ST,,0,,4,78,76,61,79,60,68,"181cm | 5'11""",0,-,-,A.S. Saint-Etienne,Brazil
Pablo Barrientos,78,CAM,,0,,4,80,74,77,82,62,64,"175cm | 5'9""",0,-,-,Catania,Argentina
Alessandro Diamanti,78,CAM,,0,,4,78,78,75,80,66,61,"180cm | 5'11""",0,-,-,West Ham United,Italy
Paulo Vitor Barreto de Souza,78,CF,,0,,3,83,74,69,80,52,56,"169cm | 5'7""",0,-,-,Bari,Brazil
Francesco Pisano,78,RB,,0,,3,86,51,71,71,75,71,"174cm | 5'9""",0,-,-,Cagliari,Italy
Charles N'Zogbia,78,LM,,0,,3,83,72,70,82,72,60,"170cm | 5'7""",0,-,-,Wigan Athletic,France
Jakub Blaszczykowski,78,RW,,0,,3,93,69,71,82,59,52,"175cm | 5'9""",0,-,-,Borussia Dortmund,Poland
Martin Škrtel,78,CB,,0,,3,80,40,56,46,80,86,"193cm | 6'4""",0,-,-,Liverpool,Slovakia
Michal Kadlec,78,LB,,0,,2,79,62,78,75,74,74,"185cm | 6'1""",0,-,-,Bayer 04 Leverkusen,Czech Republic
Oscar Ustari,78,GK,,0,,3,78,75,76,80,55,72,"184cm | 6'0""",0,-,-,Getafe C.F.,Argentina
Simon Vukčević,78,LM,,0,,3,78,77,76,79,64,66,"186cm | 6'1""",0,-,-,Sporting CP,Montenegro
Mouhamadou Dabo,78,RB,,0,,3,78,48,72,69,77,72,"176cm | 5'9""",0,-,-,A.S. Saint-Etienne,France
Jamie O'Hara,78,CM,,0,,2,75,70,79,72,74,60,"180cm | 5'11""",0,-,-,Portsmouth,England
José Manuel Jiménez Ortiz,78,LB,,0,,2,80,63,72,75,75,69,"175cm | 5'9""",0,-,-,Getafe C.F.,Spain
Ezequiel Garay,78,CB,,0,,3,71,54,61,62,80,78,"189cm | 6'2""",0,-,-,Real Madrid C.F.,Argentina
Pedro Tunon Geromel,78,CB,,0,,3,75,36,64,68,80,81,"190cm | 6'3""",0,-,-,1. FC Köln,Brazil
Raúl García,78,CM,,0,,3,77,70,77,74,77,74,"183cm | 6'0""",0,-,-,Atlético de Madrid,Spain
Álvaro Pereira,78,LB,,0,,3,84,59,71,75,75,68,"185cm | 6'1""",0,-,-,FC Porto,Uruguay
Domenico Criscito,78,LWB,,0,,3,82,59,76,73,74,71,"183cm | 6'0""",0,-,-,Genoa,Italy
Humberto Suazo,78,ST,,0,,3,78,77,66,75,58,71,"172cm | 5'8""",0,-,-,Monterrey,Chile
Wilson Palacios,78,CM,,0,,4,79,69,73,80,79,78,"178cm | 5'10""",0,-,-,Tottenham Hotspur,Honduras
Giancarlo Maldonado Marrero,78,ST,,0,,3,79,75,68,74,56,74,"173cm | 5'8""",0,-,-,Xerez C.D.,Venezuela
Aleksandar Luković,78,LB,,0,,3,76,62,74,69,77,72,"185cm | 6'1""",0,-,-,Udinese,Serbia
Kévin Gameiro,78,ST,,0,,3,81,74,71,77,56,64,"172cm | 5'8""",0,-,-,FC Lorient Bretagne Sud,France
Cléber Santana Loureiro,78,CM,,0,,3,77,76,73,77,72,65,"187cm | 6'2""",0,-,-,Atlético de Madrid,Brazil
Renan Brito Soares,78,GK,,0,,3,80,77,78,75,41,73,"187cm | 6'2""",0,-,-,Xerez C.D.,Brazil
Christian Benítez,78,CF,,0,,4,88,72,60,76,53,74,"168cm | 5'6""",0,-,-,Birmingham City,Ecuador
Demba Ba,78,ST,,0,,3,85,74,61,74,67,78,"189cm | 6'2""",0,-,-,TSG 1899 Hoffenheim,Senegal
Michele Paolucci,78,ST,,0,,5,81,75,66,74,63,70,"182cm | 6'0""",0,-,-,Siena,Italy
Tissone,78,CM,,0,,3,76,72,76,76,74,64,"182cm | 6'0""",0,-,-,Sampdoria,Argentina
Rui Patrício,78,GK,,0,,3,72,77,79,78,37,79,"188cm | 6'2""",0,-,-,Sporting CP,Portugal
Branislav Ivanović,78,CB,,0,,4,73,49,55,50,81,86,"188cm | 6'2""",0,-,-,Chelsea,Serbia
Miralem Sulejmani,78,LW,,0,,5,83,73,70,82,56,58,"178cm | 5'10""",0,-,-,Ajax,Serbia
Juan Pablo Pino,78,CF,,0,,4,80,73,76,81,44,64,"176cm | 5'9""",0,-,-,AS Monaco FC,Colombia
Sami Khedira,78,CDM,,0,,4,79,65,77,74,77,80,"189cm | 6'2""",0,-,-,VfB Stuttgart,Germany
Márcio Azevedo,78,LWB,,0,,2,83,64,69,73,74,64,"172cm | 5'8""",0,-,-,Atlético Paranaense,Brazil
Diego Godín,78,CB,,0,,3,75,51,62,65,79,80,"185cm | 6'1""",0,-,-,Villarreal C.F.,Uruguay
Walter Alejandro Gargano,78,CDM,,0,,3,82,68,75,72,78,72,"168cm | 5'6""",0,-,-,Napoli,Uruguay
Balázs Dzsudzsák,78,LW,,0,,4,81,76,75,80,51,50,"179cm | 5'10""",0,-,-,PSV,Hungary
Eden Hazard,78,RW,,0,,3,82,72,69,80,53,66,"170cm | 5'7""",0,-,-,LOSC Lille Métropole,Belgium
Jérôme Boateng,78,CB,,0,,4,80,49,73,65,77,78,"192cm | 6'4""",0,-,-,Hamburger SV,Germany
Gregory van der Wiel,78,RWB,,0,,3,84,63,67,76,74,68,"181cm | 5'11""",0,-,-,Ajax,Netherlands
Jean Raphael Vanderlei Moreira,78,RM,,0,,2,81,69,75,74,73,62,"170cm | 5'7""",0,-,-,São Paulo,Brazil
Rafael,78,RWB,,0,,4,81,67,76,79,74,56,"172cm | 5'8""",0,-,-,Manchester United,Brazil
Matteo Ferrari,77,CB,,0,,3,72,45,65,56,79,80,"183cm | 6'0""",0,-,-,Beşiktaş JK,Italy
Antti Niemi,77,GK,,0,,3,75,79,70,79,49,74,"185cm | 6'1""",0,-,-,Portsmouth,Finland
Brett Emerton,77,RM,,0,,2,79,65,75,72,78,76,"185cm | 6'1""",0,-,-,Blackburn Rovers,Australia
Emile Heskey,77,ST,,0,,4,76,73,65,71,67,91,"188cm | 6'2""",0,-,-,Aston Villa,England
Eliseu Pereira dos Santos,77,LW,,0,,4,88,68,68,77,66,65,"175cm | 5'9""",0,-,-,Lazio,Portugal
Luís Boa Morte,77,LW,,0,,2,82,71,71,79,60,60,"180cm | 5'11""",0,-,-,West Ham United,Portugal
Ighli Vannucchi,77,CAM,,0,,3,77,77,78,72,64,64,"180cm | 5'11""",0,-,-,Empoli,Italy
Hasan Salihamidzic,77,RM,,0,,4,81,64,74,74,76,74,"176cm | 5'9""",0,-,-,Juventus,Bosnia Herzegovina
Jaromír Blažek,77,GK,,0,,3,75,76,69,79,52,78,"189cm | 6'2""",0,-,-,Sparta Praha,Czech Republic
Nuno Miguel Soares Ribeiro,77,ST,,0,,2,75,72,69,73,65,82,"181cm | 5'11""",0,-,-,Sport Lisboa Benfica,Portugal
Francesco Toldo,77,GK,,0,,3,78,77,75,75,34,77,"196cm | 6'5""",0,-,-,Inter,Italy
Massimo Oddo,77,RWB,,0,,3,78,63,80,75,74,70,"182cm | 6'0""",0,-,-,Milan,Italy
Markus Pröll,77,GK,,0,,3,73,74,69,81,51,77,"187cm | 6'2""",0,-,-,Eintracht Frankfurt,Germany
Fernando Morientes Sánchez,77,ST,,0,,4,68,76,65,71,63,90,"186cm | 6'1""",0,-,-,Olympique de Marseille,Spain
Mikael Silvestre,77,CB,,0,,2,80,44,69,59,75,83,"183cm | 6'0""",0,-,-,Arsenal,France
Max Tonetto,77,LWB,,0,,3,81,67,73,70,74,64,"174cm | 5'9""",0,-,-,Roma,Italy
David Di Michele,77,CF,,0,,4,80,73,63,78,61,64,"171cm | 5'7""",0,-,-,F. Torino,Italy
Gabriel Heinze,77,LB,,0,,3,65,39,64,59,81,78,"178cm | 5'10""",0,-,-,Olympique de Marseille,Argentina
Albert Luque Martos,77,CF,,0,,3,74,79,70,74,56,62,"183cm | 6'0""",0,-,-,Málaga C.F.,Spain
Luciano Zauri,77,LB,,0,,3,76,58,73,63,76,69,"178cm | 5'10""",0,-,-,Sampdoria,Italy
Oliver Neuville,77,CF,,0,,4,76,74,67,79,50,64,"171cm | 5'7""",0,-,-,Borussia M'gladbach,Germany
Santiago Hernán Solari,77,LW,,0,,3,77,72,76,74,70,70,"185cm | 6'1""",0,-,-,Atlante,Argentina
Kieron Dyer,77,CAM,,0,,3,86,70,71,80,66,56,"173cm | 5'8""",0,-,-,West Ham United,England
Albert Meyong Zé,77,CF,,0,,4,80,75,63,73,67,72,"184cm | 6'0""",0,-,-,SC Braga,Cameroon
Vedran Runje,77,GK,,0,,2,79,72,66,80,68,72,"184cm | 6'0""",0,-,-,Racing Club de Lens,Croatia
Aaron Hughes,77,CB,,0,,3,76,43,56,57,78,77,"183cm | 6'0""",0,-,-,Fulham,Northern Ireland
Abel Fernando Moreira Ferreira,77,RB,,0,,3,76,57,75,70,75,64,"179cm | 5'10""",0,-,-,Sporting CP,Portugal
Dudu Aouate,77,GK,,0,,3,75,69,77,74,55,77,"188cm | 6'2""",0,-,-,R.C.D. Mallorca,Israel
Nicolas Penneteau,77,GK,,0,,3,75,73,79,79,33,74,"185cm | 6'1""",0,-,-,Valenciennes FC,France
Mark van Bommel,77,CDM,,0,,2,63,76,77,71,82,77,"187cm | 6'2""",0,-,-,Bayern München,Netherlands
Hélder Manuel Marques Postiga,77,CF,,0,,3,79,74,64,74,57,76,"179cm | 5'10""",0,-,-,Sporting CP,Portugal
Andreas Isaksson,77,GK,,0,,2,80,69,68,81,54,75,"199cm | 6'6""",0,-,-,PSV,Sweden
Carlos Jorge Neto Martins,77,CM,,0,,4,71,77,78,78,68,60,"172cm | 5'8""",0,-,-,Sport Lisboa Benfica,Portugal
Alexander Frei,77,ST,,0,,4,70,81,58,73,61,74,"180cm | 5'11""",0,-,-,FC Basel 1893,Switzerland
Fábio Aurélio Rodrígues,77,LWB,,0,,2,79,70,82,71,72,70,"173cm | 5'8""",0,-,-,Liverpool,Brazil
Sylvain Distin,77,CB,,0,,3,77,37,56,47,79,86,"192cm | 6'4""",0,-,-,Everton,France
Jacek Krzynówek,77,LM,,0,,3,74,80,74,72,67,60,"179cm | 5'10""",0,-,-,Hannover 96,Poland
Steven Reid,77,CM,,0,,3,76,74,79,65,71,74,"180cm | 5'11""",0,-,-,Blackburn Rovers,Republic of Ireland
Aruna Dindane,77,ST,,0,,3,81,73,62,78,57,66,"174cm | 5'9""",0,-,-,Portsmouth,Ivory Coast
Ji Sung Park,77,RM,,0,,3,84,72,71,83,66,56,"175cm | 5'9""",0,-,-,Manchester United,Korea Republic
Julien Escudé,77,CB,,0,,3,66,50,58,62,80,82,"183cm | 6'0""",0,-,-,Sevilla F.C.,France
Aliaksandr Hleb,77,RM,,0,,4,80,68,81,87,56,44,"185cm | 6'1""",0,-,-,VfB Stuttgart,Belarus
Walter Gerardo Pandiani Urquiza,77,ST,,0,,3,73,74,69,71,59,85,"184cm | 6'0""",0,-,-,Club Atlético Osasuna,Uruguay
Renato Dirnei Florêncio,77,CM,,0,,3,76,74,76,72,69,74,"177cm | 5'10""",0,-,-,Sevilla F.C.,Brazil
Luciano Da Silva,77,GK,,0,,3,77,73,72,78,74,71,"174cm | 5'9""",0,-,-,FC Groningen,Brazil
Kevin Kuranyi,77,ST,,0,,2,78,73,62,70,64,85,"190cm | 6'3""",0,-,-,FC Schalke 04,Germany
Derek Riordan,77,CF,,0,,4,83,75,63,78,51,52,"180cm | 5'11""",0,-,-,Hibernian,Scotland
Andrea Dossena,77,LWB,,0,,2,76,62,76,69,75,66,"180cm | 5'11""",0,-,-,Liverpool,Italy
Julio César de León,77,CAM,,0,,3,82,76,74,74,62,68,"174cm | 5'9""",0,-,-,F. Torino,Honduras
Alhassane Keita,77,ST,,0,,3,86,71,58,78,52,70,"169cm | 5'7""",0,-,-,R.C.D. Mallorca,Guinea
Jonathan Woodgate,77,CB,,0,,3,76,40,52,45,80,86,"189cm | 6'2""",0,-,-,Tottenham Hotspur,England
Matthew Upson,77,CB,,0,,3,75,27,52,46,81,88,"185cm | 6'1""",0,-,-,West Ham United,England
Olivier Thomert,77,LM,,0,,4,78,71,75,76,70,78,"188cm | 6'2""",0,-,-,Stade Rennais FC,France
Sébastien Squillaci,77,CB,,0,,3,73,42,56,55,80,84,"184cm | 6'0""",0,-,-,Sevilla F.C.,France
Peter Crouch,77,ST,,0,,3,67,75,64,78,64,84,"201cm | 6'7""",0,-,-,Tottenham Hotspur,England
Boaz Myhill,77,GK,,0,,3,78,74,75,79,40,73,"191cm | 6'3""",0,-,-,Hull City,Wales
Jody Viviani,77,GK,,0,,3,70,75,77,81,55,71,"190cm | 6'3""",0,-,-,Grenoble Foot 38,France
Mario Cassano,77,GK,,0,,2,74,73,68,80,68,76,"188cm | 6'2""",0,-,-,Reggina,Italy
Jason Koumas,77,CAM,,0,,4,81,76,75,82,59,46,"178cm | 5'10""",0,-,-,Wigan Athletic,Wales
Craig Gordon,77,GK,,0,,2,81,70,75,80,37,72,"193cm | 6'4""",0,-,-,Sunderland,Scotland
Nigel de Jong,77,CDM,,0,,4,72,65,77,72,79,81,"174cm | 5'9""",0,-,-,Manchester City,Netherlands
Marcus Hahnemann,77,GK,,0,,3,77,72,75,82,50,69,"191cm | 6'3""",0,-,-,Wolverhampton Wanderers,United States
Stephen Warnock,77,LB,,0,,3,78,46,71,58,77,70,"178cm | 5'10""",0,-,-,Aston Villa,England
Andrea Cossu,77,CAM,,0,,3,81,71,77,81,63,61,"171cm | 5'7""",0,-,-,Cagliari,Italy
Patrick Owomoyela,77,RWB,,0,,3,75,60,73,73,75,80,"187cm | 6'2""",0,-,-,Borussia Dortmund,Germany
Cesare Bovo,77,CB,,0,,3,78,42,58,53,79,74,"181cm | 5'11""",0,-,-,Palermo,Italy
Dennis Eilhoff,77,GK,,0,,3,80,73,64,81,69,73,"190cm | 6'3""",0,-,-,Arminia Bielefeld,Germany
Giacomo Tedesco,77,CM,,0,,4,77,72,75,73,72,62,"176cm | 5'9""",0,-,-,Bologna,Italy
Peter Løvenkrands,77,LF,,0,,3,92,69,71,72,58,66,"180cm | 5'11""",0,-,-,Newcastle United,Denmark
Albert Lopo García,77,CB,,0,,3,72,49,64,39,80,72,"186cm | 6'1""",0,-,-,R.C. Deportivo,Spain
Nadir Belhadj,77,LWB,,0,,3,90,53,75,70,71,68,"175cm | 5'9""",0,-,-,Portsmouth,Algeria
Steven Whittaker,77,RB,,0,,4,87,49,62,74,72,74,"185cm | 6'1""",0,-,-,Rangers,Scotland
Giandomenico Mesto,77,RM,,0,,3,81,65,74,73,75,68,"180cm | 5'11""",0,-,-,Genoa,Italy
Franco Semioli,77,RW,,0,,4,79,72,77,78,65,62,"178cm | 5'10""",0,-,-,Sampdoria,Italy
Mario Alberto Santana,77,RW,,0,,3,80,69,77,82,65,62,"180cm | 5'11""",0,-,-,Fiorentina,Argentina
Sabri Sarıoğlu,77,RWB,,0,,2,86,65,73,78,72,58,"170cm | 5'7""",0,-,-,Galatasaray SK,Turkey
Martín Demichelis,77,CB,,0,,3,62,36,65,59,82,86,"184cm | 6'0""",0,-,-,Bayern München,Argentina
Václav Svěrkoš,77,ST,,0,,4,78,74,62,75,49,72,"185cm | 6'1""",0,-,-,FC Sochaux-Montbéliard,Czech Republic
Gomes,77,GK,,0,,2,84,65,58,86,48,76,"191cm | 6'3""",0,-,-,Tottenham Hotspur,Brazil
Alexsandro de Souza,77,CAM,,0,,4,67,81,83,85,54,60,"175cm | 5'9""",0,-,-,Fenerbahçe SK,Brazil
Mariano Andrés Pernia,77,LB,,0,,3,76,63,70,64,77,64,"177cm | 5'10""",0,-,-,Atlético de Madrid,Spain
Sergio González Soriano,77,CDM,,0,,3,73,78,74,70,74,70,"182cm | 6'0""",0,-,-,R.C. Deportivo,Spain
Fábio Henrique Simplício,77,CM,,0,,3,76,68,74,75,78,72,"171cm | 5'7""",0,-,-,Palermo,Brazil
Martin Jørgensen,77,LW,,0,,3,76,74,74,76,73,68,"179cm | 5'10""",0,-,-,Fiorentina,Denmark
Pasquale Foggia,77,RW,,0,,4,81,70,74,84,61,60,"172cm | 5'8""",0,-,-,Lazio,Italy
Houssine Kharja,77,CAM,,0,,3,80,73,75,81,65,61,"181cm | 5'11""",0,-,-,Genoa,Morocco
Luis Antonio Jiménez,77,CAM,,0,,4,82,72,77,82,61,60,"183cm | 6'0""",0,-,-,West Ham United,Chile
Antonio Langella,77,LW,,0,,4,81,73,72,76,67,66,"183cm | 6'0""",0,-,-,Bari,Italy
Danko Lazović,77,ST,,0,,4,82,75,59,77,56,58,"184cm | 6'0""",0,-,-,PSV,Serbia
Michel Vorm,77,GK,,0,,3,77,75,69,78,70,73,"183cm | 6'0""",0,-,-,FC Utrecht,Netherlands
Carlos Rodrigues Corrêa,77,CM,,0,,3,74,71,78,69,72,60,"176cm | 5'9""",0,-,-,Atlético Mineiro,Brazil
Ludovic Obraniak,77,LM,,0,,4,74,77,83,78,56,42,"174cm | 5'9""",0,-,-,LOSC Lille Métropole,Poland
Demy de Zeeuw,77,CDM,,0,,3,72,70,76,73,75,70,"174cm | 5'9""",0,-,-,Ajax,Netherlands
Gabriel Milito,77,CB,,0,,3,65,44,69,64,81,78,"179cm | 5'10""",0,-,-,F.C. Barcelona,Argentina
Ezequiel González,77,CM,,0,,4,73,70,81,73,67,52,"180cm | 5'11""",0,-,-,Flu. Rio de Janeiro,Argentina
Hugo Miguel Pereira Almeida,77,ST,,0,,4,72,77,54,72,64,85,"192cm | 6'4""",0,-,-,Werder Bremen,Portugal
Oswaldo Sánchez,77,GK,,0,,3,84,74,68,78,55,72,"184cm | 6'0""",0,-,-,Santos Laguna,Mexico
Omar Bravo,77,ST,,0,,4,78,72,68,75,61,73,"169cm | 5'7""",0,-,-,Guadalajara,Mexico
Carlos Salcido,77,LB,,0,,4,78,45,69,65,76,81,"176cm | 5'9""",0,-,-,PSV,Mexico
Kevin Thomson,77,CDM,,0,,2,75,64,77,79,77,65,"180cm | 5'11""",0,-,-,Rangers,Scotland
Daniel Ludueña,77,CAM,,0,,5,75,79,77,77,60,57,"175cm | 5'9""",0,-,-,Santos Laguna,Argentina
Mariano González,77,RM,,0,,4,82,68,74,79,69,64,"175cm | 5'9""",0,-,-,FC Porto,Argentina
Ernesto Antonio Farías,77,ST,,0,,4,78,72,65,73,61,82,"178cm | 5'10""",0,-,-,FC Porto,Argentina
Mauro Damián Rosales,77,CF,,0,,3,82,76,61,72,48,68,"173cm | 5'8""",0,-,-,River Plate,Argentina
Souleymanou Hamidou,77,GK,,0,,1,75,69,81,76,62,68,"187cm | 6'2""",0,-,-,Kayserispor,Cameroon
Bruno Saltor,77,RB,,0,,3,76,43,70,70,78,64,"181cm | 5'11""",0,-,-,Valencia C.F.,Spain
David Barral Torres,77,ST,,0,,4,81,73,61,76,61,76,"183cm | 6'0""",0,-,-,Real Sporting de Gijón,Spain
Jacobo Sanz Ovejero,77,GK,,0,,3,77,77,73,77,41,74,"193cm | 6'4""",0,-,-,Real Valladolid C.F.,Spain
Ángel Lafita Castillo,77,RW,,0,,3,80,73,73,80,56,58,"188cm | 6'2""",0,-,-,Real Zaragoza,Spain
Carlos Javier Cuéllar Jiménez,77,CB,,0,,3,72,33,59,56,80,86,"190cm | 6'3""",0,-,-,Aston Villa,Spain
Jaime Gavilán Martínez,77,LM,,0,,4,79,76,75,79,64,68,"179cm | 5'10""",0,-,-,Getafe C.F.,Spain
Diniyar Bilyaletdinov,77,LM,,0,,3,76,72,78,82,62,61,"185cm | 6'1""",0,-,-,Everton,Russia
João Pedro da Silva Pereira,77,RWB,,0,,3,83,61,72,73,73,61,"172cm | 5'8""",0,-,-,SC Braga,Portugal
Valeri Bojinov,77,ST,,0,,4,80,74,65,74,60,70,"178cm | 5'10""",0,-,-,Parma,Bulgaria
Tamás Hajnal,77,CAM,,0,,4,75,78,80,82,56,52,"168cm | 5'6""",0,-,-,Borussia Dortmund,Hungary
David Bentley,77,RM,,0,,3,82,76,77,82,56,50,"175cm | 5'9""",0,-,-,Tottenham Hotspur,England
Bobô,77,ST,,0,,3,75,72,66,78,57,78,"186cm | 6'1""",0,-,-,Beşiktaş JK,Brazil
Darío Cvitanich,77,ST,,0,,3,78,72,66,76,59,79,"175cm | 5'9""",0,-,-,Ajax,Croatia
Manuel Pasqual,77,LB,,0,,2,79,60,75,71,75,66,"178cm | 5'10""",0,-,-,Fiorentina,Italy
Marcel Schäfer,77,LWB,,0,,3,77,72,79,72,74,68,"182cm | 6'0""",0,-,-,VfL Wolfsburg,Germany
Michael Bradley,77,CM,,0,,4,78,76,71,70,73,74,"185cm | 6'1""",0,-,-,Borussia M'gladbach,United States
Tomáš Sivok,77,CB,,0,,3,69,51,62,62,78,84,"185cm | 6'1""",0,-,-,Beşiktaş JK,Czech Republic
Gennaro Iezzo,77,GK,,0,,2,72,78,72,75,48,80,"185cm | 6'1""",0,-,-,Napoli,Italy
Ederson Honorato Campos,77,CAM,,0,,5,76,79,76,80,63,67,"181cm | 5'11""",0,-,-,Olympique Lyonnais,Brazil
José de Jesús Corona,77,GK,,0,,3,76,75,74,79,32,76,"184cm | 6'0""",0,-,-,Cruz Azul,Mexico
Guillaume Hoarau,77,ST,,0,,4,73,75,61,74,70,84,"192cm | 6'4""",0,-,-,Paris Saint-Germain,France
Anthony Vanden Borre,77,RWB,,0,,3,79,58,67,76,74,72,"185cm | 6'1""",0,-,-,Portsmouth,Belgium
Andreas Granqvist,77,CB,,0,,4,70,61,58,68,77,80,"192cm | 6'4""",0,-,-,FC Groningen,Sweden
Gennaro Sardo,77,RB,,0,,2,78,64,67,64,75,77,"190cm | 6'3""",0,-,-,Chievo Verona,Italy
Mohamed Lamine Sissoko,77,CDM,,0,,2,82,63,70,73,84,80,"187cm | 6'2""",0,-,-,Juventus,Mali
Sejad Salihovic,77,LM,,0,,3,65,81,80,75,66,52,"182cm | 6'0""",0,-,-,TSG 1899 Hoffenheim,Bosnia Herzegovina
Pedro López,77,RB,,0,,3,77,65,75,72,74,75,"174cm | 5'9""",0,-,-,Real Valladolid C.F.,Spain
Niko Kranjčar,77,CAM,,0,,4,77,80,80,81,52,51,"185cm | 6'1""",0,-,-,Tottenham Hotspur,Croatia
Leon Osman,77,CM,,0,,3,77,75,72,80,69,64,"173cm | 5'8""",0,-,-,Everton,England
Christian Gentner,77,CM,,0,,4,75,67,80,70,71,74,"189cm | 6'2""",0,-,-,VfL Wolfsburg,Germany
Marco Padalino,77,RM,,0,,3,84,68,74,74,68,62,"177cm | 5'10""",0,-,-,Sampdoria,Switzerland
Jurado,77,CAM,,0,,4,81,70,83,84,54,65,"173cm | 5'8""",0,-,-,Atlético de Madrid,Spain
Jérémy Ménez,77,CAM,,0,,5,88,73,75,87,53,68,"181cm | 5'11""",0,-,-,Roma,France
Abdoulay Konko,77,RWB,,0,,4,81,59,73,70,75,63,"175cm | 5'9""",0,-,-,Sevilla F.C.,France
Rafik Zoheir Djebbour,77,ST,,0,,4,81,71,58,78,57,76,"185cm | 6'1""",0,-,-,AEK Athens,Algeria
Zapater,77,CDM,,0,,3,76,70,77,73,74,68,"180cm | 5'11""",0,-,-,Genoa,Spain
Fernando Amorebieta,77,CB,,0,,3,73,46,55,54,79,76,"192cm | 6'4""",0,-,-,Athletic Club de Bilbao,Spain
Llorente,77,ST,,0,,3,73,75,55,73,68,88,"195cm | 6'5""",0,-,-,Athletic Club de Bilbao,Spain
Alexandro Silva da Souza,77,CDM,,0,,3,74,62,80,71,77,76,"186cm | 6'1""",0,-,-,Olympiakos CFP,Brazil
Adriano,77,LM,,0,,4,81,70,77,80,64,70,"172cm | 5'8""",0,-,-,Sevilla F.C.,Brazil
Josué Anunciato de Oliveira,77,CDM,,0,,3,77,63,76,76,80,68,"169cm | 5'7""",0,-,-,VfL Wolfsburg,Brazil
John Michael Nchekube Obinna,77,CDM,,0,,3,81,59,75,73,81,74,"188cm | 6'2""",0,-,-,Chelsea,Nigeria
Lukasz Fabianski,77,GK,,0,,2,80,73,66,83,59,69,"190cm | 6'3""",0,-,-,Arsenal,Poland
Hakan Kadir Balta,77,LB,,0,,3,75,65,73,72,74,73,"184cm | 6'0""",0,-,-,Galatasaray SK,Turkey
Colin Kazim-Richards,77,RW,,0,,3,84,69,72,80,57,63,"185cm | 6'1""",0,-,-,Fenerbahçe SK,Turkey
Vederson Luiz da Sılva Medeiros,77,LWB,,0,,2,85,72,68,72,72,57,"176cm | 5'9""",0,-,-,Fenerbahçe SK,Brazil
Gonzalo Castro,77,RB,,0,,4,81,56,74,68,75,66,"171cm | 5'7""",0,-,-,Bayer 04 Leverkusen,Germany
Nicklas Bendtner,77,ST,,0,,3,74,73,63,74,61,89,"192cm | 6'4""",0,-,-,Arsenal,Denmark
Yohan Cabaye,77,CM,,0,,4,76,70,75,72,75,77,"175cm | 5'9""",0,-,-,LOSC Lille Métropole,France
Ignazio Abate,77,RM,,0,,3,90,67,70,78,67,62,"180cm | 5'11""",0,-,-,Milan,Italy
Miranda,77,CB,,0,,2,72,49,60,46,79,82,"185cm | 6'1""",0,-,-,São Paulo,Brazil
Fredy Guarín,77,CM,,0,,4,78,73,72,73,72,67,"184cm | 6'0""",0,-,-,FC Porto,Colombia
Wayne Hennessey,77,GK,,0,,2,77,74,75,81,52,68,"196cm | 6'5""",0,-,-,Wolverhampton Wanderers,Wales
Marvin Compper,77,CB,,0,,4,77,40,62,62,78,77,"185cm | 6'1""",0,-,-,TSG 1899 Hoffenheim,Germany
Lorenzo De Silvestri,77,RWB,,0,,3,78,56,67,67,76,72,"185cm | 6'1""",0,-,-,Fiorentina,Italy
Andrew Driver,77,LW,,0,,3,90,69,74,82,59,43,"175cm | 5'9""",0,-,-,Heart of Midlothian,England
Steven Defour,77,CM,,0,,4,70,71,80,76,72,66,"175cm | 5'9""",0,-,-,Standard de Liège,Belgium
Blaise Matuidi,77,CDM,,0,,4,77,64,76,74,78,73,"175cm | 5'9""",0,-,-,A.S. Saint-Etienne,France
Fábio Coentrão,77,LW,,0,,2,81,71,71,80,59,62,"178cm | 5'10""",0,-,-,Sport Lisboa Benfica,Portugal
Boubacar Sanogo,77,ST,,0,,4,80,74,59,71,59,78,"188cm | 6'2""",0,-,-,A.S. Saint-Etienne,Ivory Coast
Eljero Elia,77,LW,,0,,4,89,67,69,83,51,60,"176cm | 5'9""",0,-,-,Hamburger SV,Netherlands
Claudio Bravo,77,GK,,0,,2,77,68,73,80,61,72,"184cm | 6'0""",0,-,-,Real Sociedad,Chile
Denilson Pereira Neves,77,CM,,0,,3,75,68,82,73,68,56,"180cm | 5'11""",0,-,-,Arsenal,Brazil
Dmytro Chygrynskyi,77,CB,,0,,3,73,44,73,59,77,82,"190cm | 6'3""",0,-,-,F.C. Barcelona,Ukraine
Juan Camilo Zúñiga,77,RWB,,0,,2,84,65,77,79,73,54,"172cm | 5'8""",0,-,-,Napoli,Colombia
Juan Ángel Albín,77,CAM,,0,,3,83,68,76,80,65,76,"179cm | 5'10""",0,-,-,Getafe C.F.,Uruguay
Sebastian Boenisch,77,LB,,0,,4,76,54,64,57,77,76,"191cm | 6'3""",0,-,-,Werder Bremen,Germany
Ola Toivonen,77,CF,,0,,4,77,73,68,78,61,74,"191cm | 6'3""",0,-,-,PSV,Sweden
Bryan Ruiz,77,LW,,0,,4,76,68,74,86,61,74,"185cm | 6'1""",0,-,-,FC Twente,Costa Rica
Felipe Augusto Santana,77,CB,,0,,3,75,57,61,58,76,82,"194cm | 6'4""",0,-,-,Borussia Dortmund,Brazil
Haris Medunjanin,77,CM,,0,,4,70,76,76,81,69,68,"188cm | 6'2""",0,-,-,Real Valladolid C.F.,Bosnia Herzegovina
Dieumerci Mbokani,77,ST,,0,,3,78,69,65,82,64,78,"185cm | 6'1""",0,-,-,Standard de Liège,DR Congo
Serdar Tasci,77,CB,,0,,4,75,41,66,60,77,80,"186cm | 6'1""",0,-,-,VfB Stuttgart,Germany
Robson Pena de Oliveira,77,CB,,0,,3,76,39,56,59,79,64,"186cm | 6'1""",0,-,-,Málaga C.F.,Brazil
Héctor Mancilla,77,ST,,0,,3,75,74,64,75,61,79,"179cm | 5'10""",0,-,-,Toluca,Chile
Benoît Trémoulinas,77,LB,,0,,3,83,59,76,72,73,66,"173cm | 5'8""",0,-,-,Girondins de Bordeaux,France
Stefano Guberti,77,LW,,0,,3,80,71,76,76,62,66,"180cm | 5'11""",0,-,-,Roma,Italy
Granero,77,CM,,0,,4,75,65,79,74,72,59,"179cm | 5'10""",0,-,-,Real Madrid C.F.,Spain
Julio Cesar Correa,77,CB,,0,,3,78,66,68,69,74,72,"186cm | 6'1""",0,-,-,Gaziantepspor,Brazil
Sergio Sánchez,77,RB,,0,,2,76,51,68,67,77,74,"185cm | 6'1""",0,-,-,Sevilla F.C.,Spain
Eder Citadin Martins,77,CF,,0,,4,80,73,69,79,56,59,"178cm | 5'10""",0,-,-,Empoli,Brazil
Mats Hummels,77,CB,,0,,4,74,54,68,61,77,79,"192cm | 6'4""",0,-,-,Borussia Dortmund,Germany
Boško Janković,77,CAM,,0,,4,79,77,76,79,62,66,"183cm | 6'0""",0,-,-,Genoa,Serbia
Edinson Cavani,77,ST,,0,,3,80,74,55,77,60,76,"184cm | 6'0""",0,-,-,Palermo,Uruguay
Marcelo Moreno,77,ST,,0,,4,79,73,56,77,62,82,"187cm | 6'2""",0,-,-,Werder Bremen,Bolivia
Carlos Eduardo Marques,77,CAM,,0,,3,82,75,79,83,54,48,"171cm | 5'7""",0,-,-,TSG 1899 Hoffenheim,Brazil
Stevan Jovetic,77,CF,,0,,4,81,73,65,84,62,56,"183cm | 6'0""",0,-,-,Fiorentina,Montenegro
Sidnei,77,CB,,0,,2,69,51,62,57,79,80,"185cm | 6'1""",0,-,-,Sport Lisboa Benfica,Brazil
Martín Cáceres,77,CB,,0,,3,73,52,69,61,77,81,"182cm | 6'0""",0,-,-,Juventus,Uruguay
Antonio Galdeano Benítez,77,CM,,0,,3,74,70,78,70,75,58,"173cm | 5'8""",0,-,-,Málaga C.F.,Spain
Ángel Di María,77,LM,,0,,3,86,71,73,83,60,58,"178cm | 5'10""",0,-,-,Sport Lisboa Benfica,Argentina
Pablo Piatti,77,LF,,0,,3,87,67,62,81,44,74,"163cm | 5'4""",0,-,-,U.D. Almería,Argentina
Marko Arnautovic,77,ST,,0,,2,82,70,62,82,60,70,"192cm | 6'4""",0,-,-,Inter,Austria
Kieran Gibbs,77,LWB,,0,,1,82,65,76,73,73,64,"178cm | 5'10""",0,-,-,Arsenal,England
Gojko Kačar,77,CM,,0,,5,75,66,77,73,76,78,"183cm | 6'0""",0,-,-,Hertha BSC,Serbia
Daniel Carriço,77,CB,,0,,3,75,57,69,66,76,74,"180cm | 5'11""",0,-,-,Sporting CP,Portugal
Guy Demel,76,RB,,0,,3,72,51,66,65,76,76,"188cm | 6'2""",0,-,-,Hamburger SV,Ivory Coast
Giampiero Pinzi,76,CM,,0,,3,77,67,75,73,74,66,"180cm | 5'11""",0,-,-,Chievo Verona,Italy
Darius Vassell,76,ST,,0,,3,86,70,58,76,55,63,"170cm | 5'7""",0,-,-,MKE Ankaragücü,England
Jérôme Rothen,76,LW,,0,,2,78,72,77,79,70,53,"177cm | 5'10""",0,-,-,Rangers,France
Daniele Franceschini,76,CM,,0,,3,76,68,75,74,70,66,"178cm | 5'10""",0,-,-,Sampdoria,Italy
Cyril Rool,76,LWB,,0,,3,69,53,74,49,78,64,"176cm | 5'9""",0,-,-,Olympique de Marseille,France
Robert Pirès,76,LM,,0,,4,72,76,80,83,57,58,"187cm | 6'2""",0,-,-,Villarreal C.F.,France
Ulrich Ramé,76,GK,,0,,2,71,75,72,79,59,73,"187cm | 6'2""",0,-,-,Girondins de Bordeaux,France
Wayne Bridge,76,LB,,0,,2,72,54,80,69,75,72,"178cm | 5'10""",0,-,-,Manchester City,England
Nelson De Jesus Silva,76,GK,,0,,2,75,74,72,75,55,75,"195cm | 6'5""",0,-,-,Milan,Brazil
Gennaro Gattuso,76,CDM,,0,,3,75,53,77,68,86,69,"177cm | 5'10""",0,-,-,Milan,Italy
Peter Bernard Luccin,76,CM,,0,,3,75,66,75,68,76,74,"181cm | 5'11""",0,-,-,Real Zaragoza,France
Bernard Mendy,76,RB,,0,,3,83,54,60,59,74,64,"180cm | 5'11""",0,-,-,Hull City,France
David Jarolím,76,CM,,0,,4,73,61,78,79,76,70,"174cm | 5'9""",0,-,-,Hamburger SV,Czech Republic
Rémi Vercoutre,76,GK,,0,,2,72,75,74,79,37,74,"185cm | 6'1""",0,-,-,Olympique Lyonnais,France
Eidur Gudjohnsen,76,CF,,0,,4,62,77,67,77,58,80,"185cm | 6'1""",0,-,-,AS Monaco FC,Iceland
Marco António Simões Caneira,76,LB,,0,,4,74,55,66,62,75,74,"178cm | 5'10""",0,-,-,Sporting CP,Portugal
Kakhaber Kaladze,76,CB,,0,,3,73,45,74,56,77,73,"186cm | 6'1""",0,-,-,Milan,Georgia
Rodolfo Bodipo Díaz,76,ST,,0,,4,74,75,62,72,58,77,"181cm | 5'11""",0,-,-,R.C. Deportivo,Guinea
Joseba Etxeberria Lizardi,76,RW,,0,,3,74,71,68,80,58,66,"178cm | 5'10""",0,-,-,Athletic Club de Bilbao,Spain
Manuel Pablo García Díaz,76,RB,,0,,3,80,49,76,60,75,52,"176cm | 5'9""",0,-,-,R.C. Deportivo,Spain
Aitor Ocio Carrión,76,CB,,0,,3,68,46,61,58,78,78,"187cm | 6'2""",0,-,-,Athletic Club de Bilbao,Spain
Jorge López Montaña,76,RM,,0,,4,73,77,77,77,63,70,"184cm | 6'0""",0,-,-,Real Zaragoza,Spain
Gianpaolo Bellini,76,LB,,0,,3,79,54,70,67,74,70,"180cm | 5'11""",0,-,-,Atalanta,Italy
Razundara Tjikuzu,76,RWB,,0,,3,76,56,61,71,76,62,"174cm | 5'9""",0,-,-,Trabzonspor,Namibia
Peguy Luyindula,76,CF,,0,,3,78,73,66,71,57,78,"178cm | 5'10""",0,-,-,Paris Saint-Germain,France
Neil Alexander,76,GK,,0,,3,79,77,71,72,56,71,"185cm | 6'1""",0,-,-,Rangers,Scotland
Shabani Nonda,76,ST,,0,,3,83,71,56,74,62,79,"182cm | 6'0""",0,-,-,Galatasaray SK,Congo
Daniel Van Buyten,76,CB,,0,,2,57,57,57,35,84,84,"196cm | 6'5""",0,-,-,Bayern München,Belgium
Igor Budan,76,ST,,0,,3,72,74,62,72,64,79,"185cm | 6'1""",0,-,-,Palermo,Croatia
Nuno Herlander S. Espírito Santo,76,GK,,0,,3,75,74,75,75,33,75,"190cm | 6'3""",0,-,-,FC Porto,Portugal
Danny Murphy,76,CM,,0,,3,63,75,82,64,74,65,"175cm | 5'9""",0,-,-,Fulham,England
Facundo Quiroga,76,CB,,0,,3,78,44,58,58,76,78,"178cm | 5'10""",0,-,-,River Plate,Argentina
Tiago A. B. Ferreira,76,GK,,0,,3,73,74,76,76,35,74,"180cm | 5'11""",0,-,-,Sporting CP,Portugal
Luca Toni,76,ST,,0,,4,66,76,59,76,68,83,"196cm | 6'5""",0,-,-,Bayern München,Italy
José Kléberson Pereira,76,CM,,0,,4,76,71,76,70,71,64,"175cm | 5'9""",0,-,-,Flamengo,Brazil
Mario Yepes,76,CB,,0,,3,71,52,53,53,78,77,"187cm | 6'2""",0,-,-,Chievo Verona,Colombia
Gonzalo Sorondo,76,CB,,0,,3,67,49,52,58,79,80,"190cm | 6'3""",0,-,-,I. Porto Alegre,Uruguay
Lars Jacobsen,76,RB,,0,,4,74,57,67,64,75,68,"181cm | 5'11""",0,-,-,Blackburn Rovers,Denmark
Jan Vennegoor of Hesselink,76,ST,,0,,4,75,75,54,74,67,80,"191cm | 6'3""",0,-,-,Hull City,Netherlands
Per Krøldrup,76,CB,,0,,2,76,52,61,51,75,82,"194cm | 6'4""",0,-,-,Fiorentina,Denmark
Tomáš Ujfaluši,76,CB,,0,,3,69,44,66,49,79,86,"185cm | 6'1""",0,-,-,Atlético de Madrid,Czech Republic
Thimothée Atouba,76,LWB,,0,,3,80,55,69,76,73,69,"191cm | 6'3""",0,-,-,Ajax,Cameroon
Gary Caldwell,76,CB,,0,,3,68,24,68,65,79,82,"180cm | 5'11""",0,-,-,Celtic,Scotland
Fabio Liverani,76,CM,,0,,3,63,73,82,73,67,58,"175cm | 5'9""",0,-,-,Palermo,Italy
Leonardo Lourenço Bastos,76,LWB,,0,,3,85,64,72,77,71,52,"169cm | 5'7""",0,-,-,Santos,Brazil
Christopher Samba,76,CB,,0,,2,68,47,44,42,80,86,"193cm | 6'4""",0,-,-,Blackburn Rovers,DR Congo
Mikael Forssell,76,ST,,0,,3,76,74,58,76,52,68,"184cm | 6'0""",0,-,-,Hannover 96,Finland
Raphael Schäfer,76,GK,,0,,3,78,69,61,81,72,72,"190cm | 6'3""",0,-,-,1. FC Nürnberg,Germany
Patxi Puñal Martínez,76,CDM,,0,,3,71,70,75,71,75,66,"179cm | 5'10""",0,-,-,Club Atlético Osasuna,Spain
Marius Stankevicius,76,RM,,0,,3,76,70,73,69,76,80,"189cm | 6'2""",0,-,-,Sampdoria,Lithuania
Julián Speroni,76,GK,,0,,3,76,72,70,76,58,72,"186cm | 6'1""",0,-,-,Crystal Palace,Argentina
Ernesto Javier Chevantón,76,ST,,0,,4,75,77,49,75,60,71,"174cm | 5'9""",0,-,-,Sevilla F.C.,Uruguay
Papa Bouba Diop,76,CDM,,0,,2,69,74,73,56,83,88,"194cm | 6'4""",0,-,-,Portsmouth,Senegal
Julio Álvarez Mosquera,76,RM,,0,,3,79,73,78,76,56,62,"180cm | 5'11""",0,-,-,R.C.D. Mallorca,Spain
Mario Melchiot,76,RB,,0,,3,68,47,71,66,76,82,"188cm | 6'2""",0,-,-,Wigan Athletic,Netherlands
Carlton Cole,76,ST,,0,,3,76,72,58,75,64,84,"190cm | 6'3""",0,-,-,West Ham United,England
Eduardo César Daud Gaspar,76,CM,,0,,3,66,73,79,76,70,75,"186cm | 6'1""",0,-,-,C. São Paulo,Brazil
Damien Duff,76,LW,,0,,3,84,70,71,82,62,51,"175cm | 5'9""",0,-,-,Fulham,Republic of Ireland
Kenny Miller,76,ST,,0,,3,86,72,62,74,54,58,"178cm | 5'10""",0,-,-,Rangers,Scotland
Brian Jensen,76,GK,,0,,2,75,80,62,77,53,80,"185cm | 6'1""",0,-,-,Burnley,Denmark
Bruno Marioni,76,ST,,0,,4,72,75,66,72,62,76,"177cm | 5'10""",0,-,-,U.A.G.,Argentina
Massimo Maccarone,76,ST,,0,,4,79,74,53,79,59,60,"180cm | 5'11""",0,-,-,Siena,Italy
Omar Milanetto,76,CM,,0,,3,72,65,78,73,73,56,"176cm | 5'9""",0,-,-,Genoa,Italy
Florian Kringe,76,CM,,0,,5,69,72,74,67,79,78,"187cm | 6'2""",0,-,-,Hertha BSC,Germany
Henrik Larsson,76,ST,,0,,4,72,74,68,72,65,80,"177cm | 5'10""",0,-,-,Helsingborgs IF,Sweden
Thomas Rasmussen,76,LB,,0,,2,87,71,67,66,72,52,"181cm | 5'11""",0,-,-,Brøndby IF,Denmark
Marlon King,76,ST,,0,,4,82,72,57,74,63,73,"185cm | 6'1""",0,-,-,Wigan Athletic,Jamaica
Sotirios Kyrgiakos,76,CB,,0,,3,66,40,56,45,80,86,"193cm | 6'4""",0,-,-,Liverpool,Greece
David Hellebuyck,76,LM,,0,,3,75,79,74,74,63,69,"178cm | 5'10""",0,-,-,OGC Nice,France
Oka Nikolov,76,GK,,0,,2,76,73,69,77,61,74,"188cm | 6'2""",0,-,-,Eintracht Frankfurt,FYR Macedonia
Markus Feulner,76,CM,,0,,4,75,70,76,73,70,66,"181cm | 5'11""",0,-,-,Borussia Dortmund,Germany
Sergio Almirón,76,CM,,0,,3,74,71,74,74,70,70,"180cm | 5'11""",0,-,-,Bari,Argentina
Rune Almenning Jarstein,76,GK,,0,,2,74,72,75,76,70,67,"190cm | 6'3""",0,-,-,Rosenborg BK,Norway
Richarlyson Barbosa Felisbino,76,LWB,,0,,2,78,71,74,69,71,70,"176cm | 5'9""",0,-,-,São Paulo,Brazil
Andrea Campagnolo,76,GK,,0,,2,73,73,71,75,62,74,"184cm | 6'0""",0,-,-,Catania,Italy
Rubén Gracia Calmache,76,RM,,0,,3,80,74,75,79,61,64,"180cm | 5'11""",0,-,-,Villarreal C.F.,Spain
José Manuel Pinto Colorado,76,GK,,0,,4,78,75,78,70,43,71,"185cm | 6'1""",0,-,-,F.C. Barcelona,Spain
José Miguel González Rey,76,RB,,0,,3,75,50,70,68,75,70,"182cm | 6'0""",0,-,-,R.C.D. Mallorca,Spain
Riesgo,76,GK,,0,,3,74,71,71,76,59,75,"185cm | 6'1""",0,-,-,Real Sociedad,Spain
David Navarro Pedrós,76,CB,,0,,3,73,51,61,55,76,80,"183cm | 6'0""",0,-,-,Valencia C.F.,Spain
Javier Rodríguez Venta,76,RB,,0,,3,78,57,73,69,74,62,"180cm | 5'11""",0,-,-,Villarreal C.F.,Spain
Jiří Štajner,76,RF,,0,,4,72,73,68,76,60,74,"179cm | 5'10""",0,-,-,Hannover 96,Czech Republic
Fabien Audard,76,GK,,0,,3,75,72,70,77,65,74,"188cm | 6'2""",0,-,-,FC Lorient Bretagne Sud,France
Jaroslav Plašil,76,LM,,0,,4,77,68,77,76,65,64,"182cm | 6'0""",0,-,-,Girondins de Bordeaux,Czech Republic
Jérémy Toulalan,76,CDM,,0,,3,73,50,80,73,84,72,"183cm | 6'0""",0,-,-,Olympique Lyonnais,France
Antonio López Guerrero,76,LB,,0,,3,81,54,68,61,75,58,"175cm | 5'9""",0,-,-,Atlético de Madrid,Spain
Juan Jesús Calatayud Sánchez,76,GK,,0,,3,73,72,70,78,56,73,"191cm | 6'3""",0,-,-,Hércules C.F.,Spain
Fabrice Abriel,76,CM,,0,,4,76,72,72,71,71,66,"176cm | 5'9""",0,-,-,Olympique de Marseille,France
Jérémie Janot,76,GK,,0,,3,77,72,66,78,51,76,"176cm | 5'9""",0,-,-,A.S. Saint-Etienne,France
Daniel Cousin,76,ST,,0,,3,80,74,51,73,60,76,"187cm | 6'2""",0,-,-,Hull City,Gabon
Paulo Renato Rebocho Ferreira,76,RB,,0,,4,75,39,72,66,75,74,"182cm | 6'0""",0,-,-,Chelsea,Portugal
Francesco Lodi,76,CAM,,0,,3,75,76,75,76,61,64,"183cm | 6'0""",0,-,-,Udinese,Italy
Jean II Makoun,76,CDM,,0,,4,79,62,70,71,82,76,"173cm | 5'8""",0,-,-,Olympique Lyonnais,Cameroon
Christian Schulz,76,CB,,0,,4,73,51,72,67,75,72,"185cm | 6'1""",0,-,-,Hannover 96,Germany
Christian Lell,76,RB,,0,,2,83,40,64,58,75,70,"180cm | 5'11""",0,-,-,Bayern München,Germany
Christian Obodo,76,CM,,0,,3,73,67,75,74,74,70,"180cm | 5'11""",0,-,-,Udinese,Nigeria
Juan Gutiérrez Moreno,76,CB,,0,,3,66,50,60,54,79,84,"182cm | 6'0""",0,-,-,Atlético de Madrid,Spain
Fernando Varela Ramos,76,RM,,0,,3,76,71,73,76,70,68,"180cm | 5'11""",0,-,-,R.C.D. Mallorca,Spain
Angel Domingo López Ruano,76,RWB,,0,,3,76,59,72,70,74,66,"180cm | 5'11""",0,-,-,Villarreal C.F.,Spain
Fabiano Eller dos Santos,76,CB,,0,,2,73,60,68,61,75,76,"183cm | 6'0""",0,-,-,I. Porto Alegre,Brazil
Thomas Sørensen,76,GK,,0,,3,78,74,67,78,51,72,"195cm | 6'5""",0,-,-,Stoke City,Denmark
Cuauhtémoc Blanco,76,CAM,,0,,4,67,80,79,79,60,58,"177cm | 5'10""",0,-,-,Chicago Fire,Mexico
Ricardo López Felipe,76,GK,,0,,3,73,73,76,72,50,77,"187cm | 6'2""",0,-,-,Club Atlético Osasuna,Spain
Marcio Miranda Rocha da Silva,76,CF,,0,,3,79,72,68,77,64,62,"171cm | 5'7""",0,-,-,Atlético Paranaense,Brazil
Stijn Schaars,76,CDM,,0,,4,72,64,78,72,74,62,"177cm | 5'10""",0,-,-,AZ Alkmaar,Netherlands
Giuseppe Biava,76,CB,,0,,3,75,52,60,54,76,76,"180cm | 5'11""",0,-,-,Genoa,Italy
Salvatore Aronica,76,CB,,0,,3,76,44,54,56,78,62,"181cm | 5'11""",0,-,-,Napoli,Italy
Daniele Gastaldello,76,CB,,0,,3,76,45,59,54,76,76,"185cm | 6'1""",0,-,-,Sampdoria,Italy
Mauro Esposito,76,RF,,0,,3,81,71,71,76,58,65,"172cm | 5'8""",0,-,-,Roma,Italy
Georgios Samaras,76,ST,,0,,3,80,70,62,74,50,81,"193cm | 6'4""",0,-,-,Celtic,Greece
Diego Cavalieri,76,GK,,0,,2,82,70,69,79,41,70,"191cm | 6'3""",0,-,-,Liverpool,Brazil
György Garics,76,RWB,,0,,3,81,60,73,71,73,64,"183cm | 6'0""",0,-,-,Atalanta,Austria
Ricardo Pozzi Rodrigues,76,CAM,,0,4.0,3,65,73,82,76,67,57,"176cm | 5'9""",0,-,-,Atlético Mineiro,Brazil
Ruben Filipe Marques Amorim,76,CM,,0,,3,74,68,77,75,72,69,"180cm | 5'11""",0,-,-,Sport Lisboa Benfica,Portugal
Kieran Richardson,76,LM,,0,,3,80,74,73,77,61,55,"179cm | 5'10""",0,-,-,Sunderland,England
Dorvalino Alves Maciel,76,LB,,0,,3,80,74,72,77,71,74,"185cm | 6'1""",0,-,-,PAOK,Brazil
Fabián Vargas,76,CM,,0,,3,75,72,75,76,68,72,"178cm | 5'10""",0,-,-,U.D. Almería,Colombia
Madjid Bougherra,76,CB,,0,,2,79,32,50,59,77,78,"188cm | 6'2""",0,-,-,Rangers,Algeria
Paulo Da Silva,76,CB,,0,,3,70,59,66,60,77,78,"184cm | 6'0""",0,-,-,Sunderland,Paraguay
Antonio Mirante,76,GK,,0,,2,73,74,70,77,65,74,"188cm | 6'2""",0,-,-,Parma,Italy
Kenan Hasagić,76,GK,,0,,2,78,74,78,78,55,60,"191cm | 6'3""",0,-,-,İstanbul  BB,Bosnia Herzegovina
Konstantinos Chalkias,76,GK,,0,,3,75,78,68,76,45,75,"199cm | 6'6""",0,-,-,PAOK,Greece
Pierre Achille Webó Kouamo,76,ST,,0,,3,77,72,59,75,62,76,"180cm | 5'11""",0,-,-,R.C.D. Mallorca,Cameroon
Claudio Marcelo Morel Rodríguez,76,LB,,0,,3,78,59,64,63,74,74,"175cm | 5'9""",0,-,-,Boca Juniors,Paraguay
Germán Denis,76,ST,,0,,3,77,73,62,72,66,77,"183cm | 6'0""",0,-,-,Napoli,Argentina
Pedro Iarley Dantas,76,CF,,0,,4,74,75,78,77,59,50,"170cm | 5'7""",0,-,-,Goiânia,Brazil
Diego Daniel Colotto,76,CB,,0,,5,70,61,65,61,76,79,"184cm | 6'0""",0,-,-,R.C. Deportivo,Argentina
Ibrahima Yattara,76,RW,,0,,4,79,67,77,82,53,62,"175cm | 5'9""",0,-,-,Trabzonspor,Guinea
Uğur Boral,76,LM,,0,,3,89,59,71,76,70,56,"178cm | 5'10""",0,-,-,Fenerbahçe SK,Turkey
Ali Tandoğan,76,RWB,,0,,2,81,68,73,65,72,64,"175cm | 5'9""",0,-,-,Bursaspor,Turkey
Mikael Dorsin,76,LWB,,0,,3,77,54,62,68,75,70,"182cm | 6'0""",0,-,-,Rosenborg BK,Sweden
Ángel Dealbert Ibáñez,76,CB,,0,,3,72,45,56,50,78,78,"185cm | 6'1""",0,-,-,Valencia C.F.,Spain
Silvio Mendes Campos Jr.,76,LB,,0,,3,70,55,77,75,75,68,"173cm | 5'8""",0,-,-,Manchester City,Brazil
Manu Del Moral,76,CF,,0,,4,81,73,61,75,53,68,"186cm | 6'1""",0,-,-,Getafe C.F.,Spain
Javier Pinola,76,LWB,,0,,3,77,49,65,65,76,64,"178cm | 5'10""",0,-,-,1. FC Nürnberg,Argentina
Diego Castro,76,LW,,0,,4,80,69,66,80,57,64,"174cm | 5'9""",0,-,-,Real Sporting de Gijón,Spain
Ciprian Marica,76,ST,,0,,3,86,69,58,75,54,74,"184cm | 6'0""",0,-,-,VfB Stuttgart,Romania
Gennaro Delvecchio,76,CAM,,0,,3,74,70,72,70,76,83,"186cm | 6'1""",0,-,-,Catania,Italy
Paolo Sammarco,76,CM,,0,,3,77,67,73,73,74,70,"181cm | 5'11""",0,-,-,Udinese,Italy
Konstantinos Katsouranis,76,CDM,,0,,2,76,68,72,66,81,84,"183cm | 6'0""",0,-,-,Panathinaikos FC,Greece
Nikos Liberopoulos,76,ST,,0,,3,72,77,65,70,70,76,"186cm | 6'1""",0,-,-,Eintracht Frankfurt,Greece
Angelos Basinas,76,CDM,,0,,3,74,68,74,73,77,64,"178cm | 5'10""",0,-,-,Portsmouth,Greece
Aaron Lennon,76,RW,,0,,3,94,66,68,86,44,40,"165cm | 5'5""",0,-,-,Tottenham Hotspur,England
Jussiê Ferreira Vieira,76,RM,,0,,3,80,76,75,79,59,67,"180cm | 5'11""",0,-,-,Girondins de Bordeaux,Brazil
Nikos Spyropoulos,76,LB,,0,,3,80,42,75,75,73,67,"176cm | 5'9""",0,-,-,Panathinaikos FC,Greece
Ivan Jurić,76,CM,,0,,3,75,61,75,74,78,62,"174cm | 5'9""",0,-,-,Genoa,Croatia
Federico Insúa,76,CAM,,0,,5,74,74,76,78,63,68,"179cm | 5'10""",0,-,-,Boca Juniors,Argentina
Tomáš Cerný,76,GK,,0,,1,76,65,72,78,43,79,"184cm | 6'0""",0,-,-,Hamilton Academicals,Czech Republic
Federico Vilar,76,GK,,0,,4,75,77,75,78,20,72,"181cm | 5'11""",0,-,-,Atlante,Argentina
Vicente Matías Vuoso,76,ST,,0,,4,77,71,61,76,62,78,"177cm | 5'10""",0,-,-,Santos Laguna,Mexico
Edson Braafheid,76,LB,,0,,3,83,45,69,68,74,66,"176cm | 5'9""",0,-,-,Bayern München,Netherlands
Juan Fernando Arango,76,LM,,0,,4,74,76,79,80,57,73,"179cm | 5'10""",0,-,-,Borussia M'gladbach,Venezuela
Cícero Santos,76,CAM,,0,,3,74,71,74,75,69,87,"180cm | 5'11""",0,-,-,Hertha BSC,Brazil
Ángel Javier Arizmendi de Lucas,76,RF,,0,,3,79,71,65,72,64,76,"189cm | 6'2""",0,-,-,Real Zaragoza,Spain
Scott Carson,76,GK,,0,,3,80,72,73,85,47,60,"190cm | 6'3""",0,-,-,West Bromwich Albion,England
José Eduardo Rosa Vale e Castro,76,CB,,0,,3,76,50,77,62,75,76,"183cm | 6'0""",0,-,-,R.C. Deportivo,Portugal
Daniele Mannini,76,RM,,0,,3,79,66,75,74,72,62,"183cm | 6'0""",0,-,-,Sampdoria,Italy
Aaron Hunt,76,CF,,0,,4,75,74,61,79,56,68,"183cm | 6'0""",0,-,-,Werder Bremen,Germany
Mathieu Debuchy,76,RB,,0,,3,77,63,76,70,72,72,"177cm | 5'10""",0,-,-,LOSC Lille Métropole,France
Tobias Weis,76,RM,,0,,4,83,59,75,70,77,58,"170cm | 5'7""",0,-,-,TSG 1899 Hoffenheim,Germany
Loïc Perrin,76,CDM,,0,,3,71,66,76,77,73,67,"180cm | 5'11""",0,-,-,A.S. Saint-Etienne,France
Pedro Alves da Silva,76,RB,,0,,3,76,62,72,71,74,67,"180cm | 5'11""",0,-,-,Sporting CP,Brazil
Davide Biondini,76,CDM,,0,,3,76,61,76,70,77,70,"178cm | 5'10""",0,-,-,Cagliari,Italy
Michael Jakobsen,76,LB,,0,,1,75,56,55,50,77,77,"185cm | 6'1""",0,-,-,Aalborg BK,Denmark
Ross Turnbull,76,GK,,0,,2,77,76,75,78,37,70,"193cm | 6'4""",0,-,-,Chelsea,England
António Leonel Nogueira de Sousa,76,CB,,0,,3,72,55,60,54,76,82,"184cm | 6'0""",0,-,-,Sporting CP,Portugal
Andrea Coda,76,CB,,0,,3,74,42,59,52,78,72,"188cm | 6'2""",0,-,-,Udinese,Italy
Andrea Raggi,76,RB,,0,,3,80,54,67,59,74,68,"184cm | 6'0""",0,-,-,Bologna,Italy
Daniele Galloppa,76,CM,,0,,4,77,68,75,70,74,64,"182cm | 6'0""",0,-,-,Parma,Italy
Andrea Consigli,76,GK,,0,,3,74,71,70,77,62,76,"189cm | 6'2""",0,-,-,Atalanta,Italy
Andrea Lazzari,76,CAM,,0,,4,79,72,75,79,63,66,"184cm | 6'0""",0,-,-,Cagliari,Italy
Jonny Magallón,76,CB,,0,,3,72,50,68,58,76,75,"178cm | 5'10""",0,-,-,Guadalajara,Mexico
Adriano Pinto Ferreira,76,RW,,0,,3,72,72,75,77,61,66,"178cm | 5'10""",0,-,-,Atalanta,Brazil
Curtis Davies,76,CB,,0,,3,77,34,52,37,79,81,"188cm | 6'2""",0,-,-,Aston Villa,England
Paulo Baier,76,RM,,0,,2,72,73,77,72,70,68,"184cm | 6'0""",0,-,-,Atlético Paranaense,Brazil
Mirko Pieri,76,LWB,,0,,3,77,54,72,65,75,68,"183cm | 6'0""",0,-,-,Livorno,Italy
Gary Cahill,76,CB,,0,,3,73,49,49,55,78,77,"188cm | 6'2""",0,-,-,Bolton Wanderers,England
Dennis Aogo,76,LWB,,0,,3,79,59,74,70,72,72,"184cm | 6'0""",0,-,-,Hamburger SV,Germany
Paulo Ricardo R. de Jesus Machado,76,CM,,0,,4,73,74,77,75,65,58,"174cm | 5'9""",0,-,-,Toulouse FC,Portugal
Edinho,76,ST,,0,,3,79,70,63,74,59,79,"186cm | 6'1""",0,-,-,Málaga C.F.,Portugal
Stéphane M'Bia,76,CDM,,0,,3,77,66,69,66,83,86,"189cm | 6'2""",0,-,-,Olympique de Marseille,Cameroon
Cameron Jerome,76,ST,,0,,3,89,69,51,71,59,82,"185cm | 6'1""",0,-,-,Birmingham City,England
Rowen Fernandez,76,GK,,0,,3,75,73,80,72,57,68,"189cm | 6'2""",0,-,-,Arminia Bielefeld,South Africa
Mariano Julio Izco,76,CM,,0,,3,83,67,71,70,75,66,"179cm | 5'10""",0,-,-,Catania,Argentina
Fernando Gago,76,CM,,0,,4,75,58,80,76,74,66,"178cm | 5'10""",0,-,-,Real Madrid C.F.,Argentina
Bruno Fernandes das Dores de Souza,76,GK,,0,,1,81,73,67,75,46,76,"190cm | 6'3""",0,-,-,Flamengo,Brazil
Jan Polák,76,CM,,0,,4,76,67,74,68,77,70,"181cm | 5'11""",0,-,-,RSC Anderlecht,Czech Republic
Rasmus Elm,76,CM,,0,,4,68,75,78,73,67,66,"184cm | 6'0""",0,-,-,AZ Alkmaar,Sweden
Salvatore Bocchetti,76,CB,,0,,2,76,48,61,50,77,72,"178cm | 5'10""",0,-,-,Genoa,Italy
Hugo Rodallega,76,ST,,0,,3,76,75,62,73,67,73,"181cm | 5'11""",0,-,-,Wigan Athletic,Colombia
Aldo Leão Ramírez,76,CAM,,0,,3,73,72,75,76,63,64,"175cm | 5'9""",0,-,-,Monarcas Morelia,Colombia
Hedwiges Maduro,76,CB,,0,,4,65,62,70,66,78,73,"185cm | 6'1""",0,-,-,Valencia C.F.,Netherlands
Javad Nekounam,76,CM,,0,,3,76,73,71,69,77,69,"186cm | 6'1""",0,-,-,Club Atlético Osasuna,Iran
Renato Augusto,76,CAM,,0,,4,82,70,79,86,53,54,"186cm | 6'1""",0,-,-,Bayer 04 Leverkusen,Brazil
Aquivaldo Mosquera,76,CB,,0,,3,74,51,60,56,77,76,"185cm | 6'1""",0,-,-,América,Colombia
Nuri Sahin,76,CM,,0,,4,65,71,80,82,68,58,"180cm | 5'11""",0,-,-,Borussia Dortmund,Turkey
Jordi Gómez García-Penche,76,CAM,,0,,3,74,73,77,76,62,53,"178cm | 5'10""",0,-,-,Wigan Athletic,Spain
Jonathan Pereira,76,CF,,0,,3,87,68,65,80,47,60,"167cm | 5'6""",0,-,-,Villarreal C.F.,Spain
Jan Vertonghen,76,CDM,,0,,3,70,70,76,65,76,72,"189cm | 6'2""",0,-,-,Ajax,Belgium
Sébastien Bassong,76,CB,,0,,3,74,45,61,38,79,75,"187cm | 6'2""",0,-,-,Tottenham Hotspur,France
Torrejón,76,CB,,0,,3,73,50,69,48,77,77,"187cm | 6'2""",0,-,-,Real Racing Club,Spain
Sebastián Leto,76,LW,,0,,3,82,68,70,81,57,59,"188cm | 6'2""",0,-,-,Panathinaikos FC,Argentina
Cristiano Del Grosso,76,LWB,,0,,2,79,51,72,65,74,64,"175cm | 5'9""",0,-,-,Siena,Italy
Gareth Bale,76,LB,,0,,3,82,72,73,71,71,65,"183cm | 6'0""",0,-,-,Tottenham Hotspur,Wales
Kevin-Prince Boateng,76,CM,,0,,4,75,68,73,83,72,74,"184cm | 6'0""",0,-,-,Portsmouth,Germany
Matías Fernández,76,CAM,,0,,4,78,75,78,80,53,60,"177cm | 5'10""",0,-,-,Sporting CP,Chile
Maynor Figueroa,76,LB,,0,,2,80,68,68,68,73,52,"180cm | 5'11""",0,-,-,Wigan Athletic,Honduras
Pedro León,76,RM,,0,,3,79,73,77,76,59,65,"182cm | 6'0""",0,-,-,Getafe C.F.,Spain
Marek Sapara,76,CM,,0,,4,73,75,77,70,68,62,"176cm | 5'9""",0,-,-,Rosenborg BK,Slovakia
Prince Tagoe,76,ST,,0,,3,79,72,60,71,51,80,"188cm | 6'2""",0,-,-,TSG 1899 Hoffenheim,Ghana
Bruno Alexandre Marques Pereirinha,76,RM,,0,,3,76,68,76,75,70,62,"173cm | 5'8""",0,-,-,Sporting CP,Portugal
Lucas Leiva,76,CM,,0,,3,77,66,74,77,70,60,"179cm | 5'10""",0,-,-,Liverpool,Brazil
Mevlüt Erdinç,76,ST,,0,,3,78,69,64,77,56,76,"181cm | 5'11""",0,-,-,Paris Saint-Germain,Turkey
Mesut Özil,76,CAM,,0,,4,80,73,79,87,52,58,"182cm | 6'0""",0,-,-,Werder Bremen,Germany
Andreas Beck,76,RB,,0,,3,84,33,77,74,73,68,"180cm | 5'11""",0,-,-,TSG 1899 Hoffenheim,Germany
Barış Özbek,76,CM,,0,,3,76,63,75,74,75,65,"180cm | 5'11""",0,-,-,Galatasaray SK,Turkey
Mathieu Valbuena,76,CAM,,0,,4,84,72,74,80,58,62,"167cm | 5'6""",0,-,-,Olympique de Marseille,France
Tomáš Zápotočný,76,CB,,0,,3,72,50,62,57,78,74,"181cm | 5'11""",0,-,-,Bursaspor,Czech Republic
Mathieu Coutadeur,76,CDM,,0,,4,75,70,72,72,75,73,"170cm | 5'7""",0,-,-,AS Monaco FC,France
Marco Materazzi,76,CB,,0,,3,64,58,56,49,80,83,"193cm | 6'4""",0,-,-,Inter,Italy
Alberto Bueno Calvo,76,CF,,0,,3,79,75,53,77,52,69,"178cm | 5'10""",0,-,-,Real Valladolid C.F.,Spain
Diego Biseswar,76,LW,,0,,4,82,73,63,77,52,58,"173cm | 5'8""",0,-,-,Feyenoord,Netherlands
Jeremain Lens,76,ST,,0,,4,85,70,57,79,58,60,"178cm | 5'10""",0,-,-,AZ Alkmaar,Netherlands
Pablo Daniel Osvaldo,76,ST,,0,,3,81,69,60,78,58,74,"182cm | 6'0""",0,-,-,Bologna,Italy
Éver Banega,76,CM,,0,,4,73,65,77,81,69,64,"174cm | 5'9""",0,-,-,Valencia C.F.,Argentina
Rafael Wihby Bracali,76,GK,,0,,3,76,76,67,77,53,75,"184cm | 6'0""",0,-,-,CD Nacional,Brazil
Moustapha Bayal Sall,76,CB,,0,,3,74,59,58,66,76,69,"191cm | 6'3""",0,-,-,A.S. Saint-Etienne,Senegal
Marek Kulič,76,LF,,0,,4,80,71,57,81,56,70,"175cm | 5'9""",0,-,-,Mladá Boleslav,Czech Republic
Simon Kjær,76,CB,,0,,3,68,49,57,62,78,78,"189cm | 6'2""",0,-,-,Palermo,Denmark
Matúš Kozáčik,76,GK,,0,,2,78,70,74,73,57,75,"193cm | 6'4""",0,-,-,Sparta Praha,Slovakia
Tomáš Poštulka,76,GK,,0,,2,79,70,72,74,58,71,"194cm | 6'4""",0,-,-,Viktoria Plzeň ,Czech Republic
Arturo Vidal,76,CM,,0,,4,79,59,74,80,76,68,"180cm | 5'11""",0,-,-,Bayer 04 Leverkusen,Chile
Fabiano Santacroce,76,CB,,0,,3,82,50,50,54,75,76,"181cm | 5'11""",0,-,-,Napoli,Italy
Vítor Hugo Gomes Paços,76,CM,,0,,3,77,66,75,71,74,68,"187cm | 6'2""",0,-,-,Real Valladolid C.F.,Portugal
Brayan Angulo,76,LWB,,0,,3,84,51,62,70,73,60,"174cm | 5'9""",0,-,-,R.C. Deportivo,Colombia
Fernando,76,CDM,,0,,3,80,54,74,72,82,74,"183cm | 6'0""",0,-,-,FC Porto,Brazil
Dan Gosling,76,RM,,0,,3,75,68,72,76,74,64,"178cm | 5'10""",0,-,-,Everton,England
Nikola Kalinic,76,ST,,0,,3,79,72,60,76,53,70,"187cm | 6'2""",0,-,-,Blackburn Rovers,Croatia
Danny Welbeck,76,CF,,0,,3,83,72,55,77,49,64,"185cm | 6'1""",0,-,-,Manchester United,England
Joffre Guerrón,76,RW,,0,,3,88,67,65,78,64,61,"176cm | 5'9""",0,-,-,Cruzeiro,Ecuador
Douglas Franco Teixeira,76,CB,,0,,3,68,49,48,61,79,80,"192cm | 6'4""",0,-,-,FC Twente,Brazil
Seydou Doumbia,76,ST,,0,,3,87,73,51,75,58,64,"178cm | 5'10""",0,-,-,BSC Young Boys,Ivory Coast
Nenad Milijaš,76,CM,,0,,2,62,80,81,62,72,71,"188cm | 6'2""",0,-,-,Wolverhampton Wanderers,Serbia
Fabián Orellana,76,CF,,0,,4,82,71,68,82,49,54,"170cm | 5'7""",0,-,-,Xerez C.D.,Chile
Bernardo Corradi,75,ST,,0,,3,74,71,64,71,65,84,"189cm | 6'2""",0,-,-,Udinese,Italy
Flavio Roma,75,GK,,0,,3,74,72,69,75,57,71,"191cm | 6'3""",0,-,-,Milan,Italy
Ousmane Dabo,75,CDM,,0,,3,68,69,76,67,75,68,"185cm | 6'1""",0,-,-,Lazio,France
Cosmin Marius Contra,75,RWB,,0,,3,78,56,68,70,73,57,"180cm | 5'11""",0,-,-,Getafe C.F.,Romania
Steve Finnan,75,RB,,0,,4,73,45,70,69,74,76,"183cm | 6'0""",0,-,-,Portsmouth,Republic of Ireland
Francesco Cozza,75,CAM,,0,,3,70,76,77,76,61,53,"181cm | 5'11""",0,-,-,Salerno,Italy
Aimo Stefano Diana,75,RM,,0,,3,80,65,74,68,72,76,"180cm | 5'11""",0,-,-,F. Torino,Italy
Ryan Nelsen,75,CB,,0,,3,64,37,56,42,80,80,"183cm | 6'0""",0,-,-,Blackburn Rovers,New Zealand
Kew Jaliens,75,CB,,0,,4,73,49,52,59,76,76,"183cm | 6'0""",0,-,-,AZ Alkmaar,Netherlands
Matthew Amoah,75,ST,,0,,3,79,72,61,70,52,76,"175cm | 5'9""",0,-,-,NAC Breda,Ghana
Ricardo Gardner,75,LW,,0,,3,82,66,73,77,67,64,"175cm | 5'9""",0,-,-,Bolton Wanderers,Jamaica
Gerardo Torrado,75,CDM,,0,,3,75,68,68,69,79,70,"173cm | 5'8""",0,-,-,Cruz Azul,Mexico
Paul Hartley,75,CM,,0,,4,66,73,78,69,70,52,"173cm | 5'8""",0,-,-,Bristol City,Scotland
José Carlos Araújo Nunes,75,CB,,0,,3,72,44,70,53,75,79,"185cm | 6'1""",0,-,-,R.C.D. Mallorca,Portugal
Armando Gonçalves Teixeira,75,CDM,,0,,3,66,69,74,61,81,62,"176cm | 5'9""",0,-,-,1. FC Köln,Portugal
Richard Dunne,75,CB,,0,,3,74,36,53,35,78,86,"188cm | 6'2""",0,-,-,Aston Villa,Republic of Ireland
Christian Brocchi,75,CDM,,0,,3,72,62,77,70,74,64,"171cm | 5'7""",0,-,-,Lazio,Italy
Cristiano Lucarelli,75,ST,,0,,4,74,74,55,71,66,83,"188cm | 6'2""",0,-,-,Livorno,Italy
Stéphane Cassard,75,GK,,0,,4,76,72,66,77,44,75,"185cm | 6'1""",0,-,-,RC Strasbourg,France
Teddy Richert,75,GK,,0,,4,76,70,71,74,36,76,"182cm | 6'0""",0,-,-,FC Sochaux-Montbéliard,France
Salvatore Lanna,75,LB,,0,,3,78,43,63,56,74,69,"178cm | 5'10""",0,-,-,Bologna,Italy
Bruno Cirillo,75,CB,,0,,3,73,49,60,51,77,72,"187cm | 6'2""",0,-,-,PAOK,Italy
Sebastian Kehl,75,CDM,,0,,4,71,64,74,60,82,82,"188cm | 6'2""",0,-,-,Borussia Dortmund,Germany
Nwankwo Kanu,75,CF,,0,,3,61,72,66,83,62,78,"197cm | 6'6""",0,-,-,Portsmouth,Nigeria
Giovanni van Bronckhorst,75,CDM,,0,,3,71,68,74,71,72,68,"178cm | 5'10""",0,-,-,Feyenoord,Netherlands
Gérémi Ndjitap,75,RM,,0,,3,70,66,74,69,76,68,"175cm | 5'9""",0,-,-,Newcastle United,Cameroon
Nabil Baha,75,ST,,0,,3,75,73,54,72,58,78,"181cm | 5'11""",0,-,-,Málaga C.F.,Morocco
Fredrik Ljungberg,75,RM,,0,,4,77,72,71,80,63,54,"175cm | 5'9""",0,-,-,Seattle Sounders FC,Sweden
Franck Jurietti,75,LB,,0,,3,74,47,66,63,75,66,"177cm | 5'10""",0,-,-,Girondins de Bordeaux,France
Manuele Blasi,75,CDM,,0,,2,78,57,73,70,80,70,"178cm | 5'10""",0,-,-,Palermo,Italy
Jean-Alain Boumsong,75,CB,,0,,3,70,48,65,47,77,80,"190cm | 6'3""",0,-,-,Olympique Lyonnais,France
Thorstein Helstad,75,ST,,0,,3,73,75,62,73,62,67,"187cm | 6'2""",0,-,-,Le Mans Union Club 72,Norway
Gábor Babos,75,GK,,0,,2,75,72,60,77,60,77,"196cm | 6'5""",0,-,-,N.E.C.,Hungary
Danijel Ljuboja,75,ST,,0,,5,74,72,64,73,56,70,"187cm | 6'2""",0,-,-,Grenoble Foot 38,Serbia
Juan Francisco García,75,LWB,,0,,3,69,62,73,69,75,69,"183cm | 6'0""",0,-,-,AEK Athens,Spain
Gerald Asamoah,75,RW,,0,,3,80,68,67,71,71,74,"180cm | 5'11""",0,-,-,FC Schalke 04,Germany
Kevin Davies,75,ST,,0,,3,70,73,59,70,74,90,"183cm | 6'0""",0,-,-,Bolton Wanderers,England
Habib Beye,75,RB,,0,,4,75,43,66,62,75,74,"182cm | 6'0""",0,-,-,Aston Villa,Senegal
Paul Stalteri,75,RB,,0,,4,75,40,44,52,78,68,"180cm | 5'11""",0,-,-,Borussia M'gladbach,Canada
Petter Hansson,75,CB,,0,,2,64,60,64,58,77,83,"186cm | 6'1""",0,-,-,Stade Rennais FC,Sweden
Wes Brown,75,CB,,0,,3,73,32,62,48,78,78,"185cm | 6'1""",0,-,-,Manchester United,England
Titus Bramble,75,CB,,0,,3,76,43,54,40,76,82,"185cm | 6'1""",0,-,-,Wigan Athletic,England
Juan Pablo Ángel,75,ST,,0,,4,71,76,52,70,59,78,"184cm | 6'0""",0,-,-,New York Red Bulls,Colombia
Sander Boschker,75,GK,,0,,3,72,77,69,71,62,76,"184cm | 6'0""",0,-,-,FC Twente,Netherlands
Theo Janssen,75,CM,,0,,4,67,74,79,71,67,62,"180cm | 5'11""",0,-,-,FC Twente,Netherlands
James Collins,75,CB,,0,,3,63,50,51,56,79,81,"193cm | 6'4""",0,-,-,Aston Villa,Wales
Jorge Miguel de Oliveira Ribeiro,75,LWB,,0,,3,75,71,74,69,71,64,"172cm | 5'8""",0,-,-,Sport Lisboa Benfica,Portugal
Vanderlei Fernandes Silva,75,ST,,0,,3,75,72,67,69,64,76,"175cm | 5'9""",0,-,-,Salvador,Brazil
Adriano Vieira Louzada,75,ST,,0,,4,73,73,59,71,59,79,"181cm | 5'11""",0,-,-,SC Braga,Brazil
Rade Prica,75,ST,,0,,4,75,72,55,73,59,77,"185cm | 6'1""",0,-,-,Rosenborg BK,Sweden
Ayhan Akman,75,CM,,0,,4,73,62,74,72,76,60,"173cm | 5'8""",0,-,-,Galatasaray SK,Turkey
Bruno Cheyrou,75,CAM,,0,,3,70,72,72,71,75,72,"187cm | 6'2""",0,-,-,Stade Rennais FC,France
Zlatan Bajramović,75,CDM,,0,,4,64,71,76,73,75,74,"182cm | 6'0""",0,-,-,Eintracht Frankfurt,Bosnia Herzegovina
Jon Dahl Tomasson,75,CF,,0,,4,72,74,67,71,61,70,"182cm | 6'0""",0,-,-,Feyenoord,Denmark
Didier Zokora,75,CDM,,0,,3,78,59,70,75,80,72,"179cm | 5'10""",0,-,-,Sevilla F.C.,Ivory Coast
Thomas Manfredini,75,CB,,0,,3,74,60,55,58,75,68,"180cm | 5'11""",0,-,-,Atalanta,Italy
Javier Calleja Revilla,75,LM,,0,,3,79,69,71,72,69,62,"171cm | 5'7""",0,-,-,Club Atlético Osasuna,Spain
Paul Scharner,75,CB,,0,,3,67,59,64,42,77,86,"191cm | 6'3""",0,-,-,Wigan Athletic,Austria
Barry Robson,75,LM,,0,,3,70,76,72,73,71,72,"180cm | 5'11""",0,-,-,Celtic,Scotland
Marcelo Zalayeta,75,ST,,0,,3,74,73,59,72,64,80,"188cm | 6'2""",0,-,-,Bologna,Uruguay
Joey Didulica,75,GK,,0,,3,76,70,63,77,66,72,"191cm | 6'3""",0,-,-,AZ Alkmaar,Croatia
Grégory Tafforeau,75,LB,,0,,3,72,59,71,69,73,71,"175cm | 5'9""",0,-,-,Stade Malherbe Caen,France
Valmiro López Rocha,75,RM,,0,,3,83,71,73,79,55,71,"184cm | 6'0""",0,-,-,Málaga C.F.,Spain
Sead Ramovic,75,GK,,0,,3,72,73,69,76,47,76,"190cm | 6'3""",0,-,-,Tromsø IL,Bosnia Herzegovina
Fabricio Coloccini,75,CB,,0,,3,66,56,74,69,75,76,"183cm | 6'0""",0,-,-,Newcastle United,Argentina
Kris Boyd,75,ST,,0,,3,68,76,54,74,64,82,"183cm | 6'0""",0,-,-,Rangers,Scotland
Helge Payer,75,GK,,0,,3,72,79,78,75,22,72,"184cm | 6'0""",0,-,-,SK Rapid Wien,Austria
Ekrem Dağ,75,RM,,0,,4,84,69,72,74,64,58,"176cm | 5'9""",0,-,-,Beşiktaş JK,Austria
Fodé Mansaré,75,LF,,0,,4,83,68,68,76,52,64,"175cm | 5'9""",0,-,-,Toulouse FC,Guinea
Etienne Didot,75,CM,,0,,3,71,66,77,68,74,67,"175cm | 5'9""",0,-,-,Toulouse FC,France
Frédéric Piquionne,75,ST,,0,,4,76,72,59,69,60,81,"188cm | 6'2""",0,-,-,Portsmouth,France
Wilfried Dalmat,75,RW,,0,,3,86,67,71,69,64,66,"176cm | 5'9""",0,-,-,Standard de Liège,France
Karim Ziani,75,RM,,0,,3,78,71,77,80,53,69,"169cm | 5'7""",0,-,-,VfL Wolfsburg,Algeria
Selim Benachour,75,CAM,,0,,3,78,68,76,79,60,50,"170cm | 5'7""",0,-,-,Málaga C.F.,Tunisia
David Bellion,75,ST,,0,,3,82,68,65,73,58,71,"181cm | 5'11""",0,-,-,Girondins de Bordeaux,France
Jonathan Greening,75,CDM,,0,,4,72,67,73,71,76,51,"180cm | 5'11""",0,-,-,Fulham,England
Richard Wright,75,GK,,0,,2,75,67,71,75,77,70,"188cm | 6'2""",0,-,-,Ipswich Town,England
Laurent Bonnart,75,RB,,0,,4,75,53,76,43,75,71,"171cm | 5'7""",0,-,-,Olympique de Marseille,France
Grégory Thil,75,ST,,0,,3,77,73,67,67,57,70,"183cm | 6'0""",0,-,-,U.S. Boulogne Cote D'Opale,France
David Dunn,75,CM,,0,,3,70,73,70,75,72,67,"175cm | 5'9""",0,-,-,Blackburn Rovers,England
Paul Konchesky,75,LB,,0,,3,87,58,72,37,70,76,"178cm | 5'10""",0,-,-,Fulham,England
Zat Knight,75,CB,,0,,1,71,40,61,48,76,90,"198cm | 6'6""",0,-,-,Bolton Wanderers,England
Florent Balmont,75,CM,,0,,3,75,70,78,76,62,52,"168cm | 5'6""",0,-,-,LOSC Lille Métropole,France
Tranquillo Barnetta,75,LW,,0,,4,87,62,72,85,61,54,"178cm | 5'10""",0,-,-,Bayer 04 Leverkusen,Switzerland
José Javier Barkero Saludes,75,LM,,0,,3,68,77,81,70,59,48,"181cm | 5'11""",0,-,-,C.D. Numancia,Spain
Carlos Reina Aranda,75,ST,,0,,3,76,72,63,69,61,74,"186cm | 6'1""",0,-,-,Club Atlético Osasuna,Spain
Mohamadou Idrissou,75,LF,,0,,3,85,69,61,69,60,70,"190cm | 6'3""",0,-,-,SC Freiburg,Cameroon
Javier García Portillo,75,ST,,0,,4,74,71,69,71,51,72,"180cm | 5'11""",0,-,-,Club Atlético Osasuna,Spain
Steffen Hofmann,75,CAM,,0,,4,78,72,76,74,60,54,"173cm | 5'8""",0,-,-,SK Rapid Wien,Germany
Anton Ferdinand,75,CB,,0,,3,76,49,58,57,74,80,"183cm | 6'0""",0,-,-,Sunderland,England
Bobby Zamora,75,ST,,0,,3,77,73,53,69,65,80,"183cm | 6'0""",0,-,-,Fulham,England
Erik Edman,75,LB,,0,,3,77,70,65,61,72,67,"180cm | 5'11""",0,-,-,Wigan Athletic,Sweden
Jelle Van Damme,75,LB,,0,,3,68,62,65,62,76,76,"191cm | 6'3""",0,-,-,RSC Anderlecht,Belgium
Lee Grant,75,GK,,0,,3,72,65,78,82,56,61,"193cm | 6'4""",0,-,-,Sheffield Wednesday,England
Abdoulaye Faye,75,CB,,0,,3,70,40,53,51,78,80,"187cm | 6'2""",0,-,-,Stoke City,Senegal
Derek Owusu Boateng,75,CM,,0,,4,84,61,72,73,72,72,"185cm | 6'1""",0,-,-,Getafe C.F.,Ghana
Ali Bilgin,75,RW,,0,,3,83,72,65,72,60,58,"183cm | 6'0""",0,-,-,Fenerbahçe SK,Turkey
Simone Padoin,75,LM,,0,,3,76,63,74,73,71,60,"179cm | 5'10""",0,-,-,Atalanta,Italy
Marco Pisano,75,LB,,0,,3,80,53,72,66,72,64,"174cm | 5'9""",0,-,-,F. Torino,Italy
Ieroklis Stoltidis,75,CDM,,0,,3,74,75,69,73,72,74,"185cm | 6'1""",0,-,-,Olympiakos CFP,Greece
Christian Grindheim,75,CM,,0,,4,75,70,72,69,71,62,"179cm | 5'10""",0,-,-,sc Heerenveen,Norway
Daniel Braaten,75,RW,,0,,4,82,66,70,83,62,60,"184cm | 6'0""",0,-,-,Toulouse FC,Norway
Jaime Valdés,75,CAM,,0,,3,76,71,69,81,68,66,"175cm | 5'9""",0,-,-,Atalanta,Chile
Tressor Moreno,75,CAM,,0,,4,72,72,74,72,69,70,"173cm | 5'8""",0,-,-,San Luis,Colombia
Jenilson Souza Júnior,75,LM,,0,,2,68,70,78,72,68,51,"173cm | 5'8""",0,-,-,Atlético Mineiro,Brazil
John Mensah,75,CB,,0,,3,67,45,57,50,79,73,"180cm | 5'11""",0,-,-,Sunderland,Ghana
Eduardo Ribeiro Dos Santos,75,ST,,0,,3,71,73,66,74,52,69,"178cm | 5'10""",0,-,-,Racing Club de Lens,Brazil
Juan Pablo Colinas Ferreras,75,GK,,0,,3,72,74,71,75,55,73,"187cm | 6'2""",0,-,-,Real Sporting de Gijón,Spain
Manuel Gaspar Haro,75,RB,,0,,3,76,52,67,63,75,57,"176cm | 5'9""",0,-,-,Málaga C.F.,Spain
Ferrán Corominas Telechea,75,CF,,0,,3,80,69,74,75,57,64,"171cm | 5'7""",0,-,-,R.C.D. Espanyol,Spain
Pedro Mario Álvarez Abrante,75,CB,,0,,3,73,46,59,50,76,80,"178cm | 5'10""",0,-,-,Getafe C.F.,Spain
Sergio Aragoneses Almeida,75,GK,,0,,3,76,66,65,83,70,64,"182cm | 6'0""",0,-,-,C.D. Tenerife,Spain
Josep Lluis Martí Soler,75,CM,,0,,4,62,74,77,68,73,69,"180cm | 5'11""",0,-,-,R.C.D. Mallorca,Spain
Sascha Riether,75,RWB,,0,,3,83,57,71,67,70,68,"174cm | 5'9""",0,-,-,VfL Wolfsburg,Germany
Ludovic Delporte,75,LM,,0,,3,78,72,72,73,63,64,"178cm | 5'10""",0,-,-,Club Atlético Osasuna,France
Gonzalo Colsa Albendea,75,CDM,,0,,4,68,65,75,64,83,82,"185cm | 6'1""",0,-,-,Real Racing Club,Spain
David López Moreno,75,RW,,0,,4,80,70,74,72,59,57,"181cm | 5'11""",0,-,-,Athletic Club de Bilbao,Spain
Daniel Ngom Kome,75,CF,,0,,3,82,67,69,78,51,66,"175cm | 5'9""",0,-,-,C.D. Tenerife,Cameroon
Matteo Gianello,75,GK,,0,,2,75,74,70,71,44,76,"189cm | 6'2""",0,-,-,Napoli,Italy
Michele Marcolini,75,CM,,0,,3,73,70,74,73,70,68,"173cm | 5'8""",0,-,-,Chievo Verona,Italy
Francesco Modesto,75,LM,,0,,3,78,61,74,71,74,66,"177cm | 5'10""",0,-,-,Genoa,Italy
Luis Prieto Zalbidegoitia,75,CB,,0,,3,71,61,61,52,76,74,"181cm | 5'11""",0,-,-,Real Valladolid C.F.,Spain
Armando Ribeiro De Aguiar Malda,75,GK,,0,,3,81,65,66,79,62,66,"180cm | 5'11""",0,-,-,Athletic Club de Bilbao,Spain
Lee Miller,75,ST,,0,,3,74,73,61,68,57,82,"188cm | 6'2""",0,-,-,Aberdeen,Scotland
Evaeverson Lemos da Silva,75,ST,,0,,3,76,73,58,66,65,89,"189cm | 6'2""",0,-,-,Olympique de Marseille,Brazil
Marco Donadel,75,CDM,,0,,3,76,67,68,70,81,64,"179cm | 5'10""",0,-,-,Fiorentina,Italy
Andrea Mantovani,75,CB,,0,,3,77,43,62,57,75,72,"185cm | 6'1""",0,-,-,Chievo Verona,Italy
Serkan Balcı,75,RWB,,0,,2,86,55,74,74,70,44,"173cm | 5'8""",0,-,-,Trabzonspor,Turkey
Martin Lanig,75,CM,,0,,3,73,67,74,71,72,80,"190cm | 6'3""",0,-,-,VfB Stuttgart,Germany
Fabrício de Souza,75,CM,,0,,3,70,70,76,70,73,62,"180cm | 5'11""",0,-,-,Cruzeiro,Brazil
Kléber de Carvalho Correa,75,LWB,,0,,2,74,71,78,75,72,60,"177cm | 5'10""",0,-,-,I. Porto Alegre,Brazil
Júnior César Eduardo Machado,75,LWB,,0,,2,85,66,72,75,70,54,"166cm | 5'5""",0,-,-,São Paulo,Brazil
Gilberto da Silva Melo,75,LM,,0,,3,74,63,77,77,68,60,"180cm | 5'11""",0,-,-,Cruzeiro,Brazil
Paulo César Fonseca do Nascimento,75,CM,,0,,4,75,60,74,73,77,71,"170cm | 5'7""",0,-,-,Borussia Dortmund,Brazil
Ayoze Díaz Díaz,75,LB,,0,,3,80,46,73,65,73,66,"175cm | 5'9""",0,-,-,R.C.D. Mallorca,Spain
Alex Geijo,75,ST,,0,,4,76,72,63,72,62,74,"184cm | 6'0""",0,-,-,Real Racing Club,Switzerland
Iriney Santos da Silva,75,CM,,0,,3,77,63,72,82,69,62,"179cm | 5'10""",0,-,-,Real Betis Balompié,Brazil
Héctor Font Romero,75,CAM,,0,,3,70,72,77,75,63,58,"170cm | 5'7""",0,-,-,Real Valladolid C.F.,Spain
Itamar Batista Da Silva,75,ST,,0,,2,77,71,61,73,56,76,"185cm | 6'1""",0,-,-,Tigres U.A.N.L.,Brazil
Alessandro Budel,75,LM,,0,,4,69,68,76,74,70,64,"182cm | 6'0""",0,-,-,Parma,Italy
Massimo Gobbi,75,LM,,0,,3,80,59,74,70,73,70,"183cm | 6'0""",0,-,-,Fiorentina,Italy
Giulio Migliaccio,75,CDM,,0,,3,75,63,74,69,77,72,"178cm | 5'10""",0,-,-,Palermo,Italy
Simone Loria,75,CB,,0,,3,74,56,55,51,75,76,"186cm | 6'1""",0,-,-,F. Torino,Italy
Iñaki Goitia Peña,75,GK,,0,,3,73,71,63,79,45,80,"188cm | 6'2""",0,-,-,Real Betis Balompié,Spain
Robert Huth,75,CB,,0,,3,65,52,44,39,80,84,"188cm | 6'2""",0,-,-,Stoke City,Germany
Marco Storari,75,GK,,0,,2,75,71,72,76,35,75,"187cm | 6'2""",0,-,-,Milan,Italy
Gennaro Bracigliano,75,GK,,0,,3,75,73,71,75,33,76,"183cm | 6'0""",0,-,-,A.S. Nancy Lorraine,France
Stanislav Vlček,75,RF,,0,,3,75,70,72,73,64,68,"183cm | 6'0""",0,-,-,Slavia Praha,Czech Republic
Hassan Yebda,75,CM,,0,,3,73,64,73,75,77,81,"187cm | 6'2""",0,-,-,Portsmouth,France
Ümit Karan,75,ST,,0,,2,72,74,64,72,64,72,"181cm | 5'11""",0,-,-,Eskişehirspor,Turkey
Blerim Džemaili,75,CM,,0,,3,74,72,71,70,70,69,"179cm | 5'10""",0,-,-,Parma,Switzerland
Marc Pfertzel,75,RB,,0,,3,79,58,65,64,72,74,"182cm | 6'0""",0,-,-,VfL Bochum,France
Nicolás Burdisso,75,CB,,0,,3,78,45,58,47,74,82,"182cm | 6'0""",0,-,-,Roma,Argentina
Guillermo Franco,75,ST,,0,,4,73,70,67,73,60,78,"182cm | 6'0""",0,-,-,West Ham United,Mexico
Luis Michel,75,GK,,0,,3,73,71,72,75,49,75,"178cm | 5'10""",0,-,-,Guadalajara,Mexico
Alberto Medina,75,RF,,0,,5,80,69,69,75,52,64,"172cm | 5'8""",0,-,-,Guadalajara,Mexico
Miguel Sabah,75,ST,,0,,3,74,70,69,72,61,79,"175cm | 5'9""",0,-,-,Monarcas Morelia,Mexico
Fabian Guedes,75,CB,,0,,3,72,47,62,62,76,70,"185cm | 6'1""",0,-,-,I. Porto Alegre,Brazil
Hernán Cristante,75,GK,,0,,3,71,76,76,70,40,76,"180cm | 5'11""",0,-,-,Toluca,Argentina
Antonio Naelson Matías,75,CAM,,0,,4,73,73,75,74,64,64,"164cm | 5'5""",0,-,-,Toluca,Mexico
Damiano Ferronetti,75,RB,,0,,3,75,46,71,63,75,68,"185cm | 6'1""",0,-,-,Udinese,Italy
Alessandro Lucarelli,75,CB,,0,,3,75,45,64,55,74,80,"182cm | 6'0""",0,-,-,Parma,Italy
Franco Costanzo,75,GK,,0,,3,78,67,63,84,37,71,"187cm | 6'2""",0,-,-,FC Basel 1893,Argentina
Michael Petkovic,75,GK,,0,,2,74,71,70,74,57,72,"190cm | 6'3""",0,-,-,Sivasspor,Australia
Tolga Zengin,75,GK,,0,,2,73,69,66,79,63,74,"192cm | 6'4""",0,-,-,Trabzonspor,Turkey
Semih Şentürk,75,ST,,0,,2,74,71,63,70,55,80,"183cm | 6'0""",0,-,-,Fenerbahçe SK,Turkey
Arda Turan,75,LM,,0,,5,74,69,78,87,58,53,"176cm | 5'9""",0,-,-,Galatasaray SK,Turkey
Emre Aşık,75,CB,,0,,2,65,36,50,41,81,79,"183cm | 6'0""",0,-,-,Galatasaray SK,Turkey
Gökhan Zan,75,CB,,0,,3,68,44,61,47,78,83,"192cm | 6'4""",0,-,-,Galatasaray SK,Turkey
Serdar Kulbilge,75,GK,,0,,1,75,71,62,80,55,73,"186cm | 6'1""",0,-,-,Gençlerbirliği SK,Turkey
Oscar Wendt,75,LB,,0,,2,76,61,72,62,73,63,"181cm | 5'11""",0,-,-,FC København,Sweden
Momo,75,LW,,0,,3,78,73,69,76,54,55,"184cm | 6'0""",0,-,-,Xerez C.D.,Spain
Xabier Prieto Argarate,75,RW,,0,,3,75,72,69,74,53,68,"185cm | 6'1""",0,-,-,Real Sociedad,Spain
Iván Daniel Alonso Vallejo,75,ST,,0,,3,69,73,66,70,58,79,"180cm | 5'11""",0,-,-,R.C.D. Espanyol,Uruguay
Mario Bermejo Castanedo,75,ST,,0,,3,74,71,63,70,61,80,"176cm | 5'9""",0,-,-,Xerez C.D.,Spain
Gustavo Adolfo Munúa,75,GK,,0,,3,67,72,66,77,60,78,"186cm | 6'1""",0,-,-,Málaga C.F.,Uruguay
Anderson Luis De Carvalho,75,CAM,,0,,4,78,74,76,81,54,71,"181cm | 5'11""",0,-,-,AS Monaco FC,Brazil
Raúl Bravo Sanfélix,75,LB,,0,,2,77,47,65,56,74,68,"176cm | 5'9""",0,-,-,Olympiakos CFP,Spain
Enrique Corrales Martín,75,LB,,0,,3,80,56,69,71,72,64,"175cm | 5'9""",0,-,-,R.C.D. Mallorca,Spain
Daniel Jensen,75,CM,,0,,4,67,71,78,74,69,65,"180cm | 5'11""",0,-,-,Werder Bremen,Denmark
Iñigo Diaz de Cerio Conejero,75,ST,,0,,3,78,71,64,74,61,68,"177cm | 5'10""",0,-,-,Athletic Club de Bilbao,Spain
Iván Cuéllar,75,GK,,0,,3,73,75,71,76,59,70,"187cm | 6'2""",0,-,-,Real Sporting de Gijón,Spain
Juan Antonio Rodriguez Villamuela,75,CM,,0,,3,69,69,73,70,75,77,"185cm | 6'1""",0,-,-,R.C. Deportivo,Spain
Marat Izmailov,75,LM,,0,,4,76,73,74,76,64,62,"169cm | 5'7""",0,-,-,Sporting CP,Russia
Ireneusz Jeleń,75,ST,,0,,4,78,71,60,73,62,70,"184cm | 6'0""",0,-,-,AJ Auxerre,Poland
Nicolas Andres Cordova,75,CM,,0,,3,76,71,75,73,66,66,"175cm | 5'9""",0,-,-,Parma,Chile
Marco Rossi,75,RM,,0,,3,75,67,73,75,72,64,"179cm | 5'10""",0,-,-,Genoa,Italy
Diomansy Kamará,75,ST,,0,,4,86,66,55,79,48,71,"181cm | 5'11""",0,-,-,Fulham,Senegal
Alessandro Potenza,75,RB,,0,,3,74,51,68,62,74,72,"185cm | 6'1""",0,-,-,Catania,Italy
Kevin Doyle,75,ST,,0,,3,75,73,56,71,63,81,"182cm | 6'0""",0,-,-,Wolverhampton Wanderers,Republic of Ireland
Laryea Kingston,75,RM,,0,,3,80,66,73,76,65,51,"178cm | 5'10""",0,-,-,Heart of Midlothian,Ghana
Theofanis Gekas,75,ST,,0,,3,79,73,56,70,57,71,"179cm | 5'10""",0,-,-,Bayer 04 Leverkusen,Greece
Heiko Butscher,75,CB,,0,,3,72,58,66,57,75,76,"189cm | 6'2""",0,-,-,SC Freiburg,Germany
Vincent Planté,75,GK,,0,,3,76,72,71,78,35,72,"190cm | 6'3""",0,-,-,A.S. Saint-Etienne,France
Florian Fromlowitz,75,GK,,0,,3,74,68,72,78,51,69,"187cm | 6'2""",0,-,-,Hannover 96,Germany
Danny Collins,75,CB,,0,,3,68,51,58,52,77,79,"182cm | 6'0""",0,-,-,Stoke City,Wales
Washington Stecanela Cerqueira,75,ST,,0,,2,69,75,55,69,68,85,"190cm | 6'3""",0,-,-,São Paulo,Brazil
Per Ciljan Skjelbred,75,CDM,,0,,4,84,67,72,76,72,58,"175cm | 5'9""",0,-,-,Rosenborg BK,Norway
Łukasz Garguła,75,CAM,,0,,5,72,69,74,74,70,50,"177cm | 5'10""",0,-,-,Wisła Kraków,Poland
Aiden McGeady,75,LW,,0,,4,82,71,74,88,56,24,"178cm | 5'10""",0,-,-,Celtic,Republic of Ireland
Clint Dempsey,75,RM,,0,,3,82,75,70,79,58,82,"185cm | 6'1""",0,-,-,Fulham,United States
Luis Gabriel Rey,75,ST,,0,,3,75,72,66,72,65,76,"182cm | 6'0""",0,-,-,Monarcas Morelia,Colombia
Johan Vonlanthen,75,CF,,0,,4,78,67,67,80,57,66,"175cm | 5'9""",0,-,-,FC Zürich,Switzerland
Rodrigo Ruíz,75,LF,,0,,3,76,72,78,71,54,59,"163cm | 5'4""",0,-,-,U.A.G.,Chile
Julien Faubert,75,RM,,0,,3,81,65,69,77,70,65,"180cm | 5'11""",0,-,-,West Ham United,France
Gastón Fernández,75,CF,,0,,3,78,69,62,81,55,68,"169cm | 5'7""",0,-,-,Tigres U.A.N.L.,Argentina
Ashkan Dejagah,75,RM,,0,,4,82,69,72,82,58,59,"181cm | 5'11""",0,-,-,VfL Wolfsburg,Germany
José María Romero Poyón,75,RF,,0,,3,72,73,66,74,54,65,"184cm | 6'0""",0,-,-,Club Gimnàstic,Spain
Simone Bentivoglio,75,CM,,0,,3,75,66,72,69,76,72,"184cm | 6'0""",0,-,-,Chievo Verona,Italy
Pablo Álvarez,75,LB,,0,,4,75,61,72,60,73,62,"177cm | 5'10""",0,-,-,Catania,Argentina
César Santin,75,CF,,0,,4,73,73,65,83,55,52,"174cm | 5'9""",0,-,-,FC København,Brazil
Marco Cellini,75,CF,,0,,3,77,71,65,76,61,64,"170cm | 5'7""",0,-,-,Albinoleffe,Italy
Humberlito Borges Teixeira,75,ST,,0,,3,72,74,62,71,60,78,"176cm | 5'9""",0,-,-,São Paulo,Brazil
Carlos Andrés Diogo,75,RWB,,0,,3,75,51,67,74,73,72,"186cm | 6'1""",0,-,-,Real Zaragoza,Uruguay
Javi García,75,CDM,,0,,3,74,65,71,67,79,81,"188cm | 6'2""",0,-,-,Sport Lisboa Benfica,Spain
Milos Maric,75,CM,,0,,3,73,71,71,70,73,63,"176cm | 5'9""",0,-,-,KAA Gent,Serbia
Fco. Javier Chica Torres,75,LB,,0,,3,72,53,63,49,77,68,"176cm | 5'9""",0,-,-,R.C.D. Espanyol,Spain
Johan Djourou,75,CB,,0,,3,73,38,62,51,76,83,"192cm | 6'4""",0,-,-,Arsenal,Switzerland
Sébastien Pocognoli,75,LWB,,0,,3,79,55,72,72,72,64,"181cm | 5'11""",0,-,-,AZ Alkmaar,Belgium
Omar Arellano,75,ST,,0,,3,81,70,63,73,52,73,"174cm | 5'9""",0,-,-,Guadalajara,Mexico
Lassana Diarra,75,CDM,,0,,3,81,48,74,71,84,61,"170cm | 5'7""",0,-,-,Real Madrid C.F.,France
Fabio Caserta,75,CM,,0,,4,73,63,76,78,69,60,"179cm | 5'10""",0,-,-,Atalanta,Italy
Oriol Lozano Farrán,75,CB,,0,,4,70,49,60,71,76,71,"183cm | 6'0""",0,-,-,Real Racing Club,Spain
Mario Lúcio Duarte Costa,75,GK,,0,,3,75,70,70,76,53,72,"191cm | 6'3""",0,-,-,Atlético Mineiro,Brazil
Weldon Santos de Andrade,75,ST,,0,,4,79,70,58,72,57,77,"183cm | 6'0""",0,-,-,Sport Lisboa Benfica,Brazil
Wellington Pereira do Nascimento,75,ST,,0,,3,76,72,58,67,64,84,"180cm | 5'11""",0,-,-,Cruzeiro,Brazil
Sebastian Larsson,75,RM,,0,,3,74,71,76,75,63,64,"178cm | 5'10""",0,-,-,Birmingham City,Sweden
Eugen Polanski,75,CM,,0,,4,77,65,72,68,77,57,"183cm | 6'0""",0,-,-,1. FSV Mainz 05,Germany
Thiago Ribeiro Cardoso,75,CF,,0,,3,80,69,66,73,55,72,"185cm | 6'1""",0,-,-,Cruzeiro,Brazil
Nicolás Pareja,75,CB,,0,,3,70,59,62,60,76,72,"183cm | 6'0""",0,-,-,R.C.D. Espanyol,Argentina
Danilo Veron Bairros,75,CF,,0,,3,77,70,72,76,58,62,"164cm | 5'5""",0,-,-,Jaguares de Chiapas,Brazil
Jan Šimůnek,75,CB,,0,,3,69,37,61,57,77,76,"187cm | 6'2""",0,-,-,VfL Wolfsburg,Czech Republic
Issiar Dia,75,RF,,0,,3,82,70,65,73,58,64,"172cm | 5'8""",0,-,-,A.S. Nancy Lorraine,Senegal
Henok Goitom,75,ST,,0,,3,71,73,67,74,59,74,"189cm | 6'2""",0,-,-,U.D. Almería,Sweden
Ariclenes Da Silva Ferreira,75,ST,,0,,4,81,69,58,73,60,73,"182cm | 6'0""",0,-,-,AZ Alkmaar,Brazil
Edixon Perea,75,ST,,0,,2,78,72,62,72,63,66,"178cm | 5'10""",0,-,-,G. Porto Alegre,Colombia
Ron Vlaar,75,CB,,0,,3,67,65,62,54,76,76,"189cm | 6'2""",0,-,-,Feyenoord,Netherlands
Ivan Rakitic,75,CAM,,0,,4,65,79,80,79,55,50,"184cm | 6'0""",0,-,-,FC Schalke 04,Croatia
Ismaël Bangoura,75,CF,,0,,3,78,75,59,66,55,75,"174cm | 5'9""",0,-,-,Stade Rennais FC,Guinea
Kenneth Vermeer,75,GK,,0,,4,74,68,69,78,69,71,"181cm | 5'11""",0,-,-,Ajax,Netherlands
José Israel Martínez,75,LM,,0,,3,75,68,73,70,70,62,"165cm | 5'5""",0,-,-,América,Mexico
Nejc Pečnik,75,CAM,,0,,3,76,74,71,76,65,76,"187cm | 6'2""",0,-,-,CD Nacional,Slovenia
Adrian Ricchiuti,75,CAM,,0,,4,77,73,73,74,62,51,"168cm | 5'6""",0,-,-,Catania,Argentina
Christian Eichner,75,LWB,,0,,3,77,55,73,68,72,66,"183cm | 6'0""",0,-,-,TSG 1899 Hoffenheim,Germany
Matt Derbyshire,75,ST,,0,,3,80,72,57,70,54,76,"185cm | 6'1""",0,-,-,Olympiakos CFP,England
Urby Emanuelson,75,LM,,0,,3,83,65,70,81,66,57,"176cm | 5'9""",0,-,-,Ajax,Netherlands
Roy Beerens,75,RW,,0,,5,83,68,68,78,54,56,"176cm | 5'9""",0,-,-,sc Heerenveen,Netherlands
Diego Capel Trinidad,75,LW,,0,,3,88,60,74,87,51,51,"173cm | 5'8""",0,-,-,Sevilla F.C.,Spain
Cristiano Moraes de Oliveira,75,LF,,0,,5,81,68,68,78,55,62,"174cm | 5'9""",0,-,-,Paços Ferreira,Brazil
Nicolás Spolli,75,CB,,0,,3,69,50,57,50,78,80,"192cm | 6'4""",0,-,-,Catania,Argentina
Daniel Sturridge,75,ST,,0,,4,87,71,48,71,58,75,"188cm | 6'2""",0,-,-,Chelsea,England
Gonzalo Bergessio,75,ST,,0,,3,73,75,63,71,57,68,"180cm | 5'11""",0,-,-,A.S. Saint-Etienne,Argentina
Moussa Sow,75,ST,,0,,4,77,72,62,75,60,70,"180cm | 5'11""",0,-,-,Stade Rennais FC,France
Niklas Moisander,75,CB,,0,,5,74,46,68,67,74,72,"182cm | 6'0""",0,-,-,AZ Alkmaar,Finland
Antonio Candreva,75,CAM,,0,,4,75,73,74,74,64,64,"180cm | 5'11""",0,-,-,Livorno,Italy
Ibrahima Sory Camara,75,LB,,0,,4,75,40,72,62,75,64,"169cm | 5'7""",0,-,-,Le Mans Union Club 72,Guinea
Felipe Caicedo,75,CF,,0,,3,78,68,63,79,64,66,"185cm | 6'1""",0,-,-,Sporting CP,Ecuador
Stanislav Šesták,75,CF,,0,,5,90,68,60,73,54,64,"179cm | 5'10""",0,-,-,VfL Bochum,Slovakia
Wason Rentería,75,ST,,0,,4,81,70,56,77,62,68,"186cm | 6'1""",0,-,-,Atlético Mineiro,Colombia
Alan Carlos Gomes da Costa,75,LM,,0,,5,78,72,77,82,52,52,"166cm | 5'5""",0,-,-,Trabzonspor,Brazil
Milan Stepanov,75,CB,,0,,2,68,49,58,46,77,81,"190cm | 6'3""",0,-,-,Málaga C.F.,Serbia
Milivoje Novakovič,75,ST,,0,,5,71,75,62,72,62,72,"192cm | 6'4""",0,-,-,1. FC Köln,Slovenia
Jozy Altidore,75,ST,,0,,4,80,73,44,74,62,74,"185cm | 6'1""",0,-,-,Hull City,United States
Alexandre Licata,75,CF,,0,,4,77,70,66,75,52,72,"178cm | 5'10""",0,-,-,AJ Auxerre,France
Hugo Droguett,75,CAM,,0,,2,78,72,78,75,56,49,"172cm | 5'8""",0,-,-,Monarcas Morelia,Chile
Piet Velthuizen,75,GK,,0,,4,77,72,60,83,72,66,"189cm | 6'2""",0,-,-,Vitesse,Netherlands
Dimitar Rangelov,75,ST,,0,,2,79,70,60,73,66,76,"183cm | 6'0""",0,-,-,Borussia Dortmund,Bulgaria
Axel Witsel,75,CM,,0,,4,71,71,74,79,68,68,"186cm | 6'1""",0,-,-,Standard de Liège,Belgium
Alessandro Matri,75,ST,,0,,3,72,74,53,71,63,80,"183cm | 6'0""",0,-,-,Cagliari,Italy
Vieirinha,75,RW,,0,,3,79,70,70,78,54,54,"171cm | 5'7""",0,-,-,PAOK,Portugal
Jonathan De Guzmán,75,CM,,0,,4,81,77,70,78,58,62,"173cm | 5'8""",0,-,-,Feyenoord,Netherlands
Karim Matmour,75,RF,,0,,3,82,70,64,76,62,59,"181cm | 5'11""",0,-,-,Borussia M'gladbach,Algeria
Diego Costa,75,ST,,0,,4,82,72,48,73,57,70,"186cm | 6'1""",0,-,-,Real Valladolid C.F.,Brazil
José Shaffer,75,LWB,,0,,2,79,56,73,71,71,68,"175cm | 5'9""",0,-,-,Sport Lisboa Benfica,Argentina
Ben Sahar,75,ST,,0,,4,86,69,52,79,48,62,"180cm | 5'11""",0,-,-,R.C.D. Espanyol,Israel
Eren Derdiyok,75,ST,,0,,3,77,68,69,73,55,76,"191cm | 6'3""",0,-,-,Bayer 04 Leverkusen,Switzerland
Breno Vinícius Borges,75,CB,,0,,4,73,45,66,64,74,76,"187cm | 6'2""",0,-,-,Bayern München,Brazil
Michael Johnson,75,CM,,0,,3,75,68,71,68,76,76,"183cm | 6'0""",0,-,-,Manchester City,England
Raúl Bobadilla,75,ST,,0,,3,80,72,60,71,55,70,"180cm | 5'11""",0,-,-,Borussia M'gladbach,Argentina
Adil Rami,75,CB,,0,,3,67,36,61,51,79,78,"190cm | 6'3""",0,-,-,LOSC Lille Métropole,France
Timo Gebhart,75,CAM,,0,,3,78,70,74,81,61,65,"182cm | 6'0""",0,-,-,VfB Stuttgart,Germany
Fabian Delph,75,CM,,0,,4,78,72,71,76,66,55,"176cm | 5'9""",0,-,-,Aston Villa,England
Azpilicueta,75,RWB,,0,,4,81,50,71,66,72,64,"178cm | 5'10""",0,-,-,Club Atlético Osasuna,Spain
Nathan Delfouneso,75,ST,,0,,4,88,66,45,82,51,70,"186cm | 6'1""",0,-,-,Aston Villa,England
Jack Collison,75,CM,,0,,3,72,64,75,70,74,76,"182cm | 6'0""",0,-,-,West Ham United,Wales
Carlos Pereira Berto Jr.,75,CAM,,0,,3,79,67,75,73,64,57,"170cm | 5'7""",0,-,-,Coritiba,Brazil
Davide Lanzafame,75,RF,,0,,3,77,71,62,74,58,70,"180cm | 5'11""",0,-,-,Parma,Italy
Aaron Ramsey,75,CM,,0,,3,78,70,75,75,63,60,"178cm | 5'10""",0,-,-,Arsenal,Wales
Keisuke Honda,75,CAM,,0,,3,71,76,76,78,58,71,"182cm | 6'0""",0,-,-,VVV-Venlo,Japan
Kyle Naughton,75,RB,,0,,4,88,52,66,63,70,70,"180cm | 5'11""",0,-,-,Tottenham Hotspur,England
Leandro Salino do Carmo,75,CM,,0,,3,81,59,72,72,74,65,"169cm | 5'7""",0,-,-,CD Nacional,Brazil
Henrique Adriano Buss,75,CB,,0,,2,74,47,54,61,76,78,"185cm | 6'1""",0,-,-,Real Racing Club,Brazil
Mauricio Isla,75,CDM,,0,,3,79,59,73,70,76,64,"177cm | 5'10""",0,-,-,Udinese,Chile
José Baxter,75,CF,,0,,3,77,72,64,76,54,58,"179cm | 5'10""",0,-,-,Everton,England
Tomás Costa,75,CM,,0,,3,75,66,75,73,72,66,"186cm | 6'1""",0,-,-,FC Porto,Argentina
Masoud Shojaei Soleimani,75,CAM,,0,,2,82,73,72,85,52,60,"184cm | 6'0""",0,-,-,Club Atlético Osasuna,Iran
Sergio Busquets,75,CM,,0,,3,72,57,78,74,78,66,"189cm | 6'2""",0,-,-,F.C. Barcelona,Spain
Rúben Micael,75,CAM,,0,,3,73,71,73,75,70,56,"175cm | 5'9""",0,-,-,CD Nacional,Portugal
Ivan Obradovic,75,LB,,0,,3,84,54,73,73,70,66,"181cm | 5'11""",0,-,-,Real Zaragoza,Serbia
Nemanja Matic,75,CM,,0,,2,74,64,76,59,76,74,"194cm | 6'4""",0,-,-,Chelsea,Serbia
Gary Neville,74,RB,,0,,3,64,39,67,50,78,72,"179cm | 5'10""",0,-,-,Manchester United,England
Sol Campbell,74,CB,,0,,3,69,31,40,44,79,86,"188cm | 6'2""",0,-,-,Notts County,England
Patrik Berger,74,CAM,,0,,3,64,82,80,72,55,50,"185cm | 6'1""",0,-,-,Sparta Praha,Czech Republic
Christophe Landrin,74,RM,,0,,3,75,64,75,71,67,61,"178cm | 5'10""",0,-,-,A.S. Saint-Etienne,France
Cyril Jeunechamp,74,RWB,,0,,4,74,59,67,63,72,74,"177cm | 5'10""",0,-,-,Montpellier Hérault Sport Club,France
Tomas Locatelli,74,CAM,,0,,3,68,76,77,75,58,56,"175cm | 5'9""",0,-,-,Mantova,Italy
Roberto Fabián Ayala,74,CB,,0,,4,59,47,59,46,78,86,"177cm | 5'10""",0,-,-,Real Zaragoza,Argentina
Paolo Cannavaro,74,CB,,0,,3,71,51,64,50,75,78,"185cm | 6'1""",0,-,-,Napoli,Italy
Filippo Inzaghi,74,ST,,0,,3,73,75,54,69,57,76,"181cm | 5'11""",0,-,-,Milan,Italy
Erik Nevland,74,ST,,0,,4,78,70,46,75,58,77,"177cm | 5'10""",0,-,-,Fulham,Norway
Patrick Vieira,74,CDM,,0,,3,70,62,72,68,80,78,"192cm | 6'4""",0,-,-,Inter,France
Didier Domi,74,LB,,0,,3,76,54,71,65,72,58,"179cm | 5'10""",0,-,-,Olympiakos CFP,France
Stéphane Grichting,74,CB,,0,,3,63,37,60,53,78,81,"186cm | 6'1""",0,-,-,AJ Auxerre,Switzerland
Lee Bowyer,74,CM,,0,,3,68,67,74,77,68,62,"175cm | 5'9""",0,-,-,Birmingham City,England
Cedric van der Gun,74,ST,,0,3.0,4,78,70,57,78,53,60,"178cm | 5'10""",0,-,-,Swansea City,Netherlands
Leonardo Vitor Santiago,74,LW,,0,,4,82,71,57,81,54,46,"173cm | 5'8""",0,-,-,NAC Breda,Brazil
Marama Vahirua,74,CF,,0,,3,75,71,69,78,56,54,"172cm | 5'8""",0,-,-,FC Lorient Bretagne Sud,France
Nuno Miguel Frechaut Barreto,74,RB,,0,,3,76,61,63,63,72,70,"185cm | 6'1""",0,-,-,FC Metz,Portugal
Rory Delap,74,RM,,0,,3,72,65,74,69,72,71,"183cm | 6'0""",0,-,-,Stoke City,Republic of Ireland
Luis César Sánchez Domínguez,74,GK,,0,,3,72,70,69,75,35,77,"185cm | 6'1""",0,-,-,Valencia C.F.,Spain
Hermann Hreiðarsson,74,LB,,0,,3,62,44,58,57,78,80,"190cm | 6'3""",0,-,-,Portsmouth,Iceland
Vincent Fernandez,74,GK,,0,,3,69,72,68,72,63,76,"187cm | 6'2""",0,-,-,La Berrichonne de ChÂteauroux,France
Jérôme Leroy,74,RW,,0,,4,68,69,80,76,60,66,"185cm | 6'1""",0,-,-,Stade Rennais FC,France
Adama Coulibaly,74,CB,,0,,3,63,41,52,54,78,78,"186cm | 6'1""",0,-,-,AJ Auxerre,Mali
Tomáš Řepka,74,CB,,0,,4,61,45,62,54,78,86,"184cm | 6'0""",0,-,-,Sparta Praha,Czech Republic
Dario Dainelli,74,CB,,0,,2,69,46,54,51,77,74,"191cm | 6'3""",0,-,-,Fiorentina,Italy
Mike Zonneveld,74,LM,,0,,3,71,74,75,66,65,60,"180cm | 5'11""",0,-,-,FC Groningen,Netherlands
Hélder Miguel do Rosário,74,CB,,0,,3,69,44,58,50,76,76,"185cm | 6'1""",0,-,-,Málaga C.F.,Portugal
Miguel Ángel Salgado Fernández,74,RB,,0,,3,68,51,66,63,75,74,"174cm | 5'9""",0,-,-,Blackburn Rovers,Spain
Lionel Scaloni,74,RWB,,0,,3,69,64,74,65,73,62,"182cm | 6'0""",0,-,-,Lazio,Argentina
Pantelis Kafes,74,RM,,0,,3,74,67,78,76,57,62,"179cm | 5'10""",0,-,-,AEK Athens,Greece
Orlando Engelaar,74,CM,,0,,3,59,73,75,73,74,72,"196cm | 6'5""",0,-,-,PSV,Netherlands
Gill Swerts,74,RWB,,0,,3,74,48,65,66,73,70,"179cm | 5'10""",0,-,-,AZ Alkmaar,Belgium
Miguel Ángel Angulo Valderrey,74,RM,,0,,3,76,70,71,70,69,70,"180cm | 5'11""",0,-,-,Sporting CP,Spain
James Beattie,74,ST,,0,,3,66,78,58,60,66,83,"185cm | 6'1""",0,-,-,Stoke City,England
Pablo Orbaiz Lesaka,74,CDM,,0,,3,69,64,78,63,74,52,"179cm | 5'10""",0,-,-,Athletic Club de Bilbao,Spain
Nuno Assis Lopes da Almeida,74,CAM,,0,,4,76,70,74,77,57,62,"168cm | 5'6""",0,-,-,Vitória de Guimarães,Portugal
Magne Hoseth,74,CAM,,0,,4,72,69,79,77,58,30,"186cm | 6'1""",0,-,-,Molde FK,Norway
Iain Hume,74,ST,,0,,4,80,67,61,73,59,70,"170cm | 5'7""",0,-,-,Barnsley,Canada
Lee McCulloch,74,CDM,,0,,3,66,74,72,67,73,84,"185cm | 6'1""",0,-,-,Rangers,Scotland
Danny Gabbidon,74,CB,,0,,3,79,44,42,46,75,76,"178cm | 5'10""",0,-,-,West Ham United,Wales
Liam Lawrence,74,RM,,0,,3,71,72,74,73,62,56,"180cm | 5'11""",0,-,-,Stoke City,Republic of Ireland
Dean Whitehead,74,CM,,0,,1,75,73,71,66,68,66,"182cm | 6'0""",0,-,-,Stoke City,England
Anders Svensson,74,CM,,0,,3,63,71,77,71,70,56,"180cm | 5'11""",0,-,-,IF Elfsborg,Sweden
Paulo César Silva Peixoto,74,LM,,0,,3,76,68,72,72,67,72,"184cm | 6'0""",0,-,-,Sport Lisboa Benfica,Portugal
Ricardo Costa,74,CB,,0,,3,67,39,50,53,78,74,"183cm | 6'0""",0,-,-,VfL Wolfsburg,Portugal
Olivier Sorlin,74,CAM,,0,,4,73,76,76,76,53,68,"183cm | 6'0""",0,-,-,PAOK,France
Vincenzo Grella,74,CM,,0,,3,73,61,74,69,74,66,"180cm | 5'11""",0,-,-,Blackburn Rovers,Australia
Olof Mellberg,74,CB,,0,,3,68,38,57,40,78,84,"187cm | 6'2""",0,-,-,Olympiakos CFP,Sweden
Héctor Fabián Carini,74,GK,,0,,3,71,74,67,72,43,77,"190cm | 6'3""",0,-,-,Atlético Mineiro,Uruguay
Stéphane Dalmat,74,CAM,,0,,3,77,71,74,75,60,64,"180cm | 5'11""",0,-,-,FC Sochaux-Montbéliard,France
Gerhard Tremmel,74,GK,,0,,3,74,73,67,74,48,73,"190cm | 6'3""",0,-,-,Energie Cottbus,Germany
Christoph Metzelder,74,CB,,0,,4,58,32,64,49,81,80,"194cm | 6'4""",0,-,-,Real Madrid C.F.,Germany
Abdeslam Ouaddou,74,CB,,0,,3,68,51,66,58,75,72,"191cm | 6'3""",0,-,-,A.S. Nancy Lorraine,Morocco
Scott Chipperfield,74,LM,,0,,3,71,66,72,73,74,66,"177cm | 5'10""",0,-,-,FC Basel 1893,Australia
Jon Knudsen,74,GK,,0,,3,69,77,75,73,31,75,"185cm | 6'1""",0,-,-,Stabæk Fotball,Norway
Ivan Ergić,74,CM,,0,,4,78,72,70,76,64,65,"185cm | 6'1""",0,-,-,Bursaspor,Serbia
Carlos Bocanegra,74,CB,,0,,4,71,45,63,55,74,82,"183cm | 6'0""",0,-,-,Stade Rennais FC,United States
Gaël Danic,74,LW,,0,,3,80,69,71,74,56,56,"176cm | 5'9""",0,-,-,Valenciennes FC,France
Andreas Ivanschitz,74,CAM,,0,,3,70,76,77,74,56,56,"183cm | 6'0""",0,-,-,1. FSV Mainz 05,Austria
Jerzy Dudek,74,GK,,0,,3,77,73,56,79,51,73,"187cm | 6'2""",0,-,-,Real Madrid C.F.,Poland
Dwayne De Rosario,74,CAM,,0,,4,80,74,66,73,66,64,"175cm | 5'9""",0,-,-,Toronto FC,Canada
Tobias Hysén,74,ST,,0,,3,76,69,71,72,66,62,"180cm | 5'11""",0,-,-,I. Göteborg,Sweden
Asier Del Horno Cosgaya,74,LB,,0,,2,71,63,70,69,72,77,"183cm | 6'0""",0,-,-,Valencia C.F.,Spain
Thorben Marx,74,CM,,0,,4,73,67,74,66,72,70,"184cm | 6'0""",0,-,-,Borussia M'gladbach,Germany
Pedro Manuel Torres,74,ST,,0,,3,70,75,57,75,58,67,"178cm | 5'10""",0,-,-,Sport Lisboa Benfica,Angola
Shaun Maloney,74,CAM,,0,,4,82,75,71,81,51,56,"170cm | 5'7""",0,-,-,Celtic,Scotland
Hugo Miguel Ferreira Viana,74,CM,,0,,3,70,69,74,71,70,65,"181cm | 5'11""",0,-,-,SC Braga,Portugal
Mauro Darío Jesús Cetto,74,CB,,0,,4,67,42,57,52,77,78,"182cm | 6'0""",0,-,-,Toulouse FC,Argentina
Sylvain Monsoreau,74,CB,,0,,3,73,45,61,54,74,74,"186cm | 6'1""",0,-,-,A.S. Saint-Etienne,France
Simon Davies,74,RM,,0,,4,76,67,75,79,59,64,"178cm | 5'10""",0,-,-,Fulham,Wales
Steffen Iversen,74,ST,,0,,3,70,74,61,62,68,91,"185cm | 6'1""",0,-,-,Rosenborg BK,Norway
Tony Hibbert,74,RB,,0,,2,73,32,53,28,79,67,"173cm | 5'8""",0,-,-,Everton,England
Stuart Taylor,74,GK,,0,,2,71,74,70,75,53,70,"196cm | 6'5""",0,-,-,Manchester City,England
Heinz Müller,74,GK,,0,,2,73,71,74,74,45,70,"196cm | 6'5""",0,-,-,1. FSV Mainz 05,Germany
Manuel Friedrich,74,CB,,0,,3,70,43,55,48,76,82,"189cm | 6'2""",0,-,-,Bayer 04 Leverkusen,Germany
Iacopo Balestri,74,LB,,0,,3,74,44,67,61,74,66,"179cm | 5'10""",0,-,-,Mantova,Italy
Peter Wisgerhof,74,CB,,0,,1,67,49,57,55,77,70,"186cm | 6'1""",0,-,-,FC Twente,Netherlands
Maik Taylor,74,GK,,0,,3,63,78,70,71,54,80,"193cm | 6'4""",0,-,-,Birmingham City,Northern Ireland
Alejandro Campano Hernando,74,RM,,0,,3,70,69,76,70,66,48,"178cm | 5'10""",0,-,-,Club Gimnàstic,Spain
Anthony Le Tallec,74,CF,,0,,3,74,70,65,74,51,72,"184cm | 6'0""",0,-,-,Le Mans Union Club 72,France
Gustavo Nery de Sá da Silva,74,LWB,,0,,2,76,71,72,74,70,62,"182cm | 6'0""",0,-,-,Santo André,Brazil
Cesare Natali,74,CB,,0,,2,73,44,65,60,74,70,"191cm | 6'3""",0,-,-,Fiorentina,Italy
Rolando Bianchi,74,ST,,0,,3,70,74,60,65,62,83,"188cm | 6'2""",0,-,-,F. Torino,Italy
Marc Bertrán Vilanova,74,RB,,0,,4,78,41,67,68,72,72,"181cm | 5'11""",0,-,-,C.D. Tenerife,Spain
Alou Diarra,74,CDM,,0,,4,74,57,70,65,84,84,"190cm | 6'3""",0,-,-,Girondins de Bordeaux,France
Andy Reid,74,LM,,0,,3,64,76,77,75,64,42,"170cm | 5'7""",0,-,-,Sunderland,Republic of Ireland
Gary O'Neil,74,RM,,0,,3,73,69,70,72,70,61,"173cm | 5'8""",0,-,-,Middlesbrough,England
James Harper,74,CM,,0,,3,76,66,72,71,71,66,"178cm | 5'10""",0,-,-,Sheffield United,England
Cedric Makiadi,74,RF,,0,,4,85,64,68,77,52,58,"178cm | 5'10""",0,-,-,SC Freiburg,Germany
Patrice Luzi,74,GK,,0,,3,69,70,77,68,60,73,"191cm | 6'3""",0,-,-,Stade Rennais FC,France
Alexander Madlung,74,CB,,0,,2,62,51,59,26,79,84,"193cm | 6'4""",0,-,-,VfL Wolfsburg,Germany
Stijn Stijnen,74,GK,,0,,3,75,69,67,76,57,71,"189cm | 6'2""",0,-,-,Club Brugge KV,Belgium
Frédéric Biancalani,74,LWB,,0,,3,77,47,63,47,74,68,"182cm | 6'0""",0,-,-,FC Metz,France
Petri Pasanen,74,CB,,0,,3,66,58,58,46,76,78,"187cm | 6'2""",0,-,-,Werder Bremen,Finland
Grétar Rafn Steinsson,74,RB,,0,,3,65,51,70,61,75,70,"189cm | 6'2""",0,-,-,Bolton Wanderers,Iceland
Lukasz Zaluska,74,GK,,0,,3,72,71,66,76,54,73,"188cm | 6'2""",0,-,-,Celtic,Poland
Mozart Santos Batista Jr,74,CDM,,0,,3,74,63,74,68,72,64,"174cm | 5'9""",0,-,-,Livorno,Brazil
Gabriel García de la Torre,74,CM,,0,,3,68,67,72,72,74,70,"175cm | 5'9""",0,-,-,Ajax,Spain
Marc André Zoro Kpolo,74,CB,,0,,3,67,52,59,60,75,72,"182cm | 6'0""",0,-,-,Vitória de Setúbal,Ivory Coast
Johan Audel,74,ST,,0,,4,79,71,56,70,56,68,"180cm | 5'11""",0,-,-,Valenciennes FC,France
Reto Ziegler,74,LM,,0,,3,81,63,71,69,69,63,"183cm | 6'0""",0,-,-,Sampdoria,Switzerland
Frankie Hejduk,74,RWB,,0,,1,82,49,51,61,73,64,"173cm | 5'8""",0,-,-,Columbus Crew,United States
Youssef El-Akchaoui,74,LB,,0,,3,75,70,70,66,71,54,"174cm | 5'9""",0,-,-,N.E.C.,Morocco
Carmelo González Jiménez,74,RM,,0,,4,77,71,73,73,60,64,"180cm | 5'11""",0,-,-,Real Sporting de Gijón,Spain
Alberto Marcos Rey,74,LB,,0,,3,73,45,75,67,73,66,"173cm | 5'8""",0,-,-,Real Valladolid C.F.,Spain
Miguel Ángel Ferrer Martínez,74,CF,,0,,4,71,70,66,72,59,74,"184cm | 6'0""",0,-,-,R.C. Deportivo,Spain
Javier Garrido Behobide,74,LB,,0,,3,73,64,77,65,72,66,"178cm | 5'10""",0,-,-,Manchester City,Spain
Abel Gómez Moreno,74,CM,,0,,3,69,69,76,69,66,56,"182cm | 6'0""",0,-,-,Xerez C.D.,Spain
Oguchi Onyewu,74,CB,,0,,2,61,46,57,49,79,83,"195cm | 6'5""",0,-,-,Milan,United States
Emilio José Viqueira Moure,74,CM,,0,,4,54,76,86,71,61,44,"182cm | 6'0""",0,-,-,Xerez C.D.,Spain
Riccardo Zampagna,74,ST,,0,,3,70,72,66,69,68,75,"183cm | 6'0""",0,-,-,Sassuolo,Italy
Rafael Sastre Reus,74,RB,,0,,3,73,51,70,57,74,60,"179cm | 5'10""",0,-,-,Real Sporting de Gijón,Spain
Pablo Pinillos Caro,74,RB,,0,,3,71,44,67,58,75,72,"174cm | 5'9""",0,-,-,Real Racing Club,Spain
Marco Wölfli,74,GK,,0,,3,69,67,71,77,64,70,"185cm | 6'1""",0,-,-,BSC Young Boys,Switzerland
Ricardo Fuller,74,ST,,0,,3,72,73,55,75,59,73,"191cm | 6'3""",0,-,-,Stoke City,Jamaica
Grégory Malicki,74,GK,,0,,3,76,68,69,78,35,73,"188cm | 6'2""",0,-,-,Dijon FCO,France
Julien Sablé,74,CM,,0,,3,71,70,73,64,70,62,"181cm | 5'11""",0,-,-,OGC Nice,France
Andy Lonergan,74,GK,,0,,1,74,71,70,74,50,71,"192cm | 6'4""",0,-,-,Preston North End,England
Fabio Coltorti,74,GK,,0,,3,73,68,70,74,62,72,"197cm | 6'6""",0,-,-,Real Racing Club,Switzerland
Alexander Meier,74,CAM,,0,,4,75,68,72,71,68,78,"196cm | 6'5""",0,-,-,Eintracht Frankfurt,Germany
Jermaine Pennant,74,RW,,0,,3,84,64,73,81,57,48,"173cm | 5'8""",0,-,-,Real Zaragoza,England
Gleison Pinto dos Santos,74,CB,,0,,3,72,49,58,51,74,76,"189cm | 6'2""",0,-,-,Reggina,Brazil
Mohamed Adama Sarr,74,CB,,0,,3,72,45,56,52,76,74,"186cm | 6'1""",0,-,-,Standard de Liège,Senegal
Filip Daems,74,CB,,0,,3,73,52,68,61,73,62,"181cm | 5'11""",0,-,-,Borussia M'gladbach,Belgium
Stephan Andersen,74,GK,,0,,2,76,69,57,79,54,77,"190cm | 6'3""",0,-,-,Brøndby IF,Denmark
Fehmi Emre Güngör,74,CB,,0,,2,76,34,62,62,74,68,"182cm | 6'0""",0,-,-,Galatasaray SK,Turkey
Mehmet Yıldız,74,ST,,0,,2,74,74,56,68,73,70,"183cm | 6'0""",0,-,-,Sivasspor,Turkey
Ron Stam,74,RWB,,0,,4,76,68,71,72,71,60,"175cm | 5'9""",0,-,-,FC Twente,Netherlands
Eduardo Luís Souza,74,CB,,0,2.0,2,74,51,55,49,74,79,"186cm | 6'1""",0,-,-,Santos,Brazil
Jorge López Marco,74,CF,,0,,3,69,73,68,77,50,62,"177cm | 5'10""",0,-,-,Hércules C.F.,Spain
Antonio Ramiro Pérez,74,CF,,0,,3,74,68,72,75,54,71,"178cm | 5'10""",0,-,-,Xerez C.D.,Spain
Enrique Martín Sánchez,74,LF,,0,,3,72,73,67,71,56,61,"173cm | 5'8""",0,-,-,U.D. Salamanca,Spain
Khalid Boulahrouz,74,CB,,0,,3,70,40,60,38,77,78,"183cm | 6'0""",0,-,-,VfB Stuttgart,Netherlands
Zoltán Gera,74,RM,,0,,4,76,74,72,78,56,68,"183cm | 6'0""",0,-,-,Fulham,Hungary
Michaël Ciani,74,CB,,0,,3,65,35,62,46,78,74,"189cm | 6'2""",0,-,-,Girondins de Bordeaux,France
Marek Mintál,74,CF,,0,,4,73,74,57,72,56,68,"183cm | 6'0""",0,-,-,1. FC Nürnberg,Slovakia
Luca Antonini,74,LWB,,0,,3,74,53,75,69,71,66,"182cm | 6'0""",0,-,-,Milan,Italy
Lúcio Carlos Cajueiro Souza,74,LWB,,0,,2,84,57,74,77,69,54,"176cm | 5'9""",0,-,-,G. Porto Alegre,Brazil
Nicky Hunt,74,RB,,0,,3,70,44,60,58,75,74,"185cm | 6'1""",0,-,-,Bolton Wanderers,England
Joey Barton,74,CM,,0,,3,71,68,70,66,77,68,"180cm | 5'11""",0,-,-,Newcastle United,England
Matthew Kilgallon,74,CB,,0,,4,80,30,66,48,72,82,"186cm | 6'1""",0,-,-,Sheffield United,England
Martin Vaniak,74,GK,,0,,2,73,78,53,81,41,78,"190cm | 6'3""",0,-,-,Slavia Praha,Czech Republic
David Rozehnal,74,CB,,0,,4,67,40,61,40,77,79,"193cm | 6'4""",0,-,-,Hamburger SV,Czech Republic
Jean-Pascal Mignot,74,LB,,0,,4,74,45,74,49,74,68,"183cm | 6'0""",0,-,-,AJ Auxerre,France
Alexander Pereira Cardoso,74,ST,,0,,3,72,71,59,71,61,78,"175cm | 5'9""",0,-,-,Atlético Paranaense,Brazil
Matthieu Valverde,74,GK,,0,,3,69,76,77,73,29,71,"185cm | 6'1""",0,-,-,U.S. Boulogne Cote D'Opale,France
Andrea Pinzan,74,GK,,0,,2,65,71,88,68,54,66,"183cm | 6'0""",0,-,-,Grosseto,Italy
Luca Vigiani,74,RM,,0,,4,78,67,71,71,67,62,"177cm | 5'10""",0,-,-,Bologna,Italy
José Antonio Castro,74,RWB,,0,,2,78,49,70,69,71,61,"173cm | 5'8""",0,-,-,Tigres U.A.N.L.,Mexico
Sebastián Battaglia,74,CM,,0,,3,77,55,78,74,67,74,"180cm | 5'11""",0,-,-,Boca Juniors,Argentina
Ramón Morales,74,LW,,0,,3,72,74,74,70,70,60,"168cm | 5'6""",0,-,-,Guadalajara,Mexico
Jérémy Morel,74,LWB,,0,,3,74,68,74,69,70,68,"172cm | 5'8""",0,-,-,FC Lorient Bretagne Sud,France
Ricardo Osorio,74,RB,,0,,3,74,50,70,60,73,72,"173cm | 5'8""",0,-,-,VfB Stuttgart,Mexico
Fernando Salazar,74,SW,,0,,3,71,55,65,61,73,74,"178cm | 5'10""",0,-,-,Monarcas Morelia,Mexico
Aarón Galindo,74,CB,,0,,3,75,47,65,62,72,72,"182cm | 6'0""",0,-,-,Guadalajara,Mexico
Daisuke Matsui,74,CAM,,0,,4,77,72,71,80,57,68,"175cm | 5'9""",0,-,-,Grenoble Foot 38,Japan
Jaime Lozano,74,LM,,0,,3,72,73,72,69,68,68,"172cm | 5'8""",0,-,-,Cruz Azul,Mexico
Ross Wallace,74,LM,,0,,4,80,68,72,69,66,57,"167cm | 5'6""",0,-,-,Preston North End,Scotland
Zdeněk Pospěch,74,RB,,0,,3,81,64,65,69,69,64,"174cm | 5'9""",0,-,-,FC København,Czech Republic
Tomáš Došek,74,CF,,0,,3,78,69,62,74,67,71,"178cm | 5'10""",0,-,-,1. FC Brno,Czech Republic
Freddy Adu,74,CF,,0,,2,80,67,69,83,50,51,"173cm | 5'8""",0,-,-,CF Os Belenenses,United States
Filipos Darlas,74,LB,,0,,3,79,43,72,59,72,68,"180cm | 5'11""",0,-,-,Panathinaikos FC,Greece
Fernando Ortíz,74,CB,,0,,3,68,59,58,58,74,76,"185cm | 6'1""",0,-,-,Tigres U.A.N.L.,Argentina
José María Calvo,74,RB,,0,,4,75,63,67,58,72,72,"173cm | 5'8""",0,-,-,Boca Juniors,Argentina
Ezequiel Alejo Carboni,74,CDM,,0,,3,69,66,74,62,76,66,"179cm | 5'10""",0,-,-,Catania,Argentina
Mauricio Martín Romero,74,CB,,0,,3,74,46,57,64,74,78,"184cm | 6'0""",0,-,-,Monarcas Morelia,Argentina
Marco Aurelio Brito dos Prazeres,74,CDM,,0,,3,71,60,77,67,77,67,"178cm | 5'10""",0,-,-,Real Betis Balompié,Turkey
Aykut Erçetin,74,GK,,0,,2,74,69,70,71,67,72,"187cm | 6'2""",0,-,-,Galatasaray SK,Turkey
Faryd Mondragón,74,GK,,0,,2,76,76,65,73,44,75,"191cm | 6'3""",0,-,-,1. FC Köln,Colombia
Necati Ateş,74,CF,,0,3.0,3,74,71,68,72,62,69,"182cm | 6'0""",0,-,-,Antalyaspor,Turkey
Óscar Serrano Rodríguez,74,LM,,0,,3,83,67,76,77,52,62,"175cm | 5'9""",0,-,-,Real Racing Club,Spain
Roberto Fernández Alvarellos,74,GK,,0,,3,75,67,65,76,67,69,"181cm | 5'11""",0,-,-,Club Atlético Osasuna,Spain
Miguel Ángel García Pérez-Roldán,74,CM,,0,,4,73,66,80,79,55,56,"175cm | 5'9""",0,-,-,U.D. Almería,Spain
Delio César Toledo,74,LB,,0,,3,74,47,70,64,73,69,"179cm | 5'10""",0,-,-,Kayserispor,Paraguay
Néstor Fabián Canobbio,74,CAM,,0,,3,78,75,76,76,52,56,"179cm | 5'10""",0,-,-,Real Valladolid C.F.,Uruguay
Pierre Womé,74,LB,,0,,4,74,36,66,64,73,73,"181cm | 5'11""",0,-,-,1. FC Köln,Cameroon
Juanfran,74,RM,,0,,3,80,68,72,81,59,61,"181cm | 5'11""",0,-,-,Club Atlético Osasuna,Spain
Miguel Flaño,74,CB,,0,,3,71,57,63,57,73,78,"177cm | 5'10""",0,-,-,Club Atlético Osasuna,Spain
Joan Verdú González,74,CAM,,0,,3,73,72,78,76,56,64,"176cm | 5'9""",0,-,-,R.C.D. Espanyol,Spain
Riga Mustapha,74,RW,,0,,4,84,71,62,73,51,54,"179cm | 5'10""",0,-,-,Bolton Wanderers,Netherlands
Michele Fini,74,RM,,0,,4,70,60,78,77,68,52,"183cm | 6'0""",0,-,-,Siena,Italy
Paul Costantin Codrea,74,CDM,,0,,3,68,68,73,67,75,62,"174cm | 5'9""",0,-,-,Siena,Romania
Marco Biagianti,74,CM,,0,,3,74,62,72,73,76,68,"180cm | 5'11""",0,-,-,Catania,Italy
Fabio Bilica Alves da Silva,74,CB,,0,,2,64,44,57,41,79,74,"187cm | 6'2""",0,-,-,Fenerbahçe SK,Brazil
Michael Fink,74,CDM,,0,,3,72,67,72,64,75,75,"183cm | 6'0""",0,-,-,Beşiktaş JK,Germany
Patrick Ochs,74,RB,,0,,3,77,48,73,55,72,68,"179cm | 5'10""",0,-,-,Eintracht Frankfurt,Germany
Rio Antonio Mavuba,74,CDM,,0,,3,77,57,73,70,75,70,"172cm | 5'8""",0,-,-,LOSC Lille Métropole,France
Braulio Luna,74,CM,,0,,3,70,70,72,70,70,71,"182cm | 6'0""",0,-,-,San Luis,Mexico
George Elokobi,74,LB,,0,,3,79,47,58,49,74,58,"185cm | 6'1""",0,-,-,Wolverhampton Wanderers,Cameroon
Mark Noble,74,CM,,0,,3,69,68,77,70,69,59,"180cm | 5'11""",0,-,-,West Ham United,England
Dean Marney,74,RM,,0,,3,71,66,72,71,72,72,"183cm | 6'0""",0,-,-,Hull City,England
Mauro Iván Óbolo,74,ST,,0,,4,69,71,66,67,67,83,"182cm | 6'0""",0,-,-,A. Solna,Argentina
Simon Pouplin,74,GK,,0,,3,71,73,69,74,53,71,"187cm | 6'2""",0,-,-,SC Freiburg,France
Ross McCormack,74,CF,,0,,4,79,73,62,76,48,50,"175cm | 5'9""",0,-,-,Cardiff City,Scotland
Mauricio Alejandro Molina Uribe,74,LM,,0,,3,74,72,73,71,65,56,"177cm | 5'10""",0,-,-,Seongnam Ilhwa Chunma,Colombia
Maarten Martens,74,LM,,0,,4,74,68,76,78,59,60,"176cm | 5'9""",0,-,-,AZ Alkmaar,Belgium
Goran Popov,74,LB,,0,,3,72,52,63,64,73,74,"188cm | 6'2""",0,-,-,sc Heerenveen,FYR Macedonia
Tulio Vinicius Froés de Melo,74,ST,,0,,4,74,72,58,67,59,83,"193cm | 6'4""",0,-,-,LOSC Lille Métropole,Brazil
Landry Mulemo,74,LWB,,0,,4,79,59,64,71,70,66,"177cm | 5'10""",0,-,-,Standard de Liège,Belgium
Mariano Adrian Bogliacino,74,CAM,,0,,3,72,71,71,76,69,64,"177cm | 5'10""",0,-,-,Napoli,Uruguay
Gibril Sankoh,74,CB,,0,,4,73,50,72,63,73,66,"186cm | 6'1""",0,-,-,FC Groningen,Sierra Leone
Kenwyne Jones,74,ST,,0,,3,86,67,45,67,68,91,"188cm | 6'2""",0,-,-,Sunderland,Trinidad &amp; Tobago
Jean Beausejour,74,LW,,0,,3,80,68,67,75,72,60,"178cm | 5'10""",0,-,-,América,Chile
Daniel Fox,74,LB,,0,,3,72,57,66,64,73,66,"183cm | 6'0""",0,-,-,Celtic,England
Kevin Onyekachi Amuneke,74,CF,,0,,4,83,69,64,71,61,66,"176cm | 5'9""",0,-,-,CD Nacional,Nigeria
Loukas Vyntra,74,CB,,0,,4,72,64,69,63,72,66,"184cm | 6'0""",0,-,-,Panathinaikos FC,Greece
André Luiz Barretto Silva Lima,74,ST,,0,,2,75,71,60,70,59,75,"185cm | 6'1""",0,-,-,Botafogo,Brazil
Víctor Casadesús,74,CF,,0,,3,69,71,66,73,59,76,"180cm | 5'11""",0,-,-,R.C.D. Mallorca,Spain
Nicola Pozzi,74,ST,,0,,3,75,70,64,71,58,77,"182cm | 6'0""",0,-,-,Sampdoria,Italy
Emanuel Villa,74,ST,,0,,3,72,72,60,67,61,82,"180cm | 5'11""",0,-,-,Cruz Azul,Argentina
Henrique Hilário Meireles Alves Sampaio,74,GK,,0,,2,79,65,59,82,54,68,"188cm | 6'2""",0,-,-,Chelsea,Portugal
James Vaughan,74,ST,,0,,3,79,70,56,71,66,77,"180cm | 5'11""",0,-,-,Everton,England
Jérémy Clément,74,CM,,0,,4,72,62,74,75,74,68,"174cm | 5'9""",0,-,-,Paris Saint-Germain,France
Luis Ángel Landín,74,ST,,0,,3,75,71,65,70,57,75,"183cm | 6'0""",0,-,-,Houston Dynamo,Mexico
Evandro Roncatto,74,LF,,0,,4,73,71,64,70,60,72,"183cm | 6'0""",0,-,-,Paços Ferreira,Brazil
Daniel Marcio Fernandes,74,GK,,0,,3,79,66,58,87,52,64,"195cm | 6'5""",0,-,-,VfL Bochum,Portugal
Andrea Esposito,74,CB,,0,,2,70,43,53,48,76,76,"191cm | 6'3""",0,-,-,Genoa,Italy
Mbark Boussoufa,74,CAM,,0,,5,77,71,76,86,51,62,"167cm | 5'6""",0,-,-,RSC Anderlecht,Morocco
Tim Hoogland,74,RM,,0,,3,74,68,71,68,73,76,"183cm | 6'0""",0,-,-,1. FSV Mainz 05,Germany
Steven Fletcher,74,ST,,0,,4,80,68,59,79,61,63,"185cm | 6'1""",0,-,-,Burnley,Scotland
Sebastian Freis,74,RW,,0,,3,85,67,62,73,55,64,"183cm | 6'0""",0,-,-,1. FC Köln,Germany
Dorin Nicolae Goian,74,CB,,0,,3,62,55,62,57,77,81,"194cm | 6'4""",0,-,-,Palermo,Romania
János Balogh,74,GK,,0,,3,73,74,69,73,45,73,"192cm | 6'4""",0,-,-,Heart of Midlothian,Hungary
Cristian Ezequiel Llama,74,LM,,0,,4,77,72,71,70,66,60,"179cm | 5'10""",0,-,-,Catania,Argentina
Maicosuel Reginaldo de Matos,74,CAM,,0,,4,84,72,69,81,55,63,"178cm | 5'10""",0,-,-,TSG 1899 Hoffenheim,Brazil
Alberto Junior Rodríguez,74,CB,,0,,3,74,37,36,58,77,76,"178cm | 5'10""",0,-,-,SC Braga,Peru
Wilmer Santiago Acasiete Ariadela,74,CB,,0,,3,70,43,62,66,74,78,"182cm | 6'0""",0,-,-,U.D. Almería,Peru
Sami Allagui,74,CF,,0,,3,80,69,58,71,52,69,"182cm | 6'0""",0,-,-,SpVgg Greuther Fürth,Tunisia
Moudou Sougou,74,RW,,0,,3,87,67,60,73,56,64,"178cm | 5'10""",0,-,-,Académica Coimbra,Senegal
Sylvan Ebanks-Blake,74,ST,,0,,3,87,70,46,76,54,61,"178cm | 5'10""",0,-,-,Wolverhampton Wanderers,England
Ronny Heberson F. de Araújo,74,LWB,,0,,2,77,72,76,69,70,62,"175cm | 5'9""",0,-,-,"União de Leiria, SAD",Brazil
Gakpé,74,RF,,0,,3,74,70,66,70,48,73,"177cm | 5'10""",0,-,-,AS Monaco FC,Togo
Mehdi Lacen,74,CM,,0,,3,74,59,75,75,72,58,"176cm | 5'9""",0,-,-,Real Racing Club,Algeria
Darron Gibson,74,CM,,0,,4,74,67,76,62,69,68,"183cm | 6'0""",0,-,-,Manchester United,Republic of Ireland
Ryan Shawcross,74,CB,,0,,3,67,45,49,39,78,86,"191cm | 6'3""",0,-,-,Stoke City,England
Domingo Cisma González,74,LB,,0,,3,76,60,70,71,71,60,"184cm | 6'0""",0,-,-,U.D. Almería,Spain
Mario Suárez,74,CM,,0,,4,73,64,74,71,71,62,"186cm | 6'1""",0,-,-,R.C.D. Mallorca,Spain
Alfaro,74,CAM,,0,,3,72,76,75,70,61,72,"173cm | 5'8""",0,-,-,C.D. Tenerife,Spain
Michael Mancienne,74,CB,,0,,3,77,41,71,62,72,80,"184cm | 6'0""",0,-,-,Wolverhampton Wanderers,England
Marquitos,74,LM,,0,,2,80,71,73,78,53,60,"174cm | 5'9""",0,-,-,Real Valladolid C.F.,Spain
László Sepsi,74,LB,,0,,3,78,45,67,67,72,68,"179cm | 5'10""",0,-,-,Real Racing Club,Romania
Kevin Mirallas,74,CF,,0,,3,76,71,63,73,56,68,"178cm | 5'10""",0,-,-,A.S. Saint-Etienne,Belgium
Erik Huseklepp,74,CF,,0,,3,84,66,65,78,49,60,"186cm | 6'1""",0,-,-,SK Brann,Norway
Sokratis,74,CB,,0,,3,71,54,58,58,75,74,"183cm | 6'0""",0,-,-,Genoa,Greece
Victor Moses,74,RW,,0,,4,82,66,60,79,54,60,"178cm | 5'10""",0,-,-,Crystal Palace,England
Daniele Dessena,74,CM,,0,,3,76,65,71,71,73,70,"183cm | 6'0""",0,-,-,Cagliari,Italy
Héctor Moreno,74,CB,,0,,4,76,54,58,61,72,76,"182cm | 6'0""",0,-,-,AZ Alkmaar,Mexico
Pablo Barrera,74,RF,,0,,3,81,67,66,76,49,61,"175cm | 5'9""",0,-,-,U.N.A.M.,Mexico
Marcano,74,LB,,0,,3,72,42,70,63,74,64,"187cm | 6'2""",0,-,-,Villarreal C.F.,Spain
Adrián,74,ST,,0,,3,78,69,60,75,54,72,"180cm | 5'11""",0,-,-,R.C. Deportivo,Spain
Gonzalo Castro Irizabal,74,LW,,0,,3,77,68,59,78,59,70,"176cm | 5'9""",0,-,-,R.C.D. Mallorca,Uruguay
Walter Ayoví,74,LM,,0,,3,79,70,70,69,65,46,"171cm | 5'7""",0,-,-,Monterrey,Ecuador
Cristian Bolaños,74,RM,,0,,4,76,68,73,78,62,50,"178cm | 5'10""",0,-,-,IK Start,Costa Rica
Eduardo F. Pereira Gomes,74,ST,,0,,2,75,70,62,71,62,78,"190cm | 6'3""",0,-,-,Club Atlético Osasuna,Cape Verde Islands
Duško Tošic,74,LWB,,0,,3,76,39,60,59,74,73,"181cm | 5'11""",0,-,-,Werder Bremen,Serbia
Kevin Schlitte,74,RB,,0,,4,85,59,63,60,68,72,"184cm | 6'0""",0,-,-,Hansa Rostock,Germany
Yannick Djaló,74,CF,,0,,4,80,68,61,71,55,70,"171cm | 5'7""",0,-,-,Sporting CP,Guinea Bissau
Robbert Schilder,74,LM,,0,,3,71,70,71,74,69,54,"178cm | 5'10""",0,-,-,NAC Breda,Netherlands
Royston Drenthe,74,LM,,0,,2,86,58,72,73,67,64,"167cm | 5'6""",0,-,-,Real Madrid C.F.,Netherlands
Simone Pesce,74,LM,,0,,3,77,67,72,69,67,60,"179cm | 5'10""",0,-,-,Catania,Italy
Abdel Kader Ghezzal,74,CF,,0,,3,75,70,55,74,59,74,"183cm | 6'0""",0,-,-,Siena,France
Canella,74,LWB,,0,,4,82,58,64,70,69,62,"180cm | 5'11""",0,-,-,Real Sporting de Gijón,Spain
Alessio Cerci,74,LW,,0,,3,83,67,67,76,65,58,"180cm | 5'11""",0,-,-,Roma,Italy
Charlie Mulgrew,74,LB,,0,,3,73,45,78,52,74,66,"191cm | 6'3""",0,-,-,Aberdeen,Scotland
Antunes,74,LWB,,0,,4,78,64,69,64,70,64,"175cm | 5'9""",0,-,-,Roma,Portugal
Danny Holla,74,CDM,,0,,4,73,70,73,65,70,63,"178cm | 5'10""",0,-,-,FC Groningen,Netherlands
Nikolay Mihaylov,74,GK,,0,,2,68,75,73,75,71,65,"194cm | 6'4""",0,-,-,FC Twente,Bulgaria
Marko Marin,74,LM,,0,,4,84,69,76,87,43,40,"170cm | 5'7""",0,-,-,Werder Bremen,Germany
Emiliano Insúa,74,LWB,,0,,2,82,48,72,73,71,56,"176cm | 5'9""",0,-,-,Liverpool,Argentina
Leandro Grimi,74,LB,,0,,3,73,45,69,66,74,68,"182cm | 6'0""",0,-,-,Sporting CP,Argentina
Nelson Rivas,74,CB,,0,,2,70,43,53,45,77,76,"182cm | 6'0""",0,-,-,Livorno,Colombia
Miralem Pjanic,74,CAM,,0,,5,81,72,74,78,54,62,"180cm | 5'11""",0,-,-,Olympique Lyonnais,Bosnia Herzegovina
Serginho,74,CM,,0,,3,82,60,69,73,72,65,"177cm | 5'10""",0,-,-,Atlético Mineiro,Brazil
Sotiris Ninis,74,RM,,0,,3,79,73,76,77,50,59,"173cm | 5'8""",0,-,-,Panathinaikos FC,Greece
Bojan Jorgacevic,74,GK,,0,,2,72,70,69,74,74,70,"187cm | 6'2""",0,-,-,KAA Gent,Serbia
Blazej Augustyn,74,CB,,0,,4,69,47,57,47,77,78,"191cm | 6'3""",0,-,-,Catania,Poland
Moussa Sissoko,74,CM,,0,,2,76,56,71,74,77,71,"187cm | 6'2""",0,-,-,Toulouse FC,France
Milan Smiljanić,74,CM,,0,,3,74,68,74,73,64,64,"183cm | 6'0""",0,-,-,R.C.D. Espanyol,Serbia
Toby Alderweireld,74,CB,,0,,3,70,54,68,61,73,72,"186cm | 6'1""",0,-,-,Ajax,Belgium
Paulo Henrique,74,CF,,0,,4,76,69,62,71,65,77,"180cm | 5'11""",0,-,-,sc Heerenveen,Brazil
Giuseppe Tedaldo,74,CM,,0,,3,74,69,68,72,72,70,"170cm | 5'7""",0,-,-,Palermo,Italy
Bojan Zajić,74,CM,,0,,4,75,77,65,81,64,66,"188cm | 6'2""",0,-,-,Vålerenga Fotball,Serbia
Djalma,74,LW,,0,,4,81,68,64,77,58,58,"177cm | 5'10""",0,-,-,CS Marítimo,Angola
Andrea Poli,74,CM,,0,,3,75,69,74,71,64,68,"181cm | 5'11""",0,-,-,Sampdoria,Italy
Miguel Ângelo Leonardo Vítor,74,CB,,0,,2,71,37,56,51,76,77,"183cm | 6'0""",0,-,-,Sport Lisboa Benfica,Portugal
Federico Macheda,74,ST,,0,,3,75,74,50,72,50,71,"184cm | 6'0""",0,-,-,Manchester United,Italy
Leroy Fer,74,CM,,0,,3,72,69,69,71,73,80,"185cm | 6'1""",0,-,-,Feyenoord,Netherlands
Mateus Alberto Contreira Gonçalves,74,ST,,0,,3,77,71,48,72,60,83,"188cm | 6'2""",0,-,-,Real Valladolid C.F.,Angola
Matías Suárez,74,CF,,0,,4,77,70,65,75,49,61,"182cm | 6'0""",0,-,-,RSC Anderlecht,Argentina
Lewis Holtby,74,LW,,0,,5,81,65,71,78,48,56,"174cm | 5'9""",0,-,-,FC Schalke 04,Germany
Fabrizio Cacciatore,74,RB,,0,,3,75,48,65,57,73,68,"182cm | 6'0""",0,-,-,Sampdoria,Italy
Thomas Müller,74,ST,,0,,4,79,71,66,69,52,62,"186cm | 6'1""",0,-,-,Bayern München,Germany
Franco Zuculini,74,CM,,0,,4,72,64,75,77,70,64,"176cm | 5'9""",0,-,-,TSG 1899 Hoffenheim,Argentina
Zequinha,74,LW,,0,,2,76,68,66,72,58,71,"183cm | 6'0""",0,-,-,S.C. Olhanense,Portugal
Hugo Miguel Ribeiro Leal,73,LM,,0,,3,70,70,75,73,59,64,"180cm | 5'11""",0,-,-,U.D. Salamanca,Portugal
Phil Neville,73,CDM,,0,,4,75,54,78,58,77,71,"180cm | 5'11""",0,-,-,Everton,England
Francesc Arnau Grabulosa,73,GK,,0,,3,70,69,68,71,60,75,"186cm | 6'1""",0,-,-,Málaga C.F.,Spain
Yildiray Bastürk,73,CAM,,0,,4,75,67,75,81,56,48,"169cm | 5'7""",0,-,-,VfB Stuttgart,Turkey
Yacine Abdessadki,73,CAM,,0,,4,79,66,69,75,62,66,"175cm | 5'9""",0,-,-,SC Freiburg,Morocco
Lionel Letizi,73,GK,,0,,3,74,69,73,72,21,72,"187cm | 6'2""",0,-,-,OGC Nice,France
Fabrice Ehret,73,LM,,0,,3,85,58,69,72,65,53,"183cm | 6'0""",0,-,-,1. FC Köln,France
Emanuele Belardi,73,GK,,0,,1,70,71,69,72,55,74,"187cm | 6'2""",0,-,-,Udinese,Italy
Zoumana Camara,73,CB,,0,,3,68,39,55,65,75,76,"182cm | 6'0""",0,-,-,Paris Saint-Germain,France
Kevin Phillips,73,ST,,0,,3,67,77,56,65,52,74,"170cm | 5'7""",0,-,-,Birmingham City,England
Diogo Jorge Moreno Valente,73,LW,,0,,4,77,65,71,74,63,62,"176cm | 5'9""",0,-,-,SC Braga,Portugal
Simon Jentzsch,73,GK,,0,,3,75,73,67,75,36,70,"196cm | 6'5""",0,-,-,FC Augsburg,Germany
Damiano Zenoni,73,RWB,,0,,3,74,59,67,66,70,67,"185cm | 6'1""",0,-,-,Parma,Italy
Benjamin Nivet,73,CAM,,0,,3,71,74,72,73,62,58,"178cm | 5'10""",0,-,-,Stade Malherbe Caen,France
Ricardo Sérgio Rocha Azevedo,73,CB,,0,,3,64,43,59,49,76,82,"183cm | 6'0""",0,-,-,Standard de Liège,Portugal
Hakan Yakin,73,CAM,,0,,3,69,78,73,72,58,58,"181cm | 5'11""",0,-,-,FC Luzern,Switzerland
Danny Higginbotham,73,LB,,0,,3,71,46,64,62,73,72,"185cm | 6'1""",0,-,-,Stoke City,England
Daniel Klewer,73,GK,,0,,3,66,69,68,73,72,71,"192cm | 6'4""",0,-,-,1. FC Nürnberg,Germany
Antonio Chimenti,73,GK,,0,,2,68,69,70,73,56,75,"184cm | 6'0""",0,-,-,Juventus,Italy
Jamie Langfield,73,GK,,0,,3,75,73,68,73,31,72,"193cm | 6'4""",0,-,-,Aberdeen,Scotland
Grégory Wimbée,73,GK,,0,,3,73,73,70,69,35,75,"193cm | 6'4""",0,-,-,Valenciennes FC,France
Mamadou Bagayoko,73,ST,,0,,3,75,71,60,72,56,66,"190cm | 6'3""",0,-,-,OGC Nice,Mali
Vladimír Šmicer,73,CAM,,0,,4,69,71,76,76,58,64,"180cm | 5'11""",0,-,-,Slavia Praha,Czech Republic
Stephen Carr,73,RB,,0,,3,74,57,66,70,71,66,"175cm | 5'9""",0,-,-,Birmingham City,Republic of Ireland
Ferdinando Coppola,73,GK,,0,,2,72,72,69,71,45,73,"188cm | 6'2""",0,-,-,Atalanta,Italy
Fredrik Berglund,73,CF,,0,,3,78,67,61,73,63,69,"177cm | 5'10""",0,-,-,Stabæk Fotball,Sweden
Levan Kobiashvili,73,LM,,0,,3,70,60,76,71,70,66,"183cm | 6'0""",0,-,-,FC Schalke 04,Georgia
Anthony Lurling,73,LW,,0,,3,74,70,63,76,56,55,"173cm | 5'8""",0,-,-,NAC Breda,Netherlands
Romano Denneboom,73,RW,,0,,3,77,69,56,71,65,71,"189cm | 6'2""",0,-,-,Sparta Rotterdam,Netherlands
Pierre-Alain Frau,73,ST,,0,,3,76,68,63,71,54,68,"175cm | 5'9""",0,-,-,LOSC Lille Métropole,France
Roy Makaay,73,ST,,0,,4,67,76,59,66,57,74,"188cm | 6'2""",0,-,-,Feyenoord,Netherlands
Claudio López,73,LF,,0,,3,74,71,72,66,54,60,"178cm | 5'10""",0,-,-,Kansas City Wizards,Argentina
Patrick Jan Mtiliga,73,LWB,,0,,3,86,56,58,62,68,54,"167cm | 5'6""",0,-,-,Málaga C.F.,Denmark
Marcelo Daniel Gallardo,73,CAM,,0,,4,70,76,75,72,54,62,"169cm | 5'7""",0,-,-,River Plate,Argentina
Emmerson Boyce,73,CB,,0,,3,71,37,54,58,74,71,"184cm | 6'0""",0,-,-,Wigan Athletic,Barbados
Jorge Manuel Rebelo Fernandes,73,CAM,,0,,4,74,68,70,70,68,70,"178cm | 5'10""",0,-,-,"União de Leiria, SAD",Portugal
Ivica Dragutinović,73,CB,,0,,3,66,48,64,57,75,72,"186cm | 6'1""",0,-,-,Sevilla F.C.,Serbia
Teemu Tainio,73,CM,,0,,3,71,61,74,66,72,64,"176cm | 5'9""",0,-,-,Birmingham City,Finland
Michael Lamey,73,RB,,0,,3,78,40,64,62,71,70,"186cm | 6'1""",0,-,-,Arminia Bielefeld,Netherlands
Fabio Moro,73,RB,,0,,2,71,50,61,51,74,72,"181cm | 5'11""",0,-,-,Chievo Verona,Italy
Luke Steele,73,GK,,0,,2,77,63,61,80,55,66,"188cm | 6'2""",0,-,-,Barnsley,England
Steed Malbranque,73,RM,,0,,3,76,74,68,82,57,50,"172cm | 5'8""",0,-,-,Sunderland,France
Woon-Jae Lee,73,GK,,0,,3,70,74,72,75,22,74,"182cm | 6'0""",0,-,-,Suwon Samsung Bluewings,Korea Republic
Juan Carlos Valerón Santana,73,CAM,,0,,4,67,70,84,82,46,69,"180cm | 5'11""",0,-,-,R.C. Deportivo,Spain
Hannu Tihinen,73,CB,,0,,2,57,47,47,54,79,77,"190cm | 6'3""",0,-,-,FC Zürich,Finland
José Carlos da Silva,73,RF,,0,,4,79,72,62,71,52,54,"162cm | 5'4""",0,-,-,N. Recife,Brazil
Bruno Alexandre dos Santos Patacas,73,RB,,0,,3,70,59,64,61,73,61,"176cm | 5'9""",0,-,-,CD Nacional,Portugal
Ryan Taylor,73,RWB,,0,,3,75,68,78,63,69,62,"173cm | 5'8""",0,-,-,Newcastle United,England
Wesley Sonck,73,ST,,0,,4,71,73,60,67,54,76,"174cm | 5'9""",0,-,-,Club Brugge KV,Belgium
Rob Wielaert,73,CB,,0,,3,69,55,66,60,72,70,"178cm | 5'10""",0,-,-,Ajax,Netherlands
Alessandro Agostini,73,LB,,0,,3,69,44,65,57,74,72,"174cm | 5'9""",0,-,-,Cagliari,Italy
Djimi Traoré,73,LB,,0,,3,68,50,54,57,74,76,"190cm | 6'3""",0,-,-,AS Monaco FC,Mali
Mikael Nilsson,73,RB,,0,,3,74,56,62,75,70,65,"182cm | 6'0""",0,-,-,Brøndby IF,Sweden
Christoph Spycher,73,LWB,,0,,4,73,53,64,50,72,70,"175cm | 5'9""",0,-,-,Eintracht Frankfurt,Switzerland
Önder Turacı,73,RB,,0,,2,72,40,58,49,74,78,"186cm | 6'1""",0,-,-,Fenerbahçe SK,Turkey
Julio Arca,73,CDM,,0,,3,75,64,75,72,62,59,"175cm | 5'9""",0,-,-,Middlesbrough,Argentina
Edmilson José Gomes de Moraes,73,CDM,,0,,3,67,66,74,62,77,82,"186cm | 6'1""",0,-,-,Palmeiras,Brazil
Davide Baiocco,73,CM,,0,,3,75,63,71,73,71,57,"172cm | 5'8""",0,-,-,Brescia,Italy
Paul Freier,73,RW,,0,,3,77,65,72,80,55,49,"180cm | 5'11""",0,-,-,VfL Bochum,Germany
Arek Onyszko,73,GK,,0,,2,69,61,73,81,38,70,"187cm | 6'2""",0,-,-,FC Midtjylland,Poland
Ludovic Magnin,73,LB,,0,,2,76,61,77,60,70,65,"186cm | 6'1""",0,-,-,VfB Stuttgart,Switzerland
Ivan Pelizzoli,73,GK,,0,,3,75,72,61,79,47,67,"193cm | 6'4""",0,-,-,Albinoleffe,Italy
Christian Poulsen,73,CDM,,0,,3,74,56,73,65,76,70,"182cm | 6'0""",0,-,-,Juventus,Denmark
Silvio Proto,73,GK,,0,,2,76,66,67,81,71,58,"187cm | 6'2""",0,-,-,RSC Anderlecht,Belgium
Gilberto Silva,73,CDM,,0,,3,69,60,72,61,81,84,"187cm | 6'2""",0,-,-,Panathinaikos FC,Brazil
Saša Papac,73,LB,,0,,3,74,41,64,53,74,66,"185cm | 6'1""",0,-,-,Rangers,Bosnia Herzegovina
Junichi Inamoto,73,CDM,,0,,3,63,72,76,66,67,66,"181cm | 5'11""",0,-,-,Stade Rennais FC,Japan
Uğur İnceman,73,CDM,,0,,3,72,64,72,66,74,70,"183cm | 6'0""",0,-,-,Beşiktaş JK,Turkey
Nacho Novo,73,CF,,0,,3,84,68,62,69,58,56,"175cm | 5'9""",0,-,-,Rangers,Spain
Bartholomew Ogbeche,73,ST,,0,,3,80,67,58,74,52,64,"177cm | 5'10""",0,-,-,Cádiz CF,Nigeria
Igor De Camargo,73,CF,,0,,3,74,66,62,73,69,84,"187cm | 6'2""",0,-,-,Standard de Liège,Belgium
Maik Franz,73,CB,,0,,3,72,43,47,35,75,79,"190cm | 6'3""",0,-,-,Eintracht Frankfurt,Germany
Jakob Poulsen,73,CM,,0,,3,71,69,76,70,63,52,"182cm | 6'0""",0,-,-,Aarhus GF,Denmark
Fredrik Stenman,73,LB,,0,,4,70,56,59,63,73,70,"187cm | 6'2""",0,-,-,FC Groningen,Sweden
Philippe Senderos,73,CB,,0,,2,68,27,41,34,78,83,"190cm | 6'3""",0,-,-,Arsenal,Switzerland
Steve Harper,73,GK,,0,,3,70,70,65,76,48,72,"188cm | 6'2""",0,-,-,Newcastle United,England
Cédric Hengbart,73,RB,,0,,4,68,57,60,50,74,66,"183cm | 6'0""",0,-,-,AJ Auxerre,France
James Fanchone,73,RW,,0,,4,75,68,65,67,53,75,"182cm | 6'0""",0,-,-,FC Lorient Bretagne Sud,France
Jan Šimák,73,CAM,,0,,5,66,73,77,73,57,56,"182cm | 6'0""",0,-,-,VfB Stuttgart,Czech Republic
Dimo Wache,73,GK,,0,,3,66,69,72,77,41,73,"194cm | 6'4""",0,-,-,1. FSV Mainz 05,Germany
Anthony Deroin,73,CM,,0,,4,76,64,73,73,66,41,"163cm | 5'4""",0,-,-,Stade Malherbe Caen,France
Håkon Opdal,73,GK,,0,,2,68,68,73,76,54,65,"187cm | 6'2""",0,-,-,SK Brann,Norway
Kenneth Perez,73,CAM,,0,,4,68,77,75,75,54,56,"182cm | 6'0""",0,-,-,FC Twente,Denmark
Blaise Nkufo,73,ST,,0,,3,66,73,50,74,64,75,"188cm | 6'2""",0,-,-,FC Twente,Switzerland
Noé Pamarot,73,CB,,0,,3,70,53,58,56,73,78,"180cm | 5'11""",0,-,-,Hércules C.F.,France
Petter Vaagan Moen,73,LM,,0,,4,76,71,70,68,66,62,"181cm | 5'11""",0,-,-,SK Brann,Norway
Fredrik Stoor,73,RB,,0,,4,82,50,63,60,70,58,"183cm | 6'0""",0,-,-,Fulham,Sweden
Bjørn Helge Riise,73,RW,,0,,3,76,71,69,67,73,63,"178cm | 5'10""",0,-,-,Fulham,Norway
Philipp Degen,73,RWB,,0,,2,81,53,69,75,68,67,"185cm | 6'1""",0,-,-,Liverpool,Switzerland
Mike Hanke,73,ST,,0,,3,74,68,56,71,56,80,"185cm | 6'1""",0,-,-,Hannover 96,Germany
Jason Roberts,73,ST,,0,,3,82,71,34,70,69,74,"185cm | 6'1""",0,-,-,Blackburn Rovers,Grenada
Selim Teber,73,CM,,0,,3,75,67,69,67,70,66,"187cm | 6'2""",0,-,-,Eintracht Frankfurt,Germany
Andreas Ibertsberger,73,RWB,,0,,3,76,33,63,56,72,71,"178cm | 5'10""",0,-,-,TSG 1899 Hoffenheim,Austria
Péter Halmosi,73,LM,,0,,3,77,66,73,76,58,48,"178cm | 5'10""",0,-,-,Hull City,Hungary
Dan Shittu,73,CB,,0,,2,70,30,42,50,76,82,"191cm | 6'3""",0,-,-,Bolton Wanderers,Nigeria
Michael Chopra,73,ST,,0,,3,76,71,55,72,59,62,"175cm | 5'9""",0,-,-,Cardiff City,England
Nicky Shorey,73,LB,,0,,3,66,51,74,62,73,72,"175cm | 5'9""",0,-,-,Aston Villa,England
Nyron Nosworthy,73,CB,,0,,3,78,39,47,47,74,70,"182cm | 6'0""",0,-,-,Sunderland,England
Steve Caldwell,73,CB,,0,,2,70,39,54,46,76,78,"180cm | 5'11""",0,-,-,Burnley,Scotland
Davide Possanzini,73,ST,,0,,2,73,69,60,67,60,79,"181cm | 5'11""",0,-,-,Brescia,Italy
Tomasz Kuszczak,73,GK,,0,,2,78,71,55,78,50,70,"190cm | 6'3""",0,-,-,Manchester United,Poland
Markus Miller,73,GK,,0,,3,74,69,60,76,45,75,"189cm | 6'2""",0,-,-,Karlsruher SC,Germany
Vitaliy Kutuzov,73,ST,,0,,3,70,72,55,78,59,56,"183cm | 6'0""",0,-,-,Bari,Belarus
Riccardo Taddei,73,LF,,0,,4,70,72,63,78,56,57,"171cm | 5'7""",0,-,-,Brescia,Italy
Marlon Harewood,73,ST,,0,,3,83,69,45,68,61,72,"185cm | 6'1""",0,-,-,Aston Villa,England
Alexander Iashvili,73,CF,,0,,4,83,64,66,82,46,50,"175cm | 5'9""",0,-,-,Karlsruher SC,Georgia
Paweł Brożek,73,ST,,0,,4,72,73,61,73,51,58,"180cm | 5'11""",0,-,-,Wisła Kraków,Poland
Mourad Meghni,73,CAM,,0,,3,77,64,71,77,63,64,"180cm | 5'11""",0,-,-,Lazio,Algeria
Marc Ziegler,73,GK,,0,,3,74,69,68,76,38,71,"192cm | 6'4""",0,-,-,Borussia Dortmund,Germany
Oleguer Presas Renom,73,CB,,0,,2,66,55,61,59,74,77,"187cm | 6'2""",0,-,-,Ajax,Spain
Borja Fernández,73,CDM,,0,,3,63,66,77,62,76,72,"188cm | 6'2""",0,-,-,Real Valladolid C.F.,Spain
Óscar Javier González Marcos,73,CAM,,0,,3,76,73,70,69,59,73,"181cm | 5'11""",0,-,-,Olympiakos CFP,Spain
Mikel Alonso Olano,73,CM,,0,,3,71,66,72,70,72,57,"180cm | 5'11""",0,-,-,C.D. Tenerife,Spain
Andreas Wolf,73,CB,,0,,3,64,47,59,48,77,73,"182cm | 6'0""",0,-,-,1. FC Nürnberg,Germany
Francisco J. Muñoz Llompart,73,LW,,0,,2,78,66,59,73,48,71,"175cm | 5'9""",0,-,-,Levante U.D.,Spain
Franck Béria,73,RWB,,0,,3,74,48,69,49,72,70,"177cm | 5'10""",0,-,-,LOSC Lille Métropole,France
Iván Hernández Soto,73,CB,,0,,3,63,63,63,63,73,74,"185cm | 6'1""",0,-,-,Real Sporting de Gijón,Spain
Davide Mandelli,73,CB,,0,,3,71,42,60,58,73,80,"190cm | 6'3""",0,-,-,Chievo Verona,Italy
Vlada Avramov,73,GK,,0,,1,64,68,67,77,63,73,"188cm | 6'2""",0,-,-,Fiorentina,Serbia
Javier Baraja Vegas,73,CB,,0,,3,69,42,71,55,73,72,"179cm | 5'10""",0,-,-,Real Valladolid C.F.,Spain
Christophe Marichez,73,GK,,0,,3,74,70,68,70,58,72,"182cm | 6'0""",0,-,-,FC Metz,France
Geoffrey Dernis,73,LM,,0,,3,75,70,70,73,64,65,"171cm | 5'7""",0,-,-,Montpellier Hérault Sport Club,France
Simone Tiribocchi,73,ST,,0,,3,75,72,55,70,69,71,"178cm | 5'10""",0,-,-,Atalanta,Italy
Boubacar Barry,73,GK,,0,,5,76,68,58,83,68,63,"180cm | 5'11""",0,-,-,Sporting Lokeren OV,Ivory Coast
Tamandani Nsaliwa,73,RM,,0,,3,68,69,71,73,70,52,"178cm | 5'10""",0,-,-,AEK Athens,Canada
Stefano Lucchini,73,CB,,0,,3,75,42,53,52,74,74,"186cm | 6'1""",0,-,-,Sampdoria,Italy
Souleymane Youla,73,ST,,0,,3,82,65,57,74,61,72,"180cm | 5'11""",0,-,-,Eskişehirspor,Guinea
Hakan Arıkan,73,GK,,0,,2,73,70,69,73,46,70,"190cm | 6'3""",0,-,-,Beşiktaş JK,Turkey
İbrahim Akın,73,LW,,0,,2,82,67,57,71,61,70,"182cm | 6'0""",0,-,-,İstanbul  BB,Turkey
Dyego Rocha Coelho,73,RWB,,0,,3,73,67,72,69,70,68,"178cm | 5'10""",0,-,-,Atlético Mineiro,Brazil
Diego Salgado Costa de Menezes,73,GK,,0,,3,71,70,67,76,39,74,"186cm | 6'1""",0,-,-,Flamengo,Brazil
George Lucas Coser,73,RWB,,0,,3,73,59,71,69,71,53,"173cm | 5'8""",0,-,-,Santos,Brazil
Pablo Ibáñez Tebar,73,CB,,0,,3,62,40,57,50,77,82,"192cm | 6'4""",0,-,-,Atlético de Madrid,Spain
Alberto Rivera Pizarro,73,CM,,0,,4,76,66,74,75,59,66,"170cm | 5'7""",0,-,-,Real Sporting de Gijón,Spain
David García de La Cruz,73,LB,,0,,3,68,48,68,55,74,60,"178cm | 5'10""",0,-,-,R.C.D. Espanyol,Spain
Gerard Autet Serrabasa,73,CB,,0,,3,74,56,62,58,71,74,"186cm | 6'1""",0,-,-,Real Sporting de Gijón,Spain
Carlos Luciano da Silva,73,CDM,,0,,3,68,61,74,72,72,69,"169cm | 5'7""",0,-,-,FC Schalke 04,Brazil
Yong Dae Kim,73,GK,,0,,2,72,69,70,77,35,71,"189cm | 6'2""",0,-,-,Gwangju Sangmu FC,Korea Republic
Young-Kwang Kim,73,GK,,0,,2,71,72,71,70,54,71,"184cm | 6'0""",0,-,-,Ulsan Hyundai Horang-i,Korea Republic
Walter Bressan,73,GK,,0,,2,70,76,60,77,35,75,"185cm | 6'1""",0,-,-,Sassuolo,Italy
Maurizio Lanzaro,73,RB,,0,,3,74,47,59,53,73,70,"182cm | 6'0""",0,-,-,Reggina,Italy
Souleymane Diamoutene,73,CB,,0,,2,76,47,47,52,73,78,"184cm | 6'0""",0,-,-,Bari,Mali
Anouar Hadouir,73,ST,,0,,5,76,71,65,74,50,47,"170cm | 5'7""",0,-,-,Roda JC,Netherlands
Zander Diamond,73,CB,,0,,3,73,38,52,44,75,78,"189cm | 6'2""",0,-,-,Aberdeen,Scotland
Gary McSheffrey,73,LW,,0,,3,81,67,61,74,51,56,"173cm | 5'8""",0,-,-,Birmingham City,England
Gonçalo Jardim Brandão,73,CB,,0,,2,71,45,55,49,75,73,"182cm | 6'0""",0,-,-,Siena,Portugal
João Paulo Andrade,73,CB,,0,,3,72,60,50,58,72,73,"182cm | 6'0""",0,-,-,Le Mans Union Club 72,Portugal
Christian Terlizzi,73,CB,,0,,3,66,53,62,51,74,76,"190cm | 6'3""",0,-,-,Catania,Italy
Ayodele Stephen Makinwa,73,ST,,0,,3,85,66,56,71,62,68,"186cm | 6'1""",0,-,-,Lazio,Nigeria
Manuel De la Torre,73,LWB,,0,,3,74,60,71,69,69,68,"170cm | 5'7""",0,-,-,Toluca,Mexico
Franco Darío Cangele,73,CF,,0,,3,75,69,72,80,51,44,"177cm | 5'10""",0,-,-,Kayserispor,Argentina
Leonardo Ponzio,73,CDM,,0,,3,74,63,67,68,76,72,"178cm | 5'10""",0,-,-,Real Zaragoza,Argentina
David Nugent,73,ST,,0,,3,82,67,52,77,50,60,"181cm | 5'11""",0,-,-,Burnley,England
Christian Fuchs,73,LM,,0,,3,76,62,71,73,71,64,"185cm | 6'1""",0,-,-,VfL Bochum,Austria
Julio César Cáceres,73,CB,,0,,3,71,33,65,41,76,68,"181cm | 5'11""",0,-,-,Boca Juniors,Paraguay
José Francisco Fonseca,73,RW,,0,,4,75,69,70,70,55,67,"184cm | 6'0""",0,-,-,Tigres U.A.N.L.,Mexico
Darío Verón,73,CB,,0,,3,70,48,56,60,74,75,"181cm | 5'11""",0,-,-,U.N.A.M.,Paraguay
Eduardo Goncalves de Oliveira,73,ST,,0,,3,76,69,61,75,57,62,"185cm | 6'1""",0,-,-,Suwon Samsung Bluewings,Brazil
Albin Ebondo,73,RB,,0,,3,75,40,70,65,71,68,"183cm | 6'0""",0,-,-,Toulouse FC,France
Emir Spahić,73,CB,,0,,5,70,48,59,49,73,80,"183cm | 6'0""",0,-,-,Montpellier Hérault Sport Club,Bosnia Herzegovina
Alexandros Tziolis,73,CM,,0,,3,70,69,71,59,76,74,"189cm | 6'2""",0,-,-,Panathinaikos FC,Greece
Jonathan Santana,73,CM,,0,,4,72,60,74,72,73,71,"181cm | 5'11""",0,-,-,VfL Wolfsburg,Paraguay
Mariano Barbosa,73,GK,,0,,3,70,69,71,72,70,67,"185cm | 6'1""",0,-,-,Atlas,Argentina
Tayfun Cora,73,RWB,,0,,2,75,49,66,61,71,69,"182cm | 6'0""",0,-,-,Trabzonspor,Turkey
Selçuk Şahin,73,CDM,,0,,3,73,64,71,71,72,66,"187cm | 6'2""",0,-,-,Fenerbahçe SK,Turkey
Bekir İrtegün,73,RWB,,0,,3,69,55,67,66,72,62,"178cm | 5'10""",0,-,-,Fenerbahçe SK,Turkey
John Alvbåge,73,GK,,0,,3,68,71,70,75,68,68,"187cm | 6'2""",0,-,-,Örebro SK,Sweden
Francisco Jesús Pérez Malia,73,RB,,0,,3,77,52,66,60,71,64,"180cm | 5'11""",0,-,-,Xerez C.D.,Spain
Víctor Javier Añino Bermúdez,73,CM,,0,,3,74,60,74,76,66,68,"170cm | 5'7""",0,-,-,PAOK,Spain
Antoni Lluís Adrover Colom,73,LM,,0,,3,74,63,72,70,68,64,"181cm | 5'11""",0,-,-,R.C.D. Mallorca,Spain
Danny Koevermans,73,ST,,0,,5,66,76,54,66,65,78,"191cm | 6'3""",0,-,-,PSV,Netherlands
David Mendes da Silva,73,CDM,,0,,4,72,60,70,74,77,70,"186cm | 6'1""",0,-,-,AZ Alkmaar,Netherlands
Siqueira Luciano De Oliveira,73,RM,,0,,3,76,67,72,72,65,62,"181cm | 5'11""",0,-,-,Chievo Verona,Brazil
Ricardo Matías Verón,73,CM,,0,,3,77,66,68,76,69,62,"173cm | 5'8""",0,-,-,PAOK,Argentina
Sébastien Puygrenier,73,CB,,0,,3,63,48,50,52,76,79,"187cm | 6'2""",0,-,-,AS Monaco FC,France
Jonathan Brison,73,LM,,0,,3,78,58,77,63,68,62,"179cm | 5'10""",0,-,-,A.S. Nancy Lorraine,France
Jérémy Berthod,73,LB,,0,,3,75,40,71,38,73,71,"180cm | 5'11""",0,-,-,AJ Auxerre,France
Craig Fagan,73,RF,,0,,3,82,68,70,71,58,52,"181cm | 5'11""",0,-,-,Hull City,England
Leonardo da Silva e Silva,73,CB,,0,,2,70,42,43,36,76,84,"192cm | 6'4""",0,-,-,Cruzeiro,Brazil
Maximiliano Pellegrino,73,CB,,0,,2,68,56,52,49,74,78,"189cm | 6'2""",0,-,-,Atalanta,Argentina
Koikili Lertxundi del Campo,73,LB,,0,,2,75,55,65,59,71,75,"168cm | 5'6""",0,-,-,Athletic Club de Bilbao,Spain
Horacio Cervantes,73,CB,,0,,3,70,51,59,66,72,74,"192cm | 6'4""",0,-,-,Cruz Azul,Mexico
Fernando Arce,73,RM,,0,,3,74,74,73,72,56,64,"174cm | 5'9""",0,-,-,Santos Laguna,Mexico
Márcio Rodrigues Araújo,73,CM,,0,,3,83,61,68,73,69,62,"172cm | 5'8""",0,-,-,Atlético Mineiro,Brazil
Moisés Muñoz,73,GK,,0,,3,74,77,62,78,26,73,"185cm | 6'1""",0,-,-,Monarcas Morelia,Mexico
Damián Álvarez,73,LW,,0,,4,79,67,70,77,58,45,"165cm | 5'5""",0,-,-,Pachuca,Argentina
Juan Carlos Medina,73,RM,,0,,4,74,68,73,68,64,53,"170cm | 5'7""",0,-,-,Monterrey,Mexico
Yannick Kamanan,73,ST,,0,,3,84,69,59,65,57,70,"183cm | 6'0""",0,-,-,Sivasspor,France
Yoan Gouffran,73,RM,,0,,3,78,69,71,74,57,70,"175cm | 5'9""",0,-,-,Girondins de Bordeaux,France
Lukas Sinkiewicz,73,CB,,0,,3,65,48,54,42,76,80,"191cm | 6'3""",0,-,-,Bayer 04 Leverkusen,Germany
Carlos Eduardo de Souza Floresta,73,ST,,0,,3,68,71,59,70,58,82,"187cm | 6'2""",0,-,-,Gençlerbirliği SK,Brazil
Fabiano Pereira,73,CM,,0,,4,72,69,71,73,67,69,"181cm | 5'11""",0,-,-,S. Recife,Brazil
Rasmus Lindgren,73,CM,,0,,4,69,69,72,67,72,67,"180cm | 5'11""",0,-,-,Ajax,Sweden
Markus Steinhöfer,73,RM,,0,,4,79,58,73,73,68,63,"175cm | 5'9""",0,-,-,Eintracht Frankfurt,Germany
Alex Sandro da Silva,73,CB,,0,,3,65,51,43,47,77,84,"192cm | 6'4""",0,-,-,Hamburger SV,Brazil
Gelson Tavares Fernandes,73,CDM,,0,,3,75,63,66,69,76,64,"183cm | 6'0""",0,-,-,A.S. Saint-Etienne,Switzerland
João Carlos Pinto Chaves,73,CB,,0,,4,67,58,65,70,72,71,"189cm | 6'2""",0,-,-,KRC Genk,Brazil
Ciro Polito,73,GK,,0,,2,68,70,69,74,64,71,"184cm | 6'0""",0,-,-,Salerno,Italy
Jason Čulina,73,CM,,0,,4,74,67,74,61,68,44,"175cm | 5'9""",0,-,-,Gold Coast United,Australia
Christian Puggioni,73,GK,,0,,2,69,68,68,73,61,71,"187cm | 6'2""",0,-,-,Piacenza,Italy
Erwin Hoffer,73,ST,,0,,3,87,66,59,72,50,62,"176cm | 5'9""",0,-,-,Napoli,Austria
Ben Watson,73,CM,,0,,3,70,69,73,70,68,62,"178cm | 5'10""",0,-,-,Queens Park Rangers,England
Stephen Hunt,73,LM,,0,,3,78,67,67,73,66,66,"173cm | 5'8""",0,-,-,Hull City,Republic of Ireland
Bruno Ramón Silva,73,RB,,0,,3,72,61,67,67,71,56,"180cm | 5'11""",0,-,-,Ajax,Uruguay
Luciano Gabriel Figueroa,73,ST,,0,,3,78,71,50,72,57,70,"182cm | 6'0""",0,-,-,Genoa,Argentina
Edgar Dueñas,73,RB,,0,,3,71,54,67,63,72,76,"185cm | 6'1""",0,-,-,Toluca,Mexico
Sinan Bolat,73,GK,,0,,3,69,70,69,72,65,70,"187cm | 6'2""",0,-,-,Standard de Liège,Turkey
Liam Ridgewell,73,CB,,0,,3,69,44,51,36,75,83,"188cm | 6'2""",0,-,-,Birmingham City,England
André Ooijer,73,CB,,0,,3,65,46,57,52,75,78,"184cm | 6'0""",0,-,-,PSV,Netherlands
Leroy Lita,73,ST,,0,,3,88,64,49,72,54,70,"170cm | 5'7""",0,-,-,Middlesbrough,England
Fco. Javier Farinós Zapata,73,CM,,0,,4,68,66,77,63,69,58,"172cm | 5'8""",0,-,-,Hércules C.F.,Spain
Donovan Ricketts,73,GK,,0,,3,66,60,82,72,62,69,"193cm | 6'4""",0,-,-,Los Angeles Galaxy,Jamaica
Leonardo Lima da Silva,73,CM,,0,,4,66,71,70,71,72,72,"185cm | 6'1""",0,-,-,Goiânia,Brazil
Steven Naismith,73,CF,,0,,3,79,70,54,75,50,56,"178cm | 5'10""",0,-,-,Rangers,Scotland
Glenn Whelan,73,CM,,0,,4,67,68,74,69,67,56,"180cm | 5'11""",0,-,-,Stoke City,Republic of Ireland
Younès Kaboul,73,CB,,0,,3,70,32,50,48,76,82,"188cm | 6'2""",0,-,-,Portsmouth,France
Marvin Elliott,73,CM,,0,,3,77,64,68,65,73,72,"183cm | 6'0""",0,-,-,Bristol City,England
Kasper Schmeichel,73,GK,,0,,2,73,71,73,73,52,65,"188cm | 6'2""",0,-,-,Notts County,Denmark
Grant Leadbitter,73,CM,,0,,3,73,69,68,68,71,63,"175cm | 5'9""",0,-,-,Ipswich Town,England
Gianni Zuiverloon,73,RB,,0,,3,73,46,63,64,73,66,"179cm | 5'10""",0,-,-,West Bromwich Albion,Netherlands
Édson Bastos Barreto,73,GK,,0,,3,74,69,65,70,55,74,"187cm | 6'2""",0,-,-,Coritiba,Brazil
Rodrigo Barbosa Tabata,73,CAM,,0,,3,76,73,72,80,55,58,"171cm | 5'7""",0,-,-,Beşiktaş JK,Brazil
Aleksandar Vasoski,73,CB,,0,,3,73,42,55,49,73,76,"180cm | 5'11""",0,-,-,Eintracht Frankfurt,FYR Macedonia
Juan Valera Espín,73,RM,,0,,3,82,54,72,71,68,68,"184cm | 6'0""",0,-,-,Atlético de Madrid,Spain
Somen Tchoyi,73,CM,,0,,5,76,62,66,73,75,68,"190cm | 6'3""",0,-,-,FC Red Bull Salzburg,Cameroon
Stefan Radu,73,CB,,0,,3,67,45,59,48,75,70,"183cm | 6'0""",0,-,-,Lazio,Romania
Marco Ruben,73,ST,,0,,3,74,66,63,73,56,79,"179cm | 5'10""",0,-,-,Villarreal B,Argentina
Brad Jones,73,GK,,0,,1,77,74,66,75,55,62,"191cm | 6'3""",0,-,-,Middlesbrough,Australia
Vladimir Marín,73,LW,,0,,2,78,68,67,71,71,66,"165cm | 5'5""",0,-,-,Toluca,Colombia
Braulio Nóbrega Rodríguez,73,ST,,0,,3,76,69,52,72,58,72,"178cm | 5'10""",0,-,-,Real Zaragoza,Spain
Marcio Mert Ferreira Nobre,73,ST,,0,,2,75,68,54,68,57,83,"183cm | 6'0""",0,-,-,Beşiktaş JK,Brazil
Antonio Marcos da Silva Filho,73,CDM,,0,,4,71,61,71,74,75,68,"174cm | 5'9""",0,-,-,Cruzeiro,Brazil
Nikola Žigić,73,ST,,0,,3,65,72,55,68,65,88,"202cm | 6'8""",0,-,-,Valencia C.F.,Serbia
Rudy Mater,73,RB,,0,,3,71,50,71,62,72,70,"178cm | 5'10""",0,-,-,Valenciennes FC,France
Emiliano Viviano,73,GK,,0,,2,72,75,69,76,25,69,"195cm | 6'5""",0,-,-,Bologna,Italy
Rémy Riou,73,GK,,0,,3,72,76,67,74,60,67,"191cm | 6'3""",0,-,-,AJ Auxerre,France
Andrea Masiello,73,CB,,0,,2,69,48,60,46,74,72,"185cm | 6'1""",0,-,-,Bari,Italy
Ángel Eduardo Reyna,73,RM,,0,,3,78,62,72,72,67,64,"168cm | 5'6""",0,-,-,América,Mexico
Barragán,73,RB,,0,,3,78,57,74,66,68,71,"182cm | 6'0""",0,-,-,Real Valladolid C.F.,Spain
Armand Traoré,73,LWB,,0,,2,90,46,67,79,65,59,"185cm | 6'1""",0,-,-,Arsenal,France
Fraizer Campbell,73,ST,,0,,4,88,67,47,71,60,65,"180cm | 5'11""",0,-,-,Sunderland,England
Sebastián Eguren,73,CDM,,0,,3,71,59,72,67,78,80,"186cm | 6'1""",0,-,-,Villarreal C.F.,Uruguay
Sam Hutchinson,73,RB,,0,,3,77,46,64,68,70,67,"182cm | 6'0""",0,-,-,Chelsea,England
Marc Stein,73,RB,,0,,4,73,59,67,69,71,60,"184cm | 6'0""",0,-,-,Hertha BSC,Germany
Nicolás Ladislao Fedor Flores,73,ST,,0,,3,71,71,53,71,61,74,"185cm | 6'1""",0,-,-,Valencia C.F.,Venezuela
Sisinio González Martínez,73,RM,,0,,4,82,63,73,82,52,66,"168cm | 5'6""",0,-,-,Real Valladolid C.F.,Spain
Carlos Esquivel,73,RF,,0,,3,78,68,70,70,56,66,"170cm | 5'7""",0,-,-,Toluca,Mexico
Nauzet Alemán Viera,73,RM,,0,,3,73,72,74,75,55,62,"178cm | 5'10""",0,-,-,Real Valladolid C.F.,Spain
Caner Erkin,73,LW,,0,,3,79,71,63,71,63,56,"181cm | 5'11""",0,-,-,Galatasaray SK,Turkey
Leandro Andrés Gioda,73,CB,,0,,3,62,50,60,41,77,70,"192cm | 6'4""",0,-,-,Xerez C.D.,Argentina
Victor Nsofor Obinna,73,CF,,0,,3,86,63,64,77,56,56,"178cm | 5'10""",0,-,-,Málaga C.F.,Nigeria
Jay DeMerit,73,CB,,0,,3,70,41,56,50,74,78,"180cm | 5'11""",0,-,-,Watford,United States
Cristian Riveros,73,CM,,0,,3,74,64,73,69,70,70,"179cm | 5'10""",0,-,-,Cruz Azul,Paraguay
Felix Borja,73,CF,,0,,3,79,66,62,67,58,80,"180cm | 5'11""",0,-,-,1. FSV Mainz 05,Ecuador
Mateus Galiano da Costa,73,RW,,0,,3,84,65,62,71,62,68,"174cm | 5'9""",0,-,-,CD Nacional,Angola
Rui Miguel Melo Rodrigues,73,CAM,,0,,4,75,68,73,77,58,60,"175cm | 5'9""",0,-,-,Vitória de Guimarães,Portugal
Jan Rosenthal,73,CAM,,0,,5,73,72,73,74,58,68,"184cm | 6'0""",0,-,-,Hannover 96,Germany
Hélder Barbosa,73,LW,,0,,3,78,66,70,75,51,61,"172cm | 5'8""",0,-,-,Vitória de Setúbal,Portugal
Julian Ramiro Viafara Mesa,73,GK,,0,,2,73,76,65,73,35,75,"186cm | 6'1""",0,-,-,Salvador,Colombia
Luis Leandro A. Lima,73,CAM,,0,,3,80,69,70,77,59,59,"169cm | 5'7""",0,-,-,Cruzeiro,Brazil
Kamil Zayatte,73,CB,,0,,3,64,37,53,52,76,81,"191cm | 6'3""",0,-,-,Hull City,Guinea
Dimitri Payet,73,LM,,0,,4,80,67,71,78,58,52,"174cm | 5'9""",0,-,-,A.S. Saint-Etienne,France
David N'Gog,73,ST,,0,,3,84,65,47,73,55,74,"189cm | 6'2""",0,-,-,Liverpool,France
Sebastian Prödl,73,CB,,0,,3,74,31,49,34,75,82,"194cm | 6'4""",0,-,-,Werder Bremen,Austria
Javi Martinez,73,CDM,,0,,3,71,60,71,68,80,79,"190cm | 6'3""",0,-,-,Athletic Club de Bilbao,Spain
Onyekachi Apam,73,CB,,0,,3,66,41,59,36,77,70,"177cm | 5'10""",0,-,-,OGC Nice,Nigeria
José Manuel Flores Moreno,73,CB,,0,,3,75,35,40,51,75,73,"187cm | 6'2""",0,-,-,U.D. Almería,Spain
Milan Biševac,73,CB,,0,,4,63,51,62,49,76,73,"185cm | 6'1""",0,-,-,Valenciennes FC,Serbia
Aleandro Rosi,73,RWB,,0,,3,78,64,70,65,68,71,"184cm | 6'0""",0,-,-,Siena,Italy
Juan Carlos Silva,73,LM,,0,,2,76,63,69,68,71,54,"170cm | 5'7""",0,-,-,América,Mexico
Savio Nsereko,73,LW,,0,,4,81,69,57,77,52,55,"176cm | 5'9""",0,-,-,Fiorentina,Germany
Claudinei Félix Silva,73,RWB,,0,,2,71,59,66,68,71,68,"178cm | 5'10""",0,-,-,Atlético Paranaense,Brazil
Luigi Vitale,73,LWB,,0,,2,74,58,72,70,70,61,"180cm | 5'11""",0,-,-,Livorno,Italy
Craig Gardner,73,CM,,0,,3,67,72,74,62,70,63,"178cm | 5'10""",0,-,-,Aston Villa,England
José Ignacio Castillo,73,ST,,0,,3,75,67,56,73,61,76,"188cm | 6'2""",0,-,-,Fiorentina,Argentina
Fernando Forestieri,73,CF,,0,,3,78,70,60,79,48,46,"172cm | 5'8""",0,-,-,Málaga C.F.,Argentina
Miguel Torres,73,RB,,0,,4,72,40,61,60,73,72,"184cm | 6'0""",0,-,-,Getafe C.F.,Spain
Didier Ya Konan,73,CF,,0,,4,78,64,66,79,63,66,"174cm | 5'9""",0,-,-,Hannover 96,Ivory Coast
Marcos Camozzato,73,RWB,,0,,4,73,62,74,74,70,64,"177cm | 5'10""",0,-,-,Standard de Liège,Brazil
Maurice Edu,73,CM,,0,,4,79,63,66,73,74,72,"183cm | 6'0""",0,-,-,Rangers,United States
Ralf Fährmann,73,GK,,0,,3,73,69,67,77,44,68,"196cm | 6'5""",0,-,-,Eintracht Frankfurt,Germany
Benedikt Höwedes,73,CB,,0,,3,73,27,53,47,76,78,"187cm | 6'2""",0,-,-,FC Schalke 04,Germany
Marcos Aurélio de Oliveira Lima,73,CF,,0,,3,85,68,57,73,58,58,"168cm | 5'6""",0,-,-,Coritiba,Brazil
Everton Cardoso Silva,73,CAM,,0,,2,82,68,69,77,58,60,"174cm | 5'9""",0,-,-,Flamengo,Brazil
Martin Fenin,73,CF,,0,,5,78,65,63,76,51,68,"183cm | 6'0""",0,-,-,Eintracht Frankfurt,Czech Republic
Makoto Hasebe,73,CM,,0,,3,75,53,76,72,70,58,"179cm | 5'10""",0,-,-,VfL Wolfsburg,Japan
Tomáš Janů,73,LB,,0,,4,66,62,74,67,73,66,"174cm | 5'9""",0,-,-,Slovan Liberec,Czech Republic
Teko Tsholofelo Modise,73,CM,,0,,3,71,69,76,83,55,58,"168cm | 5'6""",0,-,-,Orlando Pirates,South Africa
Yves Desmarets,73,LM,,0,,4,73,65,70,72,71,59,"178cm | 5'10""",0,-,-,Vitória de Guimarães,France
Håvard Nordtveit,73,CB,,0,,3,71,55,64,61,71,78,"186cm | 6'1""",0,-,-,1. FC Nürnberg,Norway
Daniel Schwaab,73,RWB,,0,,4,75,36,65,65,72,66,"186cm | 6'1""",0,-,-,Bayer 04 Leverkusen,Germany
Anthony Mounier,73,LW,,0,,4,79,66,68,72,51,64,"174cm | 5'9""",0,-,-,OGC Nice,France
Damian Escudero,73,LW,,0,,3,78,68,72,71,58,58,"174cm | 5'9""",0,-,-,Villarreal C.F.,Argentina
Diego Perotti,73,RW,,0,,4,82,61,71,80,46,62,"179cm | 5'10""",0,-,-,Sevilla F.C.,Argentina
Mohammed Abdellaoue,73,ST,,0,,3,78,69,52,75,64,70,"182cm | 6'0""",0,-,-,Vålerenga Fotball,Norway
José Gonçalves,73,CB,,0,,3,73,48,57,60,72,72,"188cm | 6'2""",0,-,-,Heart of Midlothian,Portugal
John Bostock,73,CM,,0,,4,76,68,72,74,60,58,"173cm | 5'8""",0,-,-,Tottenham Hotspur,England
Luis Morán Sánchez,73,RW,,0,,3,81,64,66,76,55,61,"172cm | 5'8""",0,-,-,Real Sporting de Gijón,Spain
Mattia Mustacchio,73,LF,,0,,3,85,67,60,68,59,65,"182cm | 6'0""",0,-,-,Ancona,Italy
Wellington,73,ST,,0,,4,76,66,58,74,53,76,"186cm | 6'1""",0,-,-,FC Twente,Brazil
Rhys Taylor,73,GK,,0,,3,65,68,76,75,35,71,"188cm | 6'2""",0,-,-,Chelsea,Wales
Franco Di Santo,73,ST,,0,,3,76,71,50,66,53,79,"194cm | 6'4""",0,-,-,Blackburn Rovers,Argentina
Rafik Halliche,73,CB,,0,,3,68,48,63,66,73,76,"187cm | 6'2""",0,-,-,CD Nacional,Algeria
Marlos Romero Bonfim,73,RM,,0,,5,73,67,72,79,60,54,"173cm | 5'8""",0,-,-,São Paulo,Brazil
Laure,73,RB,,0,,3,76,38,65,63,73,60,"166cm | 5'5""",0,-,-,R.C. Deportivo,Spain
Ariel Gerardo Nahuelpan,73,ST,,0,,3,72,72,50,70,63,75,"187cm | 6'2""",0,-,-,Coritiba,Argentina
Jack Wilshere,73,CAM,,0,,3,79,73,72,81,50,49,"170cm | 5'7""",0,-,-,Arsenal,England
Parejo,73,CM,,0,,4,71,67,73,71,69,64,"180cm | 5'11""",0,-,-,Getafe C.F.,Spain
Guido Marilungo,73,ST,,0,,3,81,69,59,67,55,70,"176cm | 5'9""",0,-,-,Lecce,Italy
Willians Domingos Fernandes,73,CDM,,0,,2,84,57,69,63,73,64,"175cm | 5'9""",0,-,-,Flamengo,Brazil
Peter Pekarík,73,RB,,0,,3,75,50,67,65,72,57,"176cm | 5'9""",0,-,-,VfL Wolfsburg,Slovakia
Mensur Mujdza,73,RB,,0,,4,78,64,72,67,68,66,"185cm | 6'1""",0,-,-,SC Freiburg,Croatia
Stanislav Manolev,73,RB,,0,,2,75,42,71,74,71,64,"185cm | 6'1""",0,-,-,PSV,Bulgaria
Alessio Scarpi,72,GK,,0,,1,69,70,66,70,55,73,"188cm | 6'2""",0,-,-,Genoa,Italy
Clarke Carlisle,72,CB,,0,,3,67,34,46,55,74,82,"191cm | 6'3""",0,-,-,Burnley,England
Barry Nicholson,72,CM,,0,,3,71,66,73,72,63,59,"173cm | 5'8""",0,-,-,Preston North End,Scotland
Timo Achenbach,72,LB,,0,,4,74,68,68,66,68,66,"185cm | 6'1""",0,-,-,Alemannia Aachen,Germany
Kevin Kilbane,72,LM,,0,,3,67,71,70,68,70,76,"183cm | 6'0""",0,-,-,Hull City,Republic of Ireland
Marko Babić,72,LWB,,0,,3,76,60,75,75,68,58,"189cm | 6'2""",0,-,-,Real Zaragoza,Croatia
Nélson Augusto Tomar Marcos,72,RWB,,0,,4,84,62,70,74,65,66,"172cm | 5'8""",0,-,-,Real Betis Balompié,Portugal
Simone Del Nero,72,RF,,0,,3,69,68,66,76,55,61,"187cm | 6'2""",0,-,-,Lazio,Italy
Jérémie Bréchet,72,CB,,0,,3,68,54,57,59,73,71,"186cm | 6'1""",0,-,-,FC Sochaux-Montbéliard,France
Edouard Cissé,72,CDM,,0,,3,76,64,65,67,76,76,"186cm | 6'1""",0,-,-,Olympique de Marseille,France
Martin Pieckenhagen,72,GK,,0,,3,71,68,69,73,66,66,"186cm | 6'1""",0,-,-,Heracles Almelo,Germany
Daniel Moreira,72,ST,,0,,3,75,72,47,67,60,68,"177cm | 5'10""",0,-,-,U.S. Boulogne Cote D'Opale,France
Aldo Pedro Duscher,72,CDM,,0,,3,68,65,65,67,82,66,"174cm | 5'9""",0,-,-,Sevilla F.C.,Argentina
Emiliano Bonazzoli,72,ST,,0,,3,71,68,60,68,64,82,"192cm | 6'4""",0,-,-,Reggina,Italy
Denny Landzaat,72,CB,,0,,3,67,70,70,70,70,68,"176cm | 5'9""",0,-,-,Feyenoord,Netherlands
Jan Kromkamp,72,RB,,0,,3,71,51,69,71,70,67,"188cm | 6'2""",0,-,-,PSV,Netherlands
Gustavo Manduca,72,CF,,0,,4,69,69,64,75,57,57,"182cm | 6'0""",0,-,-,AEK Athens,Brazil
João Artur Rosa Alves,72,CM,,0,,3,73,65,69,68,69,63,"179cm | 5'10""",0,-,-,Vitória de Guimarães,Portugal
Dario Šimič,72,CB,,0,,3,65,37,65,43,75,73,"180cm | 5'11""",0,-,-,AS Monaco FC,Croatia
David Belenguer Reverte,72,CB,,0,,3,59,48,61,44,76,73,"180cm | 5'11""",0,-,-,Getafe C.F.,Spain
Carlo Nash,72,GK,,0,,3,67,74,77,72,55,60,"182cm | 6'0""",0,-,-,Everton,England
Francisco J. Pérez Rufete,72,RM,,0,,3,72,69,74,75,55,62,"176cm | 5'9""",0,-,-,Hércules C.F.,Spain
Ivan Klasnić,72,ST,,0,,3,65,72,58,68,58,74,"186cm | 6'1""",0,-,-,Bolton Wanderers,Croatia
Christian Timm,72,RF,,0,,4,85,64,57,71,56,60,"180cm | 5'11""",0,-,-,Karlsruher SC,Germany
Emiliano Salvetti,72,CM,,0,,4,62,71,74,73,63,54,"180cm | 5'11""",0,-,-,Sassuolo,Italy
Toifilou Maoulida,72,RF,,0,,4,71,67,63,71,53,74,"184cm | 6'0""",0,-,-,Racing Club de Lens,France
Emanuel Pogatetz,72,LB,,0,,2,65,43,58,56,75,72,"189cm | 6'2""",0,-,-,Middlesbrough,Austria
Nuno Filipe R. Laranjeiro,72,RB,,0,,3,74,61,69,69,68,68,"184cm | 6'0""",0,-,-,Leixões SC,Portugal
Jonathan Jäger,72,ST,,0,,3,89,63,53,71,57,64,"174cm | 5'9""",0,-,-,SC Freiburg,France
Alan Smith,72,CF,,0,,3,69,69,63,64,68,82,"178cm | 5'10""",0,-,-,Newcastle United,England
Steve Simonsen,72,GK,,0,,2,71,70,67,72,53,70,"188cm | 6'2""",0,-,-,Stoke City,England
Jorge Luiz Pereira de Souza,72,CAM,,0,,4,77,66,70,73,60,67,"178cm | 5'10""",0,-,-,Gaziantepspor,Brazil
Michał Żewłakow,72,RB,,0,,4,70,59,65,57,70,70,"183cm | 6'0""",0,-,-,Olympiakos CFP,Poland
Patrick Zwaanswijk,72,CB,,0,,3,63,48,56,54,74,76,"190cm | 6'3""",0,-,-,NAC Breda,Netherlands
Daniel Berg Hestad,72,CM,,0,,3,71,68,72,51,73,65,"184cm | 6'0""",0,-,-,Molde FK,Norway
Simon Cziommer,72,CAM,,0,,3,71,65,72,74,65,54,"176cm | 5'9""",0,-,-,FC Red Bull Salzburg,Germany
Ivica Banovic,72,CM,,0,,3,71,64,73,69,66,60,"186cm | 6'1""",0,-,-,SC Freiburg,Croatia
Tim Cornelisse,72,RB,,0,,2,63,47,53,53,75,66,"184cm | 6'0""",0,-,-,FC Utrecht,Netherlands
Carlos Gustavo Bossio,72,GK,,0,,3,77,64,77,67,36,66,"195cm | 6'5""",0,-,-,Querétaro,Argentina
Daniel Zítka,72,GK,,0,,2,70,74,62,70,57,72,"190cm | 6'3""",0,-,-,RSC Anderlecht,Czech Republic
Wade Elliott,72,RM,,0,,3,72,61,79,72,57,52,"178cm | 5'10""",0,-,-,Burnley,England
Erlend Hanstveit,72,LB,,0,,3,74,58,69,68,68,70,"189cm | 6'2""",0,-,-,KAA Gent,Norway
Francisco José Rodrigues da Costa,72,CM,,0,,3,72,64,69,68,70,77,"181cm | 5'11""",0,-,-,Atalanta,Portugal
Alan Osório da C. Silva,72,RW,,0,,3,86,60,72,78,63,54,"180cm | 5'11""",0,-,-,SC Braga,Brazil
Karim Zaza,72,GK,,0,,3,65,70,57,75,71,78,"185cm | 6'1""",0,-,-,Aalborg BK,Morocco
Simone Barone,72,CDM,,0,,3,71,62,71,64,71,68,"180cm | 5'11""",0,-,-,Cagliari,Italy
Roland Linz,72,ST,,0,,3,74,68,57,67,61,78,"185cm | 6'1""",0,-,-,Gaziantepspor,Austria
Mehdi Mahdavikia,72,RM,,0,,4,75,56,73,73,67,54,"172cm | 5'8""",0,-,-,Eintracht Frankfurt,Iran
Shinji Ono,72,CM,,0,,4,57,56,82,80,67,64,"175cm | 5'9""",0,-,-,VfL Bochum,Japan
Marek Nikl,72,LB,,0,,3,73,45,50,54,72,72,"182cm | 6'0""",0,-,-,Bohemians 1905,Czech Republic
Diego Fernando Klimowicz,72,ST,,0,,4,63,73,49,72,64,80,"191cm | 6'3""",0,-,-,VfL Bochum,Argentina
Daniel Gygax,72,RW,,0,,3,84,66,59,73,50,56,"178cm | 5'10""",0,-,-,1. FC Nürnberg,Switzerland
Johan Wiland,72,GK,,0,,3,74,64,62,81,46,67,"188cm | 6'2""",0,-,-,FC København,Sweden
Miika Koppinen,72,CB,,0,,4,73,52,54,40,73,70,"190cm | 6'3""",0,-,-,Tromsø IL,Finland
Matias Concha,72,RWB,,0,,3,69,54,64,69,72,60,"180cm | 5'11""",0,-,-,VfL Bochum,Sweden
Cláudio Roberto Da Silva Caçapa,72,CB,,0,,3,64,42,58,55,74,75,"180cm | 5'11""",0,-,-,Cruzeiro,Brazil
Daniele Cacia,72,ST,,0,,2,77,68,50,72,62,74,"184cm | 6'0""",0,-,-,Reggina,Italy
Gaby Mudingayi,72,CDM,,0,,3,77,57,65,64,80,70,"180cm | 5'11""",0,-,-,Bologna,Belgium
Hervé Tum,72,ST,,0,,3,73,71,56,63,57,73,"183cm | 6'0""",0,-,-,İstanbul  BB,Cameroon
Arthur Boka,72,LWB,,0,,3,79,44,68,74,68,64,"166cm | 5'5""",0,-,-,VfB Stuttgart,Ivory Coast
Morten Nordstrand,72,ST,,0,,3,84,66,51,69,52,66,"177cm | 5'10""",0,-,-,FC Groningen,Denmark
Francisco Pavón Barahona,72,CB,,0,,3,65,41,53,46,75,74,"188cm | 6'2""",0,-,-,Real Zaragoza,Spain
Ariza Makukula,72,ST,,0,,3,72,71,49,68,60,80,"192cm | 6'4""",0,-,-,Kayserispor,Portugal
Anthar Yahia,72,CB,,0,,3,71,45,50,56,72,78,"185cm | 6'1""",0,-,-,VfL Bochum,Algeria
Fabrice Pancrate,72,ST,,0,,2,89,65,57,65,50,68,"185cm | 6'1""",0,-,-,Paris Saint-Germain,France
Jonathan Blondel,72,CM,,0,,2,73,70,67,69,66,69,"173cm | 5'8""",0,-,-,Club Brugge KV,Belgium
Jon Busch,72,GK,,0,,2,70,67,78,68,63,65,"177cm | 5'10""",0,-,-,Chicago Fire,United States
Maikel Aerts,72,GK,,0,,2,71,66,66,74,63,69,"196cm | 6'5""",0,-,-,Willem II,Netherlands
Lee Carsley,72,CDM,,0,,3,67,65,68,63,77,68,"178cm | 5'10""",0,-,-,Birmingham City,Republic of Ireland
Frédéric Thomas,72,CDM,,0,,4,66,63,73,66,74,70,"180cm | 5'11""",0,-,-,Le Mans Union Club 72,France
Steve Cherundolo,72,RWB,,0,,3,77,52,70,63,68,62,"172cm | 5'8""",0,-,-,Hannover 96,United States
Neil Clement,72,CB,,0,,2,69,66,67,49,71,72,"183cm | 6'0""",0,-,-,West Bromwich Albion,England
Romain Pitau,72,CM,,0,,3,70,59,73,63,76,61,"178cm | 5'10""",0,-,-,Montpellier Hérault Sport Club,France
Sanchez Emilson Cribari,72,CB,,0,,3,67,42,58,49,74,75,"185cm | 6'1""",0,-,-,Lazio,Brazil
Mahamadou Diarra,72,CDM,,0,,2,69,59,67,64,84,83,"183cm | 6'0""",0,-,-,Real Madrid C.F.,Mali
Jlloyd Samuel,72,LB,,0,,3,78,52,58,64,69,71,"180cm | 5'11""",0,-,-,Bolton Wanderers,Trinidad &amp; Tobago
Tommy Bechmann,72,RF,,0,,3,82,65,62,72,57,59,"181cm | 5'11""",0,-,-,SC Freiburg,Denmark
Mariusz Jop,72,CB,,0,,3,61,55,57,65,74,68,"185cm | 6'1""",0,-,-,Wisła Kraków,Poland
Jérémie Aliadiere,72,ST,,0,,3,82,65,54,75,50,59,"183cm | 6'0""",0,-,-,Middlesbrough,France
Martin Lejsal,72,GK,,0,,3,67,71,59,76,56,73,"198cm | 6'6""",0,-,-,sc Heerenveen,Czech Republic
Benjamin Lauth,72,ST,,0,,4,78,65,57,74,54,68,"179cm | 5'10""",0,-,-,TSV 1860 München,Germany
Alaeddine Yahia,72,CB,,0,,3,65,50,53,49,74,72,"186cm | 6'1""",0,-,-,Racing Club de Lens,Tunisia
Angelos Charisteas,72,ST,,0,,3,67,70,57,66,59,84,"190cm | 6'3""",0,-,-,1. FC Nürnberg,Greece
Roger Johnson,72,CB,,0,,3,68,29,52,41,75,80,"191cm | 6'3""",0,-,-,Birmingham City,England
Marcus Tudgay,72,CF,,0,,3,75,66,56,67,60,82,"180cm | 5'11""",0,-,-,Sheffield Wednesday,England
Pedro Ricardo Pereira Monteiro,72,CM,,0,,4,72,66,70,66,68,62,"179cm | 5'10""",0,-,-,Paços Ferreira,Portugal
Kris Commons,72,LW,,0,,4,76,68,72,72,48,46,"168cm | 5'6""",0,-,-,Derby County,England
Carsten Rothenbach,72,RWB,,0,,3,73,57,68,58,69,72,"184cm | 6'0""",0,-,-,FC St. Pauli,Germany
Stefano Morrone,72,CM,,0,,3,70,62,70,70,73,59,"178cm | 5'10""",0,-,-,Parma,Italy
Joël Epalle,72,CAM,,0,,3,77,67,73,77,53,66,"175cm | 5'9""",0,-,-,VfL Bochum,Cameroon
Massimo Mutarelli,72,CDM,,0,,3,74,58,70,64,74,70,"177cm | 5'10""",0,-,-,Bologna,Italy
Liam Miller,72,CM,,0,,3,74,65,70,72,67,63,"170cm | 5'7""",0,-,-,Hibernian,Republic of Ireland
Jean-François Gillet,72,GK,,0,,2,67,73,63,75,52,70,"181cm | 5'11""",0,-,-,Bari,Belgium
Grégory Pujol,72,ST,,0,,3,65,68,70,73,65,74,"183cm | 6'0""",0,-,-,Valenciennes FC,France
Max von Schlebrügge,72,CB,,0,,2,75,55,48,44,72,70,"188cm | 6'2""",0,-,-,Brøndby IF,Sweden
Ignacio Pérez Santamaría,72,LM,,0,,3,77,64,72,67,61,62,"175cm | 5'9""",0,-,-,Real Betis Balompié,Spain
Sergio Fernández González,72,CB,,0,,3,64,44,61,52,75,70,"191cm | 6'3""",0,-,-,Club Atlético Osasuna,Spain
David Aganzo Méndez,72,ST,,0,,3,76,69,48,69,51,76,"177cm | 5'10""",0,-,-,Rayo Vallecano,Spain
David Albelda Aliqués,72,CDM,,0,,3,63,63,70,63,80,70,"183cm | 6'0""",0,-,-,Valencia C.F.,Spain
Chaouki Ben Saada,72,CF,,0,,4,73,67,60,75,52,65,"170cm | 5'7""",0,-,-,OGC Nice,Tunisia
Renaud Cohade,72,CM,,0,,3,72,62,67,67,76,69,"180cm | 5'11""",0,-,-,Valenciennes FC,France
José Ramón Romero Urtasun,72,CB,,0,,4,64,46,62,59,74,69,"185cm | 6'1""",0,-,-,Club Atlético Osasuna,Spain
Albert Streit,72,RW,,0,,3,79,63,71,83,47,46,"180cm | 5'11""",0,-,-,FC Schalke 04,Germany
José Ortiz Bernal,72,RW,,0,,4,77,66,69,71,54,59,"172cm | 5'8""",0,-,-,U.D. Almería,Spain
Victoriano Rivas Álvaro,72,CB,,0,,3,68,57,66,66,70,70,"185cm | 6'1""",0,-,-,Real Betis Balompié,Spain
Christofer Heimeroth,72,GK,,0,,3,74,66,64,76,44,69,"194cm | 6'4""",0,-,-,Borussia M'gladbach,Germany
Cédric Kanté,72,CB,,0,,3,66,46,65,47,73,74,"181cm | 5'11""",0,-,-,Panathinaikos FC,Mali
Laurent Batlles,72,CAM,,0,,3,70,71,71,72,60,66,"174cm | 5'9""",0,-,-,Grenoble Foot 38,France
David Ducourtioux,72,RB,,0,,4,71,58,68,57,70,72,"177cm | 5'10""",0,-,-,Valenciennes FC,France
Robert Earnshaw,72,ST,,0,,3,88,66,54,68,48,60,"173cm | 5'8""",0,-,-,Nottingham Forest,Wales
Michael Dawson,72,CB,,0,,3,59,35,48,48,77,85,"187cm | 6'2""",0,-,-,Tottenham Hotspur,England
Maximillian Nicu,72,LM,,0,,5,82,69,68,74,55,58,"185cm | 6'1""",0,-,-,Hertha BSC,Romania
Denis Godeas,72,ST,,0,,3,71,70,57,64,64,81,"187cm | 6'2""",0,-,-,Triestina,Italy
Isaac Boakye,72,ST,,0,,3,82,63,47,73,62,79,"175cm | 5'9""",0,-,-,1. FC Nürnberg,Ghana
Umut Bulut,72,ST,,0,,2,75,69,58,65,55,78,"184cm | 6'0""",0,-,-,Trabzonspor,Turkey
Mimoun Azaouagh,72,CAM,,0,,3,78,71,71,82,48,39,"175cm | 5'9""",0,-,-,VfL Bochum,Germany
Jesús Capitán Prado,72,CAM,,0,,3,71,63,75,77,59,58,"178cm | 5'10""",0,-,-,Real Betis Balompié,Spain
Francisco José Maldonado Collantes,72,LW,,0,,4,76,65,63,75,58,63,"177cm | 5'10""",0,-,-,Real Sporting de Gijón,Spain
Roberto Hilbert,72,RM,,0,,3,82,60,76,80,49,64,"182cm | 6'0""",0,-,-,VfB Stuttgart,Germany
Lorik Cana,72,CDM,,0,,3,78,54,69,47,84,84,"186cm | 6'1""",0,-,-,Sunderland,Albania
Vinicius Bergantin,72,CB,,0,,3,64,51,58,49,74,76,"190cm | 6'3""",0,-,-,Hannover 96,Brazil
Fábio Alves Félix,72,CDM,,0,,3,71,58,69,68,76,74,"186cm | 6'1""",0,-,-,Cruzeiro,Brazil
José Juan Luque Jiménez,72,LM,,0,,4,67,75,77,67,56,57,"173cm | 5'8""",0,-,-,Real Murcia,Spain
Jônatas Domingos,72,CDM,,0,,2,71,64,72,69,69,70,"182cm | 6'0""",0,-,-,Botafogo,Brazil
Rodrigo José Galatto,72,GK,,0,,2,74,71,67,68,43,72,"192cm | 6'4""",0,-,-,Atlético Paranaense,Brazil
Luís Alberto Silva dos Santos,72,CM,,0,,4,74,59,68,67,75,75,"183cm | 6'0""",0,-,-,CD Nacional,Brazil
Júlio Sérgio Bertagnoli,72,GK,,0,,2,65,70,75,78,31,68,"187cm | 6'2""",0,-,-,Roma,Brazil
Marcelo de Mattos Terra,72,CDM,,0,,3,75,62,67,63,75,77,"179cm | 5'10""",0,-,-,C. São Paulo,Brazil
Leonardo da Silva Moura,72,RWB,,0,,1,72,69,76,68,68,54,"176cm | 5'9""",0,-,-,Flamengo,Brazil
Filippo Carobbio,72,LM,,0,,3,70,72,72,64,62,45,"183cm | 6'0""",0,-,-,Grosseto,Italy
Cristian Raimondi,72,RB,,0,,3,76,52,69,67,69,66,"182cm | 6'0""",0,-,-,Livorno,Italy
Daniele Portanova,72,CB,,0,,2,65,42,51,34,77,78,"185cm | 6'1""",0,-,-,Bologna,Italy
Luigi Lavecchia,72,RWB,,0,,3,72,45,52,70,71,63,"177cm | 5'10""",0,-,-,Bologna,Italy
Paolo Bianco,72,CB,,0,,3,66,45,53,47,75,72,"184cm | 6'0""",0,-,-,Atalanta,Italy
Andrea Pisanu,72,RW,,0,,3,74,69,70,69,55,62,"180cm | 5'11""",0,-,-,Parma,Italy
Christian Eigler,72,ST,,0,,3,80,68,57,64,56,74,"185cm | 6'1""",0,-,-,1. FC Nürnberg,Germany
Francesco Benussi,72,GK,,0,,1,68,71,73,75,58,62,"189cm | 6'2""",0,-,-,Livorno,Italy
Élson Falcão da Silva,72,CAM,,0,,3,77,71,72,79,50,44,"172cm | 5'8""",0,-,-,VfB Stuttgart,Brazil
Štěpán Vachoušek,72,CAM,,0,,3,71,61,73,74,64,66,"185cm | 6'1""",0,-,-,FK Teplice,Czech Republic
Franck Signorino,72,LWB,,0,,3,77,50,66,63,70,58,"176cm | 5'9""",0,-,-,Getafe C.F.,France
Michaël Chrétien,72,RB,,0,,3,75,38,65,52,72,66,"179cm | 5'10""",0,-,-,A.S. Nancy Lorraine,Morocco
Michael Turner,72,CB,,0,,3,63,36,45,41,76,84,"193cm | 6'4""",0,-,-,Sunderland,England
Jonathan Walters,72,RW,,0,,3,74,67,60,68,59,76,"183cm | 6'0""",0,-,-,Ipswich Town,Republic of Ireland
Babacar Gueye,72,ST,,0,,4,74,68,62,68,63,70,"186cm | 6'1""",0,-,-,Alemannia Aachen,Senegal
Almen Abdi,72,CAM,,0,,3,76,66,72,75,56,66,"180cm | 5'11""",0,-,-,FC Zürich,Switzerland
Andrea Parola,72,CDM,,0,,3,67,56,76,71,72,68,"179cm | 5'10""",0,-,-,Cagliari,Italy
Matteo Contini,72,CB,,0,,3,74,42,53,61,72,73,"182cm | 6'0""",0,-,-,Napoli,Italy
Israel López,72,CDM,,0,,3,69,69,69,69,69,64,"166cm | 5'5""",0,-,-,Toluca,Mexico
José Manuel da Silva Fernandes,72,RM,,0,,4,75,71,71,71,59,54,"168cm | 5'6""",0,-,-,Leixões SC,Portugal
Ismael Rodríguez,72,CB,,0,,3,71,52,57,62,71,72,"175cm | 5'9""",0,-,-,América,Mexico
Luis Ernesto Pérez,72,RM,,0,,3,73,70,74,73,56,58,"170cm | 5'7""",0,-,-,Monterrey,Mexico
Roberto Colautti,72,ST,,0,,4,70,69,58,68,56,82,"180cm | 5'11""",0,-,-,Borussia M'gladbach,Israel
André Bikey,72,CB,,0,,3,78,39,61,53,71,66,"183cm | 6'0""",0,-,-,Burnley,Cameroon
Lucien Aubey,72,LB,,0,,3,73,48,68,56,71,71,"180cm | 5'11""",0,-,-,Stade Rennais FC,Congo
Giovanni Marchese,72,LB,,0,,3,77,55,67,64,69,62,"182cm | 6'0""",0,-,-,Catania,Italy
Goran Lovre,72,CAM,,0,,5,72,70,66,74,68,76,"190cm | 6'3""",0,-,-,FC Groningen,Serbia
Sergio Amaury Ponce,72,RM,,0,,3,72,66,73,66,65,64,"178cm | 5'10""",0,-,-,Guadalajara,Mexico
Marvin Cabrera,72,RB,,0,,3,74,54,67,61,70,64,"173cm | 5'8""",0,-,-,Monarcas Morelia,Mexico
Michael Kightly,72,RW,,0,,3,81,62,71,81,52,48,"175cm | 5'9""",0,-,-,Wolverhampton Wanderers,England
David Marshall,72,GK,,0,,3,75,68,70,76,24,68,"191cm | 6'3""",0,-,-,Cardiff City,Scotland
Nenad Kovačević,72,CDM,,0,,3,69,57,74,70,74,65,"176cm | 5'9""",0,-,-,Racing Club de Lens,Serbia
Radek Černý,72,GK,,0,,2,76,69,59,78,41,68,"187cm | 6'2""",0,-,-,Queens Park Rangers,Czech Republic
Toni Kallio,72,CB,,0,,3,68,53,61,63,71,86,"194cm | 6'4""",0,-,-,Fulham,Finland
Cristian Raúl Ledesma,72,CDM,,0,,3,69,58,74,70,74,70,"178cm | 5'10""",0,-,-,Olympiakos CFP,Argentina
Elyaniv Barda,72,CF,,0,,4,72,68,66,73,55,62,"178cm | 5'10""",0,-,-,KRC Genk,Israel
Diego Sebastián Saja,72,GK,,0,,3,78,72,64,73,23,70,"188cm | 6'2""",0,-,-,AEK Athens,Argentina
Fabricio Fabio Fuentes,72,CB,,0,,3,61,48,62,51,75,78,"182cm | 6'0""",0,-,-,Villarreal C.F.,Argentina
Román Fernando Martínez,72,CM,,0,,3,72,65,71,72,66,58,"184cm | 6'0""",0,-,-,C.D. Tenerife,Argentina
José Leonardo Talamonti,72,CB,,0,,3,74,42,61,55,72,70,"183cm | 6'0""",0,-,-,Atalanta,Argentina
Mariano Pavone,72,ST,,0,,3,70,74,49,65,60,73,"176cm | 5'9""",0,-,-,Real Betis Balompié,Argentina
Andrés Mendoza,72,ST,,0,,4,75,69,51,70,52,69,"185cm | 6'1""",0,-,-,Diyarbakırspor,Peru
Sercan Yıldırım,72,ST,,0,,2,77,65,58,77,54,68,"182cm | 6'0""",0,-,-,Bursaspor,Turkey
Alexander Östlund,72,RB,,0,,3,71,56,61,61,71,64,"193cm | 6'4""",0,-,-,Esbjerg fB,Sweden
José María Jiménez Pérez,72,GK,,0,,3,72,69,61,76,46,74,"187cm | 6'2""",0,-,-,Xerez C.D.,Spain
Pablo Sicilia Roig,72,CB,,0,,3,70,31,59,49,75,62,"182cm | 6'0""",0,-,-,C.D. Tenerife,Spain
Ricardo León Brito,72,CM,,0,,3,70,60,74,67,69,55,"186cm | 6'1""",0,-,-,C.D. Tenerife,Spain
Javi Fuego,72,CM,,0,,3,69,69,72,69,66,70,"181cm | 5'11""",0,-,-,R.C. Recreativo,Spain
César Arzo,72,CB,,0,,2,65,33,62,64,74,72,"181cm | 5'11""",0,-,-,Real Valladolid C.F.,Spain
Antonio Guayre Betancort,72,CF,,0,,3,70,72,63,70,49,58,"176cm | 5'9""",0,-,-,U.D. Las Palmas,Spain
Iago Bouzón Amoedo,72,CB,,0,,3,75,46,47,56,71,74,"180cm | 5'11""",0,-,-,R.C. Recreativo,Spain
Iván Ramis,72,CB,,0,,3,68,57,64,57,71,74,"182cm | 6'0""",0,-,-,R.C.D. Mallorca,Spain
Francisco Javier García Guerrero,72,ST,,0,,3,65,69,72,74,51,63,"171cm | 5'7""",0,-,-,U.D. Las Palmas,Spain
Gabriel Fernández Arenas,72,CM,,0,,3,75,59,72,69,70,66,"179cm | 5'10""",0,-,-,Real Zaragoza,Spain
Jorge Larena Avellaneda,72,CAM,,0,,3,74,68,72,73,56,59,"182cm | 6'0""",0,-,-,U.D. Las Palmas,Spain
Albert Jorquera Fortiá,72,GK,,0,,3,71,63,74,78,45,63,"183cm | 6'0""",0,-,-,Girona C.F.,Spain
Ionel Daniel Dănciulescu,72,ST,,0,,3,72,71,59,69,55,69,"182cm | 6'0""",0,-,-,Hércules C.F.,Romania
Mariusz Pawełek,72,GK,,0,,4,77,56,72,73,35,69,"185cm | 6'1""",0,-,-,Wisła Kraków,Poland
Pa-Madou Kah,72,CB,,0,,3,70,41,53,55,72,80,"183cm | 6'0""",0,-,-,Roda JC,Norway
Kjetil Wæhler,72,CB,,0,,4,67,39,42,26,77,75,"183cm | 6'0""",0,-,-,Aalborg BK,Norway
Reginaldo Ferreira da Silva,72,RF,,0,,4,80,65,65,74,62,57,"175cm | 5'9""",0,-,-,Siena,Brazil
Dante López,72,ST,,0,,3,74,68,64,69,54,68,"185cm | 6'1""",0,-,-,U.N.A.M.,Paraguay
Gal Alberman,72,CDM,,0,,3,74,58,73,67,70,64,"179cm | 5'10""",0,-,-,Borussia M'gladbach,Israel
Tamir Cohen,72,CDM,,0,,3,72,70,65,65,75,64,"181cm | 5'11""",0,-,-,Bolton Wanderers,Israel
Ronald Zubar,72,CB,,0,,3,72,45,55,45,73,74,"186cm | 6'1""",0,-,-,Wolverhampton Wanderers,France
Christophe Jallet,72,RB,,0,,3,75,54,70,57,70,56,"178cm | 5'10""",0,-,-,Paris Saint-Germain,France
Adekanmi Olufade,72,ST,,0,,3,85,65,55,72,52,63,"170cm | 5'7""",0,-,-,KAA Gent,Togo
Hans-Peter Berger,72,GK,,0,,3,72,67,68,73,52,67,"179cm | 5'10""",0,-,-,Leixões SC,Austria
Ólafur Örn Bjarnason,72,CB,,0,,3,68,54,56,55,72,70,"188cm | 6'2""",0,-,-,SK Brann,Iceland
Ricardo,72,ST,,0,,3,84,67,58,63,59,72,"188cm | 6'2""",0,-,-,Bolton Wanderers,Portugal
Athirson Mazolli e Oliveira,72,LM,,0,,2,70,68,71,69,66,68,"181cm | 5'11""",0,-,-,Cruzeiro,Brazil
Dzenan Radoncic,72,ST,,0,,3,68,67,62,68,60,83,"192cm | 6'4""",0,-,-,Seongnam Ilhwa Chunma,Montenegro
Przemysław Kaźmierczak,72,CDM,,0,,2,71,73,64,64,72,70,"192cm | 6'4""",0,-,-,Vitória de Setúbal,Poland
Kepa Blanco González,72,ST,,0,,3,75,67,46,71,61,80,"185cm | 6'1""",0,-,-,Getafe C.F.,Spain
Andy Dorman,72,CM,,0,,3,77,67,65,72,66,58,"180cm | 5'11""",0,-,-,St. Mirren,England
Rodrigo Baldasso da Costa,72,CB,,0,,2,66,61,58,32,74,72,"182cm | 6'0""",0,-,-,São Paulo,Brazil
Rafael Márquez Lugo,72,ST,,0,,4,72,68,64,67,54,74,"172cm | 5'8""",0,-,-,Atlante,Mexico
Juan Carlos Valenzuela,72,RB,,0,,3,71,50,66,61,71,64,"178cm | 5'10""",0,-,-,América,Mexico
Adrián Martínez,72,GK,,0,,3,70,71,70,66,73,67,"192cm | 6'4""",0,-,-,San Luis,Mexico
Lasse Nilsson,72,ST,,0,,4,78,69,53,72,54,62,"180cm | 5'11""",0,-,-,Vitesse,Sweden
Ailton Almeida,72,ST,,0,,3,80,67,47,79,50,56,"180cm | 5'11""",0,-,-,FC København,Brazil
Marcos Venancio de Albuquerque,72,RWB,,0,,2,78,65,72,68,66,64,"175cm | 5'9""",0,-,-,Paris Saint-Germain,Brazil
Javier del Pino González,72,RW,,0,,4,71,65,68,75,49,73,"176cm | 5'9""",0,-,-,C.D. Numancia,Spain
Miguel Calero,72,GK,,0,,3,70,73,70,69,33,73,"189cm | 6'2""",0,-,-,Pachuca,Colombia
Fausto Pinto,72,LB,,0,,3,72,63,67,70,68,68,"166cm | 5'5""",0,-,-,Cruz Azul,Mexico
Gabriel Caballero,72,CM,,0,,3,68,64,73,67,70,64,"173cm | 5'8""",0,-,-,Pachuca,Mexico
Neri Cardozo,72,LM,,0,,3,79,67,73,73,51,65,"172cm | 5'8""",0,-,-,Jaguares de Chiapas,Argentina
Sylvain Marveaux,72,LM,,0,,3,75,63,75,70,60,53,"172cm | 5'8""",0,-,-,Stade Rennais FC,France
Andrija Delibasic,72,ST,,0,,4,71,69,64,70,60,65,"187cm | 6'2""",0,-,-,Hércules C.F.,Serbia
Gonzalo Pineda,72,CM,,0,,3,72,61,72,70,70,68,"177cm | 5'10""",0,-,-,Guadalajara,Mexico
Klemen Lavrič,72,ST,,0,,4,71,70,58,70,52,72,"188cm | 6'2""",0,-,-,SK Sturm Graz,Slovenia
Ricardo Batista,72,GK,,0,,3,69,74,68,72,44,69,"185cm | 6'1""",0,-,-,Sporting CP,Portugal
Tommy Smith,72,RW,,0,,3,81,66,60,73,52,60,"173cm | 5'8""",0,-,-,Portsmouth,England
Juan Ramón Cabrero Obrer,72,RB,,0,,3,74,45,64,55,72,55,"183cm | 6'0""",0,-,-,Hércules C.F.,Spain
Johnny Leoni,72,GK,,0,,3,75,73,60,76,46,69,"189cm | 6'2""",0,-,-,FC Zürich,Switzerland
Nicolas Fauvergue,72,ST,,0,,3,66,70,60,65,58,85,"193cm | 6'4""",0,-,-,RC Strasbourg,France
William Kvist,72,CM,,0,,2,74,60,72,62,70,62,"184cm | 6'0""",0,-,-,FC København,Denmark
Juan Luis Hens Lorite,72,RM,,0,,4,72,68,75,71,56,52,"178cm | 5'10""",0,-,-,C.D. Tenerife,Spain
Pirmin Schwegler,72,CDM,,0,,4,79,59,70,70,67,62,"176cm | 5'9""",0,-,-,Eintracht Frankfurt,Switzerland
Steven Taylor,72,CB,,0,,3,70,37,57,45,74,74,"188cm | 6'2""",0,-,-,Newcastle United,England
Jonathan Pitroipa,72,RW,,0,,3,93,59,63,77,43,53,"176cm | 5'9""",0,-,-,Hamburger SV,Burkina Faso
Romuald Peiser,72,GK,,0,,2,73,67,66,74,55,68,"187cm | 6'2""",0,-,-,Naval 1° de Maio,France
Yohan Demont,72,RWB,,0,,3,72,61,75,65,69,66,"181cm | 5'11""",0,-,-,Racing Club de Lens,France
Seweryn Gancarczyk,72,LB,,0,,2,78,50,55,55,72,49,"181cm | 5'11""",0,-,-,Lech Poznań,Poland
Mario Méndez,72,RB,,0,,3,75,60,71,69,68,60,"175cm | 5'9""",0,-,-,Atlas,Mexico
Marek Čech,72,LWB,,0,,4,77,67,69,65,67,67,"183cm | 6'0""",0,-,-,West Bromwich Albion,Slovakia
Alexander Baumjohann,72,CAM,,0,,4,80,67,70,81,52,56,"178cm | 5'10""",0,-,-,Bayern München,Germany
Luke Moore,72,ST,,0,,2,82,66,53,70,55,68,"180cm | 5'11""",0,-,-,West Bromwich Albion,England
Otman Bakkal,72,RM,,0,,5,76,64,72,76,61,58,"183cm | 6'0""",0,-,-,PSV,Netherlands
Andrew Keogh,72,CF,,0,,3,77,66,59,68,57,76,"183cm | 6'0""",0,-,-,Wolverhampton Wanderers,Republic of Ireland
Vanderson V. de Almeida,72,CM,,0,,3,72,63,69,67,72,71,"183cm | 6'0""",0,-,-,SC Braga,Brazil
Guillaume Gillet,72,CM,,0,,3,71,69,68,67,68,74,"186cm | 6'1""",0,-,-,RSC Anderlecht,Belgium
Phil Bardsley,72,RB,,0,,2,70,40,67,40,73,68,"179cm | 5'10""",0,-,-,Sunderland,England
Daniel Congré,72,CB,,0,,3,64,27,66,34,76,77,"184cm | 6'0""",0,-,-,Toulouse FC,France
David Cobeño Iglesias,72,GK,,0,,3,67,68,69,72,48,71,"185cm | 6'1""",0,-,-,Rayo Vallecano,Spain
Stephen Jordan,72,LB,,0,,2,77,52,53,56,71,67,"183cm | 6'0""",0,-,-,Burnley,England
Youssef Mohamad,72,CB,,0,,3,71,32,46,28,77,74,"182cm | 6'0""",0,-,-,1. FC Köln,Lebanon
Nivaldo Batista Santana,72,CB,,0,,3,68,48,61,40,74,76,"187cm | 6'2""",0,-,-,Real Valladolid C.F.,Brazil
Caio César Alves dos Santos,72,CAM,,0,,4,72,71,73,74,53,65,"186cm | 6'1""",0,-,-,Eintracht Frankfurt,Brazil
Michal Papadopulos,72,ST,,0,,3,75,65,62,71,56,72,"183cm | 6'0""",0,-,-,sc Heerenveen,Czech Republic
Xisco,72,ST,,0,,3,72,69,49,72,49,76,"183cm | 6'0""",0,-,-,Real Racing Club,Spain
Johan Dahlin,72,GK,,0,,2,67,73,63,72,64,71,"190cm | 6'3""",0,-,-,Malmö FF,Sweden
Lee Wallace,72,LB,,0,,3,77,30,66,65,71,67,"180cm | 5'11""",0,-,-,Heart of Midlothian,Scotland
Bruno Alexandre Vilela Gama,72,RW,,0,,4,80,62,69,77,59,55,"175cm | 5'9""",0,-,-,Rio Ave FC,Portugal
Adam Federici,72,GK,,0,,2,70,61,70,80,48,66,"188cm | 6'2""",0,-,-,Reading,Australia
Grégory Arnolin,72,CB,,0,,3,62,37,47,59,75,80,"187cm | 6'2""",0,-,-,Real Sporting de Gijón,France
Nicolas Maurice-Belay,72,LW,,0,,3,76,67,61,71,54,68,"182cm | 6'0""",0,-,-,FC Sochaux-Montbéliard,France
Razak Boukari,72,ST,,0,,4,80,66,59,73,55,62,"182cm | 6'0""",0,-,-,Racing Club de Lens,France
Gonzalo Vargas,72,ST,,0,,3,76,66,56,72,57,70,"173cm | 5'8""",0,-,-,Atlas,Uruguay
Gabriel Paletta,72,CB,,0,,3,64,49,57,52,74,74,"190cm | 6'3""",0,-,-,Boca Juniors,Argentina
Juan Maldonado Jaimez Junior,72,LWB,,0,,2,81,69,72,66,67,54,"167cm | 5'6""",0,-,-,Flamengo,Brazil
Mattias Hugosson,72,GK,,0,,3,67,70,68,76,37,71,"190cm | 6'3""",0,-,-,Gefle IF,Sweden
Mauro Cejas,72,CAM,,0,,3,74,66,76,73,55,68,"175cm | 5'9""",0,-,-,U.A.G.,Argentina
Adrián Aldrete,72,LB,,0,,3,76,51,71,70,68,60,"175cm | 5'9""",0,-,-,Monarcas Morelia,Mexico
Chavdar Yankov,72,CAM,,0,,3,69,61,74,73,66,58,"176cm | 5'9""",0,-,-,MSV Duisburg,Bulgaria
Habib Bellaïd,72,CB,,0,,3,67,36,55,59,75,66,"188cm | 6'2""",0,-,-,RC Strasbourg,France
Cássio Ramos,72,GK,,0,,3,72,63,68,76,43,67,"195cm | 6'5""",0,-,-,PSV,Brazil
Asamoah Gyan,72,ST,,0,,3,81,68,50,69,60,70,"180cm | 5'11""",0,-,-,Stade Rennais FC,Ghana
Issam Jemââ,72,CF,,0,,3,77,66,60,75,55,64,"185cm | 6'1""",0,-,-,Racing Club de Lens,Tunisia
Scott Sinclair,72,LW,,0,,3,87,63,55,80,44,47,"177cm | 5'10""",0,-,-,Wigan Athletic,England
Francesco Valiani,72,LM,,0,,4,77,68,69,64,62,42,"173cm | 5'8""",0,-,-,Bologna,Italy
André Bahia,72,CB,,0,,3,72,43,54,62,71,76,"182cm | 6'0""",0,-,-,Feyenoord,Brazil
Victor Anichebe,72,ST,,0,,3,80,66,53,69,59,74,"190cm | 6'3""",0,-,-,Everton,Nigeria
Jonny Evans,72,CB,,0,,3,64,32,60,44,76,79,"188cm | 6'2""",0,-,-,Manchester United,Northern Ireland
Martin Paterson,72,ST,,0,,3,81,74,38,65,58,68,"178cm | 5'10""",0,-,-,Burnley,Northern Ireland
José Enrique Sánchez Díaz,72,LB,,0,,3,73,61,74,68,68,64,"184cm | 6'0""",0,-,-,Newcastle United,Spain
Nílson Corrêa Júnior,72,GK,,0,,4,73,69,70,72,40,70,"184cm | 6'0""",0,-,-,Vitória de Guimarães,Brazil
Roy Miller,72,LB,,0,,3,76,44,64,50,71,68,"187cm | 6'2""",0,-,-,Örgryte IS,Costa Rica
James McArthur,72,CM,,0,,3,72,53,76,76,69,50,"177cm | 5'10""",0,-,-,Hamilton Academicals,Scotland
Isaac Promise,72,ST,,0,,4,80,64,62,70,57,69,"182cm | 6'0""",0,-,-,Manisaspor,Nigeria
José María Basanta,72,CB,,0,,3,71,37,58,62,72,72,"188cm | 6'2""",0,-,-,Monterrey,Argentina
Maynard,72,ST,,0,,3,76,72,49,71,51,60,"180cm | 5'11""",0,-,-,Bristol City,England
Benny Feilhaber,72,CAM,,0,,4,72,65,70,73,64,64,"175cm | 5'9""",0,-,-,Aarhus GF,United States
Christoph Leitgeb,72,CAM,,0,,4,76,65,72,77,58,48,"172cm | 5'8""",0,-,-,FC Red Bull Salzburg,Austria
Miguel Marcos Madera,72,CDM,,0,,4,73,64,67,68,75,66,"183cm | 6'0""",0,-,-,Real Sporting de Gijón,Spain
Carlos Valdez,72,CB,,0,,2,74,44,52,47,72,72,"184cm | 6'0""",0,-,-,Reggina,Uruguay
Nashat Akram Abid Ali,72,CAM,,0,,4,73,69,71,76,59,60,"186cm | 6'1""",0,-,-,FC Twente,Iraq
Segundo Castillo,72,CDM,,0,,3,74,69,59,70,78,77,"180cm | 5'11""",0,-,-,Wolverhampton Wanderers,Ecuador
Giovanny Espinoza,72,CB,,0,,3,72,55,41,58,72,72,"185cm | 6'1""",0,-,-,Birmingham City,Ecuador
Tom De Sutter,72,ST,,0,,4,72,69,64,65,63,75,"192cm | 6'4""",0,-,-,RSC Anderlecht,Belgium
Sung Ryong Jung,72,GK,,0,,4,73,70,71,70,41,69,"189cm | 6'2""",0,-,-,Seongnam Ilhwa Chunma,Korea Republic
Adriano Basso,72,GK,,0,1.0,3,72,69,62,74,56,68,"185cm | 6'1""",0,-,-,Bristol City,Brazil
McDonald Mariga,72,CM,,0,,3,71,61,71,64,73,73,"187cm | 6'2""",0,-,-,Parma,Kenya
Yassine Chikhaoui,72,CF,,0,,5,76,63,62,80,49,66,"189cm | 6'2""",0,-,-,FC Zürich,Tunisia
Enrique Esqueda,72,ST,,0,,3,77,65,67,69,52,70,"176cm | 5'9""",0,-,-,América,Mexico
Mbaye Leye,72,CF,,0,,4,75,67,64,70,58,71,"183cm | 6'0""",0,-,-,KAA Gent,Senegal
Tobias Sippel,72,GK,,0,,2,69,64,64,77,60,69,"180cm | 5'11""",0,-,-,1. FC Kaiserslautern,Germany
Bellvis,72,LWB,,0,,3,81,55,71,70,66,63,"169cm | 5'7""",0,-,-,C.D. Tenerife,Spain
Ángel,72,CF,,0,,3,77,65,67,73,44,64,"172cm | 5'8""",0,-,-,C.D. Tenerife,Spain
Srdjan Lakic,72,ST,,0,,3,75,66,60,71,51,72,"186cm | 6'1""",0,-,-,1. FC Kaiserslautern,Croatia
Daniele Capelli,72,CB,,0,,3,74,48,55,53,72,69,"186cm | 6'1""",0,-,-,Reggina,Italy
Erik Jendrisek,72,ST,,0,,4,75,68,53,70,54,70,"176cm | 5'9""",0,-,-,1. FC Kaiserslautern,Slovakia
Andrea Costa,72,LB,,0,,3,75,47,60,62,70,68,"184cm | 6'0""",0,-,-,Reggina,Italy
Gianvito Plasmati,72,ST,,0,,3,71,68,61,66,65,84,"198cm | 6'6""",0,-,-,Catania,Italy
Wout Brama,72,CM,,0,,3,70,62,71,69,72,68,"184cm | 6'0""",0,-,-,FC Twente,Netherlands
Federico Peluso,72,CB,,0,,2,73,43,65,52,72,54,"186cm | 6'1""",0,-,-,Atalanta,Italy
Manuel Arana Rodríguez,72,RM,,0,,3,72,72,76,70,53,48,"175cm | 5'9""",0,-,-,Real Racing Club,Spain
Emerson Da Conceicao,72,LB,,0,,3,67,36,64,59,74,70,"185cm | 6'1""",0,-,-,LOSC Lille Métropole,Brazil
Federico Fazio,72,CB,,0,,3,66,40,51,62,73,81,"195cm | 6'5""",0,-,-,Sevilla F.C.,Argentina
Michal Daněk,72,GK,,0,,2,70,68,68,77,64,63,"195cm | 6'5""",0,-,-,Viktoria Plzeň ,Czech Republic
Luboš Pecka,72,ST,,0,,3,72,72,62,66,58,66,"178cm | 5'10""",0,-,-,Mladá Boleslav,Czech Republic
Marek Matějovský,72,CM,,0,,5,68,73,72,70,60,54,"178cm | 5'10""",0,-,-,Reading,Czech Republic
Matej Krajčík,72,RB,,0,,3,69,59,64,62,72,60,"183cm | 6'0""",0,-,-,Slavia Praha,Slovakia
Georginio Wijnaldum,72,CAM,,0,,3,82,66,66,79,57,56,"174cm | 5'9""",0,-,-,Feyenoord,Netherlands
Rudolf Otepka,72,CAM,,0,,5,68,73,76,65,58,44,"173cm | 5'8""",0,-,-,Sigma Olomouc,Czech Republic
Antonio Rukavina,72,RWB,,0,,3,75,41,64,65,71,66,"177cm | 5'10""",0,-,-,TSV 1860 München,Serbia
Toni Kroos,72,CAM,,0,,5,69,72,77,77,51,54,"182cm | 6'0""",0,-,-,Bayer 04 Leverkusen,Germany
Kamel Fathi Ghilas,72,CF,,0,,3,73,69,64,76,47,52,"177cm | 5'10""",0,-,-,Hull City,Algeria
Hugo Eduardo dos Santos Morais,72,LM,,0,,3,73,67,73,69,61,60,"184cm | 6'0""",0,-,-,Leixões SC,Portugal
José Manuel Casado Bizcocho,72,LB,,0,,3,72,46,71,59,70,66,"173cm | 5'8""",0,-,-,Xerez C.D.,Spain
Davide Di Gennaro,72,CAM,,0,,4,80,63,69,75,60,64,"181cm | 5'11""",0,-,-,Milan,Italy
Fran Mérida,72,CAM,,0,,2,72,69,76,78,50,42,"175cm | 5'9""",0,-,-,Arsenal,Spain
Srdjan Baljak,72,ST,,0,,3,77,68,59,70,52,67,"179cm | 5'10""",0,-,-,1. FSV Mainz 05,Serbia
Slobodan Rajkovic,72,CB,,0,,3,67,33,37,45,77,72,"195cm | 6'5""",0,-,-,FC Twente,Serbia
Dirk Marcellis,72,CB,,0,,4,68,36,53,56,74,76,"180cm | 5'11""",0,-,-,PSV,Netherlands
Yohan Mollo,72,RW,,0,,4,80,65,72,70,55,56,"175cm | 5'9""",0,-,-,AS Monaco FC,France
Bruno,72,CM,,0,,3,69,63,72,69,71,62,"179cm | 5'10""",0,-,-,Villarreal C.F.,Spain
Jay Simpson,72,CF,,0,,2,85,66,45,72,53,67,"180cm | 5'11""",0,-,-,Queens Park Rangers,England
Giuseppe Bellusci,72,CB,,0,,2,75,45,50,50,72,70,"185cm | 6'1""",0,-,-,Catania,Italy
Nicky Kuiper,72,LB,,0,,2,74,48,62,62,71,62,"182cm | 6'0""",0,-,-,FC Twente,Netherlands
Andraž Kirm,72,LM,,0,,5,74,66,71,67,63,66,"183cm | 6'0""",0,-,-,Wisła Kraków,Slovenia
Sofiane Feghouli,72,CAM,,0,,4,75,63,70,75,62,60,"178cm | 5'10""",0,-,-,Grenoble Foot 38,France
Luiz Gustavo,72,CDM,,0,,3,73,48,73,76,75,72,"187cm | 6'2""",0,-,-,TSG 1899 Hoffenheim,Brazil
Mário Rui Correia Tomás,72,RW,,0,,3,84,64,64,76,50,52,"166cm | 5'5""",0,-,-,Naval 1° de Maio,Portugal
Alberto Paloschi,72,ST,,0,,3,82,69,46,74,52,59,"176cm | 5'9""",0,-,-,Parma,Italy
Vanderlei Farias da Silva,72,GK,,0,,2,70,68,68,75,29,71,"195cm | 6'5""",0,-,-,Coritiba,Brazil
Aubameyang,72,ST,,0,,3,83,64,56,71,45,72,"185cm | 6'1""",0,-,-,LOSC Lille Métropole,Gabon
Andrea Catellani,72,CF,,0,,4,76,69,68,75,54,48,"180cm | 5'11""",0,-,-,Modena,Italy
Néstor Calderón,72,LF,,0,,3,78,65,66,73,51,64,"173cm | 5'8""",0,-,-,Toluca,Mexico
Stefan Reinartz,72,CB,,0,,3,67,54,67,45,72,78,"189cm | 6'2""",0,-,-,Bayer 04 Leverkusen,Germany
Jordi Alba,72,LW,,0,,3,83,63,72,73,51,52,"165cm | 5'5""",0,-,-,Valencia C.F.,Spain
Susaeta,72,RM,,0,,3,79,70,74,78,48,60,"179cm | 5'10""",0,-,-,Athletic Club de Bilbao,Spain
Junior Hoilett,72,LF,,0,,4,85,62,58,74,47,63,"172cm | 5'8""",0,-,-,Blackburn Rovers,Canada
Elton Divino Célio,72,LM,,0,,2,78,63,66,72,67,60,"172cm | 5'8""",0,-,-,A. Florianópolis,Brazil
Jeffrén,72,RF,,0,,4,79,61,70,75,63,64,"176cm | 5'9""",0,-,-,F.C. Barcelona,Spain
James Wallace,72,CAM,,0,,3,73,61,72,68,67,62,"180cm | 5'11""",0,-,-,Everton,Republic of Ireland
Georg Niedermeier,72,CB,,0,,3,73,33,68,59,72,71,"189cm | 6'2""",0,-,-,VfB Stuttgart,Germany
Ismail Köybasi,72,LB,,0,,2,76,40,68,68,70,53,"177cm | 5'10""",0,-,-,Beşiktaş JK,Turkey
Eyong Tarkang Enoh,72,CDM,,0,,2,75,54,69,69,76,69,"173cm | 5'8""",0,-,-,Ajax,Cameroon
Yazalde Gomes Pinto,72,ST,,0,,3,84,62,56,72,56,74,"183cm | 6'0""",0,-,-,SC Braga,Portugal
Patric Cabral Lalau,72,RWB,,0,,3,80,51,64,66,69,56,"172cm | 5'8""",0,-,-,Cruzeiro,Brazil
Djalmir Vieira de Andrade,72,ST,,0,,3,72,69,60,68,54,70,"183cm | 6'0""",0,-,-,S.C. Olhanense,Brazil
Mauro Vila,72,ST,,0,,3,73,69,62,71,55,68,"168cm | 5'6""",0,-,-,Querétaro,Uruguay
Iván Pillud,72,RB,,0,,3,70,33,61,51,74,64,"177cm | 5'10""",0,-,-,R.C.D. Espanyol,Argentina
Diego Renan de Lima Ferreira,72,RWB,,0,,4,74,62,66,71,69,58,"172cm | 5'8""",0,-,-,Cruzeiro,Brazil
Stefano Russo,72,GK,,0,,2,69,68,74,75,30,69,"180cm | 5'11""",0,-,-,Parma,Italy
Tiago Pinto,72,LB,,0,,2,76,56,63,62,69,70,"177cm | 5'10""",0,-,-,SC Braga,Portugal
Alexander Zickler,71,ST,,0,,5,79,67,52,70,53,66,"188cm | 6'2""",0,-,-,FC Red Bull Salzburg,Germany
Thomas Zdebel,71,CDM,,0,,3,67,63,71,59,75,68,"178cm | 5'10""",0,-,-,Bayer 04 Leverkusen,Poland
Mathias Schober,71,GK,,0,,3,72,73,64,68,47,70,"191cm | 6'3""",0,-,-,FC Schalke 04,Germany
Jesper Grønkjær,71,LM,,0,,4,73,66,74,80,50,57,"187cm | 6'2""",0,-,-,FC København,Denmark
Giuseppe Favalli,71,CB,,0,,3,61,36,72,49,74,70,"181cm | 5'11""",0,-,-,Milan,Italy
Kewullay Conteh,71,CB,,0,,3,79,41,50,60,69,64,"185cm | 6'1""",0,-,-,Grosseto,Sierra Leone
David Jemmali,71,RWB,,0,,3,71,43,61,56,71,72,"186cm | 6'1""",0,-,-,Grenoble Foot 38,Tunisia
Tim de Cler,71,LWB,,0,,3,72,56,64,65,69,66,"183cm | 6'0""",0,-,-,Feyenoord,Netherlands
Dean Kiely,71,GK,,0,,2,70,71,68,65,57,72,"185cm | 6'1""",0,-,-,West Bromwich Albion,Republic of Ireland
Jean-Michel Lesage,71,ST,,0,,4,63,73,64,67,60,62,"176cm | 5'9""",0,-,-,Havre Athletic Club,France
Okan Buruk,71,RM,,0,,3,79,60,66,71,64,56,"169cm | 5'7""",0,-,-,İstanbul  BB,Turkey
Roberto Baronio,71,CDM,,0,,3,55,65,77,66,69,68,"180cm | 5'11""",0,-,-,Lazio,Italy
Emerson Ferreira da Rosa,71,CDM,,0,,3,63,55,74,67,76,74,"184cm | 6'0""",0,-,-,Santos,Brazil
Damien Grégorini,71,GK,,0,,2,70,74,64,71,32,74,"194cm | 6'4""",0,-,-,A.S. Nancy Lorraine,France
Bart Goor,71,LM,,0,,2,67,69,70,64,66,60,"183cm | 6'0""",0,-,-,Germinal Beerschot,Belgium
Stein Huysegems,71,LF,,0,,3,76,67,59,71,59,62,"186cm | 6'1""",0,-,-,KRC Genk,Belgium
Roar Strand,71,RM,,0,,3,63,69,70,64,70,64,"179cm | 5'10""",0,-,-,Rosenborg BK,Norway
Árni Gautur Arason,71,GK,,0,,2,69,62,60,74,72,71,"187cm | 6'2""",0,-,-,Odd Grenland,Iceland
Stéphane Trévisan,71,GK,,0,,3,69,70,65,71,62,67,"182cm | 6'0""",0,-,-,En Avant de Guingamp,France
Olivier Monterrubio,71,LM,,0,,3,75,72,72,73,50,53,"170cm | 5'7""",0,-,-,FC Lorient Bretagne Sud,France
Simone Vergassola,71,CM,,0,,3,63,62,74,70,70,66,"174cm | 5'9""",0,-,-,Siena,Italy
Cristian Zenoni,71,RWB,,0,,3,84,66,69,68,62,69,"182cm | 6'0""",0,-,-,Bologna,Italy
Gregoor van Dijk,71,CDM,,0,,3,67,58,71,68,72,58,"179cm | 5'10""",0,-,-,FC Utrecht,Netherlands
Vincenzo Italiano,71,CM,,0,,3,72,67,67,62,69,64,"175cm | 5'9""",0,-,-,Padua,Italy
Santi Kolk,71,CF,,0,,3,80,68,52,67,56,64,"180cm | 5'11""",0,-,-,Vitesse,Netherlands
Braga,71,RW,,0,,4,75,64,70,74,59,60,"181cm | 5'11""",0,-,-,Leixões SC,Portugal
Eurípedes D. Adão Amoreirinha,71,CB,,0,,2,70,48,58,59,70,68,"183cm | 6'0""",0,-,-,Académica Coimbra,Portugal
Javier López Vallejo,71,GK,,0,,3,67,76,68,66,43,73,"185cm | 6'1""",0,-,-,Real Zaragoza,Spain
Thomas Myhre,71,GK,,0,,4,66,71,71,63,69,70,"193cm | 6'4""",0,-,-,Viking FK,Norway
Stefan Ishizaki,71,RM,,0,,4,73,71,68,72,58,54,"180cm | 5'11""",0,-,-,IF Elfsborg,Sweden
Andrew Dawson,71,CB,,0,,3,69,54,58,44,72,68,"175cm | 5'9""",0,-,-,Hull City,England
Marcel Maltritz,71,CB,,0,,4,63,47,53,44,74,82,"186cm | 6'1""",0,-,-,VfL Bochum,Germany
Nathan Ellington,71,ST,,0,,3,82,70,44,65,57,59,"178cm | 5'10""",0,-,-,Watford,England
Sascha Rösler,71,CF,,0,,4,66,69,65,68,65,67,"185cm | 6'1""",0,-,-,TSV 1860 München,Germany
Bruno Amaro de Sousa Barros,71,CM,,0,,3,66,70,69,62,67,56,"181cm | 5'11""",0,-,-,Académica Coimbra,Portugal
Antonio Carlos Dos Santos,71,LM,,0,,3,68,61,73,70,66,60,"187cm | 6'2""",0,-,-,Grasshopper-Club,Brazil
Peter van der Heyden,71,LB,,0,,4,71,53,63,56,70,70,"183cm | 6'0""",0,-,-,1. FSV Mainz 05,Belgium
Joe Cannon,71,GK,,0,,3,65,66,68,69,58,72,"188cm | 6'2""",0,-,-,San Jose Earthquakes,United States
Milenko Acimovic,71,CAM,,0,,4,62,72,73,76,58,58,"186cm | 6'1""",0,-,-,FK Austria Wien,Slovenia
Carlos Edwards,71,RW,,0,,4,75,68,60,75,52,44,"180cm | 5'11""",0,-,-,Ipswich Town,Trinidad &amp; Tobago
Dave Kitson,71,ST,,0,,4,70,71,55,66,58,72,"191cm | 6'3""",0,-,-,Stoke City,England
Cláudio Zelito F. Fernandes A.,71,LW,,0,,3,77,67,63,71,54,56,"169cm | 5'7""",0,-,-,Académica Coimbra,Cape Verde Islands
Martin Andresen,71,CDM,,0,,4,66,65,67,66,74,62,"180cm | 5'11""",0,-,-,Vålerenga Fotball,Norway
Martin Albrechtsen,71,CB,,0,2.0,4,73,47,52,52,70,72,"188cm | 6'2""",0,-,-,FC Midtjylland,Denmark
Fernando José Sales de los Cobos,71,RW,,0,,3,71,66,69,73,50,58,"171cm | 5'7""",0,-,-,Albacete Balompié,Spain
Ferrie Bodde,71,CM,,0,,3,63,70,73,63,67,59,"178cm | 5'10""",0,-,-,Swansea City,Netherlands
Romeo Castelen,71,RW,,0,,3,89,55,64,82,48,49,"170cm | 5'7""",0,-,-,Hamburger SV,Netherlands
Miroslav Karhan,71,CDM,,0,,3,66,56,74,66,74,71,"189cm | 6'2""",0,-,-,1. FSV Mainz 05,Slovakia
Peer Kluge,71,CDM,,0,,4,72,60,70,66,70,66,"179cm | 5'10""",0,-,-,1. FC Nürnberg,Germany
Davy Schollen,71,GK,,0,,4,67,67,73,70,60,65,"190cm | 6'3""",0,-,-,RSC Anderlecht,Belgium
Sean Davis,71,CDM,,0,,3,70,61,68,65,75,66,"178cm | 5'10""",0,-,-,Bolton Wanderers,England
Ian Murray,71,CB,,0,,3,60,37,70,62,73,72,"183cm | 6'0""",0,-,-,Hibernian,Scotland
DaMarcus Beasley,71,LM,,0,,4,81,65,66,70,59,49,"173cm | 5'8""",0,-,-,Rangers,United States
Lionel Mathis,71,CM,,0,,3,68,65,70,65,69,56,"174cm | 5'9""",0,-,-,En Avant de Guingamp,France
Steve von Bergen,71,CB,,0,,3,68,38,44,51,73,74,"181cm | 5'11""",0,-,-,Hertha BSC,Switzerland
Jan Gunnar Solli,71,RM,,0,,3,79,64,64,63,70,66,"183cm | 6'0""",0,-,-,SK Brann,Norway
Igor Gabilondo del Campo,71,LM,,0,,3,74,68,70,72,58,72,"185cm | 6'1""",0,-,-,Athletic Club de Bilbao,Spain
Christian Kalvenes,71,LB,,0,,4,68,40,56,28,75,69,"180cm | 5'11""",0,-,-,Burnley,Norway
Jérôme Alonzo,71,GK,,0,,2,75,58,61,77,54,69,"186cm | 6'1""",0,-,-,FC Nantes,France
Ragnvald Soma,71,CB,,0,,3,74,55,55,50,70,72,"189cm | 6'2""",0,-,-,SK Rapid Wien,Norway
Michael Silberbauer,71,RM,,0,,3,72,69,72,70,58,60,"183cm | 6'0""",0,-,-,FC Utrecht,Denmark
Roberto Guana,71,CDM,,0,,3,76,54,69,67,74,66,"178cm | 5'10""",0,-,-,Bologna,Italy
Alexander Farnerud,71,CAM,,0,,3,80,70,59,81,59,72,"181cm | 5'11""",0,-,-,Brøndby IF,Sweden
Søren Larsen,71,ST,,0,,2,70,67,61,67,68,76,"194cm | 6'4""",0,-,-,MSV Duisburg,Denmark
Eddie Johnson,71,ST,,0,,4,89,60,57,67,53,70,"183cm | 6'0""",0,-,-,Fulham,United States
Hanno Balitsch,71,CDM,,0,,4,66,59,72,61,77,70,"183cm | 6'0""",0,-,-,Hannover 96,Germany
Garry O'Connor,71,ST,,0,,3,71,68,50,69,60,82,"186cm | 6'1""",0,-,-,Birmingham City,Scotland
Andrea Caracciolo,71,ST,,0,,3,73,67,52,68,64,82,"194cm | 6'4""",0,-,-,Brescia,Italy
Olivier Deschacht,71,LB,,0,,2,71,39,58,52,71,68,"185cm | 6'1""",0,-,-,RSC Anderlecht,Belgium
Valéry Mézague,71,CM,,0,,4,72,65,73,67,62,74,"183cm | 6'0""",0,-,-,Vannes OC,Cameroon
Habib Bamogo,71,ST,,0,,3,76,71,49,64,61,69,"176cm | 5'9""",0,-,-,OGC Nice,France
Alain Nef,71,RB,,0,,3,71,38,57,54,72,70,"190cm | 6'3""",0,-,-,Triestina,Switzerland
Steven Pienaar,71,LW,,0,,4,80,60,69,83,51,49,"176cm | 5'9""",0,-,-,Everton,South Africa
George McCartney,71,LB,,0,,2,71,38,63,60,71,69,"183cm | 6'0""",0,-,-,Sunderland,Northern Ireland
Laurent Courtois,71,LM,,0,,3,69,68,69,70,64,59,"175cm | 5'9""",0,-,-,Grenoble Foot 38,France
Nicolas Seube,71,LB,,0,,3,69,43,72,60,70,69,"180cm | 5'11""",0,-,-,Stade Malherbe Caen,France
David De Freitas,71,CM,,0,,3,67,64,71,69,66,59,"180cm | 5'11""",0,-,-,FC Nantes,France
Michael Thurk,71,ST,,0,,4,76,68,60,67,60,64,"177cm | 5'10""",0,-,-,FC Augsburg,Germany
Morten M. Skjønsberg,71,CB,,0,,3,67,45,60,44,72,72,"181cm | 5'11""",0,-,-,Stabæk Fotball,Norway
Dennis Gentenaar,71,GK,,0,,3,68,70,64,68,62,72,"180cm | 5'11""",0,-,-,VVV-Venlo,Netherlands
Keith Andrews,71,CDM,,0,,3,68,65,70,61,72,66,"183cm | 6'0""",0,-,-,Blackburn Rovers,Republic of Ireland
Hjalte Bo Nørregaard,71,CM,,0,,3,65,63,72,63,73,62,"182cm | 6'0""",0,-,-,FC København,Denmark
Darren Carter,71,CM,,0,,3,73,64,65,69,70,72,"188cm | 6'2""",0,-,-,Preston North End,England
Don Cowie,71,CM,,0,,3,65,67,70,73,68,34,"178cm | 5'10""",0,-,-,Watford,Scotland
David Murphy,71,LB,,0,,3,79,43,67,55,67,68,"183cm | 6'0""",0,-,-,Birmingham City,England
Alain Rochat,71,LB,,0,,3,73,38,62,56,70,73,"182cm | 6'0""",0,-,-,FC Zürich,Switzerland
Javier Camuñas Gallego,71,CAM,,0,,3,73,69,66,80,57,66,"173cm | 5'8""",0,-,-,Club Atlético Osasuna,Spain
Jesús Mendoza Aguirre,71,LB,,0,,5,75,45,64,59,70,56,"168cm | 5'6""",0,-,-,Xerez C.D.,Spain
Uwe Möhrle,71,CB,,0,,3,71,56,61,51,69,75,"188cm | 6'2""",0,-,-,FC Augsburg,Germany
Matthew Murray,71,GK,,0,,3,74,66,66,75,50,64,"193cm | 6'4""",0,-,-,Wolverhampton Wanderers,England
Michael Tonge,71,CM,,0,,5,70,67,71,71,62,52,"183cm | 6'0""",0,-,-,Stoke City,England
Sergiu Marian Radu,71,ST,,0,,3,78,68,54,63,54,68,"182cm | 6'0""",0,-,-,Energie Cottbus,Romania
Efstathios Tavlaridis,71,CB,,0,,3,63,42,48,51,75,74,"186cm | 6'1""",0,-,-,A.S. Saint-Etienne,Greece
David Healy,71,ST,,0,,3,69,76,52,61,55,65,"176cm | 5'9""",0,-,-,Sunderland,Northern Ireland
Dickson Etuhu,71,CDM,,0,,3,75,56,64,64,81,82,"188cm | 6'2""",0,-,-,Fulham,Nigeria
Daniel Haas,71,GK,,0,,3,72,71,58,78,45,68,"188cm | 6'2""",0,-,-,TSG 1899 Hoffenheim,Germany
Andreas Görlitz,71,RWB,,0,,3,67,50,70,68,70,64,"179cm | 5'10""",0,-,-,Bayern München,Germany
Graham Alexander,71,CM,,0,,3,64,61,73,58,75,72,"180cm | 5'11""",0,-,-,Burnley,Scotland
Mauro Minelli,71,CB,,0,,2,70,50,47,48,72,72,"186cm | 6'1""",0,-,-,Sassuolo,Italy
Ivica Grlić,71,CDM,,0,,4,61,69,68,71,73,56,"187cm | 6'2""",0,-,-,MSV Duisburg,Bosnia Herzegovina
Seol Ki-Hyeon,71,RM,,0,,4,69,71,68,77,59,70,"187cm | 6'2""",0,-,-,Fulham,Korea Republic
Sebastiano Siviglia,71,CB,,0,,3,64,40,57,48,74,72,"182cm | 6'0""",0,-,-,Lazio,Italy
Jürgen Säumel,71,CDM,,0,,3,69,64,67,67,74,64,"180cm | 5'11""",0,-,-,F. Torino,Austria
Marco Malagó,71,RB,,0,,3,73,44,66,53,69,68,"184cm | 6'0""",0,-,-,Chievo Verona,Italy
Alessandro Grandoni,71,CB,,0,,3,67,45,58,45,72,70,"180cm | 5'11""",0,-,-,Gallipoli,Italy
Zoran Tošić,71,LM,,0,,3,78,73,72,78,42,58,"171cm | 5'7""",0,-,-,Manchester United,Serbia
François-Joseph Modesto,71,CB,,0,,2,65,28,62,37,76,69,"183cm | 6'0""",0,-,-,AS Monaco FC,France
Cyrille Merville,71,GK,,0,,3,69,70,68,68,46,70,"179cm | 5'10""",0,-,-,AC Arles Avignon,France
Tom Starke,71,GK,,0,,3,73,72,57,74,52,68,"194cm | 6'4""",0,-,-,MSV Duisburg,Germany
Collin Benjamin,71,RWB,,0,,4,72,57,71,71,67,66,"182cm | 6'0""",0,-,-,Hamburger SV,Namibia
Marco Streller,71,ST,,0,,3,71,67,54,67,56,82,"197cm | 6'6""",0,-,-,FC Basel 1893,Switzerland
Manasseh Ishiaku,71,ST,,0,,3,74,67,53,70,58,74,"184cm | 6'0""",0,-,-,1. FC Köln,Nigeria
Mark Wilson,71,RB,,0,,3,72,26,67,64,70,67,"178cm | 5'10""",0,-,-,Celtic,Scotland
Juan Manuel Gómez Sánchez,71,RM,,0,,2,75,67,68,73,60,64,"176cm | 5'9""",0,-,-,Real Betis Balompié,Spain
Albert Crusat Domene,71,LW,,0,,2,91,60,57,77,53,48,"165cm | 5'5""",0,-,-,U.D. Almería,Spain
Jofre Mateu González,71,LW,,0,,3,74,64,69,71,49,62,"171cm | 5'7""",0,-,-,Rayo Vallecano,Spain
Carlos Sánchez García,71,GK,,0,,3,67,72,69,69,45,70,"183cm | 6'0""",0,-,-,C.D. Castellón,Spain
Mikel Labaka Zuariarrain,71,CB,,0,,3,63,52,59,53,72,70,"185cm | 6'1""",0,-,-,Real Sociedad,Spain
Cristóbal Emilio Torres Ruiz,71,RB,,0,,3,72,59,69,60,69,52,"180cm | 5'11""",0,-,-,Club Gimnàstic,Spain
Alexandre Alphonse,71,ST,,0,,4,75,68,58,75,50,52,"174cm | 5'9""",0,-,-,FC Zürich,France
Zsólt Löw,71,LWB,,0,,3,72,52,64,68,69,56,"181cm | 5'11""",0,-,-,1. FSV Mainz 05,Hungary
José Moratón Taeño,71,CB,,0,,3,60,40,53,57,74,74,"186cm | 6'1""",0,-,-,Real Racing Club,Spain
Ricardo Pérez de Zabalza,71,CM,,0,,3,65,66,69,64,71,72,"187cm | 6'2""",0,-,-,C.D. Tenerife,Spain
Luis García Conde,71,GK,,0,,3,68,71,63,71,56,72,"185cm | 6'1""",0,-,-,C.D. Tenerife,Spain
Diego Camacho Quesada,71,CDM,,0,,3,65,64,71,63,75,74,"186cm | 6'1""",0,-,-,Real Sporting de Gijón,Spain
Antonino Bernardini,71,CM,,0,,3,70,63,70,75,66,66,"174cm | 5'9""",0,-,-,Vicenza,Italy
Pablo Amo Aguado,71,CB,,0,,3,64,50,58,54,72,74,"186cm | 6'1""",0,-,-,Real Zaragoza,Spain
Iñaki Descarga Retegui,71,RB,,0,,3,69,43,65,54,71,63,"174cm | 5'9""",0,-,-,Real Unión Club Irún,Spain
Mario Eggimann,71,CB,,0,,3,66,39,48,45,74,78,"189cm | 6'2""",0,-,-,Hannover 96,Switzerland
Pedro Vega Rodríguez,71,LW,,0,,2,75,72,68,66,50,44,"168cm | 5'6""",0,-,-,U.D. Las Palmas,Spain
Olivier Sorin,71,GK,,0,,3,68,75,69,64,40,73,"188cm | 6'2""",0,-,-,AJ Auxerre,France
Nikolče Noveski,71,CB,,0,,3,55,52,60,49,75,78,"190cm | 6'3""",0,-,-,1. FSV Mainz 05,FYR Macedonia
Christophe Revault,71,GK,,0,,3,70,68,65,74,51,66,"186cm | 6'1""",0,-,-,Havre Athletic Club,France
Eric Hassli,71,ST,,0,,4,64,71,61,65,63,72,"193cm | 6'4""",0,-,-,FC Zürich,France
Nassim Akrour,71,ST,,0,,4,68,69,59,66,57,80,"181cm | 5'11""",0,-,-,Grenoble Foot 38,Algeria
Alexander Walke,71,GK,,0,,3,68,66,67,73,56,69,"188cm | 6'2""",0,-,-,Hansa Rostock,Germany
Mikkel Thygesen,71,RM,,0,,4,76,67,69,69,60,53,"184cm | 6'0""",0,-,-,FC Midtjylland,Denmark
Burak Yilmaz,71,RW,,0,,3,73,64,69,70,62,68,"188cm | 6'2""",0,-,-,Eskişehirspor,Turkey
Ömer Erdoğan,71,CB,,0,,2,69,22,52,45,74,78,"191cm | 6'3""",0,-,-,Bursaspor,Turkey
Juan Alberto Andreu Alvarado,71,CB,,0,,3,59,42,58,59,75,73,"181cm | 5'11""",0,-,-,Real Betis Balompié,Spain
Luiz Alberto da Silva Oliveira,71,CB,,0,,2,69,49,31,34,75,76,"186cm | 6'1""",0,-,-,Flu. Rio de Janeiro,Brazil
Pablo García,71,CDM,,0,,3,69,52,69,62,83,70,"186cm | 6'1""",0,-,-,PAOK,Uruguay
Rubén Martín Pulido,71,CB,,0,,3,60,44,55,55,75,73,"187cm | 6'2""",0,-,-,Real Zaragoza,Spain
Stefan Reisinger,71,ST,,0,,3,82,65,53,68,57,70,"185cm | 6'1""",0,-,-,SC Freiburg,Germany
Paulo César Arruda Parente,71,RWB,,0,,4,70,67,75,68,67,60,"176cm | 5'9""",0,-,-,Flu. Rio de Janeiro,Brazil
Mirko Savini,71,CB,,0,,3,69,44,67,57,70,70,"182cm | 6'0""",0,-,-,PAOK,Italy
Éric Mouloungui,71,LF,,0,,3,79,64,57,68,51,76,"186cm | 6'1""",0,-,-,OGC Nice,Gabon
Matteo Paro,71,CM,,0,,4,71,61,71,67,69,60,"179cm | 5'10""",0,-,-,Bari,Italy
Erminio Rullo,71,LWB,,0,,2,82,59,58,62,66,64,"179cm | 5'10""",0,-,-,Napoli,Italy
Rocco Sabato,71,LB,,0,,3,76,64,61,54,68,65,"184cm | 6'0""",0,-,-,Triestina,Italy
Chris Iwelumo,71,ST,,0,,3,65,70,50,70,62,75,"191cm | 6'3""",0,-,-,Wolverhampton Wanderers,Scotland
Boy Waterman,71,GK,,0,,3,71,64,70,73,60,60,"188cm | 6'2""",0,-,-,ADO Den Haag,Netherlands
Alexander Bugera,71,LWB,,0,,2,75,65,64,65,66,66,"180cm | 5'11""",0,-,-,1. FC Kaiserslautern,Germany
Florian Dick,71,RWB,,0,,4,74,62,62,61,68,68,"184cm | 6'0""",0,-,-,1. FC Kaiserslautern,Germany
Jürgen Romano Colin,71,RB,,0,,2,77,41,46,60,70,64,"183cm | 6'0""",0,-,-,RKC Waalwijk,Netherlands
Alessandro Parisi,71,LWB,,0,,3,70,59,65,64,69,66,"184cm | 6'0""",0,-,-,Bari,Italy
Kevin Stuhr-Ellegaard,71,GK,,0,,2,56,78,71,74,50,68,"196cm | 6'5""",0,-,-,Randers FC,Denmark
Chris Baird,71,RB,,0,,3,69,39,56,59,72,75,"179cm | 5'10""",0,-,-,Fulham,Northern Ireland
Roman Hubník,71,CB,,0,,3,65,54,59,48,72,68,"190cm | 6'3""",0,-,-,Sparta Praha,Czech Republic
Jaroslav Černý,71,LM,,0,,2,72,70,74,64,56,46,"177cm | 5'10""",0,-,-,Slavia Praha,Czech Republic
Emerse Faé,71,CDM,,0,,3,77,58,66,59,78,72,"174cm | 5'9""",0,-,-,OGC Nice,Ivory Coast
Germán Lux,71,GK,,0,,2,77,64,60,73,29,72,"186cm | 6'1""",0,-,-,R.C.D. Mallorca,Argentina
Tomas Danilevicius,71,ST,,0,,3,67,71,51,64,65,78,"190cm | 6'3""",0,-,-,Livorno,Lithuania
Claudio Grauso,71,CM,,0,,3,70,59,72,61,71,74,"172cm | 5'8""",0,-,-,Mantova,Italy
Álvaro Ortíz,71,SW,,0,,4,67,68,63,63,70,60,"168cm | 5'6""",0,-,-,Puebla,Mexico
Israel Castro,71,CDM,,0,,3,73,59,73,49,75,54,"176cm | 5'9""",0,-,-,U.N.A.M.,Mexico
Ismael Íñiguez,71,RF,,0,,3,74,66,66,69,56,64,"168cm | 5'6""",0,-,-,U.N.A.M.,Mexico
Paulo Assunção da Silva,71,CDM,,0,,3,71,49,67,70,82,70,"175cm | 5'9""",0,-,-,Atlético de Madrid,Brazil
Glenn Loovens,71,CB,,0,,3,68,17,40,58,74,82,"187cm | 6'2""",0,-,-,Celtic,Netherlands
Felipe Baloy,71,CB,,0,,3,67,40,36,58,74,74,"185cm | 6'1""",0,-,-,Monterrey,Panama
Óscar Pérez,71,GK,,0,,3,72,70,66,74,22,70,"172cm | 5'8""",0,-,-,Jaguares de Chiapas,Mexico
Juan Pablo Rodríguez,71,CM,,0,,3,63,74,73,71,59,54,"168cm | 5'6""",0,-,-,Santos Laguna,Mexico
Du-Ri Cha,71,RWB,,0,,3,81,55,62,68,65,66,"181cm | 5'11""",0,-,-,SC Freiburg,Korea Republic
Marcio Ivanildo da Silva,71,CAM,,0,,3,78,70,67,76,55,58,"174cm | 5'9""",0,-,-,CS Marítimo,Brazil
Ragnar Klavan,71,CB,,0,,3,70,42,68,64,69,71,"186cm | 6'1""",0,-,-,AZ Alkmaar,Estonia
Roland Juhász,71,CB,,0,,2,58,50,58,54,75,73,"194cm | 6'4""",0,-,-,RSC Anderlecht,Hungary
Sinan Kaloğlu,71,ST,,0,,3,74,67,54,70,55,74,"187cm | 6'2""",0,-,-,Vitesse,Turkey
Nelson Pablo Benítez,71,LB,,0,,3,76,50,68,60,68,66,"176cm | 5'9""",0,-,-,Leixões SC,Argentina
Martín Andrés Romagnoli,71,CDM,,0,,4,70,61,68,66,75,68,"170cm | 5'7""",0,-,-,Toluca,Argentina
Andrés David Madrid,71,CM,,0,,4,71,62,69,71,70,66,"182cm | 6'0""",0,-,-,SC Braga,Argentina
Juan Eduardo Eluchans,71,CM,,0,,3,69,68,77,65,54,60,"178cm | 5'10""",0,-,-,Stade Malherbe Caen,Argentina
Ceyhun Eriş,71,CAM,,0,,3,69,69,71,79,57,57,"183cm | 6'0""",0,-,-,MKE Ankaragücü,Turkey
Yassin Mikari,71,LWB,,0,,3,76,54,69,67,67,58,"172cm | 5'8""",0,-,-,FC Sochaux-Montbéliard,Tunisia
Serdar Özkan,71,RM,,0,,2,78,60,73,81,54,55,"177cm | 5'10""",0,-,-,Beşiktaş JK,Turkey
İbrahim Üzülmez,71,LWB,,0,,2,68,54,65,64,72,36,"175cm | 5'9""",0,-,-,Beşiktaş JK,Turkey
Ersen Martin,71,ST,,0,,3,68,66,60,71,57,82,"196cm | 6'5""",0,-,-,Sivasspor,Turkey
Jon Inge Høiland,71,RB,,0,,3,71,56,59,62,69,61,"187cm | 6'2""",0,-,-,Stabæk Fotball,Norway
Pablo Alvarez Núñez,71,RM,,0,,3,75,62,73,75,58,59,"174cm | 5'9""",0,-,-,R.C. Deportivo,Spain
Pedro Sta. Cecilia García,71,LM,,0,,4,70,61,72,70,64,63,"180cm | 5'11""",0,-,-,Real Sporting de Gijón,Spain
Jonathan Valle Trueba,71,CF,,0,,4,73,65,60,75,53,60,"170cm | 5'7""",0,-,-,C.D. Castellón,Spain
Jordi López,71,CDM,,0,,4,69,55,73,68,70,64,"182cm | 6'0""",0,-,-,Swansea City,Spain
Javier Paredes Arango,71,LB,,0,,3,76,42,56,58,70,63,"175cm | 5'9""",0,-,-,Real Zaragoza,Spain
Júlio César da Silva Sousa,71,ST,,0,,3,71,69,58,72,57,58,"177cm | 5'10""",0,-,-,Gaziantepspor,Brazil
Szabolcs Sáfár,71,GK,,0,,3,68,77,57,67,46,79,"189cm | 6'2""",0,-,-,FK Austria Wien,Hungary
Antonio Malta Camilo,71,CB,,0,,3,71,52,62,55,70,62,"183cm | 6'0""",0,-,-,Le Mans Union Club 72,Brazil
Samir Muratović,71,CAM,,0,,4,66,69,75,67,58,66,"185cm | 6'1""",0,-,-,SK Sturm Graz,Bosnia Herzegovina
George Ogararu,71,RWB,,0,,3,68,56,65,69,70,58,"178cm | 5'10""",0,-,-,Ajax,Romania
Marcin Wasilewski,71,RB,,0,,3,60,51,58,40,75,70,"186cm | 6'1""",0,-,-,RSC Anderlecht,Poland
Brian Vandenbussche,71,GK,,0,,1,70,63,69,72,58,68,"196cm | 6'5""",0,-,-,sc Heerenveen,Belgium
Massimo Loviso,71,CM,,0,,3,75,57,72,67,68,58,"177cm | 5'10""",0,-,-,F. Torino,Italy
Alfonso De Lucia,71,GK,,0,,1,71,65,64,74,46,68,"186cm | 6'1""",0,-,-,Livorno,Italy
Sam Ricketts,71,RB,,0,,4,70,46,66,60,70,70,"185cm | 6'1""",0,-,-,Bolton Wanderers,Wales
Johan Absalonsen,71,LW,,0,,4,81,67,67,71,45,44,"178cm | 5'10""",0,-,-,Odense Boldklub,Denmark
Ramazan Özcan,71,GK,,0,,2,70,66,63,75,58,69,"186cm | 6'1""",0,-,-,TSG 1899 Hoffenheim,Austria
Rodrigo Oliveira da Silva Alvim,71,LWB,,0,,3,72,45,66,64,70,66,"182cm | 6'0""",0,-,-,VfL Wolfsburg,Brazil
Edcarlos Conceição Santos,71,CB,,0,,2,74,43,47,44,71,77,"185cm | 6'1""",0,-,-,Flu. Rio de Janeiro,Brazil
Chad Marshall,71,CB,,0,,4,66,54,53,45,72,82,"191cm | 6'3""",0,-,-,Columbus Crew,United States
Hernán Darío Pellerano,71,CB,,0,,3,68,34,56,52,73,74,"183cm | 6'0""",0,-,-,U.D. Almería,Argentina
Àngel Rangel,71,RB,,0,,3,65,49,70,63,70,75,"188cm | 6'2""",0,-,-,Swansea City,Spain
Chung-Yong Lee,71,RW,,0,,3,83,62,72,69,57,52,"178cm | 5'10""",0,-,-,Bolton Wanderers,Korea Republic
Christian Gratzei,71,GK,,0,,3,69,66,65,73,61,69,"185cm | 6'1""",0,-,-,SK Sturm Graz,Austria
Ion Ansotegi Gorostola,71,CB,,0,,3,61,53,60,58,73,72,"192cm | 6'4""",0,-,-,Real Sociedad,Spain
Charlie Adam,71,CAM,,0,,3,61,72,74,67,61,56,"185cm | 6'1""",0,-,-,Blackpool,Scotland
Antonio Tomás González,71,CM,,0,,4,77,64,68,66,65,64,"178cm | 5'10""",0,-,-,R.C. Deportivo,Spain
Kasper Bøgelund,71,RB,,0,,3,74,48,62,50,69,71,"180cm | 5'11""",0,-,-,Aalborg BK,Denmark
Karim Haggui,71,CB,,0,,3,67,37,54,44,73,72,"190cm | 6'3""",0,-,-,Hannover 96,Tunisia
Alejandro Lago,71,CB,,0,,3,70,44,54,62,70,77,"187cm | 6'2""",0,-,-,Rosenborg BK,Uruguay
Tom De Mul,71,RW,,0,,4,78,62,69,76,46,56,"178cm | 5'10""",0,-,-,Sevilla F.C.,Belgium
Daniel de Ridder,71,RM,,0,,3,74,67,74,74,52,60,"180cm | 5'11""",0,-,-,Wigan Athletic,Netherlands
Alexandre Song,71,CDM,,0,,3,74,48,67,69,83,76,"182cm | 6'0""",0,-,-,Arsenal,Cameroon
Nico Pulzetti,71,CM,,0,,3,71,52,74,68,73,62,"176cm | 5'9""",0,-,-,Livorno,Italy
Salvador Sevilla López,71,CAM,,0,,3,72,70,70,69,60,72,"178cm | 5'10""",0,-,-,U.D. Salamanca,Spain
Steve Gohouri,71,CB,,0,,3,70,47,45,43,72,74,"188cm | 6'2""",0,-,-,Borussia M'gladbach,Ivory Coast
Jan Wuytens,71,CB,,0,,2,69,53,58,56,70,68,"189cm | 6'2""",0,-,-,FC Utrecht,Belgium
Adaílton José dos Santos Filho,71,CB,,0,,2,70,47,53,49,71,75,"190cm | 6'3""",0,-,-,Santos,Brazil
Oribe Peralta,71,ST,,0,,3,72,67,66,69,60,68,"178cm | 5'10""",0,-,-,Jaguares de Chiapas,Mexico
Philipp Tschauner,71,GK,,0,,3,71,69,61,71,68,66,"196cm | 6'5""",0,-,-,TSV 1860 München,Germany
Florian Stahel,71,RB,,0,,3,76,51,52,56,70,66,"185cm | 6'1""",0,-,-,FC Zürich,Switzerland
Pascal Bieler,71,LWB,,0,,3,74,49,60,58,69,65,"181cm | 5'11""",0,-,-,1. FC Nürnberg,Germany
Lucas Biglia,71,CM,,0,,4,59,63,74,78,69,54,"179cm | 5'10""",0,-,-,RSC Anderlecht,Argentina
Gianni Munari,71,CM,,0,,3,70,66,65,74,70,63,"190cm | 6'3""",0,-,-,Lecce,Italy
Stéphane Noro,71,CM,,0,,3,63,74,68,64,68,54,"173cm | 5'8""",0,-,-,Havre Athletic Club,France
Agostino Garofalo,71,LB,,0,,2,75,53,69,67,68,64,"178cm | 5'10""",0,-,-,Siena,Italy
Adnan Custović,71,RF,,0,,4,63,74,63,64,60,65,"185cm | 6'1""",0,-,-,KAA Gent,Bosnia Herzegovina
Paul Robinson,71,LB,,0,,3,65,47,66,53,73,67,"175cm | 5'9""",0,-,-,Bolton Wanderers,England
Marco Zambelli,71,RB,,0,,3,75,52,66,63,68,57,"180cm | 5'11""",0,-,-,Brescia,Italy
Damiá Abellá Pérez,71,RWB,,0,,3,77,60,69,69,66,60,"188cm | 6'2""",0,-,-,Real Betis Balompié,Spain
Alejandro Argüello,71,CDM,,0,,3,74,62,68,66,70,61,"172cm | 5'8""",0,-,-,Jaguares de Chiapas,Mexico
Víctor Hugo Montaño,71,ST,,0,,3,74,67,56,69,54,65,"177cm | 5'10""",0,-,-,Montpellier Hérault Sport Club,Colombia
José Rivas,71,CB,,0,,3,70,49,56,53,70,72,"187cm | 6'2""",0,-,-,Tigres U.A.N.L.,Mexico
Mattia Notari,71,CB,,0,,3,61,52,50,55,74,78,"190cm | 6'3""",0,-,-,Mantova,Italy
Bruno Herrero Arias,71,CM,,0,,3,69,70,71,64,60,62,"176cm | 5'9""",0,-,-,Real Murcia,Spain
Oluwafemi Ajilore,71,CDM,,0,,4,75,62,65,68,71,76,"182cm | 6'0""",0,-,-,FC Groningen,Nigeria
Stijn De Smet,71,CF,,0,,4,69,66,68,74,49,60,"183cm | 6'0""",0,-,-,KAA Gent,Belgium
Esteban Solari,71,ST,,0,,3,64,67,61,72,58,74,"187cm | 6'2""",0,-,-,U.D. Almería,Argentina
Karim El Ahmadi,71,CM,,0,,3,71,61,68,72,70,60,"178cm | 5'10""",0,-,-,Feyenoord,Morocco
Uğur Uçar,71,RWB,,0,,2,74,41,66,65,69,64,"180cm | 5'11""",0,-,-,Galatasaray SK,Turkey
Jonathan Spector,71,RB,,0,,4,68,46,63,64,70,74,"181cm | 5'11""",0,-,-,West Ham United,United States
David Yelldell,71,GK,,0,,3,73,65,60,72,61,68,"194cm | 6'4""",0,-,-,TuS Koblenz,United States
Ferne Snoyl,71,LB,,0,,3,74,48,64,63,69,60,"177cm | 5'10""",0,-,-,NAC Breda,Netherlands
Rovérsio Rodrigues de Barros,71,CB,,0,,3,70,48,54,57,71,76,"187cm | 6'2""",0,-,-,Club Atlético Osasuna,Brazil
Geoffrey Jourdren,71,GK,,0,,3,73,62,68,73,28,71,"181cm | 5'11""",0,-,-,Montpellier Hérault Sport Club,France
Therry Racon,71,CDM,,0,,4,76,65,66,70,67,66,"178cm | 5'10""",0,-,-,Charlton Athletic,France
Carlos Alberto de Oliveira Júnior,71,CDM,,0,,3,79,61,64,69,70,58,"170cm | 5'7""",0,-,-,Atlético Mineiro,Brazil
Heath Pearce,71,LWB,,0,,3,84,42,62,65,66,54,"180cm | 5'11""",0,-,-,FC Dallas,United States
Tiago João Targino da Silva,71,RW,,0,,4,82,63,66,70,61,62,"180cm | 5'11""",0,-,-,Vitória de Guimarães,Portugal
Mamadou Diallo,71,ST,,0,,2,74,64,56,69,55,78,"179cm | 5'10""",0,-,-,Havre Athletic Club,Mali
David Gigliotti,71,ST,,0,,3,73,70,48,65,49,71,"176cm | 5'9""",0,-,-,A.S. Saint-Etienne,France
Claudiu Keserü,71,ST,,0,,2,64,78,57,68,54,48,"178cm | 5'10""",0,-,-,FC Nantes,Romania
David Wheater,71,CB,,0,,4,63,44,46,33,75,81,"196cm | 6'5""",0,-,-,Middlesbrough,England
Axel Bellinghausen,71,LM,,0,,3,75,66,68,60,67,64,"178cm | 5'10""",0,-,-,FC Augsburg,Germany
Dušan Basta,71,RM,,0,,2,77,61,68,66,69,64,"184cm | 6'0""",0,-,-,Udinese,Serbia
Magnus Troest,71,CB,,0,,3,66,34,51,54,74,76,"189cm | 6'2""",0,-,-,R.C. Recreativo,Denmark
Siaka Tiéné,71,LM,,0,,3,71,62,71,74,61,60,"176cm | 5'9""",0,-,-,Valenciennes FC,Ivory Coast
Tarik Elyounoussi,71,ST,,0,,4,82,62,60,76,53,58,"176cm | 5'9""",0,-,-,sc Heerenveen,Norway
Rubin Rafael Okotie,71,ST,,0,,5,84,64,51,72,46,62,"188cm | 6'2""",0,-,-,FK Austria Wien,Austria
Jeppe Curth,71,CF,,0,,4,81,62,54,67,49,78,"178cm | 5'10""",0,-,-,Aalborg BK,Denmark
Danny Guthrie,71,CM,,0,,3,73,62,69,73,67,59,"175cm | 5'9""",0,-,-,Newcastle United,England
Danny Simpson,71,RB,,0,,3,82,37,64,55,68,69,"174cm | 5'9""",0,-,-,Newcastle United,England
Antoine Devaux,71,RM,,0,,3,66,67,71,70,65,64,"185cm | 6'1""",0,-,-,Toulouse FC,France
Marino Defendi,71,ST,,0,,3,80,64,67,73,50,53,"174cm | 5'9""",0,-,-,Lecce,Italy
Alejandro Cesar Alonso,71,RW,,0,,3,74,64,72,75,52,51,"170cm | 5'7""",0,-,-,AS Monaco FC,Argentina
Bruno França Fogaça,71,ST,,0,,3,64,72,65,65,51,66,"187cm | 6'2""",0,-,-,Rio Ave FC,Brazil
Daniel Fernández Artola,71,RWB,,0,,3,77,49,66,70,67,64,"175cm | 5'9""",0,-,-,Feyenoord,Spain
Pablo Granoche,71,ST,,0,,3,65,69,59,71,59,68,"183cm | 6'0""",0,-,-,Chievo Verona,Uruguay
Ibrahim Kaş,71,CB,,0,,2,74,36,38,44,73,68,"183cm | 6'0""",0,-,-,Beşiktaş JK,Turkey
Rafael López Gómez,71,CB,,0,,4,71,48,74,61,69,68,"183cm | 6'0""",0,-,-,Getafe C.F.,Spain
Juan Quero Barraso,71,RW,,0,,4,86,63,60,71,36,58,"160cm | 5'3""",0,-,-,Rayo Vallecano,Spain
Aythami Artiles,71,CB,,0,,4,63,40,64,49,74,71,"185cm | 6'1""",0,-,-,Xerez C.D.,Spain
Javier Flaño Bezunartea,71,RB,,0,,3,72,45,61,61,70,66,"177cm | 5'10""",0,-,-,C.D. Numancia,Spain
José Fonte,71,CB,,0,,3,70,39,54,51,71,74,"187cm | 6'2""",0,-,-,Crystal Palace,Portugal
Ákos Buzsáky,71,CAM,,0,,4,74,69,65,79,59,56,"180cm | 5'11""",0,-,-,Queens Park Rangers,Hungary
Daniel Estrada Agirrezabalaga,71,RM,,0,,3,76,68,64,69,64,60,"177cm | 5'10""",0,-,-,Real Sociedad,Spain
Manuel Fernandez Muñiz,71,GK,,0,,3,65,69,65,71,55,71,"182cm | 6'0""",0,-,-,R.C. Deportivo,Spain
Natalio Lorenzo Poquet,71,CF,,0,,4,71,68,66,74,50,53,"176cm | 5'9""",0,-,-,Real Murcia,Spain
Olberdam de Oliveira Serra,71,CM,,0,,3,74,64,64,65,73,68,"182cm | 6'0""",0,-,-,CS Marítimo,Brazil
Lino Marzoratti,71,CB,,0,,3,73,46,60,42,70,70,"181cm | 5'11""",0,-,-,Cagliari,Italy
Marco Andreolli,71,CB,,0,,3,66,46,49,48,74,72,"187cm | 6'2""",0,-,-,Roma,Italy
Keiren Westwood,71,GK,,0,,3,71,69,63,73,50,69,"188cm | 6'2""",0,-,-,Coventry City,Republic of Ireland
Fabio Ceravolo,71,CF,,0,,3,83,65,60,65,64,65,"180cm | 5'11""",0,-,-,Atalanta,Italy
Andrea Rossi,71,LWB,,0,,3,76,45,63,59,69,54,"182cm | 6'0""",0,-,-,Siena,Italy
Lukasz Piszczek,71,RM,,0,,2,74,61,68,69,68,60,"184cm | 6'0""",0,-,-,Hertha BSC,Poland
Adama Tamboura,71,LWB,,0,,3,73,58,70,66,67,65,"170cm | 5'7""",0,-,-,Helsingborgs IF,Mali
Christopher Katongo,71,ST,,0,,4,86,61,59,74,51,56,"169cm | 5'7""",0,-,-,Arminia Bielefeld,Zambia
Ayoze García Pérez,71,LW,,0,,4,83,65,64,70,53,48,"172cm | 5'8""",0,-,-,C.D. Tenerife,Spain
Javier Ángel Balboa Osa,71,RM,,0,,3,84,55,72,71,59,59,"182cm | 6'0""",0,-,-,Sport Lisboa Benfica,Equatorial Guinea
Constant Djakpa,71,LB,,0,,3,78,40,64,67,68,56,"177cm | 5'10""",0,-,-,Hannover 96,Ivory Coast
Kenny Steppe,71,GK,,0,,3,71,66,66,71,60,67,"182cm | 6'0""",0,-,-,sc Heerenveen,Belgium
Daniel Halfar,71,LF,,0,,3,81,62,68,75,48,50,"173cm | 5'8""",0,-,-,Arminia Bielefeld,Germany
Zlatan Ljubijankic,71,ST,,0,,4,74,66,61,67,62,69,"184cm | 6'0""",0,-,-,KAA Gent,Slovenia
Valter Birsa,71,ST,,0,,3,76,65,59,69,58,68,"184cm | 6'0""",0,-,-,AJ Auxerre,Slovenia
Adilson dos Santos,71,LB,,0,,3,70,53,70,66,69,68,"182cm | 6'0""",0,-,-,FC Seoul,Brazil
Garry Bocaly,71,RWB,,0,,3,74,56,68,41,70,60,"180cm | 5'11""",0,-,-,Olympique de Marseille,France
Vanderson da Silva Souza,71,ST,,0,,3,74,68,58,68,58,69,"178cm | 5'10""",0,-,-,S. Recife,Brazil
Libor Došek,71,ST,,0,,3,59,73,54,66,68,84,"199cm | 6'6""",0,-,-,Sparta Praha,Czech Republic
Mikael Lustig,71,RWB,,0,,3,74,52,66,59,69,67,"189cm | 6'2""",0,-,-,Rosenborg BK,Sweden
Patrick Ebert,71,RM,,0,,4,78,58,74,75,57,61,"176cm | 5'9""",0,-,-,Hertha BSC,Germany
Mauro Néstor Gerk,71,ST,,0,,3,69,70,63,67,61,68,"180cm | 5'11""",0,-,-,Querétaro,Argentina
Margarito González,71,CB,,0,,2,67,66,60,63,70,64,"182cm | 6'0""",0,-,-,Querétaro,Mexico
Oscar Razo,71,LB,,0,,2,72,57,66,64,69,59,"168cm | 5'6""",0,-,-,Jaguares de Chiapas,Mexico
Dario Knežević,71,CB,,0,,3,72,44,61,48,71,71,"184cm | 6'0""",0,-,-,Livorno,Croatia
Nabil Dirar,71,LW,,0,,4,76,64,67,77,56,51,"184cm | 6'0""",0,-,-,Club Brugge KV,Morocco
Ümit Korkmaz,71,LM,,0,,4,81,61,70,80,55,54,"175cm | 5'9""",0,-,-,Eintracht Frankfurt,Austria
Fabricio,71,GK,,0,,3,71,67,67,71,46,68,"180cm | 5'11""",0,-,-,Real Valladolid C.F.,Spain
Kévin Constant,71,CDM,,0,,4,59,64,77,72,66,60,"184cm | 6'0""",0,-,-,La Berrichonne de ChÂteauroux,Guinea
Abel Aguilar,71,CM,,0,,3,68,66,69,67,68,62,"185cm | 6'1""",0,-,-,Real Zaragoza,Colombia
Merouane Zemmama,71,CAM,,0,,4,85,67,69,81,44,41,"170cm | 5'7""",0,-,-,Hibernian,Morocco
Rorys Aragón,71,GK,,0,,1,72,60,61,75,66,68,"188cm | 6'2""",0,-,-,Diyarbakırspor,Ecuador
Nicolas Frey,71,CB,,0,,3,75,32,53,48,71,68,"184cm | 6'0""",0,-,-,Chievo Verona,France
Saidi Ntibazonkiza,71,RW,,0,,4,88,60,53,73,48,66,"170cm | 5'7""",0,-,-,N.E.C.,Burundi
Dejan Damjanovic,71,ST,,0,,4,72,67,61,67,61,72,"187cm | 6'2""",0,-,-,FC Seoul,Serbia
Kevin Schindler,71,CF,,0,,4,74,65,66,67,54,68,"191cm | 6'3""",0,-,-,FC Augsburg,Germany
Pavel Verbíř,71,RM,,0,,4,66,70,74,72,56,46,"176cm | 5'9""",0,-,-,FK Teplice,Czech Republic
Pavel Krmaš,71,CB,,0,,4,68,56,57,57,70,74,"193cm | 6'4""",0,-,-,SC Freiburg,Czech Republic
David Hubáček,71,LB,,0,,2,71,62,67,64,69,62,"174cm | 5'9""",0,-,-,Slavia Praha,Czech Republic
Marek Suchý,71,CB,,0,,3,71,54,58,63,70,70,"182cm | 6'0""",0,-,-,Slavia Praha,Czech Republic
Johann Carrasso,71,GK,,0,,2,70,67,66,74,29,71,"188cm | 6'2""",0,-,-,Montpellier Hérault Sport Club,France
David Stockdale,71,GK,,0,,3,73,62,71,71,49,64,"191cm | 6'3""",0,-,-,Fulham,England
Wolfgang Hesl,71,GK,,0,,2,72,63,71,71,54,64,"186cm | 6'1""",0,-,-,Hamburger SV,Germany
Nordin Amrabat,71,RW,,0,,4,79,65,61,79,58,47,"179cm | 5'10""",0,-,-,PSV,Netherlands
Mamadou Sakho,71,CB,,0,,3,73,35,58,45,72,74,"187cm | 6'2""",0,-,-,Paris Saint-Germain,France
Cheikh M'Bengue,71,LB,,0,,3,74,30,73,64,69,62,"183cm | 6'0""",0,-,-,Toulouse FC,France
Jack Rodwell,71,CDM,,0,,5,74,63,66,64,74,78,"188cm | 6'2""",0,-,-,Everton,England
Konstantinos Mitroglou,71,ST,,0,,3,72,70,60,63,58,72,"189cm | 6'2""",0,-,-,Olympiakos CFP,Greece
Castro,71,CM,,0,,3,79,57,65,70,70,50,"181cm | 5'11""",0,-,-,S.C. Olhanense,Portugal
Jonathan Biabiany,71,RW,,0,,3,87,59,67,76,58,50,"175cm | 5'9""",0,-,-,Parma,France
Sylvain Rabret,71,GK,,0,,3,70,75,65,72,46,67,"187cm | 6'2""",0,-,-,KV Mechelen,Belgium
Felipe Aliste Lopes,71,CB,,0,,3,70,30,60,61,72,73,"189cm | 6'2""",0,-,-,CD Nacional,Brazil
Guilherme Oliveira Santos,71,LWB,,0,,3,82,53,63,72,66,60,"173cm | 5'8""",0,-,-,U.D. Almería,Brazil
José Callejón,71,CF,,0,,2,77,71,44,66,45,62,"178cm | 5'10""",0,-,-,R.C.D. Espanyol,Spain
Enrique Sola Clemente,71,ST,,0,,3,73,68,61,67,51,69,"184cm | 6'0""",0,-,-,C.D. Numancia,Spain
Vasco Fernandes,71,RB,,0,,3,74,47,60,65,68,68,"181cm | 5'11""",0,-,-,R.C. Celta,Portugal
Diego Ângelo,71,CB,,0,,2,65,53,49,41,73,76,"192cm | 6'4""",0,-,-,Naval 1° de Maio,Brazil
Štefan Senecký,71,GK,,0,,2,78,71,56,74,41,69,"186cm | 6'1""",0,-,-,Ankaraspor,Slovakia
Christian Träsch,71,RB,,0,,3,69,49,63,59,71,70,"180cm | 5'11""",0,-,-,VfB Stuttgart,Germany
Freddie Sears,71,ST,,0,,4,82,70,47,69,50,54,"170cm | 5'7""",0,-,-,Crystal Palace,England
Raúl Nava,71,ST,,0,,3,77,63,60,69,53,74,"183cm | 6'0""",0,-,-,Toluca,Mexico
Thiago Carleto,71,LWB,,0,,3,79,60,66,74,65,54,"172cm | 5'8""",0,-,-,Elche C.F.,Brazil
Daryl Janmaat,71,RWB,,0,,3,75,50,63,72,68,60,"185cm | 6'1""",0,-,-,sc Heerenveen,Netherlands
Rodrigo Pereira Possebon,71,CM,,0,,4,75,57,71,73,64,53,"180cm | 5'11""",0,-,-,SC Braga,Brazil
Robert Lewandowski,71,ST,,0,,3,81,66,50,70,55,62,"183cm | 6'0""",0,-,-,Lech Poznań,Poland
Francisco José Sandaza Asensio,71,CF,,0,,2,71,68,48,74,49,74,"182cm | 6'0""",0,-,-,Dundee United,Spain
Bruno Fornaroli,71,ST,,0,,5,80,67,56,65,57,68,"175cm | 5'9""",0,-,-,R.C. Recreativo,Uruguay
Dennis Diekmeier,71,RWB,,0,,3,78,45,59,64,68,68,"188cm | 6'2""",0,-,-,1. FC Nürnberg,Germany
Ezequiel Luna,71,CB,,0,,3,74,33,49,52,72,72,"178cm | 5'10""",0,-,-,C.D. Tenerife,Argentina
Rodolph Austin,71,CM,,0,,3,76,67,63,65,68,68,"184cm | 6'0""",0,-,-,SK Brann,Jamaica
Míchel,71,CAM,,0,,3,76,69,68,74,56,64,"181cm | 5'11""",0,-,-,Valencia C.F.,Spain
Osvaldo Martínez,71,CAM,,0,,4,73,69,71,70,56,60,"167cm | 5'6""",0,-,-,Monterrey,Paraguay
Marco Terrazzino,71,ST,,0,,4,66,67,67,76,50,60,"176cm | 5'9""",0,-,-,TSG 1899 Hoffenheim,Germany
Ruben Lima,71,LB,,0,,2,73,55,64,66,68,61,"176cm | 5'9""",0,-,-,Vitória de Setúbal,Portugal
Hernán Bernardello,71,CDM,,0,,3,67,65,69,63,74,58,"174cm | 5'9""",0,-,-,U.D. Almería,Argentina
Bruno Miguel Ribeiro Veríssimo,71,GK,,0,,2,69,73,71,69,23,70,"173cm | 5'8""",0,-,-,S.C. Olhanense,Portugal
Vitor Manuel Andrade Gomes da Costa,71,ST,,0,,3,77,65,60,69,52,66,"175cm | 5'9""",0,-,-,S.C. Olhanense,Portugal
Iván Santiago Perez Maceira,71,LF,,0,,3,76,66,66,71,52,60,"171cm | 5'7""",0,-,-,R.C. Deportivo,Spain
Damián Casalinuovo,71,ST,,0,,3,66,71,48,73,48,68,"180cm | 5'11""",0,-,-,Dundee United,Argentina
Daniel Ayala,71,CB,,0,,3,77,42,46,37,72,70,"190cm | 6'3""",0,-,-,Liverpool,Spain
Romain Rocchi,70,CM,,0,,3,61,70,70,71,63,65,"183cm | 6'0""",0,-,-,FC Metz,France
Sigurd Rushfeldt,70,ST,,0,,4,73,66,58,60,60,85,"190cm | 6'3""",0,-,-,Tromsø IL,Norway
Christian Rahn,70,LWB,,0,,3,72,71,67,66,66,62,"185cm | 6'1""",0,-,-,SpVgg Greuther Fürth,Germany
Luigi Sala,70,CB,,0,,3,60,39,54,42,74,74,"188cm | 6'2""",0,-,-,Albinoleffe,Italy
Marco Zanchi,70,CB,,0,,3,71,52,59,57,68,80,"178cm | 5'10""",0,-,-,Vicenza,Italy
Jean-Claude Darcheville,70,ST,,0,,3,78,67,49,68,60,64,"172cm | 5'8""",0,-,-,FC Nantes,France
Stephen Hughes,70,CM,,0,,4,72,62,69,67,64,52,"180cm | 5'11""",0,-,-,Norwich City,Scotland
Bas Roorda,70,GK,,0,,3,64,71,67,66,61,69,"192cm | 6'4""",0,-,-,PSV,Netherlands
Cristian Silvestri,70,RB,,0,,3,61,63,65,61,70,74,"185cm | 6'1""",0,-,-,Ascoli,Italy
Gary Naysmith,70,LB,,0,,3,70,58,66,57,67,68,"178cm | 5'10""",0,-,-,Sheffield United,Scotland
Massimo Marazzina,70,ST,,0,,3,66,72,49,66,58,72,"180cm | 5'11""",0,-,-,Bologna,Italy
Matteo Guardalben,70,GK,,0,,2,65,67,63,69,57,71,"190cm | 6'3""",0,-,-,Sampdoria,Italy
Rabiu Afolabi,70,CB,,0,,3,70,46,60,52,70,68,"184cm | 6'0""",0,-,-,FC Red Bull Salzburg,Nigeria
Daniel Felgenhauer,70,LWB,,0,,4,68,66,69,64,68,62,"172cm | 5'8""",0,-,-,Rot-Weiß Ahlen,Germany
Emile Mpenza,70,ST,,0,,3,80,64,56,66,54,68,"177cm | 5'10""",0,-,-,FC Sion,Belgium
Benjamin Auer,70,ST,,0,,4,68,71,53,65,62,70,"186cm | 6'1""",0,-,-,Alemannia Aachen,Germany
Walter Baseggio,70,CM,,0,,3,49,71,75,71,65,65,"184cm | 6'0""",0,-,-,Excelsior Mouscron,Belgium
Colin Nish,70,ST,,0,,3,62,68,56,71,52,72,"191cm | 6'3""",0,-,-,Hibernian,Scotland
Boris Smiljanic,70,CB,,0,,3,62,60,68,60,69,78,"190cm | 6'3""",0,-,-,Grasshopper-Club,Switzerland
Teddy Lucic,70,CB,,0,,4,58,49,54,42,75,64,"180cm | 5'11""",0,-,-,IF Elfsborg,Sweden
Giorgio Frezzolini,70,GK,,0,,1,64,73,61,80,55,62,"187cm | 6'2""",0,-,-,Ascoli,Italy
Nicolas Florentin,70,LW,,0,,4,80,60,66,69,49,66,"182cm | 6'0""",0,-,-,Stade Malherbe Caen,France
Dennis Rommedahl,70,RW,,0,,3,83,65,62,71,50,38,"177cm | 5'10""",0,-,-,Ajax,Denmark
Barry Opdam,70,CB,,0,,3,70,55,52,61,69,72,"180cm | 5'11""",0,-,-,FC Red Bull Salzburg,Netherlands
Omar Daf,70,RB,,0,,4,73,38,50,45,70,66,"177cm | 5'10""",0,-,-,Stade Brestois 29,Senegal
Kurt Elshot,70,RB,,0,,3,75,49,42,45,70,69,"180cm | 5'11""",0,-,-,NAC Breda,Netherlands
Rob Penders,70,CB,,0,,3,56,46,57,40,75,77,"194cm | 6'4""",0,-,-,NAC Breda,Netherlands
Rubén Navarro Méndez,70,ST,,0,,4,71,71,54,58,61,72,"180cm | 5'11""",0,-,-,Club Gimnàstic,Spain
Bastian Reinhardt,70,CB,,0,,3,60,38,44,26,75,82,"194cm | 6'4""",0,-,-,Hamburger SV,Germany
Christoph Dabrowski,70,CDM,,0,,4,68,62,66,54,78,78,"195cm | 6'5""",0,-,-,VfL Bochum,Germany
Nicolas Gillet,70,CB,,0,,3,62,55,60,52,70,75,"188cm | 6'2""",0,-,-,Havre Athletic Club,France
Altin Lala,70,CDM,,0,,3,64,60,70,67,71,66,"172cm | 5'8""",0,-,-,Hannover 96,Albania
André Lenz,70,GK,,0,,3,71,74,51,73,35,77,"191cm | 6'3""",0,-,-,VfL Wolfsburg,Germany
Stefan Selakovic,70,CAM,,0,,3,68,64,75,66,59,64,"179cm | 5'10""",0,-,-,I. Göteborg,Sweden
Mario Frick,70,ST,,0,,3,72,65,48,72,62,78,"183cm | 6'0""",0,-,-,FC St. Gallen,Liechtenstein
Stephen McPhail,70,CM,,0,,3,68,59,69,64,70,68,"173cm | 5'8""",0,-,-,Cardiff City,Republic of Ireland
Benjamin Huggel,70,CDM,,0,,3,70,60,66,62,74,78,"190cm | 6'3""",0,-,-,FC Basel 1893,Switzerland
Nick Rimando,70,GK,,0,,3,75,67,56,74,61,62,"178cm | 5'10""",0,-,-,Real Salt Lake,United States
Noel Hunt,70,ST,,0,,3,75,66,36,72,53,72,"173cm | 5'8""",0,-,-,Reading,Republic of Ireland
Carlos Varela,70,RM,,0,,3,79,62,61,71,65,60,"177cm | 5'10""",0,-,-,Neuchâtel Xamax,Spain
Timmy Simons,70,CDM,,0,,3,66,59,68,67,75,73,"186cm | 6'1""",0,-,-,PSV,Belgium
Jaime Moreno,70,CF,,0,,4,69,67,73,66,58,60,"175cm | 5'9""",0,-,-,D.C. United,Bolivia
Kevin Hofland,70,CB,,0,,1,63,44,52,50,72,76,"185cm | 6'1""",0,-,-,Feyenoord,Netherlands
Michael Dingsdag,70,CB,,0,,4,65,52,58,50,71,74,"189cm | 6'2""",0,-,-,sc Heerenveen,Netherlands
Leon Cort,70,CB,,0,,3,67,37,46,44,72,77,"191cm | 6'3""",0,-,-,Stoke City,England
Arkadiusz Głowacki,70,CB,,0,,4,65,53,64,54,70,68,"186cm | 6'1""",0,-,-,Wisła Kraków,Poland
Nicky Hofs,70,CAM,,0,,3,70,71,66,68,61,61,"170cm | 5'7""",0,-,-,Vitesse,Netherlands
Sami Hyypiä,70,CB,,0,,3,48,35,50,43,78,87,"195cm | 6'5""",0,-,-,Bayer 04 Leverkusen,Finland
Rui Orlando Ribeiro Santos Neto,70,CB,,0,,4,65,52,51,40,73,70,"183cm | 6'0""",0,-,-,Académica Coimbra,Portugal
Luís Filipe A. R. Fernandes,70,RM,,0,,3,77,55,68,65,69,60,"182cm | 6'0""",0,-,-,Sport Lisboa Benfica,Portugal
Fitz Hall,70,CB,,0,,3,73,42,49,58,69,80,"193cm | 6'4""",0,-,-,Queens Park Rangers,England
Mile Sterjovski,70,RW,,0,,4,71,66,65,66,64,66,"180cm | 5'11""",0,-,-,Perth Glory FC,Australia
Per Nilsson,70,CB,,0,,3,66,47,54,40,72,70,"190cm | 6'3""",0,-,-,TSG 1899 Hoffenheim,Sweden
Vahid Hashemian,70,ST,,0,,4,67,67,44,70,53,88,"182cm | 6'0""",0,-,-,VfL Bochum,Iran
Hans Sarpei,70,LB,,0,,3,74,32,65,53,68,70,"178cm | 5'10""",0,-,-,Bayer 04 Leverkusen,Ghana
Indridi Sigurdsson,70,CB,,0,,3,68,49,56,48,71,66,"185cm | 6'1""",0,-,-,Viking FK,Iceland
Rami Shaaban,70,GK,,0,,2,70,65,68,66,47,69,"193cm | 6'4""",0,-,-,Hammarby,Sweden
Scott Severin,70,CM,,0,,3,61,64,69,63,73,66,"180cm | 5'11""",0,-,-,Watford,Scotland
Mattias Jonson,70,ST,,0,,4,67,65,67,66,69,72,"179cm | 5'10""",0,-,-,Djurgårdens IF,Sweden
Abdoulaye Méité,70,CB,,0,,3,59,41,46,34,75,81,"185cm | 6'1""",0,-,-,West Bromwich Albion,Ivory Coast
Imre Szabics,70,CF,,0,,4,71,65,60,69,53,71,"178cm | 5'10""",0,-,-,FC Augsburg,Hungary
Nils-Eric Johansson,70,CB,,0,,3,64,35,51,45,73,72,"187cm | 6'2""",0,-,-,A. Solna,Sweden
Gaël Givet,70,CB,,0,,4,63,33,59,49,73,78,"181cm | 5'11""",0,-,-,Blackburn Rovers,France
Mikael Antonsson,70,CB,,0,,4,71,44,57,44,69,78,"189cm | 6'2""",0,-,-,FC København,Sweden
Daniel Bierofka,70,LM,,0,,4,80,64,67,74,54,48,"178cm | 5'10""",0,-,-,TSV 1860 München,Germany
Boldizsár Bodor,70,LM,,0,,4,69,68,68,64,65,70,"178cm | 5'10""",0,-,-,Roda JC,Hungary
Silvan Aegerter,70,CM,,0,,3,68,65,70,69,60,65,"178cm | 5'10""",0,-,-,FC Zürich,Switzerland
Joey Guðjónsson,70,CM,,0,,3,68,66,66,59,71,60,"173cm | 5'8""",0,-,-,Burnley,Iceland
Alexandre Hauw,70,CM,,0,,3,74,58,66,68,68,70,"176cm | 5'9""",0,-,-,Naval 1° de Maio,France
Ludovic Butelle,70,GK,,0,,3,74,68,59,73,49,65,"188cm | 6'2""",0,-,-,LOSC Lille Métropole,France
Eric Djemba-Djemba,70,CDM,,0,,3,73,60,59,66,82,80,"175cm | 5'9""",0,-,-,Odense Boldklub,Cameroon
Guillermo Giacomazzi,70,CM,,0,,3,62,65,68,70,72,74,"183cm | 6'0""",0,-,-,Lecce,Uruguay
Gilberto Martínez,70,RWB,,0,,3,74,49,63,64,68,61,"174cm | 5'9""",0,-,-,Brescia,Costa Rica
Matthew Etherington,70,LW,,0,,2,75,62,71,78,57,48,"178cm | 5'10""",0,-,-,Stoke City,England
Marcus Bent,70,ST,,0,,2,72,66,57,63,61,82,"188cm | 6'2""",0,-,-,Birmingham City,England
Andrea Cupi,70,CB,,0,,3,78,36,60,56,68,52,"176cm | 5'9""",0,-,-,Empoli,Italy
Damien Johnson,70,CM,,0,,3,71,66,70,70,60,50,"175cm | 5'9""",0,-,-,Birmingham City,Northern Ireland
Tom Soetaers,70,LM,,0,,3,77,68,69,66,53,56,"174cm | 5'9""",0,-,-,KV Kortrijk,Belgium
Cédric Varrault,70,RWB,,0,,3,70,54,70,63,67,68,"182cm | 6'0""",0,-,-,A.S. Saint-Etienne,France
Fernando Soriano Marcos,70,CM,,0,,4,66,61,66,67,73,68,"189cm | 6'2""",0,-,-,U.D. Almería,Spain
Jordan Stewart,70,LB,,0,,1,76,47,62,65,67,60,"183cm | 6'0""",0,-,-,Sheffield United,England
Jonas Kamper,70,RM,,0,,3,85,70,62,68,53,42,"186cm | 6'1""",0,-,-,Arminia Bielefeld,Denmark
Chris Brunt,70,LW,,0,,1,73,69,72,63,53,52,"185cm | 6'1""",0,-,-,West Bromwich Albion,Northern Ireland
Roberto Mauro Cantoro,70,CM,,0,,4,56,69,71,69,67,52,"178cm | 5'10""",0,-,-,Wisła Kraków,Argentina
Fernando Macedo da Silva R.,70,LM,,0,,3,79,63,70,70,51,55,"186cm | 6'1""",0,-,-,C.D. Numancia,Spain
Issa Ba,70,RW,,0,,3,77,65,58,69,56,62,"185cm | 6'1""",0,-,-,AJ Auxerre,Senegal
David Catalá Jiménez,70,CB,,0,,3,71,42,58,58,69,70,"184cm | 6'0""",0,-,-,R.C. Celta,Spain
Adam Johansson,70,RWB,,0,,1,76,48,63,64,68,49,"182cm | 6'0""",0,-,-,I. Göteborg,Sweden
Martin Amedick,70,CB,,0,,3,68,40,53,43,71,76,"194cm | 6'4""",0,-,-,1. FC Kaiserslautern,Germany
Guillaume Lacour,70,CDM,,0,,3,67,60,71,71,67,59,"173cm | 5'8""",0,-,-,RC Strasbourg,France
Nando Rafael,70,ST,,0,,4,75,65,59,70,56,63,"180cm | 5'11""",0,-,-,Aarhus GF,Germany
Hayden Mullins,70,CDM,,0,,3,70,58,69,63,71,66,"184cm | 6'0""",0,-,-,Portsmouth,England
Heidar Helguson,70,ST,,0,,3,66,67,43,71,64,84,"178cm | 5'10""",0,-,-,Watford,Iceland
Jamie Ashdown,70,GK,,0,,2,71,68,67,69,51,65,"188cm | 6'2""",0,-,-,Portsmouth,England
Mike Pollitt,70,GK,,0,,3,69,70,68,66,50,69,"193cm | 6'4""",0,-,-,Wigan Athletic,England
Nigel Quashie,70,CM,,0,,4,69,61,67,56,75,64,"175cm | 5'9""",0,-,-,West Ham United,Scotland
Richard Naylor,70,CB,,0,,2,62,48,47,59,72,70,"185cm | 6'1""",0,-,-,Leeds United,England
Tony Capaldi,70,LB,,0,,3,72,26,39,49,72,74,"183cm | 6'0""",0,-,-,Cardiff City,Northern Ireland
Wayne Routledge,70,RW,,0,,4,87,59,60,80,44,38,"170cm | 5'7""",0,-,-,Queens Park Rangers,England
Karl Henry,70,CM,,0,,3,63,57,71,71,72,57,"183cm | 6'0""",0,-,-,Wolverhampton Wanderers,England
Marco Engelhardt,70,CM,,0,,3,67,66,64,67,70,72,"186cm | 6'1""",0,-,-,Karlsruher SC,Germany
John Oster,70,CAM,,0,,3,74,57,70,71,64,60,"175cm | 5'9""",0,-,-,Doncaster Rovers,Wales
Gerald Sibon,70,ST,,0,,3,61,71,59,66,61,76,"196cm | 6'5""",0,-,-,sc Heerenveen,Netherlands
Mahamet Diagouraga,70,CB,,0,,2,77,46,57,55,67,60,"181cm | 5'11""",0,-,-,Modena,France
Benjamin Köhler,70,LM,,0,,3,78,63,67,72,56,72,"172cm | 5'8""",0,-,-,Eintracht Frankfurt,Germany
Jan Kjell Larsen,70,GK,,0,,3,68,66,71,68,56,65,"194cm | 6'4""",0,-,-,Molde FK,Norway
Stephan Loboué,70,GK,,0,,3,70,67,68,68,39,69,"194cm | 6'4""",0,-,-,SpVgg Greuther Fürth,Ivory Coast
Andrea Capone,70,CAM,,0,,3,70,66,71,71,56,49,"187cm | 6'2""",0,-,-,Grosseto,Italy
Evandro Carlos Esvardatete,70,RF,,0,,5,70,66,66,69,53,61,"186cm | 6'1""",0,-,-,Rio Ave FC,Brazil
David Generelo Miranda,70,CM,,0,,4,69,64,68,65,65,62,"183cm | 6'0""",0,-,-,Elche C.F.,Spain
Miguel Ángel Lozano Ayala,70,CDM,,0,,4,67,66,67,63,71,69,"183cm | 6'0""",0,-,-,Club Gimnàstic,Spain
Carlos García Badías,70,CB,,0,,3,61,33,65,54,72,71,"184cm | 6'0""",0,-,-,Real Betis Balompié,Spain
Iñaki Lafuente Sancha,70,GK,,0,,3,61,69,70,65,49,75,"186cm | 6'1""",0,-,-,C.D. Numancia,Spain
Enrique Mateo Montoya,70,CAM,,0,,3,68,71,65,68,65,70,"180cm | 5'11""",0,-,-,Real Sporting de Gijón,Spain
Salvador Ballesta Vialcho,70,ST,,0,,3,61,72,58,64,64,74,"184cm | 6'0""",0,-,-,Albacete Balompié,Spain
Daniel Bautista Pina,70,LB,,0,,2,79,51,65,65,65,63,"177cm | 5'10""",0,-,-,Hércules C.F.,Spain
Sergio Boris González Monteagudo,70,CB,,0,,3,60,49,62,49,73,68,"185cm | 6'1""",0,-,-,C.D. Numancia,Spain
Sergio Matabuena Delgado,70,CDM,,0,,4,66,62,69,60,74,66,"185cm | 6'1""",0,-,-,Real Sporting de Gijón,Spain
José Antonio Culebras Arenas,70,CB,,0,,3,67,48,59,51,71,70,"187cm | 6'2""",0,-,-,C.D. Tenerife,Spain
Cristian Fiél,70,CAM,,0,,3,71,65,68,66,66,64,"182cm | 6'0""",0,-,-,Alemannia Aachen,Spain
Juan Carlos Moreno Rodríguez,70,CM,,0,,4,69,62,71,72,59,48,"173cm | 5'8""",0,-,-,C.D. Numancia,Spain
Ibán Javier Cuadrado Alonso,70,CB,,0,,2,67,33,57,44,72,72,"188cm | 6'2""",0,-,-,Málaga C.F.,Spain
Claudio Rivalta,70,RB,,0,,3,55,44,67,44,75,66,"173cm | 5'8""",0,-,-,F. Torino,Italy
Christian Wetklo,70,GK,,0,,3,70,65,73,67,58,61,"190cm | 6'3""",0,-,-,1. FSV Mainz 05,Germany
Rubén Castro,70,ST,,0,,3,74,66,56,71,44,56,"174cm | 5'9""",0,-,-,Rayo Vallecano,Spain
Mathias Kouo-Doumbé,70,CB,,0,,3,72,35,53,47,70,68,"185cm | 6'1""",0,-,-,Milton Keynes Dons,France
Benjamin Nicaise,70,CDM,,0,,3,73,64,66,64,69,74,"184cm | 6'0""",0,-,-,Standard de Liège,France
Sammy Traoré,70,CB,,0,,3,61,40,54,47,73,76,"192cm | 6'4""",0,-,-,Paris Saint-Germain,Mali
Francesco Montervino,70,CDM,,0,,2,77,54,66,62,74,63,"174cm | 5'9""",0,-,-,Salerno,Italy
Benjamin Gavanon,70,CM,,0,,3,71,58,70,61,72,62,"180cm | 5'11""",0,-,-,FC Sochaux-Montbéliard,France
Martin Bergvold,70,LM,,0,,3,74,56,70,68,68,67,"184cm | 6'0""",0,-,-,Livorno,Denmark
Fabiano Adriano Rossato,70,LWB,,0,,3,69,52,59,56,69,70,"173cm | 5'8""",0,-,-,U.D. Salamanca,Brazil
Daniel Ziebig,70,LM,,0,,3,74,47,59,62,68,60,"183cm | 6'0""",0,-,-,Energie Cottbus,Germany
Philipp Heerwagen,70,GK,,0,,2,70,66,59,72,52,72,"193cm | 6'4""",0,-,-,VfL Bochum,Germany
Tosin Dosunmu,70,ST,,0,,3,84,64,56,63,48,63,"178cm | 5'10""",0,-,-,Germinal Beerschot,Nigeria
Xavier Margairaz,70,CM,,0,,4,71,61,70,67,66,69,"185cm | 6'1""",0,-,-,FC Zürich,Switzerland
Abdel Zaher El-Saqua,70,CB,,0,,3,69,36,65,49,70,76,"185cm | 6'1""",0,-,-,Eskişehirspor,Egypt
Orhan Ak,70,LB,,0,,2,65,44,63,64,70,70,"179cm | 5'10""",0,-,-,Antalyaspor,Turkey
Mustafa Sarp,70,CDM,,0,,3,70,60,67,63,71,66,"187cm | 6'2""",0,-,-,Galatasaray SK,Turkey
Paul McShane,70,CB,,0,,3,66,41,56,42,73,70,"183cm | 6'0""",0,-,-,Hull City,Republic of Ireland
Atiba Hutchinson,70,CM,,0,,3,69,65,68,73,60,56,"187cm | 6'2""",0,-,-,FC København,Canada
Dušan Djurić,70,LM,,0,,4,67,68,69,71,60,56,"181cm | 5'11""",0,-,-,FC Zürich,Sweden
Daniel Gunkel,70,CM,,0,,3,74,58,68,63,70,64,"183cm | 6'0""",0,-,-,1. FSV Mainz 05,Germany
Anderson Cléber Beraldo,70,CB,,0,,2,60,54,55,40,73,77,"186cm | 6'1""",0,-,-,Olympique Lyonnais,Brazil
Damien Perquis,70,CB,,0,,3,69,40,59,47,70,72,"184cm | 6'0""",0,-,-,FC Sochaux-Montbéliard,France
Fernando Miguel Fernández Escribano,70,CAM,,0,,3,71,72,66,75,56,64,"181cm | 5'11""",0,-,-,Málaga C.F.,Spain
Byung Kuk Cho,70,CB,,0,,3,63,47,43,53,72,77,"183cm | 6'0""",0,-,-,Seongnam Ilhwa Chunma,Korea Republic
Saïd Boutahar,70,CAM,,0,,3,70,71,71,74,51,47,"172cm | 5'8""",0,-,-,Willem II,Morocco
Francesco Antonioli,70,GK,,0,,2,68,69,60,70,54,74,"187cm | 6'2""",0,-,-,A.C. Cesena,Italy
Paolo Acerbis,70,GK,,0,,2,67,67,66,69,63,69,"202cm | 6'8""",0,-,-,Grosseto,Italy
Riccardo Colombo,70,RWB,,0,,3,73,44,61,57,69,66,"180cm | 5'11""",0,-,-,F. Torino,Italy
Marcello Cottafava,70,CB,,0,,2,68,39,48,48,71,72,"184cm | 6'0""",0,-,-,Triestina,Italy
Dominik Reinhardt,70,RB,,0,,4,75,31,46,42,72,66,"188cm | 6'2""",0,-,-,FC Augsburg,Germany
Ricardo Clark,70,CDM,,0,,3,73,65,62,65,71,66,"178cm | 5'10""",0,-,-,Houston Dynamo,United States
Oliver Schröder,70,RB,,0,,4,68,46,55,59,70,70,"183cm | 6'0""",0,-,-,Hansa Rostock,Germany
Kossi Agassa,70,GK,,0,,3,66,67,65,70,67,67,"190cm | 6'3""",0,-,-,FC Istres Ouest Provence,Togo
Valerio Di Cesare,70,CB,,0,,3,68,39,42,40,72,73,"188cm | 6'2""",0,-,-,Vicenza,Italy
Jon Otsemobor,70,RB,,0,,2,88,38,54,64,65,60,"178cm | 5'10""",0,-,-,Norwich City,England
Darren Mackie,70,ST,,0,,3,82,66,44,73,48,52,"175cm | 5'9""",0,-,-,Aberdeen,Scotland
Brett Holman,70,CAM,,0,,4,73,64,67,72,59,62,"177cm | 5'10""",0,-,-,AZ Alkmaar,Australia
Marc Janko,70,ST,,0,,4,69,73,45,61,58,72,"196cm | 6'5""",0,-,-,FC Red Bull Salzburg,Austria
Roel Brouwers,70,CB,,0,,3,60,38,39,44,75,78,"190cm | 6'3""",0,-,-,Borussia M'gladbach,Netherlands
Diego Costa Silva,70,GK,,0,,2,67,69,66,69,43,72,"188cm | 6'2""",0,-,-,Leixões SC,Brazil
Bryan Bergougnoux,70,CF,,0,,3,70,67,66,71,57,50,"177cm | 5'10""",0,-,-,Lecce,France
Jung Woo Kim,70,CM,,0,,2,66,60,69,64,72,59,"183cm | 6'0""",0,-,-,Seongnam Ilhwa Chunma,Korea Republic
Caleb Folan,70,ST,,0,,3,80,64,40,72,57,68,"188cm | 6'2""",0,-,-,Hull City,Republic of Ireland
Patrick Kisnorbo,70,CB,,0,,4,71,41,40,45,71,72,"188cm | 6'2""",0,-,-,Leeds United,Australia
Jason Scotland,70,ST,,0,,4,81,72,43,62,55,55,"173cm | 5'8""",0,-,-,Wigan Athletic,Trinidad &amp; Tobago
John Sutton,70,ST,,0,,3,66,67,45,70,53,80,"188cm | 6'2""",0,-,-,Motherwell,England
Marcel Seip,70,RB,,0,,3,66,36,49,50,72,70,"182cm | 6'0""",0,-,-,Plymouth Argyle,Netherlands
David Clarkson,70,ST,,0,,3,78,66,50,69,61,64,"178cm | 5'10""",0,-,-,Bristol City,Scotland
Kenny Thompson,70,LB,,0,,3,76,56,62,55,66,67,"183cm | 6'0""",0,-,-,KAA Gent,Belgium
Anastasios Pantos,70,RB,,0,,3,72,50,60,69,68,61,"179cm | 5'10""",0,-,-,Olympiakos CFP,Greece
Riccardo Bonetto,70,LWB,,0,,3,75,57,64,69,66,55,"177cm | 5'10""",0,-,-,Lazio,Italy
Szilárd Nemeth,70,CF,,0,,4,67,68,59,70,55,68,"181cm | 5'11""",0,-,-,Alemannia Aachen,Slovakia
Zlatko Dedic,70,RF,,0,,3,73,68,47,68,58,64,"182cm | 6'0""",0,-,-,VfL Bochum,Slovenia
Emil Gargorov,70,CAM,,0,,4,67,65,65,72,70,65,"180cm | 5'11""",0,-,-,RC Strasbourg,Bulgaria
Álvaro Antón Camarero,70,CF,,0,,4,71,69,62,71,52,52,"179cm | 5'10""",0,-,-,R.C. Recreativo,Spain
Guillermo Marino,70,CM,,0,,3,67,65,72,68,61,66,"178cm | 5'10""",0,-,-,Boca Juniors,Argentina
Murat Şahin,70,GK,,0,,1,73,65,64,69,36,69,"184cm | 6'0""",0,-,-,Gaziantepspor,Turkey
Fredrik Risp,70,CB,,0,,3,75,37,62,47,68,74,"180cm | 5'11""",0,-,-,MKE Ankaragücü,Sweden
David Prieto Gálvez,70,CB,,0,,3,70,42,49,48,71,68,"185cm | 6'1""",0,-,-,Xerez C.D.,Spain
José Fernando Marqués Martín,70,RM,,0,,4,75,67,68,71,54,54,"177cm | 5'10""",0,-,-,R.C.D. Espanyol,Spain
Iban Zubiaurre Urrutia,70,RB,,0,,4,73,49,64,62,68,58,"177cm | 5'10""",0,-,-,Athletic Club de Bilbao,Spain
David Córcoles Alcaraz,70,RB,,0,,3,68,65,65,64,68,63,"187cm | 6'2""",0,-,-,R.C. Recreativo,Spain
Víctor Manuel Fernández Gutiérrez,70,CF,,0,,3,66,69,63,68,51,58,"166cm | 5'5""",0,-,-,F.C. Cartagena,Spain
Rubén Pérez Chueca,70,GK,,0,,3,68,67,77,67,51,61,"185cm | 6'1""",0,-,-,Club Gimnàstic,Spain
Antonio del Moral Segura,70,CAM,,0,,4,74,68,67,73,57,63,"177cm | 5'10""",0,-,-,Real Racing Club,Spain
Ustaritz Aldekoaotalora,70,CB,,0,,3,65,44,56,50,71,75,"183cm | 6'0""",0,-,-,Athletic Club de Bilbao,Spain
Davy De fauw,70,CB,,0,,3,69,57,70,60,68,62,"185cm | 6'1""",0,-,-,Roda JC,Belgium
Paul Verhaegh,70,RB,,0,,3,68,30,63,64,70,62,"178cm | 5'10""",0,-,-,Vitesse,Netherlands
Tim Bakens,70,CB,,0,,2,64,58,54,61,69,78,"198cm | 6'6""",0,-,-,Sparta Rotterdam,Netherlands
Koen van de Laak,70,CF,,0,,2,71,63,66,69,63,67,"182cm | 6'0""",0,-,-,FC Groningen,Netherlands
Emanuele Calaió,70,CF,,0,,2,67,68,44,71,58,76,"179cm | 5'10""",0,-,-,Siena,Italy
Antonio Buscè,70,RM,,0,,3,76,62,64,65,69,60,"182cm | 6'0""",0,-,-,Reggina,Italy
Christian Manfredini,70,LM,,0,,3,68,68,69,71,62,62,"180cm | 5'11""",0,-,-,Lazio,Italy
Simone Dallamano,70,LWB,,0,,2,72,54,63,64,67,61,"180cm | 5'11""",0,-,-,Brescia,Italy
Keith Fahey,70,CM,,0,,3,67,68,74,66,58,63,"178cm | 5'10""",0,-,-,Birmingham City,Republic of Ireland
Alexandros Tzorvas,70,GK,,0,,3,75,62,62,71,68,63,"188cm | 6'2""",0,-,-,Panathinaikos FC,Greece
Michael Delura,70,RW,,0,,3,77,62,63,71,51,64,"191cm | 6'3""",0,-,-,Arminia Bielefeld,Germany
Thierry Debès,70,GK,,0,,3,69,60,67,72,46,67,"185cm | 6'1""",0,-,-,AC Ajaccio,France
Marcel Ndjeng,70,RM,,0,,3,82,60,66,70,57,52,"180cm | 5'11""",0,-,-,FC Augsburg,Germany
Kanga Akalé,70,LW,,0,,3,79,63,59,75,43,52,"179cm | 5'10""",0,-,-,Racing Club de Lens,Ivory Coast
Gilles Yapi,70,CM,,0,,3,82,49,65,76,69,66,"171cm | 5'7""",0,-,-,BSC Young Boys,Ivory Coast
Paul Parry,70,LM,,0,,4,68,65,72,61,65,58,"180cm | 5'11""",0,-,-,Preston North End,Wales
Akpo Sodje,70,CF,,0,,3,81,64,50,63,65,74,"188cm | 6'2""",0,-,-,Sheffield Wednesday,England
Anders Due,70,LM,,0,,4,79,61,73,64,54,44,"177cm | 5'10""",0,-,-,Aalborg BK,Denmark
Robert Koren,70,CAM,,0,,3,67,68,66,70,66,56,"175cm | 5'9""",0,-,-,West Bromwich Albion,Slovenia
Tomasz Sokolowski,70,CM,,0,,4,73,61,72,57,66,68,"184cm | 6'0""",0,-,-,Viking FK,Norway
Rubens Sambueza,70,LM,,0,,1,73,69,74,74,43,62,"174cm | 5'9""",0,-,-,U.A.G.,Argentina
Stephen Kelly,70,RB,,0,,3,71,36,62,54,69,70,"183cm | 6'0""",0,-,-,Fulham,Republic of Ireland
Luca Ariatti,70,LM,,0,,3,70,57,70,64,72,71,"182cm | 6'0""",0,-,-,Chievo Verona,Italy
Rob Friend,70,ST,,0,,3,66,71,40,63,66,88,"195cm | 6'5""",0,-,-,Borussia M'gladbach,Canada
Nikola Mijailović,70,LB,,0,,3,74,45,66,66,68,58,"185cm | 6'1""",0,-,-,Korona Kielce,Serbia
Andy Griffin,70,RB,,0,,4,66,33,55,49,72,67,"173cm | 5'8""",0,-,-,Stoke City,England
Richard Stearman,70,CB,,0,,3,76,39,48,44,70,74,"188cm | 6'2""",0,-,-,Wolverhampton Wanderers,England
Jonas Borring,70,LM,,0,,3,77,67,70,72,49,62,"193cm | 6'4""",0,-,-,FC Midtjylland,Denmark
Darren Ambrose,70,RW,,0,,3,77,69,62,66,43,48,"183cm | 6'0""",0,-,-,Crystal Palace,England
Álvaro Saborío,70,ST,,0,,3,71,67,61,65,58,68,"183cm | 6'0""",0,-,-,Bristol City,Costa Rica
Stephen McManus,70,CB,,0,,3,64,30,53,55,73,78,"188cm | 6'2""",0,-,-,Celtic,Scotland
Joe Lewis,70,GK,,0,,3,71,67,62,68,66,69,"198cm | 6'6""",0,-,-,Peterborough United,England
Adrián García Arias,70,SW,,0,,3,69,51,61,51,70,67,"184cm | 6'0""",0,-,-,San Luis,Mexico
Carlos Adrián Morales,70,LM,,0,,4,71,64,69,63,66,60,"170cm | 5'7""",0,-,-,U.A.G.,Mexico
Ricardo Cabanas,70,CAM,,0,,4,63,65,71,71,67,66,"173cm | 5'8""",0,-,-,Grasshopper-Club,Switzerland
Thomas Gebauer,70,GK,,0,,3,68,70,65,71,59,66,"191cm | 6'3""",0,-,-,SV Josko Fenst. Ried,Germany
Diego Martínez,70,RWB,,0,,3,73,43,70,66,68,62,"179cm | 5'10""",0,-,-,Monterrey,Mexico
Mario Pérez,70,LWB,,0,,2,74,54,69,70,67,56,"180cm | 5'11""",0,-,-,Atlas,Mexico
Marco Russ,70,CB,,0,,3,66,48,51,55,71,78,"190cm | 6'3""",0,-,-,Eintracht Frankfurt,Germany
Georgios Kyriazis,70,RB,,0,,2,69,41,62,56,69,86,"188cm | 6'2""",0,-,-,Salerno,Greece
Elvis Abbruscato,70,ST,,0,,3,73,63,58,68,57,74,"181cm | 5'11""",0,-,-,Chievo Verona,Italy
Marc-Antoine Fortuné,70,ST,,0,,3,74,64,57,68,53,73,"181cm | 5'11""",0,-,-,Celtic,France
Mišo Brečko,70,RB,,0,,4,73,44,62,54,68,62,"178cm | 5'10""",0,-,-,1. FC Köln,Slovenia
Collins John,70,ST,,0,,1,74,67,48,70,54,64,"182cm | 6'0""",0,-,-,KSV Roeselare,Netherlands
Juan Pablo Caffa,70,LM,,0,,3,69,69,77,65,47,60,"184cm | 6'0""",0,-,-,Real Betis Balompié,Argentina
Iain Turner,70,GK,,0,,2,72,66,73,71,48,59,"193cm | 6'4""",0,-,-,Everton,Scotland
Petter Andersson,70,CAM,,0,,4,80,66,67,71,51,46,"178cm | 5'10""",0,-,-,FC Groningen,Sweden
Andreu Guerao Mayoral,70,CM,,0,,3,71,58,69,66,68,59,"180cm | 5'11""",0,-,-,Real Sporting de Gijón,Spain
Tom Soares,70,CM,,0,,3,71,62,67,72,63,55,"183cm | 6'0""",0,-,-,Stoke City,England
Darren Barr,70,RB,,0,,3,71,22,62,58,70,72,"175cm | 5'9""",0,-,-,Falkirk,Scotland
Diego De la Torre,70,CF,,0,,3,78,63,62,69,53,66,"179cm | 5'10""",0,-,-,Toluca,Mexico
Justin Hoyte,70,RB,,0,,3,76,32,56,56,69,63,"180cm | 5'11""",0,-,-,Middlesbrough,England
Edgar Álvarez,70,RW,,0,,2,88,58,68,72,55,49,"172cm | 5'8""",0,-,-,Bari,Honduras
Borja Valero,70,CAM,,0,,3,71,73,60,75,63,70,"175cm | 5'9""",0,-,-,R.C.D. Mallorca,Spain
Aristide Bancé,70,ST,,0,,3,74,68,42,65,66,78,"192cm | 6'4""",0,-,-,1. FSV Mainz 05,Burkina Faso
Josh Simpson,70,LW,,0,,3,75,60,73,72,53,58,"180cm | 5'11""",0,-,-,Manisaspor,Canada
David Jones,70,CM,,0,,4,70,62,74,66,61,51,"185cm | 6'1""",0,-,-,Wolverhampton Wanderers,England
Cândido Alves Moreira da Costa,70,RWB,,0,,3,79,58,65,71,65,46,"178cm | 5'10""",0,-,-,CF Os Belenenses,Portugal
Nuno Miguel Costa Silva,70,CB,,0,,3,70,48,50,47,70,68,"180cm | 5'11""",0,-,-,Leixões SC,Portugal
Frank Simek,70,RB,,0,,3,72,53,62,63,67,66,"183cm | 6'0""",0,-,-,Sheffield Wednesday,United States
Arturo Lupoli,70,ST,,0,,3,77,70,38,69,53,55,"173cm | 5'8""",0,-,-,Ascoli,Italy
Kenny Cooper,70,ST,,0,,4,67,71,39,71,58,75,"192cm | 6'4""",0,-,-,TSV 1860 München,United States
Luke Varney,70,ST,,0,,4,77,66,59,66,58,56,"180cm | 5'11""",0,-,-,Sheffield Wednesday,England
David Limberský,70,RWB,,0,,4,85,70,72,76,61,57,"179cm | 5'10""",0,-,-,Viktoria Plzeň ,Czech Republic
John Ruddy,70,GK,,0,,3,66,68,63,72,65,66,"191cm | 6'3""",0,-,-,Motherwell,England
Ben Alnwick,70,GK,,0,,3,68,66,65,73,50,65,"188cm | 6'2""",0,-,-,Tottenham Hotspur,England
Daniele Ficagna,70,CB,,0,,1,57,46,49,49,74,78,"186cm | 6'1""",0,-,-,Siena,Italy
Willo Flood,70,CM,,0,,3,73,55,71,74,65,50,"170cm | 5'7""",0,-,-,Celtic,Republic of Ireland
Paulo André Cren Benini,70,CB,,0,,3,66,46,46,48,71,74,"188cm | 6'2""",0,-,-,C. São Paulo,Brazil
Mario Lička,70,CAM,,0,,5,78,62,68,71,57,60,"183cm | 6'0""",0,-,-,Baník Ostrava,Czech Republic
Osvaldo Félix de Souza,70,ST,,0,,3,70,68,49,68,61,76,"183cm | 6'0""",0,-,-,Barueri,Brazil
Joe Ledley,70,LM,,0,,2,70,66,72,73,56,52,"183cm | 6'0""",0,-,-,Cardiff City,Wales
Obinna Nwaneri,70,CB,,0,,3,72,41,49,60,69,67,"183cm | 6'0""",0,-,-,FC Sion,Nigeria
Adam Johnson,70,LW,,0,,4,77,61,59,81,53,48,"175cm | 5'9""",0,-,-,Middlesbrough,England
Chris McCann,70,CM,,0,,2,70,55,74,67,67,73,"185cm | 6'1""",0,-,-,Burnley,Republic of Ireland
Neil Danns,70,CM,,0,,3,74,65,65,68,64,48,"175cm | 5'9""",0,-,-,Crystal Palace,England
Alain Nkong,70,LF,,0,,4,74,66,69,64,59,62,"178cm | 5'10""",0,-,-,Indios,Cameroon
André Augusto Leone,70,CB,,0,,3,71,36,38,34,73,77,"184cm | 6'0""",1,-,-,SC Braga,Brazil
Jimmy Rabaholo Tau,70,RB,,0,,3,70,37,63,57,69,69,"176cm | 5'9""",0,-,-,Kaizer Chiefs,South Africa
Fabrice Muamba,70,CDM,,0,,3,77,48,66,61,82,70,"188cm | 6'2""",0,-,-,Bolton Wanderers,England
Jean-Daniel Padovani,70,GK,,0,,2,73,70,63,74,31,66,"182cm | 6'0""",0,-,-,Angers SCO,France
Francesco Ruopolo,70,ST,,0,,4,75,68,55,61,63,67,"185cm | 6'1""",0,-,-,Albinoleffe,Italy
Leandro Rinaudo,70,CB,,0,,2,63,42,53,50,72,76,"191cm | 6'3""",0,-,-,Napoli,Italy
Leonardo Martin Miglionico,70,CB,,0,,3,68,40,68,59,68,75,"179cm | 5'10""",0,-,-,Livorno,Uruguay
Tiziano Polenghi,70,CB,,0,,3,62,50,55,46,71,79,"188cm | 6'2""",0,-,-,Sassuolo,Italy
Grégory Cerdan,70,CB,,0,,3,64,37,59,35,74,68,"191cm | 6'3""",0,-,-,Le Mans Union Club 72,France
Daniel Lopes Cruz,70,LWB,,0,,2,75,54,61,66,67,62,"181cm | 5'11""",0,-,-,Naval 1° de Maio,Brazil
Shane Long,70,ST,,0,,3,87,64,44,68,48,62,"178cm | 5'10""",0,-,-,Reading,Republic of Ireland
Petr Lukáš,70,CB,,0,,3,55,69,54,63,71,75,"192cm | 6'4""",0,-,-,FK Teplice,Czech Republic
Emmanuel Cascione,70,CDM,,0,,3,73,61,65,65,70,64,"187cm | 6'2""",0,-,-,Reggina,Italy
Adam Hammill,70,RW,,0,,5,79,66,63,72,45,41,"173cm | 5'8""",0,-,-,Barnsley,England
Ishmael Miller,70,ST,,0,,2,83,61,44,70,56,74,"190cm | 6'3""",0,-,-,West Bromwich Albion,England
Hugo Ventura F. Moura Guedes,70,GK,,0,,3,68,69,71,69,21,70,"186cm | 6'1""",0,-,-,S.C. Olhanense,Portugal
André Filipe Alves Monteiro,70,RW,,0,,2,81,60,58,75,49,64,"175cm | 5'9""",0,-,-,S.C. Olhanense,Portugal
Landry N'Guemo,70,CM,,0,,3,73,44,71,71,75,60,"174cm | 5'9""",0,-,-,Celtic,Cameroon
Kandia Traoré,70,ST,,0,,4,72,66,52,69,48,72,"186cm | 6'1""",0,-,-,Stade Malherbe Caen,Ivory Coast
Rafael Figueroa,70,CB,,0,,3,73,41,55,42,70,72,"175cm | 5'9""",0,-,-,Santos Laguna,Mexico
Morgaro Gomis,70,LM,,0,,3,80,49,67,77,65,46,"175cm | 5'9""",0,-,-,Dundee United,Senegal
Denilson Martins Nascimento,70,ST,,0,,3,70,64,61,76,54,60,"177cm | 5'10""",0,-,-,Pohang Steelers,Brazil
Lasse Schøne,70,CAM,,0,,4,76,67,67,75,55,58,"178cm | 5'10""",0,-,-,N.E.C.,Denmark
David Edgar,70,LB,,0,,3,70,52,67,53,69,68,"188cm | 6'2""",0,-,-,Burnley,Canada
Mikel Dañobeitia Martín,70,RW,,0,,4,69,66,59,73,53,64,"179cm | 5'10""",0,-,-,Córdoba C.F.,Spain
Souleymane Bamba,70,CB,,0,,3,74,26,47,50,70,71,"190cm | 6'3""",0,-,-,Hibernian,France
Dwight Tiendalli,70,RB,,0,2.0,3,76,55,62,70,66,61,"180cm | 5'11""",0,-,-,FC Twente,Netherlands
Antonino Barillà,70,LM,,0,,3,82,56,61,64,71,64,"180cm | 5'11""",0,-,-,Reggina,Italy
Miguel Ángel De las Cuevas Barberá,70,LM,,0,,4,79,59,70,73,56,64,"175cm | 5'9""",0,-,-,Real Sporting de Gijón,Spain
Mark Randall,70,CM,,0,,3,74,67,71,73,53,56,"182cm | 6'0""",0,-,-,Arsenal,England
Mark Reynolds,70,CB,,0,,3,73,15,62,45,71,72,"180cm | 5'11""",0,-,-,Motherwell,Scotland
Sunday Stephen Obayan,70,CDM,,0,,3,73,58,65,66,73,68,"180cm | 5'11""",0,-,-,Real Betis Balompié,Spain
Jimmy Kébé,70,RW,,0,,3,87,61,52,70,49,62,"187cm | 6'2""",0,-,-,Reading,Mali
Aleksandar Tunchev,70,CB,,0,,3,75,30,41,54,71,70,"188cm | 6'2""",0,-,-,Leicester City,Bulgaria
Andranik Teymourian,70,CM,,0,,3,71,67,69,64,60,59,"180cm | 5'11""",0,-,-,Fulham,Iran
Dries Mertens,70,CAM,,0,,5,82,71,67,75,42,50,"169cm | 5'7""",0,-,-,FC Utrecht,Belgium
Niko Bungert,70,CB,,0,,3,70,53,54,55,69,72,"188cm | 6'2""",0,-,-,1. FSV Mainz 05,Germany
Sascha Dum,70,LM,,0,,1,80,56,66,71,62,61,"189cm | 6'2""",0,-,-,Energie Cottbus,Germany
Sang Ho Lee,70,CAM,,0,,3,74,64,66,69,61,48,"173cm | 5'8""",0,-,-,Suwon Samsung Bluewings,Korea Republic
Jean Calvé,70,RB,,0,,3,74,42,62,38,70,68,"183cm | 6'0""",0,-,-,A.S. Nancy Lorraine,France
Luis Fernando Nunes Duarte,70,CB,,0,,3,63,45,51,43,73,74,"181cm | 5'11""",0,-,-,Académica Coimbra,Brazil
Marvin Emnes,70,RW,,0,,4,84,62,55,75,50,46,"180cm | 5'11""",0,-,-,Middlesbrough,Netherlands
Tobias Werner,70,LF,,0,,3,76,64,65,67,54,58,"177cm | 5'10""",0,-,-,FC Augsburg,Germany
Frédéric Nimani,70,ST,,0,,3,74,68,55,59,57,81,"191cm | 6'3""",0,-,-,AS Monaco FC,France
Pierre de Wit,70,CM,,0,,4,72,68,65,69,61,58,"172cm | 5'8""",0,-,-,Bayer 04 Leverkusen,Germany
Sepp De Roover,70,RWB,,0,,3,76,66,67,67,65,61,"180cm | 5'11""",0,-,-,FC Groningen,Belgium
Mobido Diakité,70,CB,,0,,2,63,36,53,40,74,78,"192cm | 6'4""",0,-,-,Lazio,France
Martin Harnik,70,RWB,,0,,4,82,66,61,73,63,64,"185cm | 6'1""",0,-,-,Fortuna Düsseldorf,Austria
Marco Rossi,70,CB,,0,,2,71,42,52,52,70,72,"188cm | 6'2""",0,-,-,Sampdoria,Italy
Claudino Bezerra da Silva,70,CB,,0,,3,70,37,45,40,71,78,"186cm | 6'1""",0,-,-,Hertha BSC,Brazil
Ludovic Sylvestre,70,CM,,0,,3,66,66,70,67,62,68,"180cm | 5'11""",0,-,-,Mladá Boleslav,France
Mohamed Dahmane,70,CF,,0,,3,73,65,61,69,50,64,"180cm | 5'11""",0,-,-,Club Brugge KV,France
Ondřej Švejdík,70,CB,,0,,4,70,43,60,58,69,68,"189cm | 6'2""",0,-,-,FC Groningen,Czech Republic
Erik Pieters,70,LB,,0,,2,67,36,51,58,72,69,"186cm | 6'1""",0,-,-,PSV,Netherlands
Jermaine Beckford,70,ST,,0,,4,89,64,44,60,54,68,"188cm | 6'2""",0,-,-,Leeds United,England
Rydell Poepon,70,ST,,0,,4,78,68,54,68,56,56,"181cm | 5'11""",0,-,-,Sparta Rotterdam,Netherlands
Tobias Levels,70,RB,,0,,1,72,33,59,46,71,64,"186cm | 6'1""",0,-,-,Borussia M'gladbach,Germany
Nick Carle,70,CAM,,0,,3,73,63,67,72,60,54,"172cm | 5'8""",0,-,-,Crystal Palace,Australia
Petr Drobisz,70,GK,,0,,2,71,72,45,77,54,74,"188cm | 6'2""",0,-,-,Sigma Olomouc,Czech Republic
Petr Benát,70,CAM,,0,,3,73,65,73,66,54,46,"180cm | 5'11""",0,-,-,Dynamo České Budějovice,Czech Republic
Daniel Pudil,70,LM,,0,,2,76,67,66,64,61,59,"185cm | 6'1""",0,-,-,KRC Genk,Czech Republic
Jasmin Handanovič,70,GK,,0,,2,70,64,73,70,33,66,"196cm | 6'5""",0,-,-,Mantova,Slovenia
Kristijan Ipša,70,CB,,0,,3,69,47,55,51,70,62,"186cm | 6'1""",0,-,-,FC Midtjylland,Croatia
Luis Miguel Noriega,70,RM,,0,,3,73,60,70,67,63,54,"177cm | 5'10""",0,-,-,Puebla,Mexico
Tiago André Coelho Lopes,70,CF,,0,,3,77,64,62,67,61,66,"182cm | 6'0""",0,-,-,S.C. Olhanense,Portugal
Matthias Jaissle,70,CB,,0,,3,67,22,64,48,72,75,"186cm | 6'1""",0,-,-,TSG 1899 Hoffenheim,Germany
Nikola Petković,70,LB,,0,,2,66,39,60,52,71,72,"185cm | 6'1""",0,-,-,Eintracht Frankfurt,Serbia
Cris,70,CM,,0,,3,74,54,69,64,71,70,"178cm | 5'10""",0,-,-,Académica Coimbra,Portugal
Pablo Álvarez,70,RB,,0,,3,77,54,62,64,66,56,"175cm | 5'9""",0,-,-,Wisła Kraków,Uruguay
Aurélien Chedjou,70,CB,,0,,3,65,49,47,48,72,74,"184cm | 6'0""",0,-,-,LOSC Lille Métropole,Cameroon
William Artur C. dos Santos,70,ST,,0,,3,72,67,51,65,60,78,"185cm | 6'1""",0,-,-,Paços Ferreira,Brazil
Bruno Cortez Cardoso,70,GK,,0,,1,71,69,62,71,28,72,"195cm | 6'5""",0,-,-,Palmeiras,Brazil
Marek Štech,70,GK,,0,,3,69,72,66,75,50,57,"186cm | 6'1""",0,-,-,West Ham United,Czech Republic
Rui Fonte,70,ST,,0,,3,80,66,48,72,56,57,"183cm | 6'0""",0,-,-,Vitória de Setúbal,Portugal
Alexander Stolz,70,GK,,0,,2,74,70,69,64,43,66,"189cm | 6'2""",0,-,-,VfB Stuttgart,Germany
Robert Tesche,70,CM,,0,,3,76,63,66,71,63,62,"182cm | 6'0""",0,-,-,Hamburger SV,Germany
Sergio Tejera,70,CAM,,0,,3,75,62,75,69,52,48,"181cm | 5'11""",0,-,-,R.C.D. Mallorca,Spain
Martin Olsson,70,LB,,0,,2,73,51,61,61,67,61,"179cm | 5'10""",0,-,-,Blackburn Rovers,Sweden
Adrien Silva,70,CDM,,0,,3,74,49,69,70,75,64,"175cm | 5'9""",0,-,-,Sporting CP,Portugal
Daniel Beichler,70,CF,,0,,3,69,67,67,69,56,62,"183cm | 6'0""",0,-,-,SK Sturm Graz,Austria
Vincenzo Fiorillo,70,GK,,0,,2,67,67,64,70,62,68,"190cm | 6'3""",0,-,-,Sampdoria,Italy
Marc Crosas Luque,70,CM,,0,,4,66,59,73,68,66,58,"173cm | 5'8""",0,-,-,Celtic,Spain
Ched Evans,70,ST,,0,,2,75,66,53,65,63,68,"183cm | 6'0""",0,-,-,Sheffield United,Wales
Roberto Calmon Felix,70,ST,,0,,3,69,67,54,67,59,80,"188cm | 6'2""",0,-,-,Vitória de Guimarães,Brazil
Carlos Zambrano,70,CB,,0,,3,67,39,62,60,70,73,"185cm | 6'1""",0,-,-,FC Schalke 04,Peru
Silva Oliveira Antonio Rogerio,70,CAM,,0,,3,75,67,70,75,48,64,"177cm | 5'10""",0,-,-,GyeongNam FC,Brazil
Pedro Ken Morimoto Moreira,70,RM,,0,,3,75,58,68,72,64,67,"181cm | 5'11""",0,-,-,Coritiba,Brazil
Renan Henrique Oliveira Vieira,70,CAM,,0,,3,77,69,66,75,50,66,"182cm | 6'0""",0,-,-,Atlético Mineiro,Brazil
Lautaro Acosta,70,CF,,0,,4,80,62,59,69,51,66,"168cm | 5'6""",0,-,-,Sevilla F.C.,Argentina
Georgios Gkalitsios,70,RB,,0,,3,79,18,59,44,71,54,"185cm | 6'1""",0,-,-,Olympiakos CFP,Greece
Riccardo Meggiorini,70,CF,,0,,4,70,66,44,73,61,71,"183cm | 6'0""",0,-,-,Bari,Italy
Mirco Antenucci,70,CF,,0,,3,76,66,59,65,59,62,"180cm | 5'11""",0,-,-,Ascoli,Italy
Marcel Schmelzer,70,LB,,0,,3,72,42,63,63,69,58,"181cm | 5'11""",0,-,-,Borussia Dortmund,Germany
Míchel Macedo Rocha Machado,70,RB,,0,,3,78,39,59,64,66,66,"182cm | 6'0""",0,-,-,U.D. Almería,Brazil
Caiuby,70,ST,,0,,4,78,63,46,71,50,72,"184cm | 6'0""",0,-,-,MSV Duisburg,Brazil
João Aurélio,70,RF,,0,,2,75,63,62,68,64,73,"185cm | 6'1""",0,-,-,CD Nacional,Portugal
Sebastian Rudy,70,CM,,0,,3,71,63,71,70,58,60,"179cm | 5'10""",0,-,-,VfB Stuttgart,Germany
Javan Vidal,70,RB,,0,2.0,3,73,42,68,56,69,51,"183cm | 6'0""",0,-,-,Manchester City,England
Guaita,70,GK,,0,,3,67,62,68,73,37,69,"190cm | 6'3""",0,-,-,R.C. Recreativo,Spain
Erik Falkenburg,70,CM,,0,,5,69,67,69,69,63,58,"187cm | 6'2""",0,-,-,Sparta Rotterdam,Netherlands
Alberto López Arteseros,70,CM,,0,,3,76,60,69,70,61,67,"180cm | 5'11""",0,-,-,R.C.D. Mallorca,Spain
De Marcos,70,RW,,0,,4,83,60,58,73,48,57,"180cm | 5'11""",0,-,-,Athletic Club de Bilbao,Spain
Fellipe Ramos Ignez Bastos,70,CDM,,0,,3,72,64,68,67,65,60,"176cm | 5'9""",0,-,-,CF Os Belenenses,Brazil
Nathaniel Clyne,70,RB,,0,,3,80,48,61,67,65,54,"176cm | 5'9""",0,-,-,Crystal Palace,England
Miguel Palanca Fernández,70,RF,,0,,4,75,65,60,68,57,62,"178cm | 5'10""",0,-,-,C.D. Castellón,Spain
Dominic Maroh,70,CB,,0,,2,71,43,51,44,71,71,"186cm | 6'1""",0,-,-,1. FC Nürnberg,Germany
Celso Borges,70,CAM,,0,,3,77,70,68,61,55,77,"185cm | 6'1""",0,-,-,Fredrikstad FK,Costa Rica
Mikhail Sivakov,70,CM,,0,,3,67,62,69,66,67,65,"187cm | 6'2""",0,-,-,Cagliari,Belarus
Glédson Ribeiro dos Santos,70,GK,,0,,2,71,64,66,70,34,73,"192cm | 6'4""",0,-,-,N. Recife,Brazil
Bóveda,70,RB,,0,,3,75,35,58,62,69,61,"180cm | 5'11""",0,-,-,Athletic Club de Bilbao,Spain
Raul Guilherme Martins,70,RB,,0,,3,72,53,64,65,67,56,"173cm | 5'8""",0,-,-,Atlético Paranaense,Brazil
Mamadou Tall,70,CB,,0,,3,79,21,39,32,74,50,"185cm | 6'1""",0,-,-,"União de Leiria, SAD",Burkina Faso
Diego Gonzalo Chaves,70,ST,,0,,2,77,66,46,69,50,68,"178cm | 5'10""",0,-,-,Querétaro,Uruguay
Aitor Salvador Núñez Martín,70,RWB,,0,,4,78,46,62,64,66,58,"178cm | 5'10""",0,-,-,C.D. Tenerife,Spain
Sidnei Sciola Morais,70,LW,,0,,3,76,64,60,69,50,59,"176cm | 5'9""",0,-,-,Rio Ave FC,Brazil
Carlos Augusto Borret dos Santos,70,CB,,0,,3,69,54,58,46,69,70,"183cm | 6'0""",0,-,-,Atlético Paranaense,Brazil
Manoel Messias Silva Carvalho,70,CB,,0,,3,71,45,52,58,70,70,"179cm | 5'10""",0,-,-,Atlético Paranaense,Brazil
David Amoo,70,RM,,0,3.0,3,85,66,63,63,59,50,"179cm | 5'10""",0,-,-,Liverpool,England
David Odonkor,69,RW,,0,,2,93,58,55,67,50,54,"174cm | 5'9""",0,-,-,Real Betis Balompié,Germany
Rob Hulse,69,ST,,0,,3,64,67,53,63,71,83,"187cm | 6'2""",0,-,-,Derby County,England
Gábor Király,69,GK,,0,,2,69,66,63,74,35,66,"193cm | 6'4""",0,-,-,TSV 1860 München,Hungary
Bernd Korzynietz,69,RWB,,0,,3,71,54,72,71,65,59,"174cm | 5'9""",0,-,-,MSV Duisburg,Germany
Frédéric Da Rocha,69,CDM,,0,,3,64,64,65,66,70,54,"177cm | 5'10""",0,-,-,U.S. Boulogne Cote D'Opale,France
Ulrich Le Pen,69,LM,,0,,2,65,67,74,62,57,63,"176cm | 5'9""",0,-,-,Stade Lavallois Mayenne FC,France
Martin Meichelbeck,69,LB,,0,,3,66,66,53,46,68,77,"189cm | 6'2""",0,-,-,SpVgg Greuther Fürth,Germany
Bonaventure Kalou,69,CAM,,0,,4,70,70,66,74,56,61,"182cm | 6'0""",0,-,-,sc Heerenveen,Ivory Coast
Timo Rost,69,CDM,,0,,3,72,61,59,60,76,70,"181cm | 5'11""",0,-,-,Energie Cottbus,Germany
Pál Dárdai,69,CDM,,0,,3,71,55,66,64,71,71,"179cm | 5'10""",0,-,-,Hertha BSC,Hungary
Jean-Sébastien Jaurès,69,LB,,0,,3,63,54,65,65,69,64,"176cm | 5'9""",0,-,-,Borussia M'gladbach,France
Tommy Miller,69,CAM,,0,,3,63,66,67,70,63,46,"185cm | 6'1""",0,-,-,Sheffield Wednesday,England
Andrew O'Brien,69,CB,,0,,3,69,31,46,42,70,77,"191cm | 6'3""",0,-,-,Bolton Wanderers,Republic of Ireland
Ronan Le Crom,69,GK,,0,,3,67,66,63,67,56,67,"186cm | 6'1""",0,-,-,Grenoble Foot 38,France
Yoann Lachor,69,CB,,0,,3,52,53,71,60,71,70,"187cm | 6'2""",0,-,-,U.S. Boulogne Cote D'Opale,France
Arnold Jan Bruggink,69,CAM,,0,,4,50,75,76,71,54,72,"185cm | 6'1""",0,-,-,Hannover 96,Netherlands
Tony Heurtebis,69,GK,,0,,3,69,64,59,68,49,72,"181cm | 5'11""",0,-,-,FC Nantes,France
Ivan Leko,69,CAM,,0,,3,55,71,75,68,56,54,"179cm | 5'10""",0,-,-,Germinal Beerschot,Croatia
Stéphane Pichot,69,RB,,0,,1,66,44,66,56,69,69,"178cm | 5'10""",0,-,-,RC Strasbourg,France
Michaël Isabey,69,CAM,,0,,3,74,62,69,70,55,53,"169cm | 5'7""",0,-,-,Dijon FCO,France
Patrick Paauwe,69,CB,,0,,3,54,58,68,54,71,65,"184cm | 6'0""",0,-,-,VVV-Venlo,Netherlands
Michael Hart,69,RWB,,0,,3,83,44,63,56,64,64,"178cm | 5'10""",0,-,-,Preston North End,Scotland
Simone Inzaghi,69,ST,,0,,3,73,63,47,70,60,75,"185cm | 6'1""",0,-,-,Lazio,Italy
Khalid Sinouh,69,GK,,0,,3,70,66,58,66,52,71,"191cm | 6'3""",0,-,-,FC Utrecht,Morocco
Nourdin Boukhari,69,LM,,0,,3,66,70,68,70,59,52,"188cm | 6'2""",0,-,-,Kasımpaşa SK,Morocco
Resit Schuurman,69,RWB,,0,,3,67,59,66,66,67,54,"177cm | 5'10""",0,-,-,Heracles Almelo,Netherlands
Kevin Lisbie,69,ST,,0,,3,77,63,45,69,46,68,"178cm | 5'10""",0,-,-,Colchester United,Jamaica
Sander Keller,69,CB,,0,,3,68,40,45,48,69,78,"184cm | 6'0""",0,-,-,FC Utrecht,Netherlands
Michel Breuer,69,RB,,0,,2,62,54,56,54,70,70,"183cm | 6'0""",0,-,-,sc Heerenveen,Netherlands
Marcus Lindberg,69,CB,,0,,3,61,39,51,45,72,70,"187cm | 6'2""",0,-,-,Kalmar FF,Sweden
Christoffer Andersson,69,RM,,0,,4,70,67,64,64,64,66,"173cm | 5'8""",0,-,-,Helsingborgs IF,Sweden
Gerard López Segú,69,CM,,0,,3,61,67,67,67,67,72,"185cm | 6'1""",0,-,-,Girona C.F.,Spain
Chris Porter,69,ST,,0,,3,72,65,45,67,49,72,"185cm | 6'1""",0,-,-,Derby County,England
Grégory Proment,69,CDM,,0,,4,67,56,73,51,70,56,"176cm | 5'9""",0,-,-,Stade Malherbe Caen,France
Mathias Hain,69,GK,,0,,3,66,72,64,63,45,75,"188cm | 6'2""",0,-,-,FC St. Pauli,Germany
Florian Bruns,69,LM,,0,,4,78,68,63,64,55,64,"188cm | 6'2""",0,-,-,FC St. Pauli,Germany
Lee Johnson,69,CM,,0,,3,64,68,70,64,62,50,"168cm | 5'6""",0,-,-,Bristol City,England
Mario Haas,69,ST,,0,,4,81,67,55,56,54,62,"183cm | 6'0""",0,-,-,SK Sturm Graz,Austria
Franck Queudrue,69,LB,,0,,2,68,69,65,61,65,72,"183cm | 6'0""",0,-,-,Birmingham City,France
Antonio di Salvo,69,ST,,0,,3,73,64,54,67,53,70,"183cm | 6'0""",0,-,-,TSV 1860 München,Italy
Massimilian Porcello,69,CM,,0,,4,63,66,67,69,65,62,"184cm | 6'0""",0,-,-,Karlsruher SC,Italy
Sandro Miguel Laranjeira Mendes,69,CDM,,0,,3,72,58,64,68,70,64,"180cm | 5'11""",0,-,-,Vitória de Setúbal,Cape Verde Islands
Rob van Dijk,69,GK,,0,,2,65,71,68,61,34,74,"187cm | 6'2""",0,-,-,Feyenoord,Netherlands
Steve Ralston,69,CAM,,0,,4,66,67,69,64,62,61,"175cm | 5'9""",0,-,-,New England Revolution,United States
Thomas Chatelle,69,RM,,0,,4,72,66,70,71,50,54,"175cm | 5'9""",0,-,-,RSC Anderlecht,Belgium
Brian McBride,69,ST,,0,,4,60,70,49,61,61,89,"183cm | 6'0""",0,-,-,Chicago Fire,United States
Gaëtan Englebert,69,CM,,0,,3,71,64,68,65,62,62,"179cm | 5'10""",0,-,-,Tours FC,Belgium
Tommy Svindal Larsen,69,CM,,0,,3,65,61,67,65,69,58,"172cm | 5'8""",0,-,-,Odd Grenland,Norway
Flávio Miguel Magalhães Sousa Meireles,69,CDM,,0,,3,71,57,65,63,75,70,"185cm | 6'1""",0,-,-,Vitória de Guimarães,Portugal
Domingos Alexandre Martins da Costa,69,RWB,,0,,3,70,51,71,68,66,60,"175cm | 5'9""",0,-,-,Vitória de Guimarães,Portugal
Custódio Miguel Dias de Castro,69,CDM,,0,,3,70,59,65,64,72,62,"180cm | 5'11""",0,-,-,Vitória de Guimarães,Portugal
Peter Kopteff,69,LW,,0,,2,74,61,61,71,51,61,"180cm | 5'11""",0,-,-,Aalesunds FK,Finland
Dorus de Vries,69,GK,,0,,4,71,56,74,69,54,60,"191cm | 6'3""",0,-,-,Swansea City,Netherlands
Andwelé Slory,69,RW,,0,,3,86,57,53,74,50,54,"170cm | 5'7""",0,-,-,Feyenoord,Netherlands
Antoine van der Linden,69,CB,,0,,3,66,50,56,46,70,72,"189cm | 6'2""",0,-,-,Heracles Almelo,Netherlands
Xavier Collin,69,LB,,0,,3,68,44,61,50,69,64,"174cm | 5'9""",0,-,-,Montpellier Hérault Sport Club,France
Eirik Bakke,69,CM,,0,,3,72,55,65,59,74,76,"188cm | 6'2""",0,-,-,SK Brann,Norway
Jonas Henriksson,69,RW,,0,,3,71,66,70,64,63,58,"175cm | 5'9""",0,-,-,BK Häcken,Sweden
Julien Rodriguez,69,CB,,0,,4,61,37,52,42,73,73,"182cm | 6'0""",0,-,-,Olympique de Marseille,France
Shola Ameobi,69,ST,,0,,2,69,65,44,71,58,71,"191cm | 6'3""",0,-,-,Newcastle United,England
Martin Retov,69,CM,,0,,3,65,63,68,65,67,48,"178cm | 5'10""",0,-,-,Hansa Rostock,Denmark
Chong-Gug Song,69,RWB,,0,,3,71,62,68,67,66,52,"175cm | 5'9""",0,-,-,Suwon Samsung Bluewings,Korea Republic
Koen Daerden,69,LM,,0,,3,63,66,68,61,69,67,"191cm | 6'3""",0,-,-,Club Brugge KV,Belgium
Patrik Gerrbrand,69,CB,,0,,3,75,37,41,29,70,74,"186cm | 6'1""",0,-,-,Hammarby,Sweden
Jonas Olsson,69,CB,,0,,3,63,57,62,57,68,74,"193cm | 6'4""",0,-,-,West Bromwich Albion,Sweden
Eduardo Nascimento Costa,69,CDM,,0,,4,68,59,69,64,69,66,"186cm | 6'1""",0,-,-,AS Monaco FC,Brazil
Paolo Castellini,69,LB,,0,,3,74,42,61,61,66,58,"184cm | 6'0""",0,-,-,Parma,Italy
Diego Tristán Herrera,69,ST,,0,,5,65,71,48,69,47,61,"186cm | 6'1""",0,-,-,Cádiz CF,Spain
Petter Wastå,69,GK,,0,,3,69,71,59,68,36,73,"186cm | 6'1""",0,-,-,Kalmar FF,Sweden
Marc Schneider,69,LB,,0,,2,67,51,49,54,69,68,"180cm | 5'11""",0,-,-,BSC Young Boys,Switzerland
Soumaila Coulibaly,69,CAM,,0,,3,70,74,63,65,57,58,"179cm | 5'10""",0,-,-,FSV Frankfurt,Mali
Michael Stewart,69,CM,,0,,3,60,67,67,72,68,62,"180cm | 5'11""",0,-,-,Heart of Midlothian,Scotland
Rafael Schmitz,69,CB,,0,,3,65,48,52,41,70,73,"182cm | 6'0""",0,-,-,Valenciennes FC,Brazil
Djibril Sidibé,69,CDM,,0,,3,70,61,62,62,73,70,"180cm | 5'11""",0,-,-,CS Sedan Ardennes,Mali
Marius Johnsen,69,LWB,,0,,3,71,70,57,49,64,86,"185cm | 6'1""",0,-,-,Lillestrøm SK,Norway
Brad Davis,69,LM,,0,,4,71,66,70,64,54,56,"180cm | 5'11""",0,-,-,Houston Dynamo,United States
Markus Schuler,69,LB,,0,,3,69,47,67,62,67,65,"183cm | 6'0""",0,-,-,Arminia Bielefeld,Germany
Jiri Kaufman,69,ST,,0,,3,74,64,60,67,57,61,"179cm | 5'10""",0,-,-,Bohemians 1905,Czech Republic
Marco Rose,69,LB,,0,,3,67,47,58,47,69,66,"187cm | 6'2""",0,-,-,1. FSV Mainz 05,Germany
Edwin de Graaf,69,RM,,0,,3,68,65,64,66,67,64,"185cm | 6'1""",0,-,-,NAC Breda,Netherlands
Manuel Belleri,69,RB,,0,,3,73,53,62,57,66,66,"176cm | 5'9""",0,-,-,Lecce,Italy
Nicky Weaver,69,GK,,0,,3,65,64,67,70,52,64,"193cm | 6'4""",0,-,-,Dundee United,England
Ruud Knol,69,CB,,0,,3,66,51,57,49,68,74,"186cm | 6'1""",0,-,-,Sparta Rotterdam,Netherlands
Stef Wils,69,CB,,0,,3,62,52,60,55,69,67,"186cm | 6'1""",0,-,-,KAA Gent,Belgium
Marcus Allbäck,69,ST,,0,,3,66,69,50,66,57,70,"180cm | 5'11""",0,-,-,Örgryte IS,Sweden
Francesco Pratali,69,SW,,0,,3,68,47,58,59,67,74,"180cm | 5'11""",0,-,-,F. Torino,Italy
Yohann Hautcoeur,69,CDM,,0,,3,67,61,70,64,66,66,"179cm | 5'10""",0,-,-,A.S. Saint-Etienne,France
Riccardo Allegretti,69,CAM,,0,,3,64,68,71,68,55,55,"171cm | 5'7""",0,-,-,Bari,Italy
Kelly Berville,69,CB,,0,,3,68,49,55,55,69,66,"179cm | 5'10""",0,-,-,Paços Ferreira,France
Jermaine Johnson,69,RM,,0,,4,85,63,59,75,57,52,"185cm | 6'1""",0,-,-,Sheffield Wednesday,Jamaica
Espen Bugge Pettersen,69,GK,,0,,2,72,59,57,75,48,66,"189cm | 6'2""",0,-,-,Sandefjord Fotball,Norway
Dennis Sørensen,69,CF,,0,,3,79,61,60,60,61,82,"193cm | 6'4""",0,-,-,Energie Cottbus,Denmark
Joe Murphy,69,GK,,0,,3,72,68,57,72,52,65,"188cm | 6'2""",0,-,-,Scunthorpe United,Republic of Ireland
Mika Väyrynen,69,CAM,,0,,4,65,63,71,71,58,65,"181cm | 5'11""",0,-,-,sc Heerenveen,Finland
Carlos Alberto Fernandes,69,GK,,0,,2,72,67,65,70,22,69,"191cm | 6'3""",0,-,-,Rio Ave FC,Portugal
Jamie Smith,69,RW,,0,,4,79,64,61,73,49,42,"170cm | 5'7""",0,-,-,Colorado Rapids,Scotland
Darius Henderson,69,ST,,0,,4,63,67,53,67,58,76,"185cm | 6'1""",0,-,-,Sheffield United,England
Wayne Brown,69,CB,,0,,3,53,39,48,41,76,70,"183cm | 6'0""",0,-,-,Leicester City,England
Glen Little,69,RM,,0,,3,67,65,68,73,58,57,"191cm | 6'3""",0,-,-,Sheffield United,England
Ívar Ingimarsson,69,CB,,0,,3,60,32,53,52,73,76,"183cm | 6'0""",0,-,-,Reading,Iceland
Jay Bothroyd,69,ST,,0,,3,62,72,46,66,55,70,"191cm | 6'3""",0,-,-,Cardiff City,England
Lars Hirschfeld,69,GK,,0,,3,68,67,65,71,20,70,"190cm | 6'3""",0,-,-,Energie Cottbus,Canada
Lee Cook,69,LM,,0,,3,68,61,69,68,61,58,"175cm | 5'9""",0,-,-,Queens Park Rangers,England
Lloyd Doyley,69,RB,,0,,3,76,22,59,49,69,60,"178cm | 5'10""",0,-,-,Watford,England
Pablo Gonzalez Couñago,69,ST,,0,,3,62,71,49,70,56,62,"183cm | 6'0""",0,-,-,Ipswich Town,Spain
Stephen Bywater,69,GK,,0,,3,70,64,61,74,45,66,"188cm | 6'2""",0,-,-,Derby County,England
Stuart Parnaby,69,RB,,0,,3,73,49,56,49,66,72,"178cm | 5'10""",0,-,-,Birmingham City,England
Kristján Örn Sigurdsson,69,CB,,0,,3,85,37,50,33,66,66,"180cm | 5'11""",0,-,-,SK Brann,Iceland
Sascha Kirschstein,69,GK,,0,,3,68,60,64,71,46,68,"196cm | 6'5""",0,-,-,Rot-Weiß Ahlen,Germany
Pavel Drsek,69,CB,,0,,5,52,50,51,48,74,78,"191cm | 6'3""",0,-,-,FK Baumit Jablonec,Czech Republic
Antonio da Silva,69,CAM,,0,,4,67,66,73,74,48,44,"176cm | 5'9""",0,-,-,FC Basel 1893,Brazil
Adam Drury,69,LB,,0,,3,71,34,62,65,68,66,"180cm | 5'11""",0,-,-,Norwich City,England
Philipp Bönig,69,LB,,0,,2,69,48,63,57,68,68,"178cm | 5'10""",0,-,-,VfL Bochum,Germany
Chris Burke,69,RW,,0,,3,79,63,64,72,51,43,"175cm | 5'9""",0,-,-,Cardiff City,Scotland
Diego Luis López,69,CB,,0,,3,56,43,54,46,74,74,"180cm | 5'11""",0,-,-,Cagliari,Uruguay
Fahid Ben Khalfallah,69,RM,,0,,4,75,62,68,76,51,57,"174cm | 5'9""",0,-,-,Valenciennes FC,Tunisia
David Degen,69,RM,,0,,3,76,60,65,71,62,54,"183cm | 6'0""",0,-,-,BSC Young Boys,Switzerland
Bram Castro,69,GK,,0,,2,65,68,69,69,54,64,"191cm | 6'3""",0,-,-,Roda JC,Belgium
Moisés Hurtado Pérez,69,CDM,,0,,3,71,47,63,65,83,70,"185cm | 6'1""",0,-,-,R.C.D. Espanyol,Spain
Rubén González Rocha,69,CB,,0,,3,66,38,60,43,71,72,"187cm | 6'2""",0,-,-,R.C.D. Mallorca,Spain
Garikoitz Uranga Luluaga,69,CAM,,0,,3,68,68,68,71,56,66,"182cm | 6'0""",0,-,-,C.D. Castellón,Spain
Pablo Redondo Martínez,69,RM,,0,,3,74,65,68,66,56,66,"175cm | 5'9""",0,-,-,Club Gimnàstic,Spain
Rémi Gomis,69,CDM,,0,,3,69,58,63,63,75,72,"180cm | 5'11""",0,-,-,Valenciennes FC,Senegal
Antonio Jesús Vázquez Muñoz,69,CM,,0,,2,70,70,54,65,77,76,"182cm | 6'0""",0,-,-,R.C. Recreativo,Spain
Paolo Zanetti,69,CM,,0,,3,70,45,70,68,74,74,"186cm | 6'1""",0,-,-,F. Torino,Italy
Mohammed El Yaagoubi,69,LW,,0,,3,71,63,68,68,61,62,"170cm | 5'7""",0,-,-,Girona C.F.,Morocco
Mario Alberto Rosas Montero,69,CAM,,0,,4,66,70,71,75,51,56,"167cm | 5'6""",0,-,-,Real Murcia,Spain
Miguel Alfonso Pérez Aracil,69,RM,,0,,3,78,58,68,71,56,61,"176cm | 5'9""",0,-,-,Levante U.D.,Spain
Luigi Pieroni,69,ST,,0,,3,68,68,59,61,56,70,"187cm | 6'2""",0,-,-,Valenciennes FC,Belgium
Eric Chelle,69,CB,,0,,3,58,41,61,42,72,70,"175cm | 5'9""",0,-,-,Racing Club de Lens,Mali
Sébastien Chabaud,69,CM,,0,,3,70,62,64,67,66,69,"177cm | 5'10""",0,-,-,Royal Charleroi SC,France
Patrick Müller,69,CB,,0,,3,61,40,54,43,73,71,"182cm | 6'0""",0,-,-,AS Monaco FC,Switzerland
Sébastien Roudet,69,LM,,0,,2,77,66,65,67,58,60,"180cm | 5'11""",0,-,-,Racing Club de Lens,France
Fabio Celestini,69,CDM,,0,,3,69,50,67,63,77,72,"186cm | 6'1""",0,-,-,Getafe C.F.,Switzerland
Tyrone Mears,69,RB,,0,,2,69,32,67,48,70,66,"180cm | 5'11""",0,-,-,Burnley,Jamaica
Rémi Mareval,69,LWB,,0,,3,77,50,65,64,64,59,"182cm | 6'0""",0,-,-,FC Nantes,France
Birger Maertens,69,CB,,0,,2,64,40,59,51,71,66,"182cm | 6'0""",0,-,-,Heracles Almelo,Belgium
Benjamin De Ceulaer,69,CF,,0,,3,77,61,61,76,55,49,"174cm | 5'9""",0,-,-,RKC Waalwijk,Belgium
Marcel Schied,69,ST,,0,,3,80,65,53,67,48,52,"172cm | 5'8""",0,-,-,Hansa Rostock,Germany
Leon Andreasen,69,CDM,,0,,3,73,56,62,59,76,75,"188cm | 6'2""",0,-,-,Hannover 96,Denmark
David Rivas Rodríguez,69,CB,,0,,3,55,49,50,45,74,76,"190cm | 6'3""",0,-,-,Real Betis Balompié,Spain
Jacques Faty,69,CB,,0,,3,66,46,61,52,68,72,"183cm | 6'0""",0,-,-,FC Sochaux-Montbéliard,Senegal
Grégory Bourillon,69,CB,,0,,3,61,51,66,50,70,74,"187cm | 6'2""",0,-,-,Paris Saint-Germain,France
Sofian Chahed,69,RWB,,0,,4,73,51,63,64,66,52,"178cm | 5'10""",0,-,-,Hannover 96,Germany
Almir Lopes de Luna,69,CAM,,0,,4,73,65,61,72,64,60,"177cm | 5'10""",0,-,-,Ulsan Hyundai Horang-i,Brazil
André Luiz Silva do Nascimento,69,CB,,0,,3,64,47,54,38,71,76,"185cm | 6'1""",0,-,-,A.S. Nancy Lorraine,Brazil
Gorka Brit Gallego,69,CF,,0,,3,70,65,60,66,55,68,"174cm | 5'9""",0,-,-,Real Unión Club Irún,Spain
Fábio Pereira da Cruz,69,CB,,0,,3,66,48,43,40,70,80,"188cm | 6'2""",0,-,-,Coritiba,Brazil
Jo Gook Jung,69,ST,,0,,4,66,65,58,66,48,74,"185cm | 6'1""",0,-,-,FC Seoul,Korea Republic
Byung Ji Kim,69,GK,,0,,2,66,69,44,78,64,72,"184cm | 6'0""",0,-,-,GyeongNam FC,Korea Republic
Josh Wolff,69,ST,,0,,3,80,62,55,66,51,60,"173cm | 5'8""",0,-,-,Kansas City Wizards,United States
Ramon Zomer,69,CB,,0,,5,68,46,62,54,68,71,"184cm | 6'0""",0,-,-,N.E.C.,Netherlands
René Bolf,69,CB,,0,,3,55,47,57,50,73,78,"188cm | 6'2""",0,-,-,Baník Ostrava,Czech Republic
Lionel Cappone,69,GK,,0,,3,68,57,64,70,44,72,"182cm | 6'0""",0,-,-,FC Lorient Bretagne Sud,France
Biagio Pagano,69,RM,,0,,5,81,60,62,65,62,52,"178cm | 5'10""",0,-,-,Reggina,Italy
Thiago Gentil,69,CF,,0,,3,74,64,52,67,51,65,"178cm | 5'10""",0,-,-,Coritiba,Brazil
Darren Potter,69,CM,,0,,3,73,66,66,58,62,62,"185cm | 6'1""",0,-,-,Sheffield Wednesday,Republic of Ireland
Brian Ching,69,ST,,0,,3,73,65,48,64,65,82,"183cm | 6'0""",0,-,-,Houston Dynamo,United States
Ahmed Ammi,69,RWB,,0,,3,74,40,66,67,66,60,"179cm | 5'10""",0,-,-,ADO Den Haag,Morocco
Niels Wellenberg,69,RB,,0,,2,70,53,58,63,66,64,"180cm | 5'11""",0,-,-,N.E.C.,Netherlands
Civard Sprockel,69,CB,,0,,4,70,32,42,59,70,72,"182cm | 6'0""",0,-,-,Vitesse,Netherlands
Guirane N'Daw,69,CDM,,0,,2,69,58,65,59,78,78,"190cm | 6'3""",0,-,-,A.S. Saint-Etienne,Senegal
Stéphane Dumont,69,CDM,,0,,3,68,60,73,57,66,63,"183cm | 6'0""",0,-,-,LOSC Lille Métropole,France
Nicola Princivalli,69,CM,,0,,3,75,62,67,67,59,56,"180cm | 5'11""",0,-,-,Triestina,Italy
Salvatore Masiello,69,LM,,0,,4,79,63,61,66,64,60,"178cm | 5'10""",0,-,-,Bari,Italy
Vincenzo Sicignano,69,GK,,0,,2,67,60,67,68,58,66,"185cm | 6'1""",0,-,-,Frosinone,Italy
Davide Succi,69,ST,,0,,3,76,63,61,65,64,69,"184cm | 6'0""",0,-,-,Palermo,Italy
Sergio Bernal,69,GK,,0,,3,68,65,68,71,24,68,"188cm | 6'2""",0,-,-,U.N.A.M.,Mexico
Joaquín Beltrán,69,CB,,0,,3,66,46,48,59,70,72,"186cm | 6'1""",0,-,-,Querétaro,Mexico
Álvaro Luiz Maior De Aquino,69,CB,,0,,3,62,49,37,51,72,74,"182cm | 6'0""",0,-,-,Flamengo,Brazil
João Henrique Pataco Tomás,69,ST,,0,,4,66,67,51,66,65,78,"188cm | 6'2""",0,-,-,Rio Ave FC,Portugal
Jesús Arellano,69,RW,,0,,5,71,59,71,73,60,65,"171cm | 5'7""",0,-,-,Monterrey,Mexico
Brian Howard,69,CAM,,0,,3,72,74,64,66,54,52,"173cm | 5'8""",0,-,-,Reading,England
Rogerio Luiz Da Silva,69,ST,,0,,4,69,68,57,67,52,58,"182cm | 6'0""",0,-,-,Grasshopper-Club,Brazil
Gino Padula,69,LB,,0,,2,67,53,68,61,67,62,"179cm | 5'10""",0,-,-,Columbus Crew,Argentina
Kevin McKenna,69,CB,,0,,3,53,59,61,47,71,80,"190cm | 6'3""",0,-,-,1. FC Köln,Canada
Sherjill MacDonald,69,ST,,0,,3,76,64,44,69,58,68,"181cm | 5'11""",0,-,-,Germinal Beerschot,Netherlands
Mark-Jan Fledderus,69,LM,,0,,3,70,66,63,62,66,53,"178cm | 5'10""",0,-,-,Heracles Almelo,Netherlands
Tomás Campos,69,LWB,,0,,2,72,60,67,61,65,60,"165cm | 5'5""",0,-,-,Indios,Mexico
Ismaël Bouzid,69,CB,,0,,3,64,51,49,52,69,76,"190cm | 6'3""",0,-,-,Heart of Midlothian,France
Tal Ben-Haim,69,CB,,0,,3,56,38,48,39,75,79,"185cm | 6'1""",0,-,-,Portsmouth,Israel
Cláudio Andrés Maldonado,69,CDM,,0,,3,67,50,71,65,73,60,"174cm | 5'9""",0,-,-,Flamengo,Chile
Ricardo Alberto Medeiros Chaves,69,CM,,0,,3,66,63,66,61,69,71,"180cm | 5'11""",0,-,-,Rio Ave FC,Portugal
Sammy Bossut,69,GK,,0,,3,69,66,61,71,65,63,"187cm | 6'2""",0,-,-,SV Zulte-Waregem,Belgium
Reynald Lemaître,69,LB,,0,,3,68,53,63,63,66,72,"175cm | 5'9""",0,-,-,A.S. Nancy Lorraine,France
Rubén Palazuelos García,69,CM,,0,,3,65,64,66,72,64,72,"185cm | 6'1""",0,-,-,Heart of Midlothian,Spain
Juan Luis Fernández Redondo,69,RB,,0,,3,71,58,66,54,67,56,"177cm | 5'10""",0,-,-,Xerez C.D.,Spain
José Sosa,69,RM,,0,,4,77,66,71,77,44,54,"182cm | 6'0""",0,-,-,Bayern München,Argentina
Kemal Aslan,69,CM,,0,,3,75,59,69,69,60,60,"176cm | 5'9""",0,-,-,Bursaspor,Turkey
Ali Mehmet Güneş,69,CDM,,0,,4,77,52,65,68,71,68,"176cm | 5'9""",0,-,-,Kasımpaşa SK,Turkey
Baki Mercimek,69,CB,,0,,2,67,41,57,56,68,74,"184cm | 6'0""",0,-,-,Ankaraspor,Turkey
Mehmet Yozgatlı,69,RW,,0,,2,77,58,70,73,63,60,"181cm | 5'11""",0,-,-,Gaziantepspor,Turkey
Çağdaş Atan,69,CB,,0,,3,61,50,55,52,70,74,"187cm | 6'2""",0,-,-,FC Basel 1893,Turkey
Marcos Márquez Lebrero,69,ST,,0,,4,70,67,53,62,50,72,"186cm | 6'1""",0,-,-,U.D. Las Palmas,Spain
José Francisco Mora Aldava,69,CB,,0,,3,61,54,58,53,71,68,"186cm | 6'1""",0,-,-,R.C. Recreativo,Spain
Saúl Fernández García,69,RM,,0,,3,72,65,66,72,57,56,"176cm | 5'9""",0,-,-,Elche C.F.,Spain
Antonio López Álvarez,69,LM,,0,,3,68,66,68,67,60,56,"173cm | 5'8""",0,-,-,Albacete Balompié,Spain
Sergio Ortega González,69,CB,,0,,3,69,46,64,55,68,70,"182cm | 6'0""",0,-,-,R.C. Celta,Spain
Anderson Silva de França,69,CM,,0,,3,71,62,67,73,59,54,"188cm | 6'2""",0,-,-,Barnsley,Brazil
Juan Jesús Gutiérrez Robles,69,CDM,,0,,2,66,53,67,60,78,72,"186cm | 6'1""",0,-,-,Málaga C.F.,Spain
Mihai Mircea Neşu,69,LB,,0,,3,72,48,68,66,66,64,"176cm | 5'9""",0,-,-,FC Utrecht,Romania
Ali Al-Habsi,69,GK,,0,,2,74,67,61,71,59,60,"194cm | 6'4""",0,-,-,Bolton Wanderers,Oman
Jan Derek Sørensen,69,RW,,0,,3,75,66,61,58,51,64,"178cm | 5'10""",0,-,-,FK Bodø/Glimt ,Norway
Marcel Meeuwis,69,CM,,0,,4,71,54,71,71,65,59,"173cm | 5'8""",0,-,-,Borussia M'gladbach,Netherlands
Jurgen Wevers,69,GK,,0,,2,68,59,73,63,57,65,"202cm | 6'8""",0,-,-,RKC Waalwijk,Netherlands
Guglielmo Stendardo,69,CB,,0,,3,55,36,54,38,75,76,"190cm | 6'3""",0,-,-,Lazio,Italy
Luigi Andrea Della Rocca,69,ST,,0,,3,65,67,55,67,59,72,"185cm | 6'1""",0,-,-,Triestina,Italy
Daniele Corvia,69,CF,,0,,3,74,65,45,68,60,69,"183cm | 6'0""",0,-,-,Lecce,Italy
Daryl Murphy,69,ST,,0,,3,67,66,60,58,61,82,"189cm | 6'2""",0,-,-,Sunderland,Republic of Ireland
Vangelis Moras,69,CB,,0,,3,67,36,49,56,70,64,"193cm | 6'4""",0,-,-,Bologna,Greece
Grigoris Makos,69,CDM,,0,,3,73,56,65,60,71,64,"183cm | 6'0""",0,-,-,AEK Athens,Greece
Markus Brzenska,69,CB,,0,,3,65,46,49,34,72,73,"196cm | 6'5""",0,-,-,Energie Cottbus,Germany
Sékou Baradji,69,CDM,,0,,3,70,59,64,62,72,74,"185cm | 6'1""",0,-,-,Naval 1° de Maio,France
Chris Sørensen,69,LB,,0,,1,67,56,65,59,68,52,"186cm | 6'1""",0,-,-,Odense Boldklub,Denmark
Kasper Lorentzen,69,CAM,,0,,5,84,65,64,81,44,42,"180cm | 5'11""",0,-,-,Randers FC,Denmark
Kelvin Davis,69,GK,,0,,3,66,67,64,70,61,65,"185cm | 6'1""",0,-,-,Southampton,England
Liam Rosenior,69,RB,,0,,4,76,55,58,65,64,63,"178cm | 5'10""",0,-,-,Ipswich Town,England
Danny Pugh,69,LM,,0,,2,72,55,69,68,65,62,"183cm | 6'0""",0,-,-,Stoke City,England
Chris Cohen,69,CM,,0,,3,66,61,71,65,63,51,"178cm | 5'10""",0,-,-,Nottingham Forest,England
Hernán Losada,69,CAM,,0,,4,69,64,72,76,50,62,"171cm | 5'7""",0,-,-,sc Heerenveen,Argentina
Atle Roar Håland,69,CB,,0,,3,67,45,46,40,71,70,"187cm | 6'2""",0,-,-,Odense Boldklub,Norway
Danny Olsen,69,RM,,0,,3,79,64,62,69,61,63,"186cm | 6'1""",0,-,-,FC Midtjylland,Denmark
Aloys Bertrand Nong,69,ST,,0,,3,81,63,49,68,55,62,"180cm | 5'11""",0,-,-,KV Mechelen,Cameroon
Wojciech Łobodziński,69,RW,,0,,3,69,66,64,71,48,52,"188cm | 6'2""",0,-,-,Wisła Kraków,Poland
Fernando Vega Torres,69,LB,,0,,3,71,37,67,59,67,64,"177cm | 5'10""",0,-,-,Real Betis Balompié,Spain
Lewis Buxton,69,RB,,0,,3,71,36,61,52,68,66,"185cm | 6'1""",0,-,-,Sheffield Wednesday,England
Casto,69,GK,,0,,3,72,71,61,72,36,62,"182cm | 6'0""",0,-,-,Real Betis Balompié,Spain
Martin Cranie,69,CB,,0,,4,66,41,56,51,70,62,"186cm | 6'1""",0,-,-,Coventry City,England
Shaun Barker,69,RB,,0,,3,57,44,56,62,71,68,"188cm | 6'2""",0,-,-,Derby County,England
Christoph Janker,69,CB,,0,,3,70,38,44,43,70,69,"185cm | 6'1""",0,-,-,Hertha BSC,Germany
Nicky Adler,69,RF,,0,,3,79,63,50,68,51,66,"183cm | 6'0""",0,-,-,MSV Duisburg,Germany
Richard Wood,69,CB,,0,,3,68,31,44,41,71,70,"191cm | 6'3""",0,-,-,Sheffield Wednesday,England
Thomas Buffel,69,CAM,,0,,4,69,66,70,73,55,56,"175cm | 5'9""",0,-,-,KRC Genk,Belgium
Jonathan Legear,69,RW,,0,,3,86,59,60,71,51,54,"179cm | 5'10""",0,-,-,RSC Anderlecht,Belgium
Franck Dja Djédjé,69,ST,,0,,3,77,60,51,78,54,57,"176cm | 5'9""",0,-,-,Vannes OC,France
Christophe Berra,69,CB,,0,,3,68,15,52,49,71,74,"185cm | 6'1""",0,-,-,Wolverhampton Wanderers,Scotland
Joel Huiqui,69,CB,,0,,3,69,39,50,48,70,71,"184cm | 6'0""",0,-,-,Cruz Azul,Mexico
Tim Sebastian,69,CB,,0,,3,67,58,59,52,67,74,"187cm | 6'2""",0,-,-,Hansa Rostock,Germany
Mario Carevič,69,CAM,,0,,4,61,68,73,68,56,52,"186cm | 6'1""",0,-,-,Sporting Lokeren OV,Croatia
Djamel Mesbah,69,LM,,0,,2,71,62,67,65,64,59,"180cm | 5'11""",0,-,-,Lecce,Algeria
Christian Demirtas,69,RWB,,0,,4,74,51,58,64,66,66,"173cm | 5'8""",0,-,-,Karlsruher SC,Germany
Richard Socrier,69,ST,,0,,3,69,67,50,61,59,77,"186cm | 6'1""",0,-,-,Stade Brestois 29,France
Rowan Vine,69,ST,,0,,3,70,63,60,69,60,66,"185cm | 6'1""",0,-,-,Queens Park Rangers,England
Ibrahim Sekagya,69,CB,,0,,4,64,35,48,54,72,70,"185cm | 6'1""",0,-,-,FC Red Bull Salzburg,Uganda
Carlos Pinto,69,CM,,0,,3,72,59,67,63,65,56,"167cm | 5'6""",0,-,-,Querétaro,Mexico
Gianluca Galasso,69,RB,,0,,4,70,49,64,55,67,66,"182cm | 6'0""",0,-,-,Salerno,Italy
Damien Delaney,69,LB,,0,,3,69,50,58,48,69,50,"191cm | 6'3""",0,-,-,Ipswich Town,Republic of Ireland
Richard Dostálek,69,CM,,0,,3,68,62,68,61,69,66,"192cm | 6'4""",0,-,-,1. FC Brno,Czech Republic
Danny Szetela,69,CM,,0,,3,79,63,62,64,63,72,"181cm | 5'11""",0,-,-,D.C. United,United States
Andreas Dober,69,RB,,0,,4,71,55,54,49,68,64,"182cm | 6'0""",0,-,-,SK Rapid Wien,Austria
Daniele Vantaggiato,69,ST,,0,,4,64,69,58,64,55,66,"177cm | 5'10""",0,-,-,F. Torino,Italy
Joseba Garmendia Elorriaga,69,CAM,,0,,3,70,68,66,70,59,61,"182cm | 6'0""",0,-,-,C.D. Numancia,Spain
Antimo Iunco,69,ST,,0,,3,71,64,60,67,65,69,"174cm | 5'9""",0,-,-,Cittadella,Italy
Simon Walton,69,CB,,0,,3,72,52,54,55,67,64,"186cm | 6'1""",0,-,-,Crewe Alexandra,England
Chris Eagles,69,RM,,0,,3,80,66,70,76,43,44,"183cm | 6'0""",0,-,-,Burnley,England
Paul Gallagher,69,ST,,0,,3,74,62,51,67,54,74,"183cm | 6'0""",0,-,-,Leicester City,Scotland
Roland Lamah,69,LW,,0,,3,75,61,56,71,47,63,"180cm | 5'11""",0,-,-,Le Mans Union Club 72,Belgium
Liam Fontaine,69,CB,,0,,3,71,27,46,48,71,66,"180cm | 5'11""",0,-,-,Bristol City,England
Tom Heaton,69,GK,,0,,3,74,67,57,70,35,69,"185cm | 6'1""",0,-,-,Queens Park Rangers,England
Gabriel Ribas Ródenas,69,GK,,0,,3,68,67,72,66,39,65,"190cm | 6'3""",0,-,-,U.D. Salamanca,Spain
Alessandro Noselli,69,ST,,0,,3,70,68,62,64,58,62,"177cm | 5'10""",0,-,-,Sassuolo,Italy
Davide Moro,69,CM,,0,,2,72,51,68,67,72,68,"176cm | 5'9""",0,-,-,Livorno,Italy
Franck Berrier,69,RM,,0,,4,73,62,73,67,53,50,"174cm | 5'9""",0,-,-,SV Zulte-Waregem,France
Michele Canini,69,CB,,0,,3,59,39,61,40,72,76,"187cm | 6'2""",0,-,-,Cagliari,Italy
Matt Jarvis,69,LM,,0,,3,78,56,71,69,54,54,"173cm | 5'8""",0,-,-,Wolverhampton Wanderers,England
Aurélien Capoue,69,LW,,0,,1,74,61,72,69,62,58,"185cm | 6'1""",0,-,-,AJ Auxerre,France
Paulino Lopes Tavares,69,LW,,0,,3,74,64,58,71,47,53,"173cm | 5'8""",0,-,-,Trelleborgs FF,Portugal
Julien Féret,69,CAM,,0,,4,73,63,69,69,54,59,"187cm | 6'2""",0,-,-,A.S. Nancy Lorraine,France
Tyrone Loran,69,RB,,0,,1,69,39,48,40,70,70,"188cm | 6'2""",0,-,-,NAC Breda,Netherlands Antilles
Maceo Rigters,69,ST,,0,,3,77,61,54,63,52,78,"179cm | 5'10""",0,-,-,Blackburn Rovers,Netherlands
Filippo Antonelli Agomeri,69,RM,,0,,4,74,64,69,67,54,56,"172cm | 5'8""",0,-,-,Bari,Italy
Graziano Pellè,69,ST,,0,,3,69,67,49,63,61,78,"193cm | 6'4""",0,-,-,AZ Alkmaar,Italy
Scott Robertson,69,CM,,0,,3,70,56,68,70,69,65,"183cm | 6'0""",0,-,-,Dundee United,Scotland
Michael Parkhurst,69,CB,,0,,3,69,39,52,51,70,68,"178cm | 5'10""",0,-,-,FC Nordsjælland,United States
Yoav Ziv,69,RWB,,0,,4,71,67,65,70,64,58,"176cm | 5'9""",0,-,-,Sporting Lokeren OV,Israel
Hamdi Kasraoui,69,GK,,0,,3,75,66,61,69,58,59,"192cm | 6'4""",0,-,-,Racing Club de Lens,Tunisia
Fabien Camus,69,CAM,,0,,4,66,68,71,71,54,56,"179cm | 5'10""",0,-,-,KRC Genk,Tunisia
Itumeleng Khune,69,GK,,0,,3,68,70,65,67,32,68,"180cm | 5'11""",0,-,-,Kaizer Chiefs,South Africa
Jorge Ortiz,69,CM,,0,,3,64,64,70,69,63,58,"180cm | 5'11""",0,-,-,A. Solna,Argentina
Arthur Zwane,69,RM,,0,,3,64,64,72,68,62,69,"186cm | 6'1""",0,-,-,Kaizer Chiefs,South Africa
Barry Murphy,69,GK,,0,,3,66,70,63,74,34,66,"180cm | 5'11""",0,-,-,Shamrock Rovers,Republic of Ireland
Mario Rodríguez,69,GK,,0,,4,65,70,64,71,56,63,"184cm | 6'0""",0,-,-,U.A.G.,Mexico
Emilio López,69,LM,,0,,3,72,55,69,66,65,38,"169cm | 5'7""",0,-,-,Querétaro,Mexico
Kerrea Gilbert,69,RB,,0,,3,81,46,52,63,64,58,"175cm | 5'9""",0,-,-,Arsenal,England
Emilio Nsue López,69,ST,,0,,4,79,59,59,71,53,68,"178cm | 5'10""",0,-,-,Real Sociedad,Spain
Scott Loach,69,GK,,0,,3,69,64,59,74,56,64,"185cm | 6'1""",0,-,-,Watford,England
Chris Maguire,69,CF,,0,,3,76,60,60,73,41,60,"170cm | 5'7""",0,-,-,Aberdeen,Scotland
Morgan Amalfitano,69,CM,,0,,3,64,64,71,65,64,54,"176cm | 5'9""",0,-,-,FC Lorient Bretagne Sud,France
Tiago Calvano,69,CB,,0,,3,64,50,62,57,68,69,"188cm | 6'2""",0,-,-,MSV Duisburg,Brazil
Carmona,69,RW,,0,,3,73,61,65,71,52,66,"177cm | 5'10""",0,-,-,R.C. Recreativo,Spain
Julián Omar Ramos Suárez,69,RM,,0,,3,73,58,72,71,55,54,"172cm | 5'8""",0,-,-,C.D. Tenerife,Spain
Tomislav Mikulic,69,CB,,0,,3,65,49,60,53,69,70,"186cm | 6'1""",0,-,-,Germinal Beerschot,Croatia
Grégory Beranger,69,LB,,0,,3,74,51,66,69,65,62,"174cm | 5'9""",0,-,-,U.D. Las Palmas,France
David Obua,69,LM,,0,,3,70,64,65,77,58,66,"177cm | 5'10""",0,-,-,Heart of Midlothian,Uganda
Paul Dixon,69,LB,,0,,3,66,37,69,64,68,68,"175cm | 5'9""",0,-,-,Dundee United,Scotland
Oleksandr Iakovenko,69,CF,,0,,4,78,60,61,72,47,56,"183cm | 6'0""",0,-,-,KVC Westerlo,Ukraine
Thorsten Stuckmann,69,GK,,0,,3,78,68,55,71,46,65,"199cm | 6'6""",0,-,-,Alemannia Aachen,Germany
Rogerio Pereira Tarciso,69,CAM,,0,,4,66,64,73,71,54,58,"187cm | 6'2""",0,-,-,TuS Koblenz,Brazil
Kelly Youga,69,LB,,0,,2,75,39,49,60,67,66,"185cm | 6'1""",0,-,-,Charlton Athletic,Central African Republic
Wilson Tiago Mathías,69,CDM,,0,,3,72,56,61,68,76,74,"186cm | 6'1""",0,-,-,Monarcas Morelia,Brazil
Magne Simonsen,69,RB,,0,,4,75,61,67,62,64,57,"182cm | 6'0""",0,-,-,FC Lyn Oslo,Norway
David Rodríguez,69,ST,,0,,3,70,65,60,67,51,70,"178cm | 5'10""",0,-,-,U.D. Almería,Spain
Mirko Casper,69,CB,,0,,4,71,43,60,55,67,66,"183cm | 6'0""",0,-,-,Alemannia Aachen,Germany
Cheik Ismael Tioté,69,CM,,0,,2,73,48,64,70,77,69,"180cm | 5'11""",0,-,-,FC Twente,Ivory Coast
Óscar Díaz González,69,CF,,0,,3,70,64,64,69,56,64,"185cm | 6'1""",0,-,-,R.C.D. Mallorca,Spain
Dimas Delgado Morgado,69,CM,,0,,4,70,54,66,73,69,64,"178cm | 5'10""",0,-,-,C.D. Numancia,Spain
Roman Bednář,69,ST,,0,,3,69,66,54,65,53,72,"190cm | 6'3""",0,-,-,West Bromwich Albion,Czech Republic
Ján Mucha,69,GK,,0,,3,62,71,66,67,53,68,"189cm | 6'2""",0,-,-,Legia Warszawa,Slovakia
Dawid Janczyk,69,ST,,0,,4,73,63,58,69,55,66,"184cm | 6'0""",0,-,-,Sporting Lokeren OV,Poland
Henrique Sereno Fonseca,69,CB,,0,,3,65,45,54,53,70,70,"188cm | 6'2""",0,-,-,Vitória de Guimarães,Portugal
William Tiero,69,CAM,,0,,3,75,60,64,69,63,68,"174cm | 5'9""",0,-,-,Académica Coimbra,Ghana
Tommy Spurr,69,LB,,0,,3,74,53,56,52,67,66,"185cm | 6'1""",0,-,-,Sheffield Wednesday,England
Luigi Bruins,69,CAM,,0,,4,68,66,69,74,53,58,"174cm | 5'9""",0,-,-,Feyenoord,Netherlands
Crespo,69,RB,,0,,3,75,28,59,34,69,62,"183cm | 6'0""",0,-,-,Real Racing Club,Spain
Andrew Surman,69,CM,,0,,3,66,66,69,66,62,58,"178cm | 5'10""",0,-,-,Wolverhampton Wanderers,England
Adrian Mariappa,69,CB,,0,,3,76,28,45,51,69,70,"180cm | 5'11""",0,-,-,Watford,England
Óscar Trejo,69,LF,,0,,3,75,59,65,73,48,66,"170cm | 5'7""",0,-,-,Elche C.F.,Argentina
Mohamed Fofana,69,CB,,0,,3,60,41,50,38,73,74,"181cm | 5'11""",0,-,-,Toulouse FC,France
Ivan Castiglia,69,CM,,0,,3,74,58,65,62,70,65,"181cm | 5'11""",0,-,-,Cittadella,Italy
Dragan Bogavac,69,ST,,0,,4,75,62,60,70,52,58,"169cm | 5'7""",0,-,-,1. FSV Mainz 05,Serbia
Sone Aluko,69,LW,,0,,3,88,57,55,78,52,48,"173cm | 5'8""",0,-,-,Aberdeen,Nigeria
James Tomkins,69,CB,,0,,2,63,32,50,43,71,84,"191cm | 6'3""",0,-,-,West Ham United,England
Jason Pearce,69,LB,,0,,3,74,27,52,42,69,68,"185cm | 6'1""",0,-,-,Bournemouth,England
Paul Caddis,69,RB,,0,,2,74,33,63,71,66,60,"170cm | 5'7""",0,-,-,Celtic,Scotland
Patrício Urrutia,69,CDM,,0,,4,71,65,58,72,69,62,"178cm | 5'10""",0,-,-,Flu. Rio de Janeiro,Ecuador
Dalibor Stevanovič,69,LM,,0,,4,65,68,74,72,52,63,"185cm | 6'1""",0,-,-,Vitesse,Slovenia
Randall Azofeifa,69,CM,,0,,2,61,69,69,66,62,57,"182cm | 6'0""",0,-,-,KAA Gent,Costa Rica
Vadis Odjidja-Ofoe,69,CM,,0,,3,71,61,63,70,69,66,"185cm | 6'1""",0,-,-,Club Brugge KV,Belgium
Sacha Kljestan,69,CAM,,0,,4,72,68,65,70,56,62,"185cm | 6'1""",0,-,-,Club Deportivo Chivas USA,United States
Leonardo A. Gomes Aro,69,CF,,0,,3,71,62,62,70,55,64,"177cm | 5'10""",0,-,-,Leixões SC,Brazil
Pontus Wernbloom,69,CAM,,0,,2,69,66,64,62,69,78,"186cm | 6'1""",0,-,-,AZ Alkmaar,Sweden
Mattias Bjärsmyr,69,CB,,0,,3,68,40,65,39,70,73,"186cm | 6'1""",0,-,-,Panathinaikos FC,Sweden
Erich Brabec,69,CB,,0,,4,56,52,62,45,72,71,"190cm | 6'3""",0,-,-,Ankaraspor,Czech Republic
Nicolás Medina Ríos,69,CF,,0,,3,74,63,49,71,54,68,"180cm | 5'11""",0,-,-,Club Atlético Osasuna,Chile
Ralph Gunesch,69,LB,,0,,4,72,49,61,51,66,69,"190cm | 6'3""",0,-,-,FC St. Pauli,Germany
Julian Schuster,69,CM,,0,,3,70,60,67,69,64,70,"190cm | 6'3""",0,-,-,SC Freiburg,Germany
Michel Simplicio Rosseto,69,ST,,0,,3,69,68,58,65,51,64,"180cm | 5'11""",0,-,-,Naval 1° de Maio,Brazil
Timothy Derijck,69,CB,,0,,4,65,41,56,64,70,68,"185cm | 6'1""",0,-,-,ADO Den Haag,Belgium
Adil Chihi,69,ST,,0,,2,79,62,56,72,47,56,"183cm | 6'0""",0,-,-,1. FC Köln,Morocco
Arnhold Rivas,69,ST,,0,,5,74,62,66,68,46,58,"176cm | 5'9""",0,-,-,América,Mexico
Yann Sommer,69,GK,,0,,3,71,64,57,77,46,63,"181cm | 5'11""",0,-,-,Grasshopper-Club,Switzerland
Kévin Monnet-Paquet,69,CF,,0,,3,77,62,57,70,44,56,"183cm | 6'0""",0,-,-,Racing Club de Lens,France
Cissé,69,CF,,0,,4,72,64,59,67,51,62,"178cm | 5'10""",0,-,-,FC Metz,Senegal
Yves De Winter,69,GK,,0,,2,67,64,63,71,51,67,"187cm | 6'2""",0,-,-,KVC Westerlo,Belgium
Stefano Okaka,69,ST,,0,,3,79,67,36,64,56,70,"186cm | 6'1""",0,-,-,Roma,Italy
Miguel Pallardó González,69,CDM,,0,,3,69,60,65,66,72,70,"173cm | 5'8""",0,-,-,Levante U.D.,Spain
Ryan Donk,69,CB,,0,,3,68,32,55,50,70,76,"192cm | 6'4""",0,-,-,Club Brugge KV,Netherlands
Ayodele Adeleye,69,CB,,0,,1,70,38,43,40,70,78,"185cm | 6'1""",0,-,-,Sparta Rotterdam,Nigeria
Scott Arfield,69,CAM,,0,,3,73,60,67,71,63,61,"178cm | 5'10""",0,-,-,Falkirk,Scotland
Marius Zaliukas,69,CB,,0,,3,53,45,47,60,74,68,"188cm | 6'2""",0,-,-,Heart of Midlothian,Lithuania
Manuel Pavón Castro,69,RB,,0,,3,69,47,62,57,68,66,"187cm | 6'2""",0,-,-,C.D. Numancia,Spain
Antonio Narciso,69,GK,,0,,2,61,65,71,65,30,76,"185cm | 6'1""",0,-,-,Modena,Italy
Javier García,69,GK,,0,,1,70,68,56,73,55,66,"182cm | 6'0""",0,-,-,Boca Juniors,Argentina
Valeri Domovchiyski,69,CF,,0,,3,72,65,51,71,56,66,"180cm | 5'11""",0,-,-,Hertha BSC,Bulgaria
Rouwen Hennings,69,LF,,0,,3,76,64,56,63,52,65,"180cm | 5'11""",0,-,-,FC St. Pauli,Germany
Tijan Jaiteh,69,CM,,0,,3,75,52,65,66,71,64,"188cm | 6'2""",0,-,-,SK Brann,Gambia
Adel Taarabt,69,CAM,,0,,4,72,68,65,81,51,50,"180cm | 5'11""",0,-,-,Queens Park Rangers,Morocco
Joaquin Larrivey,69,ST,,0,,3,70,66,45,66,59,78,"185cm | 6'1""",0,-,-,Cagliari,Argentina
Marcel Heller,69,ST,,0,,4,81,63,48,64,49,67,"173cm | 5'8""",0,-,-,Eintracht Frankfurt,Germany
Ragnar Sigurdsson,69,CB,,0,,3,68,42,50,40,70,76,"187cm | 6'2""",0,-,-,I. Göteborg,Iceland
Miguel Ángel Nieto De la Calle,69,RM,,0,,3,82,62,64,71,55,66,"183cm | 6'0""",0,-,-,U.D. Almería,Spain
Sung Yueng Ki,69,CM,,0,,3,65,62,71,72,62,64,"186cm | 6'1""",0,-,-,FC Seoul,Korea Republic
Martin Müller,69,CB,,0,,2,54,58,49,42,73,69,"182cm | 6'0""",0,-,-,1. FK Příbram,Czech Republic
Michal Vorel,69,GK,,0,,3,64,70,60,63,59,78,"196cm | 6'5""",0,-,-,Mladá Boleslav,Czech Republic
Thiago Heleno H. Ferreira,69,CB,,0,,2,77,30,28,25,71,68,"185cm | 6'1""",0,-,-,Cruzeiro,Brazil
Rasmus Bengtsson,69,CB,,0,,3,67,40,52,42,70,69,"186cm | 6'1""",0,-,-,Hertha BSC,Sweden
Djamel Bakar,69,ST,,0,,3,76,64,51,67,47,66,"171cm | 5'7""",0,-,-,A.S. Nancy Lorraine,France
Dejan Milovanović,69,CM,,0,,4,64,68,67,64,65,62,"180cm | 5'11""",0,-,-,Racing Club de Lens,Serbia
Krisztián Németh,69,ST,,0,,2,81,65,44,70,50,58,"179cm | 5'10""",0,-,-,AEK Athens,Hungary
Martí Crespí Pascual,69,CB,,0,,3,72,45,57,51,67,68,"180cm | 5'11""",0,-,-,Elche C.F.,Spain
Jorge Damián Zamogilny,69,CDM,,0,,3,70,51,70,64,70,64,"172cm | 5'8""",0,-,-,U.A.G.,Argentina
Mergim Mavraj,69,CB,,0,,3,71,35,49,41,70,69,"189cm | 6'2""",0,-,-,VfL Bochum,Germany
Andy Carroll,69,ST,,0,,3,68,68,52,61,51,78,"191cm | 6'3""",0,-,-,Newcastle United,England
Carlos Sánchez,69,CDM,,0,,4,67,52,71,69,71,71,"182cm | 6'0""",0,-,-,Valenciennes FC,Colombia
Marcello Gazzola,69,RWB,,0,,3,75,56,62,59,65,56,"183cm | 6'0""",0,-,-,Ascoli,Italy
Matteo Rubin,69,LB,,0,,3,71,43,56,53,68,64,"183cm | 6'0""",0,-,-,F. Torino,Italy
Gavin Hoyte,69,CB,,0,,2,88,35,48,48,65,59,"177cm | 5'10""",0,-,-,Arsenal,England
Eric Maxim Choupo-Moting,69,RF,,0,,4,72,62,56,74,47,61,"189cm | 6'2""",0,-,-,1. FC Nürnberg,Germany
Modibo Maïga,69,ST,,0,,4,75,67,42,70,41,59,"185cm | 6'1""",0,-,-,Le Mans Union Club 72,Mali
Stefano Celozzi,69,RWB,,0,,3,79,43,73,76,63,55,"171cm | 5'7""",0,-,-,VfB Stuttgart,Germany
Mame Cheikh Niang,69,ST,,0,,3,75,65,48,61,55,83,"194cm | 6'4""",0,-,-,Viking FK,Senegal
Zavon Hines,69,CF,,0,,2,78,63,52,73,47,57,"178cm | 5'10""",0,-,-,West Ham United,Jamaica
André Ricardo Soares,69,RWB,,0,,3,74,45,62,64,67,53,"173cm | 5'8""",0,-,-,Vitória de Guimarães,Brazil
Bia,69,CAM,,0,,4,75,66,64,77,54,58,"176cm | 5'9""",0,-,-,Royal Charleroi SC,Belgium
Daniel Aquino Pintos,69,LF,,0,,3,73,64,64,69,42,54,"178cm | 5'10""",0,-,-,Real Murcia,Spain
Fabiano Medina Da Silva,69,CB,,0,,2,57,47,60,35,73,75,"189cm | 6'2""",0,-,-,Lecce,Brazil
Adrián López Rodríguez,69,RB,,0,,3,69,37,58,35,70,70,"184cm | 6'0""",0,-,-,R.C. Deportivo,Spain
Miroslav Stoch,69,RW,,0,,5,84,60,64,76,49,34,"168cm | 5'6""",0,-,-,FC Twente,Slovakia
Gaël Kakuta,69,LW,,0,,3,75,63,57,71,38,60,"176cm | 5'9""",0,-,-,Chelsea,France
Geert Arend Roorda,69,CM,,0,,3,66,59,66,72,68,62,"190cm | 6'3""",0,-,-,sc Heerenveen,Netherlands
Siem de Jong,69,CAM,,0,,4,68,62,68,66,63,64,"185cm | 6'1""",0,-,-,Ajax,Netherlands
Tom Hiariej,69,RWB,,0,,3,75,52,53,64,65,61,"178cm | 5'10""",0,-,-,FC Groningen,Netherlands
Sven Ulreich,69,GK,,0,,3,73,66,61,77,38,59,"192cm | 6'4""",0,-,-,VfB Stuttgart,Germany
Saif Ghezal,69,CB,,0,,4,61,38,60,53,71,70,"188cm | 6'2""",0,-,-,BSC Young Boys,Tunisia
Airton Ribeiro Santos,69,CDM,,0,,2,77,55,64,63,71,66,"180cm | 5'11""",0,-,-,Flamengo,Brazil
Camacho,69,CDM,,0,,3,75,45,70,54,77,77,"181cm | 5'11""",0,-,-,Atlético de Madrid,Spain
Douglas de Oliveira,69,ST,,0,,3,73,67,51,62,60,73,"186cm | 6'1""",0,-,-,Vitória de Guimarães,Brazil
Emilio José Sánchez Cuevas,69,CM,,0,,3,68,62,76,73,51,54,"176cm | 5'9""",0,-,-,R.C. Recreativo,Spain
Francesco Renzetti,69,LWB,,0,,3,78,51,60,58,65,62,"174cm | 5'9""",0,-,-,Padua,Italy
Aron Gunnarsson,69,CM,,0,,3,69,62,67,66,64,57,"177cm | 5'10""",0,-,-,Coventry City,Iceland
Marcus Plínio Diniz Paixão,69,CB,,0,,3,73,32,38,42,70,70,"182cm | 6'0""",0,-,-,Livorno,Brazil
Deniz Naki,69,CF,,0,,4,80,60,59,72,46,59,"176cm | 5'9""",0,-,-,FC St. Pauli,Germany
Bruno de Carlo Fuso,69,GK,,0,,2,68,67,63,70,44,65,"194cm | 6'4""",0,-,-,Atlético Mineiro,Brazil
Vladimir Weiss,69,RM,,0,,3,78,63,69,76,45,56,"176cm | 5'9""",0,-,-,Manchester City,Slovakia
Kevin Strootman,69,CM,,0,,4,66,68,70,65,58,53,"186cm | 6'1""",0,-,-,Sparta Rotterdam,Netherlands
Arnór Smárason,69,RF,,0,,4,73,66,57,63,59,69,"185cm | 6'1""",0,-,-,sc Heerenveen,Iceland
Sandro Luiz da Silva,69,CB,,0,,3,71,35,52,49,70,66,"184cm | 6'0""",0,-,-,S.C. Olhanense,Brazil
Ángel Bernabé Acosta,69,GK,,0,,3,67,70,69,67,40,64,"191cm | 6'3""",0,-,-,U.D. Salamanca,Spain
Paula Maciel Ozéia de,69,CB,,0,,3,64,40,49,43,71,74,"190cm | 6'3""",0,-,-,Paços Ferreira,Brazil
Aleksander Šeliga,69,GK,,0,,2,68,66,63,70,51,64,"186cm | 6'1""",0,-,-,Sparta Rotterdam,Slovenia
Mike Frantz,69,LW,,0,,5,73,62,63,68,68,64,"180cm | 5'11""",0,-,-,1. FC Nürnberg,Germany
Bernardo Vieira de Souza,69,CAM,,0,,3,71,69,69,70,50,55,"177cm | 5'10""",0,-,-,Cruzeiro,Brazil
Yasin Öztekin,69,CAM,,0,,4,78,61,63,76,57,48,"178cm | 5'10""",0,-,-,Borussia Dortmund,Germany
Werley Ananias da Silva,69,CB,,0,,3,71,45,50,56,69,66,"184cm | 6'0""",0,-,-,Atlético Mineiro,Brazil
Everton José Modesto Silva,69,RB,,0,,2,79,52,57,54,65,66,"175cm | 5'9""",0,-,-,Flamengo,Brazil
Marcos Luís Rocha Aquino,69,RWB,,0,,3,73,49,66,71,65,56,"177cm | 5'10""",0,-,-,Atlético Mineiro,Brazil
César Augusto Pereira Marques,69,CB,,0,,2,67,46,51,48,70,73,"185cm | 6'1""",0,-,-,Santo André,Brazil
Welinton,69,CB,,0,,2,69,36,44,36,72,70,"182cm | 6'0""",0,-,-,Flamengo,Brazil
Ciro Immobile,69,ST,,0,,3,77,65,57,63,53,66,"178cm | 5'10""",0,-,-,Juventus,Italy
Serhat Koç,69,ST,,0,,3,83,60,44,72,46,62,"166cm | 5'5""",0,-,-,FC Groningen,Turkey
Jonathan Estrada Campillo,69,LM,,0,,3,76,64,62,70,60,58,"182cm | 6'0""",0,-,-,Real Sociedad,Colombia
Diego Novaretti,69,CB,,0,,3,68,43,56,44,69,72,"194cm | 6'4""",0,-,-,Toluca,Argentina
Nemanja Pejčinović,69,CB,,0,,4,72,36,59,44,68,69,"184cm | 6'0""",0,-,-,Hertha BSC,Serbia
Leonardo Ferreira,69,CF,,0,,4,73,65,61,73,43,50,"167cm | 5'6""",0,-,-,Coritiba,Brazil
Patrick Leonardo Carneiro da Silva,69,ST,,0,,4,73,64,59,64,62,67,"180cm | 5'11""",0,-,-,Atlético Paranaense,Brazil
David Wright,68,RB,,0,,3,73,38,53,58,66,68,"180cm | 5'11""",0,-,-,Ipswich Town,England
Clayton Ince,68,GK,,0,,3,59,51,74,63,58,76,"193cm | 6'4""",0,-,-,Walsall,Trinidad &amp; Tobago
Frank Fahrenhorst,68,CB,,0,,3,59,36,47,33,72,78,"190cm | 6'3""",0,-,-,MSV Duisburg,Germany
Torben Hoffmann,68,CB,,0,,4,67,43,49,43,69,71,"189cm | 6'2""",0,-,-,TSV 1860 München,Germany
Callum Davidson,68,LB,,0,,2,65,42,58,61,69,60,"178cm | 5'10""",0,-,-,Preston North End,Scotland
Daniel Cruz,68,CAM,,0,,5,66,63,72,81,49,58,"177cm | 5'10""",0,-,-,Germinal Beerschot,Colombia
Robbie Savage,68,CM,,0,,3,60,64,68,59,68,68,"185cm | 6'1""",0,-,-,Derby County,Wales
Jody Craddock,68,CB,,0,,3,57,35,46,44,72,77,"183cm | 6'0""",0,-,-,Wolverhampton Wanderers,England
Tomislav Sokota,68,ST,,0,,4,70,67,56,57,61,72,"184cm | 6'0""",0,-,-,Sporting Lokeren OV,Croatia
Matthew Oakley,68,CM,,0,,3,66,62,69,61,65,62,"178cm | 5'10""",0,-,-,Leicester City,England
Antonio Filippini,68,CM,,0,,3,69,52,69,67,65,61,"168cm | 5'6""",0,-,-,Livorno,Italy
Diego Rodolfo Placente,68,LB,,0,,3,70,35,61,58,67,56,"176cm | 5'9""",0,-,-,Girondins de Bordeaux,Argentina
Carl Hoefkens,68,RB,,0,,3,60,47,60,48,70,68,"185cm | 6'1""",0,-,-,Club Brugge KV,Belgium
Peter Madsen,68,ST,,0,,3,64,66,55,62,60,75,"183cm | 6'0""",0,-,-,Brøndby IF,Denmark
Paolo Collaviti,68,GK,,0,,3,57,67,71,70,50,66,"180cm | 5'11""",0,-,-,BSC Young Boys,Switzerland
Filipe A. Dias Anunciação,68,CDM,,0,,2,71,52,66,58,72,71,"179cm | 5'10""",0,-,-,Paços Ferreira,Portugal
Roman Wallner,68,ST,,0,,3,67,65,59,68,50,64,"178cm | 5'10""",0,-,-,LASK Linz,Austria
Boubacar Diarra,68,CB,,0,,3,72,30,45,42,68,75,"185cm | 6'1""",0,-,-,FC Luzern,Mali
Yazid Mansouri,68,CDM,,0,,3,65,57,67,64,70,64,"175cm | 5'9""",0,-,-,FC Lorient Bretagne Sud,Algeria
Ian Harte,68,LB,,0,,3,61,72,69,63,66,62,"177cm | 5'10""",0,-,-,Carlisle United,Republic of Ireland
Runar Berg,68,CM,,0,,3,67,61,67,72,59,64,"180cm | 5'11""",0,-,-,FK Bodø/Glimt ,Norway
Emanuel de Jesus Bonfim Evaristo,68,RW,,0,,4,84,56,67,67,53,54,"171cm | 5'7""",0,-,-,CS Marítimo,Portugal
Youssouf Hersi,68,CAM,,0,,3,72,65,66,72,54,57,"173cm | 5'8""",0,-,-,AEK Athens,Netherlands
Shane Higgs,68,GK,,0,,3,63,66,68,70,52,62,"191cm | 6'3""",0,-,-,Leeds United,England
Jon Harley,68,LB,,0,,2,70,53,59,57,65,65,"173cm | 5'8""",0,-,-,Watford,England
Michael McIndoe,68,LW,,0,,4,68,65,63,71,55,47,"173cm | 5'8""",0,-,-,Coventry City,Scotland
Sylvain Marchal,68,CB,,0,,3,59,44,62,42,71,70,"184cm | 6'0""",0,-,-,FC Lorient Bretagne Sud,France
Thomas Kleine,68,CB,,0,,2,61,44,50,30,72,76,"191cm | 6'3""",0,-,-,Borussia M'gladbach,Germany
Mathieu Berson,68,CDM,,0,,3,67,61,64,63,71,68,"180cm | 5'11""",0,-,-,Toulouse FC,France
Rüdiger Kauf,68,CDM,,0,,3,70,55,66,56,75,67,"172cm | 5'8""",0,-,-,Arminia Bielefeld,Germany
Martijn Reuser,68,CAM,,0,,4,66,67,66,69,60,46,"178cm | 5'10""",0,-,-,NAC Breda,Netherlands
Rickie Lambert,68,ST,,0,,4,69,71,43,53,57,76,"188cm | 6'2""",0,-,-,Southampton,England
Gavin McCann,68,CM,,0,,3,69,48,66,69,76,74,"180cm | 5'11""",0,-,-,Bolton Wanderers,England
Clinton Morrison,68,ST,,0,,3,71,67,52,64,56,64,"178cm | 5'10""",0,-,-,Coventry City,Republic of Ireland
Dave van den Bergh,68,LM,,0,,4,64,66,66,62,64,62,"190cm | 6'3""",0,-,-,FC Dallas,Netherlands
Clint Mathis,68,RW,,0,,3,68,66,63,64,55,58,"178cm | 5'10""",0,-,-,Real Salt Lake,United States
Richard Knopper,68,CAM,,0,,3,64,70,70,65,55,58,"177cm | 5'10""",0,-,-,ADO Den Haag,Netherlands
Kennedy Bakircioglu,68,RM,,0,,3,66,69,66,73,54,58,"181cm | 5'11""",0,-,-,Ajax,Sweden
Roberto Luis Gaspar Deus Severo,68,CB,,0,,3,58,53,64,50,69,66,"185cm | 6'1""",0,-,-,CF Os Belenenses,Portugal
Tobias Linderoth,68,CDM,,0,,3,60,61,70,52,75,66,"179cm | 5'10""",0,-,-,Galatasaray SK,Sweden
Christian Vander,68,GK,,0,,2,69,59,62,73,45,64,"195cm | 6'5""",0,-,-,Werder Bremen,Germany
Bas Sibum,68,CM,,0,,4,67,59,67,63,65,66,"180cm | 5'11""",0,-,-,N.E.C.,Netherlands
Antonio Notario Caro,68,GK,,0,,3,66,68,62,66,44,70,"180cm | 5'11""",0,-,-,Albacete Balompié,Spain
Steven Hammell,68,LB,,0,,3,66,28,64,56,69,65,"178cm | 5'10""",0,-,-,Motherwell,Scotland
Tobias Willi,68,LWB,,0,,3,82,58,66,68,60,57,"177cm | 5'10""",0,-,-,MSV Duisburg,Germany
Marino Biliskov,68,CB,,0,,3,60,48,55,54,69,74,"195cm | 6'5""",0,-,-,SpVgg Greuther Fürth,Croatia
Luca Saudati,68,ST,,0,,4,64,67,52,66,55,71,"182cm | 6'0""",0,-,-,Empoli,Italy
Archie Thompson,68,ST,,0,,3,78,64,49,73,55,42,"174cm | 5'9""",0,-,-,Melbourne Victory FC,Australia
Davy De Beule,68,CAM,,0,,3,72,65,64,69,56,54,"180cm | 5'11""",0,-,-,KV Kortrijk,Belgium
Chris Riggott,68,CB,,0,,3,65,36,43,46,70,76,"183cm | 6'0""",0,-,-,Middlesbrough,England
Grégory Leca,68,CDM,,0,,3,71,58,62,63,72,54,"183cm | 6'0""",0,-,-,Stade Malherbe Caen,France
Robbie Neilson,68,RB,,0,,3,63,25,67,61,69,70,"173cm | 5'8""",0,-,-,Leicester City,Scotland
Antonio Bocchetti,68,LB,,0,,3,72,42,55,53,66,72,"183cm | 6'0""",0,-,-,Frosinone,Italy
Jonas De Roeck,68,CB,,0,,3,56,50,61,47,71,64,"188cm | 6'2""",0,-,-,FC Augsburg,Belgium
Jonathan Walasiak,68,RM,,0,,3,69,65,68,65,55,60,"178cm | 5'10""",0,-,-,Excelsior Mouscron,Belgium
Tim Smolders,68,CM,,0,,3,56,66,68,66,66,62,"191cm | 6'3""",0,-,-,KAA Gent,Belgium
Jan Kristiansen,68,LM,,0,,4,69,68,62,69,62,47,"180cm | 5'11""",0,-,-,Brøndby IF,Denmark
Armand Deumi,68,CB,,0,,3,64,47,58,58,68,67,"180cm | 5'11""",0,-,-,Gaziantepspor,Cameroon
César Vinício Cervo de Luca,68,CB,,0,,3,68,37,39,42,70,68,"183cm | 6'0""",0,-,-,Padua,Brazil
Hans Cornelis,68,RWB,,0,,3,66,60,65,63,65,62,"179cm | 5'10""",0,-,-,KSV Cercle Brugge,Belgium
Aleksandar Mitreski,68,CB,,0,,3,64,39,58,57,68,67,"185cm | 6'1""",0,-,-,FC Sion,FYR Macedonia
Nicolas Puydebois,68,GK,,0,,3,66,68,67,69,42,63,"182cm | 6'0""",0,-,-,Nîmes Olympique,France
Ben Thatcher,68,LB,,0,,3,58,59,60,57,70,60,"178cm | 5'10""",0,-,-,Ipswich Town,Wales
David Weir,68,CB,,0,,3,50,36,48,36,75,83,"191cm | 6'3""",0,-,-,Rangers,Scotland
Martial Robin,68,LWB,,0,,3,65,60,68,63,65,68,"175cm | 5'9""",0,-,-,Grenoble Foot 38,France
Martin Taylor,68,CB,,0,,3,59,28,45,35,72,83,"193cm | 6'4""",0,-,-,Birmingham City,England
Lee Naylor,68,LB,,0,,2,71,31,56,63,67,62,"178cm | 5'10""",0,-,-,Celtic,England
Abdelmajid Oulmers,68,CAM,,0,,4,72,58,65,73,60,64,"173cm | 5'8""",0,-,-,Royal Charleroi SC,Morocco
Camacho,68,LM,,0,,3,69,64,65,67,61,62,"181cm | 5'11""",0,-,-,S.D. Huesca,Spain
Alex Calderoni,68,GK,,0,,2,71,62,66,57,47,71,"182cm | 6'0""",0,-,-,F. Torino,Italy
Anthony Gardner,68,CB,,0,,2,70,31,50,37,68,81,"196cm | 6'5""",0,-,-,Hull City,England
Danny Butterfield,68,RB,,0,,3,68,65,64,58,64,69,"180cm | 5'11""",0,-,-,Crystal Palace,England
Graeme Murty,68,RB,,0,,3,62,38,62,62,69,63,"178cm | 5'10""",0,-,-,Southampton,Scotland
James Walker,68,GK,,0,1.0,3,63,70,74,61,22,68,"180cm | 5'11""",0,-,-,Tottenham Hotspur,England
Julian Gray,68,LW,,0,3.0,2,79,64,55,64,52,50,"185cm | 6'1""",0,-,-,Barnsley,England
Leigh Bromby,68,CB,,0,,3,73,31,47,35,69,69,"183cm | 6'0""",0,-,-,Leeds United,England
Linvoy Primus,68,CB,,0,,3,61,28,40,41,72,80,"178cm | 5'10""",0,-,-,Portsmouth,England
Radoslav Kováč,68,CDM,,0,,3,61,60,68,67,68,68,"189cm | 6'2""",0,-,-,West Ham United,Czech Republic
Martin Petras,68,CB,,0,,2,67,38,49,50,69,66,"186cm | 6'1""",0,-,-,A.C. Cesena,Slovakia
Michael Brown,68,CDM,,0,,3,62,58,67,63,71,66,"175cm | 5'9""",0,-,-,Portsmouth,England
Nathan Tyson,68,ST,,0,,3,82,59,54,68,53,58,"183cm | 6'0""",0,-,-,Nottingham Forest,England
Patrick Agyemang,68,ST,,0,,3,85,61,35,63,62,76,"185cm | 6'1""",0,-,-,Queens Park Rangers,England
Rob Kozluk,68,RB,,0,,4,72,46,46,51,66,68,"173cm | 5'8""",0,-,-,Barnsley,England
Kamel Chafni,68,CAM,,0,,4,72,63,62,69,60,67,"181cm | 5'11""",0,-,-,AJ Auxerre,Morocco
Paul McKenna,68,CM,,0,,4,70,60,65,60,68,56,"170cm | 5'7""",0,-,-,Nottingham Forest,England
Joonas Kolkka,68,LW,,0,,5,72,61,67,73,53,50,"175cm | 5'9""",0,-,-,NAC Breda,Finland
Conor Casey,68,ST,,0,,3,68,66,35,68,61,81,"188cm | 6'2""",0,-,-,Colorado Rapids,United States
Mathias Abel,68,RB,,0,,3,65,40,53,48,69,68,"188cm | 6'2""",0,-,-,1. FC Kaiserslautern,Germany
Giuseppe Greco,68,CF,,0,,3,67,68,41,69,53,60,"182cm | 6'0""",0,-,-,Bari,Italy
Rob Edwards,68,LB,,0,,3,63,41,44,43,70,70,"185cm | 6'1""",0,-,-,Blackpool,Wales
Claudio Terzi,68,RB,,0,,3,68,47,55,43,68,57,"180cm | 5'11""",0,-,-,Siena,Italy
Florian Heller,68,RW,,0,,3,75,59,67,69,59,58,"179cm | 5'10""",0,-,-,1. FSV Mainz 05,Germany
Marius Ebbers,68,ST,,0,,3,70,65,52,60,63,74,"192cm | 6'4""",0,-,-,FC St. Pauli,Germany
Youssef Mokhtari,68,CAM,,0,,3,68,65,70,72,53,57,"185cm | 6'1""",0,-,-,SpVgg Greuther Fürth,Morocco
Markus Daun,68,ST,,0,,3,75,63,57,65,51,63,"185cm | 6'1""",0,-,-,Alemannia Aachen,Germany
Jorge Pina Roldán,68,LW,,0,,3,72,63,54,68,53,60,"174cm | 5'9""",0,-,-,Levante U.D.,Spain
Gerardo García León,68,RWB,,0,,4,69,61,69,60,64,56,"172cm | 5'8""",0,-,-,Córdoba C.F.,Spain
Cifuentes,68,GK,,0,,3,66,63,67,62,47,73,"190cm | 6'3""",0,-,-,Real Murcia,Spain
Manuel Tena López,68,CB,,0,,3,59,38,48,48,71,74,"183cm | 6'0""",0,-,-,Rayo Vallecano,Spain
Miguel Ángel Tena García,68,CB,,0,,4,68,42,51,50,68,68,"185cm | 6'1""",0,-,-,Elche C.F.,Spain
Alejandro Castro Fernández,68,CF,,0,,3,71,61,56,70,56,71,"175cm | 5'9""",0,-,-,Elche C.F.,Spain
Antonio Hidalgo Morilla,68,CAM,,0,,3,69,65,64,70,62,53,"183cm | 6'0""",0,-,-,Albacete Balompié,Spain
Christophe Avezac,68,LW,,0,,3,69,64,63,69,59,57,"176cm | 5'9""",0,-,-,Vannes OC,France
Sébastien Grax,68,ST,,0,,3,66,66,55,69,57,59,"180cm | 5'11""",0,-,-,En Avant de Guingamp,France
Julien Cardy,68,CDM,,0,,3,69,52,72,68,61,66,"176cm | 5'9""",0,-,-,FC Metz,France
Thibault Giresse,68,LM,,0,,3,70,60,68,68,61,46,"172cm | 5'8""",0,-,-,En Avant de Guingamp,France
Juantxo Elía Vallejo,68,GK,,0,,3,64,66,70,61,49,68,"189cm | 6'2""",0,-,-,Real Murcia,Spain
Roland Benschneider,68,CB,,0,,3,59,60,61,40,68,81,"200cm | 6'7""",0,-,-,FC Augsburg,Germany
Thomas Dossevi,68,CF,,0,,3,70,64,67,64,56,60,"183cm | 6'0""",0,-,-,FC Nantes,Togo
Francisco Peña Romero,68,LB,,0,,3,76,38,64,62,64,59,"170cm | 5'7""",0,-,-,Hércules C.F.,Spain
Carlos Merino González,68,CAM,,0,,4,66,71,70,68,47,58,"175cm | 5'9""",0,-,-,Albacete Balompié,Spain
Rubén Suárez Estrada,68,CAM,,0,,4,67,70,66,73,50,57,"167cm | 5'6""",0,-,-,Levante U.D.,Spain
Reto Zanni,68,RB,,0,,3,69,59,53,58,65,72,"188cm | 6'2""",0,-,-,FC Basel 1893,Switzerland
Abraham Paz Cruz,68,CB,,0,,3,63,49,56,59,68,72,"178cm | 5'10""",0,-,-,Hércules C.F.,Spain
Lilian Compan,68,ST,,0,,3,68,64,49,70,56,72,"182cm | 6'0""",0,-,-,Montpellier Hérault Sport Club,France
Mark Kerr,68,CM,,0,,3,63,59,69,64,69,58,"180cm | 5'11""",0,-,-,Aberdeen,Scotland
Mathias Florén,68,LB,,0,,2,68,48,66,58,65,66,"179cm | 5'10""",0,-,-,IF Elfsborg,Sweden
Lee Williamson,68,CM,,0,,3,73,55,66,59,67,62,"178cm | 5'10""",0,-,-,Sheffield United,Jamaica
Alexander Meyer,68,LB,,0,,3,69,51,58,61,65,64,"182cm | 6'0""",0,-,-,MSV Duisburg,Germany
Jörg Hahnel,68,GK,,0,,3,64,66,61,70,62,62,"187cm | 6'2""",0,-,-,Hansa Rostock,Germany
Andreas Biermann,68,LWB,,0,,3,73,50,60,59,65,62,"184cm | 6'0""",0,-,-,FC St. Pauli,Germany
Kevin Roelandts,68,CAM,,0,,4,58,70,68,68,61,66,"186cm | 6'1""",0,-,-,SV Zulte-Waregem,Belgium
Bram Verbist,68,GK,,0,,3,63,64,71,66,63,61,"183cm | 6'0""",0,-,-,KSV Cercle Brugge,Belgium
Michael Klukowski,68,LB,,0,,4,65,56,69,61,65,66,"184cm | 6'0""",0,-,-,Club Brugge KV,Canada
Sanharib Malki Sabah,68,ST,,0,,2,74,64,54,60,55,68,"180cm | 5'11""",0,-,-,Sporting Lokeren OV,Syria
Cihan Haspolatlı,68,CDM,,0,,2,71,54,66,62,72,74,"184cm | 6'0""",0,-,-,MKE Ankaragücü,Turkey
Francis Dickoh,68,CB,,0,,3,64,33,42,43,71,80,"187cm | 6'2""",0,-,-,FC Utrecht,Ghana
Carles Domingo Pladevall,68,LB,,0,,3,71,45,62,49,66,60,"178cm | 5'10""",0,-,-,Club Gimnàstic,Spain
Daniel Martín Alexandre,68,CF,,0,,3,68,66,47,71,52,62,"172cm | 5'8""",0,-,-,Real Betis Balompié,Spain
Alexander Ludwig,68,CAM,,0,,4,76,67,64,70,49,54,"177cm | 5'10""",0,-,-,TSV 1860 München,Germany
Craig Beattie,68,ST,,0,,3,79,63,49,62,48,70,"185cm | 6'1""",0,-,-,Swansea City,Scotland
Kirk Broadfoot,68,RB,,0,,4,65,38,63,57,68,66,"191cm | 6'3""",0,-,-,Rangers,Scotland
Patrick Milchraum,68,LM,,0,,3,83,65,55,66,61,58,"174cm | 5'9""",0,-,-,Alemannia Aachen,Germany
Adriano Pereira da Silva,68,CB,,0,,3,73,52,55,49,66,60,"180cm | 5'11""",0,-,-,AS Monaco FC,Brazil
Francisco David Sousa Franquelo,68,CAM,,0,,4,64,65,72,66,56,58,"174cm | 5'9""",0,-,-,Albacete Balompié,Spain
Francisco S. Nadal Martorell,68,CF,,0,,4,70,64,54,69,56,63,"181cm | 5'11""",0,-,-,Levante U.D.,Spain
Carlos Ruíz,68,ST,,0,,3,75,67,40,68,56,60,"175cm | 5'9""",0,-,-,Puebla,Guatemala
Do Heon Kim,68,CAM,,0,,4,59,72,66,70,60,46,"177cm | 5'10""",0,-,-,Suwon Samsung Bluewings,Korea Republic
Salvatore Bruno,68,ST,,0,,4,71,65,48,65,57,68,"183cm | 6'0""",0,-,-,Modena,Italy
Daniel Baier,68,CAM,,0,,3,76,58,69,69,55,62,"176cm | 5'9""",0,-,-,VfL Wolfsburg,Germany
Marco Fortin,68,GK,,0,,2,70,66,68,67,35,60,"186cm | 6'1""",0,-,-,Vicenza,Italy
Jiayi Shao,68,LM,,0,,3,70,65,67,66,55,62,"188cm | 6'2""",0,-,-,Energie Cottbus,China PR
Thomas Hervé Job Iyock,68,RM,,0,,3,78,64,62,66,57,56,"171cm | 5'7""",0,-,-,Grosseto,Cameroon
Giuseppe Abruzzese,68,LB,,0,,1,67,47,44,49,68,72,"180cm | 5'11""",0,-,-,FC Crotone,Italy
Arnold Kruiswijk,68,CB,,0,,3,63,46,59,48,69,64,"187cm | 6'2""",0,-,-,RSC Anderlecht,Netherlands
Yann Jouffre,68,CM,,0,,3,70,61,66,69,59,64,"175cm | 5'9""",0,-,-,FC Lorient Bretagne Sud,France
Richard Foster,68,RM,,0,,4,87,61,56,64,62,66,"177cm | 5'10""",0,-,-,Aberdeen,Scotland
Gerardo Seoane,68,CDM,,0,,3,72,57,63,68,69,70,"186cm | 6'1""",0,-,-,FC Luzern,Switzerland
Aleš Urbánek,68,LM,,0,,3,67,66,64,66,63,62,"180cm | 5'11""",0,-,-,1. FC Slovácko,Czech Republic
Eric Addo,68,CB,,0,,3,70,38,53,49,67,72,"182cm | 6'0""",0,-,-,Roda JC,Ghana
Danny Buijs,68,CM,,0,,3,67,56,68,59,68,69,"182cm | 6'0""",0,-,-,ADO Den Haag,Netherlands
James McEveley,68,LB,,0,,3,73,53,64,62,64,60,"185cm | 6'1""",0,-,-,Derby County,Scotland
Yoann Folly,68,CDM,,0,,3,77,53,61,63,74,76,"175cm | 5'9""",0,-,-,Plymouth Argyle,France
Nico Herzig,68,CB,,0,,4,66,41,46,50,69,72,"187cm | 6'2""",0,-,-,Alemannia Aachen,Germany
Maurizio Ciaramitaro,68,CM,,0,,2,70,59,65,65,64,64,"182cm | 6'0""",0,-,-,AC Bellinzona,Italy
Nicola Pavarini,68,GK,,0,,2,70,64,71,71,35,56,"191cm | 6'3""",0,-,-,Parma,Italy
Manuel José Azevedo Vieira,68,RM,,0,,3,74,48,65,70,68,57,"176cm | 5'9""",0,-,-,Paços Ferreira,Portugal
Héctor Castro,68,CDM,,0,,4,66,62,66,58,68,56,"176cm | 5'9""",0,-,-,Querétaro,Mexico
Wade Barrett,68,LWB,,0,,3,71,55,55,60,66,63,"172cm | 5'8""",0,-,-,Houston Dynamo,United States
Joel Sánchez,68,CB,,0,,3,74,48,64,45,65,72,"174cm | 5'9""",0,-,-,U.A.G.,Mexico
Rafael Medina,68,LWB,,0,,5,64,61,73,65,67,48,"174cm | 5'9""",0,-,-,U.A.G.,Mexico
Adnan Mravac,68,CB,,0,,3,63,40,51,48,70,70,"192cm | 6'4""",0,-,-,KVC Westerlo,Bosnia Herzegovina
Jason Shackell,68,CB,,0,,3,71,37,46,41,69,72,"193cm | 6'4""",0,-,-,Doncaster Rovers,England
Francisco Torres,68,LM,,0,,4,81,68,61,72,50,52,"171cm | 5'7""",0,-,-,Santos Laguna,Mexico
Burton O'Brien,68,CAM,,0,,3,65,64,67,69,61,63,"178cm | 5'10""",0,-,-,Falkirk,South Africa
Jawhar Mnari,68,CDM,,0,,3,72,52,68,61,70,62,"184cm | 6'0""",0,-,-,1. FC Nürnberg,Tunisia
Duilio Davino,68,CB,,0,,2,63,53,64,46,67,72,"180cm | 5'11""",0,-,-,Monterrey,Mexico
Brian Murphy,68,GK,,0,,3,66,70,60,71,34,68,"183cm | 6'0""",0,-,-,Bohemians FC,Republic of Ireland
Džemal Berberović,68,RB,,0,,4,71,39,58,64,65,65,"182cm | 6'0""",0,-,-,Denizlispor,Bosnia Herzegovina
Sébastien Renouard,68,CAM,,0,,4,73,58,65,74,60,58,"177cm | 5'10""",0,-,-,Angers SCO,France
Krisztián Vadócz,68,CDM,,0,,4,68,60,63,62,71,64,"188cm | 6'2""",0,-,-,Club Atlético Osasuna,Hungary
Emanuel Rivas,68,RW,,0,,4,83,60,50,73,56,52,"175cm | 5'9""",0,-,-,Bari,Argentina
Mehmet Hilmi Yılmaz,68,ST,,0,,2,67,62,60,66,59,72,"185cm | 6'1""",0,-,-,Eskişehirspor,Turkey
Jerko Leko,68,CDM,,0,,4,68,55,65,57,74,68,"187cm | 6'2""",0,-,-,AS Monaco FC,Croatia
Serdar Kurtuluş,68,CDM,,0,,2,70,47,71,65,70,68,"184cm | 6'0""",0,-,-,Gaziantepspor,Turkey
Alioum Saidou,68,CDM,,0,,3,67,54,66,64,73,68,"182cm | 6'0""",0,-,-,Kayserispor,Cameroon
Tolga Seyhan,68,CB,,0,,2,69,42,47,41,69,71,"187cm | 6'2""",0,-,-,Gaziantepspor,Turkey
Fahri Tatan,68,CM,,0,,3,67,58,67,65,68,61,"175cm | 5'9""",0,-,-,Denizlispor,Turkey
Paulo Menezes,68,RWB,,0,,3,76,50,61,67,63,54,"172cm | 5'8""",0,-,-,Grasshopper-Club,Brazil
Cristian-Florin Ianu,68,ST,,0,,3,77,61,56,68,51,56,"177cm | 5'10""",0,-,-,FC Luzern,Romania
Sergio Fernández Alvarez,68,CB,,0,,4,61,44,53,44,71,71,"187cm | 6'2""",0,-,-,Real Murcia,Spain
Isaac Jové Rubi,68,RF,,0,,3,78,60,52,73,46,52,"174cm | 5'9""",0,-,-,Real Murcia,Spain
Sendoa Aguirre Basterretxea,68,LF,,0,,4,69,66,63,65,50,57,"176cm | 5'9""",0,-,-,Hércules C.F.,Spain
David Cerrajería Rubio,68,RB,,0,,4,70,35,60,59,67,52,"177cm | 5'10""",0,-,-,Levante U.D.,Spain
Miguel Angel Llera Garzón,68,CB,,0,,3,66,55,58,45,67,67,"193cm | 6'4""",0,-,-,Charlton Athletic,Spain
Anthony Vosahlo,68,CB,,0,,3,63,43,49,54,69,69,"181cm | 5'11""",0,-,-,Dijon FCO,France
Raúl Cámara,68,RWB,,0,,4,75,55,64,65,63,56,"171cm | 5'7""",0,-,-,R.C. Recreativo,Spain
Jorge García,68,CB,,0,,3,59,46,53,47,70,68,"185cm | 6'1""",0,-,-,Club Gimnàstic,Spain
Óscar Sánchez Fuentes,68,LB,,0,,3,69,53,69,65,65,58,"180cm | 5'11""",0,-,-,Real Murcia,Spain
Pedro Martí Castelló,68,CDM,,0,,3,67,57,67,62,67,64,"177cm | 5'10""",0,-,-,Real Murcia,Spain
Hipólito Fernández Serrano,68,LB,,0,,2,67,42,61,49,67,72,"185cm | 6'1""",0,-,-,R.C. Recreativo,Spain
Cristian Hidalgo González,68,CAM,,0,,3,75,66,62,76,54,65,"171cm | 5'7""",0,-,-,Hércules C.F.,Spain
Carlos González Peña,68,LB,,0,,3,72,29,62,57,67,68,"181cm | 5'11""",0,-,-,R.C. Recreativo,Spain
Ovidiu Burca,68,CB,,0,,3,68,47,54,57,66,68,"186cm | 6'1""",0,-,-,Energie Cottbus,Romania
Radosław Sobolewski,68,CDM,,0,,3,69,62,58,57,80,66,"182cm | 6'0""",0,-,-,Wisła Kraków,Poland
Davide A. Pinto Dias,68,RW,,0,,3,77,60,62,72,55,52,"179cm | 5'10""",0,-,-,Naval 1° de Maio,Portugal
Daniele De Vezze,68,CM,,0,,3,72,54,68,63,64,45,"173cm | 5'8""",0,-,-,Bari,Italy
Marc Nygaard,68,ST,,0,,4,70,64,42,67,63,73,"196cm | 6'5""",0,-,-,Randers FC,Denmark
Antonio Rosati,68,GK,,0,,1,71,60,56,76,51,63,"195cm | 6'5""",0,-,-,Lecce,Italy
Hoolahan,68,LM,,0,,3,71,64,67,69,56,56,"168cm | 5'6""",0,-,-,Norwich City,Republic of Ireland
Charles Takyi,68,CAM,,0,,4,72,65,67,74,50,46,"177cm | 5'10""",0,-,-,FC St. Pauli,Germany
Florian Lechner,68,RWB,,0,,3,70,55,65,61,64,65,"179cm | 5'10""",0,-,-,FC St. Pauli,Germany
Andreas Schäfer,68,LWB,,0,,3,75,52,60,63,63,62,"178cm | 5'10""",0,-,-,Karlsruher SC,Germany
Leonhard Haas,68,CM,,0,,3,71,65,64,67,60,62,"181cm | 5'11""",0,-,-,SpVgg Greuther Fürth,Germany
Nicolas Plestan,68,CB,,0,,3,67,46,57,54,67,70,"184cm | 6'0""",0,-,-,LOSC Lille Métropole,France
Nicolas Godemèche,68,CDM,,0,,3,69,57,64,61,71,74,"184cm | 6'0""",0,-,-,Naval 1° de Maio,France
Sam Sodje,68,CB,,0,2.0,3,73,44,55,55,65,77,"183cm | 6'0""",0,-,-,Charlton Athletic,Nigeria
Frederic Dupré,68,RB,,0,,4,67,61,58,63,65,66,"184cm | 6'0""",0,-,-,Sporting Lokeren OV,Belgium
Andreas Hölzl,68,RM,,0,,4,72,63,68,67,53,60,"177cm | 5'10""",0,-,-,SK Sturm Graz,Austria
Enrico Kern,68,ST,,0,,3,71,65,49,61,55,72,"189cm | 6'2""",0,-,-,Hansa Rostock,Germany
Koen Persoons,68,CM,,0,,5,69,62,66,64,63,62,"179cm | 5'10""",0,-,-,KV Mechelen,Belgium
Peter Leven,68,CM,,0,,3,69,59,69,64,62,60,"180cm | 5'11""",0,-,-,Milton Keynes Dons,Scotland
Adriano Mansur Duarte,68,CB,,0,,3,60,47,62,65,69,60,"184cm | 6'0""",0,-,-,KAA Gent,Brazil
Arnold Mvuemba,68,CDM,,0,,3,75,57,61,59,70,62,"172cm | 5'8""",0,-,-,FC Lorient Bretagne Sud,France
Francisco Medina Luna,68,ST,,0,,5,68,66,61,67,52,58,"174cm | 5'9""",0,-,-,Rayo Vallecano,Spain
Seung Yong Kim,68,RW,,0,,3,74,62,63,67,56,52,"181cm | 5'11""",0,-,-,FC Seoul,Korea Republic
George Florescu,68,CM,,0,,4,72,66,67,74,49,56,"179cm | 5'10""",0,-,-,FC Midtjylland,Romania
William Salles de Lima Souza,68,ST,,0,,4,66,66,50,66,60,74,"184cm | 6'0""",0,-,-,A. Florianópolis,Brazil
Chi-Woo Kim,68,LM,,0,,2,72,63,70,58,58,61,"175cm | 5'9""",0,-,-,FC Seoul,Korea Republic
Manuel Jesus Ortiz Toribio,68,CDM,,0,,4,69,58,63,60,75,72,"182cm | 6'0""",0,-,-,Sevilla F.C.,Spain
Markel Bergara,68,CM,,0,,3,65,63,68,68,61,65,"180cm | 5'11""",0,-,-,Real Sociedad,Spain
Dexter Blackstock,68,ST,,0,,3,72,65,38,64,55,80,"185cm | 6'1""",0,-,-,Nottingham Forest,England
Seyi Olajengbesi,68,CB,,0,,3,70,27,46,43,69,72,"192cm | 6'4""",0,-,-,Alemannia Aachen,Nigeria
Serge N'Gal,68,RW,,0,,4,82,57,57,69,53,61,"173cm | 5'8""",0,-,-,Club Gimnàstic,Cameroon
Felipe de Jesús Ayala,68,CDM,,0,,3,64,65,68,62,61,64,"176cm | 5'9""",0,-,-,Puebla,Mexico
Marcus Nwambo Mokaké,68,ST,,0,,3,76,64,51,70,47,52,"168cm | 5'6""",0,-,-,CS Sedan Ardennes,Cameroon
Elgabry Rangel,68,CDM,,0,,3,72,56,66,64,68,60,"161cm | 5'3""",0,-,-,U.A.G.,Mexico
Gérald Cid,68,CB,,0,,3,59,34,52,38,72,76,"188cm | 6'2""",0,-,-,OGC Nice,France
Daniel Alcántar,68,RWB,,0,,3,73,49,64,62,64,59,"171cm | 5'7""",0,-,-,U.A.G.,Mexico
Darren Pratley,68,CM,,0,,3,73,57,66,64,62,56,"185cm | 6'1""",0,-,-,Swansea City,Jamaica
Dennis Cagara,68,LB,,0,,3,81,41,54,68,64,50,"172cm | 5'8""",0,-,-,FC Nordsjælland,Denmark
Dejan Petkovic,68,CAM,,0,,4,59,71,66,69,61,58,"175cm | 5'9""",0,-,-,Flamengo,Serbia
Stephen Elliott,68,ST,,0,,3,77,63,46,67,54,66,"176cm | 5'9""",0,-,-,Preston North End,Republic of Ireland
Toché,68,ST,,0,,4,69,65,57,64,50,69,"180cm | 5'11""",0,-,-,F.C. Cartagena,Spain
Sándor Torghelle,68,ST,,0,,3,65,65,57,63,61,76,"185cm | 6'1""",0,-,-,FC Augsburg,Hungary
Tomasz Bobel,68,GK,,0,1.0,3,69,69,57,69,56,66,"187cm | 6'2""",0,-,-,Bayer 04 Leverkusen,Poland
Scott Dann,68,CB,,0,,3,68,33,42,34,70,72,"188cm | 6'2""",0,-,-,Birmingham City,England
Marco Ramos,68,LB,,0,,2,69,40,64,59,67,65,"172cm | 5'8""",0,-,-,Racing Club de Lens,Portugal
Roberto De Zerbi,68,CAM,,0,,3,72,67,65,72,53,52,"175cm | 5'9""",0,-,-,Napoli,Italy
Angelo Rea,68,CB,,0,,3,69,39,57,35,68,68,"185cm | 6'1""",0,-,-,Sassuolo,Italy
Edmond Kapllani,68,ST,,0,,4,69,64,57,66,57,64,"185cm | 6'1""",0,-,-,FC Augsburg,Albania
Zhi Zheng,68,CAM,,0,,3,65,63,67,73,59,70,"180cm | 5'11""",0,-,-,Celtic,China PR
Lorenzo Squizzi,68,GK,,0,,2,64,66,63,67,52,66,"191cm | 6'3""",0,-,-,Chievo Verona,Italy
Antonio Giosa,68,CB,,0,,2,68,46,50,52,68,66,"185cm | 6'1""",0,-,-,Vicenza,Italy
Alaixys Romao,68,CM,,0,,3,72,49,67,67,70,57,"180cm | 5'11""",0,-,-,Grenoble Foot 38,Togo
Andy Wilkinson,68,RB,,0,,3,65,34,54,44,70,66,"184cm | 6'0""",0,-,-,Stoke City,England
Andrea Giallombardo,68,LB,,0,,3,72,50,59,62,66,58,"175cm | 5'9""",0,-,-,Ascoli,Italy
Paulo Sérgio M. Gonçalves,68,LW,,0,,3,75,61,64,66,49,62,"168cm | 5'6""",0,-,-,S.C. Olhanense,Portugal
Ian Black,68,CM,,0,,3,64,55,69,67,68,56,"173cm | 5'8""",0,-,-,Heart of Midlothian,Scotland
Davide Chiumiento,68,CAM,,0,,4,71,60,70,69,52,56,"173cm | 5'8""",0,-,-,FC Luzern,Switzerland
Luciano Becchio,68,CF,,0,,4,68,65,46,68,61,74,"187cm | 6'2""",0,-,-,Leeds United,Argentina
Miguel Robusté Colomer,68,CB,,0,,4,60,42,64,50,69,66,"185cm | 6'1""",0,-,-,Levante U.D.,Spain
Markus Berger,68,RB,,0,,2,67,48,59,56,67,70,"186cm | 6'1""",0,-,-,Académica Coimbra,Austria
Andrew Davies,68,CB,,0,,3,67,32,47,46,69,70,"187cm | 6'2""",0,-,-,Stoke City,England
Andrew Taylor,68,LB,,0,,3,74,38,64,61,65,61,"178cm | 5'10""",0,-,-,Middlesbrough,England
Nuno Miguel Fidalgo dos Santos,68,RF,,0,,4,73,61,56,69,56,68,"175cm | 5'9""",0,-,-,Académica Coimbra,Portugal
Labinot Harbuzi,68,CAM,,0,,5,69,65,62,82,56,51,"175cm | 5'9""",0,-,-,Gençlerbirliği SK,Sweden
Claude Davis,68,CB,,0,2.0,2,68,35,41,37,69,82,"191cm | 6'3""",0,-,-,Crystal Palace,Jamaica
Darren O'Dea,68,CB,,0,,3,64,13,42,58,72,74,"185cm | 6'1""",0,-,-,Reading,Republic of Ireland
Bojan Djordjic,68,CM,,0,,4,70,62,61,67,66,58,"182cm | 6'0""",0,-,-,A. Solna,Sweden
Andres Del Campo Santos,68,LM,,0,,3,72,64,68,76,49,67,"176cm | 5'9""",0,-,-,Elche C.F.,Spain
Trent McClenahan,68,RB,,0,,3,72,32,66,56,66,60,"175cm | 5'9""",0,-,-,Hamilton Academicals,Australia
Behrang Safari,68,LWB,,0,,3,77,40,66,71,63,56,"184cm | 6'0""",0,-,-,FC Basel 1893,Sweden
Stéphane Darbion,68,CAM,,0,,4,70,63,65,64,62,58,"183cm | 6'0""",0,-,-,FC Nantes,France
Davide Marchini,68,CM,,0,,3,73,42,72,65,67,67,"181cm | 5'11""",0,-,-,Livorno,Italy
Richard Offiong,68,ST,,0,,3,72,60,54,69,46,70,"180cm | 5'11""",0,-,-,Carlisle United,England
Roberto D'Aversa,68,CM,,0,3.0,3,68,61,67,64,64,68,"184cm | 6'0""",0,-,-,Gallipoli,Italy
Mamadou Alimou Diallo,68,CB,,0,,2,67,49,58,49,66,74,"186cm | 6'1""",0,-,-,Diyarbakırspor,Guinea
Thomas Kristensen,68,CM,,0,,4,60,60,76,69,58,54,"188cm | 6'2""",0,-,-,FC København,Denmark
Ivan Sproule,68,RW,,0,,3,89,60,51,67,47,48,"173cm | 5'8""",0,-,-,Bristol City,Northern Ireland
Steven Smith,68,LWB,,0,,3,71,36,65,65,66,66,"178cm | 5'10""",0,-,-,Rangers,Scotland
Owen Garvan,68,CM,,0,,3,66,61,68,63,63,58,"183cm | 6'0""",0,-,-,Ipswich Town,Republic of Ireland
Cássio,68,GK,,0,,2,70,64,63,69,39,64,"184cm | 6'0""",0,-,-,Paços Ferreira,Brazil
Leonardo Ulloa,68,ST,,0,,4,67,67,49,63,55,75,"185cm | 6'1""",0,-,-,C.D. Castellón,Argentina
Kaizer Motaung Jr,68,ST,,0,,4,63,66,48,73,51,70,"180cm | 5'11""",0,-,-,Kaizer Chiefs,South Africa
Kyle Lafferty,68,ST,,0,,4,75,64,46,59,60,78,"193cm | 6'4""",0,-,-,Rangers,Northern Ireland
Patricio Araujo,68,CDM,,0,,3,72,58,61,56,73,66,"175cm | 5'9""",0,-,-,Guadalajara,Mexico
Diego Jiménez,68,CB,,0,,3,72,40,54,46,67,60,"186cm | 6'1""",0,-,-,U.A.G.,Mexico
Jeroen Simaeys,68,CDM,,0,,4,68,63,62,62,69,70,"193cm | 6'4""",0,-,-,Club Brugge KV,Belgium
Matías Abelairas,68,LM,,0,,2,69,64,72,67,52,54,"171cm | 5'7""",0,-,-,River Plate,Argentina
Joey O'Brien,68,CM,,0,,3,72,55,65,60,71,70,"180cm | 5'11""",0,-,-,Bolton Wanderers,Republic of Ireland
Rob Elliot,68,GK,,0,,2,67,64,64,66,47,67,"190cm | 6'3""",0,-,-,Charlton Athletic,Republic of Ireland
Jérémy Sorbon,68,CB,,0,,3,70,34,50,38,68,72,"183cm | 6'0""",0,-,-,Stade Malherbe Caen,France
Fred Benson,68,LF,,0,,4,79,64,47,66,56,55,"175cm | 5'9""",0,-,-,RKC Waalwijk,Netherlands
Maxime Josse,68,RB,,0,,3,71,45,58,44,67,67,"184cm | 6'0""",0,-,-,FC Sochaux-Montbéliard,France
Andre Mijatovic,68,CB,,0,,3,57,43,39,31,73,78,"191cm | 6'3""",0,-,-,Arminia Bielefeld,Croatia
Mohammed Shawky,68,CDM,,0,,3,65,63,65,63,66,56,"181cm | 5'11""",0,-,-,Middlesbrough,Egypt
Freddy Eastwood,68,ST,,0,,3,71,67,51,67,53,52,"180cm | 5'11""",0,-,-,Coventry City,Wales
Felix Bastians,68,LB,,0,,3,74,50,63,63,64,54,"188cm | 6'2""",0,-,-,SC Freiburg,Germany
Hernán Paolo Dellafiore,68,CB,,0,,3,66,42,59,43,68,68,"186cm | 6'1""",0,-,-,Parma,Italy
Yann Kermorgant,68,CF,,0,,3,63,69,57,59,60,70,"183cm | 6'0""",0,-,-,Leicester City,France
Nicola Belmonte,68,RB,,0,,3,75,45,66,41,65,62,"183cm | 6'0""",0,-,-,Bari,Italy
Filipe Gui Paradela Maciel da Costa,68,CM,,0,,4,68,63,71,70,54,45,"181cm | 5'11""",0,-,-,CD Nacional,Portugal
Ismael Gómez Falcón,68,GK,,0,,3,66,61,58,73,53,65,"185cm | 6'1""",0,-,-,R.C. Celta,Spain
Christian Fernández,68,LB,,0,,3,74,50,60,62,65,60,"181cm | 5'11""",0,-,-,Real Racing Club,Spain
Mehdi Taouil,68,CM,,0,,4,73,58,66,72,59,52,"173cm | 5'8""",0,-,-,Kilmarnock,France
David Fuster Torrijos,68,CAM,,0,,3,72,70,68,70,47,56,"178cm | 5'10""",0,-,-,Villarreal C.F.,Spain
Pierre Ducasse,68,CDM,,0,,3,70,65,59,67,68,66,"179cm | 5'10""",0,-,-,FC Lorient Bretagne Sud,France
Elustondo,68,CM,,0,,3,77,53,71,62,57,64,"182cm | 6'0""",0,-,-,Real Sociedad,Spain
Mikel González Martínez,68,CB,,0,,3,59,52,61,58,69,71,"188cm | 6'2""",0,-,-,Real Sociedad,Spain
Lewis Grabban,68,ST,,0,,3,79,63,44,69,42,55,"183cm | 6'0""",0,-,-,Millwall,England
Miles Addison,68,CB,,0,,2,70,30,52,48,68,70,"188cm | 6'2""",0,-,-,Derby County,England
Rômulo Marques Antoneli,68,ST,,0,,4,67,65,55,65,56,73,"188cm | 6'2""",0,-,-,Coritiba,Brazil
Chris Gunter,68,RB,,0,,3,64,41,68,56,69,58,"180cm | 5'11""",0,-,-,Nottingham Forest,Wales
Danny Haynes,68,ST,,0,,2,85,63,46,66,52,50,"180cm | 5'11""",0,-,-,Bristol City,England
Luton Shelton,68,ST,,0,,3,92,60,44,60,39,58,"183cm | 6'0""",0,-,-,Vålerenga Fotball,Jamaica
Patryk Malecki,68,ST,,0,,5,72,60,61,69,47,62,"169cm | 5'7""",0,-,-,Wisła Kraków,Poland
Erton Fejzullahu,68,ST,,0,,3,71,60,62,69,54,70,"181cm | 5'11""",0,-,-,N.E.C.,Sweden
Kevin McDonald,68,CM,,0,,3,67,63,65,62,68,74,"188cm | 6'2""",0,-,-,Burnley,Scotland
Hassan El Mouataz,68,LB,,0,,3,72,51,63,60,64,62,"179cm | 5'10""",0,-,-,Sporting Lokeren OV,Morocco
Ki Hun Yeom,68,LW,,0,,2,69,65,71,68,54,48,"182cm | 6'0""",0,-,-,Ulsan Hyundai Horang-i,Korea Republic
Guillaume Loriot,68,LM,,0,,4,70,58,70,61,60,58,"188cm | 6'2""",0,-,-,Le Mans Union Club 72,France
Änis Ben-Hatira,68,LM,,0,,4,79,57,65,73,54,62,"181cm | 5'11""",0,-,-,MSV Duisburg,Germany
Zdenek Zlámal,68,GK,,0,,3,65,65,66,69,55,62,"193cm | 6'4""",0,-,-,Cádiz CF,Czech Republic
Daniel Kolár,68,RM,,0,,4,66,66,68,71,54,64,"181cm | 5'11""",0,-,-,Viktoria Plzeň ,Czech Republic
Rafael Moura,68,ST,,0,2.0,2,68,66,42,63,64,86,"189cm | 6'2""",0,-,-,Atlético Paranaense,Brazil
Leon Benko,68,LF,,0,,3,75,63,54,63,60,64,"182cm | 6'0""",0,-,-,KV Kortrijk,Croatia
Adam Bodzek,68,CDM,,0,,3,73,59,65,61,66,62,"185cm | 6'1""",0,-,-,MSV Duisburg,Germany
Ismail Aissati,68,CAM,,0,,5,69,61,70,81,51,48,"174cm | 5'9""",0,-,-,Ajax,Morocco
Mickaël Tavares,68,CDM,,0,,4,74,54,62,65,70,56,"185cm | 6'1""",0,-,-,Hamburger SV,Cape Verde Islands
Sven Bender,68,CDM,,0,,3,72,54,66,58,70,72,"185cm | 6'1""",0,-,-,Borussia Dortmund,Germany
Benedikt Fernandez,68,GK,,0,,2,70,62,60,73,54,61,"184cm | 6'0""",0,-,-,Bayer 04 Leverkusen,Germany
Mamadou Samassa,68,ST,,0,,3,73,64,52,59,56,79,"188cm | 6'2""",0,-,-,Valenciennes FC,France
Bernd Nehrig,68,ST,,0,,4,74,62,58,65,48,62,"180cm | 5'11""",0,-,-,SpVgg Greuther Fürth,Germany
Alessandro Sgrigna,68,LF,,0,,3,75,62,56,68,54,55,"179cm | 5'10""",0,-,-,Vicenza,Italy
Andreas Nordvik,68,LB,,0,,4,76,48,59,47,65,70,"184cm | 6'0""",0,-,-,Vålerenga Fotball,Norway
Sidney Sam,68,LW,,0,,4,79,59,57,68,47,62,"174cm | 5'9""",0,-,-,1. FC Kaiserslautern,Germany
Tiago Filipe Figueiras Gomes,68,CM,,0,,3,71,57,67,69,62,66,"181cm | 5'11""",0,-,-,Hércules C.F.,Portugal
Gabriel Obertan,68,RW,,0,,4,74,59,56,80,46,46,"186cm | 6'1""",0,-,-,Manchester United,France
Chris Kum,68,CB,,0,,3,69,42,56,55,67,62,"183cm | 6'0""",0,-,-,ADO Den Haag,Germany
Etienne Capoue,68,CDM,,0,,2,72,41,68,67,75,66,"189cm | 6'2""",0,-,-,Toulouse FC,France
Abdou Razack Traoré,68,LW,,0,,3,78,60,62,72,60,51,"170cm | 5'7""",0,-,-,Rosenborg BK,Ivory Coast
Alberto Giuliatto,68,LWB,,0,,3,73,53,67,66,64,50,"180cm | 5'11""",0,-,-,Lecce,Italy
Xavi Torres,68,CDM,,0,,3,69,57,65,58,70,62,"179cm | 5'10""",0,-,-,Málaga C.F.,Spain
Gary Hooper,68,ST,,0,,3,72,69,48,62,54,60,"175cm | 5'9""",0,-,-,Scunthorpe United,England
Dame N'Doye,68,CF,,0,,3,76,64,56,64,56,62,"186cm | 6'1""",0,-,-,FC København,Senegal
Lorenzo Davids,68,CDM,,0,,3,72,59,64,63,67,68,"180cm | 5'11""",0,-,-,N.E.C.,Suriname
Séamus Coleman,68,RB,,0,,3,70,41,66,37,68,67,"178cm | 5'10""",0,-,-,Everton,Republic of Ireland
Ênio Oliveira Júnior,68,ST,,0,,3,71,65,62,68,54,47,"175cm | 5'9""",0,-,-,Jeonbuk Hyundai Motors,Brazil
Iriome,68,RW,,0,,4,77,58,66,69,52,62,"186cm | 6'1""",0,-,-,S.D. Huesca,Spain
Michal Švec,68,CDM,,0,,3,69,52,66,69,70,64,"180cm | 5'11""",0,-,-,sc Heerenveen,Czech Republic
Dušan Švento,68,LM,,0,,3,81,53,69,74,50,52,"178cm | 5'10""",0,-,-,FC Red Bull Salzburg,Slovakia
Albin Ekdal,68,CM,,0,,3,73,57,64,69,65,58,"186cm | 6'1""",0,-,-,Siena,Sweden
Emir Bajrami,68,LW,,0,,2,77,59,64,78,55,41,"178cm | 5'10""",0,-,-,IF Elfsborg,Sweden
David Carney,68,LM,,0,,3,78,65,58,75,56,48,"181cm | 5'11""",0,-,-,FC Twente,Australia
Anthony Lecointe,68,RB,,0,,3,68,51,63,61,65,66,"170cm | 5'7""",0,-,-,U.S. Boulogne Cote D'Opale,France
Andrea Ranocchia,68,CB,,0,,2,65,34,56,43,70,74,"190cm | 6'3""",0,-,-,Bari,Italy
Anthony Modeste,68,RF,,0,,3,69,69,52,59,55,68,"186cm | 6'1""",0,-,-,Angers SCO,France
Nikica Jelavic,68,ST,,0,,3,70,62,47,70,54,72,"188cm | 6'2""",0,-,-,SK Rapid Wien,Croatia
Kazenga LuaLua,68,RM,,0,,3,85,66,61,76,42,59,"180cm | 5'11""",0,-,-,Newcastle United,Congo
Roberto Rosales,68,RWB,,0,,3,76,51,62,71,63,61,"174cm | 5'9""",0,-,-,KAA Gent,Venezuela
Fabian Boll,68,CM,,0,,3,68,61,64,59,69,75,"193cm | 6'4""",0,-,-,FC St. Pauli,Germany
Gabriel Medina Piris,68,CB,,0,,3,61,36,59,44,70,72,"185cm | 6'1""",0,-,-,Club Gimnàstic,Spain
Francesco Lunardini,68,CM,,0,,3,60,59,69,69,66,60,"172cm | 5'8""",0,-,-,Parma,Italy
Sreten Sretenovic,68,CB,,0,,3,61,44,53,35,71,68,"191cm | 6'3""",0,-,-,Zagłębie Lubin,Serbia
Loris Arnaud,68,ST,,0,,3,76,60,53,73,58,60,"182cm | 6'0""",0,-,-,Paris Saint-Germain,France
Jimmy Smith,68,CAM,,0,,3,75,64,67,66,52,34,"184cm | 6'0""",0,-,-,Leyton Orient,England
Onismor Bhasera,68,LB,,0,,2,78,51,76,60,63,50,"167cm | 5'6""",0,-,-,Kaizer Chiefs,Zimbabwe
Tiago da Silva dos Santos,68,LWB,,0,,3,63,56,66,58,68,54,"182cm | 6'0""",0,-,-,KRC Genk,Bulgaria
Richard Sukuta-Pasu,68,ST,,0,,3,86,60,53,65,47,54,"188cm | 6'2""",0,-,-,Bayer 04 Leverkusen,Germany
Mitchell Donald,68,CM,,0,,4,69,59,64,67,68,68,"183cm | 6'0""",0,-,-,Ajax,Netherlands
Sandro Wagner,68,ST,,0,,4,78,63,50,61,50,70,"194cm | 6'4""",0,-,-,MSV Duisburg,Germany
Leroy George,68,LW,,0,,4,81,59,53,72,55,51,"175cm | 5'9""",0,-,-,FC Utrecht,Netherlands
Younousse Sankharé,68,CDM,,0,,3,75,59,60,78,63,56,"184cm | 6'0""",0,-,-,Paris Saint-Germain,France
Jan-Philipp Kalla,68,LB,,0,,4,73,43,56,51,65,68,"180cm | 5'11""",0,-,-,FC St. Pauli,Germany
Alex Smithies,68,GK,,0,,3,69,66,55,69,62,65,"185cm | 6'1""",0,-,-,Huddersfield Town,England
Simone Gozzi,68,CB,,0,,3,67,42,41,35,71,61,"188cm | 6'2""",0,-,-,Modena,Italy
Ricky van Wolfswinkel,68,ST,,0,,2,75,63,47,68,54,60,"185cm | 6'1""",0,-,-,FC Utrecht,Netherlands
Stef Nijland,68,CF,,0,,4,78,62,56,65,51,63,"187cm | 6'2""",0,-,-,PSV,Netherlands
Donovan Deekman,68,RF,,0,,4,81,56,61,72,53,58,"182cm | 6'0""",0,-,-,Sporting Lokeren OV,Netherlands
Pedro Roberto Silva Botelho,68,LWB,,0,,2,75,66,65,69,61,68,"186cm | 6'1""",0,-,-,R.C. Celta,Brazil
Dino Drpić,68,CB,,0,,3,63,31,59,50,70,76,"193cm | 6'4""",0,-,-,Karlsruher SC,Croatia
Macauley Chrisantus,68,ST,,0,,4,78,62,48,70,44,58,"183cm | 6'0""",0,-,-,Karlsruher SC,Nigeria
Christian Stuani,68,ST,,0,,3,78,63,58,61,60,64,"184cm | 6'0""",0,-,-,Albacete Balompié,Uruguay
Marko Šuler,68,CB,,0,,3,70,34,55,39,68,70,"186cm | 6'1""",0,-,-,KAA Gent,Slovenia
Ezequiel Orozco,68,ST,,0,,3,76,61,56,64,54,66,"175cm | 5'9""",0,-,-,Jaguares de Chiapas,Mexico
Claudemir,68,CM,,0,,2,68,49,68,74,69,52,"184cm | 6'0""",0,-,-,Vitesse,Brazil
Andrés Lamas,68,CB,,0,,2,66,37,41,41,71,74,"187cm | 6'2""",0,-,-,U.D. Las Palmas,Uruguay
Jorge Kalú Gastelum,68,CM,,0,,3,72,53,64,67,71,60,"173cm | 5'8""",0,-,-,Monarcas Morelia,Mexico
Rens van Eijden,68,CB,,0,,2,68,21,56,52,70,62,"188cm | 6'2""",0,-,-,N.E.C.,Netherlands
Yannis Tafer,68,ST,,0,,3,74,65,48,67,44,60,"180cm | 5'11""",0,-,-,Olympique Lyonnais,France
Rafael Pires Monteiro,68,GK,,0,,3,74,63,62,69,33,63,"192cm | 6'4""",0,-,-,Cruzeiro,Brazil
William Jidayi,68,CM,,0,,3,73,57,65,59,70,78,"188cm | 6'2""",0,-,-,Padua,Italy
Aislan Paulo Lotici Back,68,CB,,0,,2,70,34,33,41,70,78,"193cm | 6'4""",0,-,-,São Paulo,Brazil
James McCarthy,68,CAM,,0,,4,66,62,75,80,42,42,"185cm | 6'1""",0,-,-,Wigan Athletic,Republic of Ireland
Kyle Walker,68,RB,,0,,3,84,43,54,64,62,62,"178cm | 5'10""",0,-,-,Sheffield United,England
Emmanuel Jorge Ledesma,68,CAM,,0,,3,73,68,62,71,53,62,"182cm | 6'0""",0,-,-,Genoa,Argentina
Jaime Alfonso Ruiz,68,ST,,0,,3,78,65,39,59,53,72,"184cm | 6'0""",0,-,-,KVC Westerlo,Colombia
Erick Flores Bonfim,68,CAM,,0,,4,79,62,68,68,46,51,"169cm | 5'7""",0,-,-,Flamengo,Brazil
John Fleck,68,CM,,0,,2,75,60,66,71,55,52,"179cm | 5'10""",0,-,-,Rangers,Scotland
Bastian Oczipka,68,LWB,,0,,3,73,46,62,61,64,62,"184cm | 6'0""",0,-,-,Hansa Rostock,Germany
Lorenzo Ariaudo,68,CB,,0,,3,70,43,52,49,68,69,"186cm | 6'1""",0,-,-,Juventus,Italy
Junior Stanislas,68,RM,,0,,3,77,67,66,74,44,45,"181cm | 5'11""",0,-,-,West Ham United,England
Daniel Candeias,68,RW,,0,,3,77,58,55,74,47,58,"177cm | 5'10""",0,-,-,R.C. Recreativo,Portugal
Víctor Vázquez,68,CF,,0,,3,63,65,62,66,53,68,"178cm | 5'10""",0,-,-,F.C. Barcelona,Spain
Andrea Rispoli,68,CB,,0,,3,70,46,66,46,66,64,"185cm | 6'1""",0,-,-,Brescia,Italy
Fábio,68,LWB,,0,,3,80,67,73,75,60,54,"172cm | 5'8""",0,-,-,Manchester United,Brazil
Moestafa El Kabir,68,LW,,0,,3,76,62,51,73,49,56,"178cm | 5'10""",0,-,-,N.E.C.,Netherlands
Lamine Gassama,68,RB,,0,,3,73,29,59,44,68,64,"181cm | 5'11""",0,-,-,Olympique Lyonnais,France
Raúl Goni Bayo,68,CB,,0,,3,70,24,58,51,68,66,"181cm | 5'11""",0,-,-,Real Zaragoza,Spain
Bernard Parker,68,CAM,,0,,3,76,59,67,69,53,58,"170cm | 5'7""",0,-,-,FC Twente,South Africa
Yassine El Ghanassy,68,LW,,0,,4,77,58,61,74,39,54,"175cm | 5'9""",0,-,-,KAA Gent,Morocco
Eliaquim Mangala,68,CB,,0,,4,69,52,53,58,66,65,"187cm | 6'2""",0,-,-,Standard de Liège,France
Rodney Strasser,68,CAM,,0,,3,73,60,66,71,59,52,"178cm | 5'10""",0,-,-,Milan,Sierra Leone
Juha Hakola,68,RW,,0,,3,79,62,50,71,49,54,"176cm | 5'9""",0,-,-,Heracles Almelo,Finland
Julian Schieber,68,ST,,0,,3,78,59,54,65,56,70,"186cm | 6'1""",0,-,-,VfB Stuttgart,Germany
Alex Sandro,68,LWB,,0,,3,73,46,61,61,65,54,"178cm | 5'10""",0,-,-,Atlético Paranaense,Brazil
Wallyson Ricardo Maciel Monteiro,68,ST,,0,,3,78,58,47,77,57,60,"179cm | 5'10""",0,-,-,Atlético Paranaense,Brazil
Fabricio Silva Dornellas,68,CB,,0,,2,69,35,58,60,67,72,"186cm | 6'1""",0,-,-,Flamengo,Brazil
Ander Herrera,68,CAM,,0,,4,71,58,75,75,46,38,"181cm | 5'11""",0,-,-,Real Zaragoza,Spain
Josh Payne,68,CM,,0,,3,73,61,63,58,64,56,"183cm | 6'0""",0,-,-,West Ham United,England
Paulinho,68,ST,,0,,4,71,68,48,67,53,56,"173cm | 5'8""",0,-,-,BK Häcken,Brazil
David Marek,68,LWB,,0,,4,69,47,55,53,67,55,"172cm | 5'8""",0,-,-,BK Häcken,Sweden
Christopher Buchtmann,68,CM,,0,3.0,4,75,65,63,74,55,54,"174cm | 5'9""",0,-,-,Liverpool,Germany
Holger Badstuber,68,CB,,0,,3,65,45,54,47,69,72,"190cm | 6'3""",0,-,-,Bayern München,Germany
Marvin Zeegelaar,68,LW,,0,,3,80,58,62,68,54,58,"187cm | 6'2""",0,-,-,Ajax,Netherlands
André Schürrle,68,ST,,0,,5,77,61,67,67,44,55,"175cm | 5'9""",0,-,-,1. FSV Mainz 05,Germany
Diogo S. Bittencourt,68,LB,,0,,2,76,53,54,46,65,56,"176cm | 5'9""",0,-,-,São Paulo,Brazil
Roberto Soriano,68,CM,,0,,3,76,62,60,65,64,60,"182cm | 6'0""",0,-,-,Sampdoria,Italy
Dario Vujicevic,68,CAM,,0,,4,75,66,63,66,56,62,"180cm | 5'11""",0,-,-,FC Twente,Bosnia Herzegovina
Frank Nouble,68,ST,,0,,3,80,62,44,65,47,65,"187cm | 6'2""",0,-,-,West Ham United,England
Patrick Funk,68,CM,,0,,3,66,60,71,63,61,64,"178cm | 5'10""",0,-,-,VfB Stuttgart,Germany
Davide Ferrari,68,RB,,0,,0,74,57,58,56,65,54,"177cm | 5'10""",0,-,-,West Ham United,Italy
Robbie Fowler,67,ST,,0,,3,53,73,48,65,50,60,"173cm | 5'8""",0,-,-,North Queensland Fury FC,England
David Vaughan,67,LM,,0,,3,69,61,62,69,61,58,"170cm | 5'7""",0,-,-,Blackpool,Wales
Steven Milne,67,ST,,0,,4,73,63,48,64,50,66,"170cm | 5'7""",0,-,-,St. Johnstone FC,Scotland
Vittorio Tosto,67,LWB,,0,,2,70,49,66,61,64,60,"183cm | 6'0""",0,-,-,Empoli,Italy
Michael Gray,67,LM,,0,,3,71,56,68,56,64,62,"170cm | 5'7""",0,-,-,Sheffield Wednesday,England
Nenad Dzodic,67,CB,,0,,3,57,42,59,36,70,66,"188cm | 6'2""",0,-,-,Montpellier Hérault Sport Club,Serbia
Ronald Maul,67,LWB,,0,,3,65,58,62,58,65,60,"174cm | 5'9""",0,-,-,Rot-Weiß Ahlen,Germany
Alan Combe,67,GK,,0,,3,64,68,62,72,18,68,"185cm | 6'1""",0,-,-,Kilmarnock,Scotland
Yves Deroff,67,RWB,,0,,3,63,43,63,61,67,62,"175cm | 5'9""",0,-,-,En Avant de Guingamp,France
Roy Carroll,67,GK,,0,,2,65,63,64,71,55,58,"188cm | 6'2""",0,-,-,Odense Boldklub,Northern Ireland
Mihai Tararache,67,CDM,,0,,4,62,58,64,61,71,71,"180cm | 5'11""",0,-,-,MSV Duisburg,Romania
Sébastien Chabbert,67,GK,,0,,3,66,70,57,66,35,70,"185cm | 6'1""",0,-,-,Royal Charleroi SC,France
Michael Mutzel,67,RM,,0,,3,71,57,66,61,64,70,"183cm | 6'0""",0,-,-,Karlsruher SC,Germany
Pascal Zuberbühler,67,GK,,0,,2,62,61,74,61,34,70,"197cm | 6'6""",0,-,-,Fulham,Switzerland
Benjamin Lense,67,RB,,0,,3,70,37,44,47,67,74,"190cm | 6'3""",0,-,-,TuS Koblenz,Germany
Michael Hofmann,67,GK,,0,,3,71,67,51,67,57,64,"193cm | 6'4""",0,-,-,TSV 1860 München,Germany
Thomas Stehle,67,CB,,0,,3,65,49,59,53,65,71,"180cm | 5'11""",0,-,-,Alemannia Aachen,Germany
José María Movilla Cubero,67,CDM,,0,,3,60,57,71,60,68,58,"171cm | 5'7""",0,-,-,Rayo Vallecano,Spain
Philippe Clement,67,CB,,0,,3,48,56,63,47,71,73,"191cm | 6'3""",0,-,-,Germinal Beerschot,Belgium
Bradley Carnell,67,LM,,0,,3,75,50,64,68,63,62,"174cm | 5'9""",0,-,-,Hansa Rostock,South Africa
Marek Kincl,67,ST,,0,,3,62,64,56,63,55,76,"190cm | 6'3""",0,-,-,Bohemians Praha,Czech Republic
Bernt Evens,67,LB,,0,,3,59,48,60,45,69,64,"193cm | 6'4""",0,-,-,KSV Cercle Brugge,Belgium
Ian Bennett,67,GK,,0,,3,61,64,72,65,22,66,"183cm | 6'0""",0,-,-,Sheffield United,England
Hasney Aljofree,67,CB,,0,,3,71,16,27,31,71,66,"183cm | 6'0""",0,-,-,Swindon Town,England
Stephen Pearson,67,LM,,0,,3,77,62,64,67,51,54,"185cm | 6'1""",0,-,-,Derby County,Scotland
Geert De Vlieger,67,GK,,0,,3,64,65,63,63,55,70,"187cm | 6'2""",0,-,-,Club Brugge KV,Belgium
Eddie Lewis,67,LM,,0,,3,68,62,65,62,60,58,"178cm | 5'10""",0,-,-,Los Angeles Galaxy,United States
Ben Olsen,67,CM,,0,,4,66,62,64,61,64,64,"173cm | 5'8""",0,-,-,D.C. United,United States
Gonzague Vandooren,67,LWB,,0,,3,63,60,60,58,65,66,"193cm | 6'4""",0,-,-,Excelsior Mouscron,Belgium
Warren Feeney,67,ST,,0,,4,72,67,56,59,46,55,"178cm | 5'10""",0,-,-,Cardiff City,Northern Ireland
Chris Killen,67,ST,,0,,3,58,63,52,68,49,82,"183cm | 6'0""",0,-,-,Celtic,New Zealand
Wênio Moraes Pio,67,CM,,0,,3,67,53,66,65,68,62,"176cm | 5'9""",0,-,-,Leixões SC,Brazil
Joris Van Hout,67,CB,,0,,3,62,59,54,55,66,70,"187cm | 6'2""",0,-,-,KVC Westerlo,Belgium
Stephen Crainey,67,LB,,0,,1,67,48,57,52,66,58,"176cm | 5'9""",0,-,-,Blackpool,Scotland
Anel Dzaka,67,CAM,,0,,5,68,68,60,67,58,62,"179cm | 5'10""",0,-,-,1. FC Kaiserslautern,Germany
Chris Albright,67,RB,,0,,3,64,58,61,57,65,72,"185cm | 6'1""",0,-,-,New England Revolution,United States
Eul Yong Lee,67,CM,,0,,3,62,59,72,60,63,40,"176cm | 5'9""",0,-,-,Gangwon FC,Korea Republic
David Fernandez,67,LF,,0,,2,71,62,55,71,44,54,"172cm | 5'8""",0,-,-,Kilmarnock,Spain
Christophe Grégoire,67,LM,,0,,2,63,66,67,68,54,56,"187cm | 6'2""",0,-,-,Willem II,Belgium
Kevin McNaughton,67,RB,,0,,4,73,52,70,59,62,64,"178cm | 5'10""",0,-,-,Cardiff City,Scotland
Grégory Dufer,67,RM,,0,,3,69,64,66,69,53,56,"176cm | 5'9""",0,-,-,Standard de Liège,Belgium
Lukáš Zelenka,67,CAM,,0,,4,66,64,65,69,56,55,"175cm | 5'9""",0,-,-,KVC Westerlo,Czech Republic
Christian Tiffert,67,CAM,,0,,3,77,61,61,72,54,50,"183cm | 6'0""",0,-,-,MSV Duisburg,Germany
Morten Skoubo,67,ST,,0,,4,70,62,59,63,58,70,"190cm | 6'3""",0,-,-,Roda JC,Denmark
Santino Quaranta,67,RM,,0,,3,76,64,61,65,55,64,"183cm | 6'0""",0,-,-,D.C. United,United States
Zurab Khizanishvili,67,CB,,0,,3,62,45,52,43,68,76,"188cm | 6'2""",0,-,-,Blackburn Rovers,Georgia
Mario Raimondi,67,LM,,0,,3,67,64,66,71,56,72,"182cm | 6'0""",0,-,-,BSC Young Boys,Switzerland
Ante Čović,67,GK,,0,,2,69,60,58,71,39,64,"192cm | 6'4""",0,-,-,IF Elfsborg,Australia
Iñaki Muñoz Oroz,67,CDM,,0,,3,63,60,64,58,70,55,"182cm | 6'0""",0,-,-,Athletic Club de Bilbao,Spain
Mario Kienzl,67,CM,,0,,3,65,55,68,65,65,52,"178cm | 5'10""",0,-,-,SK Sturm Graz,Austria
Massimiliano Fusani,67,CM,,0,,3,65,64,60,63,68,53,"180cm | 5'11""",0,-,-,Sassuolo,Italy
Bogdan Aurelian Patrascu,67,CM,,0,,3,71,60,64,58,66,60,"178cm | 5'10""",0,-,-,Padua,Romania
Taylor Twellman,67,ST,,0,,3,73,62,41,63,59,76,"180cm | 5'11""",0,-,-,New England Revolution,United States
Richard Garcia,67,RM,,0,,4,65,65,62,71,62,62,"181cm | 5'11""",0,-,-,Hull City,Australia
Neil Sullivan,67,GK,,0,,3,51,70,72,58,57,76,"191cm | 6'3""",0,-,-,Doncaster Rovers,Scotland
Dean Windass,67,CF,,0,,3,54,73,65,49,67,73,"178cm | 5'10""",0,-,-,Darlington,England
Michael Duberry,67,CB,,0,,3,61,33,39,47,70,76,"185cm | 6'1""",0,-,-,Wycombe Wanderers,England
Björn Schlicke,67,CB,,0,,3,53,41,52,45,72,74,"194cm | 6'4""",0,-,-,MSV Duisburg,Germany
Jeroen Heubach,67,LB,,0,,3,58,51,62,48,68,64,"177cm | 5'10""",0,-,-,FC Twente,Netherlands
Francesco Bega,67,CB,,0,,3,61,56,57,51,68,64,"175cm | 5'9""",0,-,-,Brescia,Italy
Ellery Cairo,67,RW,,0,,3,83,57,51,71,50,48,"178cm | 5'10""",0,-,-,NAC Breda,Netherlands
Ibrahima Bangoura,67,RW,,0,,3,74,58,66,72,52,45,"172cm | 5'8""",0,-,-,Denizlispor,Guinea
Matthias Lehmann,67,CM,,0,,3,65,62,65,60,67,65,"179cm | 5'10""",0,-,-,FC St. Pauli,Germany
Elton da Costa,67,LM,,0,,4,71,65,65,65,55,66,"182cm | 6'0""",0,-,-,FC Augsburg,Brazil
Carl Robinson,67,CM,,0,,3,70,57,63,68,65,68,"178cm | 5'10""",0,-,-,Toronto FC,Wales
Darren Byfield,67,ST,,0,,3,75,61,52,64,50,63,"180cm | 5'11""",0,-,-,Walsall,Jamaica
Dougie Freedman,67,CF,,0,,4,62,68,48,65,57,70,"175cm | 5'9""",0,-,-,Southend United,Scotland
Nate Jaqua,67,ST,,0,,2,64,65,52,63,58,74,"191cm | 6'3""",0,-,-,Seattle Sounders FC,United States
Jobi McAnuff,67,RM,,0,,3,76,56,61,77,57,62,"180cm | 5'11""",0,-,-,Reading,Jamaica
Lee Camp,67,GK,,0,,3,73,63,72,64,35,56,"183cm | 6'0""",0,-,-,Nottingham Forest,England
Leon Knight,67,ST,,0,,3,86,64,37,70,35,32,"165cm | 5'5""",0,-,-,Hamilton Academicals,England
Mamady Sidibe,67,ST,,0,,3,67,65,49,57,64,81,"194cm | 6'4""",0,-,-,Stoke City,Mali
Víctor Hugo Mareco,67,CB,,0,,2,63,36,53,48,68,78,"187cm | 6'2""",0,-,-,Brescia,Paraguay
Nicky Forster,67,CF,,0,,2,67,61,51,72,51,62,"175cm | 5'9""",0,-,-,Brighton &amp; Hove Albion,England
Peter Niemeyer,67,CDM,,0,,4,70,56,61,65,72,68,"191cm | 6'3""",0,-,-,Werder Bremen,Germany
Laurent Delorge,67,RM,,0,,2,76,57,64,60,61,57,"179cm | 5'10""",0,-,-,Roda JC,Belgium
Richard Cresswell,67,ST,,0,,3,65,66,53,59,63,78,"183cm | 6'0""",0,-,-,Stoke City,England
Paul Ifill,67,RW,,0,,4,72,63,58,68,55,53,"184cm | 6'0""",0,-,-,Wellington Phoenix,Barbados
Jay Tabb,67,CM,,0,,4,74,59,65,64,58,38,"170cm | 5'7""",0,-,-,Reading,Republic of Ireland
Dexter Langen,67,RWB,,0,,3,64,52,58,53,67,58,"186cm | 6'1""",0,-,-,Hansa Rostock,Germany
Filip Trojan,67,LM,,0,,3,73,64,67,75,46,48,"172cm | 5'8""",0,-,-,1. FSV Mainz 05,Czech Republic
Deon Burton,67,ST,,0,,3,72,62,54,63,60,69,"178cm | 5'10""",0,-,-,Charlton Athletic,Jamaica
Mariusz Zganiacz,67,CM,,0,,2,67,58,67,72,57,42,"173cm | 5'8""",0,-,-,Korona Kielce,Poland
Felipe Guréndez Aldanondo,67,RB,,0,,3,69,38,66,48,66,62,"173cm | 5'8""",0,-,-,C.D. Numancia,Spain
Karel Geraerts,67,CM,,0,,3,61,64,64,57,71,73,"180cm | 5'11""",0,-,-,Club Brugge KV,Belgium
Julien François,67,CDM,,0,,3,70,53,65,61,68,68,"192cm | 6'4""",0,-,-,Tours FC,France
Endika Bordas Losada,67,CM,,0,,3,64,68,62,64,64,66,"176cm | 5'9""",0,-,-,U.D. Salamanca,Spain
Óscar López Hernández,67,RB,,0,,4,63,52,66,57,66,65,"180cm | 5'11""",0,-,-,Real Betis Balompié,Spain
Michael Langer,67,GK,,0,,3,69,55,53,79,61,61,"194cm | 6'4""",0,-,-,SC Freiburg,Austria
Federico Agliardi,67,GK,,0,,1,64,63,60,67,59,66,"190cm | 6'3""",0,-,-,Padua,Italy
René Renno,67,GK,,0,,2,68,59,66,66,52,64,"186cm | 6'1""",0,-,-,VfL Bochum,Germany
Markus Thorandt,67,CB,,0,,3,66,43,61,51,66,71,"187cm | 6'2""",0,-,-,FC St. Pauli,Germany
Markus Bollmann,67,CB,,0,,3,63,30,50,41,70,72,"190cm | 6'3""",0,-,-,Arminia Bielefeld,Germany
Roland Schwegler,67,CB,,0,,3,69,50,46,49,66,70,"181cm | 5'11""",0,-,-,FC Luzern,Switzerland
Sergio Pelegrín López,67,CB,,0,,3,62,37,42,51,70,67,"184cm | 6'0""",0,-,-,Rayo Vallecano,Spain
Daniel Mallo Castro,67,GK,,0,,3,67,65,66,67,21,67,"186cm | 6'1""",0,-,-,Girona C.F.,Spain
Juan Carlos Ceballos Pinto,67,RB,,0,,3,68,50,62,56,65,64,"178cm | 5'10""",0,-,-,Córdoba C.F.,Spain
Eduard Albácar Gallego,67,LWB,,0,,3,69,56,63,57,65,52,"177cm | 5'10""",0,-,-,Rayo Vallecano,Spain
Dele Adebola,67,ST,,0,,3,64,66,50,62,59,70,"191cm | 6'3""",0,-,-,Nottingham Forest,Nigeria
Florian Jarjat,67,LB,,0,,3,65,44,59,47,66,71,"181cm | 5'11""",0,-,-,FC Nantes,France
Paul Connolly,67,RB,,0,,3,58,37,58,57,70,64,"183cm | 6'0""",0,-,-,Derby County,England
Frazer Richardson,67,RB,,0,,3,69,39,60,64,65,58,"180cm | 5'11""",0,-,-,Charlton Athletic,England
Ángel Manuel Vivar Dorado,67,CM,,0,,3,62,58,69,66,64,62,"182cm | 6'0""",0,-,-,Albacete Balompié,Spain
Diego Rivas Gutiérrez,67,CDM,,0,,3,66,55,65,59,74,64,"180cm | 5'11""",0,-,-,Real Sociedad,Spain
Egoitz Jaio Gabiola,67,CB,,0,,3,65,39,49,49,69,63,"186cm | 6'1""",0,-,-,C.D. Numancia,Spain
Gorka Pintado,67,ST,,0,,3,66,62,54,69,53,71,"184cm | 6'0""",0,-,-,Swansea City,Spain
Gaizka Saizar Lekuona,67,ST,,0,,3,74,62,58,63,60,59,"175cm | 5'9""",0,-,-,C.D. Tenerife,Spain
Bruno Berner,67,LB,,0,,3,61,53,64,62,66,69,"185cm | 6'1""",0,-,-,Leicester City,Switzerland
Pascal Berenguer,67,CDM,,0,,3,67,52,67,53,72,68,"175cm | 5'9""",0,-,-,A.S. Nancy Lorraine,France
Oscar Ewolo,67,CM,,0,,4,68,60,65,63,64,66,"171cm | 5'7""",0,-,-,Stade Brestois 29,Congo
Mathieu Béda,67,CB,,0,,4,62,43,46,49,68,70,"188cm | 6'2""",0,-,-,TSV 1860 München,France
Ibrahima Sonko,67,CB,,0,,3,62,31,45,36,71,76,"191cm | 6'3""",0,-,-,Hull City,Senegal
Thomas Broich,67,CM,,0,,3,55,65,71,72,56,64,"182cm | 6'0""",0,-,-,1. FC Nürnberg,Germany
Jermaine Easter,67,ST,,0,,3,83,61,49,62,51,58,"175cm | 5'9""",0,-,-,Milton Keynes Dons,Wales
Vidas Alunderis,67,CB,,0,,3,67,44,46,62,66,63,"185cm | 6'1""",0,-,-,LASK Linz,Lithuania
Christian Müller,67,RWB,,0,,4,74,58,63,64,61,62,"183cm | 6'0""",0,-,-,FSV Frankfurt,Germany
Sergiy Serebrennikov,67,CM,,0,,4,65,61,66,66,64,66,"186cm | 6'1""",0,-,-,KSV Cercle Brugge,Ukraine
Gökhan Tokgöz,67,GK,,0,,2,68,69,60,64,65,63,"188cm | 6'2""",0,-,-,Ankaraspor,Turkey
Adem Koçak,67,LM,,0,,2,71,50,66,67,67,59,"178cm | 5'10""",0,-,-,Ankaraspor,Turkey
Diego Reyes Muñoz,67,LWB,,0,,4,72,52,62,61,63,55,"174cm | 5'9""",0,-,-,C.D. Castellón,Spain
Michael Jansen,67,CB,,0,,3,65,30,57,52,67,72,"185cm | 6'1""",0,-,-,FC Groningen,Netherlands
Christian Nade,67,ST,,0,,1,53,70,51,68,55,68,"183cm | 6'0""",0,-,-,Heart of Midlothian,France
Claiton Alberto Fontoura dos Santos,67,CDM,,0,,2,65,56,65,67,69,63,"179cm | 5'10""",0,-,-,Atlético Paranaense,Brazil
Niki Mäenpää,67,GK,,0,,1,75,64,54,66,53,64,"192cm | 6'4""",0,-,-,Willem II,Finland
Moisés García León,67,ST,,0,,4,58,69,60,64,59,64,"185cm | 6'1""",0,-,-,S.D. Huesca,Spain
Daniel López Ramos,67,LB,,0,,3,68,39,51,55,67,60,"175cm | 5'9""",0,-,-,Albacete Balompié,Spain
Antonio Sánchez de la Calle,67,ST,,0,,3,65,64,48,68,55,68,"184cm | 6'0""",0,-,-,Girona C.F.,Spain
Andy Gray,67,ST,,0,,4,66,62,52,63,63,81,"185cm | 6'1""",0,-,-,Barnsley,Scotland
Wes Morgan,67,CB,,0,,4,69,27,26,40,70,66,"185cm | 6'1""",0,-,-,Nottingham Forest,England
Jong-Min Lee,67,RB,,0,,4,77,55,64,68,61,54,"174cm | 5'9""",0,-,-,FC Seoul,Korea Republic
Dong Gook Lee,67,ST,,0,,4,70,66,49,60,48,64,"185cm | 6'1""",0,-,-,Jeonbuk Hyundai Motors,Korea Republic
Chi-Gon Kim,67,CB,,0,,4,59,51,57,49,68,68,"183cm | 6'0""",0,-,-,FC Seoul,Korea Republic
Sergio Pinto,67,RW,,0,,3,74,60,65,69,49,51,"176cm | 5'9""",0,-,-,Hannover 96,Portugal
Eddie Gaven,67,RM,,0,,4,74,61,63,67,59,65,"183cm | 6'0""",0,-,-,Columbus Crew,United States
Nicola Mingazzini,67,CDM,,0,,3,63,62,69,61,62,59,"172cm | 5'8""",0,-,-,Bologna,Italy
Christophe Lepoint,67,CAM,,0,,4,67,60,58,65,72,72,"189cm | 6'2""",0,-,-,KAA Gent,Belgium
Papa Waigo N'Diaye,67,RW,,0,,1,85,59,56,66,63,47,"184cm | 6'0""",0,-,-,Southampton,Senegal
Cristian Bucchi,67,ST,,0,,3,71,64,54,61,63,70,"186cm | 6'1""",0,-,-,A.C. Cesena,Italy
Gijs Luirink,67,CB,,0,,3,64,46,60,46,68,60,"189cm | 6'2""",0,-,-,RKC Waalwijk,Netherlands
Jordan Lotiès,67,CB,,0,,3,59,50,56,48,68,72,"187cm | 6'2""",0,-,-,A.S. Nancy Lorraine,France
Paddy McCarthy,67,CB,,0,,3,65,32,35,36,71,74,"188cm | 6'2""",0,-,-,Crystal Palace,Republic of Ireland
Ben Williams,67,GK,,0,,3,68,52,59,74,54,62,"188cm | 6'2""",0,-,-,Colchester United,England
Luca Rigoni,67,CDM,,0,,3,63,57,66,57,74,55,"185cm | 6'1""",0,-,-,Chievo Verona,Italy
Antolin Alcaraz,67,CB,,0,,4,56,41,62,51,70,69,"184cm | 6'0""",0,-,-,Club Brugge KV,Paraguay
Jonathan Stead,67,ST,,0,,3,71,58,57,68,52,68,"191cm | 6'3""",0,-,-,Ipswich Town,England
Moustapha Salifou,67,CAM,,0,,3,76,59,61,74,56,58,"180cm | 5'11""",0,-,-,Aston Villa,Togo
Greg Halford,67,RB,,0,,4,66,62,74,59,62,68,"194cm | 6'4""",0,-,-,Wolverhampton Wanderers,England
Dean Gerken,67,GK,,0,,3,66,63,60,70,61,60,"193cm | 6'4""",0,-,-,Bristol City,England
Gavin Rae,67,CM,,0,,3,69,52,66,65,69,58,"181cm | 5'11""",0,-,-,Cardiff City,Scotland
John Rankin,67,CAM,,0,,3,70,61,64,68,57,50,"173cm | 5'8""",0,-,-,Hibernian,Scotland
Mohamed Messoudi,67,CAM,,0,,3,68,59,59,73,66,63,"177cm | 5'10""",0,-,-,KV Kortrijk,Belgium
Olivier Davidas,67,LM,,0,,3,68,51,71,67,62,61,"174cm | 5'9""",0,-,-,Havre Athletic Club,France
Martin Hudec,67,CB,,0,,3,65,50,53,48,66,70,"185cm | 6'1""",0,-,-,TuS Koblenz,Czech Republic
Andreas Johansson,67,CAM,,0,,3,73,62,62,70,56,62,"179cm | 5'10""",0,-,-,Aalborg BK,Sweden
René Muzola Makondele,67,LW,,0,,4,72,60,59,72,50,52,"178cm | 5'10""",0,-,-,Helsingborgs IF,Congo
Melvin Brown,67,CB,,0,,3,64,51,55,44,68,66,"175cm | 5'9""",0,-,-,Cruz Azul,Mexico
Jared Borgetti,67,ST,,0,,3,61,69,45,58,58,84,"185cm | 6'1""",0,-,-,Puebla,Mexico
Joe Bizera,67,CB,,0,,3,60,37,58,45,69,66,"185cm | 6'1""",0,-,-,PAOK,Uruguay
Claudio Suárez,67,CB,,0,,3,56,54,55,49,68,74,"178cm | 5'10""",0,-,-,Club Deportivo Chivas USA,Mexico
Neill Collins,67,CB,,0,,2,68,36,46,53,67,71,"190cm | 6'3""",0,-,-,Preston North End,Scotland
Alan Gow,67,CF,,0,,2,73,63,59,75,47,32,"183cm | 6'0""",0,-,-,Plymouth Argyle,Scotland
Wilfried Sanou,67,RW,,0,,4,88,51,53,76,43,56,"165cm | 5'5""",0,-,-,1. FC Köln,Burkina Faso
Andy Robinson,67,LW,,0,,4,69,65,70,67,58,38,"173cm | 5'8""",0,-,-,Leeds United,England
Milan Dudić,67,CB,,0,,4,62,30,48,55,69,70,"184cm | 6'0""",0,-,-,FC Red Bull Salzburg,Serbia
Otar Khizaneishvili,67,CB,,0,,3,65,32,43,27,70,71,"187cm | 6'2""",0,-,-,FC Augsburg,Georgia
Michael Duff,67,CB,,0,,2,59,37,50,58,70,64,"185cm | 6'1""",0,-,-,Burnley,Northern Ireland
Gavin Williams,67,CM,,0,,4,64,62,66,68,60,50,"178cm | 5'10""",0,-,-,Bristol City,Wales
Bartosz Bosacki,67,CB,,0,,2,71,32,49,38,68,64,"189cm | 6'2""",0,-,-,Lech Poznań,Poland
Karel D'Haene,67,CB,,0,,3,60,44,62,53,67,69,"184cm | 6'0""",0,-,-,SV Zulte-Waregem,Belgium
Hans Somers,67,CM,,0,,4,61,58,64,65,70,66,"184cm | 6'0""",0,-,-,FC Utrecht,Belgium
Hüseyin Çimşir,67,CDM,,0,,2,64,51,66,63,73,78,"187cm | 6'2""",0,-,-,Bursaspor,Turkey
Dániel Tőzsér,67,CAM,,0,,3,57,73,69,67,55,58,"185cm | 6'1""",0,-,-,KRC Genk,Hungary
Ayman Mohammed Abdelaziz,67,CM,,0,,2,66,54,62,65,73,56,"177cm | 5'10""",0,-,-,Diyarbakırspor,Egypt
David Zibung,67,GK,,0,,2,67,60,62,72,41,63,"188cm | 6'2""",0,-,-,FC Luzern,Switzerland
Marcel Herzog,67,GK,,0,,3,72,63,53,72,46,63,"185cm | 6'1""",0,-,-,MSV Duisburg,Switzerland
Eduardo Navarro Soriano,67,GK,,0,,3,66,71,54,65,45,70,"180cm | 5'11""",0,-,-,C.D. Numancia,Spain
Sergio Rodríguez Martínez,67,CM,,0,,3,65,62,72,65,50,50,"175cm | 5'9""",0,-,-,Real Sociedad,Spain
Enrique F. Ortiz Moruno,67,RW,,0,,3,71,64,60,68,49,50,"175cm | 5'9""",0,-,-,Cádiz CF,Spain
Luis Castro Rodriguez,67,RB,,0,,2,76,45,62,61,62,66,"174cm | 5'9""",0,-,-,U.D. Salamanca,Spain
Héctor Sánchez Cabrera,67,LB,,0,,3,71,26,51,37,68,58,"175cm | 5'9""",0,-,-,C.D. Tenerife,Spain
Libero Parri Romero,67,CM,,0,,3,59,66,72,67,54,54,"174cm | 5'9""",0,-,-,Club Gimnàstic,Spain
Héctor Simon Escudero,67,CAM,,0,,3,66,56,69,68,58,63,"179cm | 5'10""",0,-,-,Girona C.F.,Spain
Rafael Ramos Lozano,67,RM,,0,,3,71,59,64,62,62,56,"170cm | 5'7""",0,-,-,C.D. Castellón,Spain
Asier Goiria Etxeberría,67,ST,,0,,3,64,65,49,65,59,76,"182cm | 6'0""",0,-,-,C.D. Numancia,Spain
Sergio Rodríguez García,67,CB,,0,,3,66,47,61,38,66,70,"185cm | 6'1""",0,-,-,Hércules C.F.,Spain
Igor Mitreski,67,CB,,0,,2,61,31,54,54,69,69,"180cm | 5'11""",0,-,-,Energie Cottbus,FYR Macedonia
Seyi Olofinjana,67,CDM,,0,,3,69,53,66,58,72,70,"193cm | 6'4""",0,-,-,Hull City,Nigeria
Armando Perna,67,CB,,0,,3,74,37,38,39,68,60,"182cm | 6'0""",0,-,-,Modena,Italy
Fabio Firmani,67,CDM,,0,,3,67,55,64,64,72,64,"178cm | 5'10""",0,-,-,Lazio,Italy
Csaba Fehér,67,CM,,0,,3,56,62,69,65,68,66,"180cm | 5'11""",0,-,-,NAC Breda,Hungary
Andrea Soncin,67,ST,,0,,3,76,64,54,57,58,62,"174cm | 5'9""",0,-,-,Padua,Italy
Isah Abdulahi Eliakwu,67,LF,,0,,3,82,59,50,66,61,60,"172cm | 5'8""",0,-,-,Gallipoli,Nigeria
Avi Strul,67,CB,,0,,3,64,49,59,49,67,62,"186cm | 6'1""",0,-,-,Sporting Lokeren OV,Israel
Marco Caligiuri,67,CDM,,0,,4,68,58,65,68,64,66,"180cm | 5'11""",0,-,-,SpVgg Greuther Fürth,Germany
Branko Bošković,67,CAM,,0,,4,67,67,67,72,51,59,"185cm | 6'1""",0,-,-,SK Rapid Wien,Montenegro
Jacques Abardonado,67,CB,,0,,3,57,44,38,41,71,76,"183cm | 6'0""",0,-,-,Valenciennes FC,France
Roni Porokara,67,LW,,0,,3,72,59,61,73,55,54,"183cm | 6'0""",0,-,-,Örebro SK,Finland
Liam Chilvers,67,CB,,0,,4,65,43,54,34,68,69,"185cm | 6'1""",0,-,-,Preston North End,England
Michael Doyle,67,CM,,0,,3,66,60,64,63,66,54,"178cm | 5'10""",0,-,-,Leeds United,Republic of Ireland
Bradley Orr,67,RB,,0,,3,63,41,51,54,69,62,"183cm | 6'0""",0,-,-,Bristol City,England
Roger Guerreiro,67,CAM,,0,,4,58,66,67,80,55,72,"186cm | 6'1""",0,-,-,AEK Athens,Poland
Darryl Flahavan,67,GK,,0,,3,60,62,65,64,52,70,"180cm | 5'11""",0,-,-,Crystal Palace,England
Stuart Nelson,67,GK,,0,,3,68,63,64,63,56,63,"188cm | 6'2""",0,-,-,Aberdeen,England
Enrique Tortosa García,67,RB,,0,,3,70,39,60,60,65,52,"176cm | 5'9""",0,-,-,Albacete Balompié,Spain
Marcin Wachowicz,67,CF,,0,,4,77,63,57,67,54,44,"181cm | 5'11""",0,-,-,Arka Gdynia,Poland
Patrice Bernier,67,CDM,,0,,3,72,56,65,55,66,66,"177cm | 5'10""",0,-,-,FC Nordsjælland,Canada
Sammy Clingan,67,CM,,0,,3,62,63,67,63,64,54,"180cm | 5'11""",0,-,-,Coventry City,Northern Ireland
Leon Clarke,67,CF,,0,,4,76,63,53,58,58,64,"188cm | 6'2""",0,-,-,Sheffield Wednesday,England
Sławomir Olszewski,67,GK,,0,,3,64,54,70,73,45,56,"188cm | 6'2""",0,-,-,Cracovia Kraków,Poland
Ronald Gercaliu,67,LB,,0,,3,64,32,57,55,68,64,"181cm | 5'11""",0,-,-,SC Magna Wiener Neustadt,Austria
Manuel Blanco Rodríguez,67,RB,,0,,3,72,26,51,42,67,61,"182cm | 6'0""",0,-,-,Albacete Balompié,Spain
Robert Snodgrass,67,LW,,0,,4,68,60,67,72,49,49,"182cm | 6'0""",0,-,-,Leeds United,Scotland
Fredy José Bareiro,67,ST,,0,,2,73,62,54,62,47,65,"182cm | 6'0""",0,-,-,U.A.G.,Paraguay
Matthew Mills,67,CB,,0,,3,64,36,49,37,69,68,"188cm | 6'2""",0,-,-,Reading,England
Jerome Thomas,67,LW,,0,,3,77,55,65,73,52,52,"178cm | 5'10""",0,-,-,West Bromwich Albion,England
Stéphane Mangione,67,ST,,0,,3,73,61,56,66,55,62,"169cm | 5'7""",0,-,-,Dijon FCO,France
Christian Müller,67,RW,,0,,3,76,58,66,73,46,42,"182cm | 6'0""",0,-,-,TuS Koblenz,Germany
Richard Kingson,67,GK,,0,,2,66,67,61,72,49,60,"182cm | 6'0""",0,-,-,Wigan Athletic,Ghana
Matt Fryatt,67,ST,,0,,4,71,64,54,61,52,66,"178cm | 5'10""",0,-,-,Leicester City,England
Mirko Bellodi,67,GK,,0,,1,71,64,62,58,41,70,"184cm | 6'0""",0,-,-,Mantova,Italy
Matthias Langkamp,67,CB,,0,,3,70,36,45,41,68,71,"192cm | 6'4""",0,-,-,Karlsruher SC,Germany
Weifeng Li,67,CB,,0,,3,56,52,52,51,69,71,"184cm | 6'0""",0,-,-,Suwon Samsung Bluewings,China PR
Nana Asare,67,LM,,0,,3,77,53,64,72,60,56,"175cm | 5'9""",0,-,-,FC Utrecht,Ghana
Alberto Regazzoni,67,LM,,0,,3,77,62,57,71,60,59,"169cm | 5'7""",0,-,-,BSC Young Boys,Switzerland
David Edwards,67,CM,,0,,3,68,54,67,67,65,60,"180cm | 5'11""",0,-,-,Wolverhampton Wanderers,Wales
Rey Volpato,67,CF,,0,,3,69,63,49,72,58,53,"186cm | 6'1""",0,-,-,Bari,Italy
Roberto Trashorras Gayoso,67,CAM,,0,,4,58,64,71,61,60,53,"179cm | 5'10""",0,-,-,R.C. Celta,Spain
Jailton da Cruz Alves,67,CDM,,0,,2,70,58,61,58,70,63,"178cm | 5'10""",0,-,-,Coritiba,Brazil
Diego Fernando Pérez,67,CDM,,0,,3,64,52,70,55,72,68,"177cm | 5'10""",0,-,-,AS Monaco FC,Uruguay
David Abraham,67,CB,,0,,3,65,39,51,57,67,70,"187cm | 6'2""",0,-,-,FC Basel 1893,Argentina
Joan Tomás Campasol,67,CF,,0,,3,70,61,58,68,54,63,"167cm | 5'6""",0,-,-,Villarreal B,Spain
Gamal Hamza,67,ST,,0,,3,71,61,56,72,46,57,"177cm | 5'10""",0,-,-,1. FSV Mainz 05,Egypt
Elliott Ward,67,CB,,0,,3,64,40,46,37,69,68,"185cm | 6'1""",0,-,-,Coventry City,England
Mark Bunn,67,GK,,0,,3,70,67,57,74,42,59,"183cm | 6'0""",0,-,-,Sheffield United,England
Valerio Foglio,67,LB,,0,,2,70,53,63,62,63,60,"180cm | 5'11""",0,-,-,Albinoleffe,Italy
Glenn Verbauwhede,67,GK,,0,,2,66,63,62,66,61,62,"187cm | 6'2""",0,-,-,KV Kortrijk,Belgium
Frank van Mosselveld,67,CB,,0,,3,66,45,56,37,67,68,"184cm | 6'0""",0,-,-,RKC Waalwijk,Netherlands
Mat Sadler,67,LB,,0,,3,69,45,54,55,65,64,"180cm | 5'11""",0,-,-,Watford,England
Colin Doyle,67,GK,,0,,3,70,65,61,71,32,60,"196cm | 6'5""",0,-,-,Birmingham City,Republic of Ireland
Emiliano Daniel Armenteros,67,CAM,,0,,3,68,61,69,72,49,52,"179cm | 5'10""",0,-,-,Xerez C.D.,Argentina
Danielson Ferreira Trindade,67,CB,,0,,3,65,45,43,48,68,74,"186cm | 6'1""",0,-,-,Paços Ferreira,Brazil
Saulo R. dos Santos,67,RW,,0,,3,79,63,59,60,53,54,"176cm | 5'9""",0,-,-,R.C. Celta,Brazil
Chris Morgan,67,CB,,0,,4,59,28,29,24,73,78,"185cm | 6'1""",0,-,-,Sheffield United,England
Michael Thwaite,67,CB,,0,,4,71,47,57,40,66,57,"190cm | 6'3""",0,-,-,Gold Coast United,Australia
Marcus Williams,67,LB,,0,,3,77,26,44,47,66,59,"173cm | 5'8""",0,-,-,Scunthorpe United,England
Carl Dickinson,67,LB,,0,,2,66,33,52,45,68,70,"185cm | 6'1""",0,-,-,Stoke City,England
Fernando Morales,67,LW,,0,,2,74,59,69,67,60,56,"174cm | 5'9""",0,-,-,U.N.A.M.,Mexico
Rachid Farssi,67,LWB,,0,,3,71,55,64,64,62,60,"180cm | 5'11""",0,-,-,KVC Westerlo,Morocco
Djamel Abdoun,67,RM,,0,,3,72,61,63,73,56,54,"180cm | 5'11""",0,-,-,FC Nantes,Algeria
Kelvin Wilson,67,CB,,0,,2,71,30,40,49,67,69,"187cm | 6'2""",0,-,-,Nottingham Forest,England
Jimmy Mainfroi,67,RB,,0,,3,64,33,62,41,68,62,"172cm | 5'8""",0,-,-,Grenoble Foot 38,France
Mariano Stendardo,67,CB,,0,,2,64,55,53,37,67,76,"189cm | 6'2""",0,-,-,Salerno,Italy
Jacob Mulenga,67,ST,,0,,3,74,64,44,58,60,72,"186cm | 6'1""",0,-,-,FC Utrecht,Zambia
David Bystroň,67,CB,,0,,4,58,63,68,65,64,74,"189cm | 6'2""",0,-,-,Viktoria Plzeň ,Czech Republic
Dustley Mulder,67,RB,,0,,2,69,39,54,53,66,66,"181cm | 5'11""",0,-,-,RKC Waalwijk,Netherlands
Claudio Pani,67,CM,,0,,3,73,60,64,62,62,63,"178cm | 5'10""",0,-,-,Triestina,Italy
Tony McMahon,67,RB,,0,,3,68,40,52,53,66,64,"180cm | 5'11""",0,-,-,Middlesbrough,England
Marc-André Kruska,67,CDM,,0,,4,69,57,62,62,69,61,"178cm | 5'10""",0,-,-,Energie Cottbus,Germany
Tim Ward,67,RB,,0,,4,70,57,62,62,64,60,"183cm | 6'0""",0,-,-,Chicago Fire,United States
Daniel Theorin,67,CB,,0,,3,66,45,54,43,68,64,"192cm | 6'4""",0,-,-,Gefle IF,Sweden
Chris Hogg,67,CB,,0,,3,69,26,46,50,68,72,"182cm | 6'0""",0,-,-,Hibernian,England
Peter Ramage,67,CB,,0,,2,65,41,54,53,66,72,"185cm | 6'1""",0,-,-,Queens Park Rangers,England
Vuk Sotirović,67,ST,,0,,3,69,62,51,64,60,76,"177cm | 5'10""",0,-,-,Śląsk Wrocław,Serbia
Olivier Veigneau,67,LB,,0,,3,71,38,68,58,64,60,"174cm | 5'9""",0,-,-,MSV Duisburg,France
Didier Digard,67,CDM,,0,,4,69,58,60,62,74,70,"183cm | 6'0""",0,-,-,Middlesbrough,France
Etienne Esajas,67,LM,,0,,3,81,69,59,70,44,49,"171cm | 5'7""",0,-,-,Sheffield Wednesday,Netherlands
Sang Min Yang,67,LWB,,0,,2,69,57,66,58,63,59,"181cm | 5'11""",0,-,-,Suwon Samsung Bluewings,Korea Republic
Hyeung Bum Kim,67,RW,,0,,3,65,68,63,70,48,36,"174cm | 5'9""",0,-,-,Jeonbuk Hyundai Motors,Korea Republic
Jorge Hernández,67,CM,,0,,4,72,49,66,62,71,59,"185cm | 6'1""",0,-,-,Monarcas Morelia,Mexico
Elkin Soto,67,LM,,0,,3,73,55,70,67,54,49,"178cm | 5'10""",0,-,-,1. FSV Mainz 05,Colombia
Boukary Dramé,67,LB,,0,,4,71,41,52,44,67,64,"180cm | 5'11""",0,-,-,FC Sochaux-Montbéliard,Senegal
Joakim Sjöhage,67,ST,,0,,3,83,59,44,66,44,63,"185cm | 6'1""",0,-,-,Trelleborgs FF,Sweden
Jan Tauer,67,LWB,,0,,2,66,54,65,62,65,60,"190cm | 6'3""",0,-,-,Djurgårdens IF,Germany
Gary Irvine,67,RB,,0,,3,72,22,60,63,65,66,"180cm | 5'11""",0,-,-,St. Johnstone FC,Scotland
Michael O'Connor,67,CDM,,0,,3,67,63,66,57,62,60,"185cm | 6'1""",0,-,-,Scunthorpe United,Northern Ireland
Mark Davies,67,CM,,0,,3,68,59,67,71,58,52,"180cm | 5'11""",0,-,-,Bolton Wanderers,England
Chahir Belghazouani,67,RF,,0,,3,69,58,63,73,53,62,"180cm | 5'11""",0,-,-,Tours FC,Morocco
Tim Krul,67,GK,,0,,2,69,66,62,69,35,61,"188cm | 6'2""",0,-,-,Newcastle United,Netherlands
Samuel San José Fernández,67,CB,,0,,4,66,50,52,47,66,67,"172cm | 5'8""",0,-,-,U.D. Las Palmas,Spain
Juan José Expósito Ruiz,67,ST,,0,,4,65,63,55,65,57,69,"187cm | 6'2""",0,-,-,Córdoba C.F.,Spain
Thomas Enevoldsen,67,CM,,0,,4,74,60,61,58,67,56,"181cm | 5'11""",0,-,-,FC Groningen,Denmark
José Roberto de Oliveira,67,CAM,,0,,3,57,65,78,79,43,59,"170cm | 5'7""",0,-,-,Flamengo,Brazil
Chus Herrero,67,CB,,0,,3,70,38,50,35,67,64,"183cm | 6'0""",0,-,-,F.C. Cartagena,Spain
Juan Carlos,67,GK,,0,,1,63,66,67,68,42,60,"180cm | 5'11""",0,-,-,Villarreal B,Spain
De la Bella,67,LB,,0,,3,71,44,56,54,65,64,"180cm | 5'11""",0,-,-,Real Sociedad,Spain
Jade North,67,CB,,0,,2,58,48,54,56,68,68,"180cm | 5'11""",0,-,-,Incheon United FC,Australia
Carlos Calvo Sobrado,67,RM,,0,,3,73,62,66,73,49,53,"174cm | 5'9""",0,-,-,Xerez C.D.,Spain
Jorn Vermeulen,67,RB,,0,,3,65,57,63,61,65,62,"184cm | 6'0""",0,-,-,Club Brugge KV,Belgium
Carlos Martínez,67,RB,,0,,4,68,50,51,50,65,70,"188cm | 6'2""",0,-,-,Real Sociedad,Spain
Réginal Goreux,67,RM,,0,,3,73,64,60,65,58,58,"175cm | 5'9""",0,-,-,Standard de Liège,Belgium
Javi Varas,67,GK,,0,,3,66,68,54,71,51,67,"182cm | 6'0""",0,-,-,Sevilla F.C.,Spain
Michael Collins,67,CM,,0,,4,63,63,67,62,62,47,"183cm | 6'0""",0,-,-,Huddersfield Town,Republic of Ireland
Michael Timisela,67,RB,,0,,3,71,48,56,63,64,61,"176cm | 5'9""",0,-,-,VVV-Venlo,Netherlands
Vasilis Pliatsikas,67,CDM,,0,,3,72,53,66,59,64,62,"174cm | 5'9""",0,-,-,FC Schalke 04,Greece
Alhassan Bangura,67,CM,,0,,3,76,54,66,63,61,58,"175cm | 5'9""",0,-,-,Blackpool,Sierra Leone
Davide Astori,67,CB,,0,,3,57,30,54,35,71,76,"188cm | 6'2""",0,-,-,Cagliari,Italy
Trevor Trevisan,67,CB,,0,,3,69,36,43,43,67,70,"186cm | 6'1""",0,-,-,Padua,Italy
Rúrik Gíslason,67,CAM,,0,,3,73,56,70,69,53,51,"184cm | 6'0""",0,-,-,Odense Boldklub,Iceland
Stephen Quinn,67,CM,,0,,2,66,66,63,63,64,62,"168cm | 5'6""",0,-,-,Sheffield United,Republic of Ireland
Victor Bernárdez,67,CB,,0,,3,63,55,39,29,70,72,"181cm | 5'11""",0,-,-,RSC Anderlecht,Honduras
Joetex Asamoah Frimpong,67,ST,,0,,3,73,61,58,64,50,63,"178cm | 5'10""",0,-,-,FC Luzern,Ghana
Chadli Amri,67,LM,,0,,4,83,59,61,73,48,54,"178cm | 5'10""",0,-,-,1. FSV Mainz 05,Algeria
Sven Kums,67,CM,,0,,4,64,67,68,68,52,56,"176cm | 5'9""",0,-,-,KV Kortrijk,Belgium
Joseph Akpala,67,ST,,0,,3,74,66,50,57,57,66,"185cm | 6'1""",0,-,-,Club Brugge KV,Nigeria
Winston Reid,67,CB,,0,,2,73,38,48,49,66,68,"190cm | 6'3""",0,-,-,FC Midtjylland,Denmark
Chang Soo Kim,67,RB,,0,,3,69,56,58,57,65,58,"178cm | 5'10""",0,-,-,Busan I'Park,Korea Republic
Jérôme Polenz,67,RB,,0,,4,75,57,62,60,62,63,"181cm | 5'11""",0,-,-,Alemannia Aachen,Germany
Simone Missiroli,67,CAM,,0,,3,79,58,60,64,61,68,"191cm | 6'3""",0,-,-,Reggina,Italy
Julien Toudic,67,ST,,0,,3,80,59,52,67,41,58,"172cm | 5'8""",0,-,-,Stade Malherbe Caen,France
Daniel Chávez,67,CF,,0,,5,71,60,53,71,54,58,"176cm | 5'9""",0,-,-,Club Brugge KV,Peru
Carlos Hernández,67,CAM,,0,,5,57,73,67,63,58,36,"170cm | 5'7""",0,-,-,Melbourne Victory FC,Costa Rica
Cédric Collet,67,LM,,0,,3,74,55,62,69,61,55,"182cm | 6'0""",0,-,-,Standard de Liège,France
Ivo Ilicevic,67,CAM,,0,,5,71,59,66,78,52,62,"174cm | 5'9""",0,-,-,1. FC Kaiserslautern,Croatia
Evander Sno,67,CDM,,0,,4,64,57,63,63,71,72,"189cm | 6'2""",0,-,-,Bristol City,Netherlands
Issah Ahmed,67,CB,,0,,1,62,30,39,49,69,78,"177cm | 5'10""",0,-,-,Randers FC,Ghana
Gustav Svensson,67,CDM,,0,,3,60,59,69,55,69,69,"183cm | 6'0""",0,-,-,I. Göteborg,Sweden
Lars Bender,67,CDM,,0,,3,71,54,63,63,69,66,"183cm | 6'0""",0,-,-,Bayer 04 Leverkusen,Germany
Cyriaque Louvion,67,CB,,0,,3,57,45,60,44,69,66,"185cm | 6'1""",0,-,-,Le Mans Union Club 72,France
Chris Taylor,67,RW,,0,,4,80,59,63,68,57,49,"183cm | 6'0""",0,-,-,Oldham Athletic,England
Patric Klandt,67,GK,,0,,3,71,64,56,69,52,63,"185cm | 6'1""",0,-,-,FSV Frankfurt,Germany
Valdet Rama,67,RW,,0,,5,73,58,57,71,49,63,"182cm | 6'0""",0,-,-,Hannover 96,Albania
Suso Santana,67,CAM,,0,,3,72,64,65,73,52,60,"177cm | 5'10""",0,-,-,Heart of Midlothian,Spain
Ahmed Apimah Barusso,67,CDM,,0,,2,71,58,57,54,78,56,"184cm | 6'0""",0,-,-,Brescia,Ghana
Manuel da Costa,67,CB,,0,,3,71,24,35,60,67,71,"190cm | 6'3""",0,-,-,West Ham United,Portugal
Ferdinando Sforzini,67,ST,,0,,2,71,63,51,56,62,78,"193cm | 6'4""",0,-,-,Bari,Italy
Heinz Barmettler,67,CB,,0,,2,62,32,52,40,69,70,"183cm | 6'0""",0,-,-,FC Zürich,Switzerland
Kiko Casilla,67,GK,,0,,2,62,66,61,66,46,70,"192cm | 6'4""",0,-,-,Cádiz CF,Spain
Bischoff,67,CM,,0,,3,71,58,67,69,58,54,"176cm | 5'9""",0,-,-,Académica Coimbra,Portugal
Adil Hermach,67,CDM,,0,,3,66,52,66,65,68,62,"177cm | 5'10""",0,-,-,Racing Club de Lens,Morocco
Walter Alberto López,67,LB,,0,,1,74,57,70,63,62,41,"185cm | 6'1""",0,-,-,Brescia,Uruguay
Paulo Sérgio Ferreira Gomes,67,CDM,,0,,3,67,52,64,66,72,62,"182cm | 6'0""",0,-,-,Académica Coimbra,Brazil
Clément Chantôme,67,CM,,0,,3,71,43,64,57,81,78,"180cm | 5'11""",0,-,-,Paris Saint-Germain,France
Mário Jorge Quintas Felgueiras,67,GK,,0,,3,64,63,66,68,37,65,"187cm | 6'2""",0,-,-,Vitória de Setúbal,Portugal
Jens Janse,67,RWB,,0,,2,73,29,65,61,64,58,"185cm | 6'1""",0,-,-,Willem II,Netherlands
Jonathan Wilmet,67,RW,,0,,4,75,63,56,59,45,64,"183cm | 6'0""",0,-,-,Sint-Truidense VV,Belgium
Ricardo Faty,67,CDM,,0,,3,69,49,65,54,75,68,"192cm | 6'4""",0,-,-,Roma,France
Karel Piták,67,CAM,,0,,3,62,59,66,72,65,63,"182cm | 6'0""",0,-,-,FC Red Bull Salzburg,Czech Republic
Tamás Priskin,67,ST,,0,,3,63,65,57,63,64,75,"185cm | 6'1""",0,-,-,Ipswich Town,Hungary
Julián López De Lerma,67,CAM,,0,,3,72,62,65,66,53,52,"178cm | 5'10""",0,-,-,R.C.D. Espanyol,Spain
Tijani Belaïd,67,RM,,0,,4,70,61,64,67,58,60,"180cm | 5'11""",0,-,-,Slavia Praha,Tunisia
Jirès Kembo-Ekoko,67,ST,,0,,3,76,59,59,69,47,59,"178cm | 5'10""",0,-,-,Stade Rennais FC,DR Congo
Elliot Omozusi,67,RB,,0,,3,77,24,54,60,64,62,"179cm | 5'10""",0,-,-,Fulham,England
Kamani Hill,67,RF,,0,,4,78,62,51,64,45,57,"183cm | 6'0""",0,-,-,Vitória de Guimarães,United States
Kévin Olimpa,67,GK,,0,,2,68,65,66,64,29,68,"186cm | 6'1""",0,-,-,Angers SCO,France
Nenad Novaković,67,GK,,0,,3,62,63,64,74,41,60,"192cm | 6'4""",0,-,-,FC Nordsjælland,Serbia
Zoltán Stieber,67,LW,,0,,3,66,64,64,70,49,52,"183cm | 6'0""",0,-,-,TuS Koblenz,Hungary
Luis Robles,67,GK,,0,,2,64,65,66,65,53,63,"185cm | 6'1""",0,-,-,1. FC Kaiserslautern,United States
Michael Theoklitos,67,GK,,0,,3,66,63,65,66,45,64,"186cm | 6'1""",0,-,-,Norwich City,Australia
David McGoldrick,67,ST,,0,,3,76,62,46,67,45,58,"185cm | 6'1""",0,-,-,Nottingham Forest,England
David Střihavka,67,ST,,0,,2,66,61,52,67,54,73,"189cm | 6'2""",0,-,-,Viktoria Plzeň ,Czech Republic
Jan Kysela,67,RW,,0,,2,72,58,63,68,62,60,"178cm | 5'10""",0,-,-,Mladá Boleslav,Czech Republic
Tomáš Jirsák,67,LM,,0,,3,65,66,62,67,63,61,"172cm | 5'8""",0,-,-,Wisła Kraków,Czech Republic
Ladislav Onofrej,67,LM,,0,,3,64,61,70,62,57,52,"180cm | 5'11""",0,-,-,Sigma Olomouc,Slovakia
Ondrej Mazuch,67,CB,,0,,3,61,44,42,43,70,62,"189cm | 6'2""",0,-,-,RSC Anderlecht,Czech Republic
Jan Blažek,67,ST,,0,,3,73,62,58,60,45,64,"181cm | 5'11""",0,-,-,Slovan Liberec,Czech Republic
Stefan Larsson,67,LB,,0,,4,73,50,61,64,63,64,"183cm | 6'0""",0,-,-,Kalmar FF,Sweden
Damien Marcq,67,CB,,0,,3,67,31,58,52,67,74,"183cm | 6'0""",0,-,-,U.S. Boulogne Cote D'Opale,France
Ivan Perišic,67,CAM,,0,,5,67,67,65,67,54,64,"187cm | 6'2""",0,-,-,Club Brugge KV,Croatia
Emil Johansson,67,LWB,,0,,2,79,59,66,59,61,48,"172cm | 5'8""",0,-,-,Hammarby,Sweden
Mahamane Traoré,67,CAM,,0,,3,71,65,68,72,46,57,"176cm | 5'9""",0,-,-,OGC Nice,Mali
Ignacio María González,67,CAM,,0,,5,70,62,64,80,52,69,"180cm | 5'11""",0,-,-,Valencia C.F.,Uruguay
Luigi Consonni,67,LM,,0,,3,73,53,72,48,60,54,"183cm | 6'0""",0,-,-,Grosseto,Italy
Ciaran Clark,67,CB,,0,,3,69,35,55,32,68,70,"186cm | 6'1""",0,-,-,Aston Villa,England
Yohan Benalouane,67,CB,,0,,3,65,42,54,32,69,70,"185cm | 6'1""",0,-,-,A.S. Saint-Etienne,France
Fin Bartels,67,RM,,0,,4,82,58,62,74,48,54,"175cm | 5'9""",0,-,-,Hansa Rostock,Germany
Benjamin Schwarz,67,LWB,,0,,3,68,37,52,55,66,62,"180cm | 5'11""",0,-,-,TSV 1860 München,Germany
Jonny Howson,67,CAM,,0,,4,68,63,63,66,60,41,"180cm | 5'11""",0,-,-,Leeds United,England
Mathias Jørgensen,67,CB,,0,,2,70,29,48,45,68,65,"191cm | 6'3""",0,-,-,FC København,Denmark
Markus Heppke,67,RM,,0,,4,84,55,62,55,60,67,"180cm | 5'11""",0,-,-,Rot-Weiß Oberhausen,Germany
Nabil El Zhar,67,RW,,0,,3,81,60,65,66,41,38,"168cm | 5'6""",0,-,-,Liverpool,Morocco
Barry Bannan,67,LM,,0,,3,76,58,73,67,45,38,"180cm | 5'11""",0,-,-,Aston Villa,Scotland
Jordan Henderson,67,RM,,0,,2,71,64,63,74,54,56,"182cm | 6'0""",0,-,-,Sunderland,England
Siphiwe Tshabalala,67,LW,,0,,3,86,54,68,66,60,48,"170cm | 5'7""",0,-,-,Kaizer Chiefs,South Africa
Ibrahima Traoré,67,LM,,0,,4,80,60,63,74,48,50,"172cm | 5'8""",0,-,-,FC Augsburg,France
Sandy Paillot,67,CB,,0,,3,64,26,46,30,70,75,"191cm | 6'3""",0,-,-,Grenoble Foot 38,France
Vurnon Anita,67,CDM,,0,,4,75,45,65,68,66,51,"166cm | 5'5""",0,-,-,Ajax,Netherlands
Nill De Pauw,67,CF,,0,,4,72,56,66,70,60,62,"180cm | 5'11""",0,-,-,Sporting Lokeren OV,Belgium
Enrique López Delgado,67,CF,,0,,3,75,59,59,67,49,62,"169cm | 5'7""",0,-,-,U.D. Salamanca,Spain
Pavol Baláž,67,LM,,0,,2,64,69,68,63,55,52,"178cm | 5'10""",0,-,-,Ruch Chorzów,Slovakia
Chris Basham,67,CDM,,0,,3,69,61,66,59,62,64,"180cm | 5'11""",0,-,-,Bolton Wanderers,England
Dorian Dervite,67,CB,,0,,3,69,30,46,30,70,64,"192cm | 6'4""",0,-,-,Tottenham Hotspur,France
Leonardo Bonucci,67,CB,,0,,2,64,31,44,45,70,70,"190cm | 6'3""",0,-,-,Bari,Italy
Vusumuzi Prince Nyoni,67,LM,,0,,3,76,56,62,71,59,54,"177cm | 5'10""",0,-,-,KSV Cercle Brugge,Zimbabwe
Alberto Lora Ramos,67,CAM,,0,,3,73,60,62,71,58,58,"168cm | 5'6""",0,-,-,Real Sporting de Gijón,Spain
Ivan Bolado Palacios,67,ST,,0,,3,64,63,56,69,49,61,"180cm | 5'11""",0,-,-,Real Racing Club,Spain
Jan Koprivec,67,GK,,0,,1,63,62,59,71,69,64,"187cm | 6'2""",0,-,-,Gallipoli,Slovenia
Vladimir Koman,67,CAM,,0,,3,79,62,63,66,51,52,"173cm | 5'8""",0,-,-,Bari,Hungary
Eke Uzoma,67,CDM,,0,,3,70,56,62,66,67,65,"168cm | 5'6""",0,-,-,SC Freiburg,Nigeria
Sulejman Smajić,67,RM,,0,,4,73,63,65,72,49,48,"172cm | 5'8""",0,-,-,Sporting Lokeren OV,Bosnia Herzegovina
Dušan Vasiljević,67,CAM,,0,,3,60,63,72,61,56,62,"185cm | 6'1""",0,-,-,Slavia Praha,Serbia
John-Joe O'Toole,67,CM,,0,,3,70,63,64,64,59,70,"188cm | 6'2""",0,-,-,Colchester United,Republic of Ireland
Daniele Ragatzu,67,ST,,0,,2,78,60,38,72,47,59,"170cm | 5'7""",0,-,-,Cagliari,Italy
Anderson Cueto,67,LW,,0,,4,72,62,54,73,45,48,"173cm | 5'8""",0,-,-,Lech Poznań,Peru
Danny Swanson,67,CAM,,0,,2,73,58,66,76,53,52,"168cm | 5'6""",0,-,-,Dundee United,Scotland
James O'Brien,67,RW,,0,,3,72,62,62,68,47,52,"183cm | 6'0""",0,-,-,Motherwell,Republic of Ireland
Rômulo Marques Macedo,67,CAM,,0,,3,66,61,69,69,53,47,"172cm | 5'8""",0,-,-,Busan I'Park,Brazil
David Junior Lopes,67,LB,,0,,2,64,47,62,52,67,50,"190cm | 6'3""",0,-,-,Córdoba C.F.,Brazil
Jakob Jantscher,67,LM,,0,,4,73,63,67,71,50,56,"179cm | 5'10""",0,-,-,SK Sturm Graz,Austria
Kanu,67,CF,,0,,2,65,62,53,70,54,65,"190cm | 6'3""",0,-,-,RSC Anderlecht,Brazil
Gabriel Lima Oliveira,67,CAM,,0,3.0,3,74,56,64,72,58,54,"173cm | 5'8""",0,-,-,Atlético Paranaense,Brazil
Ricardo Noir,67,RW,,0,,3,88,55,52,66,40,56,"176cm | 5'9""",0,-,-,Boca Juniors,Argentina
Marco Reus,67,RM,,0,,4,78,63,63,74,48,58,"180cm | 5'11""",0,-,-,Borussia M'gladbach,Germany
Mike Terranova,67,ST,,0,,3,67,65,53,64,51,65,"172cm | 5'8""",0,-,-,Rot-Weiß Oberhausen,Italy
Dani Pacheco,67,CF,,0,,3,82,59,44,76,36,48,"170cm | 5'7""",0,-,-,Liverpool,Spain
Nicolas Nkoulou,67,CB,,0,,3,63,29,48,33,71,70,"180cm | 5'11""",0,-,-,AS Monaco FC,Cameroon
Robert Mario Flores Bistolfi,67,CAM,,0,,4,67,65,68,72,49,52,"179cm | 5'10""",0,-,-,Villarreal B,Uruguay
Luka Vučko,67,CB,,0,,2,65,27,52,37,68,78,"197cm | 6'6""",0,-,-,Eskişehirspor,Croatia
Bajram Sadrijaj,67,ST,,0,,4,81,60,53,67,48,46,"174cm | 5'9""",0,-,-,Borussia Dortmund,Serbia
Aleksandar Dragovic,67,CB,,0,,3,68,27,45,49,68,68,"184cm | 6'0""",0,-,-,FK Austria Wien,Austria
José María López de Silva Sánchez,67,RF,,0,,3,77,58,59,68,43,54,"170cm | 5'7""",0,-,-,Cádiz CF,Spain
Marcel Risse,67,RW,,0,,4,82,57,61,67,49,56,"183cm | 6'0""",0,-,-,1. FC Nürnberg,Germany
Luca Di Laura,67,RB,,0,,3,68,41,63,40,66,66,"189cm | 6'2""",0,-,-,Cagliari,Italy
Pablo de Barros Paulino,67,CDM,,0,,3,69,54,69,57,66,55,"178cm | 5'10""",0,-,-,Real Zaragoza,Brazil
Daniel Hernández Santos,67,GK,,0,,3,59,61,74,59,34,72,"196cm | 6'5""",0,-,-,S.D. Huesca,Venezuela
Csaba Horváth,67,CB,,0,,3,66,47,45,49,67,78,"192cm | 6'4""",0,-,-,ADO Den Haag,Slovakia
Daniele Gasparetto,67,CB,,0,,2,69,36,39,38,69,72,"195cm | 6'5""",0,-,-,Padua,Italy
Luuk de Jong,67,ST,,0,,3,73,62,50,64,51,64,"188cm | 6'2""",0,-,-,FC Twente,Switzerland
Lorenzo Del Prete,67,RWB,,0,,2,75,40,63,53,64,62,"176cm | 5'9""",0,-,-,Frosinone,Italy
Bogdan Milić,67,ST,,0,,3,71,59,56,65,62,76,"195cm | 6'5""",0,-,-,ADO Den Haag,Montenegro
José Ángel,67,LB,,0,,3,72,49,59,58,64,52,"172cm | 5'8""",0,-,-,Real Sporting de Gijón,Spain
Omar Jawo,67,CB,,0,,3,60,45,47,54,69,71,"187cm | 6'2""",0,-,-,Gefle IF,Sweden
Péter Kurucz,67,GK,,0,,3,67,69,63,69,31,63,"185cm | 6'1""",0,-,-,West Ham United,Hungary
Botía,67,CB,,0,,4,63,31,64,55,67,66,"187cm | 6'2""",0,-,-,Real Sporting de Gijón,Spain
Diego Arismendi,67,CM,,0,,3,70,56,65,70,62,58,"189cm | 6'2""",0,-,-,Stoke City,Uruguay
Cristóbal Márquez Crespo,67,CM,,0,,3,69,63,64,59,61,59,"180cm | 5'11""",0,-,-,Villarreal B,Spain
Kristoffer Nordfeldt,67,GK,,0,,2,72,59,61,67,48,63,"190cm | 6'3""",0,-,-,IF Brommapojkarna,Sweden
Tom Söderberg,67,CB,,0,,3,69,25,42,26,69,74,"199cm | 6'6""",0,-,-,BK Häcken,Sweden
Rene Krhin,67,CM,,0,,4,64,59,70,63,60,56,"189cm | 6'2""",0,-,-,Inter,Slovenia
Shkodran Mustafi,67,CB,,0,,3,71,51,49,37,66,75,"184cm | 6'0""",0,-,-,Everton,Germany
José Carlos Fernández Vázquez,67,CF,,0,,3,68,62,62,67,49,63,"177cm | 5'10""",0,-,-,Sevilla F.C.,Spain
Ibrahima Gueye,67,CB,,0,,3,63,41,51,38,69,69,"190cm | 6'3""",0,-,-,Sporting Lokeren OV,Senegal
Kelvin Leerdam,67,LM,,0,,3,74,60,60,68,61,58,"178cm | 5'10""",0,-,-,Feyenoord,Suriname
Cody Arnoux,67,ST,,0,,4,77,63,40,63,46,63,"178cm | 5'10""",0,-,-,Everton,United States
Pedro Miguel Costa Seabra,67,CM,,0,,2,68,65,63,62,62,58,"184cm | 6'0""",0,-,-,Leixões SC,Portugal
Jagoš Vukovic,67,CB,,0,,3,62,32,53,53,69,68,"194cm | 6'4""",0,-,-,PSV,Serbia
Mark Kennedy,66,LM,,0,,2,65,63,67,64,56,46,"180cm | 5'11""",0,-,-,Cardiff City,Republic of Ireland
Stephen Foster,66,CB,,0,,3,63,28,42,35,69,71,"180cm | 5'11""",0,-,-,Barnsley,England
Gennaro Scarlato,66,CB,,0,,3,69,47,57,50,64,57,"182cm | 6'0""",0,-,-,Frosinone,Italy
Massimo Donati,66,CM,,0,,3,72,51,64,71,62,68,"185cm | 6'1""",0,-,-,Bari,Italy
Carlos Miguel Brandão Fernandes,66,LB,,0,,3,66,53,63,50,64,62,"188cm | 6'2""",0,-,-,S.C. Olhanense,Portugal
Pascal Cygan,66,CB,,0,,3,52,42,53,45,70,66,"191cm | 6'3""",0,-,-,F.C. Cartagena,France
Craig Moore,66,CB,,0,,3,48,41,50,25,73,66,"185cm | 6'1""",0,-,-,Brisbane Roar Football Club,Australia
Darren Purse,66,CB,,0,,3,59,33,36,31,71,72,"188cm | 6'2""",0,-,-,Sheffield Wednesday,England
Pascal Delhommeau,66,CB,,0,,2,61,38,54,33,68,71,"190cm | 6'3""",0,-,-,Vannes OC,France
Arek Radomski,66,CDM,,0,,3,65,58,66,55,66,64,"179cm | 5'10""",0,-,-,N.E.C.,Poland
Jackie McNamara,66,RB,,0,,3,58,50,61,55,67,59,"175cm | 5'9""",0,-,-,Falkirk,Scotland
Paul Gallacher,66,GK,,0,,3,64,68,61,63,46,65,"183cm | 6'0""",0,-,-,St. Mirren,Scotland
Olivier Doll,66,CB,,0,,3,59,38,50,40,70,64,"182cm | 6'0""",0,-,-,Sporting Lokeren OV,Belgium
George Boateng,66,CDM,,0,,3,62,53,64,58,77,66,"182cm | 6'0""",0,-,-,Hull City,Netherlands
Nicola Mora,66,LB,,0,,2,56,44,58,48,69,62,"173cm | 5'8""",0,-,-,Grosseto,Italy
Libor Sionko,66,RM,,0,,4,73,63,60,68,57,50,"178cm | 5'10""",0,-,-,FC København,Czech Republic
Bernd Thijs,66,CDM,,0,,4,53,62,66,56,71,70,"186cm | 6'1""",0,-,-,KAA Gent,Belgium
Grégory Paisley,66,CB,,0,,3,62,36,47,41,68,68,"184cm | 6'0""",0,-,-,OGC Nice,France
Rogier Molhoek,66,LM,,0,,3,66,56,67,69,57,66,"186cm | 6'1""",0,-,-,Vitesse,Netherlands
Miguel António T. Ferreira Pedro,66,RW,,0,,3,78,55,62,70,50,52,"175cm | 5'9""",0,-,-,Académica Coimbra,Portugal
Domingo Nagore Arbizu,66,CDM,,0,,4,59,52,69,52,74,65,"182cm | 6'0""",0,-,-,C.D. Numancia,Spain
René Aufhauser,66,CM,,0,,3,64,58,61,64,69,79,"185cm | 6'1""",0,-,-,FC Red Bull Salzburg,Austria
Filippo Cristante,66,CB,,0,,3,61,42,39,33,69,66,"186cm | 6'1""",0,-,-,Ancona,Italy
Danny Tiatto,66,LM,,0,,3,62,63,62,58,70,48,"175cm | 5'9""",0,-,-,Brisbane Roar Football Club,Australia
Jérémy Hénin,66,CB,,0,,3,62,26,58,47,67,76,"186cm | 6'1""",0,-,-,Havre Athletic Club,France
Paul Green,66,CM,,0,,3,64,55,67,65,64,62,"175cm | 5'9""",0,-,-,Derby County,England
Fernando Morán Escudero,66,RM,,0,,3,67,61,69,67,49,62,"175cm | 5'9""",0,-,-,Club Gimnàstic,Spain
Brett Ormerod,66,ST,,0,,2,71,59,43,68,60,72,"181cm | 5'11""",0,-,-,Blackpool,England
Alje Schut,66,CB,,0,,3,58,40,34,32,71,76,"192cm | 6'4""",0,-,-,FC Utrecht,Netherlands
Tyrone Marshall,66,CB,,0,,3,69,42,48,44,65,66,"188cm | 6'2""",0,-,-,Seattle Sounders FC,Jamaica
Julien Baudet,66,CB,,0,,3,60,42,41,32,69,74,"191cm | 6'3""",0,-,-,Colorado Rapids,France
Mario Cantaluppi,66,CB,,0,,3,49,61,73,62,68,61,"184cm | 6'0""",0,-,-,Sint-Truidense VV,Switzerland
Sergio José Bastida,66,CM,,0,,3,63,56,67,69,60,57,"172cm | 5'8""",0,-,-,FC Aarau,Argentina
John Kennedy,66,CB,,0,,3,64,23,58,67,66,72,"188cm | 6'2""",0,-,-,Celtic,Scotland
Clint Hill,66,CB,,0,,2,61,29,34,35,70,72,"183cm | 6'0""",0,-,-,Crystal Palace,England
Ian Ashbee,66,CDM,,0,,3,61,54,63,52,78,68,"185cm | 6'1""",0,-,-,Hull City,England
Dieter Dekelver,66,ST,,0,,4,72,62,57,57,57,62,"181cm | 5'11""",0,-,-,KVC Westerlo,Belgium
Dime Jankulovski,66,GK,,0,,3,63,68,54,70,29,67,"188cm | 6'2""",0,-,-,GAIS,Sweden
Daniel Andersson,66,CDM,,0,,3,62,54,67,55,72,66,"178cm | 5'10""",0,-,-,Malmö FF,Sweden
José Paulo Sousa da Silva,66,CDM,,0,,3,67,56,65,56,68,60,"175cm | 5'9""",0,-,-,Paços Ferreira,Portugal
Loris Reina,66,LB,,0,,4,66,61,63,57,63,65,"180cm | 5'11""",0,-,-,KV Kortrijk,France
Jan-Paul Saeijs,66,CB,,0,,3,58,55,49,45,67,70,"190cm | 6'3""",0,-,-,Roda JC,Netherlands
Bobby Convey,66,LM,,0,,3,72,59,62,71,57,54,"175cm | 5'9""",0,-,-,San Jose Earthquakes,United States
Bart Deelkens,66,GK,,0,,2,62,65,63,64,56,65,"189cm | 6'2""",0,-,-,KVC Westerlo,Belgium
Youl Mawéné,66,CB,,0,,1,59,36,61,60,67,62,"186cm | 6'1""",0,-,-,Preston North End,France
Danny Califf,66,CB,,0,,3,53,39,46,40,71,66,"185cm | 6'1""",0,-,-,FC Midtjylland,United States
Tony Sergeant,66,CM,,0,,4,61,65,64,59,62,68,"182cm | 6'0""",0,-,-,KSV Cercle Brugge,Belgium
Kevin Vandenbergh,66,ST,,0,,3,63,67,47,65,45,61,"178cm | 5'10""",0,-,-,FC Utrecht,Belgium
Andreas Schranz,66,GK,,0,,3,65,63,65,59,39,70,"182cm | 6'0""",0,-,-,SK Austria Kärnten,Austria
Kevin Begois,66,GK,,0,,2,62,62,63,66,60,63,"185cm | 6'1""",0,-,-,VVV-Venlo,Belgium
Mauro Lustrinelli,66,ST,,0,,3,66,63,53,67,56,62,"173cm | 5'8""",0,-,-,AC Bellinzona,Switzerland
Mamadou Diabang,66,ST,,0,,5,73,60,51,62,52,68,"179cm | 5'10""",0,-,-,FK Austria Wien,Senegal
Ander Murillo García,66,CB,,0,,3,62,38,59,57,67,54,"184cm | 6'0""",0,-,-,U.D. Salamanca,Spain
Guillaume Moullec,66,RB,,0,,4,67,47,68,61,64,56,"175cm | 5'9""",0,-,-,FC Nantes,France
Pablo Piñones-Arce,66,ST,,0,,3,73,60,49,70,48,54,"178cm | 5'10""",0,-,-,IF Brommapojkarna,Sweden
Mikkel Bischoff,66,CB,,0,,4,60,29,39,47,70,68,"193cm | 6'4""",0,-,-,Brøndby IF,Denmark
Michael Mörz,66,CAM,,0,,4,66,64,62,68,58,62,"175cm | 5'9""",0,-,-,SV Mattersburg,Austria
Souleymane Camara,66,ST,,0,,3,71,66,45,59,51,64,"174cm | 5'9""",0,-,-,Montpellier Hérault Sport Club,Senegal
Grégory Vignal,66,LB,,0,,2,63,52,60,59,64,69,"182cm | 6'0""",0,-,-,Birmingham City,France
Yoann Poulard,66,CB,,0,,3,55,41,59,45,69,69,"191cm | 6'3""",0,-,-,AC Ajaccio,France
Nelson Ferreira,66,RM,,0,,4,65,65,62,65,61,60,"175cm | 5'9""",0,-,-,FC Luzern,Portugal
Darren Huckerby,66,LM,,0,,4,82,64,52,75,51,52,"178cm | 5'10""",0,-,-,San Jose Earthquakes,England
Denis Viane,66,CB,,0,,3,66,48,56,47,65,65,"179cm | 5'10""",0,-,-,KSV Cercle Brugge,Belgium
James Chambers,66,RB,,0,,3,76,32,56,59,62,60,"178cm | 5'10""",0,-,-,Doncaster Rovers,England
Stern John,66,ST,,0,,3,69,63,41,65,51,66,"180cm | 5'11""",0,-,-,Crystal Palace,Trinidad &amp; Tobago
Yannick Ngabu Bapupa,66,CM,,0,,4,65,59,62,65,67,67,"182cm | 6'0""",0,-,-,Gefle IF,Congo
Giovanni Federico,66,CAM,,0,,4,53,72,69,70,49,66,"182cm | 6'0""",0,-,-,Arminia Bielefeld,Italy
Steven Pelé,66,CB,,0,,3,62,43,58,60,65,72,"188cm | 6'2""",0,-,-,RC Strasbourg,France
Bruno Amorim Lazaroni,66,CDM,,0,,3,66,58,62,60,69,68,"181cm | 5'11""",0,-,-,Naval 1° de Maio,Brazil
Fabien Laurenti,66,RB,,0,,2,66,40,62,41,65,72,"181cm | 5'11""",0,-,-,Racing Club de Lens,France
Ibrahim Tall,66,RB,,0,,3,62,37,58,46,67,70,"182cm | 6'0""",0,-,-,FC Nantes,France
Lee Hughes,66,ST,,0,,4,63,66,53,59,59,67,"178cm | 5'10""",0,-,-,Notts County,England
Derek Geary,66,RB,,0,,3,70,39,61,57,65,52,"167cm | 5'6""",0,-,-,Sheffield United,Republic of Ireland
Jason Crowe,66,RB,,0,,3,67,34,58,59,65,55,"175cm | 5'9""",0,-,-,Leeds United,England
Jerel Ifil,66,CB,,0,,3,80,50,60,52,60,64,"185cm | 6'1""",0,-,-,Aberdeen,St Lucia
Sebastian Pelzer,66,LB,,0,,4,65,43,43,44,66,71,"178cm | 5'10""",0,-,-,Rot-Weiß Ahlen,Germany
Mark Hudson,66,CB,,0,,3,54,40,37,49,71,74,"185cm | 6'1""",0,-,-,Cardiff City,England
Paul Rachubka,66,GK,,0,,3,66,57,59,75,58,53,"185cm | 6'1""",0,-,-,Blackpool,United States
Richard Lee,66,GK,,0,,3,67,57,79,61,56,51,"183cm | 6'0""",0,-,-,Watford,England
Tommaso Berni,66,GK,,0,,2,66,59,56,70,57,64,"185cm | 6'1""",0,-,-,Salerno,Italy
José Saez,66,CM,,0,,4,63,62,62,61,67,60,"170cm | 5'7""",0,-,-,Valenciennes FC,Belgium
Martin Rowlands,66,CM,,0,,3,62,60,66,66,63,55,"175cm | 5'9""",0,-,-,Queens Park Rangers,Republic of Ireland
Brynjar Gunnarsson,66,CDM,,0,,3,69,56,56,68,70,72,"185cm | 6'1""",0,-,-,Reading,Iceland
Louis Carey,66,CB,,0,,3,64,30,45,37,69,68,"178cm | 5'10""",0,-,-,Bristol City,Scotland
Moncef Zerka,66,CAM,,0,,3,70,67,59,66,55,62,"183cm | 6'0""",0,-,-,FC Nantes,Morocco
Emmanuel Krontiris,66,ST,,0,,4,73,61,47,68,50,60,"180cm | 5'11""",0,-,-,TuS Koblenz,Germany
Otto Fredrikson,66,GK,,0,,3,64,65,61,68,39,64,"189cm | 6'2""",0,-,-,Lillestrøm SK,Finland
Danny Fuchs,66,LM,,0,,5,66,62,65,69,53,40,"178cm | 5'10""",0,-,-,1. FC Kaiserslautern,Germany
Goran Šukalo,66,CDM,,0,,3,63,60,62,57,71,69,"193cm | 6'4""",0,-,-,FC Augsburg,Slovenia
Vlado Smit,66,LB,,0,,2,75,38,61,52,63,56,"177cm | 5'10""",0,-,-,Gallipoli,Serbia
Ranisav Jovanovic,66,LF,,0,,3,81,60,48,58,52,66,"191cm | 6'3""",0,-,-,Fortuna Düsseldorf,Serbia
Carlos Gurpegi Nausia,66,CDM,,0,,3,70,53,58,61,75,73,"181cm | 5'11""",0,-,-,Athletic Club de Bilbao,Spain
Benjamin Genton,66,CB,,0,,3,63,36,62,42,67,70,"188cm | 6'2""",0,-,-,FC Lorient Bretagne Sud,France
Christian Weber,66,RWB,,0,,3,72,55,61,59,62,62,"175cm | 5'9""",0,-,-,Fortuna Düsseldorf,Germany
Jonathan Aspas Juncal,66,LM,,0,,3,68,62,63,65,59,63,"178cm | 5'10""",0,-,-,Excelsior Mouscron,Spain
César Martín Villar,66,CB,,0,,4,58,41,54,43,68,65,"185cm | 6'1""",0,-,-,C.D. Castellón,Spain
Juan Luis Mora Palacios,66,GK,,0,,3,61,67,69,60,39,68,"185cm | 6'1""",0,-,-,Levante U.D.,Spain
Kevin Kyle,66,ST,,0,,2,63,63,51,62,58,79,"191cm | 6'3""",0,-,-,Kilmarnock,Scotland
Stefan Buck,66,CB,,0,,3,70,34,49,51,65,75,"189cm | 6'2""",0,-,-,FC Augsburg,Germany
Mikel Aranburu Eizagirre,66,CDM,,0,,4,62,56,63,59,74,62,"180cm | 5'11""",0,-,-,Real Sociedad,Spain
Christian Mayrleb,66,ST,,0,,3,62,67,50,62,54,67,"176cm | 5'9""",0,-,-,LASK Linz,Austria
Filipe Andrade Teixeira,66,RM,,0,,3,76,55,65,67,55,56,"175cm | 5'9""",0,-,-,West Bromwich Albion,Portugal
Jaime Asensio De la Fuente,66,ST,,0,,3,65,67,48,61,46,66,"180cm | 5'11""",0,-,-,Córdoba C.F.,Spain
Eduardo Moya Castillo,66,RB,,0,,4,76,50,58,60,61,60,"175cm | 5'9""",0,-,-,R.C. Celta,Spain
Massimo Margiotta,66,ST,,0,,3,62,67,49,61,58,68,"187cm | 6'2""",0,-,-,Vicenza,Venezuela
Eneko Romo Arangoa,66,CAM,,0,,3,64,63,64,61,59,68,"182cm | 6'0""",0,-,-,Real Unión Club Irún,Spain
Samuel Baños Cardín,66,CDM,,0,,3,63,52,68,63,68,60,"175cm | 5'9""",0,-,-,Levante U.D.,Spain
Raúl Gañán Bermúdez,66,RB,,0,,3,69,23,67,60,64,60,"176cm | 5'9""",0,-,-,U.D. Salamanca,Spain
Iñaki Bea Jáuregi,66,CB,,0,,3,60,41,52,51,67,70,"184cm | 6'0""",0,-,-,Real Murcia,Spain
David Martin,66,GK,,0,,3,68,57,60,69,50,62,"185cm | 6'1""",0,-,-,Liverpool,England
Rodolphe Roche,66,GK,,0,,3,68,65,59,63,34,67,"182cm | 6'0""",0,-,-,Le Mans Union Club 72,France
Alexandre Dujeux,66,RB,,0,,3,68,57,57,47,63,66,"181cm | 5'11""",0,-,-,Tours FC,France
Olivier Blondel,66,GK,,0,,3,70,64,59,61,51,66,"187cm | 6'2""",0,-,-,Toulouse FC,France
Gledson Da Silva Menezes,66,CB,,0,,3,65,44,42,46,66,66,"190cm | 6'3""",0,-,-,FSV Frankfurt,Brazil
Collin Samuel,66,ST,,0,,3,83,60,54,67,41,36,"175cm | 5'9""",0,-,-,St. Johnstone FC,Trinidad &amp; Tobago
Antoni Łukasiewicz,66,CB,,0,,3,66,50,56,46,64,66,"188cm | 6'2""",0,-,-,Śląsk Wrocław,Poland
Murat Önür,66,LB,,0,,2,70,40,58,61,63,62,"182cm | 6'0""",0,-,-,Eskişehirspor,Turkey
Milorad Pekovic,66,CDM,,0,,3,66,57,60,65,70,70,"189cm | 6'2""",0,-,-,1. FSV Mainz 05,Montenegro
David Gutiérrez de Coz,66,RB,,0,,3,66,43,60,41,67,53,"178cm | 5'10""",0,-,-,Real Murcia,Spain
Marco Christ,66,CAM,,0,,4,65,60,69,64,55,50,"170cm | 5'7""",0,-,-,Fortuna Düsseldorf,Germany
Chiguy Lucau,66,ST,,0,,3,67,64,53,62,51,61,"187cm | 6'2""",0,-,-,CS Sedan Ardennes,DR Congo
Anders Lindegaard,66,GK,,0,,3,67,76,49,68,47,61,"193cm | 6'4""",0,-,-,Aalesunds FK,Denmark
Jonas Ivens,66,CB,,0,,3,61,42,51,42,68,70,"188cm | 6'2""",0,-,-,KV Mechelen,Belgium
Fábio dos Santos Barbosa,66,CDM,,0,,3,64,51,65,59,75,72,"182cm | 6'0""",0,-,-,Flu. Rio de Janeiro,Brazil
Jin-Kyu Kim,66,CB,,0,,4,52,66,48,50,68,72,"183cm | 6'0""",0,-,-,FC Seoul,Korea Republic
Tae Uk Choi,66,RW,,0,,4,78,59,56,67,54,44,"173cm | 5'8""",0,-,-,Jeonbuk Hyundai Motors,Korea Republic
Dae-Eui Kim,66,LW,,0,,3,73,63,57,66,50,43,"174cm | 5'9""",0,-,-,Suwon Samsung Bluewings,Korea Republic
Mike Magee,66,CF,,0,,4,74,60,55,64,51,60,"175cm | 5'9""",0,-,-,Los Angeles Galaxy,United States
Michele Pazienza,66,CM,,0,,3,66,50,68,68,65,63,"178cm | 5'10""",0,-,-,Napoli,Italy
Ronald Graafland,66,GK,,0,,2,67,64,65,64,63,53,"190cm | 6'3""",0,-,-,Vitesse,Netherlands
Francesco Millesi,66,RW,,0,,3,72,60,63,61,56,60,"180cm | 5'11""",0,-,-,Salerno,Italy
Marcel Eger,66,CB,,0,,3,62,49,58,52,65,72,"190cm | 6'3""",0,-,-,FC St. Pauli,Germany
Davino Verhulst,66,GK,,0,,3,64,65,62,66,54,61,"191cm | 6'3""",0,-,-,KRC Genk,Belgium
Eric Sitruk,66,CM,,0,,3,73,55,59,60,66,50,"162cm | 5'4""",0,-,-,Stade Brestois 29,France
Zak Whitbread,66,CB,,0,,3,61,36,46,49,68,72,"188cm | 6'2""",0,-,-,Millwall,United States
Russell Anderson,66,CB,,0,,3,60,38,44,41,69,70,"180cm | 5'11""",0,-,-,Sunderland,Scotland
Chris Clark,66,LM,,0,,4,73,56,66,66,56,36,"180cm | 5'11""",0,-,-,Plymouth Argyle,Scotland
Tamika Mkandawire,66,CB,,0,,3,72,13,21,30,71,65,"183cm | 6'0""",0,-,-,Leyton Orient,England
Lucas de Deus Santos,66,CAM,,0,,2,75,61,64,70,46,50,"171cm | 5'7""",0,-,-,Odense Boldklub,Brazil
Nadjim Abdou,66,CM,,0,,3,79,50,62,67,61,62,"180cm | 5'11""",0,-,-,Millwall,France
Pedro José Pinazo Arias,66,LM,,0,,3,72,65,62,68,52,58,"182cm | 6'0""",0,-,-,U.D. Salamanca,Spain
Kasper Risgård,66,CM,,0,,2,75,56,70,68,47,53,"182cm | 6'0""",0,-,-,Arminia Bielefeld,Denmark
Dean Lewington,66,LB,,0,,3,55,42,60,41,70,62,"180cm | 5'11""",0,-,-,Milton Keynes Dons,England
Davide Moscardelli,66,ST,,0,,3,60,62,47,73,56,66,"187cm | 6'2""",0,-,-,Piacenza,Italy
Juriy Cannarsa,66,CB,,0,,3,69,45,46,46,65,68,"183cm | 6'0""",0,-,-,Salerno,Italy
Hee-Ju Kwak,66,CB,,0,,4,59,51,51,44,67,64,"184cm | 6'0""",0,-,-,Suwon Samsung Bluewings,Korea Republic
Daniel Lopar,66,GK,,0,,3,66,61,57,67,45,68,"185cm | 6'1""",0,-,-,FC St. Gallen,Switzerland
Boštjan Cesar,66,CB,,0,,4,56,43,54,30,70,69,"191cm | 6'3""",0,-,-,Grenoble Foot 38,Slovenia
Kevin Foley,66,RB,,0,,3,64,27,62,49,68,48,"175cm | 5'9""",0,-,-,Wolverhampton Wanderers,Republic of Ireland
Ho-Jin Park,66,GK,,0,,2,66,64,62,65,36,64,"190cm | 6'3""",0,-,-,Suwon Samsung Bluewings,Korea Republic
Ian Evatt,66,CB,,0,,2,57,43,46,44,69,68,"191cm | 6'3""",0,-,-,Blackpool,England
Kwan-Woo Lee,66,CAM,,0,,3,61,66,69,69,50,40,"175cm | 5'9""",0,-,-,Suwon Samsung Bluewings,Korea Republic
Kurt Van Dooren,66,CB,,0,,3,63,43,47,43,67,65,"183cm | 6'0""",0,-,-,Germinal Beerschot,Belgium
Neil Mellor,66,ST,,0,,2,66,64,53,58,53,76,"184cm | 6'0""",0,-,-,Preston North End,England
Miguel Almazán,66,RB,,0,,3,66,43,62,55,65,65,"175cm | 5'9""",0,-,-,Toluca,Mexico
Steven MacLean,66,ST,,0,,3,65,64,50,66,64,60,"180cm | 5'11""",0,-,-,Plymouth Argyle,Scotland
Glen Crowe,66,ST,,0,,2,65,67,54,52,58,72,"179cm | 5'10""",0,-,-,Bohemians FC,Republic of Ireland
Erdal Güneş,66,ST,,0,,1,68,63,51,62,54,70,"185cm | 6'1""",0,-,-,Diyarbakırspor,Turkey
Karl Svensson,66,CB,,0,,3,64,40,42,51,66,72,"190cm | 6'3""",0,-,-,I. Göteborg,Sweden
Daniel Stucki,66,LB,,0,,3,66,40,52,46,66,64,"180cm | 5'11""",0,-,-,FC Zürich,Switzerland
Daniel Cifuentes Alfaro,66,RB,,0,,4,70,51,62,57,62,64,"174cm | 5'9""",0,-,-,Cádiz CF,Spain
Gerard Bordas Bahamontes,66,LM,,0,,3,74,62,63,68,48,54,"177cm | 5'10""",0,-,-,Villarreal B,Spain
Felip Ortiz Martínez,66,GK,,0,,3,65,62,66,67,38,61,"179cm | 5'10""",0,-,-,Club Gimnàstic,Spain
Rafael Barber Rodríguez,66,CDM,,0,,2,66,59,55,66,75,72,"183cm | 6'0""",0,-,-,R.C. Recreativo,Spain
José Luis Vegar Tobar,66,LM,,0,,4,67,59,68,68,53,47,"170cm | 5'7""",0,-,-,S.D. Huesca,Spain
Mikel Álvaro Salazar,66,RW,,0,,3,80,60,48,62,56,54,"176cm | 5'9""",0,-,-,C.D. Numancia,Spain
Kirian Rodríguez Ledesma,66,CB,,0,,4,69,34,52,42,66,64,"179cm | 5'10""",0,-,-,FSV Frankfurt,Spain
Raúl Navas Paul,66,GK,,0,,3,67,64,62,62,46,64,"179cm | 5'10""",0,-,-,Córdoba C.F.,Spain
Gorka Larrea García,66,CM,,0,,3,68,50,65,59,68,52,"182cm | 6'0""",0,-,-,Levante U.D.,Spain
Oscar Alvarez Sanjuan,66,CB,,0,,3,68,37,53,33,67,52,"182cm | 6'0""",0,-,-,Girona C.F.,Spain
Íñigo Vélez de Mendizábal,66,ST,,0,,3,60,67,49,58,58,74,"193cm | 6'4""",0,-,-,C.D. Numancia,Spain
Álvaro Mejía Pérez,66,CB,,0,,4,67,41,57,34,66,68,"181cm | 5'11""",0,-,-,Real Murcia,Spain
Francisco Javier Lledó Llano,66,GK,,0,,2,62,61,67,62,56,62,"186cm | 6'1""",0,-,-,C.D. Castellón,Spain
Unai Expósito Medina,66,RB,,0,,4,70,48,57,62,64,54,"176cm | 5'9""",0,-,-,F.C. Cartagena,Spain
Tobias Grahn,66,CAM,,0,,4,80,61,55,77,52,50,"185cm | 6'1""",0,-,-,Randers FC,Sweden
Raio Piiroja,66,CB,,0,,3,66,40,40,24,67,84,"190cm | 6'3""",0,-,-,Fredrikstad FK,Estonia
Loïc Loval,66,RM,,0,,4,78,52,64,66,54,62,"174cm | 5'9""",0,-,-,FC Utrecht,France
Samir El Gaaouiri,66,LW,,0,,3,72,61,60,68,55,47,"183cm | 6'0""",0,-,-,KSV Roeselare,Netherlands
Omer Golan,66,CF,,0,,4,71,64,54,59,60,64,"182cm | 6'0""",0,-,-,Sporting Lokeren OV,Israel
Marcin Mięciel,66,ST,,0,,2,66,62,57,61,55,75,"186cm | 6'1""",0,-,-,Legia Warszawa,Poland
Manuel Lenz,66,GK,,0,,2,66,60,62,71,54,55,"195cm | 6'5""",0,-,-,Rot-Weiß Ahlen,Germany
Dudley Campbell,66,ST,,0,,3,85,58,52,62,50,55,"178cm | 5'10""",0,-,-,Leicester City,England
Aaron McLean,66,ST,,0,,3,76,63,40,66,54,58,"171cm | 5'7""",0,-,-,Peterborough United,England
Mads Junker,66,ST,,0,,3,75,61,41,67,56,64,"186cm | 6'1""",0,-,-,Roda JC,Denmark
Sanel Kuljic,66,ST,,0,,5,62,64,55,63,51,69,"179cm | 5'10""",0,-,-,SC Magna Wiener Neustadt,Austria
Franz Schiemer,66,CB,,0,,5,69,45,54,42,64,74,"185cm | 6'1""",0,-,-,FC Red Bull Salzburg,Austria
Scott Flinders,66,GK,,0,,3,65,62,63,64,64,58,"184cm | 6'0""",0,-,-,Hartlepool United,England
Bradley Johnson,66,CM,,0,,3,67,64,62,61,61,66,"178cm | 5'10""",0,-,-,Leeds United,England
Paul Reid,66,CB,,0,,3,59,31,42,41,69,72,"188cm | 6'2""",0,-,-,Colchester United,England
Sean O'Hanlon,66,CB,,0,,4,59,31,58,48,68,68,"185cm | 6'1""",0,-,-,Milton Keynes Dons,Republic of Ireland
Przemysław Kulig,66,RB,,0,,3,69,48,52,56,62,76,"181cm | 5'11""",0,-,-,Cracovia Kraków,Poland
Alfredo Cariello,66,LM,,0,,3,66,55,68,63,61,60,"177cm | 5'10""",0,-,-,Frosinone,Italy
David Dei,66,GK,,0,,1,62,63,60,64,59,65,"181cm | 5'11""",0,-,-,Triestina,Italy
Everson Pereira da Silva,66,CDM,,0,,3,69,60,61,64,63,58,"179cm | 5'10""",0,-,-,TuS Koblenz,Brazil
Emil Gabriel Jula,66,ST,,0,,3,62,66,54,59,56,73,"192cm | 6'4""",0,-,-,Energie Cottbus,Romania
Ho Lee,66,CDM,,0,,4,66,52,61,65,73,58,"182cm | 6'0""",0,-,-,Seongnam Ilhwa Chunma,Korea Republic
Joong Yong Lim,66,CB,,0,,3,53,54,57,48,68,66,"184cm | 6'0""",0,-,-,Incheon United FC,Korea Republic
Marcin Cabaj,66,GK,,0,,3,72,63,61,63,50,58,"190cm | 6'3""",0,-,-,Cracovia Kraków,Poland
Johannes Ertl,66,CB,,0,,3,68,32,53,56,65,68,"188cm | 6'2""",0,-,-,Crystal Palace,Austria
Juan Domínguez Otaegi,66,CF,,0,,3,69,64,54,60,52,62,"174cm | 5'9""",0,-,-,Real Unión Club Irún,Spain
Michal Hubník,66,ST,,0,,3,66,62,58,63,61,66,"184cm | 6'0""",0,-,-,Sigma Olomouc,Czech Republic
Graeme Smith,66,GK,,0,,3,60,63,66,68,43,62,"188cm | 6'2""",0,-,-,Brighton &amp; Hove Albion,Scotland
Wouter Gudde,66,CB,,0,,3,66,36,51,39,67,66,"187cm | 6'2""",0,-,-,RKC Waalwijk,Netherlands
Rick Kruys,66,CM,,0,,3,64,62,65,62,59,54,"177cm | 5'10""",0,-,-,Malmö FF,Netherlands
Andrew Considine,66,CB,,0,,3,62,27,42,32,69,80,"193cm | 6'4""",0,-,-,Aberdeen,Scotland
Tobias Eriksson,66,CM,,0,,4,63,65,66,56,60,54,"178cm | 5'10""",0,-,-,Kalmar FF,Sweden
Adriano Neves Pereira,66,ST,,0,,3,64,62,56,66,56,68,"186cm | 6'1""",0,-,-,Chunnam Dragons,Brazil
Rutger Worm,66,CF,,0,,3,74,60,60,64,48,54,"180cm | 5'11""",0,-,-,N.E.C.,Netherlands
Andrea De Falco,66,CM,,0,,3,69,56,66,60,59,50,"179cm | 5'10""",0,-,-,Ancona,Italy
Julian Bennett,66,LB,,0,,3,74,34,59,53,63,62,"185cm | 6'1""",0,-,-,Nottingham Forest,England
Mehmet Akgün,66,CM,,0,,3,73,60,62,62,60,63,"175cm | 5'9""",0,-,-,Willem II,Germany
Uwe Hünemeier,66,CB,,0,,3,67,42,47,43,65,72,"188cm | 6'2""",0,-,-,Borussia Dortmund,Germany
Besart Berisha,66,ST,,0,,4,78,60,45,66,46,56,"184cm | 6'0""",0,-,-,Arminia Bielefeld,Albania
Marco Bernacci,66,ST,,0,,3,69,61,48,65,56,68,"193cm | 6'4""",0,-,-,Ascoli,Italy
Juan Manuel Marrero Monzón,66,LB,,0,,4,72,39,58,44,66,47,"185cm | 6'1""",0,-,-,S.D. Huesca,Spain
André-Joël Sami,66,CB,,0,,3,61,44,48,45,68,66,"190cm | 6'3""",0,-,-,A.S. Nancy Lorraine,France
Thomas Bröker,66,ST,,0,,3,81,60,43,57,55,66,"186cm | 6'1""",0,-,-,Rot-Weiß Ahlen,Germany
Willem Janssen,66,CAM,,0,,3,68,51,67,65,64,62,"186cm | 6'1""",0,-,-,Roda JC,Netherlands
Łukasz Szukała,66,CB,,0,,3,64,38,53,42,66,70,"195cm | 6'5""",0,-,-,Alemannia Aachen,Poland
Geoffrey Doumeng,66,CAM,,0,,3,74,61,65,69,49,44,"168cm | 5'6""",0,-,-,Racing Club de Lens,France
Craig Bryson,66,CAM,,0,,3,69,62,63,68,54,46,"170cm | 5'7""",0,-,-,Kilmarnock,Scotland
Marc Fitzpatrick,66,CM,,0,,2,68,54,65,68,59,50,"178cm | 5'10""",0,-,-,Motherwell,Scotland
Veliče Šhumulikoski,66,CDM,,0,,3,64,59,62,66,68,68,"182cm | 6'0""",0,-,-,Preston North End,FYR Macedonia
Imanol Agirretxe Arruti,66,ST,,0,,4,68,62,44,65,61,68,"185cm | 6'1""",0,-,-,Real Sociedad,Spain
Fernando Usero Toledano,66,CM,,0,,3,63,61,65,55,67,60,"178cm | 5'10""",0,-,-,Elche C.F.,Spain
Pablo Gallardo Zurera,66,CB,,0,,3,66,41,46,47,66,68,"184cm | 6'0""",0,-,-,R.C. Recreativo,Spain
Milivoje Vitakic,66,CB,,0,,4,63,52,59,56,65,66,"185cm | 6'1""",0,-,-,Grenoble Foot 38,Serbia
Peter Whittingham,66,LM,,0,,3,76,64,63,66,48,46,"178cm | 5'10""",0,-,-,Cardiff City,England
Phil Ifil,66,RB,,0,,4,76,44,57,64,62,54,"175cm | 5'9""",0,-,-,Colchester United,St Lucia
Billy Sharp,66,ST,,0,,3,67,65,53,64,49,54,"175cm | 5'9""",0,-,-,Doncaster Rovers,England
Alan McCormack,66,CM,,0,,4,65,62,68,60,55,40,"173cm | 5'8""",0,-,-,Southend United,Republic of Ireland
Simon Cox,66,ST,,0,,3,67,69,40,60,52,55,"180cm | 5'11""",0,-,-,West Bromwich Albion,England
Francesco Cosenza,66,CB,,0,,2,69,37,48,44,65,66,"187cm | 6'2""",0,-,-,Ancona,Italy
Anthony Scaramozzino,66,LB,,0,,3,74,41,61,42,62,68,"180cm | 5'11""",0,-,-,CS Sedan Ardennes,France
Simeon Jackson,66,ST,,0,,3,80,60,44,63,49,55,"173cm | 5'8""",0,-,-,Gillingham,Canada
Emiliano Testini,66,LW,,0,,3,72,60,62,65,54,55,"172cm | 5'8""",0,-,-,Triestina,Italy
Jorge Alonso Martín,66,CM,,0,,3,66,47,72,63,61,68,"178cm | 5'10""",0,-,-,Hércules C.F.,Spain
Emmanuel Sarki,66,RM,,0,,3,74,55,66,62,54,50,"178cm | 5'10""",0,-,-,KVC Westerlo,Nigeria
Hunter Freeman,66,RWB,,0,,3,76,52,67,59,61,54,"180cm | 5'11""",0,-,-,IK Start,United States
Rafael Jordá Ruiz de Asín,66,ST,,0,,3,61,65,58,59,62,70,"192cm | 6'4""",0,-,-,Hércules C.F.,Spain
Cyril Théréau,66,ST,,0,,3,65,63,60,62,57,68,"189cm | 6'2""",0,-,-,Royal Charleroi SC,France
Jack Hobbs,66,CB,,0,,2,68,40,53,48,65,64,"191cm | 6'3""",0,-,-,Leicester City,England
Richard Soumah,66,CAM,,0,,3,68,60,66,68,52,66,"177cm | 5'10""",0,-,-,En Avant de Guingamp,France
Stephen Ward,66,LB,,0,,4,72,62,56,64,61,56,"180cm | 5'11""",0,-,-,Wolverhampton Wanderers,Republic of Ireland
Yong Hyung Cho,66,CB,,0,,3,57,51,61,56,66,62,"182cm | 6'0""",0,-,-,Jeju United FC,Korea Republic
Jang-Eun Oh,66,CM,,0,,2,63,57,67,72,60,42,"175cm | 5'9""",0,-,-,Ulsan Hyundai Horang-i,Korea Republic
Beom Seok Oh,66,RWB,,0,,4,67,50,66,61,63,55,"181cm | 5'11""",0,-,-,Ulsan Hyundai Horang-i,Korea Republic
James Keene,66,ST,,0,,3,75,62,56,57,60,62,"179cm | 5'10""",0,-,-,IF Elfsborg,England
Christian Sánchez,66,CB,,0,,3,75,36,40,38,65,61,"180cm | 5'11""",0,-,-,Santos Laguna,Mexico
Mate Ghvinianidze,66,CB,,0,,3,65,35,50,51,67,68,"189cm | 6'2""",0,-,-,TSV 1860 München,Georgia
Matthew Connolly,66,CB,,0,,3,63,38,42,54,67,68,"188cm | 6'2""",0,-,-,Queens Park Rangers,England
Seïd Khiter,66,RF,,0,,3,70,61,59,66,48,56,"171cm | 5'7""",0,-,-,RC Strasbourg,France
Matteo Teoldi,66,LWB,,0,,3,74,58,62,60,61,54,"186cm | 6'1""",0,-,-,Cittadella,Italy
Mario Martínez Rubio,66,LM,,0,,3,64,58,70,65,56,64,"173cm | 5'8""",0,-,-,C.D. Numancia,Spain
Asen Karaslavov,66,CB,,0,,3,55,31,50,47,70,68,"186cm | 6'1""",0,-,-,SpVgg Greuther Fürth,Bulgaria
Paulo Jorge Vieira Alves,66,RW,,0,,3,74,58,63,73,66,39,"176cm | 5'9""",0,-,-,CS Marítimo,Portugal
Tomáš Lovásik,66,GK,,0,,3,64,65,57,67,57,66,"191cm | 6'3""",0,-,-,Sigma Olomouc,Slovakia
Oscar Rubio Fauria,66,RWB,,0,,3,75,45,59,59,62,46,"172cm | 5'8""",0,-,-,Elche C.F.,Spain
Jean-Francois Kornetzky,66,GK,,0,,3,65,66,58,64,54,63,"191cm | 6'3""",0,-,-,Karlsruher SC,France
Alex Bruce,66,CB,,0,,2,63,33,48,40,69,60,"180cm | 5'11""",0,-,-,Ipswich Town,Republic of Ireland
José Carlos Tabares,66,ST,,0,,4,62,67,54,61,55,66,"182cm | 6'0""",0,-,-,C.D. Castellón,Argentina
Jay Rodriguez,66,ST,,0,,3,75,59,43,61,52,74,"183cm | 6'0""",0,-,-,Burnley,England
Maxime Baca,66,RB,,0,,4,71,39,62,50,64,66,"171cm | 5'7""",0,-,-,FC Lorient Bretagne Sud,France
Owain Fôn Williams,66,GK,,0,,3,65,58,59,76,48,58,"193cm | 6'4""",0,-,-,Stockport County,Wales
Daniele Quadrini,66,RM,,0,,2,66,60,66,64,57,54,"173cm | 5'8""",0,-,-,Sassuolo,Italy
Dennis Grote,66,LW,,0,,2,83,53,59,70,47,48,"180cm | 5'11""",0,-,-,VfL Bochum,Germany
Marvin Ogunjimi,66,ST,,0,,3,71,61,51,64,52,64,"184cm | 6'0""",0,-,-,KRC Genk,Belgium
Roy O'Donovan,66,ST,,0,,3,82,59,54,60,47,54,"168cm | 5'6""",0,-,-,Sunderland,Republic of Ireland
Vilmos Vanczák,66,CB,,0,,3,63,43,52,38,67,64,"187cm | 6'2""",0,-,-,FC Sion,Hungary
Damion Stewart,66,CB,,0,,3,66,27,48,40,68,66,"191cm | 6'3""",0,-,-,Queens Park Rangers,Jamaica
Pablo Sánchez Alberto,66,RF,,0,,3,77,58,54,65,46,64,"172cm | 5'8""",0,-,-,R.C. Recreativo,Spain
Ben Parker,66,LB,,0,,3,66,49,64,62,63,56,"181cm | 5'11""",0,-,-,Leeds United,England
Mark Van den Boogaart,66,CDM,,0,,3,66,50,68,66,66,51,"175cm | 5'9""",0,-,-,Real Murcia,Netherlands
Isaiah Osbourne,66,CM,,0,,3,70,51,64,64,67,66,"188cm | 6'2""",0,-,-,Aston Villa,England
Ritchie Kitoko,66,CDM,,0,,3,72,53,58,61,72,66,"177cm | 5'10""",0,-,-,Udinese,Belgium
Eggert Jónsson,66,RB,,0,,3,63,49,58,63,64,62,"188cm | 6'2""",0,-,-,Heart of Midlothian,Iceland
Gabriele Paonessa,66,CAM,,0,,4,71,64,60,73,52,30,"170cm | 5'7""",0,-,-,Vicenza,Italy
James Brown,66,ST,,0,,3,71,66,40,63,45,60,"180cm | 5'11""",0,-,-,Hartlepool United,England
Giles Coke,66,CM,,0,,4,70,54,67,69,56,40,"183cm | 6'0""",0,-,-,Motherwell,England
Nicolas Viola,66,CM,,0,,3,71,58,63,63,59,59,"181cm | 5'11""",0,-,-,Reggina,Italy
Manuel Ruz Baños,66,RB,,0,,3,78,46,59,55,62,52,"169cm | 5'7""",0,-,-,Hércules C.F.,Spain
Franck Songo'o,66,RW,,0,,4,85,53,54,69,54,53,"178cm | 5'10""",0,-,-,Real Zaragoza,Cameroon
Neal Eardley,66,RB,,0,,3,67,63,63,63,62,62,"180cm | 5'11""",0,-,-,Blackpool,Wales
Shane Smeltz,66,ST,,0,,3,65,67,35,61,56,76,"185cm | 6'1""",0,-,-,Gold Coast United,New Zealand
Honour Gombami,66,RM,,0,,3,81,59,58,65,56,62,"175cm | 5'9""",0,-,-,KSV Cercle Brugge,Zimbabwe
David Goodwillie,66,ST,,0,,3,74,61,49,65,48,56,"175cm | 5'9""",0,-,-,Dundee United,Scotland
Dennis Oliech,66,ST,,0,,3,79,60,44,62,51,60,"181cm | 5'11""",0,-,-,AJ Auxerre,Kenya
Ritchie De Laet,66,CB,,0,,4,69,36,53,42,65,64,"188cm | 6'2""",0,-,-,Manchester United,Belgium
Jelle Vossen,66,ST,,0,,3,65,65,50,64,49,62,"177cm | 5'10""",0,-,-,KSV Cercle Brugge,Belgium
Ki Jong Bae,66,ST,,0,,3,70,61,56,71,50,52,"180cm | 5'11""",0,-,-,Suwon Samsung Bluewings,Korea Republic
Edwin Armando Valencia,66,CDM,,0,,3,72,55,57,64,71,72,"185cm | 6'1""",0,-,-,Atlético Paranaense,Colombia
Alharbi El Jadeyaoui,66,LW,,0,,4,78,56,58,68,47,54,"175cm | 5'9""",0,-,-,En Avant de Guingamp,France
Jonatan Berg,66,RM,,0,,4,70,57,68,68,51,50,"179cm | 5'10""",0,-,-,Gefle IF,Sweden
Stefan Aigner,66,RM,,0,,5,79,55,64,64,51,54,"185cm | 6'1""",0,-,-,TSV 1860 München,Germany
Pedro Beltrán,66,RM,,0,,3,78,58,62,68,54,58,"176cm | 5'9""",0,-,-,Monarcas Morelia,Mexico
Larsen Touré,66,ST,,0,,3,72,65,39,57,49,74,"184cm | 6'0""",0,-,-,LOSC Lille Métropole,Guinea
Zafer Yelen,66,CAM,,0,,5,67,64,65,70,49,46,"180cm | 5'11""",0,-,-,Trabzonspor,Turkey
Wilmer Aguirre,66,ST,,0,,4,73,58,56,70,49,60,"168cm | 5'6""",0,-,-,FC Metz,Peru
Gaëtan Bong,66,LB,,0,,3,67,40,58,44,66,53,"183cm | 6'0""",0,-,-,Valenciennes FC,Cameroon
Alessandro Bastrini,66,CB,,0,,2,70,45,43,43,65,66,"186cm | 6'1""",0,-,-,Salerno,Italy
Arjan Swinkels,66,CB,,0,,3,64,33,51,38,67,78,"184cm | 6'0""",0,-,-,Willem II,Netherlands
Michael Orozco,66,CB,,0,,3,68,34,38,37,67,66,"180cm | 5'11""",0,-,-,San Luis,United States
Romain Danzé,66,RM,,0,,2,63,56,66,65,63,64,"184cm | 6'0""",0,-,-,Stade Rennais FC,France
Mateo Figoli,66,CF,,0,,3,72,62,58,64,55,56,"176cm | 5'9""",0,-,-,Triestina,Uruguay
Kévin Anin,66,LM,,0,,4,68,45,67,63,70,62,"189cm | 6'2""",0,-,-,Havre Athletic Club,France
Giuseppe Vives,66,CM,,0,,4,59,65,67,65,60,54,"180cm | 5'11""",0,-,-,Lecce,Italy
Bobby Olejnik,66,GK,,0,,2,66,55,59,66,33,73,"183cm | 6'0""",0,-,-,Falkirk,Austria
Alessandro Pellicori,66,ST,,0,,2,60,67,46,64,52,69,"181cm | 5'11""",0,-,-,Queens Park Rangers,Italy
Angelo Antonazzo,66,RB,,0,,3,69,40,55,53,65,62,"186cm | 6'1""",0,-,-,Empoli,Italy
Cheikh Matar Gueye,66,RB,,0,,3,71,27,56,28,68,40,"180cm | 5'11""",0,-,-,FC Metz,Senegal
Tomasz Cywka,66,CAM,,0,,3,69,59,68,58,55,57,"171cm | 5'7""",0,-,-,Wigan Athletic,Poland
Adigun Taofeek Salami,66,CDM,,0,,3,64,54,64,64,71,58,"172cm | 5'8""",0,-,-,FC Midtjylland,Nigeria
Anthony Pilkington,66,LF,,0,,5,71,60,55,71,53,51,"183cm | 6'0""",0,-,-,Huddersfield Town,Republic of Ireland
Walid Cherfa,66,LB,,0,,3,70,42,61,33,65,63,"180cm | 5'11""",0,-,-,Club Gimnàstic,Algeria
Sam Vokes,66,ST,,0,,3,72,57,43,67,58,76,"185cm | 6'1""",0,-,-,Wolverhampton Wanderers,Wales
Matthew Spiranovic,66,CB,,0,,3,67,30,44,30,68,70,"193cm | 6'4""",0,-,-,1. FC Nürnberg,Australia
Stevica Ristic,66,ST,,0,,3,62,66,50,62,56,70,"187cm | 6'2""",0,-,-,Pohang Steelers,FYR Macedonia
Marcelo,66,CB,,0,,2,53,34,40,41,72,78,"190cm | 6'3""",0,-,-,Wisła Kraków,Brazil
Daniel Huňa,66,ST,,0,,3,74,62,59,56,50,60,"184cm | 6'0""",0,-,-,1. FK Příbram,Czech Republic
Philip Haglund,66,CDM,,0,,2,63,62,65,59,65,52,"189cm | 6'2""",0,-,-,IF Brommapojkarna,Sweden
Luboš Hušek,66,CDM,,0,,3,69,56,62,60,65,71,"186cm | 6'1""",0,-,-,Sparta Praha,Czech Republic
Luiz Henrique da Silva Alves,66,ST,,0,,3,69,61,65,71,54,44,"175cm | 5'9""",0,-,-,Jeonbuk Hyundai Motors,Brazil
Tim Matavž,66,ST,,0,,5,70,62,41,66,55,66,"188cm | 6'2""",0,-,-,FC Groningen,Slovenia
Ivan Radeljić,66,CB,,0,,4,60,33,53,41,69,74,"190cm | 6'3""",0,-,-,Gençlerbirliği SK,Bosnia Herzegovina
Ilia Kandelaki,66,LB,,0,,3,62,41,56,57,66,64,"180cm | 5'11""",0,-,-,SK Sturm Graz,Georgia
Daniel Sobralense,66,LW,,0,,4,67,57,63,74,50,57,"173cm | 5'8""",0,-,-,Kalmar FF,Brazil
Daniel Gordon,66,CDM,,0,,5,69,54,62,60,69,68,"194cm | 6'4""",0,-,-,Rot-Weiß Oberhausen,Germany
Danilo Aguiar Rocha,66,CB,,0,,2,61,34,52,41,69,70,"188cm | 6'2""",0,-,-,Vitória de Guimarães,Brazil
Joe Mattock,66,LB,,0,,3,71,45,57,54,63,62,"181cm | 5'11""",0,-,-,West Bromwich Albion,England
Kieran Agard,66,ST,,0,,4,81,60,42,67,43,48,"180cm | 5'11""",0,-,-,Everton,England
Shaleum Logan,66,RB,,0,,4,78,52,62,59,60,54,"180cm | 5'11""",0,-,-,Tranmere Rovers,England
Jan Morávek,66,CAM,,0,,3,70,52,74,72,46,48,"180cm | 5'11""",0,-,-,FC Schalke 04,Czech Republic
Timo Schultz,66,CM,,0,,3,65,60,64,57,64,66,"183cm | 6'0""",0,-,-,FC St. Pauli,Germany
Laionel Silva Ramalho,66,RW,,0,,3,77,58,60,67,46,48,"173cm | 5'8""",0,-,-,U.D. Salamanca,Brazil
Ivan Benito,66,GK,,0,,2,64,59,62,63,56,69,"182cm | 6'0""",0,-,-,FC Aarau,Switzerland
Sascha Kotysch,66,RB,,0,,2,72,54,56,61,62,66,"188cm | 6'2""",0,-,-,1. FC Kaiserslautern,Germany
Isaac Vorsah,66,CDM,,0,,3,72,39,68,53,76,75,"192cm | 6'4""",0,-,-,TSG 1899 Hoffenheim,Ghana
Vincent Muratori,66,LB,,0,,3,64,27,64,29,68,68,"178cm | 5'10""",0,-,-,AS Monaco FC,France
Jeffrey Sarpong,66,CAM,,0,,4,73,54,66,74,51,52,"178cm | 5'10""",0,-,-,Ajax,Netherlands
Sergio Zijler,66,RW,,0,,4,84,54,46,70,51,61,"165cm | 5'5""",0,-,-,Willem II,Netherlands
Sal Zizzo,66,RM,,0,,3,69,63,64,68,54,58,"180cm | 5'11""",0,-,-,Hannover 96,United States
Dimitri Daeseleire,66,RWB,,0,,3,71,42,61,58,62,66,"169cm | 5'7""",0,-,-,KRC Genk,Belgium
Jo Coppens,66,GK,,0,,4,67,60,65,68,47,55,"190cm | 6'3""",0,-,-,KSV Cercle Brugge,Belgium
Diogo Tavares,66,ST,,0,,3,71,59,59,67,56,62,"185cm | 6'1""",0,-,-,Frosinone,Portugal
Rubén Rosquete Abreu,66,ST,,0,,4,74,61,48,64,44,60,"174cm | 5'9""",0,-,-,C.D. Tenerife,Spain
Raúl Fuster Arnao,66,LB,,0,,3,73,22,51,48,65,62,"177cm | 5'10""",0,-,-,Elche C.F.,Spain
Demar Phillips,66,LB,,0,,3,78,53,54,69,60,52,"168cm | 5'6""",0,-,-,Aalesunds FK,Jamaica
Istvan Bakx,66,LW,,0,,4,78,58,55,64,47,54,"174cm | 5'9""",0,-,-,KRC Genk,Netherlands
Levan Kenia,66,CAM,,0,,4,78,52,68,74,47,50,"176cm | 5'9""",0,-,-,FC Schalke 04,Georgia
Aaron Doran,66,RM,,0,,3,75,65,61,67,48,50,"175cm | 5'9""",0,-,-,Blackburn Rovers,Republic of Ireland
Roman Neustädter,66,CB,,0,,3,68,47,56,53,63,66,"185cm | 6'1""",0,-,-,Borussia M'gladbach,Germany
Martin Zeman,66,LM,,0,,2,79,58,61,63,56,60,"174cm | 5'9""",0,-,-,Sparta Praha,Czech Republic
Sean Scannell,66,ST,,0,,3,84,56,58,70,47,40,"175cm | 5'9""",0,-,-,Crystal Palace,Republic of Ireland
Anele Calvin Ngcongca,66,CB,,0,,3,70,43,56,44,64,63,"180cm | 5'11""",0,-,-,KRC Genk,South Africa
Denilson Martinho Gabionetta,66,RF,,0,,3,62,63,52,68,50,61,"178cm | 5'10""",0,-,-,FC Crotone,Brazil
Emmanuel Odita Obiora,66,ST,,0,,4,67,64,49,64,52,64,"183cm | 6'0""",0,-,-,KVC Westerlo,Nigeria
Lars Stindl,66,CF,,0,,3,70,62,56,66,37,54,"180cm | 5'11""",0,-,-,Karlsruher SC,Germany
Júnior Díaz,66,LWB,,0,,4,69,57,62,56,64,50,"186cm | 6'1""",0,-,-,Wisła Kraków,Costa Rica
Marcel Höttecke,66,GK,,0,,2,67,59,68,66,42,60,"199cm | 6'6""",0,-,-,Borussia Dortmund,Germany
Wellington Aparecido Martins,66,CF,,0,,3,84,57,62,64,43,48,"173cm | 5'8""",0,-,-,São Paulo,Brazil
James Gibson,66,LB,,0,,2,68,22,62,54,65,64,"178cm | 5'10""",0,-,-,Hamilton Academicals,Scotland
Lars Toborg,66,ST,,0,,3,66,65,46,59,55,70,"180cm | 5'11""",0,-,-,Rot-Weiß Ahlen,Germany
Florian Müller,66,RM,,0,,3,80,53,63,63,58,62,"180cm | 5'11""",0,-,-,Alemannia Aachen,Germany
Alberto Marchesan,66,RWB,,0,,3,73,57,45,54,63,56,"185cm | 6'1""",0,-,-,Cittadella,Italy
Joachim De Gasperi,66,ST,,0,,3,67,64,50,64,42,59,"175cm | 5'9""",0,-,-,Cittadella,Italy
Francisco José Borrego Campos,66,CB,,0,,2,57,24,51,40,70,69,"188cm | 6'2""",0,-,-,S.D. Huesca,Spain
Mohamed Diamé,66,CDM,,0,,3,76,41,62,63,75,76,"184cm | 6'0""",0,-,-,Wigan Athletic,France
Samuel Geoffroy Camille,66,LB,,0,2.0,3,81,35,49,57,61,54,"176cm | 5'9""",0,-,-,Rayo Vallecano,France
Said Husejinovic,66,CAM,,0,,4,79,57,65,72,44,48,"178cm | 5'10""",0,-,-,Werder Bremen,Bosnia Herzegovina
Victor Wanyama,66,CDM,,0,,3,70,57,58,65,66,64,"188cm | 6'2""",0,-,-,Germinal Beerschot,Kenya
Max Fuxberg,66,LB,,0,,5,70,38,56,53,64,58,"179cm | 5'10""",0,-,-,Trelleborgs FF,Sweden
Matthias Schwarz,66,CM,,0,,4,69,58,65,62,60,66,"180cm | 5'11""",0,-,-,VfB Stuttgart,Germany
Matteo Lanzoni,66,CB,,0,,2,72,40,48,51,64,68,"190cm | 6'3""",0,-,-,Mantova,Italy
Garath McCleary,66,LF,,0,,4,70,60,50,68,49,62,"188cm | 6'2""",0,-,-,Nottingham Forest,England
Jonjo Shelvey,66,CAM,,0,,3,67,58,61,67,64,56,"185cm | 6'1""",0,-,-,Charlton Athletic,England
Saúl Berjón,66,ST,,0,,3,70,63,50,63,51,64,"178cm | 5'10""",0,-,-,U.D. Las Palmas,Spain
Michael Görlitz,66,RM,,0,,3,73,55,64,69,56,52,"172cm | 5'8""",0,-,-,Halmstads BK,Germany
Victor Sánchez,66,RM,,0,,3,69,51,65,64,65,55,"174cm | 5'9""",0,-,-,Xerez C.D.,Spain
Aleksandar Petrovic,66,CB,,0,,3,61,25,49,55,69,67,"184cm | 6'0""",0,-,-,Chunnam Dragons,Serbia
Bernardo David Salgueiro Campos,66,CB,,0,,2,66,40,55,51,65,70,"187cm | 6'2""",0,-,-,S.C. Olhanense,Portugal
Manuel Schäffler,66,ST,,0,,3,76,61,48,63,48,62,"186cm | 6'1""",0,-,-,TSV 1860 München,Germany
Rodriguez Lombán,66,CB,,0,,3,66,49,58,48,64,67,"185cm | 6'1""",0,-,-,U.D. Salamanca,Spain
Joey Godee,66,ST,,0,,3,72,60,52,65,56,60,"180cm | 5'11""",0,-,-,Sparta Rotterdam,Netherlands
Tom Cleverley,66,CM,,0,,4,77,55,63,64,54,52,"175cm | 5'9""",0,-,-,Watford,England
Éder,66,ST,,0,,3,73,60,48,62,57,74,"188cm | 6'2""",0,-,-,Académica Coimbra,Guinea Bissau
David Henrique dos Santos,66,CM,,0,,4,68,60,65,67,56,60,"177cm | 5'10""",0,-,-,Feyenoord,Brazil
Boubacar Dialiba Diabang,66,LW,,0,,3,76,57,53,67,48,62,"179cm | 5'10""",0,-,-,KV Mechelen,Bosnia Herzegovina
Jokin Arcaya Esparza,66,LM,,0,,3,78,62,59,73,51,52,"177cm | 5'10""",0,-,-,Club Atlético Osasuna,Spain
Tony Jantschke,66,CDM,,0,,3,72,49,65,64,62,58,"177cm | 5'10""",0,-,-,Borussia M'gladbach,Germany
Lucas Michel Mendes,66,CB,,0,,2,74,33,35,45,66,68,"183cm | 6'0""",0,-,-,Coritiba,Brazil
Paulo Regula,66,CM,,0,,3,71,64,62,62,58,56,"179cm | 5'10""",0,-,-,Vitória de Setúbal,Portugal
Alessandro Riedle,66,ST,,0,,3,68,59,63,65,55,60,"179cm | 5'10""",0,-,-,VfB Stuttgart,Germany
Manuel Salz,66,GK,,0,,3,64,63,61,67,53,64,"185cm | 6'1""",0,-,-,SC Freiburg,Germany
Sebastian Jung,66,RB,,0,,4,73,36,45,45,66,54,"179cm | 5'10""",0,-,-,Eintracht Frankfurt,Germany
Benjamin Vomáčka,66,CB,,0,,3,57,50,53,42,68,68,"186cm | 6'1""",0,-,-,Slavia Praha,Czech Republic
Ghilherme de Aguiar Camacho,66,CAM,,0,,4,75,61,66,66,49,64,"181cm | 5'11""",0,-,-,Flamengo,Brazil
Davidson Drobo-Ampem,66,LB,,0,,3,74,41,47,50,63,69,"189cm | 6'2""",0,-,-,FC St. Pauli,Ghana
Chris Mavinga,66,LB,,0,,3,80,33,56,66,60,66,"179cm | 5'10""",0,-,-,Liverpool,France
Víctor Ruíz,66,CB,,0,,2,68,37,51,44,66,60,"184cm | 6'0""",0,-,-,R.C.D. Espanyol,Spain
Žarko Tomaševic,66,CB,,0,,4,66,46,61,64,64,64,"188cm | 6'2""",0,-,-,CD Nacional,Montenegro
Tiago Manuel Pinto Cintra,66,ST,,0,,3,71,61,48,67,50,60,"185cm | 6'1""",0,-,-,Leixões SC,Portugal
Pedro Trigueira,66,GK,,0,,3,63,64,62,67,45,61,"192cm | 6'4""",0,-,-,Rio Ave FC,Portugal
N'Gala,66,CB,,0,,3,64,50,46,47,66,60,"183cm | 6'0""",0,-,-,West Ham United,England
Gary Speed,65,CM,,0,,3,54,60,71,60,61,80,"181cm | 5'11""",0,-,-,Sheffield United,Wales
Salif Diao,65,CDM,,0,,3,65,44,66,54,73,70,"186cm | 6'1""",0,-,-,Stoke City,Senegal
Nico Van Kerckhoven,65,CB,,0,,3,45,56,67,56,68,66,"190cm | 6'3""",0,-,-,KVC Westerlo,Belgium
Vidar Riseth,65,CB,,0,,4,67,56,60,33,63,71,"188cm | 6'2""",0,-,-,Strømsgodset IF,Norway
Marvin Andrews,65,CB,,0,,3,50,37,46,36,70,75,"188cm | 6'2""",0,-,-,Hamilton Academicals,Trinidad &amp; Tobago
Jeff Strasser,65,CDM,,0,,2,65,62,62,49,65,69,"190cm | 6'3""",0,-,-,Grasshopper-Club,Luxemburg
Philippe Delaye,65,CAM,,0,,3,63,62,66,63,53,58,"174cm | 5'9""",0,-,-,Montpellier Hérault Sport Club,France
Claude Makélélé,65,CDM,,0,,3,62,29,68,69,82,57,"174cm | 5'9""",0,-,-,Paris Saint-Germain,France
Chris Powell,65,LB,,0,,3,52,43,67,48,66,72,"180cm | 5'11""",0,-,-,Leicester City,England
Jason Euell,65,CM,,0,,3,64,64,59,63,62,68,"180cm | 5'11""",0,-,-,Blackpool,Jamaica
Marcus Andreasson,65,CB,,0,,3,75,44,43,34,63,70,"191cm | 6'3""",0,-,-,Molde FK,Sweden
Lee Hendrie,65,CAM,,0,,3,63,62,62,65,59,58,"178cm | 5'10""",0,-,-,Derby County,England
Fabio Galante,65,CB,,0,,3,50,45,52,47,69,70,"185cm | 6'1""",0,-,-,Livorno,Italy
Rudy Riou,65,GK,,0,,3,59,66,64,67,25,66,"185cm | 6'1""",0,-,-,Olympique de Marseille,France
Olivier Echouafni,65,CDM,,0,,3,55,57,66,54,70,72,"184cm | 6'0""",0,-,-,OGC Nice,France
Graham Stack,65,GK,,0,,3,63,66,60,62,37,66,"188cm | 6'2""",0,-,-,Hibernian,Republic of Ireland
Jeffrey Aubynn,65,LM,,0,,2,61,63,67,65,51,52,"183cm | 6'0""",0,-,-,Malmö FF,Sweden
Craig Dargo,65,ST,,0,,3,69,63,44,69,43,52,"168cm | 5'6""",0,-,-,St. Mirren,Scotland
Pedro Kamata,65,LM,,0,,3,84,52,55,75,53,64,"166cm | 5'5""",0,-,-,Bari,France
Marcus Lantz,65,CM,,0,,3,63,50,63,64,72,56,"178cm | 5'10""",0,-,-,Helsingborgs IF,Sweden
Benjamin Kibebe,65,CB,,0,,3,71,41,48,31,63,70,"187cm | 6'2""",0,-,-,FC Nordsjælland,Sweden
Steve Jones,65,CF,,0,,4,67,59,56,63,60,72,"178cm | 5'10""",0,-,-,Walsall,Northern Ireland
Steve Howard,65,ST,,0,,3,54,65,49,56,66,87,"191cm | 6'3""",0,-,-,Leicester City,England
Gary Teale,65,LM,,0,,3,82,50,62,64,55,56,"175cm | 5'9""",0,-,-,Derby County,Scotland
Tommie Van der Leegte,65,CDM,,0,,3,65,54,61,61,68,62,"179cm | 5'10""",0,-,-,NAC Breda,Netherlands
Danny Invincibile,65,CF,,0,,3,67,57,55,70,45,66,"180cm | 5'11""",0,-,-,Kilmarnock,Australia
Victor Sikora,65,LW,,0,,4,65,61,65,66,48,48,"173cm | 5'8""",0,-,-,Perth Glory FC,Netherlands
Chris Armstrong,65,LB,,0,,2,75,37,64,50,61,52,"175cm | 5'9""",0,-,-,Reading,England
Steve Mildenhall,65,GK,,0,,3,63,64,66,53,56,67,"193cm | 6'4""",0,-,-,Southend United,England
Carl Fletcher,65,CDM,,0,,3,66,57,63,52,65,66,"178cm | 5'10""",0,-,-,Plymouth Argyle,Wales
Gary Taylor-Fletcher,65,RM,,0,,2,76,60,61,60,50,62,"181cm | 5'11""",0,-,-,Blackpool,England
Markus Karlsson,65,CB,,0,,3,65,46,56,39,64,68,"185cm | 6'1""",0,-,-,IF Brommapojkarna,Sweden
Andreas Johansson,65,CDM,,0,,3,59,58,67,51,69,70,"184cm | 6'0""",0,-,-,VfL Bochum,Sweden
Jim Paterson,65,LW,,0,,3,71,58,62,66,55,50,"180cm | 5'11""",0,-,-,Plymouth Argyle,Scotland
Rui Manuel Marques,65,CB,,0,,3,66,32,28,42,68,66,"181cm | 5'11""",0,-,-,Leeds United,Angola
Hans Berggren,65,ST,,0,,3,52,67,58,59,57,72,"187cm | 6'2""",0,-,-,Gefle IF,Sweden
Anders Rambekk,65,CB,,0,,3,72,48,49,31,64,52,"190cm | 6'3""",0,-,-,Odd Grenland,Norway
Hans Henrik Andreasen,65,CM,,0,,3,60,54,68,47,70,76,"183cm | 6'0""",0,-,-,Odense Boldklub,Denmark
Álvaro Marcio Santos,65,ST,,0,,3,75,59,42,67,53,62,"181cm | 5'11""",0,-,-,Örgryte IS,Brazil
Steven Thompson,65,ST,,0,,3,59,68,48,51,61,82,"188cm | 6'2""",0,-,-,Burnley,Scotland
Keith Lasley,65,CM,,0,,3,67,46,65,66,67,54,"175cm | 5'9""",0,-,-,Motherwell,Scotland
André Muri,65,CB,,0,,3,64,34,34,25,67,78,"190cm | 6'3""",0,-,-,Vålerenga Fotball,Norway
Jef Delen,65,LB,,0,,3,65,51,60,56,63,63,"176cm | 5'9""",0,-,-,KVC Westerlo,Belgium
Kristofer Hæstad,65,CDM,,0,,4,75,55,55,55,72,69,"170cm | 5'7""",0,-,-,Vålerenga Fotball,Norway
Joakim Lantz,65,CB,,0,,2,65,33,36,34,68,64,"195cm | 6'5""",0,-,-,Kalmar FF,Sweden
Goran Obradovic,65,CAM,,0,,3,66,59,66,65,54,58,"185cm | 6'1""",0,-,-,FC Sion,Serbia
Olivier Auriac,65,CDM,,0,,3,68,54,63,62,64,64,"172cm | 5'8""",0,-,-,Angers SCO,France
Jacques Momha,65,LB,,0,,3,78,41,58,41,61,57,"175cm | 5'9""",0,-,-,Gençlerbirliği SK,Cameroon
Joseph Elanga,65,LB,,0,,1,84,49,72,72,55,48,"181cm | 5'11""",0,-,-,Brøndby IF,Cameroon
Stephen Wright,65,RB,,0,,3,65,34,50,45,65,62,"183cm | 6'0""",0,-,-,Coventry City,England
Kenny Milne,65,CB,,0,,3,62,45,60,55,64,62,"188cm | 6'2""",0,-,-,Scunthorpe United,Scotland
Jack Ross,65,RB,,0,,3,60,24,62,59,66,64,"185cm | 6'1""",0,-,-,St. Mirren,Scotland
Willy Guéret,65,GK,,0,,3,61,65,66,66,35,58,"185cm | 6'1""",0,-,-,Milton Keynes Dons,France
Elrio van Heerden,65,RM,,0,,5,76,61,63,77,41,46,"167cm | 5'6""",0,-,-,Blackburn Rovers,South Africa
Grégory Christ,65,CAM,,0,,4,62,58,63,67,63,60,"174cm | 5'9""",0,-,-,Royal Charleroi SC,France
Thorsten Burkhardt,65,CM,,0,,4,70,63,58,59,62,61,"186cm | 6'1""",0,-,-,Alemannia Aachen,Germany
Jamel Aït-Ben-Idir,65,CDM,,0,,3,65,48,59,62,78,58,"173cm | 5'8""",0,-,-,Havre Athletic Club,France
Patrik Jezek,65,LM,,0,,3,64,59,70,75,42,49,"171cm | 5'7""",0,-,-,FC Red Bull Salzburg,Czech Republic
Dan Harding,65,LB,,0,,3,56,52,58,55,66,55,"183cm | 6'0""",0,-,-,Southampton,England
Filipe Vilaça Oliveira,65,RM,,0,,3,76,55,65,65,47,52,"177cm | 5'10""",0,-,-,SC Braga,Portugal
John Eustace,65,CM,,0,,3,61,61,63,57,63,59,"178cm | 5'10""",0,-,-,Watford,England
Bobby Hassell,65,RB,,0,,4,63,38,43,44,66,68,"178cm | 5'10""",0,-,-,Barnsley,England
Frederik Boi,65,RB,,0,,3,64,62,66,57,62,62,"185cm | 6'1""",0,-,-,KSV Cercle Brugge,Belgium
Dominic Foley,65,ST,,0,,3,55,65,58,60,64,70,"185cm | 6'1""",0,-,-,KSV Cercle Brugge,Republic of Ireland
James O'Connor,65,CM,,0,,3,69,52,63,57,67,56,"173cm | 5'8""",0,-,-,Sheffield Wednesday,Republic of Ireland
Kevin Amankwaah,65,RB,,0,,3,66,15,36,43,68,58,"185cm | 6'1""",0,-,-,Swindon Town,Ghana
Danny Coles,65,CB,,0,,3,66,32,33,34,67,66,"185cm | 6'1""",0,-,-,Bristol Rovers,England
Nicoló Consolini,65,RB,,0,,3,56,47,48,40,68,62,"180cm | 5'11""",0,-,-,Sassuolo,Italy
Reiner Plaßhenrich,65,CDM,,0,,3,63,59,62,55,66,66,"185cm | 6'1""",0,-,-,Alemannia Aachen,Germany
Darel Russell,65,CDM,,0,,3,66,49,62,65,67,65,"178cm | 5'10""",0,-,-,Norwich City,England
David Lucas,65,GK,,0,,3,58,62,62,68,54,61,"185cm | 6'1""",0,-,-,Swindon Town,England
Dajan Simac,65,RB,,0,,3,68,41,39,45,65,71,"192cm | 6'4""",0,-,-,FSV Frankfurt,Germany
Matt Hill,65,LB,,0,,2,60,34,44,43,68,61,"173cm | 5'8""",0,-,-,Wolverhampton Wanderers,England
Carlo Zotti,65,GK,,0,,1,61,58,61,63,47,68,"190cm | 6'3""",0,-,-,AC Bellinzona,Italy
Klaus Salmutter,65,CAM,,0,,4,69,62,64,65,52,51,"177cm | 5'10""",0,-,-,LASK Linz,Austria
Daniel Thioune,65,CDM,,0,,3,75,53,59,61,65,66,"180cm | 5'11""",0,-,-,Rot-Weiß Ahlen,Germany
Javier Casas Cuevas,65,LB,,0,,3,69,41,56,52,63,54,"181cm | 5'11""",0,-,-,F.C. Cartagena,Spain
Joseba Arriaga Dosantos,65,CF,,0,,3,63,64,51,62,50,60,"171cm | 5'7""",0,-,-,Cádiz CF,Spain
Daniel Tortolero Núñez,65,CB,,0,,3,61,49,58,52,65,64,"184cm | 6'0""",0,-,-,Girona C.F.,Spain
Luca Fusco,65,CB,,0,,3,61,37,45,48,66,70,"182cm | 6'0""",0,-,-,Salerno,Italy
Bakary Diakité,65,ST,,0,,4,70,59,56,63,45,60,"180cm | 5'11""",0,-,-,FSV Frankfurt,Mali
José Joaquín Moreno Verdú,65,CDM,,0,,4,61,48,69,57,69,52,"177cm | 5'10""",0,-,-,U.D. Las Palmas,Spain
Enrique De Lucas Martínez,65,CAM,,0,,3,62,63,68,71,47,56,"174cm | 5'9""",0,-,-,F.C. Cartagena,Spain
Miguel Albiol Tortajada,65,RM,,0,,3,75,48,62,65,61,54,"177cm | 5'10""",0,-,-,Real Murcia,Spain
Joaquín Enguix Pachés,65,CDM,,0,,3,60,60,65,56,62,60,"180cm | 5'11""",0,-,-,C.D. Castellón,Spain
Steeve Elana,65,GK,,0,,3,67,70,58,64,58,57,"187cm | 6'2""",0,-,-,Stade Brestois 29,France
Cédric Liabeuf,65,LM,,0,,4,80,53,62,63,52,54,"169cm | 5'7""",0,-,-,Vannes OC,France
Pedro Hernández Martínez,65,RB,,0,,3,68,39,59,51,64,48,"172cm | 5'8""",0,-,-,C.D. Castellón,Spain
Jose Jesús Perera López,65,ST,,0,,3,62,68,43,62,46,60,"176cm | 5'9""",0,-,-,Elche C.F.,Spain
Marc Bernaus Cano,65,LB,,0,,3,74,43,55,47,62,56,"170cm | 5'7""",0,-,-,Girona C.F.,Andorra
Gaston Curbelo,65,CF,,0,,3,65,60,59,67,55,56,"176cm | 5'9""",0,-,-,A.S. Nancy Lorraine,France
Pantxi Sirieix,65,CDM,,0,,3,64,58,60,61,67,65,"180cm | 5'11""",0,-,-,Toulouse FC,France
Mahamadou Dissa,65,ST,,0,,3,74,58,51,66,44,60,"173cm | 5'8""",0,-,-,KSV Roeselare,Mali
Paul Hayes,65,ST,,0,,3,67,67,44,58,52,55,"183cm | 6'0""",0,-,-,Scunthorpe United,England
Leon Johnson,65,CB,,0,,2,76,19,30,23,66,62,"183cm | 6'0""",0,-,-,Wycombe Wanderers,England
Mahir Saglik,65,ST,,0,,4,76,57,40,70,48,58,"178cm | 5'10""",0,-,-,SC Paderborn 07,Turkey
Casper Ankergren,65,GK,,0,,1,67,55,53,74,55,59,"191cm | 6'3""",0,-,-,Leeds United,Denmark
Gunnar Heidar Thórvaldsson,65,ST,,0,,4,68,62,40,63,46,73,"182cm | 6'0""",0,-,-,Esbjerg fB,Iceland
Izale McLeod,65,ST,,0,,3,82,56,45,60,59,66,"183cm | 6'0""",0,-,-,Charlton Athletic,England
Tomas Zvirgzdauskas,65,CB,,0,,3,52,52,57,48,67,72,"186cm | 6'1""",0,-,-,Halmstads BK,Lithuania
Dean Bowditch,65,CF,,0,,1,75,61,42,62,52,58,"180cm | 5'11""",0,-,-,Yeovil Town,England
Raúl López González,65,LB,,0,,3,62,41,56,53,66,57,"180cm | 5'11""",0,-,-,Cádiz CF,Spain
Simon Francis,65,RB,,0,,4,65,42,60,55,64,64,"183cm | 6'0""",0,-,-,Southend United,England
Killian Overmeire,65,CM,,0,,4,64,58,64,60,64,64,"188cm | 6'2""",0,-,-,Sporting Lokeren OV,Belgium
Sung Hoon Jung,65,ST,,0,,3,61,63,50,63,58,72,"187cm | 6'2""",0,-,-,Busan I'Park,Korea Republic
Sung Yong Woo,65,ST,,0,,3,53,64,55,59,45,82,"191cm | 6'3""",0,-,-,Incheon United FC,Korea Republic
Young-Min Hyun,65,LWB,,0,,5,69,59,66,67,59,61,"179cm | 5'10""",0,-,-,Ulsan Hyundai Horang-i,Korea Republic
Dong-Suk Park,65,GK,,0,,2,56,62,68,64,49,64,"190cm | 6'3""",0,-,-,FC Seoul,Korea Republic
Han-Yoon Kim,65,CB,,0,,3,49,46,52,44,70,58,"185cm | 6'1""",0,-,-,FC Seoul,Korea Republic
Gábor Gyepes,65,CB,,0,,3,66,28,40,34,67,64,"191cm | 6'3""",0,-,-,Cardiff City,Hungary
Daniele Daino,65,RB,,0,,3,64,54,54,58,62,64,"181cm | 5'11""",0,-,-,Gallipoli,Italy
Massimo Paci,65,RB,,0,,3,69,43,53,32,63,76,"185cm | 6'1""",0,-,-,Parma,Italy
Tomás Guzman,65,CF,,0,,3,67,62,51,62,57,66,"178cm | 5'10""",0,-,-,Piacenza,Paraguay
Dario Biasi,65,CB,,0,,2,74,43,41,47,64,50,"180cm | 5'11""",0,-,-,A.C. Cesena,Italy
Alessandro Gazzi,65,CDM,,0,,2,67,51,59,64,72,66,"179cm | 5'10""",0,-,-,Bari,Italy
Jürgen Gjasula,65,CAM,,0,,3,70,58,62,67,55,57,"189cm | 6'2""",0,-,-,FSV Frankfurt,Germany
Davide Carrus,65,CDM,,0,,4,64,60,63,59,60,62,"171cm | 5'7""",0,-,-,Mantova,Italy
Björn Brunnemann,65,CAM,,0,,4,75,63,59,65,50,55,"183cm | 6'0""",0,-,-,1. FC Union Berliln,Germany
Salim Arrache,65,CAM,,0,,3,71,58,67,67,49,56,"187cm | 6'2""",0,-,-,Sporting Club Bastia,Algeria
John Welsh,65,CM,,0,,3,62,58,63,66,64,58,"170cm | 5'7""",0,-,-,Tranmere Rovers,England
Dean Leacock,65,CB,,0,,3,62,27,34,38,69,72,"189cm | 6'2""",0,-,-,Derby County,England
Andrew Whing,65,RB,,0,,2,63,48,55,59,63,62,"183cm | 6'0""",0,-,-,Brighton &amp; Hove Albion,England
Alberto Aguilar Leiva,65,CM,,0,,3,63,55,64,58,69,70,"184cm | 6'0""",0,-,-,Albacete Balompié,Spain
Loïc Guillon,65,CB,,0,,3,55,42,50,48,68,71,"186cm | 6'1""",0,-,-,Vannes OC,France
Byung-Jun No,65,CF,,0,,3,70,54,61,69,52,60,"177cm | 5'10""",0,-,-,Pohang Steelers,Korea Republic
Soon-Hak Hong,65,CM,,0,,4,65,56,65,61,60,50,"179cm | 5'10""",0,-,-,Suwon Samsung Bluewings,Korea Republic
Kyung Ho Chung,65,LW,,0,,3,70,60,59,64,53,56,"179cm | 5'10""",0,-,-,Gangwon FC,Korea Republic
Graeme Smith,65,GK,,0,,3,59,66,61,64,47,63,"188cm | 6'2""",0,-,-,St. Johnstone FC,Scotland
David McNamee,65,RB,,0,,3,70,36,54,52,63,62,"180cm | 5'11""",0,-,-,Plymouth Argyle,Scotland
Jamie McAllister,65,LB,,0,,3,65,35,60,51,65,54,"178cm | 5'10""",0,-,-,Bristol City,Scotland
Craig Conway,65,LW,,0,,4,77,53,66,73,51,38,"170cm | 5'7""",0,-,-,Dundee United,Scotland
Sean St. Ledger,65,CB,,0,,3,58,44,54,52,66,66,"183cm | 6'0""",0,-,-,Middlesbrough,Republic of Ireland
Joris Marveaux,65,CDM,,0,,3,63,54,63,57,71,74,"178cm | 5'10""",0,-,-,Montpellier Hérault Sport Club,France
Kenny Deuchar,65,ST,,0,,3,65,62,44,64,52,70,"191cm | 6'3""",0,-,-,St. Johnstone FC,Scotland
Leon Britton,65,CM,,0,,4,73,42,66,74,58,30,"168cm | 5'6""",0,-,-,Swansea City,England
Cliff Byrne,65,RB,,0,,3,65,19,42,54,67,60,"183cm | 6'0""",0,-,-,Scunthorpe United,Republic of Ireland
Billy Mehmet,65,ST,,0,,3,63,61,49,63,53,72,"185cm | 6'1""",0,-,-,St. Mirren,Republic of Ireland
Paul Quinn,65,CB,,0,,3,60,31,54,51,66,66,"185cm | 6'1""",0,-,-,Cardiff City,Scotland
Joel Lindpere,65,LW,,0,,3,74,58,62,63,54,56,"178cm | 5'10""",0,-,-,Tromsø IL,Estonia
Erjon Bogdani,65,ST,,0,,3,61,64,56,54,50,78,"191cm | 6'3""",0,-,-,Chievo Verona,Albania
Petr Voříšek,65,CDM,,0,,4,69,54,57,63,68,68,"185cm | 6'1""",0,-,-,FK Austria Wien,Czech Republic
Daniel Niculae,65,ST,,0,,3,71,66,43,49,53,69,"185cm | 6'1""",0,-,-,AJ Auxerre,Romania
Daniel López Menéndez,65,LWB,,0,,3,70,50,58,60,61,56,"171cm | 5'7""",0,-,-,U.D. Las Palmas,Spain
Marcos Gelabert,65,CDM,,0,,3,65,57,60,64,67,58,"176cm | 5'9""",0,-,-,FC Basel 1893,Argentina
Maciej Kowalczyk,65,CF,,0,,3,76,59,49,59,48,67,"181cm | 5'11""",0,-,-,Lechia Gdańsk,Poland
Ariel Javier Rosada,65,CDM,,0,,3,64,47,64,59,74,66,"181cm | 5'11""",0,-,-,Boca Juniors,Argentina
Mustafa Koray Avcı,65,CDM,,0,,2,62,52,63,64,68,67,"182cm | 6'0""",0,-,-,Kasımpaşa SK,Turkey
Albert Bunjaku,65,ST,,0,,4,66,64,48,59,51,64,"178cm | 5'10""",0,-,-,1. FC Nürnberg,Switzerland
Vicente Pérez Madrid,65,CM,,0,,3,57,61,71,60,54,56,"179cm | 5'10""",0,-,-,Club Gimnàstic,Spain
Mikel Amantegui Erandonea,65,LWB,,0,,3,64,33,56,52,65,57,"179cm | 5'10""",0,-,-,Albacete Balompié,Spain
Manuel Martínez Lara,65,CDM,,0,,3,62,47,63,54,80,52,"183cm | 6'0""",0,-,-,C.D. Tenerife,Spain
José Luis Sánchez Capdevila,65,LM,,0,,3,68,63,63,69,51,49,"180cm | 5'11""",0,-,-,Real Murcia,Spain
Stephane Jean François Pignol,65,RB,,0,,3,66,44,60,60,63,56,"184cm | 6'0""",0,-,-,U.D. Las Palmas,France
Paul Abasolo Amantegi,65,LM,,0,,3,66,61,63,66,55,52,"184cm | 6'0""",0,-,-,Real Unión Club Irún,Spain
Guillermo Vallori,65,CB,,0,,3,59,32,53,43,67,78,"191cm | 6'3""",0,-,-,Grasshopper-Club,Spain
Álvaro Baigorri del Río,65,LB,,0,,3,66,41,57,53,65,53,"177cm | 5'10""",0,-,-,C.D. Castellón,Spain
Cristian Bustos Costa,65,CDM,,0,,3,63,50,64,58,73,52,"176cm | 5'9""",0,-,-,R.C. Celta,Spain
Miguel Ángel Sánchez Muñoz,65,LM,,0,,4,59,62,72,65,48,54,"174cm | 5'9""",0,-,-,Rayo Vallecano,Spain
Ander Lafuente Aguado,65,LF,,0,,3,79,57,52,62,44,57,"164cm | 5'5""",0,-,-,F.C. Cartagena,Spain
Fco. Javier Tarantino Uriarte,65,LB,,0,,3,69,51,61,51,63,54,"182cm | 6'0""",0,-,-,Albacete Balompié,Spain
Dario Passoni,65,CDM,,0,,3,66,52,58,64,72,68,"180cm | 5'11""",0,-,-,Albinoleffe,Italy
Vasili Khamutouski,65,GK,,0,,2,67,66,50,68,40,63,"193cm | 6'4""",0,-,-,FC Augsburg,Belarus
Andrzej Niedzielan,65,ST,,0,,3,73,61,55,63,47,48,"180cm | 5'11""",0,-,-,Ruch Chorzów,Poland
Marcin Zając,65,RM,,0,,2,80,56,59,65,53,44,"180cm | 5'11""",0,-,-,Ruch Chorzów,Poland
Wojciech Grzyb,65,RWB,,0,,3,66,60,66,59,62,50,"175cm | 5'9""",0,-,-,Ruch Chorzów,Poland
Michał Stasiak,65,SW,,0,,3,60,35,49,44,67,60,"188cm | 6'2""",0,-,-,Zagłębie Lubin,Poland
Bartosz Ława,65,CM,,0,,4,58,64,65,66,58,46,"176cm | 5'9""",0,-,-,Arka Gdynia,Poland
Darl Douglas,65,RW,,0,,3,75,58,58,67,56,50,"172cm | 5'8""",0,-,-,Heracles Almelo,Netherlands
Ruben Schaken,65,RW,,0,,3,81,57,45,70,53,40,"172cm | 5'8""",0,-,-,VVV-Venlo,Netherlands
Ruud Berger,65,CAM,,0,,3,65,64,58,65,62,69,"188cm | 6'2""",0,-,-,RKC Waalwijk,Netherlands
Luis Helguera Bujía,65,CDM,,0,,3,56,59,63,58,70,61,"181cm | 5'11""",0,-,-,S.D. Huesca,Spain
Bjorn Runström,65,CF,,0,,2,65,62,54,62,48,61,"186cm | 6'1""",0,-,-,Odense Boldklub,Sweden
Massimiliano Scaglia,65,LM,,0,,3,67,48,66,62,65,54,"180cm | 5'11""",0,-,-,Gallipoli,Italy
Francesco Scardina,65,CB,,0,,3,65,31,51,42,66,64,"180cm | 5'11""",0,-,-,Chievo Verona,Italy
Sasa Bjelanovic,65,ST,,0,,3,61,62,48,68,60,70,"188cm | 6'2""",0,-,-,Vicenza,Croatia
Barry Ryan,65,GK,,0,,3,58,71,56,59,42,73,"184cm | 6'0""",0,-,-,Galway United,Republic of Ireland
Benedikt Pliquett,65,GK,,0,,3,65,66,58,66,39,60,"199cm | 6'6""",0,-,-,FC St. Pauli,Germany
Filip Šebo,65,ST,,0,,3,56,66,48,62,54,68,"181cm | 5'11""",0,-,-,Valenciennes FC,Slovakia
Damien Bridonneau,65,RB,,0,,4,64,40,54,49,65,64,"175cm | 5'9""",0,-,-,Vannes OC,France
Gaël Genevier,65,CM,,0,,3,64,56,63,70,61,63,"174cm | 5'9""",0,-,-,Siena,France
Romain Sartre,65,CB,,0,,3,58,39,50,30,69,68,"185cm | 6'1""",0,-,-,Racing Club de Lens,France
Niklas Tarvajärvi,65,ST,,0,,4,60,64,45,62,52,71,"185cm | 6'1""",0,-,-,Karlsruher SC,Finland
Rajko Lekic,65,ST,,0,,3,70,61,33,71,50,62,"187cm | 6'2""",0,-,-,Silkeborg IF,Denmark
Anthony Portier,65,CB,,0,,3,63,50,50,34,65,66,"183cm | 6'0""",0,-,-,KSV Cercle Brugge,Belgium
Martijn Monteyne,65,RB,,0,,3,70,49,62,53,61,60,"176cm | 5'9""",0,-,-,Germinal Beerschot,Belgium
Stijn Minne,65,RB,,0,,4,72,44,54,43,63,62,"171cm | 5'7""",0,-,-,SV Zulte-Waregem,Belgium
Jason Puncheon,65,LM,,0,,3,73,57,65,68,46,44,"173cm | 5'8""",0,-,-,Milton Keynes Dons,England
Péter Kovács,65,ST,,0,,3,71,61,42,52,66,84,"198cm | 6'6""",0,-,-,Odd Grenland,Hungary
Mike Williamson,65,CB,,0,,3,54,37,59,43,68,70,"191cm | 6'3""",0,-,-,Portsmouth,England
Johnnie Jackson,65,CM,,0,,3,62,65,65,56,59,68,"185cm | 6'1""",0,-,-,Notts County,England
Lee Barnard,65,ST,,0,,3,69,60,39,68,49,62,"178cm | 5'10""",0,-,-,Southend United,England
Jean-Louis Leca,65,GK,,0,,3,58,62,52,71,44,68,"180cm | 5'11""",0,-,-,Valenciennes FC,France
Sergio Alejandro Díaz,65,CB,,0,,3,53,46,56,44,67,74,"194cm | 6'4""",0,-,-,Hércules C.F.,Spain
Francesco Marianini,65,CM,,0,,3,63,60,59,65,64,62,"185cm | 6'1""",0,-,-,Empoli,Italy
Matthew Taylor,65,ST,,0,,4,76,59,45,59,39,68,"180cm | 5'11""",0,-,-,FSV Frankfurt,United States
Hack Yung Jang,65,LB,,0,,4,69,58,67,64,60,46,"170cm | 5'7""",0,-,-,Seongnam Ilhwa Chunma,Korea Republic
Jae-Won Hwang,65,CB,,0,,3,59,38,39,47,67,72,"186cm | 6'1""",0,-,-,Pohang Steelers,Korea Republic
You Hwan Lim,65,CB,,0,,3,58,41,49,52,67,68,"185cm | 6'1""",0,-,-,Jeonbuk Hyundai Motors,Korea Republic
Gunnar Nielsen,65,GK,,0,,3,63,69,60,58,65,63,"193cm | 6'4""",0,-,-,Manchester City,Faroe Islands
Jin Yong Kim,65,ST,,0,,3,62,62,56,63,58,68,"182cm | 6'0""",0,-,-,Seongnam Ilhwa Chunma,Korea Republic
Steven De Petter,65,CB,,0,,4,66,42,59,50,64,64,"181cm | 5'11""",0,-,-,KVC Westerlo,Belgium
Pablo Ruiz Barrero,65,CB,,0,,3,63,39,55,56,65,61,"186cm | 6'1""",0,-,-,F.C. Cartagena,Spain
Leon Best,65,ST,,0,,3,71,62,45,58,53,65,"185cm | 6'1""",0,-,-,Coventry City,Republic of Ireland
Chris Birchall,65,CM,,0,,3,72,60,60,57,59,58,"175cm | 5'9""",0,-,-,Los Angeles Galaxy,Trinidad &amp; Tobago
Abasse Ba,65,CB,,0,,2,61,38,47,36,67,74,"187cm | 6'2""",0,-,-,Havre Athletic Club,France
Andreas Ottl,65,CDM,,0,,3,63,51,62,63,72,72,"185cm | 6'1""",0,-,-,Bayern München,Germany
Mustafa Kucukovic,65,ST,,0,,3,72,61,44,60,50,71,"190cm | 6'3""",0,-,-,Grenoble Foot 38,Germany
Jérémy De Vriendt,65,GK,,0,,3,63,62,62,63,49,61,"186cm | 6'1""",0,-,-,KV Mechelen,Belgium
Manolo Pestrin,65,CDM,,0,,3,71,52,61,58,67,64,"176cm | 5'9""",0,-,-,Salerno,Italy
Lee Trundle,65,ST,,0,,4,56,66,51,64,49,61,"183cm | 6'0""",0,-,-,Swansea City,England
Xavier Chen,65,RB,,0,,3,70,49,63,58,61,61,"175cm | 5'9""",0,-,-,KV Mechelen,Belgium
Julien Gorius,65,CAM,,0,,3,60,66,65,61,54,56,"182cm | 6'0""",0,-,-,KV Mechelen,France
Vincenzo Santoruvo,65,ST,,0,,3,68,64,55,61,50,54,"180cm | 5'11""",0,-,-,Frosinone,Italy
Paul Obiefule,65,CM,,0,,3,74,50,60,61,64,64,"183cm | 6'0""",0,-,-,FC Lyn Oslo,Nigeria
Manuel Weber,65,CM,,0,,3,66,50,65,61,65,60,"182cm | 6'0""",0,-,-,SK Sturm Graz,Austria
Anthony Gerrard,65,CB,,0,,3,66,34,44,56,65,70,"188cm | 6'2""",0,-,-,Cardiff City,England
Dean Shiels,65,CAM,,0,,3,73,60,60,73,50,44,"180cm | 5'11""",0,-,-,Doncaster Rovers,Northern Ireland
Johan Hartock,65,GK,,0,,3,61,64,61,67,23,65,"190cm | 6'3""",0,-,-,Olympique Lyonnais,France
Luis Robles,65,CDM,,0,,3,70,49,61,53,71,68,"169cm | 5'7""",0,-,-,Atlas,Mexico
Andrea Guatelli,65,GK,,0,,3,65,61,70,62,34,57,"197cm | 6'6""",0,-,-,FC Zürich,Italy
Neil Kilkenny,65,CM,,0,,3,60,60,63,66,60,43,"173cm | 5'8""",0,-,-,Leeds United,Australia
James Morrison,65,RM,,0,,3,73,52,63,68,55,47,"178cm | 5'10""",0,-,-,West Bromwich Albion,Scotland
Joel Porter,65,ST,,0,,3,61,66,62,56,57,61,"174cm | 5'9""",0,-,-,Gold Coast United,Australia
Michael Higdon,65,ST,,0,,3,59,61,52,61,54,80,"185cm | 6'1""",0,-,-,St. Mirren,England
Sašo Fornezzi,65,GK,,0,,4,66,65,57,64,48,61,"191cm | 6'3""",0,-,-,SC Magna Wiener Neustadt,Slovenia
Tony Craig,65,LB,,0,,3,72,28,59,53,62,64,"183cm | 6'0""",0,-,-,Millwall,England
Paul Robinson,65,CB,,0,,3,64,29,49,40,66,68,"185cm | 6'1""",0,-,-,Millwall,England
Jake Cole,65,GK,,0,,3,61,56,73,58,55,62,"188cm | 6'2""",0,-,-,Barnet,England
Gaëtan Krebs,65,CAM,,0,,4,77,54,70,75,36,50,"165cm | 5'5""",0,-,-,Karlsruher SC,France
Michael Rose,65,LB,,0,,3,68,30,37,46,67,52,"180cm | 5'11""",0,-,-,Stockport County,England
Chris Dagnall,65,ST,,0,,3,71,64,47,59,44,54,"173cm | 5'8""",0,-,-,Rochdale,England
Alvaro Silva Linares,65,CB,,0,,3,63,38,58,48,66,53,"185cm | 6'1""",0,-,-,Cádiz CF,Spain
Maurizio Lauro,65,CB,,0,,2,74,45,41,47,63,50,"180cm | 5'11""",0,-,-,A.C. Cesena,Italy
Alexis Thebaux,65,GK,,0,,3,67,61,60,65,41,63,"185cm | 6'1""",0,-,-,Stade Malherbe Caen,France
Leyti N'Diaye,65,CB,,0,,3,61,46,53,39,65,68,"188cm | 6'2""",0,-,-,AC Ajaccio,Senegal
Lee Croft,65,RM,,0,,3,77,52,56,65,63,60,"175cm | 5'9""",0,-,-,Derby County,England
James O'Connor,65,RB,,0,,3,64,29,61,40,66,62,"178cm | 5'10""",0,-,-,Doncaster Rovers,Republic of Ireland
Bradley Wright-Phillips,65,ST,,0,,3,76,61,46,69,41,44,"173cm | 5'8""",0,-,-,Plymouth Argyle,England
Jemal Johnson,65,ST,,0,,4,80,61,50,60,42,50,"182cm | 6'0""",0,-,-,Milton Keynes Dons,United States
Joel Lynch,65,CB,,0,,3,70,35,51,55,63,68,"185cm | 6'1""",0,-,-,Nottingham Forest,England
Alan O'Brien,65,LW,,0,,3,84,53,57,65,43,50,"178cm | 5'10""",0,-,-,Swindon Town,Republic of Ireland
Florian Marange,65,LWB,,0,,2,75,42,57,59,60,68,"180cm | 5'11""",0,-,-,A.S. Nancy Lorraine,France
Bocundji Ca,65,CDM,,0,,3,75,40,61,58,72,62,"172cm | 5'8""",0,-,-,A.S. Nancy Lorraine,Guinea Bissau
Matheus Coradini Vivian,65,CB,,0,,3,61,40,54,45,66,63,"180cm | 5'11""",0,-,-,FC Metz,Italy
Ji-Hoon Baek,65,CM,,0,,4,62,60,66,62,57,47,"175cm | 5'9""",0,-,-,Suwon Samsung Bluewings,Korea Republic
Hyo Jin Choi,65,RWB,,0,,3,73,56,59,65,60,52,"172cm | 5'8""",0,-,-,Pohang Steelers,Korea Republic
Jaime Peters,65,RW,,0,,3,83,51,58,72,42,48,"170cm | 5'7""",0,-,-,Ipswich Town,Canada
Ali Gerba,65,ST,,0,,4,71,64,40,54,56,70,"185cm | 6'1""",0,-,-,Toronto FC,Canada
Dragan Cadikovski,65,ST,,0,,4,60,62,57,64,54,64,"190cm | 6'3""",0,-,-,Incheon United FC,FYR Macedonia
Daniel Bernhardsson,65,RB,,0,,2,67,53,60,55,61,70,"182cm | 6'0""",0,-,-,Gefle IF,Sweden
Anthony Stokes,65,ST,,0,,3,70,62,43,58,57,73,"180cm | 5'11""",0,-,-,Hibernian,Republic of Ireland
Saša Ilić,65,CAM,,0,,5,61,68,66,68,49,54,"177cm | 5'10""",0,-,-,FC Red Bull Salzburg,Serbia
David Robertson,65,CM,,0,,4,62,65,60,66,58,41,"178cm | 5'10""",0,-,-,Dundee United,Scotland
Giuseppe Scurto,65,CB,,0,,3,60,38,50,46,66,68,"190cm | 6'3""",0,-,-,Triestina,Italy
Tommaso Vailatti,65,CM,,0,,3,74,56,54,70,63,49,"183cm | 6'0""",0,-,-,F. Torino,Italy
Alain Cantareil,65,LWB,,0,,3,63,44,58,42,66,59,"178cm | 5'10""",0,-,-,OGC Nice,France
Cephas Chimedza,65,CAM,,0,,3,65,60,61,65,62,64,"178cm | 5'10""",0,-,-,Sint-Truidense VV,Zimbabwe
Roy Contout,65,RW,,0,,3,67,60,59,67,49,49,"174cm | 5'9""",0,-,-,AJ Auxerre,France
Lee Martin,65,LW,,0,,4,79,55,58,74,47,40,"180cm | 5'11""",0,-,-,Ipswich Town,England
Elimane Coulibaly,65,ST,,0,,3,70,63,49,57,68,67,"190cm | 6'3""",0,-,-,KAA Gent,Belgium
Alan Sheehan,65,LB,,0,,3,58,54,62,56,65,54,"180cm | 5'11""",0,-,-,Leeds United,Republic of Ireland
Eddie Nolan,65,LB,,0,,5,73,40,57,55,61,64,"185cm | 6'1""",0,-,-,Preston North End,Republic of Ireland
Jonathan Grounds,65,LB,,0,,3,71,35,56,46,63,55,"185cm | 6'1""",0,-,-,Middlesbrough,England
Paul Anderson,65,RW,,0,,3,78,53,68,71,53,46,"175cm | 5'9""",0,-,-,Nottingham Forest,England
Lewis McGugan,65,CAM,,0,,4,67,57,64,66,59,53,"175cm | 5'9""",0,-,-,Nottingham Forest,England
Joe Anyon,65,GK,,0,,3,66,64,63,63,39,61,"188cm | 6'2""",0,-,-,Port Vale,England
David Cotterill,65,RW,,0,,3,81,54,62,65,43,53,"175cm | 5'9""",0,-,-,Sheffield United,Wales
Raffaele De Martino,65,CM,,0,,3,69,52,62,59,66,66,"181cm | 5'11""",0,-,-,FC Crotone,Italy
Dany N'Guessan,65,LW,,0,,4,83,52,54,79,46,38,"185cm | 6'1""",0,-,-,Leicester City,France
Steve Davies,65,LW,,0,,3,73,53,58,68,46,63,"185cm | 6'1""",0,-,-,Derby County,England
Nils-Ole Book,65,CAM,,0,,4,70,61,65,74,42,51,"180cm | 5'11""",0,-,-,Rot-Weiß Ahlen,Germany
David Forde,65,GK,,0,,3,69,58,50,73,47,61,"188cm | 6'2""",0,-,-,Millwall,Republic of Ireland
Wouter Scheelen,65,LM,,0,,3,68,58,65,60,58,58,"171cm | 5'7""",0,-,-,KVC Westerlo,Belgium
Asier Arranz Martín,65,LM,,0,,4,74,56,65,69,49,60,"176cm | 5'9""",0,-,-,Real Valladolid C.F.,Spain
Jehu Chiapas,65,LM,,0,,4,71,38,70,55,68,63,"174cm | 5'9""",0,-,-,U.N.A.M.,Mexico
James Walker,65,ST,,0,,3,77,57,44,68,45,62,"180cm | 5'11""",0,-,-,Southend United,England
Christophe Grondin,65,CDM,,0,,3,65,47,65,59,70,67,"181cm | 5'11""",0,-,-,KAA Gent,France
David Martin,65,LW,,0,,3,75,56,60,65,48,54,"175cm | 5'9""",0,-,-,Millwall,England
Njogu Demba-Nyrén,65,ST,,0,,3,75,60,32,64,59,70,"187cm | 6'2""",0,-,-,Odense Boldklub,Gambia
Nathan Dyer,65,RW,,0,,3,83,54,53,74,45,32,"165cm | 5'5""",0,-,-,Swansea City,England
Giles Barnes,65,LW,,0,,4,79,55,61,66,56,52,"182cm | 6'0""",0,-,-,Derby County,England
Febian Brandy,65,RM,,0,3.0,3,85,60,44,70,36,24,"168cm | 5'6""",0,-,-,Manchester United,England
Alejandro Zamora Barbero,65,CB,,0,,4,66,50,55,44,63,69,"185cm | 6'1""",0,-,-,U.D. Salamanca,Spain
Tom Scobbie,65,CB,,0,,3,58,16,54,59,68,68,"183cm | 6'0""",0,-,-,Falkirk,Scotland
Luis Manuel Ferreira Delgado,65,LB,,0,,2,65,34,52,44,65,64,"178cm | 5'10""",0,-,-,En Avant de Guingamp,Angola
Xiaoting Feng,65,CB,,0,,3,62,42,39,51,66,68,"180cm | 5'11""",0,-,-,Daegu FC,China PR
Miran Burgič,65,ST,,0,,3,66,62,53,60,55,68,"181cm | 5'11""",0,-,-,A. Solna,Slovenia
Josh Wagenaar,65,GK,,0,,3,63,66,59,62,59,61,"187cm | 6'2""",0,-,-,Falkirk,Canada
John Jairo Mosquera,65,ST,,0,,3,71,58,49,62,52,68,"192cm | 6'4""",0,-,-,1. FC Union Berliln,Colombia
Kamil Vacek,65,CM,,0,,5,70,55,62,66,59,62,"184cm | 6'0""",0,-,-,Sparta Praha,Czech Republic
Emin Nouri,65,RWB,,0,,4,73,50,59,66,60,49,"180cm | 5'11""",0,-,-,Kalmar FF,Sweden
Assimiou Touré,65,RB,,0,,2,72,37,56,64,60,68,"180cm | 5'11""",0,-,-,Bayer 04 Leverkusen,Togo
Patrick Mölzl,65,CDM,,0,,3,68,48,65,61,66,63,"176cm | 5'9""",0,-,-,FC Augsburg,Germany
Benjamin Kern,65,RM,,0,,4,76,60,60,68,52,57,"170cm | 5'7""",0,-,-,FC Augsburg,Germany
Ludovic Baal,65,LWB,,0,,3,67,53,63,47,62,62,"176cm | 5'9""",0,-,-,Le Mans Union Club 72,France
Andrea Milani,65,RB,,0,,2,67,49,59,58,62,54,"174cm | 5'9""",0,-,-,Ancona,Italy
Daniel Mendes,65,LF,,0,,4,66,61,57,68,56,55,"175cm | 5'9""",0,-,-,Kalmar FF,Brazil
Moreno Costanzo,65,ST,,0,,3,69,60,56,70,47,48,"181cm | 5'11""",0,-,-,FC St. Gallen,Switzerland
Ardijan Djokaj,65,CAM,,0,,3,76,65,54,69,54,61,"179cm | 5'10""",0,-,-,TSV 1860 München,Montenegro
Jim McNulty,65,LB,,0,,3,60,42,56,62,65,61,"185cm | 6'1""",0,-,-,Brighton &amp; Hove Albion,Scotland
Orestes Júnior Alves,65,CB,,0,,3,59,30,43,50,68,70,"182cm | 6'0""",0,-,-,Hansa Rostock,Brazil
Kemy Agustien,65,RM,,0,,4,69,52,64,63,63,51,"178cm | 5'10""",0,-,-,RKC Waalwijk,Netherlands
Mahamadou Habib Habibou,65,ST,,0,,3,72,60,45,63,52,66,"192cm | 6'4""",0,-,-,Royal Charleroi SC,France
Davide Bassi,65,GK,,0,,2,67,58,62,63,38,62,"186cm | 6'1""",0,-,-,Empoli,Italy
Hassane Alla,65,LM,,0,,2,67,62,64,63,55,62,"180cm | 5'11""",0,-,-,Havre Athletic Club,Morocco
Cesare Gianfranco Rickler Del Mare,65,CB,,0,,3,68,33,43,44,65,68,"197cm | 6'6""",0,-,-,Modena,Italy
Umut Koçin,65,CAM,,0,,3,73,57,65,65,52,52,"180cm | 5'11""",0,-,-,Kayserispor,Turkey
David Destorme,65,CAM,,0,,3,61,64,61,58,64,62,"188cm | 6'2""",0,-,-,KV Mechelen,Belgium
Stanislav Angelov,65,CDM,,0,,3,67,42,64,61,75,66,"179cm | 5'10""",0,-,-,Energie Cottbus,Bulgaria
Stefan Maierhofer,65,ST,,0,,3,60,67,40,60,62,72,"202cm | 6'8""",0,-,-,Wolverhampton Wanderers,Austria
Hamdi Salihi,65,ST,,0,,3,61,66,48,61,54,60,"185cm | 6'1""",0,-,-,SK Rapid Wien,Albania
Julian Esteban,65,CF,,0,,4,67,60,58,65,57,62,"174cm | 5'9""",0,-,-,Servette FC,Switzerland
Charles Kaboré,65,CDM,,0,,3,69,43,71,39,70,70,"181cm | 5'11""",0,-,-,Olympique de Marseille,Burkina Faso
Bryan Arguez,65,CDM,,0,,4,74,51,64,57,58,65,"188cm | 6'2""",0,-,-,Hertha BSC,United States
Krisztián Tímár,65,CB,,0,,3,64,22,55,33,68,65,"190cm | 6'3""",0,-,-,Plymouth Argyle,Hungary
Claudio Coralli,65,ST,,0,,3,68,61,52,63,55,65,"176cm | 5'9""",0,-,-,Empoli,Italy
Thomas Kraft,65,GK,,0,,3,63,64,58,71,56,57,"187cm | 6'2""",0,-,-,Bayern München,Germany
Tomáš Mičola,65,LM,,0,,5,71,62,64,59,50,61,"178cm | 5'10""",0,-,-,Baník Ostrava,Czech Republic
Michal Ordoš,65,CF,,0,,3,66,61,50,60,50,70,"190cm | 6'3""",0,-,-,Sigma Olomouc,Czech Republic
Jiří Kladrubský,65,CDM,,0,,4,64,55,63,58,65,62,"185cm | 6'1""",0,-,-,Sparta Praha,Czech Republic
David Kalivoda,65,RM,,0,,4,62,65,63,65,55,56,"179cm | 5'10""",0,-,-,FK Teplice,Czech Republic
Joakim Runnemo,65,ST,,0,,3,68,60,59,67,56,52,"176cm | 5'9""",0,-,-,IF Brommapojkarna,Sweden
Jonas Lantto,65,CAM,,0,,3,76,57,59,66,55,49,"169cm | 5'7""",0,-,-,Gefle IF,Sweden
Attila Filkor,65,LM,,0,,3,66,57,63,64,58,52,"181cm | 5'11""",0,-,-,Sassuolo,Hungary
Sean McAllister,65,CM,,0,,3,67,59,60,59,66,63,"173cm | 5'8""",0,-,-,Sheffield Wednesday,England
Hernán Rengifo,65,ST,,0,,3,61,65,40,62,63,71,"183cm | 6'0""",0,-,-,Lech Poznań,Peru
Marc Albrighton,65,RM,,0,,2,78,57,64,74,42,36,"175cm | 5'9""",0,-,-,Aston Villa,England
Manuel Hornig,65,CB,,0,,5,64,53,54,47,64,66,"190cm | 6'3""",0,-,-,1. FC Kaiserslautern,Germany
Fabio Morena,65,CB,,0,,4,57,44,56,54,66,70,"180cm | 5'11""",0,-,-,FC St. Pauli,Germany
Jo Inge Berget,65,CAM,,0,,3,74,68,54,69,54,56,"184cm | 6'0""",0,-,-,FC Lyn Oslo,Norway
Guillem Bauzà,65,ST,,0,,3,67,59,54,65,47,62,"183cm | 6'0""",0,-,-,Swansea City,Spain
Joe Jacobson,65,LB,,0,,3,68,26,53,59,64,60,"180cm | 5'11""",0,-,-,Oldham Athletic,Wales
Jordan Spence,65,CB,,0,,3,71,42,45,39,64,63,"177cm | 5'10""",0,-,-,Scunthorpe United,England
Sebastian Langkamp,65,CB,,0,,3,69,29,50,41,65,70,"190cm | 6'3""",0,-,-,Karlsruher SC,Germany
Joshua John,65,LW,,0,,4,78,54,58,66,51,60,"175cm | 5'9""",0,-,-,Sparta Rotterdam,Netherlands
Dominique Sosso Malonga,65,CF,,0,,3,74,57,47,62,59,68,"183cm | 6'0""",0,-,-,A.C. Cesena,France
Nicky Featherstone,65,RM,,0,,3,75,60,61,69,48,48,"170cm | 5'7""",0,-,-,Hull City,England
Angelo Ogbonna,65,LB,,0,,3,69,44,55,44,64,58,"178cm | 5'10""",0,-,-,F. Torino,Italy
Teddy Chevalier,65,ST,,0,,4,75,63,36,59,43,59,"180cm | 5'11""",0,-,-,SV Zulte-Waregem,France
Matteo Darmian,65,RB,,0,,3,72,42,50,50,63,62,"182cm | 6'0""",0,-,-,Padua,Italy
Amadou Konare,65,CB,,0,,3,65,42,54,58,64,64,"184cm | 6'0""",0,-,-,Royal Charleroi SC,Burkina Faso
Michele Arcari,65,GK,,0,,2,63,66,60,65,35,62,"184cm | 6'0""",0,-,-,Brescia,Italy
Tomasz Kupisz,65,CM,,0,,3,72,53,66,63,56,52,"182cm | 6'0""",0,-,-,Wigan Athletic,Poland
Vincent Bessat,65,LM,,0,,3,65,60,61,67,60,58,"175cm | 5'9""",0,-,-,FC Metz,France
Daniel Silva Rossi,65,CDM,,0,,3,63,60,61,64,61,62,"185cm | 6'1""",0,-,-,Sigma Olomouc,Brazil
Fabiano,65,GK,,0,,2,66,66,67,60,29,62,"197cm | 6'6""",0,-,-,São Paulo,Brazil
Samuel Llorca Ripoll,65,CB,,0,,3,68,18,40,42,67,62,"187cm | 6'2""",0,-,-,Elche C.F.,Spain
Yoel,65,GK,,0,,3,60,64,63,68,50,59,"185cm | 6'1""",0,-,-,R.C. Celta,Spain
Mickael Antoine-Curier,65,ST,,0,2.0,3,67,62,46,66,47,62,"183cm | 6'0""",0,-,-,Hamilton Academicals,France
Kristof Van Hout,65,GK,,0,,3,64,66,60,62,35,64,208,0,-,-,Standard de Liège,Belgium
Richard Eckersley,65,RB,,0,,2,70,30,56,42,64,60,"176cm | 5'9""",0,-,-,Burnley,England
Konstantin Rausch,65,LWB,,0,,3,75,33,57,59,62,40,"182cm | 6'0""",0,-,-,Hannover 96,Germany
Tapé Moussé Doubai,65,CDM,,0,,3,74,50,60,65,65,64,"179cm | 5'10""",0,-,-,BSC Young Boys,Ivory Coast
David Hohs,65,GK,,0,,3,62,63,61,65,41,63,"185cm | 6'1""",0,-,-,Alemannia Aachen,Germany
Andy King,65,CM,,0,,3,65,60,63,62,57,56,"183cm | 6'0""",0,-,-,Leicester City,Wales
Silvano Raggio Garibaldi,65,CM,,0,,3,73,54,60,59,64,64,"178cm | 5'10""",0,-,-,Genoa,Italy
Pavol Stano,65,CB,,0,,3,60,28,50,44,68,65,"191cm | 6'3""",0,-,-,Jagiellonia Białystok,Slovakia
Koki Mizuno,65,RW,,0,,4,72,61,66,73,37,17,"173cm | 5'8""",0,-,-,Celtic,Japan
Ben Hutchinson,65,ST,,0,,2,66,62,39,63,44,71,"180cm | 5'11""",0,-,-,Swindon Town,England
Lukman Haruna,65,CM,,0,,3,70,50,64,60,63,63,"185cm | 6'1""",0,-,-,AS Monaco FC,Nigeria
Abiola Dauda,65,CF,,0,,3,75,60,46,64,52,53,"180cm | 5'11""",0,-,-,Kalmar FF,Nigeria
Yong-Tae Cho,65,RF,,0,,3,69,59,59,69,50,50,"180cm | 5'11""",0,-,-,Suwon Samsung Bluewings,Korea Republic
Barry Maguire,65,CM,,0,,2,72,41,67,67,65,64,"191cm | 6'3""",0,-,-,FC Utrecht,Netherlands
Yussif Chibsah,65,CM,,0,,3,64,59,62,60,62,58,"178cm | 5'10""",0,-,-,Gefle IF,Ghana
Clément Grenier,65,RW,,0,,4,62,58,52,73,45,66,"186cm | 6'1""",0,-,-,Olympique Lyonnais,France
Steven N'Zonzi,65,CDM,,0,,3,70,52,60,54,73,70,"190cm | 6'3""",0,-,-,Blackburn Rovers,France
Matteo Alberti,65,RM,,0,,3,70,50,68,68,55,42,"180cm | 5'11""",0,-,-,Queens Park Rangers,Italy
Christoph Semmler,65,GK,,0,,2,64,61,61,64,45,62,"184cm | 6'0""",0,-,-,Rot-Weiß Oberhausen,Germany
Marvin Martin,65,CAM,,0,,4,64,57,68,69,54,46,"171cm | 5'7""",0,-,-,FC Sochaux-Montbéliard,France
Stijn Wuytens,65,CM,,0,,3,69,48,66,64,61,56,"183cm | 6'0""",0,-,-,PSV,Belgium
Manuel Iori,65,CAM,,0,,3,61,59,67,63,58,60,"182cm | 6'0""",0,-,-,Chievo Verona,Italy
Johannes Flum,65,CDM,,0,,4,70,40,67,61,67,64,"189cm | 6'2""",0,-,-,SC Freiburg,Germany
Ngwat Mahop,65,RF,,0,,3,83,56,50,64,48,53,"183cm | 6'0""",0,-,-,FC Red Bull Salzburg,Cameroon
Cristian Álvarez,65,GK,,0,,2,72,59,55,69,45,59,"186cm | 6'1""",0,-,-,R.C.D. Espanyol,Argentina
Aidin Mahmutović,65,RF,,0,,3,69,60,54,63,49,60,"180cm | 5'11""",0,-,-,FK Teplice,Bosnia Herzegovina
Robin Söder,65,ST,,0,,3,77,59,47,60,47,58,"177cm | 5'10""",0,-,-,I. Göteborg,Sweden
Jamie Murphy,65,ST,,0,,3,70,59,55,64,43,57,"173cm | 5'8""",0,-,-,Motherwell,Scotland
Darko Bodul,65,ST,,0,,3,75,61,38,64,51,58,"183cm | 6'0""",0,-,-,Sparta Rotterdam,Croatia
Tunay Torun,65,CF,,0,,4,73,59,60,64,42,51,"179cm | 5'10""",0,-,-,Hamburger SV,Turkey
Alexander Esswein,65,ST,,0,,3,70,61,52,62,44,58,"181cm | 5'11""",0,-,-,VfL Wolfsburg,Germany
Olcay Sahan,65,CM,,0,,3,77,57,59,67,56,60,"177cm | 5'10""",0,-,-,MSV Duisburg,Turkey
Omar Koroma,65,CF,,0,,3,74,58,45,65,56,68,"178cm | 5'10""",0,-,-,Portsmouth,Gambia
Quique,65,ST,,0,,3,68,60,54,64,48,64,"175cm | 5'9""",0,-,-,Real Valladolid C.F.,Spain
Marwin Hitz,65,GK,,0,,3,65,66,58,63,41,63,"192cm | 6'4""",0,-,-,VfL Wolfsburg,Switzerland
John Brayford,65,RB,,0,,3,68,48,58,59,62,60,"173cm | 5'8""",0,-,-,Crewe Alexandra,England
Oier,65,RB,,0,,3,72,39,49,55,62,57,"178cm | 5'10""",0,-,-,Club Atlético Osasuna,Spain
Nathan Eccleston,65,ST,,0,,3,82,62,32,61,38,54,"178cm | 5'10""",0,-,-,Liverpool,England
Lauri Dalla Valle,65,CF,,0,,5,84,59,40,66,38,47,"183cm | 6'0""",0,-,-,Liverpool,Finland
Isaac Brizuela,65,RW,,0,,3,78,56,49,68,46,52,"168cm | 5'6""",0,-,-,Toluca,Mexico
Jonathan Obika,65,ST,,0,,3,75,63,36,62,45,56,"183cm | 6'0""",0,-,-,Yeovil Town,England
Hervé Oussalé,65,ST,,0,,3,78,56,46,70,43,57,"181cm | 5'11""",0,-,-,Alemannia Aachen,Burkina Faso
Kabiru Akinsola Olarewaju,65,ST,,0,,3,70,68,45,53,43,56,"168cm | 5'6""",0,-,-,U.D. Salamanca,Nigeria
Khaleem Hyland,65,CM,,0,,3,67,54,60,62,68,67,"186cm | 6'1""",0,-,-,SV Zulte-Waregem,Trinidad &amp; Tobago
Miiko Albornoz,65,LB,,0,,2,75,56,57,68,59,46,"180cm | 5'11""",0,-,-,IF Brommapojkarna,Sweden
Yasin Pehlivan,65,CM,,0,,5,66,55,64,69,60,62,"184cm | 6'0""",0,-,-,SK Rapid Wien,Austria
Kevin Kratz,65,CDM,,0,,5,72,57,62,62,57,50,"173cm | 5'8""",0,-,-,Alemannia Aachen,Germany
Loïc Abenzoar,65,RB,,0,,3,63,36,54,56,65,64,"183cm | 6'0""",0,-,-,Olympique Lyonnais,France
Joan Oriol Gracia,65,LWB,,0,,3,73,53,58,60,60,50,"175cm | 5'9""",0,-,-,Villarreal B,Spain
Javier Magro Matilla,65,CM,,0,,4,66,57,68,64,54,50,"176cm | 5'9""",0,-,-,Villarreal B,Spain
Michael Schick,65,LB,,0,,2,68,48,69,53,61,58,"176cm | 5'9""",0,-,-,FC Augsburg,Germany
Nelson Saavedra,65,RB,,0,,2,69,50,50,56,62,64,"185cm | 6'1""",0,-,-,São Paulo,Chile
Philipp Bargfrede,65,CAM,,0,,3,67,57,65,65,54,46,"174cm | 5'9""",0,-,-,Werder Bremen,Germany
Julian Koch,65,RB,,0,,3,73,30,46,46,63,60,"184cm | 6'0""",0,-,-,Borussia Dortmund,Germany
Vid Belec,65,GK,,0,,2,62,63,61,67,36,63,"193cm | 6'4""",0,-,-,Inter,Serbia
Nick Viergever,65,CB,,0,,3,70,39,58,43,64,47,"182cm | 6'0""",0,-,-,Sparta Rotterdam,Netherlands
Lerin Duarte,65,CAM,,0,,4,80,63,64,69,38,29,"168cm | 5'6""",0,-,-,Sparta Rotterdam,Netherlands
Anton Fink,65,ST,,0,,3,69,62,51,64,46,58,"171cm | 5'7""",0,-,-,Karlsruher SC,Germany
André Pinto,65,CB,,0,,3,69,34,45,43,66,46,"192cm | 6'4""",0,-,-,Vitória de Setúbal,Portugal
Fernando Alexander Guerrero Vásquez,65,RW,,0,,3,79,55,56,74,36,42,"171cm | 5'7""",0,-,-,Burnley,Ecuador
Christoph Moritz,65,RM,,0,,3,66,50,64,63,65,65,"186cm | 6'1""",0,-,-,FC Schalke 04,Germany
Neto,65,GK,,0,,3,62,65,55,66,59,63,"191cm | 6'3""",0,-,-,Atlético Paranaense,Brazil
Diego Contento,65,LB,,0,,3,72,27,51,52,63,60,"176cm | 5'9""",0,-,-,Bayern München,Italy
Luca Marrone,65,CDM,,0,,3,67,42,69,58,68,71,"186cm | 6'1""",0,-,-,Juventus,Italy
João António Justino Santos,65,RM,,0,3.0,2,67,63,54,60,49,60,"180cm | 5'11""",0,-,-,Vitória de Setúbal,Brazil
Manuel Herrera Yagüe,64,GK,,0,,2,62,60,62,62,41,65,"182cm | 6'0""",0,-,-,Levante U.D.,Spain
Christian Amoroso,64,CM,,0,,3,61,51,65,63,66,59,"174cm | 5'9""",0,-,-,Ascoli,Italy
Sebastian Schindzielorz,64,CDM,,0,,4,76,50,54,48,73,70,"180cm | 5'11""",0,-,-,VfL Wolfsburg,Germany
Jacek Bąk,64,CB,,0,,3,45,42,48,45,69,68,"187cm | 6'2""",0,-,-,FK Austria Wien,Poland
Jocelyn Blanchard,64,CDM,,0,,3,55,54,68,62,64,65,"180cm | 5'11""",0,-,-,SK Austria Kärnten,France
Alex Pinardi,64,CAM,,0,,3,69,60,63,64,50,44,"180cm | 5'11""",0,-,-,Modena,Italy
James Scowcroft,64,CF,,0,,3,68,59,50,57,63,74,"185cm | 6'1""",0,-,-,Leyton Orient,England
Alan Main,64,GK,,0,,3,62,64,61,62,32,63,"180cm | 5'11""",0,-,-,St. Johnstone FC,Scotland
Godfried Aduobe,64,CDM,,0,,3,67,47,60,53,73,68,"178cm | 5'10""",0,-,-,Karlsruher SC,Ghana
Luke Chadwick,64,RM,,0,,3,74,49,59,70,56,58,"180cm | 5'11""",0,-,-,Milton Keynes Dons,England
Alexander Voigt,64,LB,,0,,3,51,47,56,50,66,66,"183cm | 6'0""",0,-,-,FSV Frankfurt,Germany
Raimund Hedl,64,GK,,0,,3,55,63,64,68,41,59,"188cm | 6'2""",0,-,-,SK Rapid Wien,Austria
Yoann Bigné,64,CM,,0,,3,65,47,67,61,61,42,"168cm | 5'6""",0,-,-,Stade Brestois 29,France
Tommy Jönsson,64,CB,,0,,3,53,61,49,48,65,61,"185cm | 6'1""",0,-,-,Halmstads BK,Sweden
Bo Svensson,64,CB,,0,,3,45,35,45,30,71,74,"190cm | 6'3""",0,-,-,1. FSV Mainz 05,Denmark
John Aloisi,64,ST,,0,,4,61,65,52,55,58,70,"183cm | 6'0""",0,-,-,Sydney FC,Australia
Robin Nelisse,64,ST,,0,,3,69,65,46,49,60,70,"186cm | 6'1""",0,-,-,FC Red Bull Salzburg,Netherlands Antilles
César Palacios Chocarro,64,CDM,,0,,3,57,56,66,58,66,64,"185cm | 6'1""",0,-,-,C.D. Numancia,Spain
Paolo Orlandoni,64,GK,,0,,1,64,60,56,64,49,65,"186cm | 6'1""",0,-,-,Inter,Italy
Alexander Klitzpera,64,CB,,0,,3,55,37,36,33,69,68,"184cm | 6'0""",0,-,-,FSV Frankfurt,Germany
Mark Gower,64,RM,,0,,3,62,59,64,59,56,54,"180cm | 5'11""",0,-,-,Swansea City,England
Alan Maybury,64,RB,,0,,3,57,42,57,53,64,64,"180cm | 5'11""",0,-,-,Colchester United,Republic of Ireland
Danny Whitaker,64,CM,,0,,3,61,63,62,63,56,50,"178cm | 5'10""",0,-,-,Oldham Athletic,England
Pascal Bosschaart,64,CDM,,0,,2,65,48,64,62,65,64,"183cm | 6'0""",0,-,-,ADO Den Haag,Netherlands
Jurica Vranješ,64,CDM,,0,,3,61,50,70,51,65,70,"186cm | 6'1""",0,-,-,Werder Bremen,Croatia
Remco Van der Schaaf,64,CM,,0,,3,65,50,62,66,66,70,"186cm | 6'1""",0,-,-,Burnley,Netherlands
Lee Bullen,64,CB,,0,,3,62,30,62,58,63,75,"185cm | 6'1""",0,-,-,Falkirk,Scotland
Leon McKenzie,64,ST,,0,,4,68,61,48,63,52,58,"180cm | 5'11""",0,-,-,Charlton Athletic,England
Mariano Ramón Toedtli,64,ST,,0,,3,60,67,32,59,57,74,"182cm | 6'0""",0,-,-,Cádiz CF,Argentina
Jo Kuffour,64,ST,,0,,3,81,58,37,60,50,56,"170cm | 5'7""",0,-,-,Bristol Rovers,Ghana
Chris Coyne,64,CB,,0,,3,55,15,41,39,69,73,"185cm | 6'1""",0,-,-,Perth Glory FC,Australia
Karl Duguid,64,RM,,0,,4,64,53,62,62,63,56,"180cm | 5'11""",0,-,-,Plymouth Argyle,England
Graham Kavanagh,64,CM,,0,,3,53,54,69,51,68,60,"178cm | 5'10""",0,-,-,Carlisle United,Republic of Ireland
Paul Heffernan,64,ST,,0,,3,65,62,35,69,52,58,"178cm | 5'10""",0,-,-,Doncaster Rovers,Republic of Ireland
Brian Stock,64,CAM,,0,,3,64,59,65,69,49,54,"180cm | 5'11""",0,-,-,Doncaster Rovers,Wales
Glenn Morris,64,GK,,0,,3,53,63,64,66,62,58,"183cm | 6'0""",0,-,-,Leyton Orient,England
Wouter Vrancken,64,CM,,0,,3,59,58,63,57,66,66,"185cm | 6'1""",0,-,-,KV Mechelen,Belgium
Michael Bemben,64,RWB,,0,,3,67,60,60,52,60,55,"182cm | 6'0""",0,-,-,1. FC Union Berliln,Germany
Amdy Faye,64,CDM,,0,,3,66,50,61,56,70,72,"184cm | 6'0""",0,-,-,Stoke City,Senegal
Espen Johnsen,64,GK,,0,,2,65,55,45,78,30,65,"188cm | 6'2""",0,-,-,Rosenborg BK,Norway
Heinz Arzberger,64,GK,,0,,3,60,52,68,66,20,63,"185cm | 6'1""",0,-,-,FC Red Bull Salzburg,Austria
Peter Enckelman,64,GK,,0,,3,65,59,51,60,55,71,"188cm | 6'2""",0,-,-,Cardiff City,Finland
Eric Carrière,64,CAM,,0,,4,63,61,64,71,51,53,"173cm | 5'8""",0,-,-,Dijon FCO,France
Jonathan Bourdon,64,GK,,0,,3,61,62,66,58,51,60,"180cm | 5'11""",0,-,-,KSV Roeselare,Belgium
Joachim Standfest,64,RM,,0,,2,62,51,66,64,59,62,"180cm | 5'11""",0,-,-,FK Austria Wien,Austria
Deniz Barış,64,CDM,,0,,2,74,44,63,48,69,70,"184cm | 6'0""",0,-,-,Fenerbahçe SK,Turkey
Paul Kpaka,64,ST,,0,,3,67,62,44,63,44,58,"177cm | 5'10""",0,-,-,Germinal Beerschot,Sierra Leone
Aaron Mokoena,64,CDM,,0,,3,68,44,62,68,65,76,"185cm | 6'1""",0,-,-,Portsmouth,South Africa
Markus Katzer,64,LWB,,0,,4,67,43,71,58,60,60,"186cm | 6'1""",0,-,-,SK Rapid Wien,Austria
David Mackay,64,CB,,0,,3,58,22,54,60,65,65,"186cm | 6'1""",0,-,-,St. Johnstone FC,Scotland
Magnus Andersson,64,CM,,0,,3,61,55,66,56,62,58,"181cm | 5'11""",0,-,-,Trelleborgs FF,Sweden
Christian Dailly,64,CB,,0,,3,49,32,52,48,68,72,"183cm | 6'0""",0,-,-,Charlton Athletic,Scotland
Peter Clarke,64,CB,,0,,3,58,35,39,36,67,72,"183cm | 6'0""",0,-,-,Huddersfield Town,England
Derek Lyle,64,ST,,0,,3,62,65,60,56,55,56,"173cm | 5'8""",0,-,-,Hamilton Academicals,Scotland
Jos van Nieuwstadt,64,CB,,0,,3,59,41,44,43,64,80,"182cm | 6'0""",0,-,-,Doncaster Rovers,Netherlands
Cristian Stellini,64,CB,,0,,2,51,44,58,43,67,68,"185cm | 6'1""",0,-,-,Bari,Italy
Tony Warner,64,GK,,0,,3,54,63,64,68,26,65,"193cm | 6'4""",0,-,-,Hull City,Trinidad &amp; Tobago
Henrik Hansen,64,CAM,,0,,4,70,57,62,68,51,45,"179cm | 5'10""",0,-,-,Odense Boldklub,Denmark
Michael Melka,64,GK,,0,,3,60,59,53,71,47,62,"195cm | 6'5""",0,-,-,Fortuna Düsseldorf,Germany
Stefan Kulovits,64,CM,,0,,3,64,58,66,52,60,59,"178cm | 5'10""",0,-,-,SK Rapid Wien,Austria
Adam Hinshelwood,64,CB,,0,,3,61,25,40,38,67,59,"178cm | 5'10""",0,-,-,Aldershot Town,England
Adam Virgo,64,CB,,0,,3,48,55,54,54,66,72,"188cm | 6'2""",0,-,-,Brighton &amp; Hove Albion,Scotland
Alan Lee,64,ST,,0,,3,66,62,41,57,57,74,"191cm | 6'3""",0,-,-,Crystal Palace,Republic of Ireland
Alan Quinn,64,CM,,0,,3,68,62,52,68,65,55,"175cm | 5'9""",0,-,-,Ipswich Town,Republic of Ireland
Chris Barker,64,LB,,0,,3,59,38,53,51,65,62,"185cm | 6'1""",0,-,-,Plymouth Argyle,England
Danny Cadamarteri,64,CF,,0,,3,79,55,53,62,58,54,"175cm | 5'9""",0,-,-,Dundee United,England
Danny Coyne,64,GK,,0,,3,57,60,63,61,59,65,"183cm | 6'0""",0,-,-,Middlesbrough,Wales
Garry Monk,64,CB,,0,,3,55,21,47,34,69,74,"183cm | 6'0""",0,-,-,Swansea City,England
Lewis Price,64,GK,,0,,2,63,67,62,63,51,57,"191cm | 6'3""",0,-,-,Brentford,Wales
Phil Jevons,64,ST,,0,,4,61,62,52,60,46,63,"180cm | 5'11""",0,-,-,Morecambe,England
Richard Hughes,64,CDM,,0,,3,71,53,51,55,75,53,"183cm | 6'0""",0,-,-,Portsmouth,Scotland
Stephen Clemence,64,CM,,0,,3,65,59,60,56,64,55,"180cm | 5'11""",0,-,-,Leicester City,England
Paul Smith,64,GK,,0,,3,65,62,55,67,41,62,"193cm | 6'4""",0,-,-,Nottingham Forest,England
Steve Phillips,64,GK,,0,,3,55,64,65,70,31,60,"185cm | 6'1""",0,-,-,Bristol Rovers,England
David Prutton,64,CM,,0,,3,61,53,64,58,64,60,"185cm | 6'1""",0,-,-,Leeds United,England
Alejandro Goikoetxea Urkiaga,64,CB,,0,,3,61,35,42,41,67,59,"178cm | 5'10""",0,-,-,U.D. Salamanca,Spain
Marek Saganowski,64,ST,,0,,4,64,64,44,58,52,64,"178cm | 5'10""",0,-,-,Southampton,Poland
Gianluca Pegolo,64,GK,,0,,1,57,68,58,66,47,60,"182cm | 6'0""",0,-,-,Siena,Italy
Kristian Nicht,64,GK,,0,,3,65,62,51,65,56,64,"196cm | 6'5""",0,-,-,Karlsruher SC,Germany
Moreno Merenda,64,ST,,0,,3,63,60,54,62,53,66,"185cm | 6'1""",0,-,-,FC St. Gallen,Switzerland
Gareth McAuley,64,CB,,0,,3,53,34,52,35,67,74,"191cm | 6'3""",0,-,-,Ipswich Town,Northern Ireland
Borja Oubiña Meléndez,64,CM,,0,,3,65,56,65,70,53,64,"181cm | 5'11""",0,-,-,R.C. Celta,Spain
Rubén Reyes Díaz,64,LM,,0,,3,70,52,66,67,49,58,"189cm | 6'2""",0,-,-,Rayo Vallecano,Spain
Gaspar Gálvez Burgos,64,CB,,0,,3,59,45,55,46,65,54,"182cm | 6'0""",0,-,-,Córdoba C.F.,Spain
Zuhaitz Gurrutxaga Loiola,64,LB,,0,,3,68,26,44,42,65,58,"180cm | 5'11""",0,-,-,Real Unión Club Irún,Spain
José Manuel Serrano Arenas,64,CB,,0,,3,60,52,56,45,64,66,"183cm | 6'0""",0,-,-,Rayo Vallecano,Spain
Hocine Ragued,64,CDM,,0,,3,69,51,61,59,66,62,"182cm | 6'0""",0,-,-,Slavia Praha,Tunisia
Romain Larrieu,64,GK,,0,,3,62,65,63,60,35,63,"188cm | 6'2""",0,-,-,Plymouth Argyle,France
Fousseni Diawara,64,CB,,0,2.0,3,67,35,54,46,63,65,"185cm | 6'1""",0,-,-,FC Istres Ouest Provence,Mali
Rafael Clavero Prados,64,LB,,0,,3,68,38,57,50,63,54,"175cm | 5'9""",0,-,-,F.C. Cartagena,Spain
Gerardo Antonio Noriega Santoveña,64,RW,,0,,4,69,56,62,67,50,52,"173cm | 5'8""",0,-,-,Hércules C.F.,Spain
Arturo García Muñoz,64,CDM,,0,,3,69,49,59,55,73,72,"184cm | 6'0""",0,-,-,Real Betis Balompié,Spain
David Cuéllar Tainta,64,RM,,0,,3,67,56,65,61,54,58,"170cm | 5'7""",0,-,-,U.D. Salamanca,Spain
Francis Kioyo,64,ST,,0,,3,70,59,47,59,56,71,"191cm | 6'3""",0,-,-,FC Aarau,Germany
Cristian García Ramos,64,RWB,,0,,3,74,44,63,58,58,70,"169cm | 5'7""",0,-,-,Cádiz CF,Spain
Nicolas Marin,64,RW,,0,,3,63,64,62,59,51,43,"171cm | 5'7""",0,-,-,FC Sion,France
Marc Giraudon,64,LB,,0,,3,65,39,61,53,63,60,"180cm | 5'11""",0,-,-,La Berrichonne de ChÂteauroux,France
Daniel Göhlert,64,CB,,0,,3,58,42,51,49,64,70,"185cm | 6'1""",0,-,-,1. FC Union Berliln,Germany
Stefan Ålander,64,CB,,0,,3,61,50,50,47,64,62,"186cm | 6'1""",0,-,-,Kalmar FF,Sweden
Christoffer Källqvist,64,GK,,0,,3,58,52,67,68,23,64,"193cm | 6'4""",0,-,-,BK Häcken,Sweden
Peter Abelsson,64,CB,,0,,3,58,38,37,35,66,76,"188cm | 6'2""",0,-,-,Trelleborgs FF,Sweden
Danny Webber,64,ST,,0,3.0,4,80,57,36,70,47,49,"174cm | 5'9""",0,-,-,Portsmouth,England
Richard Wellens,64,CDM,,0,,3,64,54,62,66,63,49,"175cm | 5'9""",0,-,-,Leicester City,England
Tristan Lahaye,64,RB,,0,,3,68,44,58,44,62,58,"181cm | 5'11""",0,-,-,La Berrichonne de ChÂteauroux,France
Simon Lappin,64,LM,,0,,3,63,59,65,59,58,56,"180cm | 5'11""",0,-,-,Norwich City,Scotland
Ilco Naumoski,64,ST,,0,,3,58,61,48,67,54,64,"191cm | 6'3""",0,-,-,SV Mattersburg,FYR Macedonia
Markus Husterer,64,CB,,0,,4,65,35,45,39,65,69,"185cm | 6'1""",0,-,-,FSV Frankfurt,Germany
Ronny König,64,ST,,0,,3,62,66,47,52,55,74,"190cm | 6'3""",0,-,-,Rot-Weiß Oberhausen,Germany
Oliver Barth,64,CB,,0,,3,60,38,46,42,65,66,"188cm | 6'2""",0,-,-,SC Freiburg,Germany
Michael Fraser,64,GK,,0,,3,63,59,59,66,24,68,"191cm | 6'3""",0,-,-,Motherwell,Scotland
Anthony Obodai,64,CDM,,0,,3,73,51,55,58,69,64,"172cm | 5'8""",0,-,-,RKC Waalwijk,Ghana
Marcus Hall,64,LB,,0,,2,62,29,50,44,65,60,"185cm | 6'1""",0,-,-,Coventry City,England
Ibrahim Kargbo,64,CDM,,0,,3,73,60,50,51,69,74,"176cm | 5'9""",0,-,-,Willem II,Sierra Leone
Valentín Sergio Pachón Mosquero,64,ST,,0,,3,66,58,48,64,56,74,"181cm | 5'11""",0,-,-,Rayo Vallecano,Spain
Yong-Ho Park,64,CB,,0,,2,64,31,41,50,64,66,"183cm | 6'0""",0,-,-,FC Seoul,Korea Republic
Do Namkung,64,ST,,0,,3,68,60,45,59,59,71,"186cm | 6'1""",0,-,-,Pohang Steelers,Korea Republic
Sang Rok Kim,64,CAM,,0,,4,73,62,62,73,40,40,"173cm | 5'8""",0,-,-,Incheon United FC,Korea Republic
Marco Gorzegno,64,CDM,,0,,4,76,48,70,44,55,53,"188cm | 6'2""",0,-,-,Sassuolo,Italy
Mirco Gasparetto,64,ST,,0,,3,60,63,46,60,59,68,"188cm | 6'2""",0,-,-,Chievo Verona,Italy
William Pianu,64,CB,,0,,3,64,39,45,39,65,64,"181cm | 5'11""",0,-,-,Gallipoli,Italy
David Sauget,64,LWB,,0,,3,65,38,64,61,62,61,"175cm | 5'9""",0,-,-,Grenoble Foot 38,France
Callsen-Bracker,64,CB,,0,,3,67,40,55,38,62,72,"189cm | 6'2""",0,-,-,Borussia M'gladbach,Germany
Marco Esposito,64,CB,,0,,3,64,45,51,40,64,68,"185cm | 6'1""",0,-,-,Mantova,Italy
Martin Stoll,64,CB,,0,,4,60,38,43,44,65,73,"188cm | 6'2""",0,-,-,FC Aarau,Germany
Benjamin Reichert,64,CB,,0,,3,60,35,50,48,66,62,"180cm | 5'11""",0,-,-,Rot-Weiß Oberhausen,Germany
Darlington Omodiagbe,64,CB,,0,,3,62,45,52,48,64,62,"190cm | 6'3""",0,-,-,Rot-Weiß Ahlen,Nigeria
Salvador Fúnet Sardina,64,CB,,0,,3,66,20,44,47,65,64,"183cm | 6'0""",0,-,-,Rayo Vallecano,Spain
Christian Stuff,64,CB,,0,,3,53,48,47,41,66,72,"199cm | 6'6""",0,-,-,1. FC Union Berliln,Germany
Chris Shuker,64,CAM,,0,,4,72,58,59,64,53,63,"165cm | 5'5""",0,-,-,Tranmere Rovers,England
Ángel Sánchez Martín,64,LB,,0,,3,59,37,58,58,64,56,"180cm | 5'11""",0,-,-,Levante U.D.,Spain
Tommy Wright,64,ST,,0,,3,70,60,46,59,51,69,"183cm | 6'0""",0,-,-,Aberdeen,England
Koray Arslan,64,CB,,0,,2,68,30,51,31,64,61,"178cm | 5'10""",0,-,-,Eskişehirspor,Turkey
Guillermo Ariel Pereyra,64,CDM,,0,,3,58,51,65,66,66,62,"183cm | 6'0""",0,-,-,Real Murcia,Argentina
Evans Soligo,64,CM,,0,,1,71,57,58,60,61,56,"180cm | 5'11""",0,-,-,Salerno,Italy
Felice Piccolo,64,CB,,0,,3,62,47,60,55,61,75,"187cm | 6'2""",0,-,-,Chievo Verona,Italy
Kristian Nushi,64,RM,,0,,4,70,54,60,61,59,50,"175cm | 5'9""",0,-,-,FC St. Gallen,Serbia
Simon Whaley,64,RM,,0,,3,77,52,57,70,55,52,"181cm | 5'11""",0,-,-,Norwich City,England
Neil Austin,64,RB,,0,,3,69,23,43,44,64,59,"178cm | 5'10""",0,-,-,Hartlepool United,England
Kyoung-Youl You,64,CB,,0,,3,55,33,37,46,69,64,"182cm | 6'0""",0,-,-,Ulsan Hyundai Horang-i,Korea Republic
Sang Sik Kim,64,CDM,,0,,3,49,49,67,65,72,72,"184cm | 6'0""",0,-,-,Jeonbuk Hyundai Motors,Korea Republic
Pat Baldwin,64,CB,,0,,3,63,31,46,58,64,67,"183cm | 6'0""",0,-,-,Colchester United,England
Lee Wilkie,64,CB,,0,,3,42,26,41,31,74,74,"193cm | 6'4""",0,-,-,Dundee United,Scotland
Javi Guerra,64,ST,,0,,3,64,57,52,66,52,65,"181cm | 5'11""",0,-,-,Levante U.D.,Spain
Frank Boeckx,64,GK,,0,,3,61,60,62,61,56,62,"183cm | 6'0""",0,-,-,KAA Gent,Belgium
Pablo Chinchilla-Vega,64,CB,,0,,3,70,45,55,48,61,61,"185cm | 6'1""",0,-,-,LASK Linz,Costa Rica
Allan Russell,64,CF,,0,,4,66,59,52,62,50,66,"185cm | 6'1""",0,-,-,Kilmarnock,Scotland
Richard Duffy,64,RB,,0,,3,76,32,54,55,59,62,"181cm | 5'11""",0,-,-,Exeter City,Wales
Alex Baptiste,64,CB,,0,,3,75,20,33,29,64,64,"180cm | 5'11""",0,-,-,Blackpool,England
Pat McCourt,64,LM,,0,,3,71,57,61,75,46,46,"175cm | 5'9""",0,-,-,Celtic,Northern Ireland
Goce Sedloski,64,CB,,0,,3,61,49,59,56,62,70,"188cm | 6'2""",0,-,-,SV Mattersburg,FYR Macedonia
Matej Mavrič,64,CB,,0,,3,60,46,46,33,65,68,"187cm | 6'2""",0,-,-,TuS Koblenz,Slovenia
Václav Kolousek,64,CAM,,0,,4,69,63,54,67,60,69,"174cm | 5'9""",0,-,-,SC Magna Wiener Neustadt,Czech Republic
Sung Kuk Choi,64,RF,,0,,3,73,60,48,72,47,31,"172cm | 5'8""",0,-,-,Gwangju Sangmu FC,Korea Republic
Steffen Ernemann,64,LM,,0,,5,60,61,65,57,58,48,"186cm | 6'1""",0,-,-,SV Zulte-Waregem,Denmark
Juan Antonio Zamora Zambudio,64,CB,,0,,3,60,40,60,51,64,59,"185cm | 6'1""",0,-,-,C.D. Castellón,Spain
Sercan Bilinç Güvenisik,64,ST,,0,,3,72,59,50,61,47,58,"175cm | 5'9""",0,-,-,SC Paderborn 07,Turkey
Pedro Mairata Gual,64,CB,,0,,3,55,42,48,47,66,71,"189cm | 6'2""",0,-,-,Club Gimnàstic,Spain
Luis Roberto García Toral,64,RB,,0,,4,67,34,59,57,61,61,"171cm | 5'7""",0,-,-,S.D. Huesca,Spain
Jesús Cabrero Mora,64,GK,,0,,3,57,64,57,68,42,66,"187cm | 6'2""",0,-,-,Albacete Balompié,Spain
Sergio Martínez Mantecón,64,CDM,,0,,4,59,56,62,55,68,63,"177cm | 5'10""",0,-,-,C.D. Castellón,Spain
Francisco J. Flores Gómez,64,RM,,0,,3,74,53,59,68,54,57,"175cm | 5'9""",0,-,-,Girona C.F.,Spain
Carlos Caballero Pérez,64,CAM,,0,,3,63,59,67,61,51,53,"178cm | 5'10""",0,-,-,Cádiz CF,Spain
Mikel Rico,64,CAM,,0,,3,71,59,55,61,60,59,"178cm | 5'10""",0,-,-,S.D. Huesca,Spain
Susaeta,64,RM,,0,,3,71,59,61,68,51,50,"177cm | 5'10""",0,-,-,Rayo Vallecano,Spain
Dmitry Bulykin,64,ST,,0,,3,66,63,48,55,55,66,"192cm | 6'4""",0,-,-,Fortuna Düsseldorf,Russia
Grzegorz Rasiak,64,ST,,0,,4,61,64,48,55,58,72,"191cm | 6'3""",0,-,-,Reading,Poland
Jan Woś,64,RM,,0,,4,64,59,66,63,51,46,"177cm | 5'10""",0,-,-,Odra Wodzisław,Poland
Michał Goliński,64,CAM,,0,,4,56,64,65,60,57,44,"186cm | 6'1""",0,-,-,Cracovia Kraków,Poland
Łukasz Madej,64,RM,,0,,3,74,53,63,66,49,48,"176cm | 5'9""",0,-,-,Śląsk Wrocław,Poland
Bartosz Ślusarski,64,ST,,0,,2,59,62,50,56,58,77,"186cm | 6'1""",0,-,-,Cracovia Kraków,Poland
Marcin Nowacki,64,LM,,0,,3,74,54,63,64,51,46,"168cm | 5'6""",0,-,-,Ruch Chorzów,Poland
Dariusz Dudka,64,CDM,,0,,3,75,44,61,63,63,70,"182cm | 6'0""",0,-,-,AJ Auxerre,Poland
Arturo Ten Heuvel,64,LM,,0,,3,55,62,65,54,61,54,"181cm | 5'11""",0,-,-,KSV Roeselare,Netherlands
Raffaele Longo,64,RM,,0,,3,60,60,66,58,56,64,"180cm | 5'11""",0,-,-,Modena,Italy
Alessandro Tulli,64,RF,,0,,3,66,58,57,63,52,60,"185cm | 6'1""",0,-,-,Piacenza,Italy
Jaroslav Sedivec,64,ST,,0,,3,74,59,43,58,56,66,"183cm | 6'0""",0,-,-,Triestina,Czech Republic
Tomasz Bandrowski,64,CAM,,0,,4,68,53,63,64,57,52,"177cm | 5'10""",0,-,-,Lech Poznań,Poland
Fabian Lamotte,64,RB,,0,,2,59,44,49,56,64,66,"188cm | 6'2""",0,-,-,SK Sturm Graz,Germany
Matt Duke,64,GK,,0,,2,61,59,72,57,61,56,"196cm | 6'5""",0,-,-,Hull City,England
Pekka Lagerblom,64,CDM,,0,,4,67,53,62,56,63,58,"182cm | 6'0""",0,-,-,FSV Frankfurt,Finland
Jurgen Sierens,64,GK,,0,,3,65,62,53,67,43,64,"191cm | 6'3""",0,-,-,KSV Roeselare,Belgium
Andreas Lasnik,64,LM,,0,,3,58,65,70,65,46,56,"183cm | 6'0""",0,-,-,Alemannia Aachen,Austria
Mark Yeates,64,RM,,0,,3,71,64,59,73,47,42,"175cm | 5'9""",0,-,-,Middlesbrough,Republic of Ireland
Robert Kolendowicz,64,LM,,0,,4,80,50,57,69,56,48,"174cm | 5'9""",0,-,-,Zagłębie Lubin,Poland
Dariusz Pawlusiński,64,RW,,0,,3,78,54,59,66,50,50,"175cm | 5'9""",0,-,-,Cracovia Kraków,Poland
Joseba del Olmo García,64,RM,,0,,3,72,53,62,66,56,59,"172cm | 5'8""",0,-,-,Hércules C.F.,Spain
Nicky Bailey,64,CM,,0,,3,69,48,65,66,59,50,"178cm | 5'10""",0,-,-,Charlton Athletic,England
Chul Ho Kim,64,CDM,,0,,2,68,52,59,63,63,44,"177cm | 5'10""",0,-,-,Seongnam Ilhwa Chunma,Korea Republic
Min Soo Kang,64,CB,,0,,3,61,41,47,49,65,64,"184cm | 6'0""",0,-,-,Jeju United FC,Korea Republic
Hwa Yong Shin,64,GK,,0,,2,62,62,61,63,54,61,"183cm | 6'0""",0,-,-,Pohang Steelers,Korea Republic
Carl Ikeme,64,GK,,0,,3,62,64,57,68,65,52,"188cm | 6'2""",0,-,-,Wolverhampton Wanderers,England
Arkadiusz Baran,64,CDM,,0,,4,64,54,61,55,70,58,"185cm | 6'1""",0,-,-,Cracovia Kraków,Poland
Kevin McBride,64,CM,,0,,2,75,48,61,59,62,48,"178cm | 5'10""",0,-,-,Hibernian,Scotland
Radhi Jaidi,64,CB,,0,2.0,3,49,38,41,38,69,77,"189cm | 6'2""",0,-,-,Southampton,Tunisia
Sergio Hellings,64,CB,,0,,4,66,51,56,56,62,56,"182cm | 6'0""",0,-,-,KSV Roeselare,Netherlands
Grégory Lorenzi,64,CB,,0,,3,61,50,59,41,63,74,"186cm | 6'1""",0,-,-,Stade Brestois 29,France
David Norris,64,CM,,0,,3,66,55,65,66,52,42,"170cm | 5'7""",0,-,-,Ipswich Town,England
José De la Cuesta,64,CB,,0,,3,57,47,55,51,64,66,"184cm | 6'0""",0,-,-,Cádiz CF,Colombia
Sean Dillon,64,RB,,0,,4,60,38,59,46,65,65,"183cm | 6'0""",0,-,-,Dundee United,Republic of Ireland
David Giubilato,64,CB,,0,,3,65,41,49,44,62,72,"190cm | 6'3""",0,-,-,Frosinone,Italy
Marc Gouiffé à Goufan,64,CDM,,0,,4,69,47,60,61,69,66,"180cm | 5'11""",0,-,-,FC St. Pauli,Cameroon
Thomas Prager,64,CDM,,0,,5,67,52,59,55,68,57,"174cm | 5'9""",0,-,-,LASK Linz,Austria
Simone Cavalli,64,ST,,0,,3,70,58,54,60,55,60,"181cm | 5'11""",0,-,-,Mantova,Italy
Nicola Ascoli,64,LB,,0,,3,67,47,50,56,61,63,"185cm | 6'1""",0,-,-,Frosinone,Italy
Claudio Lustenberger,64,LB,,0,,3,66,49,56,61,60,62,"182cm | 6'0""",0,-,-,FC Luzern,Switzerland
Matar Coly,64,ST,,0,,3,76,58,48,60,54,61,"187cm | 6'2""",0,-,-,BSC Young Boys,Senegal
Enrico Guarna,64,GK,,0,,2,51,66,69,59,47,64,"185cm | 6'1""",0,-,-,Ascoli,Italy
Manuel Coppola,64,CM,,0,,2,67,55,54,56,72,54,"172cm | 5'8""",0,-,-,F. Torino,Italy
Orlando Dos Santos Costa,64,LF,,0,,4,69,55,55,71,58,59,"187cm | 6'2""",0,-,-,Royal Charleroi SC,Brazil
Clayton Donaldson,64,ST,,0,,3,73,58,47,63,47,55,"185cm | 6'1""",0,-,-,Crewe Alexandra,England
Ólafur Skúlason,64,CDM,,0,,5,63,56,60,54,67,62,"184cm | 6'0""",0,-,-,Helsingborgs IF,Iceland
Jean Michel Tchouga,64,ST,,0,,3,72,60,50,60,47,58,"174cm | 5'9""",0,-,-,FC Luzern,Cameroon
Benoît Benvegnu,64,GK,,0,,3,58,59,71,61,52,59,"184cm | 6'0""",0,-,-,Vannes OC,France
Unai Alba Padagadizábal,64,GK,,0,,3,67,62,57,61,36,67,"190cm | 6'3""",0,-,-,Hércules C.F.,Spain
Anders Qvist,64,CB,,0,,3,72,39,43,41,62,63,"186cm | 6'1""",0,-,-,FC Nordsjælland,Denmark
Radoslaw Cierzniak,64,GK,,0,,2,59,62,51,68,56,64,"187cm | 6'2""",0,-,-,Korona Kielce,Poland
Paweł Sasin,64,RM,,0,,3,73,47,59,64,62,44,"172cm | 5'8""",0,-,-,Cracovia Kraków,Poland
David Elebert,64,CB,,0,,3,73,24,45,55,62,62,"185cm | 6'1""",0,-,-,Hamilton Academicals,Republic of Ireland
Steve Banks,64,GK,,0,,3,62,63,61,64,45,61,"183cm | 6'0""",0,-,-,Dundee United,England
Sidi Yaya Keita,64,CDM,,0,,2,65,54,56,64,70,70,"177cm | 5'10""",0,-,-,Xerez C.D.,Mali
Ablaï Baldé,64,ST,,0,,3,73,59,52,60,51,60,"183cm | 6'0""",0,-,-,La Berrichonne de ChÂteauroux,France
Bakaye Traoré,64,CM,,0,,3,72,60,55,58,60,66,"185cm | 6'1""",0,-,-,A.S. Nancy Lorraine,Mali
Steven Gillespie,64,ST,,0,,3,70,63,33,70,43,42,"175cm | 5'9""",0,-,-,Colchester United,England
Leon Barnett,64,CB,,0,,3,62,27,40,50,65,75,"185cm | 6'1""",0,-,-,West Bromwich Albion,England
Sergio,64,GK,,0,,3,61,59,65,62,46,61,"179cm | 5'10""",0,-,-,R.C. Celta,Spain
Ashley Williams,64,CB,,0,,3,65,22,48,45,65,64,"183cm | 6'0""",0,-,-,Swansea City,Wales
Diego León Ayarza,64,LM,,0,,3,62,63,62,73,51,36,"170cm | 5'7""",0,-,-,U.D. Las Palmas,Spain
Roberto Previtali,64,CM,,0,,3,60,59,63,67,59,56,"170cm | 5'7""",0,-,-,Albinoleffe,Italy
Mattia Biso,64,CM,,0,,3,61,56,65,65,58,57,"177cm | 5'10""",0,-,-,Frosinone,Italy
Zvonimir Deranja,64,ST,,0,,3,64,62,56,58,49,60,"174cm | 5'9""",0,-,-,Excelsior Mouscron,Croatia
Calum Elliot,64,ST,,0,,3,63,63,44,59,45,66,"183cm | 6'0""",0,-,-,Heart of Midlothian,Scotland
Johnny Mullins,64,RB,,0,,3,65,29,55,59,63,57,"180cm | 5'11""",0,-,-,Stockport County,England
Antoine Grauss,64,CDM,,0,,3,63,62,61,61,58,65,"182cm | 6'0""",0,-,-,La Berrichonne de ChÂteauroux,France
Yassin Moutaouakil,64,RWB,,0,,3,74,38,60,63,59,59,"180cm | 5'11""",0,-,-,Motherwell,France
Billy Clarke,64,CF,,0,,1,67,61,48,60,52,62,"170cm | 5'7""",0,-,-,Blackpool,Republic of Ireland
Byung Gyu Park,64,CB,,0,,3,60,37,54,58,65,54,"178cm | 5'10""",0,-,-,Gwangju Sangmu FC,Korea Republic
Dong Gyun Yeuom,64,GK,,0,,2,61,63,59,68,44,59,"188cm | 6'2""",0,-,-,Chunnam Dragons,Korea Republic
Pa Saikou Kujabi,64,LM,,0,,3,75,60,60,69,47,44,"172cm | 5'8""",0,-,-,FSV Frankfurt,Gambia
Nicolás Domingo,64,CM,,0,,3,63,57,64,54,63,58,"174cm | 5'9""",0,-,-,River Plate,Argentina
Patrick Cregg,64,CDM,,0,,3,60,43,66,64,71,58,"175cm | 5'9""",0,-,-,Hibernian,Republic of Ireland
Stephen O'Donnell,64,CM,,0,,3,64,56,64,61,57,52,"175cm | 5'9""",0,-,-,Cork City,Republic of Ireland
Samuel Ochoa,64,ST,,0,,3,65,59,52,64,59,63,"182cm | 6'0""",0,-,-,U.A.G.,United States
Raffaele Schiavi,64,CB,,0,,2,63,40,42,38,64,70,"185cm | 6'1""",0,-,-,Lecce,Italy
Danny Grainger,64,LB,,0,,3,63,40,58,45,62,73,"183cm | 6'0""",0,-,-,St. Johnstone FC,England
Mario Fillinger,64,LM,,0,,4,69,55,62,62,56,61,"181cm | 5'11""",0,-,-,Hansa Rostock,Germany
Günther Vanaudenaerde,64,RB,,0,,3,65,39,58,44,64,54,"178cm | 5'10""",0,-,-,KVC Westerlo,Belgium
Stephan Schröck,64,RB,,0,,4,84,41,60,62,57,42,"170cm | 5'7""",0,-,-,SpVgg Greuther Fürth,Germany
Jeremiah White,64,RM,,0,,3,81,56,54,69,52,44,"173cm | 5'8""",0,-,-,Aarhus GF,United States
Joe Garner,64,ST,,0,,3,78,60,45,55,48,54,"178cm | 5'10""",0,-,-,Nottingham Forest,England
Jarosław Fojut,64,CB,,0,,3,64,35,37,33,66,64,"188cm | 6'2""",0,-,-,Śląsk Wrocław,Poland
Lee Peltier,64,RB,,0,,3,70,35,61,64,60,56,"178cm | 5'10""",0,-,-,Huddersfield Town,England
Jack Cork,64,CB,,0,,4,64,31,48,29,65,70,"183cm | 6'0""",0,-,-,Coventry City,England
Scott Davies,64,CM,,0,,3,74,61,59,57,55,51,"183cm | 6'0""",0,-,-,Reading,Republic of Ireland
Joel Grant,64,LW,,0,,4,77,52,56,69,40,52,"183cm | 6'0""",0,-,-,Crewe Alexandra,Jamaica
Jamie MacDonald,64,GK,,0,,1,60,61,61,67,22,64,"185cm | 6'1""",0,-,-,Heart of Midlothian,Scotland
Ladji Keita,64,CF,,0,,4,72,57,50,61,57,68,"188cm | 6'2""",0,-,-,Vitória de Setúbal,Senegal
Linares,64,ST,,0,,3,66,61,44,61,48,65,"176cm | 5'9""",0,-,-,U.D. Salamanca,Spain
Liam Craig,64,CM,,0,,3,66,52,64,62,59,61,"183cm | 6'0""",0,-,-,St. Johnstone FC,Scotland
Carl Finnigan,64,ST,,0,,3,67,61,46,71,40,45,"178cm | 5'10""",0,-,-,Falkirk,England
Perparim Hetemaj,64,CF,,0,,4,62,60,67,62,49,58,"176cm | 5'9""",0,-,-,FC Twente,Finland
Matteo Ardemagni,64,ST,,0,,3,68,61,51,58,57,66,"185cm | 6'1""",0,-,-,Cittadella,Italy
Javier Martina,64,RW,,0,,3,74,54,58,67,46,56,"175cm | 5'9""",0,-,-,Ajax,Netherlands
Luca Antonelli,64,LB,,0,,3,74,46,64,55,59,52,"185cm | 6'1""",0,-,-,Parma,Italy
Lewin Nyatanga,64,CB,,0,,2,68,23,44,46,65,64,"188cm | 6'2""",0,-,-,Bristol City,Wales
Veli Kavlak,64,LM,,0,,5,72,56,63,71,48,42,"178cm | 5'10""",0,-,-,SK Rapid Wien,Austria
Bart Buysse,64,LB,,0,,3,71,42,58,51,60,60,"178cm | 5'10""",0,-,-,SV Zulte-Waregem,Belgium
Joachim Mununga,64,RM,,0,,2,80,57,54,68,55,72,"179cm | 5'10""",0,-,-,KV Mechelen,Belgium
Rafał Grodzicki,64,CB,,0,,2,59,37,50,35,67,65,"192cm | 6'4""",0,-,-,Ruch Chorzów,Poland
Scott Sutter,64,RWB,,0,,3,64,57,54,60,62,58,"181cm | 5'11""",0,-,-,BSC Young Boys,Switzerland
Luboš Loučka,64,CDM,,0,,4,64,51,66,52,65,62,"176cm | 5'9""",0,-,-,FK Baumit Jablonec,Czech Republic
Marcus Pode,64,RW,,0,,3,74,54,56,65,61,61,"187cm | 6'2""",0,-,-,Trelleborgs FF,Sweden
Fabian Johnson,64,RW,,0,,5,80,50,64,68,63,52,"183cm | 6'0""",0,-,-,VfL Wolfsburg,Germany
Gary Roberts,64,LW,,0,,3,73,57,62,61,46,48,"178cm | 5'10""",0,-,-,Huddersfield Town,England
Pierluigi Frattali,64,GK,,0,,1,62,61,59,63,52,60,"185cm | 6'1""",0,-,-,Frosinone,Italy
Daniel Brinkmann,64,RM,,0,,3,67,53,62,57,62,66,"193cm | 6'4""",0,-,-,FC Augsburg,Germany
Faton Toski,64,LM,,0,,3,64,48,66,67,59,56,"185cm | 6'1""",0,-,-,Eintracht Frankfurt,Germany
Bruno Coutinho Martins,64,CM,,0,,3,63,60,63,62,58,60,"184cm | 6'0""",0,-,-,Jagiellonia Białystok,Brazil
Sebastian Schachten,64,RWB,,0,,4,60,32,60,40,66,51,"190cm | 6'3""",0,-,-,SC Paderborn 07,Germany
Laurent Agouazi,64,CAM,,0,,3,64,58,66,62,51,63,"184cm | 6'0""",0,-,-,U.S. Boulogne Cote D'Opale,France
Jesús Rodríguez Tato,64,CF,,0,,2,71,57,54,66,53,58,"179cm | 5'10""",0,-,-,F.C. Cartagena,Spain
Federico Gerardi,64,ST,,0,,3,70,60,45,61,45,58,"179cm | 5'10""",0,-,-,Ancona,Italy
Dejan Kelhar,64,CB,,0,,3,60,37,49,34,67,59,"188cm | 6'2""",0,-,-,KSV Cercle Brugge,Slovenia
Federico Rizzi,64,CB,,0,,2,60,23,32,31,70,46,"178cm | 5'10""",0,-,-,Mantova,Italy
Pietro Marino,64,GK,,0,,1,61,62,58,62,64,61,"202cm | 6'8""",0,-,-,Reggina,Italy
Flavio Lazzari,64,CAM,,0,,3,72,60,52,61,64,62,"186cm | 6'1""",0,-,-,Padua,Italy
Andrea Luci,64,CM,,0,,3,64,59,59,60,61,54,"172cm | 5'8""",0,-,-,Ascoli,Italy
Cristian Gilioli,64,RW,,0,,4,75,56,58,63,50,50,"177cm | 5'10""",0,-,-,Modena,Italy
Alex Pearce,64,CB,,0,,3,59,30,50,35,67,62,"183cm | 6'0""",0,-,-,Reading,England
Vito Mannone,64,GK,,0,,2,68,59,52,70,50,57,"194cm | 6'4""",0,-,-,Arsenal,Italy
Marcel Kimemba Mbayo,64,CAM,,0,,3,76,60,61,71,43,49,"168cm | 5'6""",0,-,-,Sporting Lokeren OV,DR Congo
Martin Horáček,64,CB,,0,,3,59,37,48,48,66,68,"187cm | 6'2""",0,-,-,Bohemians Praha,Czech Republic
Lubomír Michalík,64,CB,,0,,3,56,54,46,40,65,78,"193cm | 6'4""",0,-,-,Leeds United,Slovakia
Mathias Ranégie,64,ST,,0,,3,68,59,47,59,61,74,"196cm | 6'5""",0,-,-,BK Häcken,Sweden
Michel Morganella,64,RB,,0,,3,71,42,52,45,61,60,"183cm | 6'0""",0,-,-,Palermo,Switzerland
Hyung-Il Kim,64,CB,,0,,3,57,40,43,34,67,70,"187cm | 6'2""",0,-,-,Pohang Steelers,Korea Republic
Saša Ognenovski,64,CB,,0,,3,52,52,49,37,67,73,"195cm | 6'5""",0,-,-,Seongnam Ilhwa Chunma,FYR Macedonia
Rodrigo Vargas,64,CB,,0,,4,55,43,46,45,67,71,"181cm | 5'11""",0,-,-,Melbourne Victory FC,Australia
Adam Lallana,64,CAM,,0,,4,68,55,63,72,50,36,"170cm | 5'7""",0,-,-,Southampton,England
Tomáš Hunal,64,CB,,0,,3,41,43,52,39,72,64,"181cm | 5'11""",0,-,-,Dynamo České Budějovice,Czech Republic
Štěpán Kučera,64,CB,,0,,2,61,36,46,39,66,64,"191cm | 6'3""",0,-,-,KSV Roeselare,Czech Republic
Pierre Bengtsson,64,LWB,,0,,3,68,61,63,61,59,50,"176cm | 5'9""",0,-,-,FC Nordsjælland,Sweden
Sebastian De Maio,64,CB,,0,,3,57,42,53,51,64,68,"190cm | 6'3""",0,-,-,Brescia,France
Brian Sarmiento,64,LM,,0,,3,81,57,56,77,43,38,"163cm | 5'4""",0,-,-,Girona C.F.,Argentina
Kai Hesse,64,ST,,0,,3,72,58,52,56,51,66,"187cm | 6'2""",0,-,-,1. FC Kaiserslautern,Germany
Dragan Paljic,64,CAM,,0,,5,72,64,55,68,51,64,"175cm | 5'9""",0,-,-,1. FC Kaiserslautern,Serbia
Jose Holebas,64,LW,,0,,3,70,55,51,65,63,64,"184cm | 6'0""",0,-,-,TSV 1860 München,Germany
Florian Bague,64,GK,,0,,2,61,65,57,68,32,60,"180cm | 5'11""",0,-,-,U.S. Boulogne Cote D'Opale,France
Mattia Serafini,64,LWB,,0,,3,59,44,69,52,63,56,"194cm | 6'4""",0,-,-,Albinoleffe,Italy
Ilario Aloe,64,RM,,0,,3,72,51,58,55,66,65,"172cm | 5'8""",0,-,-,Ascoli,Italy
Peter Thompson,64,ST,,0,,3,68,63,52,57,47,60,"181cm | 5'11""",0,-,-,Stockport County,Northern Ireland
Remi Sergio,64,CAM,,0,,3,68,55,65,70,47,52,"170cm | 5'7""",0,-,-,Royal Charleroi SC,France
Henri Saivet,64,ST,,0,,3,71,59,42,67,35,59,"173cm | 5'8""",0,-,-,Girondins de Bordeaux,France
Chris Kamulete Makiese,64,ST,,0,,3,72,59,47,60,51,65,"184cm | 6'0""",0,-,-,SV Zulte-Waregem,France
Fabian Frei,64,RM,,0,,3,69,54,62,53,61,50,"181cm | 5'11""",0,-,-,FC St. Gallen,Switzerland
Christopher Schorch,64,CB,,0,,4,68,26,49,47,63,72,"189cm | 6'2""",0,-,-,1. FC Köln,Germany
Dario Vidosic,64,CAM,,0,,4,71,54,64,67,49,57,"185cm | 6'1""",0,-,-,1. FC Nürnberg,Australia
Abu Ogogo,64,RB,,0,,2,68,26,46,37,65,54,"174cm | 5'9""",0,-,-,Dagenham and Redbridge,England
Nacer Barazite,64,CAM,,0,,3,71,67,60,72,43,35,"194cm | 6'4""",0,-,-,Arsenal,Netherlands
Jay Spearing,64,CM,,0,,3,59,52,66,59,64,45,"170cm | 5'7""",0,-,-,Liverpool,England
Aarón Ñíguez,64,LF,,0,,3,72,56,56,67,39,54,"170cm | 5'7""",0,-,-,R.C. Celta,Spain
Ludovic Genest,64,CF,,0,,3,74,60,47,58,44,57,"174cm | 5'9""",0,-,-,Stade Lavallois Mayenne FC,France
Damien Plessis,64,CDM,,0,,2,71,55,54,46,74,73,"191cm | 6'3""",0,-,-,Liverpool,France
Miloš Bosančić,64,CAM,,0,,3,68,57,60,63,60,61,"182cm | 6'0""",0,-,-,Slovan Liberec,Serbia
Nicolás Gaitán,64,CAM,,0,,3,68,62,69,72,33,38,"173cm | 5'8""",0,-,-,Boca Juniors,Argentina
Michelangelo Albertazzi,64,CB,,0,,3,63,25,53,38,65,66,"185cm | 6'1""",0,-,-,Milan,Italy
Sang-Hup Lee,64,CF,,0,,2,65,63,59,60,56,49,"178cm | 5'10""",0,-,-,FC Seoul,Korea Republic
Daniele Magliocchetti,64,RB,,0,,2,67,32,59,42,63,64,"183cm | 6'0""",0,-,-,Triestina,Italy
Aurélien Collin,64,CB,,0,2.0,3,67,17,28,49,66,66,"188cm | 6'2""",0,-,-,Vitória de Setúbal,France
Yohann Thuram,64,GK,,0,,3,67,70,59,63,29,59,"187cm | 6'2""",0,-,-,AS Monaco FC,France
Yannick Anister Sagbo-Latte,64,ST,,0,,2,75,64,38,53,42,64,"183cm | 6'0""",0,-,-,AS Monaco FC,France
Pablo Gil Sarrion,64,RB,,0,,2,65,22,31,44,66,73,"175cm | 5'9""",0,-,-,Albacete Balompié,Spain
Jean Romaric K. Koffi,64,ST,,0,,4,80,56,42,64,41,60,"175cm | 5'9""",0,-,-,Modena,Ivory Coast
Gavin Gunning,64,CB,,0,,3,59,36,46,35,68,46,"183cm | 6'0""",0,-,-,Blackburn Rovers,Republic of Ireland
Patrick van Aanholt,64,LB,,0,,3,76,50,61,62,58,48,"175cm | 5'9""",0,-,-,Coventry City,Netherlands
Jacob Mellis,64,CAM,,0,,4,66,60,64,55,54,59,"175cm | 5'9""",0,-,-,Southampton,England
Martin Živný,64,CB,,0,,3,62,54,62,57,62,64,"191cm | 6'3""",0,-,-,SK Austria Kärnten,Czech Republic
Samuel Di Carmine,64,ST,,0,,2,58,66,30,69,37,58,"185cm | 6'1""",0,-,-,Gallipoli,Italy
Gilles Augustin Binya,64,CDM,,0,,2,67,51,59,60,68,62,"176cm | 5'9""",0,-,-,Neuchâtel Xamax,Cameroon
Cheikhou Kouyaté,64,CM,,0,,3,70,59,52,60,67,66,"189cm | 6'2""",0,-,-,RSC Anderlecht,Senegal
Jude Ikechukwu Nworuh,64,ST,,0,,3,82,58,39,62,49,54,"170cm | 5'7""",0,-,-,FC Midtjylland,Nigeria
Reimond Manco,64,RW,,0,,4,73,55,56,67,41,54,"172cm | 5'8""",0,-,-,PSV,Peru
Ilkay Gündogan,64,LM,,0,,3,74,54,62,69,47,49,"180cm | 5'11""",0,-,-,1. FC Nürnberg,Germany
Stephan Hain,64,ST,,0,,4,74,56,48,62,45,62,"180cm | 5'11""",0,-,-,FC Augsburg,Germany
Ranko Despotović,64,ST,,0,,3,68,61,43,60,55,68,"185cm | 6'1""",0,-,-,U.D. Salamanca,Serbia
Ho Jun Kim,64,GK,,0,,3,62,58,57,64,54,64,"189cm | 6'2""",0,-,-,FC Seoul,Korea Republic
Luis Daniel Cano,64,CB,,0,,3,67,21,51,23,65,70,"184cm | 6'0""",0,-,-,Querétaro,Mexico
Francesco Bolzoni,64,CDM,,0,,2,68,49,66,58,62,60,"180cm | 5'11""",0,-,-,Frosinone,Italy
Brian Easton,64,LB,,0,,3,69,17,57,34,64,70,"183cm | 6'0""",0,-,-,Burnley,Scotland
Senad Lulic,64,LW,,0,,3,63,61,52,65,48,60,"183cm | 6'0""",0,-,-,Grasshopper-Club,Bosnia Herzegovina
Andreas Glockner,64,RF,,0,,4,71,59,54,61,50,60,"182cm | 6'0""",0,-,-,SC Freiburg,Germany
Diego Alonso Penny,64,GK,,0,,3,57,56,56,64,63,69,"197cm | 6'6""",0,-,-,Burnley,Peru
Lukáš Hajník,64,LB,,0,,4,69,47,51,44,61,60,"178cm | 5'10""",0,-,-,SK Kladno,Czech Republic
Jose Martinez Cervera,64,RB,,0,,3,60,27,50,49,67,59,"175cm | 5'9""",0,-,-,Girona C.F.,Spain
Serey Dié,64,CDM,,0,,3,65,55,65,66,55,61,"179cm | 5'10""",0,-,-,FC Sion,Ivory Coast
Alexander Bittroff,64,LB,,0,,3,66,43,51,50,62,62,"186cm | 6'1""",0,-,-,Energie Cottbus,Germany
Viktor Noring,64,GK,,0,,2,62,67,58,64,53,56,"194cm | 6'4""",0,-,-,Trelleborgs FF,Sweden
Lennart Hartmann,64,CDM,,0,,2,65,57,58,65,61,56,"170cm | 5'7""",0,-,-,Hertha BSC,Germany
Sascha Burchert,64,GK,,0,,2,57,67,63,61,18,69,"186cm | 6'1""",0,-,-,Hertha BSC,Germany
Miguel Angel Britos,64,CB,,0,,3,54,45,56,49,66,58,"188cm | 6'2""",0,-,-,Bologna,Uruguay
Eloy Room,64,GK,,0,,2,60,66,62,58,61,59,"190cm | 6'3""",0,-,-,Vitesse,Netherlands
Pablo Cendrós López,64,RB,,0,,3,75,26,58,56,60,62,"176cm | 5'9""",0,-,-,Levante U.D.,Spain
Kiko Femenía,64,RB,,0,,3,72,48,59,56,60,52,"174cm | 5'9""",0,-,-,Hércules C.F.,Spain
Janusz Gancarczyk,64,LM,,0,,4,82,62,54,64,47,50,"179cm | 5'10""",0,-,-,Śląsk Wrocław,Poland
Oscar Sielva Moreno,64,CM,,0,,4,65,57,69,61,51,51,"177cm | 5'10""",0,-,-,F.C. Cartagena,Spain
Admir Raščić,64,ST,,0,,3,70,62,38,61,50,64,"181cm | 5'11""",0,-,-,Sandefjord Fotball,Bosnia Herzegovina
Felix Kroos,64,ST,,0,,3,63,60,58,66,41,50,"184cm | 6'0""",0,-,-,Hansa Rostock,Germany
Gianmarco Zigoni,64,ST,,0,,4,66,58,43,64,58,76,"190cm | 6'3""",0,-,-,Milan,Italy
Rémi Pillot,64,GK,,0,,3,61,65,69,65,26,56,"182cm | 6'0""",0,-,-,A.S. Nancy Lorraine,France
Lago Júnior Wakalible,64,ST,,0,,3,80,59,31,59,46,65,"182cm | 6'0""",0,-,-,C.D. Numancia,Ivory Coast
Jobson Leandro Pereira De Oli,64,ST,,0,,3,66,60,54,64,49,57,"175cm | 5'9""",0,-,-,Jeju United FC,Brazil
Víctor Villa,64,ST,,0,,2,70,59,50,60,54,60,"181cm | 5'11""",0,-,-,Querétaro,Mexico
Timo Perthel,64,LM,,0,,3,63,59,63,66,53,54,"183cm | 6'0""",0,-,-,Werder Bremen,Germany
Eduardo Pereira Rodrigues,64,CAM,,0,,3,74,60,65,74,38,50,"165cm | 5'5""",0,-,-,Cruzeiro,Brazil
Carlos Vinícius Santos de Jesus,64,CB,,0,,2,68,49,51,45,62,64,"185cm | 6'1""",0,-,-,Cruzeiro,Brazil
Łukasz Derbich,64,CB,,0,,2,53,38,30,21,71,66,"187cm | 6'2""",0,-,-,Cracovia Kraków,Poland
Kevin De Bruyne,64,CF,,0,,4,67,60,56,64,43,56,"180cm | 5'11""",0,-,-,KRC Genk,Belgium
Nicholas Skverer,64,GK,,0,,2,59,64,64,59,65,61,"180cm | 5'11""",0,-,-,N.E.C.,United States
Mathias Hinzmann,64,RB,,0,,3,64,37,48,39,64,65,"180cm | 5'11""",0,-,-,FC St. Pauli,Germany
Charlton Vicento,64,LF,,0,,3,75,57,49,66,48,52,"181cm | 5'11""",0,-,-,ADO Den Haag,Netherlands
Sebastian Mielitz,64,GK,,0,,2,64,61,60,64,39,61,"188cm | 6'2""",0,-,-,Werder Bremen,Germany
Joel Obi,64,RW,,0,,2,78,52,67,69,54,44,"175cm | 5'9""",0,-,-,Inter,Nigeria
Vinícius Lopes Laurindo,64,CB,,0,,2,66,45,43,41,63,64,"190cm | 6'3""",0,-,-,Cruzeiro,Brazil
Abdou Khadre Guirassy,64,CM,,0,,2,70,52,58,60,66,60,"174cm | 5'9""",0,-,-,CD Nacional,Senegal
Cauê Cecilio da Silva,64,CM,,0,,3,68,56,60,65,56,62,"186cm | 6'1""",0,-,-,Leixões SC,Brazil
Roger de Oliveira Bernardo,64,CDM,,0,,3,69,51,58,59,66,62,"185cm | 6'1""",0,-,-,Energie Cottbus,Brazil
David Louhoungou,64,CDM,,0,,3,62,59,61,49,68,62,"185cm | 6'1""",0,-,-,Hamilton Academicals,Congo
Jukka Raitala,64,LB,,0,,3,63,27,51,60,64,70,"181cm | 5'11""",0,-,-,TSG 1899 Hoffenheim,Finland
Diego Fernando Orduña,64,GK,,0,,3,66,61,54,62,64,59,"184cm | 6'0""",0,-,-,Monarcas Morelia,Mexico
Yann Ekra,64,ST,,0,4.0,3,77,59,47,59,44,58,"180cm | 5'11""",0,-,-,Hull City,Ivory Coast
Nicky Butt,63,CDM,,0,,3,55,49,67,47,71,64,"178cm | 5'10""",0,-,-,Newcastle United,England
Nick Barmby,63,CAM,,0,,4,55,64,63,65,54,54,"170cm | 5'7""",0,-,-,Hull City,England
Marco Reich,63,RM,,0,,3,72,61,57,58,53,50,"184cm | 6'0""",0,-,-,Jagiellonia Białystok,Germany
Dwayne Mattis,63,CDM,,0,,5,70,46,59,55,66,56,"183cm | 6'0""",0,-,-,Walsall,Republic of Ireland
Nathan Clarke,63,CB,,0,,3,61,26,40,35,66,64,"185cm | 6'1""",0,-,-,Huddersfield Town,England
Craig Easton,63,CM,,0,,3,58,47,70,57,61,52,"178cm | 5'10""",0,-,-,Swindon Town,Scotland
Baykal Kulaksizoglu,63,CDM,,0,,3,64,57,57,62,63,56,"185cm | 6'1""",0,-,-,FC Aarau,Switzerland
Jon Parkin,63,ST,,0,,3,67,56,43,59,55,76,"193cm | 6'4""",0,-,-,Preston North End,England
Simon Elliott,63,CDM,,0,,3,53,60,64,61,58,62,"182cm | 6'0""",0,-,-,San Jose Earthquakes,New Zealand
Mehdi Meniri,63,CB,,0,,3,55,37,52,40,65,62,"190cm | 6'3""",0,-,-,Sporting Club Bastia,Algeria
Colin Healy,63,CDM,,0,,3,70,58,52,68,62,66,"185cm | 6'1""",0,-,-,Ipswich Town,Republic of Ireland
Dean Holden,63,RB,,0,,3,60,19,53,49,65,66,"183cm | 6'0""",0,-,-,Shrewsbury,England
Nick Colgan,63,GK,,0,,3,63,54,66,58,48,60,"186cm | 6'1""",0,-,-,Grimsby Town,Republic of Ireland
Philippe Brunel,63,CAM,,0,,3,60,62,64,58,54,54,"177cm | 5'10""",0,-,-,Angers SCO,France
Salomon Olembé,63,CDM,,0,,3,71,42,66,47,64,62,"171cm | 5'7""",0,-,-,Kayserispor,Cameroon
Sander van Gessel,63,CM,,0,,4,60,54,56,61,69,64,"192cm | 6'4""",0,-,-,Sparta Rotterdam,Netherlands
Tomasz Frankowski,63,ST,,0,,3,63,61,46,60,51,62,"172cm | 5'8""",0,-,-,Jagiellonia Białystok,Poland
David McCracken,63,CB,,0,,3,59,32,52,43,64,68,"188cm | 6'2""",0,-,-,Milton Keynes Dons,Scotland
Marek Heinz,63,CAM,,0,,4,58,66,64,64,50,58,"187cm | 6'2""",0,-,-,KSV Superfund,Czech Republic
Gary Alexander,63,ST,,0,,4,62,65,38,55,56,70,"183cm | 6'0""",0,-,-,Millwall,England
Matt Glennon,63,GK,,0,,3,59,60,64,59,36,63,"188cm | 6'2""",0,-,-,Huddersfield Town,England
Peter Murphy,63,CB,,0,,3,62,32,52,48,63,71,"183cm | 6'0""",0,-,-,Carlisle United,Republic of Ireland
Steve Collis,63,GK,,0,,3,64,52,59,67,50,55,"185cm | 6'1""",0,-,-,Crewe Alexandra,England
Chris Weale,63,GK,,0,,3,62,58,56,65,50,62,"188cm | 6'2""",0,-,-,Leicester City,England
Vragel da Silva,63,CB,,0,,3,52,42,40,42,67,72,"186cm | 6'1""",0,-,-,Energie Cottbus,Brazil
Francis Jeffers,63,ST,,0,,4,61,60,59,59,47,58,"175cm | 5'9""",0,-,-,Sheffield Wednesday,England
Rhys Weston,63,RB,,0,,3,66,36,47,42,63,56,"183cm | 6'0""",0,-,-,Walsall,Wales
Stefaan Tanghe,63,CAM,,0,,3,56,61,64,65,52,48,"175cm | 5'9""",0,-,-,KSV Roeselare,Belgium
Pablo Mastroeni,63,CDM,,0,,4,65,55,52,64,71,72,"178cm | 5'10""",0,-,-,Colorado Rapids,United States
Patrick Pothuizen,63,CB,,0,,3,53,44,55,47,65,64,"186cm | 6'1""",0,-,-,N.E.C.,Netherlands
Aleksandar Rankovic,63,CDM,,0,,3,60,50,61,62,65,60,"173cm | 5'8""",0,-,-,ADO Den Haag,Serbia
Cristiano dos Santos Rodrigues,63,ST,,0,,3,57,64,40,62,56,64,"175cm | 5'9""",0,-,-,Adelaide United,Brazil
Gregg Berhalter,63,CB,,0,,3,47,37,38,42,68,70,"186cm | 6'1""",0,-,-,Los Angeles Galaxy,United States
James Hayter,63,ST,,0,,3,68,60,39,64,48,58,"175cm | 5'9""",0,-,-,Doncaster Rovers,England
Steve Brooker,63,ST,,0,,3,69,61,41,57,50,67,"183cm | 6'0""",0,-,-,Doncaster Rovers,England
Raphaël Nuzzolo,63,RB,,0,,3,69,50,56,60,59,56,"175cm | 5'9""",0,-,-,Neuchâtel Xamax,Switzerland
Daniel Imhof,63,CDM,,0,,3,70,51,57,53,67,68,"177cm | 5'10""",0,-,-,VfL Bochum,Canada
Martinho Martins Mocana,63,LWB,,0,,4,87,53,61,64,52,53,"172cm | 5'8""",0,-,-,FC Sion,Portugal
Shefki Kuqi,63,ST,,0,,3,60,65,40,54,65,76,"188cm | 6'2""",0,-,-,TuS Koblenz,Finland
Janne Saarinen,63,CDM,,0,,3,70,51,59,53,64,44,"186cm | 6'1""",0,-,-,BK Häcken,Finland
Markus Weissenberger,63,CAM,,0,,3,60,56,67,67,49,34,"168cm | 5'6""",0,-,-,LASK Linz,Austria
Johan Lind,63,RB,,0,,4,58,39,42,42,66,62,"175cm | 5'9""",0,-,-,BK Häcken,Sweden
Kim Christensen,63,ST,,0,,3,61,59,57,53,58,80,"191cm | 6'3""",0,-,-,FC Midtjylland,Denmark
Keigan Parker,63,ST,,0,,3,76,57,42,58,50,62,"171cm | 5'7""",0,-,-,Oldham Athletic,Scotland
Fernando Ariel Troyansky,63,LB,,0,,5,59,41,35,28,66,67,"178cm | 5'10""",0,-,-,SK Austria Kärnten,Argentina
Thomas Meggle,63,CAM,,0,,3,58,58,61,65,62,72,"180cm | 5'11""",0,-,-,FC St. Pauli,Germany
Petr Hlinka,63,CDM,,0,,4,65,53,53,66,69,72,"190cm | 6'3""",0,-,-,SK Sturm Graz,Slovakia
Tariq Chihab,63,CDM,,0,,3,63,56,59,57,63,68,"189cm | 6'2""",0,-,-,FC Sion,Morocco
Thomas Pichlmann,63,ST,,0,,4,68,64,42,47,52,68,"188cm | 6'2""",0,-,-,Grosseto,Austria
Justice Wamfor,63,CDM,,0,,3,67,49,58,56,70,63,"175cm | 5'9""",0,-,-,Germinal Beerschot,Cameroon
Mark Crossley,63,GK,,0,,2,52,66,66,59,41,63,"193cm | 6'4""",0,-,-,Chesterfield,Wales
Øyvind Storflor,63,ST,,0,,4,79,55,47,56,57,65,"180cm | 5'11""",0,-,-,Strømsgodset IF,Norway
Carl Cort,63,ST,,0,,3,64,61,42,60,58,70,"193cm | 6'4""",0,-,-,Brentford,England
Harlington Shereni,63,CDM,,0,,2,59,61,53,50,74,74,"186cm | 6'1""",0,-,-,FC Nantes,Zimbabwe
Martin Hardie,63,CAM,,0,,3,62,48,60,66,66,68,"180cm | 5'11""",0,-,-,St. Johnstone FC,Scotland
Matt Heath,63,CB,,0,,2,64,28,38,35,64,69,"193cm | 6'4""",0,-,-,Colchester United,England
Mark McLaughlin,63,CB,,0,,3,57,29,49,51,65,71,"187cm | 6'2""",0,-,-,Hamilton Academicals,Scotland
Scott Dobie,63,ST,,0,,3,68,57,54,57,48,68,"185cm | 6'1""",0,-,-,Carlisle United,Scotland
Warren Cummings,63,LB,,0,,3,64,32,40,40,64,58,"175cm | 5'9""",0,-,-,Bournemouth,Scotland
Mohammed Camara,63,LB,,0,,3,67,25,59,61,60,63,"180cm | 5'11""",0,-,-,St. Mirren,Guinea
Darren Moore,63,CB,,0,,3,42,26,34,42,71,74,"188cm | 6'2""",0,-,-,Barnsley,Jamaica
Paul Scott,63,RB,,0,,2,64,22,47,37,64,68,"180cm | 5'11""",0,-,-,Bury,England
Yuri Cornelisse,63,LM,,0,,3,65,59,61,64,52,69,"184cm | 6'0""",0,-,-,ADO Den Haag,Netherlands
Chris Palmer,63,LB,,0,,5,68,37,65,50,60,53,"170cm | 5'7""",0,-,-,Gillingham,England
Ian Westlake,63,LM,,0,,3,63,58,61,59,60,38,"178cm | 5'10""",0,-,-,Wycombe Wanderers,England
Jonathan Macken,63,ST,,0,,3,66,64,43,46,52,73,"180cm | 5'11""",0,-,-,Barnsley,Republic of Ireland
Matthew Clarke,63,CB,,0,,4,67,37,43,47,62,60,"191cm | 6'3""",0,-,-,Bradford City,England
Stuart Green,63,CAM,,0,,3,65,57,63,57,56,53,"178cm | 5'10""",0,-,-,Wycombe Wanderers,England
Stephan Sieger,63,CDM,,0,,3,61,58,60,61,61,56,"185cm | 6'1""",0,-,-,Fortuna Düsseldorf,Germany
Bernd Rauw,63,RB,,0,,3,61,39,52,51,62,69,"183cm | 6'0""",0,-,-,1. FC Union Berliln,Belgium
Alan Dunne,63,RB,,0,,3,67,40,59,58,60,54,"178cm | 5'10""",0,-,-,Millwall,Republic of Ireland
Marco Carparelli,63,ST,,0,,3,57,63,40,69,60,52,"180cm | 5'11""",0,-,-,Grosseto,Italy
Chris Doig,63,CB,,0,,2,67,23,28,25,65,69,"187cm | 6'2""",0,-,-,Central Coast Mariners FC,Scotland
Edward Cecot,63,CB,,0,,3,59,40,50,47,64,64,"187cm | 6'2""",0,-,-,GKS Bełchatów,Poland
Juri Tamburini,63,LM,,0,,3,59,62,60,58,59,71,"181cm | 5'11""",0,-,-,Modena,Italy
Veroljub Salatic,63,CDM,,0,,3,64,50,60,56,68,60,"185cm | 6'1""",0,-,-,Grasshopper-Club,Switzerland
Julio Hernan Rossi,63,RM,,0,,3,64,68,55,65,52,70,"175cm | 5'9""",0,-,-,Neuchâtel Xamax,Argentina
Juan Cruz Ochoa López,63,CB,,0,,3,58,42,53,47,63,62,"191cm | 6'3""",0,-,-,Real Murcia,Spain
Oier Larrainzar Arzallus,63,RB,,0,,4,61,42,55,44,62,62,"184cm | 6'0""",0,-,-,Real Unión Club Irún,Spain
Sebastián M. Corona Nacarino,63,CB,,0,,3,59,43,52,48,64,62,"182cm | 6'0""",0,-,-,S.D. Huesca,Spain
David Bauzá Francés,63,CDM,,0,,3,61,52,59,60,66,52,"184cm | 6'0""",0,-,-,Club Gimnàstic,Spain
Javier Jáuregi Blanco,63,GK,,0,,3,58,59,56,67,51,62,"186cm | 6'1""",0,-,-,Real Unión Club Irún,Spain
David Cañas Fernández,63,CDM,,0,,3,61,56,60,47,67,59,"182cm | 6'0""",0,-,-,Girona C.F.,Spain
Dirk Langerbein,63,GK,,0,,3,52,64,74,55,44,63,"188cm | 6'2""",0,-,-,Rot-Weiß Ahlen,Germany
Macchambes Younga-Mouhani,63,CDM,,0,,3,69,54,58,63,59,58,"179cm | 5'10""",0,-,-,1. FC Union Berliln,Congo
Luigi Riccio,63,CM,,0,,3,63,55,60,55,62,60,"176cm | 5'9""",0,-,-,Sassuolo,Italy
Scott Shearer,63,GK,,0,,3,69,64,59,60,37,54,"191cm | 6'3""",0,-,-,Wycombe Wanderers,Scotland
Ümit Bozkurt,63,CB,,0,,2,58,28,49,39,66,64,"182cm | 6'0""",0,-,-,Diyarbakırspor,Turkey
Doğa Kaya,63,CDM,,0,,2,69,49,59,48,69,68,"177cm | 5'10""",0,-,-,Eskişehirspor,Turkey
Kaspars Gorkšs,63,CB,,0,,3,43,33,53,42,69,65,"191cm | 6'3""",0,-,-,Queens Park Rangers,Latvia
Mark Otten,63,CB,,0,,3,63,43,39,46,64,61,"180cm | 5'11""",0,-,-,N.E.C.,Netherlands
Peter André Perchtold,63,CAM,,0,,4,64,56,59,56,64,72,"189cm | 6'2""",0,-,-,1. FC Nürnberg,Germany
Gi-Dong Kim,63,CM,,0,,4,49,60,69,61,55,44,"171cm | 5'7""",0,-,-,Pohang Steelers,Korea Republic
Seung Jun Son,63,CB,,0,,3,64,47,47,58,61,58,"186cm | 6'1""",0,-,-,Jeonbuk Hyundai Motors,Korea Republic
Francesco Galeoto,63,CB,,0,,2,47,45,63,45,67,52,"176cm | 5'9""",0,-,-,FC Crotone,Italy
Gianluca Grava,63,RB,,0,,3,69,48,41,41,61,60,"172cm | 5'8""",0,-,-,Napoli,Italy
Arnaud Maire,63,CB,,0,,3,60,43,54,39,64,64,"181cm | 5'11""",0,-,-,RC Strasbourg,France
Brian Wilson,63,RB,,0,,4,65,47,54,45,61,54,"178cm | 5'10""",0,-,-,Bristol City,England
Torsten Mattuschka,63,CAM,,0,,4,65,57,59,60,60,60,"186cm | 6'1""",0,-,-,1. FC Union Berliln,Germany
Domenico Maietta,63,RB,,0,,2,68,26,62,39,61,61,"185cm | 6'1""",0,-,-,Frosinone,Italy
Jamal Campbell-Ryce,63,RM,,0,,3,83,62,47,77,48,42,"170cm | 5'7""",0,-,-,Barnsley,Jamaica
Lloyd Sam,63,RW,,0,,3,75,51,64,70,53,41,"173cm | 5'8""",0,-,-,Charlton Athletic,England
Alain Schultz,63,CAM,,0,,3,69,61,52,59,60,48,"178cm | 5'10""",0,-,-,Grasshopper-Club,Switzerland
Radim Kucera,63,CDM,,0,,4,58,53,62,44,73,77,"188cm | 6'2""",0,-,-,Arminia Bielefeld,Czech Republic
Francisco Esteban Granados,63,CF,,0,,3,71,55,52,64,50,58,"182cm | 6'0""",0,-,-,Girona C.F.,Spain
Daniel Nardiello,63,ST,,0,,3,65,58,43,67,50,63,"180cm | 5'11""",0,-,-,Blackpool,England
Matteo Abbate,63,CB,,0,,3,60,57,58,48,61,68,"184cm | 6'0""",0,-,-,Gallipoli,Italy
Robbie Williams,63,LB,,0,,3,64,35,38,41,65,59,"178cm | 5'10""",0,-,-,Huddersfield Town,England
Jae Hong Park,63,CB,,0,,2,67,45,45,45,61,60,"184cm | 6'0""",0,-,-,GyeongNam FC,Korea Republic
Gareth Ainsworth,63,RW,,0,,3,67,61,58,63,51,35,"178cm | 5'10""",0,-,-,Queens Park Rangers,England
Gary McDonald,63,CM,,0,,2,66,53,60,60,61,52,"185cm | 6'1""",0,-,-,Aberdeen,Scotland
Gary Borrowdale,63,LB,,0,,3,65,42,56,56,60,62,"183cm | 6'0""",0,-,-,Queens Park Rangers,England
Marko Perović,63,LM,,0,,3,76,47,65,63,48,55,"185cm | 6'1""",0,-,-,FC Basel 1893,Serbia
Lee Mair,63,CB,,0,,3,59,16,52,55,65,67,"184cm | 6'0""",0,-,-,St. Mirren,Scotland
Michele Anaclerio,63,RB,,0,,2,61,50,51,47,62,63,"178cm | 5'10""",0,-,-,Piacenza,Italy
Karim Djellabi,63,LM,,0,,2,65,48,62,53,67,54,"169cm | 5'7""",0,-,-,Angers SCO,France
Andy Butler,63,CB,,0,,3,65,26,45,36,64,63,"183cm | 6'0""",0,-,-,Huddersfield Town,England
Davide Caremi,63,CAM,,0,,3,63,56,61,64,57,58,"180cm | 5'11""",0,-,-,Frosinone,Italy
Christian Maicon Hening,63,CDM,,0,,3,67,43,59,53,75,74,"185cm | 6'1""",0,-,-,Eintracht Frankfurt,Brazil
Igor Gjuzelov,63,CB,,0,,3,56,37,47,40,66,60,"185cm | 6'1""",0,-,-,KSV Cercle Brugge,FYR Macedonia
Karol Kisel,63,RM,,0,,4,62,61,56,62,60,54,"173cm | 5'8""",0,-,-,Sydney FC,Slovakia
Aleksander Kwiek,63,CDM,,0,,3,62,57,60,63,58,52,"176cm | 5'9""",0,-,-,Odra Wodzisław,Poland
José Antonio García Rabasco,63,CM,,0,,4,60,59,63,53,59,61,"182cm | 6'0""",0,-,-,Albacete Balompié,Spain
Iosu Iglesias Oxandategi,63,CB,,0,,3,62,38,47,40,63,74,"177cm | 5'10""",0,-,-,Real Unión Club Irún,Spain
Hakan Bayraktar,63,CDM,,0,,3,69,47,63,57,62,58,"174cm | 5'9""",0,-,-,Gaziantepspor,Turkey
Christian Schwegler,63,RB,,0,,4,58,41,61,48,62,66,"177cm | 5'10""",0,-,-,FC Red Bull Salzburg,Switzerland
Rodrigo Gimeno Molina,63,CDM,,0,,3,60,46,65,55,70,66,"180cm | 5'11""",0,-,-,Hércules C.F.,Spain
Xabier Otermin Jiménez,63,GK,,0,,3,59,64,58,62,56,60,"181cm | 5'11""",0,-,-,Real Unión Club Irún,Spain
Juan Pablo de Miguel Bravo,63,CB,,0,,3,55,49,56,48,64,66,"180cm | 5'11""",0,-,-,U.D. Las Palmas,Spain
Aritz López Garai,63,CDM,,0,,3,61,49,64,50,68,58,"182cm | 6'0""",0,-,-,R.C. Celta,Spain
Santiago Santos Amores,63,CB,,0,,3,59,45,39,35,65,71,"182cm | 6'0""",0,-,-,F.C. Cartagena,Spain
Miguel Angel González González,63,CB,,0,,3,58,45,36,53,64,60,"185cm | 6'1""",0,-,-,Girona C.F.,Spain
Antonio Longás Ferrer,63,CM,,0,,3,65,53,65,62,53,54,"174cm | 5'9""",0,-,-,F.C. Cartagena,Spain
Eduardo Caballer Bel,63,CB,,0,,4,60,42,55,49,62,64,"181cm | 5'11""",0,-,-,Villarreal B,Spain
Rubén,63,GK,,0,,3,68,61,50,61,47,65,"187cm | 6'2""",0,-,-,F.C. Cartagena,Spain
Florin Lovin,63,CDM,,0,,3,60,48,63,59,67,65,"190cm | 6'3""",0,-,-,TSV 1860 München,Romania
Jacek Kowalczyk,63,CB,,0,,3,59,41,52,46,63,66,"184cm | 6'0""",0,-,-,Odra Wodzisław,Poland
Mattia Graffiedi,63,ST,,0,,3,62,59,47,63,56,64,"180cm | 5'11""",0,-,-,Piacenza,Italy
Angelo Iorio,63,RB,,0,,2,63,47,46,49,62,63,"180cm | 5'11""",0,-,-,Piacenza,Italy
Carl Valeri,63,CM,,0,,3,66,46,63,67,59,63,"176cm | 5'9""",0,-,-,Grosseto,Australia
Philipp Heithölter,63,LM,,0,,3,68,66,59,58,49,58,"180cm | 5'11""",0,-,-,SC Paderborn 07,Germany
Ahmet Kuru,63,ST,,0,,4,69,56,52,63,57,60,"178cm | 5'10""",0,-,-,Antalyaspor,Turkey
Dominick Kumbela,63,ST,,0,,3,80,53,42,67,45,48,"172cm | 5'8""",0,-,-,Rot-Weiß Ahlen,DR Congo
Jean-François Rivière,63,ST,,0,,4,65,58,66,58,44,60,"180cm | 5'11""",0,-,-,AC Ajaccio,France
James Coppinger,63,RM,,0,,3,76,48,62,67,51,49,"170cm | 5'7""",0,-,-,Doncaster Rovers,England
Jonas Troest,63,CB,,0,,3,68,26,48,29,64,65,"185cm | 6'1""",0,-,-,Odense Boldklub,Denmark
Henrik Ipsen,63,GK,,0,,3,51,68,63,65,62,55,"187cm | 6'2""",0,-,-,SønderjyskE,Denmark
Ludwin Van Nieuwenhuyze,63,CDM,,0,,4,58,55,61,52,68,60,"184cm | 6'0""",0,-,-,SV Zulte-Waregem,Belgium
Wouter Biebauw,63,GK,,0,,3,63,57,52,68,45,59,"188cm | 6'2""",0,-,-,KV Mechelen,Belgium
David Vandenbroeck,63,CB,,0,,3,57,40,52,46,65,62,"185cm | 6'1""",0,-,-,KV Kortrijk,Belgium
Gabriel Zakuani,63,CB,,0,,3,66,19,33,38,66,58,"185cm | 6'1""",0,-,-,Peterborough United,DR Congo
Olivier Occèan,63,ST,,0,,3,69,61,39,50,58,76,"186cm | 6'1""",0,-,-,Lillestrøm SK,Canada
Jonathan Douglas,63,CM,,0,,3,61,42,68,61,63,44,"180cm | 5'11""",0,-,-,Swindon Town,Republic of Ireland
Grzegorz Wojtkowiak,63,LB,,0,,4,66,40,56,51,61,62,"184cm | 6'0""",0,-,-,Lech Poznań,Poland
Aleksander Ptak,63,GK,,0,,2,71,64,46,57,56,63,"186cm | 6'1""",0,-,-,Zagłębie Lubin,Poland
Sang Ho Lee,63,RB,,0,,3,65,44,50,47,62,53,"175cm | 5'9""",0,-,-,Jeju United FC,Korea Republic
Paweł Sobolewski,63,LM,,0,,4,73,56,60,64,47,42,"175cm | 5'9""",0,-,-,Korona Kielce,Poland
Jorge Molina,63,ST,,0,,4,63,56,52,62,56,76,"188cm | 6'2""",0,-,-,Elche C.F.,Spain
Nicola Ferrari,63,ST,,0,,3,63,62,50,58,59,58,"183cm | 6'0""",0,-,-,Albinoleffe,Italy
Rob Jones,63,CB,,0,,3,43,26,44,40,69,83,"201cm | 6'7""",0,-,-,Scunthorpe United,England
Craig Mackail-Smith,63,ST,,0,,3,69,59,52,58,48,54,"178cm | 5'10""",0,-,-,Peterborough United,England
Young Ki Min,63,CB,,0,,2,51,44,47,52,65,64,"182cm | 6'0""",0,-,-,Busan I'Park,Korea Republic
Ji Soo Hwang,63,CDM,,0,,2,60,50,64,62,63,66,"175cm | 5'9""",0,-,-,Pohang Steelers,Korea Republic
Tae-You Han,63,CDM,,0,,2,61,48,61,64,66,71,"186cm | 6'1""",0,-,-,FC Seoul,Korea Republic
Dong Hyun Kim,63,ST,,0,,2,61,62,45,58,59,70,"188cm | 6'2""",0,-,-,GyeongNam FC,Korea Republic
Piotr Celeban,63,RB,,0,,3,65,49,43,54,60,75,"181cm | 5'11""",0,-,-,Śląsk Wrocław,Poland
Marc Edworthy,63,RB,,0,,3,55,43,57,38,65,66,"179cm | 5'10""",0,-,-,Burton Albion,England
Tuomo Turunen,63,CB,,0,,3,66,42,61,47,61,62,"183cm | 6'0""",0,-,-,I. Göteborg,Finland
Mario Hernández Lash,63,CB,,0,,1,60,44,55,35,64,56,"182cm | 6'0""",0,-,-,Atlante,Mexico
Zesh Rehman,63,CB,,0,,3,56,34,44,36,66,70,"189cm | 6'2""",0,-,-,Bradford City,Pakistan
Carlitos,63,RM,,0,,3,79,57,55,68,48,52,"175cm | 5'9""",0,-,-,FC Basel 1893,Portugal
Yüksel Sariyar,63,CM,,0,,4,73,54,60,71,49,48,"182cm | 6'0""",0,-,-,SC Magna Wiener Neustadt,Austria
Adam Barrett,63,CB,,0,,4,53,25,33,33,68,73,"178cm | 5'10""",0,-,-,Southend United,England
Jamie Mackie,63,ST,,0,,3,70,58,40,64,58,58,"178cm | 5'10""",0,-,-,Plymouth Argyle,Scotland
Vincenzo Sommese,63,LW,,0,,3,75,56,51,62,54,49,"174cm | 5'9""",0,-,-,Ascoli,Italy
Enoch Showunmi,63,ST,,0,,3,77,55,39,66,60,56,"196cm | 6'5""",0,-,-,Leeds United,Nigeria
Jan Mauersberger,63,CB,,0,,4,56,26,46,28,67,64,"194cm | 6'4""",0,-,-,SpVgg Greuther Fürth,Germany
Laurent Ciman,63,CB,,0,,3,65,50,50,38,62,66,"180cm | 5'11""",0,-,-,KV Kortrijk,Belgium
Roberto Cortellini,63,LW,,0,,3,74,52,74,56,66,62,"182cm | 6'0""",0,-,-,Modena,Italy
Gaetano Caridi,63,CM,,0,,3,74,48,60,66,56,48,"176cm | 5'9""",0,-,-,Mantova,Italy
Maurizio Peccarisi,63,CB,,0,,2,38,41,41,40,71,75,"192cm | 6'4""",0,-,-,Salerno,Italy
Kalifa Cissé,63,CDM,,0,,3,64,44,58,59,75,68,"186cm | 6'1""",0,-,-,Reading,Mali
Alan Tate,63,CB,,0,,3,59,43,47,47,64,61,"185cm | 6'1""",0,-,-,Swansea City,England
Benoît Costil,63,GK,,0,,3,61,59,57,63,46,62,"186cm | 6'1""",0,-,-,CS Sedan Ardennes,France
Sandro Burki,63,CF,,0,,3,69,54,64,63,64,52,"187cm | 6'2""",0,-,-,FC Aarau,Switzerland
Marco Schneuwly,63,ST,,0,,3,62,62,50,62,56,56,"181cm | 5'11""",0,-,-,BSC Young Boys,Switzerland
Roberto Garcia Cabello,63,ST,,0,,4,57,62,43,59,63,75,"190cm | 6'3""",0,-,-,Club Gimnàstic,Spain
Abraham González,63,CM,,0,,3,61,60,61,60,59,50,"178cm | 5'10""",0,-,-,Cádiz CF,Spain
Andrea Russotto,63,CAM,,0,,4,75,56,62,70,43,56,"174cm | 5'9""",0,-,-,AC Bellinzona,Italy
Stiven Rivic,63,RM,,0,,3,68,56,63,61,49,58,"181cm | 5'11""",0,-,-,Energie Cottbus,Croatia
Jiri Koubsky,63,CB,,0,,3,55,56,59,50,63,64,"195cm | 6'5""",0,-,-,FC St. Gallen,Czech Republic
Luke Chambers,63,CB,,0,,3,63,22,45,32,66,66,"185cm | 6'1""",0,-,-,Nottingham Forest,England
Kenneth Van Goethem,63,RB,,0,,3,70,52,57,55,58,54,"179cm | 5'10""",0,-,-,KV Mechelen,Belgium
Lenny Pidgeley,63,GK,,0,,3,61,64,63,64,53,53,"191cm | 6'3""",0,-,-,Carlisle United,England
Kevan Hurst,63,LM,,0,,4,69,41,70,65,50,48,"178cm | 5'10""",0,-,-,Carlisle United,England
Andy Jackson,63,ST,,0,,3,65,58,51,64,47,58,"178cm | 5'10""",0,-,-,St. Johnstone FC,Scotland
Stuart Fleetwood,63,ST,,0,,3,65,59,50,67,48,52,"173cm | 5'8""",0,-,-,Exeter City,Wales
Arran Lee-Barrett,63,GK,,0,,3,70,49,54,72,56,52,"188cm | 6'2""",0,-,-,Ipswich Town,England
Peter Franquart,63,CB,,0,,3,57,53,58,53,63,59,"182cm | 6'0""",0,-,-,Royal Charleroi SC,France
Joe Anyinsah,63,RW,,0,,4,79,54,54,59,52,54,"178cm | 5'10""",0,-,-,Carlisle United,England
Marc Tierney,63,LB,,0,,3,59,30,43,49,66,48,"183cm | 6'0""",0,-,-,Colchester United,England
Mohamed Chakouri,63,CB,,0,,3,63,51,53,56,61,60,"181cm | 5'11""",0,-,-,Royal Charleroi SC,France
Fatih Atik,63,CM,,0,,3,63,57,58,64,61,51,"172cm | 5'8""",0,-,-,Tours FC,France
Tomasz Brzyski,63,LWB,,0,,3,66,67,63,58,58,55,"170cm | 5'7""",0,-,-,Ruch Chorzów,Poland
Steven Jennings,63,CM,,0,,3,54,48,67,67,64,52,"170cm | 5'7""",0,-,-,Motherwell,England
Marcos Tébar Ramiro,63,CM,,0,,3,69,49,63,55,58,57,"185cm | 6'1""",0,-,-,Real Madrid C.F.,Spain
Michele Troiano,63,LW,,0,,3,53,64,60,59,56,55,"187cm | 6'2""",0,-,-,Modena,Italy
Félix Quero López,63,RW,,0,,3,70,58,58,61,46,50,"171cm | 5'7""",0,-,-,Real Unión Club Irún,Spain
Dino Fava Passaro,63,ST,,0,,3,66,58,46,57,56,71,"184cm | 6'0""",0,-,-,Salerno,Italy
Brian McLean,63,CB,,0,,3,55,24,44,53,67,64,"188cm | 6'2""",0,-,-,Falkirk,Northern Ireland
Miguel Pérez Cuesta,63,CAM,,0,,3,64,56,66,58,51,51,"185cm | 6'1""",0,-,-,R.C. Celta,Spain
Emanuele Pesoli,63,CB,,0,,3,55,36,49,41,66,66,"187cm | 6'2""",0,-,-,Cittadella,Italy
Gary Dicker,63,CM,,0,,3,66,48,66,59,56,56,"183cm | 6'0""",0,-,-,Brighton &amp; Hove Albion,Republic of Ireland
Marcin Drzymont,63,CB,,0,,3,58,47,53,45,64,62,"188cm | 6'2""",0,-,-,GKS Bełchatów,Poland
Jason Kennedy,63,CM,,0,,3,70,55,54,58,63,53,"185cm | 6'1""",0,-,-,Rochdale,England
Jin Sung Hwang,63,CAM,,0,,2,64,60,60,66,52,40,"177cm | 5'10""",0,-,-,Pohang Steelers,Korea Republic
Yoo Suk Jung,63,GK,,0,,3,65,63,61,57,52,60,"186cm | 6'1""",0,-,-,Busan I'Park,Korea Republic
Gerald Sibeko,63,CM,,0,,3,59,57,65,58,58,57,"189cm | 6'2""",0,-,-,Kaizer Chiefs,South Africa
David Mathebula,63,CAM,,0,,3,52,57,70,62,56,50,"168cm | 5'6""",0,-,-,Kaizer Chiefs,South Africa
Róbert Waltner,63,ST,,0,,5,59,61,53,57,54,68,"184cm | 6'0""",0,-,-,SV Mattersburg,Hungary
Federico Almerares,63,ST,,0,,3,59,58,57,63,48,71,"183cm | 6'0""",0,-,-,FC Basel 1893,Argentina
Lucas Bongane Thwala,63,CB,,0,,3,55,38,56,48,65,54,"171cm | 5'7""",0,-,-,Orlando Pirates,South Africa
Lewis Gobern,63,RM,,0,,3,72,54,55,66,58,42,"178cm | 5'10""",0,-,-,Milton Keynes Dons,England
Sören Halfar,63,LWB,,0,,3,66,43,58,58,60,61,"176cm | 5'9""",0,-,-,SC Paderborn 07,Germany
Torsten Oehrl,63,ST,,0,,3,67,61,45,55,51,64,"191cm | 6'3""",0,-,-,Werder Bremen,Germany
Daniel Adlung,63,RM,,0,,4,69,52,66,67,47,56,"179cm | 5'10""",0,-,-,Alemannia Aachen,Germany
Juri Judt,63,CDM,,0,,3,71,34,65,61,67,47,"173cm | 5'8""",0,-,-,1. FC Nürnberg,Kazakhstan
Ryan Bertrand,63,LB,,0,,3,74,36,54,57,59,49,"179cm | 5'10""",0,-,-,Reading,England
Shaun Cummings,63,RWB,,0,,3,72,45,58,57,58,52,"183cm | 6'0""",0,-,-,Reading,England
Byron Moore,63,ST,,0,,4,81,51,50,67,41,49,"183cm | 6'0""",0,-,-,Crewe Alexandra,England
Rory McArdle,63,CB,,0,,3,66,22,28,23,67,68,"185cm | 6'1""",0,-,-,Rochdale,England
Theo Robinson,63,ST,,0,,3,83,56,38,68,51,40,"174cm | 5'9""",0,-,-,Huddersfield Town,England
Mark Little,63,LB,,0,,3,72,26,54,39,61,62,"180cm | 5'11""",0,-,-,Wolverhampton Wanderers,England
Stephen Gleeson,63,CAM,,0,,4,69,49,63,53,59,48,"188cm | 6'2""",0,-,-,Milton Keynes Dons,Republic of Ireland
Krzysztof Nykiel,63,LB,,0,,3,66,48,59,49,60,54,"186cm | 6'1""",0,-,-,Ruch Chorzów,Poland
Alex Nicholls,63,ST,,0,,3,83,53,49,65,32,46,"178cm | 5'10""",0,-,-,Walsall,England
Cole Skuse,63,CM,,0,,3,64,49,60,61,66,62,"185cm | 6'1""",0,-,-,Bristol City,England
Paul Huntington,63,CB,,0,,3,67,34,47,37,62,64,"191cm | 6'3""",0,-,-,Leeds United,England
Jan Zimmermann,63,GK,,0,,3,65,62,52,61,64,62,"190cm | 6'3""",0,-,-,Eintracht Frankfurt,Germany
Josep Maria Comadevall Crous,63,CF,,0,,3,69,57,55,62,40,51,"171cm | 5'7""",0,-,-,U.D. Las Palmas,Spain
Javier Flores Santacruz,63,CF,,0,,3,71,53,56,67,43,54,"170cm | 5'7""",0,-,-,Córdoba C.F.,Spain
Borja Rubiato Martínez,63,ST,,0,,3,69,62,45,49,45,68,"182cm | 6'0""",0,-,-,S.D. Huesca,Spain
Kevin Lejeune,63,LB,,0,,3,61,44,49,61,63,50,"181cm | 5'11""",0,-,-,AJ Auxerre,France
Oualid Mokhtari,63,RM,,0,,3,73,54,61,64,50,52,"180cm | 5'11""",0,-,-,FSV Frankfurt,Germany
James Troisi,63,CAM,,0,,3,74,60,53,65,52,52,"178cm | 5'10""",0,-,-,Kayserispor,Australia
David Zurutuza Veillet,63,CM,,0,,3,68,53,61,57,58,67,"184cm | 6'0""",0,-,-,Real Sociedad,France
Ahmed Kantari,63,CB,,0,,3,68,34,52,47,61,64,"185cm | 6'1""",0,-,-,Stade Brestois 29,Morocco
Brett Pitman,63,ST,,0,,3,73,63,32,59,46,55,"183cm | 6'0""",0,-,-,Bournemouth,England
Marcos Painter,63,LB,,0,,3,60,29,57,51,64,58,"183cm | 6'0""",0,-,-,Swansea City,Republic of Ireland
Danny Livesey,63,CB,,0,,3,60,30,33,50,65,69,"188cm | 6'2""",0,-,-,Carlisle United,England
Zlatko Junuzovic,63,CAM,,0,,5,74,60,53,81,46,59,"172cm | 5'8""",0,-,-,FK Austria Wien,Austria
John Paul Kissock,63,CM,,0,,4,74,56,55,71,53,48,"173cm | 5'8""",0,-,-,Hamilton Academicals,England
Lee Sawyer,63,CM,,0,,3,75,57,58,65,50,34,"176cm | 5'9""",0,-,-,Southend United,England
Branimir Bajić,63,CB,,0,,3,58,33,36,32,67,64,"186cm | 6'1""",0,-,-,Denizlispor,Bosnia Herzegovina
Darren Smith,63,RF,,0,,3,68,55,48,64,48,68,"183cm | 6'0""",0,-,-,Motherwell,Scotland
Michael Spillane,63,RB,,0,,3,63,33,51,48,63,67,"188cm | 6'2""",0,-,-,Norwich City,Republic of Ireland
Bertin Tomou Bayard,63,ST,,0,,3,63,61,49,54,62,70,"189cm | 6'2""",0,-,-,KVC Westerlo,Cameroon
Rene Gilmartin,63,GK,,0,,3,70,54,54,65,52,58,"196cm | 6'5""",0,-,-,Walsall,Republic of Ireland
Martin Douillard,63,LM,,0,,3,68,60,65,57,48,60,"173cm | 5'8""",0,-,-,Clermont Foot Auvergne 63,France
Mario Mutsch,63,LB,,0,,3,60,55,57,59,61,58,"173cm | 5'8""",0,-,-,FC Metz,Luxemburg
Rafal Boguski,63,CF,,0,,3,68,58,58,59,58,52,"173cm | 5'8""",0,-,-,Wisła Kraków,Poland
Jung Rae Lee,63,GK,,0,,2,68,62,61,56,38,58,"185cm | 6'1""",0,-,-,Gwangju Sangmu FC,Korea Republic
Sun Tae Kwoun,63,GK,,0,,2,60,61,62,61,39,62,"183cm | 6'0""",0,-,-,Jeonbuk Hyundai Motors,Korea Republic
Mattias Östberg,63,CB,,0,,3,45,28,39,35,71,64,"190cm | 6'3""",0,-,-,BK Häcken,Sweden
Liam Dickinson,63,ST,,0,,3,70,62,43,53,56,60,"193cm | 6'4""",0,-,-,Brighton &amp; Hove Albion,England
Lukas Jutkiewicz,63,ST,,0,,4,73,62,34,49,47,70,"186cm | 6'1""",0,-,-,Motherwell,England
Ederson Tormena,63,CM,,0,,2,59,58,57,65,66,68,"186cm | 6'1""",0,-,-,KRC Genk,Brazil
Nick Ward,63,CAM,,0,,3,68,58,60,61,53,51,"183cm | 6'0""",0,-,-,Melbourne Victory FC,Australia
Xavier Hochstrasser,63,CDM,,0,,3,62,58,57,60,64,62,"180cm | 5'11""",0,-,-,BSC Young Boys,Switzerland
Christian Pouga,63,ST,,0,,2,68,56,50,60,51,69,"193cm | 6'4""",0,-,-,Leixões SC,Cameroon
Jéfferson Andrade Siqueira,63,ST,,0,,3,67,59,44,60,54,63,"189cm | 6'2""",0,-,-,Frosinone,Brazil
David Vrzogic,63,LB,,0,,3,74,44,58,55,59,48,"180cm | 5'11""",0,-,-,Borussia Dortmund,Germany
Antonio Ghomsi,63,LWB,,0,,2,64,44,55,47,61,58,"180cm | 5'11""",0,-,-,KV Mechelen,Cameroon
Maxime Brillault,63,CB,,0,,2,61,38,42,37,65,57,"188cm | 6'2""",0,-,-,Royal Charleroi SC,France
Romain Gasmi,63,CAM,,0,,4,63,62,62,64,50,55,"176cm | 5'9""",0,-,-,RC Strasbourg,France
Salvatore Foti,63,ST,,0,,4,69,57,54,57,52,68,"192cm | 6'4""",0,-,-,Sampdoria,Italy
Dong-Hyun Seo,63,ST,,0,,3,65,58,51,60,56,67,"188cm | 6'2""",0,-,-,Suwon Samsung Bluewings,Korea Republic
Diego Sehnem Viana,63,ST,,0,,4,69,61,40,60,50,55,"182cm | 6'0""",0,-,-,SC Magna Wiener Neustadt,Brazil
Adán,63,GK,,0,,2,64,68,47,63,47,62,"191cm | 6'3""",0,-,-,Real Madrid C.F.,Spain
Giannis Arabatzis,63,GK,,0,,3,61,53,62,64,37,63,"192cm | 6'4""",0,-,-,AEK Athens,Greece
Yoni Buyens,63,CM,,0,,3,67,51,60,60,61,65,"182cm | 6'0""",0,-,-,KV Mechelen,Belgium
Stephen Darby,63,RB,,0,,3,67,40,49,46,62,50,"173cm | 5'8""",0,-,-,Liverpool,England
Arnaud Sutchuin-Djoum,63,RM,,0,,3,74,53,58,65,55,58,"183cm | 6'0""",0,-,-,Roda JC,Cameroon
Krzysztof Król,63,LB,,0,,3,63,34,52,45,63,62,"183cm | 6'0""",0,-,-,Jagiellonia Białystok,Poland
Karol Kostrubała,63,ST,,0,,5,84,55,40,55,52,58,"184cm | 6'0""",0,-,-,Cracovia Kraków,Poland
George Boyd,63,LW,,0,,3,79,54,52,71,42,34,"186cm | 6'1""",0,-,-,Peterborough United,England
Moses Adams,63,CAM,,0,,3,67,57,63,66,50,60,"183cm | 6'0""",0,-,-,KVC Westerlo,Nigeria
Ali Fuseini,63,CAM,,0,,4,74,53,55,64,59,47,"177cm | 5'10""",0,-,-,Millwall,Ghana
David Perkins,63,CM,,0,,3,68,53,55,67,61,46,"168cm | 5'6""",0,-,-,Colchester United,England
Tae Goon Ha,63,ST,,0,,3,63,60,45,61,54,68,"187cm | 6'2""",0,-,-,Suwon Samsung Bluewings,Korea Republic
Abdul-Yakuni Iddi,63,CAM,,0,,4,65,56,62,72,48,55,"173cm | 5'8""",0,-,-,KV Mechelen,Ghana
Tommy Elphick,63,CB,,0,,2,65,40,49,46,61,67,"188cm | 6'2""",0,-,-,Brighton &amp; Hove Albion,England
Adrian Leijer,63,CB,,0,,2,55,47,59,58,63,54,"186cm | 6'1""",0,-,-,Melbourne Victory FC,Australia
Tarek Elrich,63,RM,,0,,1,77,61,49,69,52,32,"180cm | 5'11""",0,-,-,Newcastle United Jets FC,Australia
Ondřej Kúdela,63,CDM,,0,,3,68,54,56,57,64,64,"183cm | 6'0""",0,-,-,Mladá Boleslav,Czech Republic
Jay O'Shea,63,RW,,0,,3,74,58,52,62,44,46,"174cm | 5'9""",0,-,-,Birmingham City,Republic of Ireland
Jakub Řezníček,63,CF,,0,,3,64,59,55,62,52,54,"186cm | 6'1""",0,-,-,Mladá Boleslav,Czech Republic
Aleš Škerle,63,CB,,0,,3,68,47,48,41,61,66,"188cm | 6'2""",0,-,-,Sigma Olomouc,Czech Republic
Jon Persson,63,RB,,0,,3,54,42,55,31,67,50,"182cm | 6'0""",0,-,-,IF Brommapojkarna,Sweden
Jiří Bílek,63,CDM,,0,,3,63,56,58,60,64,66,"183cm | 6'0""",0,-,-,1. FC Kaiserslautern,Czech Republic
Pär Asp,63,CB,,0,,2,64,37,42,35,63,64,"181cm | 5'11""",0,-,-,IF Brommapojkarna,Sweden
Imad Chhadeh,63,CDM,,0,,4,58,55,64,60,63,48,"180cm | 5'11""",0,-,-,IF Brommapojkarna,Syria
Lukáš Killar,63,CB,,0,,2,48,40,34,52,69,57,"191cm | 6'3""",0,-,-,Polonia Bytom,Czech Republic
Andreas Landgren,63,CDM,,0,,3,69,48,60,56,67,66,"176cm | 5'9""",0,-,-,Helsingborgs IF,Sweden
Gaetano Berardi,63,CB,,0,,3,70,42,54,49,60,57,"179cm | 5'10""",0,-,-,Brescia,Switzerland
Mark Beevers,63,CB,,0,,2,66,36,40,50,61,68,"193cm | 6'4""",0,-,-,Sheffield Wednesday,England
András Simon,63,ST,,0,,3,70,60,46,61,33,47,"183cm | 6'0""",0,-,-,Córdoba C.F.,Hungary
Michał Zieliński,63,CF,,0,,3,66,61,48,62,31,55,"183cm | 6'0""",0,-,-,Polonia Bytom,Poland
Heinrich Schmidtgal,63,LM,,0,,3,68,51,60,62,58,54,"174cm | 5'9""",0,-,-,Rot-Weiß Oberhausen,Germany
Troy Deeney,63,ST,,0,,3,83,52,41,67,52,52,"180cm | 5'11""",0,-,-,Walsall,England
Krystian Pearce,63,CB,,0,,3,76,26,43,37,61,67,"185cm | 6'1""",0,-,-,Peterborough United,England
Marc Laird,63,CM,,0,,3,68,52,64,66,49,46,"185cm | 6'1""",0,-,-,Millwall,Scotland
Edoardo Braiati,63,CM,,0,,3,63,47,66,64,57,48,"177cm | 5'10""",0,-,-,Vicenza,Italy
Sebastiaan van der Sman,63,GK,,0,,2,59,66,68,54,67,57,"187cm | 6'2""",0,-,-,Vitesse,Netherlands
Torben Joneleit,63,CB,,0,,2,61,29,38,39,65,70,"186cm | 6'1""",0,-,-,KRC Genk,Germany
Georges Mandjeck,63,CDM,,0,,4,72,37,59,70,65,52,"183cm | 6'0""",0,-,-,1. FC Kaiserslautern,Cameroon
Chris Herd,63,CDM,,0,3.0,3,74,53,61,57,53,40,"173cm | 5'8""",0,-,-,Aston Villa,Australia
Bilal Aziz,63,CAM,,0,,3,71,51,64,65,48,46,"177cm | 5'10""",0,-,-,Kayserispor,Turkey
Gaetano Manno,63,CF,,0,,4,71,54,55,66,41,53,"176cm | 5'9""",0,-,-,SC Paderborn 07,Italy
Arne Feick,63,LM,,0,,3,67,51,59,64,60,62,"180cm | 5'11""",0,-,-,Arminia Bielefeld,Germany
Max Kruse,63,CAM,,0,,4,64,52,61,66,57,60,"181cm | 5'11""",0,-,-,FC St. Pauli,Germany
José-Alex Ikeng,63,CDM,,0,,4,78,31,61,62,67,50,"188cm | 6'2""",0,-,-,Werder Bremen,Germany
Emanuele Terranova,63,CB,,0,,3,62,37,50,43,63,68,"180cm | 5'11""",0,-,-,Lecce,Italy
Nils Fischer,63,CB,,0,,3,67,33,48,44,62,64,"183cm | 6'0""",0,-,-,Arminia Bielefeld,Germany
Mark Howard,63,GK,,0,,1,62,64,57,61,36,62,"183cm | 6'0""",0,-,-,St. Mirren,England
Tshepo Bulu,63,ST,,0,,3,65,60,47,61,47,64,"172cm | 5'8""",0,-,-,Kaizer Chiefs,South Africa
Moses Swaibu,63,CB,,0,,3,82,39,26,34,59,55,"188cm | 6'2""",0,-,-,Lincoln City,England
Ángel Martínez Cervera,63,CM,,0,,2,63,54,63,63,55,49,"176cm | 5'9""",0,-,-,Rayo Vallecano,Spain
Mehdi Carcela-Gonzalez,63,LM,,0,,4,65,55,63,70,49,40,"175cm | 5'9""",0,-,-,Standard de Liège,Belgium
Jan Lecjaks,63,LB,,0,,2,68,35,58,57,60,56,"180cm | 5'11""",0,-,-,Viktoria Plzeň ,Czech Republic
Jin Hyung Song,63,CAM,,0,,5,68,62,62,63,43,34,"175cm | 5'9""",0,-,-,Newcastle United Jets FC,Korea Republic
Eros Corradini,63,GK,,0,,1,58,67,64,61,21,64,"191cm | 6'3""",0,-,-,Grosseto,Italy
Chris Dickson,63,ST,,0,,3,78,56,42,65,38,48,"177cm | 5'10""",0,-,-,Charlton Athletic,Ghana
Hal Robson-Kanu,63,RW,,0,,3,75,57,56,65,36,40,"170cm | 5'7""",0,-,-,Reading,England
Jem Karacan,63,CM,,0,,3,71,50,63,58,56,51,"178cm | 5'10""",0,-,-,Reading,Turkey
Denis Tonucci,63,CB,,0,,2,73,37,30,43,62,57,"182cm | 6'0""",0,-,-,Piacenza,Italy
Stephen McGinn,63,CAM,,0,,2,68,61,58,66,53,37,"175cm | 5'9""",0,-,-,St. Mirren,Scotland
Bart Biemans,63,CB,,0,,3,67,29,45,47,61,75,"183cm | 6'0""",0,-,-,Willem II,Belgium
Iñigo Sarasola Laskurain,63,LWB,,0,,4,66,47,52,46,61,66,"182cm | 6'0""",0,-,-,Real Sociedad,Spain
Prince Buaben,63,CAM,,0,,2,67,41,62,68,65,42,"176cm | 5'9""",0,-,-,Dundee United,Ghana
Mariano Martin Donda,63,CM,,0,,2,56,62,62,54,63,60,"178cm | 5'10""",0,-,-,Bari,Argentina
Mirko Guadalupi,63,CAM,,0,,3,58,56,67,67,54,44,"184cm | 6'0""",0,-,-,Siena,Italy
Grzegorz Baran,63,CB,,0,,3,57,29,53,46,65,61,"186cm | 6'1""",0,-,-,Ruch Chorzów,Poland
Mikel San José,63,CB,,0,,3,63,25,55,49,63,66,"183cm | 6'0""",0,-,-,Athletic Club de Bilbao,Spain
Lee Hills,63,LB,,0,,3,78,38,50,57,58,50,"179cm | 5'10""",0,-,-,Crystal Palace,England
Thomas Cruise,63,CB,,0,,3,54,50,43,23,67,73,"186cm | 6'1""",0,-,-,Arsenal,England
Ibrahim Maaroufi,63,CAM,,0,,3,67,58,59,60,54,56,"183cm | 6'0""",0,-,-,AC Bellinzona,Morocco
Alberto,63,GK,,0,,3,58,60,66,65,28,58,"182cm | 6'0""",0,-,-,Córdoba C.F.,Spain
Montoro,63,CM,,0,,3,63,50,64,62,60,65,"182cm | 6'0""",0,-,-,Real Unión Club Irún,Spain
Fabio Daprelà,63,LB,,0,,3,72,39,55,53,60,48,"180cm | 5'11""",0,-,-,West Ham United,Switzerland
Alexander Büttner,63,LW,,0,,2,71,51,64,65,54,62,"174cm | 5'9""",0,-,-,Vitesse,Netherlands
Seung-Yeoul Lee,63,CF,,0,,3,65,57,49,64,50,68,"182cm | 6'0""",0,-,-,FC Seoul,Korea Republic
Hyun-Bem Park,63,CDM,,0,,3,61,55,62,59,62,68,"194cm | 6'4""",0,-,-,Suwon Samsung Bluewings,Korea Republic
Gaetano Masucci,63,ST,,0,,3,69,58,46,58,45,69,"182cm | 6'0""",0,-,-,Sassuolo,Italy
Oscar,63,CAM,,0,,2,77,56,60,62,44,50,"179cm | 5'10""",0,-,-,São Paulo,Brazil
Marinko Miletic,63,CB,,0,,3,61,30,43,43,64,63,"193cm | 6'4""",0,-,-,Rot-Weiß Oberhausen,Germany
Thomas Schlieter,63,CB,,0,,3,62,40,44,41,64,68,"192cm | 6'4""",0,-,-,Rot-Weiß Oberhausen,Germany
Ifet Taljevic,63,CAM,,0,,4,71,56,55,69,56,57,"177cm | 5'10""",0,-,-,Neuchâtel Xamax,Germany
Zoran Rendulić,63,CB,,0,,3,54,32,46,43,68,56,"190cm | 6'3""",0,-,-,Grenoble Foot 38,Serbia
Joel Ekstrand,63,CB,,0,,2,57,38,59,43,64,62,"188cm | 6'2""",0,-,-,Helsingborgs IF,Sweden
Igor Lewczuk,63,RB,,0,,3,67,40,51,46,62,60,"187cm | 6'2""",0,-,-,Jagiellonia Białystok,Poland
Fábio do Passo Faria,63,CB,,0,,3,56,44,46,47,65,68,"185cm | 6'1""",0,-,-,Rio Ave FC,Portugal
Libor Kozák,63,ST,,0,,3,65,56,36,67,53,77,"192cm | 6'4""",0,-,-,Brescia,Czech Republic
Kevin Trapp,63,GK,,0,,3,61,62,63,59,56,59,"189cm | 6'2""",0,-,-,1. FC Kaiserslautern,Germany
Luca Siligardi,63,RW,,0,,4,69,55,60,65,53,51,"179cm | 5'10""",0,-,-,Triestina,Italy
Andrea Conti,63,ST,,0,,3,69,55,59,65,51,50,"178cm | 5'10""",0,-,-,AC Bellinzona,Italy
Francesco Caputo,63,ST,,0,,2,72,60,30,64,41,62,"178cm | 5'10""",0,-,-,Salerno,Italy
Paul Hanlon,63,LB,,0,,3,67,23,54,45,63,50,"180cm | 5'11""",0,-,-,Hibernian,Scotland
Fausto Rossi,63,RM,,0,,3,72,53,58,63,57,50,"175cm | 5'9""",0,-,-,Juventus,Italy
Dirceu Wiggers de Oliveira Filho,63,CDM,,0,,3,70,43,63,59,65,54,"183cm | 6'0""",0,-,-,Coritiba,Brazil
Peter Hricko,63,RB,,0,,4,62,38,36,40,65,58,"177cm | 5'10""",0,-,-,Polonia Bytom,Slovakia
Martyn Woolford,63,LW,,0,,3,71,58,57,63,48,45,"183cm | 6'0""",0,-,-,Scunthorpe United,England
Renan Rodrigues da Silva,63,CDM,,0,,3,65,48,65,43,67,62,"181cm | 5'11""",0,-,-,Atlético Paranaense,Brazil
Eduardo Bedia Peláez,63,CM,,0,,3,73,49,66,64,48,51,"184cm | 6'0""",0,-,-,Real Racing Club,Spain
Matteo Piccinni,63,LWB,,0,,3,67,36,54,45,61,62,"187cm | 6'2""",0,-,-,Albinoleffe,Italy
Gianmarco Campironi,63,GK,,0,,1,63,57,65,54,38,67,"188cm | 6'2""",0,-,-,Bologna,Italy
Dani Castellano,63,LM,,0,,3,75,55,53,73,52,52,"175cm | 5'9""",0,-,-,R.C.D. Mallorca,Spain
Etxeita,63,CB,,0,,3,62,32,42,47,63,66,"185cm | 6'1""",0,-,-,Athletic Club de Bilbao,Spain
Mamoutou N'Diaye,63,CB,,0,,3,62,53,56,65,59,63,"180cm | 5'11""",0,-,-,KAA Gent,Mali
Manuel Gulde,63,CB,,0,,3,72,40,53,45,59,63,"183cm | 6'0""",0,-,-,TSG 1899 Hoffenheim,Germany
Christopher Kullmann,63,ST,,0,,4,60,63,46,53,57,71,"187cm | 6'2""",0,-,-,Borussia Dortmund,Germany
Daniel Schulz,63,CB,,0,,3,59,33,40,34,65,68,"191cm | 6'3""",0,-,-,1. FC Union Berliln,Germany
Ricardo Weslei Campelo,63,ST,,0,,3,66,57,53,70,45,44,"177cm | 5'10""",0,-,-,Jeju United FC,Brazil
Henrique A. Caixeta Nascentes,63,ST,,0,,3,75,57,39,60,51,58,"177cm | 5'10""",0,-,-,São Paulo,Brazil
Chris Wood,63,ST,,0,,3,61,61,47,56,48,73,"191cm | 6'3""",0,-,-,West Bromwich Albion,New Zealand
Vinicius Silva Lopes Souto,63,ST,,0,,3,68,56,48,65,52,66,"184cm | 6'0""",0,-,-,BK Häcken,Brazil
Dominic Chatto Bashir Jamilu,63,CDM,,0,,3,65,50,58,56,70,60,"183cm | 6'0""",0,-,-,BK Häcken,Nigeria
Samuel Inkoom,63,RWB,,0,,3,70,41,62,61,58,52,"172cm | 5'8""",0,-,-,FC Basel 1893,Ghana
Renatinho,63,CAM,,0,,3,68,64,51,71,57,50,"167cm | 5'6""",0,-,-,Coritiba,Brazil
Diego Ochoa,63,CM,,0,,3,69,62,60,62,50,59,"171cm | 5'7""",0,-,-,Querétaro,Mexico
Jorge Galán Anaut,63,ST,,0,,3,69,58,47,64,49,55,"173cm | 5'8""",0,-,-,Club Atlético Osasuna,Spain
Carlos Miguel Gomes Almeida,63,CF,,0,,3,69,56,49,63,56,66,"183cm | 6'0""",0,-,-,Paços Ferreira,Portugal
Abdallah Khaleed Deeb Salim,63,CAM,,0,,4,61,60,64,62,52,50,"185cm | 6'1""",0,-,-,KV Mechelen,Jordan
Sebastian Zielinsky,63,ST,,0,,3,68,61,49,56,49,54,"183cm | 6'0""",0,-,-,1. FC Köln,Germany
Fabian Giefer,63,GK,,0,,3,66,63,49,66,40,60,"196cm | 6'5""",0,-,-,Bayer 04 Leverkusen,Germany
Alex De Moraes Gomes,63,CB,,0,,3,61,44,52,44,63,66,"193cm | 6'4""",0,-,-,Standard de Liège,Brazil
Daniel Pérez Moreno,63,RW,,0,,3,75,56,49,59,51,56,"180cm | 5'11""",0,-,-,F.C. Cartagena,Spain
Galán,63,RB,,0,,3,67,26,49,37,63,56,"181cm | 5'11""",0,-,-,Girona C.F.,Spain
José Manuel Barbosa Alves,63,RF,,0,,4,74,54,58,67,47,48,"175cm | 5'9""",0,-,-,Paços Ferreira,Portugal
Rafael Gómez Llorens,63,CF,,0,,3,67,58,52,62,47,62,"179cm | 5'10""",0,-,-,Elche C.F.,Spain
Valentín Brasca,63,GK,,0,,2,62,63,63,65,26,57,"180cm | 5'11""",0,-,-,Villarreal B,Argentina
Paul Slane,63,RW,,0,,2,72,54,57,66,61,50,"180cm | 5'11""",0,-,-,Motherwell,Scotland
David Targamadze,63,RM,,0,,3,69,56,62,64,48,42,"168cm | 5'6""",0,-,-,SC Freiburg,Georgia
Adriano José de Lara,63,CAM,,0,,3,67,58,64,61,48,58,"185cm | 6'1""",0,-,-,Rio Ave FC,Brazil
Borja Viguera,63,ST,,0,,4,64,59,51,62,47,56,"184cm | 6'0""",0,-,-,Real Sociedad,Spain
Iosu Esnaola Atxega,63,RB,,0,,3,63,42,46,46,63,63,"186cm | 6'1""",0,-,-,Real Sociedad,Spain
Laguardia,63,CB,,0,,3,70,32,44,41,62,66,"184cm | 6'0""",0,-,-,Real Zaragoza,Spain
Daniel Olcina Olcina,63,CAM,,0,,3,74,55,61,68,44,38,"179cm | 5'10""",0,-,-,Valencia C.F.,Spain
Isa Bagci,63,CF,,0,,3,72,57,46,62,43,62,"184cm | 6'0""",0,-,-,Bursaspor,Turkey
Adriano Grimaldi,63,ST,,0,2.0,4,71,57,42,61,41,64,"188cm | 6'2""",0,-,-,1. FSV Mainz 05,Italy
Chris Perry,61,CB,,0,,3,60,21,38,35,65,64,"172cm | 5'8""",0,-,-,Southampton,England
David Linarès,61,CDM,,0,,3,60,49,62,48,68,58,"181cm | 5'11""",0,-,-,Dijon FCO,France
Efetobore Sodje,61,CB,,0,,3,54,32,32,38,66,78,"185cm | 6'1""",0,-,-,Bury,Nigeria
Jon Daly,61,ST,,0,,2,61,58,34,63,46,75,"188cm | 6'2""",0,-,-,Dundee United,Republic of Ireland
Alan Mahon,61,LM,,0,,2,64,55,60,67,54,51,"170cm | 5'7""",0,-,-,Tranmere Rovers,Republic of Ireland
Andy Todd,61,CB,,0,,3,50,36,38,32,67,68,"178cm | 5'10""",0,-,-,Perth Glory FC,England
Steven McGarry,61,CF,,0,,3,61,58,54,63,55,60,"175cm | 5'9""",0,-,-,Motherwell,Scotland
Arnaud Le Lan,61,LB,,0,,3,57,42,67,40,62,57,"171cm | 5'7""",0,-,-,FC Lorient Bretagne Sud,France
Ulrik Laursen,61,CB,,0,,3,40,39,57,42,68,69,"190cm | 6'3""",0,-,-,FC København,Denmark
Andrew Sinkala,61,CDM,,0,,3,68,48,58,58,65,66,"175cm | 5'9""",0,-,-,FC Augsburg,Zambia
Massimo Colomba,61,GK,,0,,2,59,61,55,62,56,58,"191cm | 6'3""",0,-,-,FC Basel 1893,Switzerland
Colin Larkin,61,ST,,0,,4,68,55,48,65,42,52,"175cm | 5'9""",0,-,-,Hartlepool United,Republic of Ireland
Frédéric Page,61,RB,,0,,2,56,53,58,54,60,64,"184cm | 6'0""",0,-,-,Neuchâtel Xamax,Switzerland
Shane Duff,61,CB,,0,,4,59,24,21,30,67,70,"185cm | 6'1""",0,-,-,Cheltenham Town,Northern Ireland
Nathan Stanton,61,CB,,0,,3,62,26,36,41,64,60,"175cm | 5'9""",0,-,-,Rochdale,England
Jamie McCombe,61,CB,,0,,3,51,28,41,28,68,72,"196cm | 6'5""",0,-,-,Bristol City,England
Steve Foster,61,CB,,0,,4,46,19,37,28,70,66,"185cm | 6'1""",0,-,-,Darlington,England
Andy Warrington,61,GK,,0,,3,60,63,57,64,43,58,"191cm | 6'3""",0,-,-,Rotherham United,England
Richard Hastings,61,LB,,0,,3,60,16,60,47,63,65,"183cm | 6'0""",0,-,-,Hamilton Academicals,Canada
Gareth Roberts,61,LB,,0,,3,61,46,61,52,60,48,"173cm | 5'8""",0,-,-,Doncaster Rovers,Wales
Reuben Hazell,61,CB,,0,,3,68,28,23,41,63,66,"180cm | 5'11""",0,-,-,Oldham Athletic,England
Mark Allott,61,CM,,0,,3,58,47,66,57,60,52,"180cm | 5'11""",0,-,-,Chesterfield,England
Miguel Falcón García-Ramos,61,CM,,0,,3,64,50,66,58,54,56,"183cm | 6'0""",0,-,-,F.C. Cartagena,Spain
Kevin Nicholson,61,LB,,0,,3,57,44,53,52,62,57,"173cm | 5'8""",0,-,-,Torquay United,England
Kevin Maher,61,CM,,0,,3,53,53,61,59,66,60,"183cm | 6'0""",0,-,-,Gillingham,Republic of Ireland
Clark Keltie,61,CM,,0,,4,68,42,60,57,65,48,"180cm | 5'11""",0,-,-,Rochdale,England
Graeme Lee,61,CB,,0,,3,54,28,46,39,66,60,"188cm | 6'2""",0,-,-,Notts County,England
Antony Sweeney,61,CAM,,0,,4,65,47,61,55,64,65,"185cm | 6'1""",0,-,-,Hartlepool United,England
Craig Disley,61,CM,,0,,3,64,44,66,55,60,62,"180cm | 5'11""",0,-,-,Shrewsbury,England
Marc Bridge-Wilkinson,61,CM,,0,,4,64,55,62,68,51,50,"173cm | 5'8""",0,-,-,Carlisle United,England
Liam Burns,61,CB,,0,,3,55,35,37,43,64,69,"183cm | 6'0""",0,-,-,Dundalk FC,Northern Ireland
Andrius Skerla,61,CB,,0,,3,55,36,38,38,65,66,"185cm | 6'1""",0,-,-,Jagiellonia Białystok,Lithuania
Freddy dos Santos,61,RM,,0,,4,80,55,48,46,63,56,"180cm | 5'11""",0,-,-,Vålerenga Fotball,Norway
Andy Webster,61,CB,,0,,3,51,15,45,54,67,67,"183cm | 6'0""",0,-,-,Dundee United,Scotland
Dennis Wyness,61,ST,,0,,3,64,59,41,59,45,65,"178cm | 5'10""",0,-,-,St. Mirren,Scotland
Christian Mikolajczak,61,LM,,0,,3,63,58,63,61,49,55,"180cm | 5'11""",0,-,-,Rot-Weiß Ahlen,Germany
Henrik Rydström,61,CDM,,0,,2,64,40,60,57,72,49,"178cm | 5'10""",0,-,-,Kalmar FF,Sweden
Gürkan Sermeter,61,RM,,0,,3,59,58,62,62,56,54,"181cm | 5'11""",0,-,-,AC Bellinzona,Switzerland
Roberto Peragón Lacalle,61,CF,,0,,3,64,60,31,68,56,58,"169cm | 5'7""",0,-,-,Girona C.F.,Spain
Stephen Craigan,61,CB,,0,,3,53,16,50,42,66,66,"185cm | 6'1""",0,-,-,Motherwell,Northern Ireland
John Potter,61,CB,,0,,3,57,12,42,43,65,66,"185cm | 6'1""",0,-,-,St. Mirren,Scotland
Kevin Van Dessel,61,CDM,,0,,3,65,41,64,64,62,68,"180cm | 5'11""",0,-,-,VVV-Venlo,Belgium
Arnal Llibert Conde Carbo,61,ST,,0,,3,69,57,51,56,41,56,"174cm | 5'9""",0,-,-,Girona C.F.,Spain
Paulo Roberto de Castillho,61,ST,,0,,3,65,57,52,62,50,58,"182cm | 6'0""",0,-,-,Busan I'Park,Brazil
Marcus Bignot,61,RB,,0,,3,63,31,39,55,61,64,"175cm | 5'9""",0,-,-,Millwall,England
André Filipe Monteiro Vilas Boas,61,CDM,,0,,3,56,50,58,56,73,68,"183cm | 6'0""",0,-,-,Rio Ave FC,Portugal
Darren Powell,61,CB,,0,,3,58,42,31,38,65,64,"191cm | 6'3""",0,-,-,Milton Keynes Dons,England
Gordon Greer,61,CB,,0,,3,59,22,38,28,66,66,"188cm | 6'2""",0,-,-,Swindon Town,Scotland
Richard Chaplow,61,CM,,0,,4,67,54,63,69,46,57,"175cm | 5'9""",0,-,-,Preston North End,England
Kevin McLeod,61,LM,,0,,3,68,59,59,62,48,52,"180cm | 5'11""",0,-,-,Brighton &amp; Hove Albion,England
Shaun Derry,61,CDM,,0,,3,64,50,58,48,71,64,"183cm | 6'0""",0,-,-,Crystal Palace,England
Simon Royce,61,GK,,0,,3,53,65,61,55,56,64,"188cm | 6'2""",0,-,-,Gillingham,England
Steve Kabba,61,ST,,0,,3,82,59,32,51,55,56,"178cm | 5'10""",0,-,-,Brentford,England
Wayne Henderson,61,GK,,0,,2,61,55,61,66,37,57,"180cm | 5'11""",0,-,-,Preston North End,Republic of Ireland
Pawel Abbott,61,ST,,0,,3,59,61,49,52,56,76,"187cm | 6'2""",0,-,-,Oldham Athletic,Poland
Kevin O'Connor,61,RB,,0,,3,58,52,60,52,60,54,"180cm | 5'11""",0,-,-,Brentford,Republic of Ireland
Wayne Thomas,61,CB,,0,,3,62,29,43,34,64,62,"188cm | 6'2""",0,-,-,Southampton,England
Craig Woodman,61,LB,,0,,3,63,26,54,40,63,48,"175cm | 5'9""",0,-,-,Wycombe Wanderers,England
Marlon Broomes,61,CB,,0,,3,59,24,52,42,63,67,"183cm | 6'0""",0,-,-,Tranmere Rovers,England
Daniele Martinelli,61,RB,,0,,3,59,52,62,62,59,62,"181cm | 5'11""",0,-,-,Vicenza,Italy
Aleksandar Vuković,61,CDM,,0,,3,55,55,64,54,63,60,"186cm | 6'1""",0,-,-,Korona Kielce,Serbia
Gorka Azkorra Trueba,61,ST,,0,,3,61,58,48,56,55,74,"192cm | 6'4""",0,-,-,U.D. Salamanca,Spain
Wim De Decker,61,CDM,,0,,3,65,50,57,52,67,64,"186cm | 6'1""",0,-,-,Germinal Beerschot,Belgium
Miguel Ángel Carrilero González,61,ST,,0,,3,53,66,50,46,60,77,"190cm | 6'3""",0,-,-,Xerez C.D.,Spain
David Pérez Arteaga,61,LM,,0,,3,76,54,57,64,45,44,"167cm | 5'6""",0,-,-,Córdoba C.F.,Spain
Bas Savage,61,ST,,0,,3,65,54,49,64,54,66,"191cm | 6'3""",0,-,-,Tranmere Rovers,England
Guilherme Afonso,61,ST,,0,,3,62,57,53,63,44,54,"185cm | 6'1""",0,-,-,FC Sion,Angola
Aïmen Demai,61,CDM,,0,,3,69,45,58,59,66,66,"181cm | 5'11""",0,-,-,Alemannia Aachen,France
Michel Renggli,61,CDM,,0,,3,66,56,60,62,51,64,"180cm | 5'11""",0,-,-,FC Luzern,Switzerland
Vicente Moreno Peris,61,CDM,,0,,3,59,45,61,53,74,61,"188cm | 6'2""",0,-,-,Xerez C.D.,Spain
Santiago Carpintero Fernandez,61,CDM,,0,,3,62,45,61,54,67,58,"180cm | 5'11""",0,-,-,Córdoba C.F.,Spain
Stuart Elliott,61,ST,,0,,3,59,64,42,58,46,59,"178cm | 5'10""",0,-,-,Doncaster Rovers,Northern Ireland
Marco Kurth,61,CDM,,0,,3,67,49,53,56,69,56,"178cm | 5'10""",0,-,-,Energie Cottbus,Germany
Julien Lachuer,61,GK,,0,,3,55,61,69,57,39,61,"179cm | 5'10""",0,-,-,Stade Brestois 29,France
Martin Forkel,61,RB,,0,,3,68,44,52,51,59,51,"171cm | 5'7""",0,-,-,TuS Koblenz,Germany
Matt Lockwood,61,LB,,0,,3,63,50,66,50,58,56,"180cm | 5'11""",0,-,-,Colchester United,England
Dean Hammond,61,CM,,0,,3,65,60,54,59,60,62,"183cm | 6'0""",0,-,-,Southampton,England
Hugh Murray,61,CM,,0,,3,60,43,64,59,68,64,"178cm | 5'10""",0,-,-,St. Mirren,Scotland
Lukas Kruse,61,GK,,0,,3,67,63,52,62,45,54,"185cm | 6'1""",0,-,-,FC Augsburg,Germany
Oliver Kirch,61,RM,,0,,2,71,47,62,56,58,56,"182cm | 6'0""",0,-,-,Arminia Bielefeld,Germany
Kristian Haynes,61,CM,,0,,4,60,60,56,61,59,56,"179cm | 5'10""",0,-,-,Trelleborgs FF,Sweden
Veli Lampi,61,RB,,0,,3,61,48,55,51,61,54,"182cm | 6'0""",0,-,-,FC Zürich,Finland
Gregor Robertson,61,LB,,0,,3,64,24,50,55,62,55,"183cm | 6'0""",0,-,-,Chesterfield,Scotland
Jamal Alioui,61,CB,,0,,3,62,43,60,53,60,56,"178cm | 5'10""",0,-,-,FC Sion,France
Domenico Giampá,61,RM,,0,,3,78,51,54,56,58,47,"168cm | 5'6""",0,-,-,Modena,Italy
Vittorio Micolucci,61,LWB,,0,,3,67,45,52,42,60,62,"183cm | 6'0""",0,-,-,Ascoli,Italy
Drissa Diarra,61,CM,,0,,3,63,57,63,64,50,42,"183cm | 6'0""",0,-,-,Lecce,Mali
Stéphen Drouin,61,RB,,0,,3,56,45,49,47,62,68,"186cm | 6'1""",0,-,-,Vannes OC,France
Billy Jones,61,CDM,,0,,4,66,48,60,57,61,61,"180cm | 5'11""",0,-,-,Preston North End,England
Dean Brill,61,GK,,0,,3,62,59,56,64,31,58,"188cm | 6'2""",0,-,-,Oldham Athletic,England
Ji Hyuk Kim,61,GK,,0,,2,61,64,49,62,54,62,"187cm | 6'2""",0,-,-,Pohang Steelers,Korea Republic
Min Chul Baek,61,GK,,0,,2,65,50,56,66,53,57,"185cm | 6'1""",0,-,-,Daegu FC,Korea Republic
Davide Callà,61,RM,,0,,3,74,44,64,66,49,50,"176cm | 5'9""",0,-,-,Grasshopper-Club,Switzerland
Rory Fallon,61,CF,,0,,3,56,61,53,55,53,67,"188cm | 6'2""",0,-,-,Plymouth Argyle,England
Eun Sung Choi,61,GK,,0,,2,62,60,58,57,43,62,"184cm | 6'0""",0,-,-,Daejeon Citizen,Korea Republic
Alessandro Cordaro,61,CAM,,0,,3,65,57,62,68,47,54,"170cm | 5'7""",0,-,-,Royal Charleroi SC,Belgium
Edson Luiz da Silva,61,LWB,,0,,2,62,70,71,66,55,56,"178cm | 5'10""",0,-,-,Korona Kielce,Brazil
David Medina Díaz de López,61,CDM,,0,,3,70,42,58,55,66,64,"175cm | 5'9""",0,-,-,Club Gimnàstic,Spain
Emiliano Dudar,61,CB,,0,,3,62,43,44,45,62,64,"192cm | 6'4""",0,-,-,BSC Young Boys,Argentina
Bülent Ertuğrul,61,CDM,,0,,2,66,45,59,63,66,70,"181cm | 5'11""",0,-,-,Eskişehirspor,Turkey
Gaspar de Souza Odirlei,61,ST,,0,,4,61,58,49,65,43,54,"178cm | 5'10""",0,-,-,AC Bellinzona,Brazil
Fernando Velasco Salazar,61,RM,,0,,4,72,57,56,62,50,48,"179cm | 5'10""",0,-,-,Cádiz CF,Spain
José Díaz Sánchez,61,CF,,0,,3,72,55,50,62,47,54,"173cm | 5'8""",0,-,-,Córdoba C.F.,Spain
Jaime Jiménez Merlo,61,GK,,0,,3,66,59,57,63,33,54,"188cm | 6'2""",0,-,-,Elche C.F.,Spain
Sergio Francisco Ramos,61,ST,,0,,3,70,56,50,57,52,58,"180cm | 5'11""",0,-,-,Real Unión Club Irún,Spain
Julián Cerdá Vicente,61,RW,,0,,4,71,54,54,66,48,49,"170cm | 5'7""",0,-,-,Elche C.F.,Spain
Rubén Rodríguez Durán,61,CM,,0,,3,74,56,56,60,53,56,"172cm | 5'8""",0,-,-,Real Unión Club Irún,Spain
David García,61,CB,,0,,3,59,47,50,55,61,61,"182cm | 6'0""",0,-,-,U.D. Las Palmas,Spain
Dani Giménez,61,GK,,0,,3,58,60,57,63,52,59,"182cm | 6'0""",0,-,-,Rayo Vallecano,Spain
Sebastian Przyrowski,61,GK,,0,,2,61,55,59,66,38,58,"193cm | 6'4""",0,-,-,Polonia Warszawa,Poland
Radosław Majdan,61,GK,,0,,3,62,59,62,57,35,63,"185cm | 6'1""",0,-,-,Polonia Warszawa,Poland
Jason Byrne,61,ST,,0,,3,56,57,47,63,58,72,"183cm | 6'0""",0,-,-,Bohemians FC,Republic of Ireland
Felix Luz,61,ST,,0,,3,67,58,42,52,53,82,"186cm | 6'1""",0,-,-,Rot-Weiß Oberhausen,Germany
Patrick Kohlmann,61,LB,,0,,3,68,33,32,42,61,60,"182cm | 6'0""",0,-,-,1. FC Union Berliln,Republic of Ireland
Fabrice Colleau,61,CDM,,0,,3,55,58,60,58,63,63,"184cm | 6'0""",0,-,-,En Avant de Guingamp,France
Anthony Elding,61,ST,,0,,3,67,58,32,69,35,54,"185cm | 6'1""",0,-,-,Crewe Alexandra,England
Jude Stirling,61,RB,,0,,1,62,37,56,53,61,60,"188cm | 6'2""",0,-,-,Milton Keynes Dons,England
Bajram Fetai,61,ST,,0,,3,75,57,36,61,50,54,"180cm | 5'11""",0,-,-,FC Nordsjælland,Denmark
Florian Mader,61,CAM,,0,,4,69,57,54,68,53,65,"180cm | 5'11""",0,-,-,SV Josko Fenst. Ried,Austria
Jacob Burns,61,CDM,,0,,3,59,57,55,57,66,48,"178cm | 5'10""",0,-,-,Perth Glory FC,Australia
Steven Thomson,61,CM,,0,,3,58,49,61,61,64,38,"173cm | 5'8""",0,-,-,St. Mirren,Scotland
Jamie Cureton,61,ST,,0,,3,63,56,56,61,48,62,"173cm | 5'8""",0,-,-,Norwich City,England
Darren Ward,61,CB,,0,,3,47,37,41,35,66,81,"180cm | 5'11""",0,-,-,Millwall,England
Martin Woods,61,LM,,0,,3,69,55,63,59,46,48,"175cm | 5'9""",0,-,-,Doncaster Rovers,Scotland
Łukasz Tupalski,61,CB,,0,,3,65,44,48,50,59,60,"187cm | 6'2""",0,-,-,Cracovia Kraków,Poland
Magnus Wolff Eikrem,61,CM,,0,,3,68,55,60,63,51,48,"178cm | 5'10""",0,-,-,Manchester United,Norway
Manuel Rivera Garrido,61,CM,,0,,3,57,53,65,62,55,55,"171cm | 5'7""",0,-,-,AC Bellinzona,Peru
Sang Hong Lee,61,LB,,0,,3,60,37,62,46,62,56,"178cm | 5'10""",0,-,-,GyeongNam FC,Korea Republic
Chris Smith,61,GK,,0,,3,58,57,59,66,31,61,"188cm | 6'2""",0,-,-,St. Mirren,Scotland
Stephen Henderson,61,GK,,0,,3,60,57,65,63,49,52,"191cm | 6'3""",0,-,-,Bristol City,Republic of Ireland
Andrea Orlandi,61,LM,,0,,2,63,55,65,66,46,40,"180cm | 5'11""",0,-,-,Swansea City,Spain
Eñaut Zubikarai Goñi,61,GK,,0,,2,59,69,50,61,42,65,"185cm | 6'1""",0,-,-,Real Sociedad,Spain
Jake Robinson,61,ST,,0,,4,73,57,49,61,38,46,"170cm | 5'7""",0,-,-,Shrewsbury,England
Thomas Wörle,61,CDM,,0,,3,65,53,58,50,65,66,"185cm | 6'1""",0,-,-,SpVgg Greuther Fürth,Germany
Yvan Bourgis,61,RB,,0,,3,62,34,57,39,62,54,"169cm | 5'7""",0,-,-,Stade Brestois 29,France
Charles Diers,61,CAM,,0,,4,67,54,61,67,50,55,"185cm | 6'1""",0,-,-,Angers SCO,France
Ryan O'Leary,61,CB,,0,,3,67,12,33,50,62,66,"183cm | 6'0""",0,-,-,Kilmarnock,Scotland
Balázs Tóth,61,CDM,,0,,3,64,56,54,52,68,64,"174cm | 5'9""",0,-,-,KRC Genk,Hungary
Dean Keates,61,LM,,0,,3,58,55,63,50,60,46,"167cm | 5'6""",0,-,-,Peterborough United,England
Piotr Giza,61,CM,,0,,3,57,56,62,62,59,50,"179cm | 5'10""",0,-,-,Legia Warszawa,Poland
Sören Pirson,61,GK,,0,,2,56,62,52,60,49,67,"194cm | 6'4""",0,-,-,Rot-Weiß Oberhausen,Germany
Stefano Mondini,61,CM,,0,,3,74,50,60,52,56,54,"178cm | 5'10""",0,-,-,Mantova,Italy
Andrea Manucci,61,RB,,0,,2,67,52,58,50,58,48,"174cm | 5'9""",0,-,-,Cittadella,Italy
Angel Javier Hernández Pindado,61,GK,,0,,3,55,59,63,60,52,62,"183cm | 6'0""",0,-,-,U.D. Las Palmas,Spain
Yohann Rivière,61,CF,,0,,4,62,64,50,50,43,59,"185cm | 6'1""",0,-,-,FC Istres Ouest Provence,France
Daniel Brückner,61,LM,,0,,3,75,45,62,59,54,58,"183cm | 6'0""",0,-,-,SC Paderborn 07,Germany
Davide Zoboli,61,CB,,0,,2,52,44,60,43,63,68,"190cm | 6'3""",0,-,-,F. Torino,Italy
Yacine Hima,61,CM,,0,,4,68,55,61,49,54,48,"179cm | 5'10""",0,-,-,AC Bellinzona,France
Alessandro Moro,61,CM,,0,,3,59,58,58,60,63,58,"181cm | 5'11""",0,-,-,Gallipoli,Italy
Scott Cuthbert,61,CB,,0,,3,65,11,47,55,62,64,"188cm | 6'2""",0,-,-,Swindon Town,Scotland
Steve Colpaert,61,CB,,0,,4,66,46,57,50,59,62,"176cm | 5'9""",0,-,-,SV Zulte-Waregem,Belgium
Sebastian Svärd,61,CDM,,0,,3,65,50,55,56,67,70,"183cm | 6'0""",0,-,-,Borussia M'gladbach,Denmark
Matthew Bates,61,CB,,0,,3,68,37,35,50,60,66,"178cm | 5'10""",0,-,-,Middlesbrough,England
Ryan Smith,61,LW,,0,,3,79,52,59,71,44,26,"175cm | 5'9""",0,-,-,Crystal Palace,England
Danny Graham,61,ST,,0,,3,70,59,35,60,53,59,"180cm | 5'11""",0,-,-,Watford,England
Nathan Doyle,61,CM,,0,,3,59,56,58,57,66,56,"180cm | 5'11""",0,-,-,Hull City,England
Jugoslav Lazic,61,GK,,0,,3,61,62,53,63,34,65,"197cm | 6'6""",0,-,-,Sporting Lokeren OV,Serbia
Momar N'Diaye,61,ST,,0,,3,70,55,49,61,46,56,"180cm | 5'11""",0,-,-,FC Metz,Senegal
Tim Clancy,61,CB,,0,,3,70,10,44,50,61,66,"180cm | 5'11""",0,-,-,Kilmarnock,Republic of Ireland
Chris Brown,61,ST,,0,,3,73,60,30,58,51,56,"191cm | 6'3""",0,-,-,Preston North End,England
David Mirfin,61,CB,,0,,3,63,26,32,35,65,63,"185cm | 6'1""",0,-,-,Scunthorpe United,England
Craig Morgan,61,CB,,0,,3,58,31,45,38,65,58,"187cm | 6'2""",0,-,-,Peterborough United,Wales
Mattia Marchesetti,61,RM,,0,,3,75,54,53,67,54,68,"180cm | 5'11""",0,-,-,Mantova,Italy
Bojan Božović,61,ST,,0,,3,60,59,57,58,61,64,"191cm | 6'3""",0,-,-,KSV Cercle Brugge,Montenegro
David Raven,61,RB,,0,,3,60,29,51,38,64,58,"183cm | 6'0""",0,-,-,Carlisle United,England
Tim Sparv,61,CDM,,0,,2,61,53,59,53,66,68,"194cm | 6'4""",0,-,-,Halmstads BK,Finland
Jakub Grzegorzewski,61,ST,,0,,4,73,60,48,50,50,52,"180cm | 5'11""",0,-,-,Cracovia Kraków,Poland
Frazer Wright,61,LB,,0,,3,60,34,60,53,61,62,"178cm | 5'10""",0,-,-,Kilmarnock,Scotland
Josh Lillis,61,GK,,0,,3,65,61,63,53,52,56,"183cm | 6'0""",0,-,-,Scunthorpe United,England
Maciej Szmatiuk,61,CB,,0,,3,60,29,42,35,65,62,"190cm | 6'3""",0,-,-,Arka Gdynia,Poland
Mark Prettenthaler,61,LB,,0,,3,64,46,50,56,60,60,"183cm | 6'0""",0,-,-,SK Sturm Graz,Austria
Daniel Westlin,61,ST,,0,,3,65,56,56,63,48,58,"182cm | 6'0""",0,-,-,Gefle IF,Sweden
Carl Regan,61,RB,,0,,4,62,32,41,38,64,54,"183cm | 6'0""",0,-,-,Bristol Rovers,England
Ivan Rajcic,61,CM,,0,,3,67,46,59,58,63,58,"185cm | 6'1""",0,-,-,Bari,Croatia
Valerio Virga,61,RF,,0,,3,75,45,62,64,57,70,"181cm | 5'11""",0,-,-,Roma,Italy
Tomas Radzinevičius,61,ST,,0,,4,60,63,57,48,59,62,"183cm | 6'0""",0,-,-,Odra Wodzisław,Lithuania
Andy Taylor,61,LB,,0,,2,64,41,52,54,60,56,"183cm | 6'0""",0,-,-,Sheffield United,England
Gary Liddle,61,CM,,0,,3,64,34,68,62,62,60,"185cm | 6'1""",0,-,-,Hartlepool United,England
Darren Randolph,61,GK,,0,,3,63,57,55,61,61,59,"185cm | 6'1""",0,-,-,Charlton Athletic,Republic of Ireland
Youssef Adnane,61,ST,,0,,3,71,57,46,59,43,51,"178cm | 5'10""",0,-,-,Angers SCO,France
Ibrahima Diallo,61,LB,,0,,4,68,39,45,53,60,60,"175cm | 5'9""",0,-,-,Royal Charleroi SC,France
Jon Routledge,61,CDM,,0,,3,71,47,60,48,62,52,"180cm | 5'11""",0,-,-,Wigan Athletic,England
Luke Summerfield,61,CM,,0,,3,62,45,64,67,57,49,"183cm | 6'0""",0,-,-,Plymouth Argyle,England
Daniel Jones,61,LM,,0,,3,74,46,59,56,59,52,"188cm | 6'2""",0,-,-,Wolverhampton Wanderers,England
Eudi Silva da Souza,61,ST,,0,,3,66,55,53,65,49,50,"179cm | 5'10""",0,-,-,Servette FC,Brazil
James Wesolowski,61,CM,,0,,3,67,52,57,59,63,52,"172cm | 5'8""",0,-,-,Hamilton Academicals,Australia
François Marque,61,CB,,0,,3,59,47,47,43,62,66,"187cm | 6'2""",0,-,-,FC Basel 1893,France
Cristian Portilla Rodríguez,61,LM,,0,,4,73,49,63,59,49,54,"180cm | 5'11""",0,-,-,Real Sporting de Gijón,Spain
Graham Dorrans,61,CM,,0,,3,66,55,59,57,57,48,"175cm | 5'9""",0,-,-,West Bromwich Albion,Scotland
Jose Manuel Catalá Mazuecos,61,CB,,0,,3,57,51,56,45,62,60,"180cm | 5'11""",0,-,-,Villarreal B,Spain
Evan Horwood,61,LB,,0,,3,68,43,66,51,58,58,"183cm | 6'0""",0,-,-,Carlisle United,England
Berat Sadik,61,ST,,0,,4,64,58,45,55,54,76,"192cm | 6'4""",0,-,-,SV Zulte-Waregem,Finland
Patrick Kristensen,61,CAM,,0,,4,73,56,57,56,50,48,"173cm | 5'8""",0,-,-,Aalborg BK,Denmark
Glenn Murray,61,ST,,0,,3,56,61,48,58,48,72,"183cm | 6'0""",0,-,-,Brighton &amp; Hove Albion,England
Toumani Diagouraga,61,CM,,0,,3,72,39,60,53,69,68,"188cm | 6'2""",0,-,-,Peterborough United,France
Pietro Zammuto,61,LB,,0,,3,68,34,53,54,59,52,"180cm | 5'11""",0,-,-,Piacenza,Italy
Iain Flannigan,61,CF,,0,,3,65,57,40,63,43,62,"180cm | 5'11""",0,-,-,Kilmarnock,Scotland
Jeff Hughes,61,LM,,0,,2,72,53,62,63,47,50,"183cm | 6'0""",0,-,-,Bristol Rovers,Northern Ireland
Wayne Brown,61,CAM,,0,,2,70,62,58,69,42,52,"166cm | 5'5""",0,-,-,Fulham,England
Joe Skarz,61,LB,,0,,3,68,42,64,55,58,58,"183cm | 6'0""",0,-,-,Huddersfield Town,England
Tshinyama Tshilola,61,CDM,,0,,3,67,48,58,52,67,63,"175cm | 5'9""",0,-,-,Sporting Lokeren OV,DR Congo
Karim Belhocine,61,CDM,,0,,3,62,54,58,50,67,59,"188cm | 6'2""",0,-,-,KV Kortrijk,France
Nebojša Pavlović,61,CDM,,0,,3,61,54,55,51,70,68,"189cm | 6'2""",0,-,-,KV Kortrijk,Serbia
Walerij Sokołenko,61,LB,,0,,2,64,45,57,50,60,58,"176cm | 5'9""",0,-,-,Energie Cottbus,Ukraine
Wouter Corstjens,61,CB,,0,,3,64,36,49,57,60,60,"185cm | 6'1""",0,-,-,KVC Westerlo,Belgium
Anthony Van Loo,61,RB,,0,,3,70,41,54,49,59,56,"177cm | 5'10""",0,-,-,KSV Roeselare,Belgium
Dae Sung Ha,61,CM,,0,,3,66,52,60,61,56,61,"180cm | 5'11""",0,-,-,Jeonbuk Hyundai Motors,Korea Republic
Dong Chan Kim,61,CF,,0,,3,71,54,53,63,47,49,"168cm | 5'6""",0,-,-,GyeongNam FC,Korea Republic
Sung Ho Park,61,ST,,0,,3,66,55,43,62,54,66,"190cm | 6'3""",0,-,-,Daejeon Citizen,Korea Republic
Philipp Muntwiler,61,CM,,0,,3,62,53,64,54,59,55,"180cm | 5'11""",0,-,-,FC St. Gallen,Switzerland
Jonathan Lacourt,61,CM,,0,,3,65,41,61,63,67,60,"180cm | 5'11""",0,-,-,Valenciennes FC,France
Tomáš Poláček,61,LM,,0,,2,67,56,61,63,49,51,"172cm | 5'8""",0,-,-,Mladá Boleslav,Czech Republic
Fabian Lustenberger,61,CDM,,0,,3,70,36,61,60,67,66,"180cm | 5'11""",0,-,-,Hertha BSC,Switzerland
Dean Heffernan,61,LB,,0,,3,67,55,56,60,57,59,"186cm | 6'1""",0,-,-,Central Coast Mariners FC,Australia
Chinedu Ede,61,LW,,0,,4,88,45,53,67,39,46,"178cm | 5'10""",0,-,-,MSV Duisburg,Germany
Elie Dohin,61,RM,,0,,3,65,52,61,53,58,50,"171cm | 5'7""",0,-,-,AC Ajaccio,France
Morgan Schneiderlin,61,CM,,0,,3,63,50,59,59,64,54,"181cm | 5'11""",0,-,-,Southampton,France
Morais,61,RM,,0,,3,78,51,55,68,48,38,"175cm | 5'9""",0,-,-,St. Johnstone FC,Portugal
Andres Vasquez,61,LM,,0,,4,66,56,60,67,48,50,"180cm | 5'11""",0,-,-,FC Zürich,Sweden
Manuel Junglas,61,CF,,0,,3,68,55,57,56,50,63,"187cm | 6'2""",0,-,-,Alemannia Aachen,Germany
Jean-Christophe Vergerolle,61,LB,,0,,2,62,30,54,34,62,64,"188cm | 6'2""",0,-,-,AC Arles Avignon,France
Kamil Grosicki,61,LW,,0,,3,87,49,40,66,47,49,"177cm | 5'10""",0,-,-,Jagiellonia Białystok,Poland
Hyun-Jin Lee,61,RF,,0,,3,81,51,50,62,53,46,"184cm | 6'0""",0,-,-,Suwon Samsung Bluewings,Korea Republic
Radja Nainggolan,61,CAM,,0,,4,63,58,61,62,49,48,"175cm | 5'9""",0,-,-,Piacenza,Belgium
Bram De Ly,61,CB,,0,,3,65,36,48,36,61,61,"182cm | 6'0""",0,-,-,KV Kortrijk,Belgium
Jacob Lensky,61,LM,,0,,2,64,34,67,63,64,56,"180cm | 5'11""",0,-,-,FC Utrecht,Canada
Chris Humphrey,61,RW,,0,,2,83,48,56,69,35,34,"180cm | 5'11""",0,-,-,Motherwell,England
Borko Veselinović,61,CF,,0,,3,70,55,55,62,51,54,"177cm | 5'10""",0,-,-,Incheon United FC,Serbia
Danny Woodards,61,RB,,0,,3,72,31,63,47,58,48,"180cm | 5'11""",0,-,-,Milton Keynes Dons,England
Antun Dunkovic,61,CAM,,0,,3,58,59,66,66,48,48,"167cm | 5'6""",0,-,-,KV Mechelen,Croatia
Craig Cathcart,61,CB,,0,,2,63,32,37,39,62,66,"188cm | 6'2""",0,-,-,Watford,Northern Ireland
Peter Šinglár,61,RB,,0,,3,63,53,55,60,58,62,"183cm | 6'0""",0,-,-,Wisła Kraków,Slovakia
Alexander Gerndt,61,ST,,0,,4,70,55,52,64,51,54,"185cm | 6'1""",0,-,-,Gefle IF,Sweden
Jhonatan da Silva Pereira,61,ST,,0,,2,76,55,41,60,43,56,"166cm | 5'5""",0,-,-,Atlético Paranaense,Brazil
Johann Ramaré,61,CDM,,0,,3,67,36,60,60,72,59,"178cm | 5'10""",0,-,-,U.S. Boulogne Cote D'Opale,France
Abdul Özgen,61,LF,,0,,4,61,59,53,63,41,49,"186cm | 6'1""",0,-,-,Alemannia Aachen,Turkey
Erling Knudtzon,61,RM,,0,,3,89,51,55,66,37,40,"178cm | 5'10""",0,-,-,FC Lyn Oslo,Norway
Jérémy Huyghebaert,61,LB,,0,,2,67,43,54,56,59,57,"180cm | 5'11""",0,-,-,KSV Roeselare,Belgium
Fabian Müller,61,RB,,0,,4,68,33,58,58,59,56,"175cm | 5'9""",0,-,-,1. FC Kaiserslautern,Germany
Bruce Abdoulaye,61,CB,,0,,3,62,21,30,21,67,46,"181cm | 5'11""",0,-,-,Clermont Foot Auvergne 63,France
Sébastien Mazeyrat,61,CB,,0,,2,64,20,28,28,67,49,"176cm | 5'9""",0,-,-,Clermont Foot Auvergne 63,France
Samuel Darchy,61,ST,,0,,3,65,58,47,60,47,64,"185cm | 6'1""",0,-,-,Clermont Foot Auvergne 63,France
Valentin Stocker,61,LM,,0,,4,69,54,56,61,59,52,"178cm | 5'10""",0,-,-,FC Basel 1893,Switzerland
Adlène Guédioura,61,CDM,,0,,3,68,51,54,58,65,64,"186cm | 6'1""",0,-,-,Royal Charleroi SC,France
Kevin van Diermen,61,CB,,0,,4,54,19,47,47,66,68,"186cm | 6'1""",0,-,-,Vitesse,Netherlands
Vincenzo Rennella,61,ST,,0,,3,69,55,43,63,48,58,"188cm | 6'2""",0,-,-,Grasshopper-Club,Italy
Paul Rodgers,61,RB,,0,,2,75,26,42,41,59,64,"170cm | 5'7""",0,-,-,Northampton Town,England
Leon McSweeney,61,RW,,0,,3,65,56,65,60,58,54,"185cm | 6'1""",0,-,-,Hartlepool United,Republic of Ireland
Nils Petersen,61,CF,,0,,3,69,56,48,58,51,60,"188cm | 6'2""",0,-,-,Energie Cottbus,Germany
Milan Gajic,61,CM,,0,,3,67,54,58,59,59,52,"182cm | 6'0""",0,-,-,FC Zürich,Serbia
Silvije Cavlina,61,GK,,0,,3,58,62,51,65,33,65,"190cm | 6'3""",0,-,-,LASK Linz,Croatia
Mandla Masango,61,CAM,,0,,3,61,64,62,62,45,54,"165cm | 5'5""",0,-,-,Kaizer Chiefs,South Africa
Kim Falkenberg,61,RWB,,0,,2,77,21,48,55,58,58,"180cm | 5'11""",0,-,-,SpVgg Greuther Fürth,Germany
Kevin Wolze,61,CM,,0,,3,66,51,59,59,62,60,"175cm | 5'9""",0,-,-,VfL Wolfsburg,Germany
Joe Holt,61,CM,,0,,3,65,57,61,59,52,58,"178cm | 5'10""",0,-,-,Wigan Athletic,England
Ion Echaide Sola,61,CB,,0,,3,62,43,44,55,60,69,"183cm | 6'0""",0,-,-,S.D. Huesca,Spain
Jonathan Franks,61,ST,,0,,2,70,57,46,59,34,55,"170cm | 5'7""",0,-,-,Middlesbrough,England
Robbie Simpson,61,ST,,0,,3,66,59,45,58,52,62,"185cm | 6'1""",0,-,-,Huddersfield Town,England
Jordan Rhodes,61,ST,,0,,3,72,59,35,62,49,47,"185cm | 6'1""",0,-,-,Huddersfield Town,England
Ian Miller,61,CB,,0,,3,83,26,33,34,57,61,"188cm | 6'2""",0,-,-,Darlington,England
Neal Trotman,61,CB,,0,,3,59,28,49,37,65,55,"188cm | 6'2""",0,-,-,Southampton,England
John Goossens,61,LW,,0,,4,75,53,58,65,43,40,"174cm | 5'9""",0,-,-,N.E.C.,Netherlands
Kwang Suk Kim,61,CB,,0,,3,64,41,52,52,60,58,"182cm | 6'0""",0,-,-,Pohang Steelers,Korea Republic
Hong Yun Jung,61,LWB,,0,,3,74,43,54,48,58,46,"185cm | 6'1""",0,-,-,Busan I'Park,Korea Republic
Maciej Sadlok,61,CB,,0,,2,62,43,45,34,63,54,"183cm | 6'0""",0,-,-,Ruch Chorzów,Poland
Ron-Robert Zieler,61,GK,,0,,2,70,55,52,65,52,51,"188cm | 6'2""",0,-,-,Manchester United,Germany
Ian Joyce,61,GK,,0,,2,59,69,52,69,40,55,"191cm | 6'3""",0,-,-,Southend United,United States
Piotr Polczak,61,CB,,0,,2,56,24,49,49,64,58,"192cm | 6'4""",0,-,-,Cracovia Kraków,Poland
Angelo Balanta,61,LW,,0,,3,70,56,53,62,44,48,"179cm | 5'10""",0,-,-,Queens Park Rangers,England
Ivan Radovanovic,61,CDM,,0,,3,61,44,61,59,68,58,"186cm | 6'1""",0,-,-,Atalanta,Serbia
Kiko Olivas,61,CB,,0,,3,54,36,50,47,64,68,"189cm | 6'2""",0,-,-,Villarreal C.F.,Spain
Nikola Gulan,61,CDM,,0,,3,76,36,62,60,62,51,"185cm | 6'1""",0,-,-,Empoli,Serbia
Alain Junior Ollé Ollé,61,LM,,0,,3,80,46,58,68,49,40,"176cm | 5'9""",0,-,-,SC Freiburg,Cameroon
Mihael Kovačević,61,CB,,0,,2,62,19,49,32,63,68,"192cm | 6'4""",0,-,-,Dundee United,Switzerland
Christopher Nöthe,61,ST,,0,,4,71,56,41,59,45,61,"184cm | 6'0""",0,-,-,SpVgg Greuther Fürth,Germany
Dong Gun Cho,61,ST,,0,,3,68,54,53,62,51,65,"180cm | 5'11""",0,-,-,Seongnam Ilhwa Chunma,Korea Republic
Alexis Norambuena,61,RB,,0,,4,65,38,62,58,59,47,"176cm | 5'9""",0,-,-,Jagiellonia Białystok,Chile
Leon Balogun,61,CB,,0,,4,69,31,36,36,62,60,"190cm | 6'3""",0,-,-,Hannover 96,Germany
Marcus Rickert,61,GK,,0,,2,65,63,52,64,31,57,"191cm | 6'3""",0,-,-,TuS Koblenz,Germany
Geoffrey Tulasne,61,CM,,0,,3,58,57,66,65,50,49,"177cm | 5'10""",0,-,-,FC Sochaux-Montbéliard,France
Diego Santos Oliveira,61,CAM,,0,,4,66,55,58,63,55,52,"174cm | 5'9""",0,-,-,Cittadella,Brazil
Mirko Valdifiori,61,CM,,0,,3,62,53,60,60,59,55,"176cm | 5'9""",0,-,-,Empoli,Italy
Alex Bergantiños,61,CDM,,0,,3,66,38,60,57,73,56,"176cm | 5'9""",0,-,-,Xerez C.D.,Spain
Daniel Unal,61,CAM,,0,,3,68,56,56,58,56,56,"172cm | 5'8""",0,-,-,FC Basel 1893,Switzerland
Daniel Brosinski,61,RM,,0,,4,70,60,59,67,45,46,"178cm | 5'10""",0,-,-,1. FC Köln,Germany
Salomón Rondón,61,ST,,0,,4,62,58,45,58,47,69,"190cm | 6'3""",0,-,-,U.D. Las Palmas,Venezuela
Bruno Gallo,61,CM,,0,,3,67,52,61,65,52,50,"179cm | 5'10""",0,-,-,Leixões SC,Brazil
Simone Esposito,61,RW,,0,,3,65,57,59,58,59,60,"171cm | 5'7""",0,-,-,Juventus,Italy
Aridane,61,CB,,0,,4,61,37,36,34,63,65,"186cm | 6'1""",0,-,-,Real Valladolid C.F.,Spain
Dilaver Güclü,61,RW,,0,,4,73,53,59,64,41,48,"172cm | 5'8""",0,-,-,Manisaspor,Turkey
Manuel Pascali,61,CDM,,0,,2,62,48,59,61,65,62,"185cm | 6'1""",0,-,-,Kilmarnock,Italy
Adul Baldé,61,CF,,0,,3,74,58,36,60,54,56,"180cm | 5'11""",0,-,-,Vitória de Setúbal,Gabon
Daniele Pedrelli,61,LM,,0,,3,74,50,60,53,56,54,"182cm | 6'0""",0,-,-,A.C. Cesena,Italy
Carlos Lázaro Vallejo,61,CM,,0,,3,62,52,64,63,53,54,"179cm | 5'10""",0,-,-,Real Valladolid C.F.,Spain
David Templeton,61,ST,,0,,3,68,58,44,65,39,50,"176cm | 5'9""",0,-,-,Heart of Midlothian,Scotland
Thimothée Kolodziejczak,61,LB,,0,,3,66,33,61,28,61,61,"185cm | 6'1""",0,-,-,Olympique Lyonnais,France
Aidan White,61,LB,,0,,3,71,28,60,61,58,53,"175cm | 5'9""",0,-,-,Leeds United,England
João Pedro de Lemos Paiva,61,ST,,0,,3,63,58,54,66,38,42,"175cm | 5'9""",0,-,-,FC Luzern,Portugal
Juvhel Tsoumou,61,ST,,0,,3,71,55,42,62,45,64,"186cm | 6'1""",0,-,-,Eintracht Frankfurt,Germany
Morten Nielsen,61,CF,,0,,3,66,57,41,62,54,68,"188cm | 6'2""",0,-,-,AZ Alkmaar,Denmark
Nenad Krstičić,61,CAM,,0,,3,69,53,61,64,47,50,"182cm | 6'0""",0,-,-,Sampdoria,Serbia
Andrew Haworth,61,RW,,0,,4,76,58,51,57,42,39,"180cm | 5'11""",0,-,-,Blackburn Rovers,England
Reynaldo Dos Santos Silva,61,CAM,,0,,4,78,54,58,70,39,50,"172cm | 5'8""",0,-,-,RSC Anderlecht,Brazil
Victor Pálsson,61,CM,,0,,3,70,53,54,67,58,68,"185cm | 6'1""",0,-,-,Liverpool,Iceland
Sandro Sirigu,61,RB,,0,,3,78,30,51,58,55,62,"185cm | 6'1""",0,-,-,SC Freiburg,Germany
Jared Wilson,61,RB,,0,,4,67,46,55,49,59,55,"173cm | 5'8""",0,-,-,Birmingham City,England
Mladen Lazarević,61,LB,,0,,3,60,37,54,32,63,59,"187cm | 6'2""",0,-,-,KV Kortrijk,Serbia
Jan Kirchhoff,61,CB,,0,,3,64,32,42,26,63,66,"195cm | 6'5""",0,-,-,1. FSV Mainz 05,Germany
Jeroen Zoet,61,GK,,0,,3,65,59,60,58,34,57,"186cm | 6'1""",0,-,-,PSV,Netherlands
Javi Márquez,61,CM,,0,,2,65,63,59,66,46,48,"174cm | 5'9""",0,-,-,R.C.D. Espanyol,Spain
Karim Benyamina,61,ST,,0,,3,62,58,50,62,48,62,"178cm | 5'10""",0,-,-,1. FC Union Berliln,Germany
Andreas Lambertz,61,CM,,0,,3,65,58,58,58,58,56,"175cm | 5'9""",0,-,-,Fortuna Düsseldorf,Germany
Matthias Holst,61,CB,,0,,4,58,34,35,30,65,65,"190cm | 6'3""",0,-,-,SC Paderborn 07,Germany
Frank Löning,61,ST,,0,,4,64,61,46,54,53,65,"187cm | 6'2""",0,-,-,SC Paderborn 07,Germany
Kristian Pavlovic,61,ST,,0,,3,69,58,44,58,56,62,"175cm | 5'9""",0,-,-,CD Nacional,Croatia
Weon Il Yoon,61,LWB,,0,,2,65,48,50,54,59,58,"182cm | 6'0""",0,-,-,Jeju United FC,Korea Republic
Young Sin Kim,61,RW,,0,,2,65,57,56,64,47,50,"175cm | 5'9""",0,-,-,Jeju United FC,Korea Republic
Sung-Hyun Choi,61,CM,,0,,3,64,57,61,58,55,48,"172cm | 5'8""",0,-,-,Suwon Samsung Bluewings,Korea Republic
Dae-Ho Kim,61,GK,,0,,2,68,58,61,57,39,55,"185cm | 6'1""",0,-,-,Pohang Steelers,Korea Republic
Soufiane Bidaoui,61,CF,,0,,3,68,53,59,63,48,52,"176cm | 5'9""",0,-,-,KVC Westerlo,Belgium
Hamado Kassi Ouédraogo,61,ST,,0,,3,65,60,47,58,48,58,"180cm | 5'11""",0,-,-,AC Arles Avignon,Burkina Faso
Shane Duffy,61,CB,,0,,3,52,34,44,31,67,68,"194cm | 6'4""",0,-,-,Everton,Northern Ireland
Roberto López Esquiroz,61,CAM,,0,,4,65,58,58,62,55,58,"180cm | 5'11""",0,-,-,Club Atlético Osasuna,Spain
Marco Sailer,61,ST,,0,,3,62,60,47,60,42,54,"171cm | 5'7""",0,-,-,SpVgg Greuther Fürth,Germany
Marcel Reichwein,61,ST,,0,,4,69,58,41,54,53,69,"188cm | 6'2""",0,-,-,Rot-Weiß Ahlen,Germany
Jasper Waalkens,61,RM,,0,,2,73,43,64,63,50,58,"179cm | 5'10""",0,-,-,Willem II,Netherlands
Rick ten Voorde,61,ST,,0,,4,70,55,32,69,46,56,"187cm | 6'2""",0,-,-,N.E.C.,Netherlands
René Lange,61,LB,,0,,3,65,48,52,51,59,58,"180cm | 5'11""",0,-,-,Hansa Rostock,Germany
Ruud Boymans,61,ST,,0,,3,60,60,49,59,49,64,"188cm | 6'2""",0,-,-,VVV-Venlo,Netherlands
Xherdan Shaqiri,61,LB,,0,,4,62,57,61,57,59,42,"168cm | 5'6""",0,-,-,FC Basel 1893,Switzerland
Jorge García Morcillo,61,LB,,0,,3,64,24,50,41,63,56,"185cm | 6'1""",0,-,-,Córdoba C.F.,Spain
Shaun Hutchinson,61,CB,,0,,2,65,48,55,61,58,62,"185cm | 6'1""",0,-,-,Motherwell,England
Danijel Marčeta,61,LW,,0,,3,64,54,62,66,48,50,"175cm | 5'9""",0,-,-,Falkirk,Slovakia
Arvydas Novikovas,61,CF,,0,,2,78,55,21,71,42,55,"179cm | 5'10""",0,-,-,Heart of Midlothian,Lithuania
Edu Ramos,61,CDM,,0,,3,70,50,62,51,58,42,"176cm | 5'9""",0,-,-,Málaga C.F.,Spain
Portillo,61,LW,,0,,3,76,51,59,65,40,46,"167cm | 5'6""",0,-,-,Málaga C.F.,Spain
Daniel Didavi,61,CAM,,0,,3,61,61,62,65,47,48,"179cm | 5'10""",0,-,-,VfB Stuttgart,Germany
Pedro Orfila Artime,61,RB,,0,,3,73,32,53,56,58,47,"175cm | 5'9""",0,-,-,Real Sporting de Gijón,Spain
Ohad Levita,61,GK,,0,,3,63,60,59,61,38,59,"187cm | 6'2""",0,-,-,RKC Waalwijk,Israel
Fransérgio,61,CM,,0,3.0,3,69,51,51,62,68,59,"185cm | 6'1""",0,-,-,Atlético Paranaense,Brazil
Thomas Riedl,60,CM,,0,,3,69,45,56,57,63,60,"174cm | 5'9""",0,-,-,SK Austria Kärnten,Germany
Stuart McCaffrey,60,CB,,0,,3,51,28,46,47,64,66,"180cm | 5'11""",0,-,-,St. Johnstone FC,Scotland
Aaron Wilbraham,60,ST,,0,,3,63,60,43,50,51,69,"191cm | 6'3""",0,-,-,Milton Keynes Dons,England
Owen Morrison,60,LM,,0,,5,70,53,56,61,54,50,"173cm | 5'8""",0,-,-,Sligo Rovers,Northern Ireland
Aaron Lescott,60,RB,,0,,4,77,18,38,25,59,64,"173cm | 5'8""",0,-,-,Bristol Rovers,England
Henrik Pedersen,60,ST,,0,,4,57,62,40,55,62,70,"185cm | 6'1""",0,-,-,Silkeborg IF,Denmark
Toni Kuivasto,60,CB,,0,,3,55,41,41,39,63,68,"187cm | 6'2""",0,-,-,Djurgårdens IF,Finland
Steve Elliott,60,CB,,0,,3,53,18,20,24,68,64,"188cm | 6'2""",0,-,-,Bristol Rovers,England
Michael Boulding,60,ST,,0,,4,74,59,47,49,44,52,"178cm | 5'10""",0,-,-,Bradford City,England
Jim Goodwin,60,CM,,0,,3,52,45,61,63,68,53,"175cm | 5'9""",0,-,-,Huddersfield Town,Republic of Ireland
Matthew Spring,60,CM,,0,,3,62,62,58,57,52,45,"183cm | 6'0""",0,-,-,Charlton Athletic,England
Andy Holt,60,LB,,0,,3,65,40,59,61,56,60,"185cm | 6'1""",0,-,-,Northampton Town,England
Adam Lockwood,60,CB,,0,,3,62,27,44,48,61,55,"183cm | 6'0""",0,-,-,Doncaster Rovers,England
Phil Smith,60,GK,,0,,3,65,52,63,61,18,58,"185cm | 6'1""",0,-,-,Swindon Town,England
Paul Boertien,60,LB,,0,,3,58,40,65,46,61,54,"178cm | 5'10""",0,-,-,Burton Albion,England
Paul Sheerin,60,LM,,0,,3,59,50,61,64,58,60,"178cm | 5'10""",0,-,-,St. Johnstone FC,Scotland
Karim Touzani,60,CDM,,0,,4,67,44,57,63,62,62,"184cm | 6'0""",0,-,-,Sparta Rotterdam,Netherlands
Garry Hay,60,LB,,0,,3,57,16,61,44,62,58,"173cm | 5'8""",0,-,-,Kilmarnock,Scotland
Alex Revell,60,ST,,0,,3,67,58,42,57,44,62,"191cm | 6'3""",0,-,-,Swindon Town,England
Billy Jones,60,LB,,0,,3,71,50,66,40,55,52,"185cm | 6'1""",0,-,-,Crewe Alexandra,England
Adam Boyd,60,ST,,0,,3,51,67,45,53,47,56,"183cm | 6'0""",0,-,-,Hartlepool United,England
Markus Johannesson,60,CB,,0,,3,48,48,50,50,63,62,"185cm | 6'1""",0,-,-,Djurgårdens IF,Sweden
Derek Young,60,RM,,0,,4,70,60,50,59,53,56,"173cm | 5'8""",0,-,-,Aberdeen,Scotland
Lucian German Zavagno,60,LB,,0,,3,53,40,56,41,63,64,"182cm | 6'0""",0,-,-,Ancona,Argentina
Andreas Drugge,60,CF,,0,,3,70,52,45,65,63,52,"185cm | 6'1""",0,-,-,Trelleborgs FF,Sweden
Andy Marshall,60,GK,,0,,3,60,57,54,61,52,58,"188cm | 6'2""",0,-,-,Aston Villa,England
Grant McCann,60,CM,,0,,3,64,50,59,57,61,60,"178cm | 5'10""",0,-,-,Scunthorpe United,Northern Ireland
Stuart Duff,60,CDM,,0,,3,69,38,63,58,61,58,"178cm | 5'10""",0,-,-,Aberdeen,Scotland
Sean Gregan,60,CB,,0,,3,50,47,54,46,62,66,"185cm | 6'1""",0,-,-,Oldham Athletic,England
Steven Robb,60,LW,,0,,3,66,52,64,67,51,45,"168cm | 5'6""",0,-,-,St. Mirren,Scotland
Gavin Mahon,60,CDM,,0,,3,52,52,60,45,72,58,"185cm | 6'1""",0,-,-,Queens Park Rangers,England
Jason Brown,60,GK,,0,,3,66,60,55,61,20,58,"180cm | 5'11""",0,-,-,Blackburn Rovers,Wales
Mark Bower,60,CB,,0,,3,60,36,42,32,62,62,"178cm | 5'10""",0,-,-,Darlington,England
Matt Richards,60,LB,,0,,3,61,42,48,48,60,52,"175cm | 5'9""",0,-,-,Walsall,England
Guillaume Norbert,60,RB,,0,,4,67,38,53,55,58,59,"180cm | 5'11""",0,-,-,Havre Athletic Club,France
Kim Madsen,60,CB,,0,,3,51,44,52,38,62,68,"188cm | 6'2""",0,-,-,Aarhus GF,Denmark
Tim Gorschlüter,60,CAM,,0,,4,68,48,60,66,53,46,"176cm | 5'9""",0,-,-,Rot-Weiß Ahlen,Germany
Ben May,60,ST,,0,,4,54,63,42,54,50,66,"185cm | 6'1""",0,-,-,Scunthorpe United,England
Tom Brighton,60,ST,,0,,3,59,57,46,59,44,66,"180cm | 5'11""",0,-,-,St. Mirren,Scotland
Piotr Brożek,60,LM,,0,,4,67,50,59,62,55,48,"177cm | 5'10""",0,-,-,Wisła Kraków,Poland
Andrew Frampton,60,LB,,0,,3,55,46,66,50,59,66,"180cm | 5'11""",0,-,-,Millwall,England
Łukasz Surma,60,CDM,,0,,3,63,47,60,57,62,48,"173cm | 5'8""",0,-,-,Lechia Gdańsk,Poland
Robert Malcolm,60,CB,,0,,3,46,46,56,44,64,58,"180cm | 5'11""",0,-,-,Brisbane Roar Football Club,Scotland
Baldo di Gregorio,60,CB,,0,,3,46,34,44,41,67,62,"181cm | 5'11""",0,-,-,Rot-Weiß Ahlen,Germany
Jérémy Stinat,60,RB,,0,,4,61,46,56,53,59,54,"172cm | 5'8""",0,-,-,Stade Lavallois Mayenne FC,France
Paul Wotton,60,CDM,,0,,3,57,55,55,54,66,60,"180cm | 5'11""",0,-,-,Southampton,England
Benjamin Schüßler,60,RM,,0,,3,65,49,59,64,53,51,"176cm | 5'9""",0,-,-,Rot-Weiß Oberhausen,Germany
Adama Soumaré,60,CB,,0,,3,69,31,52,42,58,70,"185cm | 6'1""",0,-,-,Havre Athletic Club,France
Cédric Bockhorni,60,RB,,0,,3,65,41,55,54,58,58,"182cm | 6'0""",0,-,-,Clermont Foot Auvergne 63,France
Marco Gebhardt,60,LM,,0,,3,59,57,61,61,52,44,"179cm | 5'10""",0,-,-,1. FC Union Berliln,Germany
Ignacio Rodríguez Ortiz,60,LF,,0,,3,64,53,52,64,48,62,"180cm | 5'11""",0,-,-,SV Josko Fenst. Ried,Spain
Selver Hodzic,60,CB,,0,,3,59,37,50,44,61,61,"183cm | 6'0""",0,-,-,Neuchâtel Xamax,Bosnia Herzegovina
Stephen Purches,60,RB,,0,,4,62,24,32,43,63,52,"180cm | 5'11""",0,-,-,Leyton Orient,England
Chris Greenacre,60,ST,,0,,3,60,60,42,57,56,67,"180cm | 5'11""",0,-,-,Wellington Phoenix,England
Salvatore Russo,60,LWB,,0,,4,61,45,55,54,59,54,"170cm | 5'7""",0,-,-,Salerno,Italy
Jimmy Hempte,60,LWB,,0,,2,65,58,66,54,55,52,"180cm | 5'11""",0,-,-,KV Kortrijk,Belgium
Rasmus Würtz,60,CDM,,0,,3,59,47,60,55,68,62,"179cm | 5'10""",0,-,-,Aalborg BK,Denmark
Stephen Dobbie,60,ST,,0,,3,68,57,46,63,57,48,"173cm | 5'8""",0,-,-,Swansea City,Scotland
Hyun Choi,60,GK,,0,,2,59,54,49,65,38,64,"192cm | 6'4""",0,-,-,Busan I'Park,Korea Republic
Chang Hyun Ko,60,CAM,,0,,3,63,58,62,64,46,41,"171cm | 5'7""",0,-,-,Daejeon Citizen,Korea Republic
Joon Ho Cho,60,GK,,0,,2,62,61,58,55,38,60,"183cm | 6'0""",0,-,-,Daegu FC,Korea Republic
Petr Johana,60,CB,,0,,2,51,38,47,41,63,70,"189cm | 6'2""",0,-,-,SC Magna Wiener Neustadt,Czech Republic
Matteo Gritti,60,GK,,0,,2,63,55,53,68,41,52,"185cm | 6'1""",0,-,-,AC Bellinzona,Italy
Mirco Poloni,60,CM,,0,,3,44,62,65,68,52,54,"175cm | 5'9""",0,-,-,Albinoleffe,Italy
Francesco Parravicini,60,CDM,,0,,3,67,52,53,50,67,62,"175cm | 5'9""",0,-,-,Siena,Italy
Saidu Alade Adeshina,60,ST,,0,,3,80,50,40,55,48,66,"184cm | 6'0""",0,-,-,FC Sion,Nigeria
Joao Paulo di Fabio,60,LB,,0,,3,59,44,49,54,60,62,"185cm | 6'1""",0,-,-,Busan I'Park,Italy
Jan Glinker,60,GK,,0,,3,61,61,50,62,36,60,"187cm | 6'2""",0,-,-,1. FC Union Berliln,Germany
Swen König,60,GK,,0,,2,50,57,58,65,59,58,"188cm | 6'2""",0,-,-,FC Luzern,Switzerland
Arnaud Bühler,60,LWB,,0,,3,65,43,56,49,58,60,"187cm | 6'2""",0,-,-,FC Sion,Switzerland
José Luis Acciari,60,CDM,,0,,4,59,51,56,56,70,61,"182cm | 6'0""",0,-,-,Elche C.F.,Argentina
Chris O'Grady,60,ST,,0,,2,72,50,41,67,49,58,"191cm | 6'3""",0,-,-,Rochdale,England
Julien Viale,60,ST,,0,,3,63,60,41,57,47,62,"180cm | 5'11""",0,-,-,AC Ajaccio,France
Andy Holdsworth,60,RB,,0,,3,59,34,63,58,60,54,"175cm | 5'9""",0,-,-,Oldham Athletic,England
Antony Kay,60,CDM,,0,,3,62,58,54,51,64,68,"180cm | 5'11""",0,-,-,Huddersfield Town,England
Cédric Berthelin,60,GK,,0,1.0,3,57,60,56,62,33,61,"194cm | 6'4""",0,-,-,Excelsior Mouscron,France
Matias Esteban Cenci,60,ST,,0,,4,71,55,39,58,52,65,"185cm | 6'1""",0,-,-,FSV Frankfurt,Argentina
Juan Carlos Castilla Gómez,60,GK,,0,,3,48,64,66,58,50,60,"188cm | 6'2""",0,-,-,F.C. Cartagena,Spain
Siro Maxi. Darino,60,CDM,,0,,4,65,49,56,53,63,56,"172cm | 5'8""",0,-,-,U.D. Las Palmas,Argentina
Jordi Matamala Muntadas,60,CM,,0,,3,56,47,65,62,56,46,"182cm | 6'0""",0,-,-,Girona C.F.,Spain
Piotr Piechniak,60,RM,,0,,2,70,56,59,61,47,52,"184cm | 6'0""",0,-,-,Odra Wodzisław,Poland
Ariel Jakubowski,60,RWB,,0,,4,67,48,51,55,57,51,"182cm | 6'0""",0,-,-,Ruch Chorzów,Poland
Francesco Magnanelli,60,CM,,0,,3,76,40,56,71,52,48,"177cm | 5'10""",0,-,-,Sassuolo,Italy
Luca Franchini,60,CB,,0,,3,57,41,48,46,61,66,"183cm | 6'0""",0,-,-,Gallipoli,Italy
Shane Robinson,60,RM,,0,,3,72,52,57,59,49,51,"183cm | 6'0""",0,-,-,Shamrock Rovers,Republic of Ireland
Benoît Lesoimier,60,LM,,0,,4,71,53,56,63,51,48,"173cm | 5'8""",0,-,-,Stade Brestois 29,France
Nils Döring,60,CB,,0,,3,57,31,45,39,63,68,"191cm | 6'3""",0,-,-,Rot-Weiß Ahlen,Germany
Fabrice Do Marcolino,60,ST,,0,,3,59,61,40,54,44,65,"185cm | 6'1""",0,-,-,Stade Lavallois Mayenne FC,Gabon
Ben Davies,60,CM,,0,,3,66,61,60,54,46,50,"170cm | 5'7""",0,-,-,Notts County,England
Mark Bentley,60,CAM,,0,,3,56,54,60,62,60,51,"188cm | 6'2""",0,-,-,Gillingham,England
Jürgen Patocka,60,CB,,0,,3,52,41,40,32,64,68,"192cm | 6'4""",0,-,-,SK Rapid Wien,Austria
Herwig Drechsel,60,CAM,,0,,3,51,60,63,68,51,56,"177cm | 5'10""",0,-,-,SV Josko Fenst. Ried,Austria
Andy Gallinagh,60,RB,,0,,3,63,19,42,36,62,64,"177cm | 5'10""",0,-,-,Cheltenham Town,England
John White,60,RB,,0,,4,63,34,55,47,59,59,"183cm | 6'0""",0,-,-,Colchester United,England
Karim Essediri,60,RW,,0,,3,77,54,48,54,57,57,"185cm | 6'1""",0,-,-,Lillestrøm SK,Tunisia
Omar Daley,60,RM,,0,,3,77,48,56,56,51,46,"175cm | 5'9""",0,-,-,Bradford City,Jamaica
Paul Keegan,60,CM,,0,,3,67,54,59,42,61,56,"180cm | 5'11""",0,-,-,Bohemians FC,Republic of Ireland
Andrzej Bledzewski,60,GK,,0,,3,66,59,49,66,41,51,"186cm | 6'1""",0,-,-,Arka Gdynia,Poland
Young Sung Shim,60,ST,,0,,3,67,54,51,63,48,48,"178cm | 5'10""",0,-,-,Jeju United FC,Korea Republic
Kwang Suk Lee,60,GK,,0,,3,54,60,58,63,43,57,"184cm | 6'0""",0,-,-,GyeongNam FC,Korea Republic
Dawid Plizga,60,RF,,0,,3,77,54,48,60,45,44,"174cm | 5'9""",0,-,-,Zagłębie Lubin,Poland
Hyun Kyoo Jang,60,CB,,0,,4,63,35,45,55,59,64,"187cm | 6'2""",0,-,-,Gwangju Sangmu FC,Korea Republic
Yo Han Lee,60,CB,,0,,2,57,40,55,49,61,62,"184cm | 6'0""",0,-,-,Jeonbuk Hyundai Motors,Korea Republic
Seung Hwan Bang,60,ST,,0,,3,64,59,47,58,53,56,"185cm | 6'1""",0,-,-,Jeju United FC,Korea Republic
Jae Ho Jeon,60,LM,,0,,3,63,49,61,54,59,30,"168cm | 5'6""",0,-,-,Incheon United FC,Korea Republic
Dae-Hwan Kim,60,GK,,0,,2,57,61,57,61,45,58,"185cm | 6'1""",0,-,-,Suwon Samsung Bluewings,Korea Republic
Claus Bech Jørgensen,60,CM,,0,,3,51,52,62,58,65,60,"178cm | 5'10""",0,-,-,Port Vale,Denmark
Robert Kłos,60,CB,,0,,4,67,45,55,53,56,66,"185cm | 6'1""",0,-,-,Odra Wodzisław,Poland
Przemyslaw Kocot,60,RWB,,0,,3,66,42,54,51,57,55,"178cm | 5'10""",0,-,-,Zagłębie Lubin,Poland
Kenny Van Hoevelen,60,CB,,0,,3,67,34,47,48,59,61,"184cm | 6'0""",0,-,-,KV Mechelen,Belgium
Sebastiano Girelli,60,CB,,0,,3,65,46,53,44,59,58,"180cm | 5'11""",0,-,-,Sassuolo,Italy
Will Hoskins,60,ST,,0,,4,67,55,49,58,38,56,"175cm | 5'9""",0,-,-,Watford,England
Adam El-Abd,60,CB,,0,,3,52,40,38,42,65,56,"178cm | 5'10""",0,-,-,Brighton &amp; Hove Albion,England
Danny Jackman,60,LB,,0,,3,69,24,62,39,59,56,"163cm | 5'4""",0,-,-,Gillingham,England
Kelvin Lomax,60,RB,,0,,4,72,34,59,54,56,58,"180cm | 5'11""",0,-,-,Oldham Athletic,England
Piotr Ćwielong,60,ST,,0,,3,61,58,45,64,50,51,"170cm | 5'7""",0,-,-,Wisła Kraków,Poland
Yohan Eudeline,60,RM,,0,,3,65,54,62,59,50,60,"181cm | 5'11""",0,-,-,CS Sedan Ardennes,France
Jonathan Worthington,60,CM,,0,,3,65,50,52,54,68,49,"173cm | 5'8""",0,-,-,Oldham Athletic,England
Ryan France,60,RM,,0,,3,67,56,55,65,50,48,"180cm | 5'11""",0,-,-,Sheffield United,England
Giuseppe Rossini,60,ST,,0,,3,61,59,40,56,60,70,"193cm | 6'4""",0,-,-,KV Mechelen,Belgium
Edoardo Catinali,60,CM,,0,,3,61,42,67,57,60,52,"175cm | 5'9""",0,-,-,Ancona,Italy
Cleveland Taylor,60,RW,,0,,4,80,48,54,67,46,42,"180cm | 5'11""",0,-,-,Brentford,England
Scott Barron,60,LB,,0,,3,67,42,55,59,58,45,"175cm | 5'9""",0,-,-,Millwall,England
Francisco David González Borges,60,CAM,,0,,4,57,55,58,71,54,58,"171cm | 5'7""",0,-,-,U.D. Las Palmas,Spain
Ian Goodison,60,CB,,0,,3,53,28,46,39,64,72,"185cm | 6'1""",0,-,-,Tranmere Rovers,Jamaica
Richard Hinds,60,CB,,0,,3,59,30,34,26,64,70,"188cm | 6'2""",0,-,-,Sheffield Wednesday,England
Sam Togwell,60,CM,,0,,4,66,45,57,55,65,58,"180cm | 5'11""",0,-,-,Scunthorpe United,England
Miguel Ángel García Tebar,60,CM,,0,,3,60,51,58,52,65,56,"178cm | 5'10""",0,-,-,U.D. Las Palmas,Spain
Michael Zaglmair,60,GK,,0,,2,63,56,52,64,44,57,"184cm | 6'0""",0,-,-,LASK Linz,Austria
David Pociello Guerrero,60,GK,,0,,3,57,62,61,58,32,58,"185cm | 6'1""",0,-,-,Girona C.F.,Spain
Víctor Manuel Ormazábal,60,CM,,0,,3,63,53,59,61,57,57,"179cm | 5'10""",0,-,-,Cádiz CF,Argentina
David Bell,60,RM,,0,,4,63,56,60,63,51,43,"178cm | 5'10""",0,-,-,Coventry City,Republic of Ireland
Biagui Kamissoko,60,CDM,,0,,4,58,62,57,56,55,54,"183cm | 6'0""",0,-,-,Vannes OC,France
Ghislain Gimbert,60,ST,,0,,4,56,61,49,58,45,58,"183cm | 6'0""",0,-,-,Vannes OC,France
Rubin Dantschotter,60,GK,,0,,3,58,62,54,55,62,62,"185cm | 6'1""",0,-,-,KSV Cercle Brugge,Belgium
Ahmad Elrich,60,RM,,0,,4,59,67,57,63,48,45,"183cm | 6'0""",0,-,-,Central Coast Mariners FC,Australia
Yves Lenaerts,60,GK,,0,,3,63,58,57,54,63,57,"186cm | 6'1""",0,-,-,Club Brugge KV,Belgium
Milan Jovanovic,60,CB,,0,,4,48,46,42,36,65,69,"188cm | 6'2""",0,-,-,SK Rapid Wien,Montenegro
James Perch,60,CDM,,0,,3,65,45,59,57,65,58,"180cm | 5'11""",0,-,-,Nottingham Forest,England
Jonathan Forte,60,ST,,0,,3,84,54,48,51,47,42,"183cm | 6'0""",0,-,-,Scunthorpe United,Barbados
Richard Keogh,60,CB,,0,,3,63,14,43,31,62,68,"188cm | 6'2""",0,-,-,Carlisle United,Republic of Ireland
Jimmy Juan,60,CM,,0,,3,58,50,65,60,53,60,"189cm | 6'2""",0,-,-,Grenoble Foot 38,France
Paul Henderson,60,GK,,0,,3,63,57,52,63,51,56,"186cm | 6'1""",0,-,-,North Queensland Fury FC,Australia
Marcin Dymkowski,60,CB,,0,,3,63,38,46,49,59,72,"184cm | 6'0""",0,-,-,Odra Wodzisław,Poland
Stefán Gíslason,60,CDM,,0,,3,50,58,57,49,74,66,"196cm | 6'5""",0,-,-,Brøndby IF,Iceland
Hermes Neves Soares,60,CDM,,0,,4,65,46,60,57,61,55,"168cm | 5'6""",0,-,-,Jagiellonia Białystok,Brazil
Jason Demetriou,60,CM,,0,,3,76,29,69,44,60,62,"180cm | 5'11""",0,-,-,Leyton Orient,Cyprus
Lukasz Janoszka,60,CF,,0,,3,65,54,58,58,43,60,"180cm | 5'11""",0,-,-,Ruch Chorzów,Poland
Ebrahima Sawaneh,60,ST,,0,,4,74,56,33,61,40,56,"178cm | 5'10""",0,-,-,KV Kortrijk,Gambia
Dae Ho Son,60,CDM,,0,,3,57,52,54,56,72,78,"186cm | 6'1""",0,-,-,Incheon United FC,Korea Republic
Tinashe Nengomasha,60,CM,,0,,3,60,53,55,56,68,54,"175cm | 5'9""",0,-,-,Kaizer Chiefs,Zimbabwe
Garry Kenneth,60,CB,,0,,2,55,40,39,29,64,61,"193cm | 6'4""",0,-,-,Dundee United,Scotland
Anthony Grant,60,CDM,,0,,3,68,41,59,56,63,57,"178cm | 5'10""",0,-,-,Southend United,England
Roberto Maurantonio,60,GK,,0,,2,56,61,57,61,47,59,"182cm | 6'0""",0,-,-,Piacenza,Italy
Gavin Skelton,60,LM,,0,,3,67,49,61,65,52,42,"178cm | 5'10""",0,-,-,Kilmarnock,England
Ismail Yakubu,60,CB,,0,,4,62,16,22,27,65,64,"180cm | 5'11""",0,-,-,Barnet,England
Hemza Mihoubi,60,LB,,0,,3,69,40,54,50,58,51,"178cm | 5'10""",0,-,-,AC Bellinzona,Algeria
Roberto Carlos Mansilla Abellán,60,CB,,0,,3,52,33,39,32,66,56,"195cm | 6'5""",0,-,-,Cádiz CF,Spain
Sébastian Kollar,60,CB,,0,,4,71,46,53,56,54,64,"184cm | 6'0""",0,-,-,FC St. Gallen,Switzerland
Jean-Jacques Mandrichi,60,ST,,0,,3,53,62,49,57,48,64,"184cm | 6'0""",0,-,-,Nîmes Olympique,France
Timo Staffeldt,60,CM,,0,,3,67,44,59,63,61,62,"175cm | 5'9""",0,-,-,Karlsruher SC,Germany
Mark Hughes,60,CB,,0,,3,65,40,38,33,60,74,"188cm | 6'2""",0,-,-,Walsall,England
Tomás Klinka,60,ST,,0,,4,65,59,45,59,48,54,"179cm | 5'10""",0,-,-,SK Kladno,Czech Republic
Kieran Lee,60,RM,,0,,3,71,43,65,54,50,55,"185cm | 6'1""",0,-,-,Oldham Athletic,England
Liam Davis,60,LW,,0,,3,85,48,42,67,36,40,"175cm | 5'9""",0,-,-,Northampton Town,England
Shaun Miller,60,ST,,0,,3,79,53,37,62,42,46,"178cm | 5'10""",0,-,-,Crewe Alexandra,England
Scott Golbourne,60,LB,,0,,3,64,30,53,54,59,55,"173cm | 5'8""",0,-,-,Exeter City,England
Francis N'Ganga,60,LB,,0,,2,60,46,55,47,60,55,"176cm | 5'9""",0,-,-,Tours FC,France
Morike Sako,60,ST,,0,,3,63,58,51,51,56,72,"202cm | 6'8""",0,-,-,FC St. Pauli,France
Vitor Manuel Lima Santos,60,CDM,,0,,3,61,52,58,59,62,52,"178cm | 5'10""",0,-,-,Falkirk,Portugal
Luca Ferro,60,GK,,0,,2,52,59,53,64,55,63,"193cm | 6'4""",0,-,-,Neuchâtel Xamax,Italy
Guillaume Faivre,60,GK,,0,,3,62,52,60,64,54,52,"188cm | 6'2""",0,-,-,Neuchâtel Xamax,Switzerland
Christophe Lambert,60,RB,,0,,2,67,48,52,57,56,63,"172cm | 5'8""",0,-,-,FC Luzern,Switzerland
Jamie Mole,60,ST,,0,,3,66,55,43,59,45,68,"178cm | 5'10""",0,-,-,Heart of Midlothian,England
Adam Stachowiak,60,GK,,0,,3,62,54,63,59,46,53,"190cm | 6'3""",0,-,-,Odra Wodzisław,Poland
Renato Dossena,60,GK,,0,,1,63,60,52,58,42,62,"181cm | 5'11""",0,-,-,Empoli,Italy
Marco Mancosu,60,RM,,0,,3,66,43,61,65,55,54,"177cm | 5'10""",0,-,-,Empoli,Italy
Francesco Bini,60,CB,,0,,2,64,41,46,44,60,58,"183cm | 6'0""",0,-,-,Piacenza,Italy
Enrico Alfonso,60,GK,,0,,1,57,54,60,61,66,55,"190cm | 6'3""",0,-,-,Modena,Italy
Francesco Volpe,60,ST,,0,,3,64,56,50,60,57,54,"180cm | 5'11""",0,-,-,Triestina,Italy
Alan Martin,60,GK,,0,,3,61,55,57,60,66,54,"188cm | 6'2""",0,-,-,Accrington Stanley,Scotland
Sam Baldock,60,ST,,0,,3,67,57,43,60,47,55,"170cm | 5'7""",0,-,-,Milton Keynes Dons,England
Drissa Diakite,60,CDM,,0,,3,71,33,60,43,72,50,"175cm | 5'9""",0,-,-,OGC Nice,Mali
Morten Jensen,60,GK,,0,,3,59,56,59,58,53,56,"190cm | 6'3""",0,-,-,Hannover 96,Germany
Norbert Witkowski,60,GK,,0,,4,64,46,57,64,49,54,"190cm | 6'3""",0,-,-,Arka Gdynia,Poland
Nam Seok Jang,60,CF,,0,,4,54,63,49,58,53,59,"180cm | 5'11""",0,-,-,Daegu FC,Korea Republic
Chul Soon Choi,60,LB,,0,,3,67,33,53,54,59,43,"173cm | 5'8""",0,-,-,Jeonbuk Hyundai Motors,Korea Republic
Jae Hoon Yoo,60,GK,,0,,3,52,59,58,61,58,61,"185cm | 6'1""",0,-,-,Daejeon Citizen,Korea Republic
Hee-Chul Park,60,LM,,0,,3,71,50,55,57,58,54,"179cm | 5'10""",0,-,-,Pohang Steelers,Korea Republic
Seung Min Baek,60,CAM,,0,,3,67,50,58,57,56,45,"172cm | 5'8""",0,-,-,Chunnam Dragons,Korea Republic
Young-Sam Kim,60,CDM,,0,,3,69,48,56,54,64,49,"174cm | 5'9""",0,-,-,Ulsan Hyundai Horang-i,Korea Republic
Franck Moussa,60,CM,,0,,4,73,49,55,64,51,42,"173cm | 5'8""",0,-,-,Southend United,Belgium
Trésor Kandol,60,ST,,0,,4,81,52,31,58,53,60,"185cm | 6'1""",0,-,-,Leeds United,DR Congo
Michael Beauchamp,60,CB,,0,,3,58,31,44,34,63,72,"191cm | 6'3""",0,-,-,Aalborg BK,Australia
Régis Gurtner,60,GK,,0,,2,59,58,59,60,31,59,"183cm | 6'0""",0,-,-,RC Strasbourg,France
Malaury Martin,60,CDM,,0,,4,62,52,57,55,61,59,"178cm | 5'10""",0,-,-,AS Monaco FC,France
Toni Wachsmuth,60,RB,,0,,4,73,27,36,30,59,57,"182cm | 6'0""",0,-,-,SC Paderborn 07,Germany
Rob Purdie,60,CM,,0,,3,70,43,61,65,54,48,"173cm | 5'8""",0,-,-,Oldham Athletic,England
Chris Mitchell,60,RB,,0,,3,66,25,59,44,59,65,"175cm | 5'9""",0,-,-,Falkirk,Scotland
Carlo Gervasoni,60,CB,,0,,3,62,26,52,25,64,42,"186cm | 6'1""",0,-,-,Mantova,Italy
Jon Erice,60,CAM,,0,,3,64,55,58,60,55,56,"176cm | 5'9""",0,-,-,Cádiz CF,Spain
Shkëlzen Gashi,60,LM,,0,,2,71,49,54,67,55,56,"180cm | 5'11""",0,-,-,AC Bellinzona,Switzerland
Daniel García Rodríguez,60,CAM,,0,,2,70,60,55,69,45,64,"173cm | 5'8""",0,-,-,U.D. Salamanca,Spain
José Vitor Jardim Vieira,60,CM,,0,,2,64,57,50,62,61,62,"176cm | 5'9""",0,-,-,FC St. Gallen,Portugal
Paul Turnbull,60,CM,,0,,3,62,55,58,56,57,56,"180cm | 5'11""",0,-,-,Stockport County,England
Daniel O'Donnell,60,CB,,0,,3,60,29,34,31,64,64,"183cm | 6'0""",0,-,-,Crewe Alexandra,England
Miguel Layún,60,RWB,,0,,4,73,43,56,60,54,51,"176cm | 5'9""",0,-,-,Atalanta,Mexico
Mulumbu,60,CDM,,0,,4,61,43,64,51,64,62,"177cm | 5'10""",0,-,-,West Bromwich Albion,Congo
Zoltán Harsányi,60,ST,,0,,3,73,53,47,62,45,50,"193cm | 6'4""",0,-,-,Bolton Wanderers,Slovakia
Szymon Pawłowski,60,RM,,0,,3,72,59,56,64,43,49,"176cm | 5'9""",0,-,-,Zagłębie Lubin,Poland
Frank Feltscher,60,RM,,0,,2,75,50,57,60,47,44,"180cm | 5'11""",0,-,-,AC Bellinzona,Switzerland
Dong Won Han,60,CAM,,0,,3,65,56,62,64,46,45,"178cm | 5'10""",0,-,-,Seongnam Ilhwa Chunma,Korea Republic
Leigh Broxham,60,CM,,0,,2,66,53,56,49,63,46,"169cm | 5'7""",0,-,-,Melbourne Victory FC,Australia
Olof Guterstam,60,ST,,0,,3,63,55,46,59,54,72,"188cm | 6'2""",0,-,-,IF Brommapojkarna,Sweden
Bořek Dočkal,60,RM,,0,,4,60,59,57,65,55,60,"181cm | 5'11""",0,-,-,Slovan Liberec,Czech Republic
Guillaume Ducatel,60,CM,,0,,3,67,45,59,55,61,50,"175cm | 5'9""",0,-,-,U.S. Boulogne Cote D'Opale,France
Carlos Eduardo Rincon,60,CB,,0,,3,60,26,40,38,63,65,"186cm | 6'1""",0,-,-,Piacenza,Brazil
Manuel Hartmann,60,CDM,,0,,4,63,46,61,45,65,58,"188cm | 6'2""",0,-,-,TuS Koblenz,Germany
Emmanuel Bourgaud,60,CAM,,0,,3,68,58,52,62,55,57,"179cm | 5'10""",0,-,-,Angers SCO,France
Max Gradel,60,RW,,0,,2,80,48,44,71,35,40,"172cm | 5'8""",0,-,-,Leicester City,Ivory Coast
Kelvin Etuhu,60,RW,,0,,3,82,45,57,71,54,38,"182cm | 6'0""",0,-,-,Cardiff City,Nigeria
Patrik Borger,60,GK,,0,,3,58,60,53,66,42,58,"197cm | 6'6""",0,-,-,FC St. Pauli,Germany
Rihairo Meulens,60,RW,,0,,2,74,51,48,65,48,54,"185cm | 6'1""",0,-,-,Roda JC,Netherlands
Rene Steer,60,LB,,0,,3,69,26,51,39,59,54,"173cm | 5'8""",0,-,-,Oldham Athletic,England
Sören Gonther,60,RB,,0,,4,62,28,31,34,62,65,"186cm | 6'1""",0,-,-,SC Paderborn 07,Germany
Georg Margreitter,60,CB,,0,,3,57,18,31,40,65,60,"186cm | 6'1""",0,-,-,LASK Linz,Austria
Bilal Çubukçu,60,CM,,0,,4,71,44,62,67,50,50,"174cm | 5'9""",0,-,-,Gençlerbirliği SK,Turkey
Licá,60,RW,,0,,3,71,51,56,63,54,53,"180cm | 5'11""",0,-,-,Académica Coimbra,Portugal
Martin Hansen,60,GK,,0,,3,62,58,49,73,43,47,"189cm | 6'2""",0,-,-,Liverpool,Denmark
Michael Cia,60,RM,,0,,3,67,51,65,52,49,42,"178cm | 5'10""",0,-,-,Albinoleffe,Italy
Gabriele Perico,60,RB,,0,,3,59,26,48,44,64,42,"183cm | 6'0""",0,-,-,Albinoleffe,Italy
Tae Jin Kim,60,CDM,,0,,2,67,49,59,54,59,59,"178cm | 5'10""",0,-,-,Incheon United FC,Korea Republic
Kwang Hoon Shin,60,RM,,0,,3,66,48,58,64,56,44,"178cm | 5'10""",0,-,-,Jeonbuk Hyundai Motors,Korea Republic
Gonzalo Eulogio Zarate,60,ST,,0,,3,64,57,50,62,40,53,"182cm | 6'0""",0,-,-,Grasshopper-Club,Argentina
Hamza Cakir,60,CB,,0,,4,60,25,35,30,64,54,"181cm | 5'11""",0,-,-,Fortuna Düsseldorf,Turkey
Moussa Koïta,60,ST,,0,,3,67,54,52,49,56,76,"194cm | 6'4""",0,-,-,KRC Genk,France
Henri Lansbury,60,RM,,0,,3,70,56,54,61,50,40,"183cm | 6'0""",0,-,-,Watford,England
James Chester,60,CB,,0,,2,53,35,53,41,64,58,"186cm | 6'1""",0,-,-,Manchester United,England
Sam Hewson,60,CM,,0,,2,67,58,58,58,50,43,"180cm | 5'11""",0,-,-,Manchester United,England
Sanchez Watt,60,RW,,0,,3,66,52,63,69,47,34,"179cm | 5'10""",0,-,-,Arsenal,England
Beg Ferati,60,CB,,0,,3,61,49,55,56,58,58,"186cm | 6'1""",0,-,-,FC Basel 1893,Switzerland
Mauro Vigorito,60,GK,,0,,2,64,52,55,62,52,56,"187cm | 6'2""",0,-,-,Cagliari,Italy
Lynel Kitambala,60,ST,,0,,3,75,54,36,62,45,50,"177cm | 5'10""",0,-,-,Dijon FCO,France
Edgar Çani,60,ST,,0,,3,65,57,41,52,57,72,"188cm | 6'2""",0,-,-,Padua,Albania
Won-Jae Lee,60,CB,,0,,3,66,26,54,34,59,66,"185cm | 6'1""",0,-,-,Ulsan Hyundai Horang-i,Korea Republic
Sergio Blancas,60,ST,,0,,3,74,58,32,54,51,62,"181cm | 5'11""",0,-,-,Monarcas Morelia,Mexico
Stefan Bliem,60,GK,,0,,3,60,62,63,59,18,59,"192cm | 6'4""",0,-,-,SV Mattersburg,Austria
Dimitrios Pappas,60,CB,,0,,3,58,32,40,30,64,63,"180cm | 5'11""",0,-,-,Rot-Weiß Oberhausen,Greece
Markus Kaya,60,CAM,,0,,3,62,52,63,61,53,54,"180cm | 5'11""",0,-,-,Rot-Weiß Oberhausen,Germany
Rodrigo Antonio Lombardi Tosi,60,CAM,,0,,3,65,57,54,63,53,58,"184cm | 6'0""",0,-,-,FC Lausanne-Sports,Brazil
Jordi Xumetra Feliu,60,RM,,0,,3,81,49,55,63,48,58,"172cm | 5'8""",0,-,-,Girona C.F.,Spain
Franck Tabanou,60,CAM,,0,,1,68,55,58,60,48,38,"178cm | 5'10""",0,-,-,Toulouse FC,France
Michael Gardawski,60,RF,,0,,2,59,60,46,61,36,52,"176cm | 5'9""",0,-,-,1. FC Köln,Germany
Taner Yalcin,60,CAM,,0,,4,63,57,61,66,45,50,"187cm | 6'2""",0,-,-,1. FC Köln,Germany
Juan Manuel Hernández Sánchez,60,LW,,0,,3,72,54,57,55,44,55,"170cm | 5'7""",0,-,-,Girona C.F.,Spain
Mark Archdeacon,60,CF,,0,,3,62,55,48,63,41,64,"186cm | 6'1""",0,-,-,Motherwell,Scotland
Niklas Hartmann,60,GK,,0,,2,57,62,59,64,43,51,"189cm | 6'2""",0,-,-,Arminia Bielefeld,Germany
Mohamed Amsif,60,GK,,0,,2,64,56,44,73,47,54,"187cm | 6'2""",0,-,-,FC Schalke 04,Germany
Danny Latza,60,CDM,,0,,3,69,35,60,63,63,62,"179cm | 5'10""",0,-,-,FC Schalke 04,Germany
Dennis Daube,60,CAM,,0,,4,74,55,55,63,48,48,"185cm | 6'1""",0,-,-,FC St. Pauli,Germany
Diego Farías,60,ST,,0,,2,67,55,44,60,56,60,"172cm | 5'8""",0,-,-,Chievo Verona,Brazil
Pol Bueso Paradís,60,CB,,0,,2,65,32,44,31,63,44,"185cm | 6'1""",0,-,-,C.D. Castellón,Spain
Pietro Pipolo,60,GK,,0,,2,58,64,57,62,32,59,"186cm | 6'1""",0,-,-,Roma,Italy
Gianluigi Bianco,60,LM,,0,,3,72,43,55,59,65,67,"184cm | 6'0""",0,-,-,Sassuolo,Italy
Ahmed Toure,60,ST,,0,,3,70,56,41,56,46,60,"176cm | 5'9""",0,-,-,Sporting Lokeren OV,Ivory Coast
Costa Nhamoinesu,60,LB,,0,,3,64,34,48,50,59,56,"187cm | 6'2""",0,-,-,Zagłębie Lubin,Zimbabwe
Dominic Adiyiah,60,ST,,0,,3,76,57,42,55,39,48,"170cm | 5'7""",0,-,-,Fredrikstad FK,Ghana
Andrea Mei,60,CB,,0,,4,61,38,46,44,61,54,"184cm | 6'0""",0,-,-,FC Crotone,Italy
Momodou Ceesay,60,ST,,0,,3,68,54,46,58,53,62,"196cm | 6'5""",0,-,-,KVC Westerlo,Gambia
Yoann Andreu,60,RB,,0,,3,66,26,48,39,61,52,"175cm | 5'9""",0,-,-,A.S. Saint-Etienne,France
Leonard Kweuke,60,ST,,0,,4,73,54,40,55,47,68,"188cm | 6'2""",0,-,-,Energie Cottbus,Cameroon
Gastón Sauro,60,CB,,0,,3,67,19,35,33,61,66,"190cm | 6'3""",0,-,-,Boca Juniors,Argentina
Kassim Doumbia,60,CB,,0,,3,62,42,46,47,59,62,"183cm | 6'0""",0,-,-,KAA Gent,Mali
Admir Aganovic,60,ST,,0,,3,64,58,47,59,49,59,"182cm | 6'0""",0,-,-,Neuchâtel Xamax,Bosnia Herzegovina
Ximo Navarro Armero,60,RB,,0,,3,68,31,58,61,56,56,"171cm | 5'7""",0,-,-,Elche C.F.,Spain
Sören Brandy,60,RW,,0,,3,64,58,51,54,45,60,"182cm | 6'0""",0,-,-,SC Paderborn 07,Germany
Byeong Soo Yoo,60,ST,,0,,4,66,54,56,58,48,64,"183cm | 6'0""",0,-,-,Incheon United FC,Korea Republic
Gilvan Gomes Vieira,60,LWB,,0,,2,66,60,61,66,55,52,"175cm | 5'9""",0,-,-,Jeju United FC,Brazil
Kyung Hyun Im,60,ST,,0,,3,65,56,51,59,49,56,"181cm | 5'11""",0,-,-,Busan I'Park,Korea Republic
Bum Young Lee,60,GK,,0,,2,58,63,60,59,32,58,"194cm | 6'4""",0,-,-,Busan I'Park,Korea Republic
Min Kyun Kim,60,CAM,,0,,3,63,56,60,65,49,47,"173cm | 5'8""",0,-,-,Daegu FC,Korea Republic
Manuel Torres Caturla,60,LB,,0,,2,68,38,63,57,57,49,"186cm | 6'1""",0,-,-,Málaga C.F.,Spain
Héctor Yuste Cantón,60,CM,,0,,4,62,50,64,59,50,56,"178cm | 5'10""",0,-,-,F.C. Cartagena,Spain
Issam El Adoua,60,CB,,0,,3,56,26,39,34,64,68,"189cm | 6'2""",0,-,-,Racing Club de Lens,Morocco
Andreas Luthe,60,GK,,0,,2,66,56,60,62,25,52,"194cm | 6'4""",0,-,-,VfL Bochum,Germany
Vicente Flor Bustos,60,GK,,0,,2,58,56,56,64,17,67,"183cm | 6'0""",0,-,-,Villarreal B,Spain
Cleber Sonda,60,LWB,,0,,3,75,40,53,59,55,56,"182cm | 6'0""",0,-,-,Club Brugge KV,Brazil
Alejandro Cruz Rodríguez,60,LW,,0,,3,72,52,56,63,38,49,"173cm | 5'8""",0,-,-,Club Gimnàstic,Spain
Danny Mayor,60,RW,,0,,4,74,50,53,70,39,41,"175cm | 5'9""",0,-,-,Preston North End,England
Cenk Tosun,60,ST,,0,,2,73,56,31,63,37,52,"183cm | 6'0""",0,-,-,Eintracht Frankfurt,Germany
Emin Yalin,60,CM,,0,,2,67,50,56,60,57,52,"187cm | 6'2""",0,-,-,FC Schalke 04,Turkey
Moussa Traoré,60,ST,,0,,3,72,57,49,55,52,51,"182cm | 6'0""",0,-,-,Standard de Liège,Ivory Coast
Baba Iddi,60,ST,,0,,3,65,55,49,58,50,66,"190cm | 6'3""",0,-,-,Sporting Lokeren OV,Ghana
Kevin Conrad,60,CB,,0,,3,62,26,67,42,59,63,"181cm | 5'11""",0,-,-,TSG 1899 Hoffenheim,Germany
Jonay Manuel Díaz Nolasco,60,CF,,0,,3,71,56,47,61,41,46,"172cm | 5'8""",0,-,-,S.D. Huesca,Spain
Dominik Schmidt,60,CB,,0,,3,64,29,45,33,61,58,"187cm | 6'2""",0,-,-,Werder Bremen,Germany
Pierre Kleinheider,60,GK,,0,,3,62,61,59,60,44,53,"189cm | 6'2""",0,-,-,1. FSV Mainz 05,Germany
Viktor Riske,60,CM,,0,,3,62,51,65,57,49,50,"172cm | 5'8""",0,-,-,1. FSV Mainz 05,Germany
Marcos Álvarez,60,RF,,0,,3,63,57,46,61,40,57,"179cm | 5'10""",0,-,-,Eintracht Frankfurt,Germany
Mehmet Hetemaj,60,CM,,0,,3,74,55,52,51,58,54,"185cm | 6'1""",0,-,-,Albinoleffe,Finland
Diogo Malheiro de Sousa Brandão,60,ST,,0,,2,65,56,44,55,47,68,"185cm | 6'1""",0,-,-,Paços Ferreira,Portugal
Christoph Buchner,60,CB,,0,,3,65,35,30,27,62,62,"187cm | 6'2""",0,-,-,1. FC Kaiserslautern,Germany
Juan Dominguez,60,CAM,,0,,3,62,49,66,60,50,46,"181cm | 5'11""",0,-,-,R.C. Deportivo,Spain
Henrique Dinis Oliveira Dias,60,CM,,0,,3,66,48,57,56,61,48,"183cm | 6'0""",0,-,-,Vitória de Guimarães,Portugal
Samuel Atrous,60,GK,,0,,3,67,59,62,62,30,48,"190cm | 6'3""",0,-,-,Racing Club de Lens,France
Luiz da Silva Wagner,60,ST,,0,,3,64,58,44,65,45,49,"173cm | 5'8""",0,-,-,Pohang Steelers,Brazil
Hugo Mallo,60,RB,,0,,3,71,29,55,53,58,41,"180cm | 5'11""",0,-,-,R.C. Celta,Spain
Nat Brown,59,CB,,0,,3,65,31,38,36,60,60,"188cm | 6'2""",0,-,-,Macclesfield Town,England
Pierre-Yves André,59,ST,,0,,3,61,61,51,45,48,66,"185cm | 6'1""",0,-,-,Sporting Club Bastia,France
Steve Corica,59,CAM,,0,,4,56,57,61,63,51,40,"174cm | 5'9""",0,-,-,Sydney FC,Australia
José Gaspar Silva Azevedo,59,CB,,0,,3,47,34,45,30,65,68,"190cm | 6'3""",0,-,-,Rio Ave FC,Portugal
Willy Grondin,59,GK,,0,,3,57,55,59,56,34,61,"178cm | 5'10""",0,-,-,Paris Saint-Germain,France
Christian Bassila,59,CDM,,0,,3,69,40,54,45,73,74,"192cm | 6'4""",0,-,-,En Avant de Guingamp,France
Darren Dods,59,CB,,0,,4,49,28,43,42,63,66,"185cm | 6'1""",0,-,-,Dundee United,Scotland
Michael Ricketts,59,ST,,0,,3,63,58,38,57,57,61,"188cm | 6'2""",0,-,-,Tranmere Rovers,England
Michael Flynn,59,CAM,,0,,3,63,46,59,56,59,56,"178cm | 5'10""",0,-,-,Bradford City,Wales
Thomas Butler,59,RM,,0,,3,61,49,59,68,54,48,"170cm | 5'7""",0,-,-,Swansea City,Republic of Ireland
Martin Devaney,59,RW,,0,,4,71,47,60,65,51,45,"178cm | 5'10""",0,-,-,Barnsley,England
Peter Gain,59,CM,,0,,3,60,55,58,60,52,40,"175cm | 5'9""",0,-,-,Dagenham and Redbridge,Republic of Ireland
Kevin Gall,59,ST,,0,,3,76,55,37,59,47,46,"175cm | 5'9""",0,-,-,Darlington,Wales
Stefan Lexa,59,RM,,0,,3,61,54,59,65,51,56,"180cm | 5'11""",0,-,-,SV Josko Fenst. Ried,Austria
Paul Thirlwell,59,CDM,,0,,4,61,36,66,47,66,59,"180cm | 5'11""",0,-,-,Carlisle United,England
Bartosz Karwan,59,RM,,0,,4,64,53,52,61,57,68,"180cm | 5'11""",0,-,-,Arka Gdynia,Poland
Helgi Danielsson,59,CDM,,0,,3,61,47,63,38,65,66,"186cm | 6'1""",0,-,-,IF Elfsborg,Iceland
Sam Collins,59,CB,,0,,3,55,29,26,29,65,62,"188cm | 6'2""",0,-,-,Hartlepool United,England
Andy Liddell,59,RW,,0,,3,62,67,53,51,43,19,"173cm | 5'8""",0,-,-,Rotherham United,Scotland
Arnar Vidarsson,59,CDM,,0,,3,63,46,57,46,67,62,"179cm | 5'10""",0,-,-,KSV Cercle Brugge,Iceland
Stephen Roberts,59,CB,,0,,3,58,31,45,32,61,68,"185cm | 6'1""",0,-,-,Walsall,Wales
Alex Russell,59,CM,,0,,3,55,38,71,64,51,52,"178cm | 5'10""",0,-,-,Exeter City,England
Chris Brandon,59,RM,,0,,3,65,53,55,57,58,52,"170cm | 5'7""",0,-,-,Bradford City,England
Jabo Ibehre,59,ST,,0,,3,74,53,38,56,49,62,"188cm | 6'2""",0,-,-,Milton Keynes Dons,England
Carlos Manuel Gonçalves Alonso,59,CB,,0,,3,63,41,50,49,58,60,"187cm | 6'2""",0,-,-,AC Arles Avignon,Portugal
Adam Griffin,59,LM,,0,,3,59,40,67,64,54,46,"170cm | 5'7""",0,-,-,Stockport County,England
Matthias Dollinger,59,LW,,0,,1,64,53,56,62,45,51,"178cm | 5'10""",0,-,-,SK Austria Kärnten,Austria
Peter Delorge,59,CDM,,0,,3,67,44,56,47,65,64,"178cm | 5'10""",0,-,-,Sint-Truidense VV,Belgium
Richard Henriksson,59,CB,,0,,3,52,33,45,36,63,69,"191cm | 6'3""",0,-,-,IF Brommapojkarna,Sweden
Drissa Diallo,59,CB,,0,,3,49,29,26,42,65,64,"185cm | 6'1""",0,-,-,Cheltenham Town,Guinea
Kasper Jensen,59,GK,,0,,2,60,63,54,56,61,55,"194cm | 6'4""",0,-,-,SC Paderborn 07,Denmark
Peter MacDonald,59,ST,,0,,3,62,56,45,61,49,57,"178cm | 5'10""",0,-,-,St. Johnstone FC,Scotland
Mark Wilson,59,CM,,0,,3,63,49,58,56,57,63,"180cm | 5'11""",0,-,-,Doncaster Rovers,England
Johan Cavalli,59,CM,,0,,3,62,52,60,61,50,54,"170cm | 5'7""",0,-,-,Nîmes Olympique,France
David Livermore,59,CDM,,0,,3,68,44,57,51,63,57,"180cm | 5'11""",0,-,-,Brighton &amp; Hove Albion,Canada
Neil Harris,59,ST,,0,,3,59,60,35,55,46,64,"180cm | 5'11""",0,-,-,Millwall,England
Adam Bolder,59,CM,,0,,3,60,56,50,66,60,60,"175cm | 5'9""",0,-,-,Millwall,England
Daniel Alberto Pendín Sánchez,59,CDM,,0,,3,59,48,60,53,63,64,"186cm | 6'1""",0,-,-,C.D. Castellón,Argentina
Mario Konrad,59,ST,,0,,3,70,54,40,57,49,58,"184cm | 6'0""",0,-,-,SK Rapid Wien,Austria
Andy Hughes,59,RM,,0,,4,59,50,58,56,62,59,"180cm | 5'11""",0,-,-,Leeds United,England
Ben Chorley,59,CB,,0,,3,44,28,50,46,64,62,"191cm | 6'3""",0,-,-,Leyton Orient,England
Chris Sedgwick,59,RW,,0,,3,70,51,60,69,41,32,"182cm | 6'0""",0,-,-,Preston North End,England
Matt Sparrow,59,CM,,0,,4,59,48,61,52,59,56,"180cm | 5'11""",0,-,-,Scunthorpe United,England
Paul Murray,59,CM,,0,,3,63,46,63,52,57,42,"175cm | 5'9""",0,-,-,Shrewsbury,England
Billy Paynter,59,ST,,0,,3,64,56,40,55,55,68,"183cm | 6'0""",0,-,-,Swindon Town,England
Lloyd Owusu,59,ST,,0,,3,67,54,41,52,54,70,"188cm | 6'2""",0,-,-,Adelaide United,Ghana
Marc Richards,59,ST,,0,,3,59,54,49,63,48,58,"180cm | 5'11""",0,-,-,Port Vale,England
Mark Wright,59,RW,,0,,2,70,52,58,58,49,47,"180cm | 5'11""",0,-,-,Bristol Rovers,England
Matt Bloomfield,59,CM,,0,,3,66,47,55,54,60,56,"173cm | 5'8""",0,-,-,Wycombe Wanderers,England
Mikele Leigertwood,59,CDM,,0,,3,68,43,52,49,73,67,"188cm | 6'2""",0,-,-,Queens Park Rangers,England
Brian Barry-Murphy,59,CDM,,0,,3,56,50,64,51,56,51,"185cm | 6'1""",0,-,-,Bury,Republic of Ireland
Gareth Owen,59,CB,,0,,3,61,14,16,25,65,60,"185cm | 6'1""",0,-,-,Port Vale,Wales
Jens Langeneke,59,CB,,0,,3,60,38,48,39,59,63,"185cm | 6'1""",0,-,-,Fortuna Düsseldorf,Germany
Gary Holt,59,CDM,,0,,3,54,43,62,53,66,54,"185cm | 6'1""",0,-,-,Colchester United,Scotland
Bernt Haas,59,RB,,0,,3,56,45,56,42,59,62,"185cm | 6'1""",0,-,-,FC St. Gallen,Switzerland
Dorado,59,LB,,0,,3,67,31,49,43,58,60,"180cm | 5'11""",0,-,-,S.D. Huesca,Spain
Sébastien Carole,59,RW,,0,,3,77,46,55,68,40,36,"170cm | 5'7""",0,-,-,Tranmere Rovers,France
Francisco Noguerol Freijedo,59,CB,,0,,4,54,44,54,47,60,54,"183cm | 6'0""",0,-,-,R.C. Celta,Spain
Jason Price,59,ST,,0,,3,61,56,52,56,62,63,"188cm | 6'2""",0,-,-,Millwall,Wales
Keith Southern,59,CDM,,0,,2,60,56,55,53,61,57,"178cm | 5'10""",0,-,-,Blackpool,England
Lewis Hunt,59,RB,,0,,3,62,27,52,53,58,56,"180cm | 5'11""",0,-,-,Wycombe Wanderers,England
Esben Hansen,59,CDM,,0,,3,57,49,61,41,69,65,"186cm | 6'1""",0,-,-,Randers FC,Denmark
David Suarez,59,ST,,0,,3,62,60,42,53,38,60,"183cm | 6'0""",0,-,-,CS Sedan Ardennes,France
Joon Young Lee,59,CF,,0,,3,63,53,53,60,50,56,"177cm | 5'10""",0,-,-,Incheon United FC,Korea Republic
Yi Sub Kim,59,GK,,0,,3,54,60,62,58,25,62,"185cm | 6'1""",0,-,-,Incheon United FC,Korea Republic
Dong Won Seo,59,CDM,,0,,3,57,56,56,55,61,64,"184cm | 6'0""",0,-,-,Busan I'Park,Korea Republic
Carlo Luisi,59,CAM,,0,,3,61,39,64,70,56,35,"177cm | 5'10""",0,-,-,Modena,Italy
Kevin Rutkiewicz,59,CB,,0,,3,57,22,39,47,62,64,"185cm | 6'1""",0,-,-,St. Johnstone FC,Scotland
Lloyd Dyer,59,LW,,0,,3,79,44,60,63,54,50,"173cm | 5'8""",0,-,-,Leicester City,England
David Fox,59,CM,,0,,4,62,50,59,59,57,40,"175cm | 5'9""",0,-,-,Colchester United,England
David Pipe,59,RM,,0,,3,70,27,69,50,57,49,"175cm | 5'9""",0,-,-,Bristol Rovers,Wales
Jeff Smith,59,LW,,0,,3,72,53,49,62,47,36,"180cm | 5'11""",0,-,-,Darlington,England
Patrik Siegl,59,CDM,,0,,4,54,58,57,54,60,50,"180cm | 5'11""",0,-,-,KSV Superfund,Czech Republic
Sabri Loan Boumelaha,59,LB,,0,,4,58,47,50,52,58,57,"181cm | 5'11""",0,-,-,FC Basel 1893,France
Dennis Oli,59,ST,,0,,3,69,59,37,54,51,54,"183cm | 6'0""",0,-,-,Gillingham,England
Thomas Helveg,59,RB,,0,,3,34,38,70,57,64,64,"181cm | 5'11""",0,-,-,Odense Boldklub,Denmark
Garry Brady,59,CM,,0,,4,58,45,57,59,66,60,"178cm | 5'10""",0,-,-,St. Mirren,Scotland
Bart Goossens,59,RB,,0,,3,63,41,56,50,57,56,"182cm | 6'0""",0,-,-,KSV Roeselare,Belgium
Carl Medjani,59,CB,,0,,3,55,36,50,39,61,57,"183cm | 6'0""",0,-,-,AC Ajaccio,France
Michael Nelson,59,CB,,0,,2,55,29,37,44,62,62,"188cm | 6'2""",0,-,-,Norwich City,England
Ildefons Lima Sola,59,CB,,0,,3,58,27,34,42,62,64,"191cm | 6'3""",0,-,-,AC Bellinzona,Andorra
Martin Stocklasa,59,CB,,0,,3,55,33,45,30,63,62,"191cm | 6'3""",0,-,-,SV Josko Fenst. Ried,Liechtenstein
Dorca,59,CDM,,0,,3,59,44,61,51,65,54,"182cm | 6'0""",0,-,-,Girona C.F.,Spain
Diego José Rangel Monge,59,CB,,0,,4,55,37,47,45,62,54,"182cm | 6'0""",0,-,-,Girona C.F.,Spain
Iker Gabarain González,59,LB,,0,,3,61,45,45,39,59,60,"171cm | 5'7""",0,-,-,Real Unión Club Irún,Spain
Patrick Bengondo,59,CF,,0,,3,72,54,44,53,46,58,"180cm | 5'11""",0,-,-,FC Aarau,Cameroon
Ryan Lowe,59,ST,,0,,3,64,57,50,56,50,47,"179cm | 5'10""",0,-,-,Bury,England
Luke Rodgers,59,ST,,0,,4,61,61,39,58,51,49,"173cm | 5'8""",0,-,-,Notts County,England
Chris Blackburn,59,CB,,0,,3,65,34,45,43,58,61,"178cm | 5'10""",0,-,-,Aldershot Town,England
Garry Thompson,59,RM,,0,,3,77,34,63,59,48,44,"180cm | 5'11""",0,-,-,Scunthorpe United,England
Rune Pedersen,59,GK,,0,,3,57,56,55,60,54,59,"188cm | 6'2""",0,-,-,Odense Boldklub,Denmark
Kayode Odejayi,59,ST,,0,,3,84,49,36,49,55,71,"191cm | 6'3""",0,-,-,Barnsley,Nigeria
Konstantopoulos,59,GK,,0,,3,59,56,53,61,55,55,"193cm | 6'4""",0,-,-,Coventry City,Greece
Leon Constantine,59,ST,,0,,3,59,60,36,61,49,57,"188cm | 6'2""",0,-,-,Hereford,England
Wolfgang Mair,59,RF,,0,,4,62,58,48,59,46,52,"173cm | 5'8""",0,-,-,SK Austria Kärnten,Austria
Juan Ángel Seguro Rodríguez,59,CAM,,0,,3,58,55,61,63,51,54,"173cm | 5'8""",0,-,-,Real Unión Club Irún,Mexico
Jong Hyun Sung,59,RB,,0,,2,61,41,50,53,59,52,"178cm | 5'10""",0,-,-,Jeonbuk Hyundai Motors,Korea Republic
Jung Yul Lee,59,LB,,0,,3,52,45,55,53,59,62,"183cm | 6'0""",0,-,-,Chunnam Dragons,Korea Republic
Jin-Soo Cho,59,ST,,0,,3,72,54,50,47,61,68,"184cm | 6'0""",0,-,-,Ulsan Hyundai Horang-i,Korea Republic
Jin-Ho Lee,59,ST,,0,,3,62,54,49,57,56,67,"184cm | 6'0""",0,-,-,Ulsan Hyundai Horang-i,Korea Republic
Jib Kwon,59,CM,,0,,2,55,54,63,60,53,46,"182cm | 6'0""",0,-,-,Daejeon Citizen,Korea Republic
Liam Kearney,59,LM,,0,,4,80,51,53,62,42,48,"169cm | 5'7""",0,-,-,Derry City,Republic of Ireland
Gabriel Gómez Román,59,RM,,0,,3,74,54,51,60,48,58,"174cm | 5'9""",0,-,-,Girona C.F.,Spain
Osei Sankofa,59,RB,,0,,3,76,29,49,38,55,68,"183cm | 6'0""",0,-,-,Southend United,England
Scott Vernon,59,ST,,0,,3,65,56,42,58,51,61,"185cm | 6'1""",0,-,-,Colchester United,England
Miguel Comminges,59,RB,,0,,4,70,32,45,56,56,49,"175cm | 5'9""",0,-,-,Cardiff City,France
Moritz Stoppelkamp,59,RM,,0,,5,64,52,56,59,56,52,"180cm | 5'11""",0,-,-,Rot-Weiß Oberhausen,Germany
Ivan Piccoli,59,LM,,0,,3,49,57,62,59,54,69,"187cm | 6'2""",0,-,-,Ancona,Italy
Florian Mohr,59,CB,,0,,3,61,27,36,30,62,59,"182cm | 6'0""",0,-,-,SC Paderborn 07,Germany
Michael Parensen,59,LWB,,0,,3,74,48,56,54,53,52,"180cm | 5'11""",0,-,-,1. FC Union Berliln,Germany
Thomas Kessler,59,GK,,0,,2,61,56,41,66,61,59,"197cm | 6'6""",0,-,-,1. FC Köln,Germany
Enis Alushi,59,CM,,0,,3,68,50,60,65,45,44,"180cm | 5'11""",0,-,-,SC Paderborn 07,Germany
Haris Laitinen,59,LM,,0,,5,66,53,58,62,50,42,"173cm | 5'8""",0,-,-,Hammarby,Finland
Hugo Colace,59,CDM,,0,,3,58,41,58,59,67,60,"172cm | 5'8""",0,-,-,Barnsley,Argentina
Maurizio Anastasi,59,CM,,0,,3,54,55,60,54,59,62,"182cm | 6'0""",0,-,-,Ancona,Italy
Garry Richards,59,CB,,0,,3,63,38,39,29,60,64,"191cm | 6'3""",0,-,-,Gillingham,England
Marcin Kikut,59,RB,,0,,2,73,50,60,54,54,45,"179cm | 5'10""",0,-,-,Lech Poznań,Poland
Russell Martin,59,RB,,0,,3,64,46,52,49,56,57,"183cm | 6'0""",0,-,-,Peterborough United,England
Ryan Garry,59,CB,,0,,3,64,23,30,30,62,61,"188cm | 6'2""",0,-,-,Bournemouth,England
Byron Anthony,59,CB,,0,,3,68,19,30,30,61,62,"183cm | 6'0""",0,-,-,Bristol Rovers,Wales
Andy Morrell,59,ST,,0,,2,66,54,51,52,53,66,"180cm | 5'11""",0,-,-,Bury,England
Isaac Osbourne,59,CM,,0,,3,64,46,56,57,63,58,"178cm | 5'10""",0,-,-,Coventry City,England
Dean Beckwith,59,CB,,0,,3,64,26,32,36,61,62,"191cm | 6'3""",0,-,-,Northampton Town,England
Ben Clark,59,CB,,0,,3,51,28,37,39,64,60,"188cm | 6'2""",0,-,-,Hartlepool United,England
Michael Townsend,59,CB,,0,,3,64,22,30,21,63,58,"188cm | 6'2""",0,-,-,Cheltenham Town,England
John Spicer,59,CM,,0,,3,66,36,64,63,55,55,"180cm | 5'11""",0,-,-,Doncaster Rovers,England
Adrian Klepczyński,59,CB,,0,,3,67,38,49,42,58,50,"187cm | 6'2""",0,-,-,Polonia Bytom,Poland
Guy Moussi,59,CDM,,0,,3,57,39,58,58,73,64,"188cm | 6'2""",0,-,-,Nottingham Forest,France
Craig Davies,59,ST,,0,,3,74,53,31,52,46,74,"188cm | 6'2""",0,-,-,Brighton &amp; Hove Albion,Wales
Łukasz Kowalski,59,RB,,0,,3,63,39,52,36,59,58,"183cm | 6'0""",0,-,-,Arka Gdynia,Poland
Paweł Zawistowski,59,CDM,,0,,3,60,52,61,50,58,50,"183cm | 6'0""",0,-,-,Jagiellonia Białystok,Poland
Dariusz Sztylka,59,CM,,0,,3,59,49,59,55,61,56,"188cm | 6'2""",0,-,-,Śląsk Wrocław,Poland
Bartłomiej Chwalibogowski,59,LM,,0,,3,64,54,56,56,55,44,"178cm | 5'10""",0,-,-,Odra Wodzisław,Poland
Jae-Sung Kim,59,CDM,,0,,2,64,52,54,59,59,47,"179cm | 5'10""",0,-,-,Pohang Steelers,Korea Republic
Dong Sik Lee,59,CDM,,0,,2,58,54,58,54,61,63,"183cm | 6'0""",0,-,-,Jeju United FC,Korea Republic
Dong Hyen Yang,59,ST,,0,,3,56,59,45,55,52,62,"186cm | 6'1""",0,-,-,Busan I'Park,Korea Republic
Jae Hyun Park,59,RW,,0,,3,69,50,54,62,55,51,"178cm | 5'10""",0,-,-,Incheon United FC,Korea Republic
Yoon Sung Jung,59,ST,,0,,3,64,54,48,59,55,58,"184cm | 6'0""",0,-,-,Chunnam Dragons,Korea Republic
Oliver Fink,59,CM,,0,,4,61,49,60,55,59,62,"187cm | 6'2""",0,-,-,Fortuna Düsseldorf,Germany
Riccardo Gissi,59,CDM,,0,,3,64,30,64,58,65,53,"179cm | 5'10""",0,-,-,Triestina,Italy
David Gonzalez,59,GK,,0,,3,58,57,54,62,48,53,"181cm | 5'11""",0,-,-,Servette FC,Switzerland
David Gray,59,RM,,0,,2,75,50,51,54,55,52,"180cm | 5'11""",0,-,-,Manchester United,Scotland
Jonas Elmer,59,LB,,0,,3,67,43,53,60,55,54,"176cm | 5'9""",0,-,-,FC Aarau,Switzerland
Ádám Vass,59,CM,,0,,3,59,42,62,62,61,72,"180cm | 5'11""",0,-,-,Brescia,Hungary
Richard Taundry,59,RB,,0,,4,66,32,48,29,59,52,"183cm | 6'0""",0,-,-,Walsall,England
Marc Twaddle,59,LWB,,0,,3,63,32,57,52,57,54,"185cm | 6'1""",0,-,-,Falkirk,Scotland
Sastre,59,CM,,0,,4,61,46,62,51,58,57,"175cm | 5'9""",0,-,-,S.D. Huesca,Spain
Owain Tudur-Jones,59,CM,,0,,3,63,51,51,63,64,64,"191cm | 6'3""",0,-,-,Norwich City,Wales
Anthony Wordsworth,59,CM,,0,,4,64,58,55,55,52,46,"185cm | 6'1""",0,-,-,Colchester United,England
Miguel Martínez de Corta,59,GK,,0,,3,62,63,48,61,38,60,"190cm | 6'3""",0,-,-,S.D. Huesca,Spain
Vicente Pascual Collado,59,RM,,0,,3,71,52,57,60,48,46,"175cm | 5'9""",0,-,-,S.D. Huesca,Spain
Michael Raynes,59,CB,,0,,3,71,27,37,29,58,61,"193cm | 6'4""",0,-,-,Stockport County,England
Matthew Collins,59,CDM,,0,,3,59,50,58,63,58,44,"174cm | 5'9""",0,-,-,Swansea City,Wales
Asmir Begovic,59,GK,,0,,3,64,44,55,68,50,51,"196cm | 6'5""",0,-,-,Portsmouth,Canada
Simon Hackney,59,LW,,0,,3,82,46,53,68,36,29,"173cm | 5'8""",0,-,-,Colchester United,England
Lionel Ainsworth,59,RW,,0,,3,78,46,58,64,47,42,"175cm | 5'9""",0,-,-,Huddersfield Town,England
Peter Hackmair,59,CM,,0,,3,53,53,59,60,60,50,"177cm | 5'10""",0,-,-,SV Josko Fenst. Ried,Austria
Ian Morris,59,LM,,0,,3,61,43,67,51,57,60,"183cm | 6'0""",0,-,-,Scunthorpe United,Republic of Ireland
Ben Amos,59,GK,,0,,2,63,51,57,62,45,54,"187cm | 6'2""",0,-,-,Manchester United,England
Roberto Lago Soto,59,LWB,,0,,3,67,36,55,59,56,50,"178cm | 5'10""",0,-,-,R.C. Celta,Spain
Joeri Dequevy,59,CAM,,0,,4,71,52,58,61,43,45,"174cm | 5'9""",0,-,-,KSV Roeselare,Belgium
Łukasz Jasiński,59,CB,,0,,3,55,34,45,34,62,53,"190cm | 6'3""",0,-,-,Zagłębie Lubin,Poland
Yong-Tae Kim,59,CAM,,0,,3,62,50,58,63,53,38,"176cm | 5'9""",0,-,-,Ulsan Hyundai Horang-i,Korea Republic
Dong Won Yang,59,GK,,0,,2,57,52,53,58,65,59,"188cm | 6'2""",0,-,-,Daejeon Citizen,Korea Republic
Myung Jung Kim,59,CAM,,0,,2,66,54,54,63,52,50,"182cm | 6'0""",0,-,-,Gwangju Sangmu FC,Korea Republic
In Ho Kim,59,RB,,0,,3,62,36,56,47,57,61,"184cm | 6'0""",0,-,-,Jeonbuk Hyundai Motors,Korea Republic
Kasali Casal,59,LB,,0,,2,82,35,34,48,53,55,"186cm | 6'1""",0,-,-,Swindon Town,England
Kay Voser,59,RB,,0,,3,71,36,51,57,55,56,"173cm | 5'8""",0,-,-,Grasshopper-Club,Switzerland
Jahmir Hyka,59,CAM,,0,,4,75,53,55,81,35,42,"168cm | 5'6""",0,-,-,1. FSV Mainz 05,Albania
Clark Masters,59,GK,,0,,3,55,56,61,56,60,55,"191cm | 6'3""",0,-,-,Aldershot Town,England
Fredrik Lundgren,59,CM,,0,,3,62,43,60,51,66,59,"187cm | 6'2""",0,-,-,GAIS,Sweden
Philipp Langen,59,LWB,,0,,3,60,38,56,55,58,54,"183cm | 6'0""",0,-,-,TuS Koblenz,Germany
Kévin Das Neves,59,CB,,0,,2,53,40,58,41,60,65,"183cm | 6'0""",0,-,-,U.S. Boulogne Cote D'Opale,France
Dean Furman,59,CM,,0,,3,62,47,59,58,56,40,"175cm | 5'9""",0,-,-,Oldham Athletic,South Africa
Alexander Stephan,59,GK,,0,,3,58,62,53,58,61,55,"189cm | 6'2""",0,-,-,1. FC Nürnberg,Germany
Leandro Vitiello,59,CM,,0,,2,68,42,58,64,55,44,"180cm | 5'11""",0,-,-,Grosseto,Italy
Moustapha Dabo,59,LF,,0,,3,68,56,40,59,37,48,"186cm | 6'1""",0,-,-,FC Sion,Senegal
Hyun Seung Lee,59,CAM,,0,,3,64,50,62,63,46,31,"172cm | 5'8""",0,-,-,Jeonbuk Hyundai Motors,Korea Republic
Mario Vrancic,59,CAM,,0,,3,65,51,63,64,44,52,"186cm | 6'1""",0,-,-,Rot-Weiß Ahlen,Germany
Piotr Stawarczyk,59,CB,,0,,2,58,22,41,28,64,55,"193cm | 6'4""",0,-,-,Ruch Chorzów,Poland
Ruud Vormer,59,CDM,,0,,3,66,41,58,51,66,55,"178cm | 5'10""",0,-,-,Roda JC,Netherlands
Wilker Pereira dos Santos,59,CF,,0,,3,75,53,46,55,52,48,"174cm | 5'9""",0,-,-,Genoa,Brazil
David Caiado Dias,59,RW,,0,,3,62,54,57,63,43,50,"176cm | 5'9""",0,-,-,Zagłębie Lubin,Portugal
Liam Trotter,59,CM,,0,,1,68,45,56,53,60,56,"188cm | 6'2""",0,-,-,Ipswich Town,England
Romain Beynié,59,CDM,,0,,4,57,48,59,55,62,56,"175cm | 5'9""",0,-,-,Olympique Lyonnais,France
Danny Hollands,59,CM,,0,,3,64,40,62,52,62,54,"180cm | 5'11""",0,-,-,Bournemouth,England
Cidimar Rodrigues da Silva,59,ST,,0,2.0,3,63,54,48,56,44,68,"183cm | 6'0""",0,-,-,FSV Frankfurt,Brazil
Simon Gillett,59,CM,,0,,3,63,46,59,50,60,47,"168cm | 5'6""",0,-,-,Southampton,England
Min-Oh Kim,59,CDM,,0,,3,62,54,55,57,58,64,"183cm | 6'0""",0,-,-,Ulsan Hyundai Horang-i,Korea Republic
Dino Djulbic,59,CB,,0,,3,46,35,37,34,65,60,"195cm | 6'5""",0,-,-,Rot-Weiß Ahlen,Bosnia Herzegovina
Tomáš Janotka,59,RM,,0,,3,66,55,55,59,53,56,"182cm | 6'0""",0,-,-,Sigma Olomouc,Czech Republic
Woo-Yeon Sim,59,ST,,0,,2,60,54,45,54,53,80,"195cm | 6'5""",0,-,-,FC Seoul,Korea Republic
Ja Cheol Koo,59,CM,,0,,3,55,53,60,63,55,52,"182cm | 6'0""",0,-,-,Jeju United FC,Korea Republic
Matthew Kemp,59,RB,,0,,3,61,35,56,49,60,45,"175cm | 5'9""",0,-,-,Melbourne Victory FC,Australia
Nicolò Cherubin,59,CB,,0,,2,53,25,41,36,63,70,"188cm | 6'2""",0,-,-,Cittadella,Italy
Alphousseyni Keita,59,CDM,,0,,3,64,46,51,48,72,72,"180cm | 5'11""",0,-,-,Le Mans Union Club 72,Mali
Christopher Gäng,59,GK,,0,,2,71,61,41,67,32,51,"188cm | 6'2""",0,-,-,Hertha BSC,Germany
Jean-Yves Mvoto,59,CB,,0,,3,63,28,34,30,61,61,"193cm | 6'4""",0,-,-,Southend United,France
Tomáš Pekhart,59,ST,,0,,2,67,57,36,59,41,58,"189cm | 6'2""",0,-,-,Slavia Praha,Czech Republic
Jay Emmanuel-Thomas,59,CDM,,0,,2,73,38,54,59,62,72,"191cm | 6'3""",0,-,-,Arsenal,England
Raffaele Bianco,59,CM,,0,,3,69,49,51,60,61,58,"180cm | 5'11""",0,-,-,Modena,Italy
Erik Lund,59,RB,,0,,3,65,33,54,41,58,56,"186cm | 6'1""",0,-,-,I. Göteborg,Sweden
Grant Basey,59,LB,,0,,3,61,30,58,50,59,46,"178cm | 5'10""",0,-,-,Charlton Athletic,Wales
Ömer Sismanoglu,59,ST,,0,,4,71,51,47,61,40,54,"186cm | 6'1""",0,-,-,Kayserispor,Germany
Lukáš Bajer,59,CM,,0,,2,59,47,62,58,59,44,"174cm | 5'9""",0,-,-,Sigma Olomouc,Czech Republic
Marek Kaščák,59,CM,,0,,3,59,50,58,60,61,61,"180cm | 5'11""",0,-,-,Sigma Olomouc,Slovakia
Chris Martin,59,ST,,0,,4,70,61,29,58,49,39,"178cm | 5'10""",0,-,-,Norwich City,England
David Hubert,59,CDM,,0,,3,66,46,56,56,63,58,"182cm | 6'0""",0,-,-,KRC Genk,Belgium
Deniz Kadah,59,ST,,0,,4,66,54,48,60,39,58,"186cm | 6'1""",0,-,-,Fortuna Düsseldorf,Turkey
Robert Palikuca,59,CB,,0,,3,51,27,29,21,67,48,"196cm | 6'5""",0,-,-,Fortuna Düsseldorf,Croatia
Danny Drinkwater,59,CM,,0,,4,66,52,59,58,48,37,"175cm | 5'9""",0,-,-,Huddersfield Town,England
Rhys Murphy,59,ST,,0,,3,77,53,40,61,31,44,"177cm | 5'10""",0,-,-,Arsenal,England
Gilles Sunu,59,CF,,0,,2,74,53,39,65,38,44,"180cm | 5'11""",0,-,-,Arsenal,France
Dusan Veskovac,59,CB,,0,,3,59,46,50,51,58,62,"187cm | 6'2""",0,-,-,FC Luzern,Serbia
Tamás Kádár,59,CB,,0,,2,66,33,54,44,57,58,"188cm | 6'2""",0,-,-,Newcastle United,Hungary
Francisco José Cortés Vázquez,59,CAM,,0,,3,65,53,64,59,41,48,"173cm | 5'8""",0,-,-,Cádiz CF,Spain
Raphael Wolf,59,GK,,0,,2,59,57,57,60,41,54,"190cm | 6'3""",0,-,-,KSV Superfund,Germany
Ideye Aide Brown,59,ST,,0,,3,65,55,49,58,53,57,"180cm | 5'11""",0,-,-,Neuchâtel Xamax,Nigeria
Thomas Unger,59,GK,,0,,3,62,59,51,61,29,57,"188cm | 6'2""",0,-,-,Alemannia Aachen,Germany
Kyu Ro Lee,59,RB,,0,,3,65,42,47,50,59,38,"177cm | 5'10""",0,-,-,Chunnam Dragons,Korea Republic
Young Woo Kim,59,RW,,0,,3,64,53,56,60,48,50,"176cm | 5'9""",0,-,-,GyeongNam FC,Korea Republic
Hyung Min Shin,59,CDM,,0,,3,64,51,56,54,58,57,"182cm | 6'0""",0,-,-,Pohang Steelers,Korea Republic
Lens Annab,59,CM,,0,,4,65,48,55,60,59,56,"183cm | 6'0""",0,-,-,KVC Westerlo,Belgium
Bakary Sare,59,CDM,,0,,3,68,40,58,49,67,64,"186cm | 6'1""",0,-,-,RSC Anderlecht,Ivory Coast
Pablo Buendia Elvira,59,CB,,0,,3,53,27,45,31,64,58,"192cm | 6'4""",0,-,-,Albacete Balompié,Spain
George Friend,59,LB,,0,,2,61,37,55,53,58,58,"185cm | 6'1""",0,-,-,Wolverhampton Wanderers,England
Giuseppe Aquaro,59,CB,,0,,3,62,34,47,38,60,44,"187cm | 6'2""",0,-,-,FC Aarau,Italy
Tony Stevenson,59,CDM,,0,,3,66,43,53,64,64,60,"175cm | 5'9""",0,-,-,Hamilton Academicals,Scotland
Zlatko Janjic,59,CAM,,0,,3,65,64,50,66,48,52,"186cm | 6'1""",0,-,-,Arminia Bielefeld,Bosnia Herzegovina
Andrea Pierobon,59,GK,,0,,1,66,60,59,50,18,60,"183cm | 6'0""",0,-,-,Cittadella,Italy
Davide Carteri,59,CM,,0,,3,60,57,57,62,49,52,"180cm | 5'11""",0,-,-,Cittadella,Italy
Maurizio Nassi,59,ST,,0,,3,54,60,44,57,48,66,"180cm | 5'11""",0,-,-,Mantova,Italy
Jerry Vandam,59,CB,,0,,3,62,32,47,35,61,52,"186cm | 6'1""",0,-,-,LOSC Lille Métropole,France
Gary Glen,59,ST,,0,,3,68,59,46,62,45,28,"170cm | 5'7""",0,-,-,Heart of Midlothian,Scotland
Ivan Pejcic,59,LW,,0,,3,70,53,47,65,36,39,"183cm | 6'0""",0,-,-,FC Aarau,Serbia
Johnny Herd,59,LB,,0,,3,64,32,55,60,57,50,"175cm | 5'9""",0,-,-,Southend United,England
Thiago Rangel Cionek,59,CB,,0,,3,65,28,47,38,59,60,"184cm | 6'0""",0,-,-,Jagiellonia Białystok,Brazil
Alessandro Vinci,59,RB,,0,,2,60,46,56,49,57,60,"183cm | 6'0""",0,-,-,Empoli,Italy
Matteo Negrini,59,RF,,0,,2,62,56,57,57,51,52,"177cm | 5'10""",0,-,-,Empoli,Italy
Florian Jungwirth,59,CB,,0,,3,65,25,42,43,58,66,"180cm | 5'11""",0,-,-,TSV 1860 München,Germany
Migjen Basha,59,CAM,,0,,3,66,56,58,64,46,56,"180cm | 5'11""",0,-,-,Frosinone,Albania
Kieron Djilali,59,RW,,0,,4,81,50,50,58,44,43,"191cm | 6'3""",0,-,-,Crystal Palace,Iran
Frank Lehmann,59,GK,,0,,2,69,57,60,58,44,45,"191cm | 6'3""",0,-,-,Energie Cottbus,Germany
Dieter Elsneg,59,CF,,0,,3,62,53,56,60,55,54,"177cm | 5'10""",0,-,-,Frosinone,Austria
Tom Taiwo,59,CM,,0,,3,63,48,62,58,53,50,"173cm | 5'8""",0,-,-,Carlisle United,England
Luis Manuel Villa López,59,LWB,,0,,3,72,33,50,66,55,42,"175cm | 5'9""",0,-,-,Real Racing Club,Spain
Christian Dorda,59,LB,,0,,3,66,25,53,48,57,65,"182cm | 6'0""",0,-,-,Borussia M'gladbach,Germany
Kamil Biliński,59,ST,,0,,3,63,61,53,51,49,44,"180cm | 5'11""",0,-,-,Śląsk Wrocław,Poland
Adam Smith,59,LB,,0,,3,75,52,60,64,52,48,"178cm | 5'10""",0,-,-,Tottenham Hotspur,England
Marko Futacs,59,ST,,0,,3,64,55,44,55,43,70,"195cm | 6'5""",0,-,-,Werder Bremen,Hungary
Shergo Biran,59,ST,,0,,4,56,57,55,59,43,52,"175cm | 5'9""",0,-,-,1. FC Union Berliln,Germany
Sebastian Heidinger,59,LM,,0,,4,76,54,50,62,47,58,"174cm | 5'9""",0,-,-,Fortuna Düsseldorf,Germany
Jong Jin Park,59,LM,,0,,4,66,53,56,62,52,45,"178cm | 5'10""",0,-,-,Gangwon FC,Korea Republic
Hong-Il Kim,59,CAM,,0,,3,56,52,66,62,45,39,"178cm | 5'10""",0,-,-,Suwon Samsung Bluewings,Korea Republic
Yong Rae Lee,59,CAM,,0,,2,63,56,58,65,47,42,"175cm | 5'9""",0,-,-,GyeongNam FC,Korea Republic
Ho Young Song,59,RW,,0,,3,74,52,46,60,50,52,"175cm | 5'9""",0,-,-,GyeongNam FC,Korea Republic
Min Park,59,CB,,0,,2,56,47,44,51,59,59,"184cm | 6'0""",0,-,-,GyeongNam FC,Korea Republic
Yong Gi Lee,59,CB,,0,,3,55,43,44,44,60,65,"189cm | 6'2""",0,-,-,GyeongNam FC,Korea Republic
Sang Wun Han,59,CM,,0,,3,63,57,54,60,52,54,"182cm | 6'0""",0,-,-,Busan I'Park,Korea Republic
Chang-Hoon Kim,59,LWB,,0,,2,64,51,54,55,56,54,"183cm | 6'0""",0,-,-,Pohang Steelers,Korea Republic
Jung Hae Park,59,CB,,0,,3,55,46,42,49,60,62,"183cm | 6'0""",0,-,-,Daejeon Citizen,Korea Republic
Seul Gi Lee,59,CDM,,0,,3,55,61,57,54,58,60,"186cm | 6'1""",0,-,-,Daegu FC,Korea Republic
Arnor Angeli,59,CM,,0,,3,66,55,50,54,60,56,"184cm | 6'0""",0,-,-,Standard de Liège,Belgium
Andrew Little,59,CF,,0,,3,68,58,44,50,62,60,"184cm | 6'0""",0,-,-,Rangers,Northern Ireland
Kike García,59,ST,,0,,3,64,55,40,60,49,66,"186cm | 6'1""",0,-,-,Real Murcia,Spain
Jan Lella,59,RB,,0,,2,63,37,42,36,60,56,"188cm | 6'2""",0,-,-,Royal Charleroi SC,Belgium
Tomasz Welnicki,59,CB,,0,,5,66,30,39,35,60,58,"185cm | 6'1""",0,-,-,1. FC Nürnberg,Poland
Güngör Kaya,59,LF,,0,,5,72,55,50,54,43,51,"178cm | 5'10""",0,-,-,1. FC Nürnberg,Germany
Boris Vukcevic,59,LW,,0,,3,79,51,63,53,40,43,"182cm | 6'0""",0,-,-,TSG 1899 Hoffenheim,Germany
Marco Aratore,59,RM,,0,,3,64,50,58,61,55,58,"175cm | 5'9""",0,-,-,FC Basel 1893,Switzerland
Manuel Schmiedebach,59,RB,,0,,4,71,30,55,48,56,48,"174cm | 5'9""",0,-,-,Hannover 96,Germany
Diogo André Fernandes Lamelas,59,RW,,0,,3,73,49,58,64,43,42,"172cm | 5'8""",0,-,-,Vitória de Guimarães,Portugal
Conor Hourihane,59,CM,,0,,3,67,49,54,63,54,54,"183cm | 6'0""",0,-,-,Sunderland,Republic of Ireland
Tom Moosmayer,59,LM,,0,,3,66,54,57,57,49,52,"178cm | 5'10""",0,-,-,Rot-Weiß Ahlen,Belgium
Andrzej Niewulis,59,CB,,0,,2,62,20,32,21,65,48,"187cm | 6'2""",0,-,-,Jagiellonia Białystok,Poland
Andreas Weimann,59,CF,,0,,3,61,59,42,61,39,50,"180cm | 5'11""",0,-,-,Aston Villa,Austria
Nils Miatke,59,LM,,0,,3,71,47,58,61,48,44,"176cm | 5'9""",0,-,-,Energie Cottbus,Germany
Lasse Sobiech,59,CB,,0,,3,56,44,45,34,61,70,"196cm | 6'5""",0,-,-,Borussia Dortmund,Germany
Abdul-Ganiyu Iddi,59,CAM,,0,,4,64,54,56,60,51,55,"172cm | 5'8""",0,-,-,KV Mechelen,Ghana
Sven Krause,59,ST,,0,,4,58,58,44,57,46,62,"183cm | 6'0""",0,-,-,SC Paderborn 07,Germany
Tamer Tuna,59,ST,,0,,3,65,57,49,57,46,48,"178cm | 5'10""",0,-,-,Charlton Athletic,Turkey
Junior Livramento,59,CDM,,0,,3,67,31,63,56,64,46,"181cm | 5'11""",0,-,-,Willem II,Netherlands
Marco Davide Faraoni,59,RB,,0,3.0,3,71,50,59,50,50,52,"180cm | 5'11""",0,-,-,Lazio,Italy
Danny Schofield,58,LM,,0,,5,67,53,55,64,47,50,"178cm | 5'10""",0,-,-,Millwall,England
Jody Morris,58,CM,,0,,3,57,48,58,66,56,37,"165cm | 5'5""",0,-,-,St. Johnstone FC,England
Andy Welsh,58,LM,,0,,3,69,48,55,63,49,52,"173cm | 5'8""",0,-,-,Yeovil Town,Scotland
Luigi Piangerelli,58,CDM,,0,,3,68,41,53,59,63,60,"175cm | 5'9""",0,-,-,A.C. Cesena,Italy
John Curtis,58,RB,,0,,3,63,28,42,38,59,60,"178cm | 5'10""",0,-,-,Northampton Town,England
Chris Innes,58,CB,,0,,2,52,27,39,28,63,64,"183cm | 6'0""",0,-,-,St. Mirren,Scotland
Piotr Świerczewski,58,CDM,,0,,3,62,44,50,49,75,46,"181cm | 5'11""",0,-,-,Zagłębie Lubin,Poland
Adrian Caceres,58,LM,,0,,3,70,55,52,66,44,34,"178cm | 5'10""",0,-,-,Wellington Phoenix,Australia
Florian Sturm,58,LW,,0,,3,65,52,56,59,48,51,"180cm | 5'11""",0,-,-,SV Josko Fenst. Ried,Austria
Ian Breckin,58,CB,,0,,3,45,22,29,24,66,70,"180cm | 5'11""",0,-,-,Chesterfield,England
Milan Fukal,58,CB,,0,,3,51,48,50,51,59,61,"188cm | 6'2""",0,-,-,KSV Superfund,Czech Republic
Barry Conlon,58,ST,,0,,3,66,55,43,54,50,56,"191cm | 6'3""",0,-,-,Grimsby Town,Republic of Ireland
Paul Arnison,58,RB,,0,,3,58,43,49,51,57,54,"177cm | 5'10""",0,-,-,Darlington,England
Chris Westwood,58,CB,,0,,3,68,29,31,26,59,60,"183cm | 6'0""",0,-,-,Wycombe Wanderers,England
Sam Stockley,58,RB,,0,,4,56,43,59,54,57,57,"183cm | 6'0""",0,-,-,Port Vale,England
Chris Hackett,58,RW,,0,,3,82,45,56,60,44,44,"183cm | 6'0""",0,-,-,Millwall,England
Thierno Bah,58,CDM,,0,,3,74,48,52,58,49,66,"175cm | 5'9""",0,-,-,Neuchâtel Xamax,Guinea
Patrick Zoundi,58,RM,,0,,3,83,47,50,68,43,45,"173cm | 5'8""",0,-,-,Fortuna Düsseldorf,Burkina Faso
Jamie Clapham,58,LB,,0,,3,62,45,55,44,57,50,"175cm | 5'9""",0,-,-,Notts County,England
Gary Doherty,58,CB,,0,,3,51,41,36,38,61,70,"188cm | 6'2""",0,-,-,Norwich City,Republic of Ireland
Paul Dickov,58,ST,,0,,3,56,58,38,57,65,60,"168cm | 5'6""",0,-,-,Derby County,Scotland
Bram Vandenbussche,58,CB,,0,,4,56,38,32,38,61,56,"184cm | 6'0""",0,-,-,KSV Roeselare,Belgium
Bruno Grougi,58,RM,,0,,3,73,51,54,63,44,32,"171cm | 5'7""",0,-,-,Stade Brestois 29,France
Adam Chambers,58,CM,,0,,3,63,22,70,56,62,54,"178cm | 5'10""",0,-,-,Leyton Orient,England
Gary Dempsey,58,CAM,,0,,3,65,50,58,59,48,48,"175cm | 5'9""",0,-,-,St. Patrick's Athletic,Republic of Ireland
David Martot,58,CAM,,0,,3,65,58,48,65,50,42,"175cm | 5'9""",0,-,-,Vannes OC,France
Alan Navarro,58,CDM,,0,,3,61,47,57,51,59,60,"178cm | 5'10""",0,-,-,Brighton &amp; Hove Albion,England
Daniel Spiller,58,CM,,0,,3,60,50,57,57,55,62,"173cm | 5'8""",0,-,-,Dagenham and Redbridge,England
Elvis Hammond,58,ST,,0,,3,80,50,37,58,45,51,"175cm | 5'9""",0,-,-,Cheltenham Town,Ghana
Jamie Vincent,58,LB,,0,,3,58,25,42,39,61,56,"178cm | 5'10""",0,-,-,Walsall,England
Paul McLaren,58,CM,,0,,3,55,52,60,53,57,53,"185cm | 6'1""",0,-,-,Tranmere Rovers,England
Simon Ford,58,CB,,0,,3,54,13,32,43,62,66,"180cm | 5'11""",0,-,-,Kilmarnock,England
Stuart Campbell,58,CM,,0,,3,55,37,66,51,62,48,"178cm | 5'10""",0,-,-,Bristol Rovers,Scotland
Tomasz Szewczuk,58,CF,,0,,3,65,55,42,54,53,62,"185cm | 6'1""",0,-,-,Śląsk Wrocław,Poland
Rolf-Christel Guié-Mien,58,RM,,0,,3,67,51,59,67,40,47,"177cm | 5'10""",0,-,-,SC Paderborn 07,Congo
Olivier Caillas,58,LM,,0,,3,79,47,52,60,47,44,"180cm | 5'11""",0,-,-,Fortuna Düsseldorf,Germany
Tommy Doherty,58,CDM,,0,,3,60,48,53,56,63,57,"173cm | 5'8""",0,-,-,Wycombe Wanderers,Northern Ireland
Jack Lester,58,ST,,0,,3,56,60,36,57,51,60,"175cm | 5'9""",0,-,-,Chesterfield,England
Rhys Evans,58,GK,,0,,3,59,55,55,57,43,56,"185cm | 6'1""",0,-,-,Bristol Rovers,England
Michael Collins,58,CDM,,0,,3,55,55,51,59,64,47,"183cm | 6'0""",0,-,-,Dundalk FC,Northern Ireland
Cato Guntveit,58,RM,,0,,3,69,52,52,53,55,48,"180cm | 5'11""",0,-,-,SK Brann,Norway
Matthew Heywood,58,CB,,0,,3,53,27,36,40,62,61,"191cm | 6'3""",0,-,-,Grimsby Town,England
Sean Thornton,58,CAM,,0,,3,56,44,67,58,52,54,"178cm | 5'10""",0,-,-,Leyton Orient,Republic of Ireland
Laurent Pionnier,58,GK,,0,,2,57,59,59,55,34,56,"184cm | 6'0""",0,-,-,Montpellier Hérault Sport Club,France
Julio Colombo,58,CB,,0,,3,56,34,52,37,59,58,"178cm | 5'10""",0,-,-,Montpellier Hérault Sport Club,France
Ahmet Cebe,58,RM,,0,,2,73,49,54,69,43,52,"181cm | 5'11""",0,-,-,Denizlispor,Germany
Lee Beevers,58,CB,,0,,3,60,25,35,37,60,62,"188cm | 6'2""",0,-,-,Colchester United,Wales
Markus Heikkinen,58,CDM,,0,,3,65,34,57,49,72,75,"185cm | 6'1""",0,-,-,SK Rapid Wien,Finland
Carsten Busch,58,GK,,0,,3,56,50,55,64,59,49,"188cm | 6'2""",0,-,-,1. FC Union Berliln,Germany
Daniel Embers,58,LWB,,0,,3,64,31,48,45,56,63,"183cm | 6'0""",0,-,-,Rot-Weiß Oberhausen,Germany
Yousef Fahkro,58,CB,,0,,3,55,42,46,50,58,60,"182cm | 6'0""",0,-,-,Trelleborgs FF,Sweden
Ryan Jarvis,58,ST,,0,,3,74,51,32,61,52,55,"183cm | 6'0""",0,-,-,Leyton Orient,England
Chris Millar,58,RM,,0,,3,64,36,60,62,61,43,"175cm | 5'9""",0,-,-,St. Johnstone FC,Scotland
Antoine Buron,58,RM,,0,,3,66,53,53,63,52,48,"170cm | 5'7""",0,-,-,FC Lorient Bretagne Sud,France
Thomas Burgstaller,58,CB,,0,,4,57,48,41,42,57,67,"190cm | 6'3""",0,-,-,SV Josko Fenst. Ried,Austria
Arron Davies,58,RW,,0,,4,73,50,52,62,47,42,"175cm | 5'9""",0,-,-,Brighton &amp; Hove Albion,Wales
Dean Sinclair,58,CM,,0,,3,62,43,61,60,54,42,"178cm | 5'10""",0,-,-,Charlton Athletic,England
Kyoo Sun Park,58,LM,,0,,5,77,41,53,64,52,39,"183cm | 6'0""",0,-,-,Gwangju Sangmu FC,Korea Republic
Young Chul Kim,58,CB,,0,,5,48,40,37,32,63,62,"183cm | 6'0""",0,-,-,Chunnam Dragons,Korea Republic
Matt Harrold,58,ST,,0,,3,64,55,42,62,44,44,"185cm | 6'1""",0,-,-,Wycombe Wanderers,England
Stephen O'Donnell,58,RW,,0,,3,65,52,59,61,47,37,"183cm | 6'0""",0,-,-,St. Mirren,Scotland
Jon-Paul McGovern,58,RM,,0,,3,59,47,61,65,50,48,"173cm | 5'8""",0,-,-,Swindon Town,Scotland
Mikkel Jensen,58,CDM,,0,,3,53,55,58,42,66,57,"182cm | 6'0""",0,-,-,IF Brommapojkarna,Denmark
Robert Popov,58,CB,,0,,3,66,48,52,64,53,56,"185cm | 6'1""",0,-,-,AJ Auxerre,FYR Macedonia
Scott Kerr,58,CM,,0,,4,58,39,65,61,57,38,"175cm | 5'9""",0,-,-,Lincoln City,England
Guzmán Casaseca Lozano,58,RM,,0,,3,75,45,58,60,42,48,"179cm | 5'10""",0,-,-,C.D. Castellón,Spain
José Vega Díaz,58,LM,,0,,3,74,46,52,61,52,58,"176cm | 5'9""",0,-,-,Córdoba C.F.,Spain
José Luis Cabrera Cava,58,CDM,,0,,3,55,46,59,55,64,52,"193cm | 6'4""",0,-,-,Córdoba C.F.,Spain
Fernando López Fernández,58,GK,,0,,2,58,59,44,66,39,56,"180cm | 5'11""",0,-,-,Córdoba C.F.,Spain
Błażej Telichowski,58,LB,,0,,4,64,47,48,54,54,58,"187cm | 6'2""",0,-,-,Polonia Warszawa,Poland
Marcin Radzewicz,58,LM,,0,,2,65,53,56,56,51,45,"176cm | 5'9""",0,-,-,Polonia Bytom,Poland
Roberto Colacone,58,ST,,0,,3,56,58,47,57,50,58,"180cm | 5'11""",0,-,-,Ancona,Italy
George O'Callaghan,58,CAM,,0,,2,61,52,58,60,49,49,"187cm | 6'2""",0,-,-,Yeovil Town,Republic of Ireland
Malik Couturier,58,CB,,0,,4,52,26,41,31,62,61,"185cm | 6'1""",0,-,-,Angers SCO,France
Abderaouf Zarabi,58,LB,,0,,3,53,39,53,34,60,57,"182cm | 6'0""",0,-,-,Nîmes Olympique,Algeria
Kevin McIntyre,58,LM,,0,,3,60,48,55,56,61,55,"183cm | 6'0""",0,-,-,Shrewsbury,England
Njazi Kuqi,58,ST,,0,,3,51,58,48,49,54,78,"192cm | 6'4""",0,-,-,TuS Koblenz,Finland
Brecht Verbrugghe,58,CDM,,0,,3,59,46,57,50,64,64,"183cm | 6'0""",0,-,-,KV Kortrijk,Belgium
Hannes Aigner,58,ST,,0,,3,56,58,48,52,43,60,"185cm | 6'1""",0,-,-,SC Magna Wiener Neustadt,Austria
David Bird,58,CM,,0,,3,68,24,69,45,62,45,"173cm | 5'8""",0,-,-,Cheltenham Town,England
Chul Joon Ma,58,CDM,,0,,2,71,35,58,56,57,50,"180cm | 5'11""",0,-,-,Jeju United FC,Korea Republic
Virgile Reset,58,RM,,0,,4,75,38,58,63,50,40,"176cm | 5'9""",0,-,-,Vannes OC,France
Won Il Yoon,58,LM,,0,,3,59,48,58,58,56,52,"176cm | 5'9""",0,-,-,Incheon United FC,Korea Republic
Jakub Szmatula,58,GK,,0,,3,58,63,58,49,50,57,"187cm | 6'2""",0,-,-,Piast Gliwice,Poland
Krzysztof Markowski,58,CB,,0,,2,55,45,42,44,59,64,"185cm | 6'1""",0,-,-,Odra Wodzisław,Poland
Keith Lowe,58,CB,,0,,3,53,33,34,32,62,58,"188cm | 6'2""",0,-,-,Hereford,England
Bartosz Bialkowski,58,GK,,0,,3,60,54,52,61,56,50,"194cm | 6'4""",0,-,-,Southampton,Poland
Darryl Duffy,58,ST,,0,,4,66,60,27,51,48,60,"180cm | 5'11""",0,-,-,Bristol Rovers,Scotland
Nicolas Ledgerwood,58,CDM,,0,,4,67,47,53,46,65,56,"178cm | 5'10""",0,-,-,FSV Frankfurt,Canada
Jung Hwa Han,58,RW,,0,,3,73,51,47,56,46,48,"173cm | 5'8""",0,-,-,Daegu FC,Korea Republic
Ricardo Álvarez Puig,58,CB,,0,,3,54,30,48,30,61,55,"184cm | 6'0""",0,-,-,Córdoba C.F.,Spain
Ashley Vincent,58,RW,,0,,3,80,49,46,60,44,40,"183cm | 6'0""",0,-,-,Colchester United,England
Oliver Hampel,58,RM,,0,,3,70,42,54,52,60,58,"171cm | 5'7""",0,-,-,Fortuna Düsseldorf,Germany
Shelton Martis,58,CB,,0,,3,57,26,41,29,61,62,"185cm | 6'1""",0,-,-,West Bromwich Albion,Netherlands Antilles
Christoph Saurer,58,LM,,0,,5,63,43,61,55,55,44,"175cm | 5'9""",0,-,-,LASK Linz,Austria
Marco Hämmerli,58,LB,,0,,4,58,50,64,51,56,54,"174cm | 5'9""",0,-,-,FC St. Gallen,Switzerland
Alan Julian,58,GK,,0,,3,53,56,56,57,43,59,"188cm | 6'2""",0,-,-,Gillingham,Northern Ireland
Manuel Bölstler,58,CM,,0,,4,66,56,47,58,58,62,"183cm | 6'0""",0,-,-,Rot-Weiß Ahlen,Germany
Stefano Botta,58,LM,,0,,3,65,49,55,54,55,48,"173cm | 5'8""",0,-,-,Vicenza,Switzerland
Dariusz Jackiewicz,58,RM,,0,,3,60,53,57,53,55,52,"179cm | 5'10""",0,-,-,Zagłębie Lubin,Poland
Emin Sulimani,58,LM,,0,,4,64,45,63,69,43,41,"174cm | 5'9""",0,-,-,FK Austria Wien,Austria
Kenan Sahin,58,ST,,0,,4,56,56,47,61,44,50,"184cm | 6'0""",0,-,-,1. FC Union Berliln,Turkey
Steven Schumacher,58,CM,,0,,3,66,49,57,57,52,39,"183cm | 6'0""",0,-,-,Crewe Alexandra,England
John Halls,58,CDM,,0,,3,61,50,55,56,59,58,"183cm | 6'0""",0,-,-,Aldershot Town,Scotland
David Leray,58,RB,,0,,3,63,35,56,34,57,52,"181cm | 5'11""",0,-,-,Angers SCO,France
Derek Niven,58,CM,,0,,3,58,54,54,58,56,56,"185cm | 6'1""",0,-,-,Chesterfield,Scotland
David Mulligan,58,RB,,0,,4,66,32,41,39,58,52,"173cm | 5'8""",0,-,-,Wellington Phoenix,New Zealand
Remigiusz Jezierski,58,ST,,0,,3,65,53,48,56,59,58,"178cm | 5'10""",0,-,-,Jagiellonia Białystok,Poland
Andrea Cristiano,58,CF,,0,,3,46,62,50,56,52,55,"179cm | 5'10""",0,-,-,Albinoleffe,Italy
Iacopo La Rocca,58,CB,,0,,3,57,35,51,50,58,56,"181cm | 5'11""",0,-,-,AC Bellinzona,Italy
Stephen Dawson,58,CM,,0,,4,69,38,56,54,61,46,"168cm | 5'6""",0,-,-,Bury,Republic of Ireland
Olivér Pusztai,58,CB,,0,,3,48,51,51,45,60,62,"184cm | 6'0""",0,-,-,SK Austria Kärnten,Hungary
Mariusz Sacha,58,RW,,0,,3,82,48,48,57,44,38,"176cm | 5'9""",0,-,-,Cracovia Kraków,Poland
Michael Timlin,58,CM,,0,,3,66,32,67,55,56,55,"173cm | 5'8""",0,-,-,Swindon Town,Republic of Ireland
Kamil Witkowski,58,ST,,0,,3,58,55,49,60,49,51,"182cm | 6'0""",0,-,-,Cracovia Kraków,Poland
Grzegorz Podstawek,58,ST,,0,,5,59,56,46,58,44,60,"182cm | 6'0""",0,-,-,Polonia Bytom,Poland
Yoon Hwa Park,58,LM,,0,,3,61,52,53,63,54,47,"176cm | 5'9""",0,-,-,GyeongNam FC,Korea Republic
Young Chul Shin,58,CDM,,0,,3,58,54,52,60,58,57,"176cm | 5'9""",0,-,-,Seongnam Ilhwa Chunma,Korea Republic
Kwang Jin Jeon,58,LM,,0,,2,63,50,54,53,58,52,"179cm | 5'10""",0,-,-,Seongnam Ilhwa Chunma,Korea Republic
Nicky Adams,58,CAM,,0,,3,65,52,59,59,46,50,"178cm | 5'10""",0,-,-,Leicester City,Wales
Lucky Letlhohonolo Lekgwathi,58,CB,,0,,3,53,36,48,30,61,56,"178cm | 5'10""",0,-,-,Orlando Pirates,South Africa
Jamie Hamill,58,CDM,,0,,3,66,23,63,56,67,63,"173cm | 5'8""",0,-,-,Kilmarnock,Scotland
Stephane Besle,58,CB,,0,,3,60,29,48,29,60,62,"188cm | 6'2""",0,-,-,Neuchâtel Xamax,France
David Poole,58,RW,,0,,3,65,50,48,68,41,42,"173cm | 5'8""",0,-,-,Stockport County,England
Aron Liechti,58,LB,,0,,3,62,48,51,54,55,64,"180cm | 5'11""",0,-,-,BSC Young Boys,Switzerland
Ritchie Jones,58,CM,,0,,3,64,49,58,57,52,56,"183cm | 6'0""",0,-,-,Hartlepool United,England
Charlie Lee,58,CM,,0,,3,59,51,57,57,55,51,"175cm | 5'9""",0,-,-,Peterborough United,England
Ben Turner,58,CB,,0,,3,53,30,40,34,61,63,"193cm | 6'4""",0,-,-,Coventry City,England
Ryan Gilligan,58,RM,,0,,3,68,50,56,65,46,36,"178cm | 5'10""",0,-,-,Northampton Town,England
Jennison Myrie-Williams,58,LW,,0,,3,82,52,30,59,40,44,"183cm | 6'0""",0,-,-,Dundee United,England
Sebastian Schuppan,58,LM,,0,,3,71,54,48,55,56,63,"187cm | 6'2""",0,-,-,SC Paderborn 07,Germany
Javier Herreros Gorría,58,CB,,0,,4,58,25,40,40,60,60,"183cm | 6'0""",0,-,-,Córdoba C.F.,Spain
Calvin Andrew,58,ST,,0,,3,78,46,43,51,54,74,"183cm | 6'0""",0,-,-,Crystal Palace,England
Barry Corr,58,ST,,0,,3,60,56,40,51,56,70,"191cm | 6'3""",0,-,-,Exeter City,Republic of Ireland
José Semedo,58,CDM,,0,,3,60,41,58,55,66,59,"183cm | 6'0""",0,-,-,Charlton Athletic,Portugal
Stefan Stam,58,CB,,0,,3,53,20,34,47,61,66,"188cm | 6'2""",0,-,-,Yeovil Town,Netherlands
Alessio Manzoni,58,CM,,0,,3,59,55,54,63,55,60,"177cm | 5'10""",0,-,-,Parma,Italy
Steven Lennon,58,CM,,0,,3,64,49,56,62,52,38,"170cm | 5'7""",0,-,-,Rangers,Scotland
John Sullivan,58,GK,,0,,3,57,54,60,57,43,53,"188cm | 6'2""",0,-,-,Millwall,England
Andrew Cave-Brown,58,RB,,0,,3,67,22,33,46,59,46,"178cm | 5'10""",0,-,-,Leyton Orient,England
Lewis Alessandra,58,ST,,0,,3,67,51,52,65,51,38,"175cm | 5'9""",0,-,-,Oldham Athletic,England
James Berrett,58,CM,,0,,3,59,46,61,55,58,54,"178cm | 5'10""",0,-,-,Huddersfield Town,Republic of Ireland
Brian Allison,58,CB,,0,,3,58,17,47,45,60,63,"178cm | 5'10""",0,-,-,Falkirk,Scotland
Olmo,58,CB,,0,,3,58,24,53,53,58,55,"176cm | 5'9""",0,-,-,Elche C.F.,Spain
Hervé Kage,58,CM,,0,,4,66,43,60,55,55,58,"178cm | 5'10""",0,-,-,Royal Charleroi SC,Belgium
Hong-Kyoo Cho,58,CB,,0,,3,56,36,51,40,59,66,"185cm | 6'1""",0,-,-,Pohang Steelers,Korea Republic
Geun Chul Kim,58,CM,,0,,3,41,57,62,66,55,48,"177cm | 5'10""",0,-,-,GyeongNam FC,Korea Republic
Kang Jin Lee,58,CB,,0,,3,48,51,53,51,59,64,"184cm | 6'0""",0,-,-,Busan I'Park,Korea Republic
Tae-Eun Ahn,58,RWB,,0,,3,67,46,57,56,54,42,"175cm | 5'9""",0,-,-,FC Seoul,Korea Republic
In Whan Jung,58,CB,,0,,2,58,33,48,46,59,50,"187cm | 6'2""",0,-,-,Chunnam Dragons,Korea Republic
Thomas James Moncur,58,CB,,0,,3,61,18,20,25,62,66,"179cm | 5'10""",0,-,-,Wycombe Wanderers,England
Daniel Masuch,58,GK,,0,,3,53,60,55,58,45,58,"190cm | 6'3""",0,-,-,SC Paderborn 07,Germany
Nuno Coelho,58,CDM,,0,,3,59,44,59,55,63,68,"190cm | 6'3""",0,-,-,Académica Coimbra,Portugal
Abdessalam Benjelloun,58,CF,,0,,2,73,55,44,52,40,44,"188cm | 6'2""",0,-,-,Hibernian,Morocco
Lasse Nielsen,58,CB,,0,,3,58,32,42,41,59,62,"185cm | 6'1""",0,-,-,Aalborg BK,Denmark
Tito Tarchini,58,RM,,0,,3,61,42,61,53,58,46,"180cm | 5'11""",0,-,-,FC Zürich,Switzerland
Dariusz Jarecki,58,LM,,0,,2,74,53,52,58,44,62,"184cm | 6'0""",0,-,-,Jagiellonia Białystok,Poland
Jean-Baptiste Pierazzi,58,CDM,,0,,3,61,47,56,49,64,58,"185cm | 6'1""",0,-,-,AC Ajaccio,France
Francesco Della Rocca,58,CAM,,0,,3,57,53,60,65,48,48,"182cm | 6'0""",0,-,-,Brescia,Italy
Dean Cox,58,RM,,0,,4,63,51,62,61,44,38,"163cm | 5'4""",0,-,-,Brighton &amp; Hove Albion,England
Mosquera,58,CDM,,0,,3,67,38,60,60,56,68,"183cm | 6'0""",0,-,-,Real Madrid C.F.,Spain
Gianluca Freddi,58,CB,,0,,3,68,26,35,32,59,42,"185cm | 6'1""",0,-,-,Grosseto,Italy
Gary Sawyer,58,LB,,0,,3,55,23,57,30,61,64,"183cm | 6'0""",0,-,-,Plymouth Argyle,England
Stephen Brennan,58,RB,,0,,3,61,17,46,32,60,51,"179cm | 5'10""",0,-,-,Bray Wanderers,Republic of Ireland
Moses Lamidi,58,RW,,0,,2,75,40,53,78,36,38,"175cm | 5'9""",0,-,-,Borussia M'gladbach,Germany
Kevin Artmann,58,LM,,0,,3,59,59,51,64,53,54,"179cm | 5'10""",0,-,-,Werder Bremen,Germany
Domaine Rouse,58,ST,,0,,2,82,47,29,61,42,56,"170cm | 5'7""",0,-,-,Bury,England
Rafal Grzyb,58,CM,,0,,3,61,46,64,52,53,48,"175cm | 5'9""",0,-,-,Polonia Bytom,Poland
Sébastien Bruzzese,58,GK,,0,,5,57,56,55,58,61,50,"184cm | 6'0""",0,-,-,RSC Anderlecht,Belgium
Branko Jelić,58,ST,,0,,3,48,60,48,59,45,62,"183cm | 6'0""",0,-,-,Perth Glory FC,Serbia
Kaz Patafta,58,CAM,,0,,4,70,53,61,62,33,26,"174cm | 5'9""",0,-,-,Newcastle United Jets FC,Australia
Badis Lebbihi,58,CB,,0,,4,65,34,48,44,57,56,"181cm | 5'11""",0,-,-,SV Zulte-Waregem,France
Frederic Löhe,58,GK,,0,,2,58,50,51,64,64,49,"193cm | 6'4""",0,-,-,Borussia M'gladbach,Germany
Johannes van den Bergh,58,LM,,0,,3,69,44,60,56,51,48,"182cm | 6'0""",0,-,-,Fortuna Düsseldorf,Germany
Patrick Fabian,58,CB,,0,,2,59,24,41,35,60,64,"194cm | 6'4""",0,-,-,VfL Bochum,Germany
Davide Bottone,58,CM,,0,,2,63,47,59,49,55,42,"183cm | 6'0""",0,-,-,F. Torino,Italy
Martin Fabusz,58,ST,,0,,3,58,55,47,55,56,68,"187cm | 6'2""",0,-,-,Ruch Chorzów,Slovakia
Myong-Jin Koh,58,CM,,0,,3,59,48,60,56,56,54,"180cm | 5'11""",0,-,-,FC Seoul,Korea Republic
Yo Han Go,58,CM,,0,,3,63,46,53,64,57,40,"170cm | 5'7""",0,-,-,FC Seoul,Korea Republic
Jean-Francois Christophe,58,RM,,0,,3,71,38,54,57,60,62,"186cm | 6'1""",0,-,-,Southend United,France
Jong Hoon Kim,58,CB,,0,,3,66,31,30,31,58,60,"185cm | 6'1""",0,-,-,GyeongNam FC,Korea Republic
Nejmeddin Daghfous,58,CF,,0,,4,64,54,39,65,38,48,"178cm | 5'10""",0,-,-,SC Paderborn 07,Germany
Juan Martín Gallardo,58,GK,,0,,2,52,51,57,56,48,62,"178cm | 5'10""",0,-,-,Sevilla F.C.,Spain
Veldin Muharemović,58,CDM,,0,,3,59,53,56,57,57,56,"183cm | 6'0""",0,-,-,Sporting Lokeren OV,Bosnia Herzegovina
Gianluca Nijholt,58,CDM,,0,,3,64,43,56,61,56,64,"183cm | 6'0""",0,-,-,FC Utrecht,Netherlands
Andrés Ademar Rodríguez,58,CDM,,0,,3,68,43,54,48,62,53,"175cm | 5'9""",0,-,-,América,Mexico
Scott Wagstaff,58,RW,,0,,4,69,52,58,58,48,44,"182cm | 6'0""",0,-,-,Charlton Athletic,England
Felix Roth,58,ST,,0,,3,66,54,48,52,50,57,"179cm | 5'10""",0,-,-,SC Freiburg,Germany
Jared Jeffrey,58,CM,,0,,3,69,51,50,60,56,60,"179cm | 5'10""",0,-,-,Club Brugge KV,United States
Jo Christiaens,58,CB,,0,,3,55,41,46,43,59,58,"188cm | 6'2""",0,-,-,KVC Westerlo,Belgium
Sang Min Seo,58,CAM,,0,,3,65,58,53,63,45,43,"175cm | 5'9""",0,-,-,GyeongNam FC,Korea Republic
Ki-Han Moon,58,CM,,0,,3,62,50,62,58,44,44,"177cm | 5'10""",0,-,-,FC Seoul,Korea Republic
Min Soo Kim,58,LF,,0,,3,63,54,49,59,45,50,"178cm | 5'10""",0,-,-,Incheon United FC,Korea Republic
Young Bin Kim,58,CB,,0,,3,63,19,32,50,59,60,"185cm | 6'1""",0,-,-,Incheon United FC,Korea Republic
Jung Jin Seo,58,LW,,0,,3,62,53,54,63,32,39,"175cm | 5'9""",0,-,-,Jeonbuk Hyundai Motors,Korea Republic
Marco Piccioni,58,CB,,0,,3,45,23,32,21,66,63,"181cm | 5'11""",0,-,-,Sassuolo,Italy
Henry Siqueira,58,CB,,0,,4,58,32,54,51,57,58,"180cm | 5'11""",0,-,-,AC Bellinzona,Switzerland
Manuel Mancini,58,CM,,0,,3,68,48,54,70,49,43,"180cm | 5'11""",0,-,-,Gallipoli,Italy
Michael Morrison,58,CB,,0,,3,60,33,39,30,60,66,"190cm | 6'3""",0,-,-,Leicester City,England
Shervin Radjabali-Fardi,58,LWB,,0,,2,70,34,55,46,54,55,"175cm | 5'9""",0,-,-,Hertha BSC,Germany
Niklas Andersen,58,LB,,0,,3,67,37,52,50,56,48,"191cm | 6'3""",0,-,-,Werder Bremen,Germany
Sascha Bigalke,58,CAM,,0,,3,71,41,61,68,42,36,"167cm | 5'6""",0,-,-,Hertha BSC,Germany
Jens Hegeler,58,CB,,0,,3,55,29,39,41,61,68,"193cm | 6'4""",0,-,-,FC Augsburg,Germany
Bastian Schulz,58,CDM,,0,,4,72,33,54,51,68,64,"184cm | 6'0""",0,-,-,1. FC Kaiserslautern,Germany
Julian Kelly,58,RB,,0,,3,64,16,41,31,60,48,"175cm | 5'9""",0,-,-,Reading,England
Marco Martina Rini,58,CDM,,0,,2,56,52,58,56,58,48,"181cm | 5'11""",0,-,-,Brescia,Italy
Chris Smalling,58,CB,,0,,3,58,23,37,24,62,56,"181cm | 5'11""",0,-,-,Fulham,England
Amara Karba Bangoura,58,RM,,0,,3,62,46,58,67,50,40,"169cm | 5'7""",0,-,-,Valenciennes FC,Guinea
Vincenzo Pepe,58,RW,,0,,3,68,49,49,60,47,56,"168cm | 5'6""",0,-,-,Salerno,Italy
Steven Irwin,58,CM,,0,,3,63,50,61,48,52,52,"173cm | 5'8""",0,-,-,Liverpool,England
Emmanuel Frimpong,58,CDM,,0,,3,69,54,50,40,63,52,"178cm | 5'10""",0,-,-,Arsenal,England
Hope Akpan,58,CDM,,0,,3,68,48,51,46,65,59,"185cm | 6'1""",0,-,-,Everton,Nigeria
François Affolter,58,RB,,0,,3,56,40,49,57,58,59,"184cm | 6'0""",0,-,-,BSC Young Boys,Switzerland
Predrag Stevanovic,58,CAM,,0,,3,68,52,60,66,36,38,"178cm | 5'10""",0,-,-,FC Schalke 04,Germany
Marvin Pachan,58,CB,,0,,3,59,30,41,41,58,66,"178cm | 5'10""",0,-,-,FC Schalke 04,Germany
Lubomir Lubenov,58,CM,,0,,3,49,59,62,62,50,56,"178cm | 5'10""",0,-,-,Arka Gdynia,Bulgaria
Matthew Edile,58,LB,,0,,2,76,43,46,54,51,54,"166cm | 5'5""",0,-,-,U.D. Salamanca,Nigeria
Yong Hoon Noh,58,CM,,0,,3,65,53,52,53,55,48,"170cm | 5'7""",0,-,-,GyeongNam FC,Korea Republic
Ji Nam Lee,58,CB,,0,,3,55,37,40,41,60,54,"183cm | 6'0""",0,-,-,GyeongNam FC,Korea Republic
Hun Lee,58,ST,,0,,3,63,53,49,62,45,47,"176cm | 5'9""",0,-,-,GyeongNam FC,Korea Republic
Bong Jin Oh,58,CM,,0,,3,52,56,60,62,50,46,"175cm | 5'9""",0,-,-,Jeju United FC,Korea Republic
Jun U Kang,58,RWB,,0,,2,65,49,45,50,55,52,"186cm | 6'1""",0,-,-,Jeju United FC,Korea Republic
Dae Jong Bang,58,CB,,0,,3,53,44,36,40,60,66,"184cm | 6'0""",0,-,-,Daegu FC,Korea Republic
Thibaut Courtois,58,GK,,0,,2,55,53,49,63,59,56,"195cm | 6'5""",0,-,-,KRC Genk,Belgium
Héctor Rodas,58,CB,,0,,3,55,24,36,29,62,58,"190cm | 6'3""",0,-,-,Levante U.D.,Spain
Alper Akcam,58,ST,,0,,5,71,47,47,68,40,42,"178cm | 5'10""",0,-,-,1. FC Kaiserslautern,Turkey
David Lázaro Alonso,58,CDM,,0,,3,62,50,55,50,62,54,"177cm | 5'10""",0,-,-,Villarreal B,Spain
Tobias Jänicke,58,RM,,0,,3,65,52,53,55,56,54,"176cm | 5'9""",0,-,-,Hansa Rostock,Germany
Rico Morack,58,CB,,0,,2,56,26,32,24,62,60,"186cm | 6'1""",0,-,-,TuS Koblenz,Germany
Lucas Musculus,58,ST,,0,,3,65,59,38,53,30,48,"180cm | 5'11""",0,-,-,TuS Koblenz,Germany
Thomas Breu,58,CF,,0,,4,67,54,44,54,50,58,"182cm | 6'0""",0,-,-,Hansa Rostock,Germany
Jaume Costa,58,LWB,,0,,3,73,47,54,55,52,48,"172cm | 5'8""",0,-,-,Cádiz CF,Spain
Ivo Vazgeč,58,GK,,0,,3,54,58,51,62,43,59,"190cm | 6'3""",0,-,-,Śląsk Wrocław,Sweden
Burak Kaplan,58,RM,,0,,4,72,49,58,70,36,38,"168cm | 5'6""",0,-,-,Bayer 04 Leverkusen,Turkey
Pascal Schürpf,58,LM,,0,,3,63,53,55,55,55,50,"186cm | 6'1""",0,-,-,FC Basel 1893,Switzerland
Javi Lara,58,CAM,,0,,3,63,48,61,53,49,50,"171cm | 5'7""",0,-,-,Elche C.F.,Spain
Ismael Rangel León,58,RF,,0,,3,83,46,44,60,32,48,"155cm | 5'1""",0,-,-,Albacete Balompié,Spain
Yannick De Winter,58,GK,,0,,2,52,58,56,59,45,56,"188cm | 6'2""",0,-,-,KVC Westerlo,Belgium
Szymon Kapias,58,CB,,0,,2,65,26,36,36,59,61,"182cm | 6'0""",0,-,-,Zagłębie Lubin,Poland
Rafal Gikiewicz,58,GK,,0,,2,58,43,57,64,26,58,"190cm | 6'3""",0,-,-,Jagiellonia Białystok,Poland
Raúl Domínguez Carral,58,GK,,0,,2,65,54,50,63,55,46,"181cm | 5'11""",0,-,-,Real Sporting de Gijón,Spain
Terrell Forbes,57,CB,,0,,3,56,18,24,21,62,65,"183cm | 6'0""",0,-,-,Yeovil Town,England
Darren Currie,57,LW,,0,,4,47,56,61,65,52,44,"180cm | 5'11""",0,-,-,Chesterfield,England
Kevin Ellison,57,LW,,0,,2,62,53,49,62,47,43,"183cm | 6'0""",0,-,-,Rotherham United,England
Chris Lumsdon,57,CM,,0,,3,60,44,57,48,62,61,"180cm | 5'11""",0,-,-,Darlington,England
Clive Platt,57,ST,,0,,3,61,57,32,46,56,73,"193cm | 6'4""",0,-,-,Colchester United,England
Brendan McGill,57,CM,,0,,3,57,48,55,54,61,58,"180cm | 5'11""",0,-,-,Drogheda United,England
Ben Futcher,57,CB,,0,,1,52,30,41,37,60,73,"200cm | 6'7""",0,-,-,Bury,England
Richard Butcher,57,CM,,0,,4,52,52,58,52,57,45,"183cm | 6'0""",0,-,-,Lincoln City,England
Gary Mason,57,CDM,,0,,3,65,36,54,54,65,54,"173cm | 5'8""",0,-,-,Hamilton Academicals,Scotland
Marc Zellweger,57,RB,,0,,2,55,46,57,36,58,54,"180cm | 5'11""",0,-,-,FC St. Gallen,Switzerland
Sol Davis,57,LB,,0,,3,56,17,38,42,61,43,"173cm | 5'8""",0,-,-,Milton Keynes Dons,England
Paul Reid,57,CM,,0,,3,60,45,58,47,58,44,"178cm | 5'10""",0,-,-,Adelaide United,Australia
Simon Brown,57,GK,,0,,3,61,59,58,59,19,47,"188cm | 6'2""",0,-,-,Northampton Town,England
Garreth O'Connor,57,LM,,0,,3,60,48,57,57,54,62,"178cm | 5'10""",0,-,-,St. Patrick's Athletic,Republic of Ireland
Michael Cummins,57,CM,,0,,3,56,55,55,55,53,48,"175cm | 5'9""",0,-,-,Rotherham United,Republic of Ireland
Sean Hessey,57,CB,,0,,3,50,43,34,30,60,74,"178cm | 5'10""",0,-,-,Macclesfield Town,England
Thomas Augustinussen,57,CDM,,0,,3,57,42,49,48,77,78,"192cm | 6'4""",0,-,-,FC Red Bull Salzburg,Denmark
Lukas Schenkel,57,CB,,0,,3,54,39,27,37,61,56,"183cm | 6'0""",0,-,-,FC St. Gallen,Switzerland
David Marazzi,57,LM,,0,,3,65,50,54,54,50,51,"177cm | 5'10""",0,-,-,FC Aarau,Switzerland
Guy Branston,57,CB,,0,,3,44,24,36,22,65,52,"185cm | 6'1""",0,-,-,Burton Albion,England
Lee Holmes,57,LW,,0,,2,67,48,54,69,40,33,"175cm | 5'9""",0,-,-,Southampton,England
Michel Kuipers,57,GK,,0,,2,58,48,34,78,34,57,"188cm | 6'2""",0,-,-,Brighton &amp; Hove Albion,Netherlands
Steve Haslam,57,RB,,0,,3,59,40,48,46,57,50,"180cm | 5'11""",0,-,-,Hartlepool United,England
Tom Williams,57,LB,,0,,4,56,35,43,51,58,54,"180cm | 5'11""",0,-,-,Peterborough United,England
Lee Peacock,57,CF,,0,,3,59,58,49,41,60,65,"183cm | 6'0""",0,-,-,Swindon Town,Scotland
Mark Phillips,57,CB,,0,,3,55,31,39,43,59,65,"188cm | 6'2""",0,-,-,Brentford,England
Lionel Pizzinat,57,RM,,0,,3,57,54,53,56,56,62,"183cm | 6'0""",0,-,-,Servette FC,Switzerland
Graham Coughlan,57,CB,,0,,3,41,14,24,19,68,71,"188cm | 6'2""",0,-,-,Shrewsbury,Republic of Ireland
Stéphane Sarni,57,CB,,0,,3,58,46,53,44,55,56,"180cm | 5'11""",0,-,-,FC Sion,Italy
Scott Wilson,57,CB,,0,,3,48,30,39,43,61,54,"185cm | 6'1""",0,-,-,North Queensland Fury FC,Scotland
Ian Henderson,57,RW,,0,,4,69,46,53,61,47,50,"179cm | 5'10""",0,-,-,MKE Ankaragücü,England
Daniel Coid,57,RB,,0,,4,60,46,52,47,54,60,"180cm | 5'11""",0,-,-,Blackpool,England
Barbaros Barut,57,CDM,,0,,3,59,36,60,51,66,58,"183cm | 6'0""",0,-,-,MKE Ankaragücü,Turkey
Enrico Neitzel,57,ST,,0,,4,60,57,43,49,55,64,"183cm | 6'0""",0,-,-,Hansa Rostock,Germany
Mario Majstorovic,57,LB,,0,,3,58,45,45,42,57,60,"183cm | 6'0""",0,-,-,KSV Superfund,Austria
Gareth Edds,57,RB,,0,,3,50,50,55,51,58,54,"183cm | 6'0""",0,-,-,Tranmere Rovers,Australia
Won Kwon Choi,57,RWB,,0,,3,63,47,44,44,56,38,"176cm | 5'9""",0,-,-,Gwangju Sangmu FC,Korea Republic
Edoardo Gorini,57,RB,,0,,2,54,43,42,41,57,68,"186cm | 6'1""",0,-,-,Cittadella,Italy
Ju Il Yoon,57,RM,,0,,3,60,58,53,62,48,50,"176cm | 5'9""",0,-,-,Chunnam Dragons,Korea Republic
Jae Woon Jeon,57,CAM,,0,,5,58,53,52,64,54,46,"178cm | 5'10""",0,-,-,Jeju United FC,Korea Republic
Kyung Sun Jin,57,LM,,0,,2,67,45,54,54,57,48,"178cm | 5'10""",0,-,-,Jeonbuk Hyundai Motors,Korea Republic
Zbigniew Małkowski,57,GK,,0,,3,58,50,57,61,21,55,"188cm | 6'2""",0,-,-,Korona Kielce,Poland
Dominique Ndjeng,57,CB,,0,,3,52,45,42,34,59,62,"182cm | 6'0""",0,-,-,TuS Koblenz,Germany
Cesar Fernando de Souza,57,LB,,0,,3,55,52,63,48,55,54,"176cm | 5'9""",0,-,-,FC St. Gallen,Brazil
Mounir El Haimour,57,LM,,0,,3,62,48,53,54,58,59,"175cm | 5'9""",0,-,-,Barnsley,France
Angelo Raso,57,LB,,0,,3,59,49,63,30,56,50,"173cm | 5'8""",0,-,-,AC Bellinzona,Italy
Juan Carlos Rodríguez Belencoso,57,ST,,0,,3,58,54,47,51,54,68,"186cm | 6'1""",0,-,-,Albacete Balompié,Spain
Asier Salcedo Borrega,57,CM,,0,,3,58,54,58,45,53,56,"180cm | 5'11""",0,-,-,Real Unión Club Irún,Spain
Iñaki Goikoetxea Beristain,57,ST,,0,,3,58,57,41,48,60,70,"180cm | 5'11""",0,-,-,Real Unión Club Irún,Spain
Dariusz Kłus,57,CDM,,0,,3,60,45,51,47,70,62,"187cm | 6'2""",0,-,-,Cracovia Kraków,Poland
Szymon Sawala,57,CM,,0,,3,62,51,51,60,53,44,"184cm | 6'0""",0,-,-,Polonia Bytom,Poland
Kevin Schöneberg,57,RB,,0,,3,64,27,50,52,54,61,"179cm | 5'10""",0,-,-,Hansa Rostock,Germany
Fabrice Levrat,57,CM,,0,,3,60,49,54,57,57,55,"173cm | 5'8""",0,-,-,Stade Lavallois Mayenne FC,France
Simon King,57,CB,,0,,4,56,22,56,34,58,63,"183cm | 6'0""",0,-,-,Gillingham,England
Jack Smith,57,RB,,0,,3,56,30,37,32,60,52,"180cm | 5'11""",0,-,-,Millwall,England
Christophe Coué,57,CDM,,0,,3,63,44,53,45,64,61,"183cm | 6'0""",0,-,-,Stade Lavallois Mayenne FC,France
Michał Pulkowski,57,CM,,0,,4,59,51,58,60,46,37,"178cm | 5'10""",0,-,-,Ruch Chorzów,Poland
Filip Burkhardt,57,RM,,0,,3,65,54,53,62,43,50,"174cm | 5'9""",0,-,-,Arka Gdynia,Poland
Jacek Kuranty,57,CM,,0,,3,58,53,56,55,51,48,"173cm | 5'8""",0,-,-,Odra Wodzisław,Poland
Sun Pil Hwang,57,CB,,0,,3,57,38,47,50,57,60,"181cm | 5'11""",0,-,-,Gwangju Sangmu FC,Korea Republic
Levi Porter,57,LW,,0,,3,72,45,57,66,46,32,"160cm | 5'3""",0,-,-,Leicester City,England
Yeo San Yoon,57,CB,,0,,3,55,43,40,44,58,62,"185cm | 6'1""",0,-,-,Daegu FC,Korea Republic
Michał Łabędzki,57,CM,,0,,3,57,51,56,48,57,41,"184cm | 6'0""",0,-,-,Zagłębie Lubin,Poland
Ville Jalasto,57,RB,,0,,3,63,43,48,41,55,62,"183cm | 6'0""",0,-,-,Aalesunds FK,Finland
Adebayo Akinfenwa,57,ST,,0,,2,54,58,35,57,57,62,"180cm | 5'11""",0,-,-,Northampton Town,England
Jong Kyung Kim,57,CB,,0,,4,49,45,47,46,58,62,"184cm | 6'0""",0,-,-,Daegu FC,Korea Republic
Josh Low,57,RM,,0,,3,62,42,60,61,48,50,"185cm | 6'1""",0,-,-,Cheltenham Town,Wales
Scott Murray,57,RW,,0,,3,53,53,63,65,49,40,"175cm | 5'9""",0,-,-,Yeovil Town,Scotland
Didier Crettenand,57,CM,,0,,3,62,42,59,54,54,40,"180cm | 5'11""",0,-,-,FC Sion,Switzerland
Aljmir Murati,57,ST,,0,,4,67,50,42,63,49,47,"187cm | 6'2""",0,-,-,TuS Koblenz,Serbia
Marcin Kokoszka,57,CB,,0,,3,55,48,48,55,57,49,"180cm | 5'11""",0,-,-,Odra Wodzisław,Poland
Barry Fuller,57,RB,,0,,3,54,47,46,42,58,44,"178cm | 5'10""",0,-,-,Gillingham,England
Adewale Dauda Wahab,57,CM,,0,,3,64,52,55,61,47,52,"180cm | 5'11""",0,-,-,AC Bellinzona,Nigeria
Vincent Provoost,57,CDM,,0,,3,68,44,51,50,62,61,"178cm | 5'10""",0,-,-,KSV Roeselare,Belgium
Andrew Crofts,57,CM,,0,,4,58,50,55,55,55,61,"175cm | 5'9""",0,-,-,Brighton &amp; Hove Albion,Wales
Dominic Blizzard,57,CDM,,0,,3,63,25,68,52,59,60,"188cm | 6'2""",0,-,-,Bristol Rovers,England
Serisay Barthélémy,57,RM,,0,,2,62,47,60,56,47,56,"167cm | 5'6""",0,-,-,Sporting Club Bastia,France
Alan Goodall,57,LB,,0,,3,65,29,40,50,56,49,"175cm | 5'9""",0,-,-,Chesterfield,England
Adam Miller,57,CM,,0,,3,62,50,55,56,54,54,"180cm | 5'11""",0,-,-,Gillingham,England
Marek Wasiluk,57,LB,,0,,3,54,32,56,47,57,64,"196cm | 6'5""",0,-,-,Cracovia Kraków,Poland
Ji Yoon Hwang,57,CB,,0,,3,54,47,42,42,58,57,"182cm | 6'0""",0,-,-,Daejeon Citizen,Korea Republic
Jong Gun Noh,57,CDM,,0,,3,57,40,50,59,71,52,"175cm | 5'9""",0,-,-,Incheon United FC,Korea Republic
Jung Ho Lee,57,CB,,0,,3,56,41,39,39,57,77,"186cm | 6'1""",0,-,-,Busan I'Park,Korea Republic
Jamie Guy,57,ST,,0,,3,77,49,34,59,48,44,"185cm | 6'1""",0,-,-,Colchester United,England
Mark Bradley,57,CDM,,0,,3,67,37,58,53,57,56,"183cm | 6'0""",0,-,-,Walsall,Wales
Matt Done,57,LW,,0,,2,78,42,61,65,36,31,"178cm | 5'10""",0,-,-,Hereford,Wales
Gerald Gansterer,57,RB,,0,,3,54,36,61,42,58,55,"175cm | 5'9""",0,-,-,KSV Superfund,Austria
Andy Barcham,57,RW,,0,,4,71,52,48,54,51,44,"175cm | 5'9""",0,-,-,Gillingham,England
Harry Worley,57,CB,,0,,2,60,31,42,38,57,68,"194cm | 6'4""",0,-,-,Crewe Alexandra,England
Liam Bridcutt,57,CDM,,0,,3,66,41,56,44,64,44,"175cm | 5'9""",0,-,-,Stockport County,England
Mark Carrington,57,CAM,,0,,4,61,46,58,57,50,40,"183cm | 6'0""",0,-,-,Milton Keynes Dons,England
Scott Rendell,57,CF,,0,,3,66,53,36,54,45,61,"180cm | 5'11""",0,-,-,Torquay United,England
Matt Thornhill,57,CM,,0,,3,61,45,56,57,57,40,"185cm | 6'1""",0,-,-,Brighton &amp; Hove Albion,England
Bastien Geiger,57,RB,,0,,3,59,46,54,48,56,45,"178cm | 5'10""",0,-,-,Neuchâtel Xamax,Switzerland
Sergio Gustavo Suárez Arteaga,57,LM,,0,,3,61,47,59,61,48,52,"180cm | 5'11""",0,-,-,U.D. Las Palmas,Spain
Louis Dodds,57,ST,,0,,4,63,49,52,58,44,56,"178cm | 5'10""",0,-,-,Port Vale,England
Jacek Trzeciak,57,CM,,0,,3,52,51,70,44,44,48,"173cm | 5'8""",0,-,-,Polonia Bytom,Poland
Miguel Dachelet,57,CB,,0,,3,65,33,41,38,56,56,"182cm | 6'0""",0,-,-,SV Zulte-Waregem,Belgium
James Tunnicliffe,57,CB,,0,,3,58,17,31,31,60,65,"193cm | 6'4""",0,-,-,Brighton &amp; Hove Albion,England
Darcy Blake,57,CM,,0,,3,67,36,57,64,54,48,"166cm | 5'5""",0,-,-,Plymouth Argyle,Wales
Tom Clarke,57,CB,,0,,3,61,31,46,25,58,60,"180cm | 5'11""",0,-,-,Huddersfield Town,England
Ross Forbes,57,CAM,,0,,1,64,54,56,62,42,40,"183cm | 6'0""",0,-,-,Motherwell,Scotland
Luke Howell,57,CDM,,0,,3,62,35,60,55,60,56,"173cm | 5'8""",0,-,-,Milton Keynes Dons,England
Deane Smalley,57,RW,,0,,3,69,48,60,60,46,42,"180cm | 5'11""",0,-,-,Oldham Athletic,England
Ali Bouabe,57,CB,,0,,3,53,43,50,49,57,58,"187cm | 6'2""",0,-,-,Sporting Lokeren OV,Morocco
Tae Yoon Kim,57,RB,,0,,3,61,33,46,46,57,56,"182cm | 6'0""",0,-,-,Gwangju Sangmu FC,Korea Republic
Seung Hyun Lee,57,RW,,0,,3,81,45,51,58,45,38,"175cm | 5'9""",0,-,-,Busan I'Park,Korea Republic
Dong Jin Han,57,GK,,0,,2,58,61,55,54,50,52,"183cm | 6'0""",0,-,-,Jeju United FC,Korea Republic
Seung Je Woo,57,RF,,0,,3,57,55,52,55,50,50,"181cm | 5'11""",0,-,-,Daejeon Citizen,Korea Republic
Kyung Jin Jang,57,CB,,0,,3,55,34,39,44,60,52,"184cm | 6'0""",0,-,-,Gwangju Sangmu FC,Korea Republic
Stephan Fürstner,57,CM,,0,,4,62,46,55,58,57,50,"178cm | 5'10""",0,-,-,SpVgg Greuther Fürth,Germany
Yohan M'Vila,57,CM,,0,,2,63,44,55,52,60,47,"183cm | 6'0""",0,-,-,Dijon FCO,France
Emra Tahirovic,57,ST,,0,,3,59,51,45,58,56,66,"189cm | 6'2""",0,-,-,FC Zürich,Sweden
Enes Fermino,57,CM,,0,,3,63,47,56,49,54,52,"185cm | 6'1""",0,-,-,FC Sion,Switzerland
Lucas Simon,57,ST,,0,,3,66,55,38,50,46,58,"183cm | 6'0""",0,-,-,Piacenza,Argentina
Yeo Sung Lee,57,CDM,,0,,3,56,54,54,57,55,56,"180cm | 5'11""",0,-,-,Daejeon Citizen,Korea Republic
Kyung Il Sung,57,GK,,0,,2,56,57,59,56,30,55,"186cm | 6'1""",0,-,-,Gwangju Sangmu FC,Korea Republic
Sebastian Janik,57,CM,,0,,3,56,58,60,56,45,52,"171cm | 5'7""",0,-,-,Wisła Kraków,Poland
Tomáš Hořava,57,CM,,0,,4,58,52,58,57,51,52,"179cm | 5'10""",0,-,-,Sigma Olomouc,Czech Republic
Medy Elito,57,LW,,0,,3,73,48,44,65,32,36,"180cm | 5'11""",0,-,-,Colchester United,England
Ashley Grimes,57,CAM,,0,,3,71,55,53,60,40,40,"183cm | 6'0""",0,-,-,Millwall,Republic of Ireland
James Henry,57,RW,,0,,3,62,52,57,61,36,42,"185cm | 6'1""",0,-,-,Reading,England
Jens Grahl,57,GK,,0,,2,58,56,54,57,51,52,"193cm | 6'4""",0,-,-,TSG 1899 Hoffenheim,Germany
Anthony Griffith,57,CM,,0,,2,57,43,59,56,56,54,"183cm | 6'0""",0,-,-,Port Vale,England
Kevin McCann,57,RB,,0,,3,62,37,50,54,54,56,"178cm | 5'10""",0,-,-,Hibernian,Scotland
Daniel Reiche,57,CB,,0,,3,63,26,35,39,58,61,"186cm | 6'1""",0,-,-,VfL Wolfsburg,Germany
Timothy Durwael,57,CB,,0,,3,62,27,46,36,57,51,"173cm | 5'8""",0,-,-,KRC Genk,Belgium
Carlos Martínez Arribas,57,ST,,0,,3,72,50,41,54,33,52,"173cm | 5'8""",0,-,-,Albacete Balompié,Spain
Emile Sinclair,57,ST,,0,,4,84,45,29,55,45,59,"182cm | 6'0""",0,-,-,Macclesfield Town,England
Michał Płotka,57,LB,,0,,3,66,34,50,47,54,52,"181cm | 5'11""",0,-,-,Arka Gdynia,Poland
James McCarten,57,CB,,0,,3,65,35,44,25,56,68,"187cm | 6'2""",0,-,-,Everton,England
Antonio Bryan,57,ST,,0,,3,75,56,36,49,41,44,"180cm | 5'11""",0,-,-,Manchester United,England
Daniel Galbraith,57,LW,,0,,3,77,47,49,59,51,45,"175cm | 5'9""",0,-,-,Hibernian,Scotland
Tomáš Jablonský,57,LM,,0,,2,69,47,54,54,52,44,"182cm | 6'0""",0,-,-,FK Baumit Jablonec,Czech Republic
Tommy Smith,57,CB,,0,,3,65,34,44,37,55,62,"186cm | 6'1""",0,-,-,Ipswich Town,England
Antonio Lechuga Mateo,57,GK,,0,,2,54,56,52,63,44,53,"185cm | 6'1""",0,-,-,Xerez C.D.,Spain
Andrew Wright,57,CM,,0,,3,66,32,60,57,59,51,"185cm | 6'1""",0,-,-,Scunthorpe United,England
Solomon Taiwo,57,CM,,0,,3,62,49,53,57,58,52,"185cm | 6'1""",0,-,-,Cardiff City,Nigeria
Jae Joon Ahn,57,CB,,0,,2,59,26,42,46,58,58,"186cm | 6'1""",0,-,-,Incheon United FC,Korea Republic
Hojun You,57,CM,,0,,3,62,48,53,58,57,56,"183cm | 6'0""",0,-,-,Ulsan Hyundai Horang-i,Korea Republic
Alberto Pomini,57,GK,,0,,2,65,43,44,68,36,55,"187cm | 6'2""",0,-,-,Sassuolo,Italy
Łukasz Hanzel,57,CM,,0,,3,54,52,57,65,50,54,"182cm | 6'0""",0,-,-,Zagłębie Lubin,Poland
Michaël Blanc,57,CB,,0,,3,63,28,44,42,56,58,"193cm | 6'4""",0,-,-,Royal Charleroi SC,France
Timo Uster,57,CB,,0,,5,60,30,42,28,58,60,"183cm | 6'0""",0,-,-,Rot-Weiß Oberhausen,Germany
Marcel Landers,57,RWB,,0,,3,62,44,55,51,54,52,"183cm | 6'0""",0,-,-,Rot-Weiß Oberhausen,Germany
Tim Kruse,57,CDM,,0,,3,62,46,53,44,63,63,"186cm | 6'1""",0,-,-,Rot-Weiß Oberhausen,Germany
Kieran Murtagh,57,CM,,0,,3,74,36,57,44,55,47,"178cm | 5'10""",0,-,-,Yeovil Town,England
Cristiano Camillucci,57,CDM,,0,,2,56,47,60,51,56,54,"179cm | 5'10""",0,-,-,Ancona,Italy
Andrea Tricarico,57,CDM,,0,,2,62,43,55,53,63,62,"175cm | 5'9""",0,-,-,Salerno,Italy
Marc-Philipp Zimmermann,57,CF,,0,,3,64,55,34,57,31,50,"176cm | 5'9""",0,-,-,Energie Cottbus,Germany
Florian Riedel,57,RWB,,0,,4,64,39,46,40,55,54,"176cm | 5'9""",0,-,-,Hertha BSC,Germany
Tom Buschke,57,CB,,0,,3,59,27,35,39,58,62,"183cm | 6'0""",0,-,-,Hansa Rostock,Germany
Baye Ibrahima Niasse,57,CM,,0,,3,67,51,47,57,58,56,"188cm | 6'2""",0,-,-,Neuchâtel Xamax,Senegal
Gabriele Angella,57,CB,,0,,3,60,47,48,45,55,58,"189cm | 6'2""",0,-,-,Empoli,Italy
Dominic Peitz,57,CDM,,0,,4,58,50,50,48,66,71,"196cm | 6'5""",0,-,-,1. FC Union Berliln,Germany
Andrè Cuneaz,57,ST,,0,,3,69,47,56,50,49,68,"173cm | 5'8""",0,-,-,Mantova,Italy
Daniel Henz Pereira Silva,57,CB,,0,,2,61,37,48,37,57,55,"185cm | 6'1""",0,-,-,Jagiellonia Białystok,Brazil
Dominik Ritter,57,CB,,0,,3,58,42,50,39,56,62,"180cm | 5'11""",0,-,-,FC Basel 1893,Switzerland
Nicholas Guidi,57,CM,,0,,2,66,42,54,46,61,52,"187cm | 6'2""",0,-,-,Frosinone,Italy
Piotr Kieruzel,57,CB,,0,,2,60,31,43,39,58,53,"187cm | 6'2""",0,-,-,Ruch Chorzów,Poland
Marc Hornschuh,57,CDM,,0,,4,68,44,57,42,58,63,"187cm | 6'2""",0,-,-,Borussia Dortmund,Germany
Jens Wemmer,57,RM,,0,,3,67,50,59,52,45,56,"185cm | 6'1""",0,-,-,SC Paderborn 07,Germany
Jin-Soo Choi,57,RW,,0,,3,68,49,50,56,53,58,"178cm | 5'10""",0,-,-,Ulsan Hyundai Horang-i,Korea Republic
Jae hoon Ha,57,RB,,0,,3,60,41,40,52,56,51,"180cm | 5'11""",0,-,-,Gangwon FC,Korea Republic
Jun Ha Yoon,57,CF,,0,,3,65,52,49,58,46,51,"173cm | 5'8""",0,-,-,Gangwon FC,Korea Republic
Jong Eun Lim,57,CB,,0,,3,52,36,43,50,58,67,"192cm | 6'4""",0,-,-,Ulsan Hyundai Horang-i,Korea Republic
Chang-Hyun Ryu,57,ST,,0,,3,64,53,46,58,48,50,"181cm | 5'11""",0,-,-,Pohang Steelers,Korea Republic
Da Bin Kim,57,ST,,0,,2,63,54,47,56,45,50,"182cm | 6'0""",0,-,-,Daejeon Citizen,Korea Republic
Sang Duk Lee,57,CB,,0,,3,54,40,40,42,59,62,"175cm | 5'9""",0,-,-,Daegu FC,Korea Republic
Alberto Fernández García,57,LF,,0,,2,69,51,43,54,41,52,"180cm | 5'11""",0,-,-,F.C. Cartagena,Spain
Dani Schahin,57,ST,,0,,4,64,55,35,52,43,61,"187cm | 6'2""",0,-,-,SpVgg Greuther Fürth,Germany
Hodei Mendinueta Bernaraz,57,CB,,0,,3,59,20,37,29,60,62,"182cm | 6'0""",0,-,-,Real Unión Club Irún,Spain
Jordi Figueras Montel,57,CB,,0,,3,59,18,44,36,59,58,"185cm | 6'1""",0,-,-,R.C. Celta,Spain
Edgar Prib,57,LM,,0,,3,67,41,59,58,49,44,"181cm | 5'11""",0,-,-,SpVgg Greuther Fürth,Germany
Andreas Kerner,57,GK,,0,,3,56,57,53,56,48,54,"189cm | 6'2""",0,-,-,Hansa Rostock,Germany
Lukas Nottbeck,57,CDM,,0,,3,63,49,48,57,61,56,"183cm | 6'0""",0,-,-,1. FC Köln,Germany
Jesús Coca Noguerol,57,GK,,0,,2,52,59,53,61,31,59,"185cm | 6'1""",0,-,-,Córdoba C.F.,Spain
Danny Wilson,57,CB,,0,,2,55,20,33,25,62,62,"187cm | 6'2""",0,-,-,Rangers,Scotland
Mohammed Lartey,57,RM,,0,,4,76,50,47,60,50,49,"175cm | 5'9""",0,-,-,Rot-Weiß Ahlen,Germany
Mateusz Siebert,57,CB,,0,,3,63,28,45,34,58,50,"185cm | 6'1""",0,-,-,Arka Gdynia,Poland
Seydou Yahaya,57,CDM,,0,,3,68,36,51,63,64,57,"171cm | 5'7""",0,-,-,AEK Athens,Ghana
Roberto Batrés Díaz,57,CAM,,0,,3,61,58,54,54,50,58,"191cm | 6'3""",0,-,-,Albacete Balompié,Spain
Kenny Lunt,56,CM,,0,,3,54,54,60,42,52,41,"180cm | 5'11""",0,-,-,Hereford,England
Barry Hayles,56,ST,,0,,3,49,59,30,56,51,62,"175cm | 5'9""",0,-,-,Cheltenham Town,Jamaica
Frank Wiblishauser,56,LB,,0,,3,49,36,51,41,58,64,"180cm | 5'11""",0,-,-,TuS Koblenz,Germany
Mike Edwards,56,CB,,0,,3,53,25,32,24,60,61,"183cm | 6'0""",0,-,-,Notts County,England
Darren Way,56,RM,,0,,3,58,43,64,55,46,41,"170cm | 5'7""",0,-,-,Yeovil Town,England
Andy Crosby,56,CB,,0,,3,45,20,29,30,63,58,"188cm | 6'2""",0,-,-,Scunthorpe United,England
Ian Sharps,56,CB,,0,,3,52,29,31,28,60,60,"191cm | 6'3""",0,-,-,Rotherham United,England
Kemal Izzet,56,CDM,,0,,3,64,39,55,53,59,63,"173cm | 5'8""",0,-,-,Colchester United,England
Peter Thorne,56,ST,,0,,3,60,56,32,49,54,67,"183cm | 6'0""",0,-,-,Bradford City,England
Nick Fenton,56,CB,,0,,3,55,24,36,30,59,58,"191cm | 6'3""",0,-,-,Rotherham United,England
Paul Bolland,56,CDM,,0,,3,58,31,62,61,56,59,"180cm | 5'11""",0,-,-,Macclesfield Town,England
Lee Bullock,56,CM,,0,,3,55,51,56,56,54,54,"183cm | 6'0""",0,-,-,Bradford City,England
Ritchie Humphreys,56,LW,,0,,2,56,44,66,65,59,54,"178cm | 5'10""",0,-,-,Hartlepool United,England
Ryan Valentine,56,LB,,0,,4,57,33,45,31,59,34,"178cm | 5'10""",0,-,-,Hereford,Wales
Mobulu M'Futi,56,ST,,0,,3,67,49,57,47,44,62,"176cm | 5'9""",0,-,-,FC Sion,Congo
James Fowler,56,CM,,0,,3,62,17,64,60,64,62,"175cm | 5'9""",0,-,-,Kilmarnock,Scotland
Patrick Leugueun,56,CB,,0,,3,52,30,43,31,60,53,"184cm | 6'0""",0,-,-,Vannes OC,Cameroon
Thomas Wagner,56,ST,,0,,5,52,58,37,55,46,60,"180cm | 5'11""",0,-,-,SV Mattersburg,Austria
Alessandro Mangiarratti,56,CB,,0,,3,59,22,43,32,58,56,"182cm | 6'0""",0,-,-,AC Bellinzona,Switzerland
Adam Proudlock,56,ST,,0,,4,60,56,25,58,45,58,"183cm | 6'0""",0,-,-,Grimsby Town,England
Chris McCready,56,CB,,0,,4,59,20,32,35,58,66,"185cm | 6'1""",0,-,-,Northampton Town,England
Anthony McNamee,56,LW,,0,,4,75,37,58,78,37,29,"168cm | 5'6""",0,-,-,Swindon Town,England
John Mullin,56,CM,,0,,3,55,51,58,54,51,52,"178cm | 5'10""",0,-,-,Accrington Stanley,England
Karl Hawley,56,ST,,0,,3,67,54,44,52,48,46,"173cm | 5'8""",0,-,-,Notts County,England
Pablo Mills,56,CDM,,0,,3,63,40,53,50,60,57,"180cm | 5'11""",0,-,-,Rotherham United,England
Paul Warne,56,ST,,0,,3,55,57,44,55,49,46,"175cm | 5'9""",0,-,-,Rotherham United,England
Lewis Neal,56,LM,,0,,4,53,44,60,65,51,50,"175cm | 5'9""",0,-,-,Shrewsbury,England
Aaron Brown,56,LM,,0,,2,63,46,56,59,45,39,"178cm | 5'10""",0,-,-,Lincoln City,England
Michael Ratajczak,56,GK,,0,,3,52,59,49,62,40,53,"187cm | 6'2""",0,-,-,Fortuna Düsseldorf,Germany
Sead Mehic,56,CDM,,0,,3,62,43,54,56,58,64,"178cm | 5'10""",0,-,-,FSV Frankfurt,Bosnia Herzegovina
Luca Belingheri,56,CM,,0,,3,39,58,62,64,50,47,"182cm | 6'0""",0,-,-,F. Torino,Italy
Barry Roche,56,GK,,0,,3,56,54,51,57,55,53,"193cm | 6'4""",0,-,-,Morecambe,Republic of Ireland
John Thompson,56,CB,,0,,3,57,28,40,34,58,54,"183cm | 6'0""",0,-,-,Notts County,Republic of Ireland
Rudolf Zedi,56,CDM,,0,,3,52,38,61,51,62,70,"189cm | 6'2""",0,-,-,SC Paderborn 07,Germany
Simon Ramsden,56,RB,,0,,3,58,23,35,36,58,54,"183cm | 6'0""",0,-,-,Bradford City,England
Thierry Coppens,56,GK,,0,,3,58,51,48,56,54,54,"174cm | 5'9""",0,-,-,SV Zulte-Waregem,Belgium
Marcel Busch,56,RWB,,0,,3,64,43,51,66,52,41,"178cm | 5'10""",0,-,-,Rot-Weiß Ahlen,Germany
Peter Sweeney,56,LW,,0,,3,61,47,62,60,47,49,"183cm | 6'0""",0,-,-,Grimsby Town,Scotland
David Preece,56,GK,,0,,2,66,68,35,55,68,48,"188cm | 6'2""",0,-,-,Barnsley,England
Laurent Walthert,56,GK,,0,,2,56,51,52,56,43,57,"181cm | 5'11""",0,-,-,Neuchâtel Xamax,Switzerland
Richard Vanigli,56,CB,,0,,3,48,35,50,39,59,59,"177cm | 5'10""",0,-,-,Ancona,Italy
Ricky Ravenhill,56,CM,,0,,3,56,48,52,53,62,52,"178cm | 5'10""",0,-,-,Notts County,England
Hwa Sung Do,56,CAM,,0,,4,58,54,52,55,54,50,"177cm | 5'10""",0,-,-,Incheon United FC,Korea Republic
Dae-Keon Kim,56,CB,,0,,2,52,36,47,41,57,58,"183cm | 6'0""",0,-,-,Suwon Samsung Bluewings,Korea Republic
Stuart Drummond,56,CM,,0,,3,55,56,53,53,55,56,"188cm | 6'2""",0,-,-,Morecambe,England
Hüzeyfe Dogan,56,CAM,,0,,3,63,51,53,64,46,48,"181cm | 5'11""",0,-,-,1. FC Union Berliln,Turkey
Josip Colina,56,CDM,,0,,3,53,49,55,53,58,45,"189cm | 6'2""",0,-,-,Grasshopper-Club,Croatia
Sergio Torres,56,RW,,0,,3,72,41,45,77,33,29,"188cm | 6'2""",0,-,-,Peterborough United,Argentina
Rubén Pérez Mínguez,56,RF,,0,,3,71,48,52,50,43,54,"189cm | 6'2""",0,-,-,Elche C.F.,Spain
Colin Hawkins,56,CB,,0,,2,50,27,37,30,60,68,"185cm | 6'1""",0,-,-,Brighton &amp; Hove Albion,Republic of Ireland
Shane Barrett,56,ST,,0,,3,62,56,41,50,41,47,"180cm | 5'11""",0,-,-,Drogheda United,Republic of Ireland
Ollie Cahill,56,LM,,0,,3,73,50,52,62,40,50,"178cm | 5'10""",0,-,-,Shamrock Rovers,Republic of Ireland
Darren Moss,56,RB,,0,,3,53,32,49,42,58,56,"178cm | 5'10""",0,-,-,Morecambe,Wales
John Nutter,56,LWB,,0,,3,63,48,55,49,52,42,"188cm | 6'2""",0,-,-,Gillingham,England
Ryan Green,56,RB,,0,,3,60,16,41,41,57,52,"173cm | 5'8""",0,-,-,Hereford,Wales
Oliver Glasner,56,CB,,0,,5,50,49,54,46,55,73,"181cm | 5'11""",0,-,-,SV Josko Fenst. Ried,Austria
Calvin Zola,56,ST,,0,,2,55,52,41,55,51,68,"191cm | 6'3""",0,-,-,Crewe Alexandra,DR Congo
Danny Murphy,56,LB,,0,,3,53,45,58,45,56,54,"168cm | 5'6""",0,-,-,Cork City,Republic of Ireland
David Hunt,56,CM,,0,,3,61,35,57,55,59,40,"180cm | 5'11""",0,-,-,Brentford,England
Florent Ghisolfi,56,CM,,0,,3,61,44,54,57,57,58,"175cm | 5'9""",0,-,-,Sporting Club Bastia,France
Grzegorz Niciński,56,ST,,0,,3,50,55,44,53,54,65,"186cm | 6'1""",0,-,-,Arka Gdynia,Poland
Tae-Su Kim,56,CM,,0,,3,58,48,51,54,62,59,"180cm | 5'11""",0,-,-,Pohang Steelers,Korea Republic
Hyo Sung Bae,56,CB,,0,,2,54,35,44,30,59,53,"183cm | 6'0""",0,-,-,Gwangju Sangmu FC,Korea Republic
Tae Young Kim,56,LM,,0,,2,55,52,59,49,52,64,"180cm | 5'11""",0,-,-,Busan I'Park,Korea Republic
Anthony Pulis,56,CM,,0,,3,62,40,55,56,58,50,"178cm | 5'10""",0,-,-,Southampton,Wales
Theddy Ongoly,56,CB,,0,,2,53,31,52,27,58,56,"187cm | 6'2""",0,-,-,Angers SCO,Congo
Wade Small,56,RM,,0,,4,74,48,54,70,32,36,"178cm | 5'10""",0,-,-,Chesterfield,England
Kevin Austin,56,LB,,0,,3,41,37,47,36,61,62,"183cm | 6'0""",0,-,-,Chesterfield,Trinidad &amp; Tobago
Mark Lynch,56,RB,,0,,3,57,25,42,39,57,54,"180cm | 5'11""",0,-,-,Rotherham United,England
Laurence Wilson,56,LB,,0,,3,69,33,45,49,53,45,"178cm | 5'10""",0,-,-,Morecambe,England
Lewis Guy,56,ST,,0,,3,61,51,44,56,51,60,"178cm | 5'10""",0,-,-,Doncaster Rovers,England
Matty Robson,56,LW,,0,,3,58,50,59,60,49,48,"175cm | 5'9""",0,-,-,Carlisle United,England
Curtis Weston,56,CM,,0,,3,70,44,51,54,50,54,"180cm | 5'11""",0,-,-,Gillingham,England
Sandro José Ferreira da Silva,56,LW,,0,,3,68,42,60,67,54,46,"178cm | 5'10""",0,-,-,SK Austria Kärnten,Brazil
Kyung Mo Sung,56,GK,,0,,3,54,54,53,56,40,54,"183cm | 6'0""",0,-,-,Incheon United FC,Korea Republic
Seung Hyun Kim,56,RW,,0,,2,62,53,55,56,48,41,"182cm | 6'0""",0,-,-,Chunnam Dragons,Korea Republic
David Sencar,56,CAM,,0,,3,62,40,59,62,47,50,"176cm | 5'9""",0,-,-,KSV Superfund,Austria
Greg Cameron,56,CAM,,0,,3,57,48,58,57,51,36,"175cm | 5'9""",0,-,-,Dundee United,Scotland
Euan McLean,56,GK,,0,,3,52,57,51,59,36,56,"188cm | 6'2""",0,-,-,St. Johnstone FC,Scotland
Stefano Avogadri,56,RWB,,0,,3,64,42,44,48,53,50,"180cm | 5'11""",0,-,-,Piacenza,Italy
Dario Damjanović,56,CDM,,0,,3,58,43,52,46,67,65,"189cm | 6'2""",0,-,-,1. FC Kaiserslautern,Bosnia Herzegovina
Damien Lahaye,56,GK,,0,,3,55,50,52,60,43,53,"180cm | 5'11""",0,-,-,KV Kortrijk,Belgium
Ben Hamer,56,GK,,0,,3,53,50,59,54,49,54,"180cm | 5'11""",0,-,-,Reading,England
Joe Colbeck,56,RM,,0,,4,74,42,51,62,44,34,"180cm | 5'11""",0,-,-,Oldham Athletic,England
Olivier N'Siabamfumu,56,CDM,,0,,3,69,46,48,53,56,58,"184cm | 6'0""",0,-,-,FC Crotone,France
Maxime Biset,56,CM,,0,,3,58,47,52,49,63,54,"193cm | 6'4""",0,-,-,KV Mechelen,Belgium
Enrique Javier Carreño Salvago,56,ST,,0,,3,61,52,38,54,44,64,"183cm | 6'0""",0,-,-,Sevilla F.C.,Spain
Seung Kyung Shin,56,GK,,0,,2,52,62,48,58,56,54,"192cm | 6'4""",0,-,-,GyeongNam FC,Korea Republic
Baptiste Martin,56,CB,,0,,3,56,38,46,34,56,65,"185cm | 6'1""",0,-,-,AJ Auxerre,France
Drew Talbot,56,ST,,0,,3,72,47,40,57,43,52,"178cm | 5'10""",0,-,-,Chesterfield,England
Richard Martin,56,GK,,0,,2,66,60,44,59,57,40,"188cm | 6'2""",0,-,-,Yeovil Town,England
Jonathan Vila Pereira,56,CM,,0,,3,59,48,57,51,51,53,"186cm | 6'1""",0,-,-,R.C. Celta,Spain
Lewis Stevenson,56,LB,,0,,4,57,23,51,65,55,60,"170cm | 5'7""",0,-,-,Hibernian,Scotland
Hendrik Hahne,56,ST,,0,,4,61,52,44,58,41,54,"173cm | 5'8""",0,-,-,Hannover 96,Germany
Kwang Min Park,56,LF,,0,,3,76,43,50,56,42,51,"175cm | 5'9""",0,-,-,Gwangju Sangmu FC,Korea Republic
Hyun Woo Lim,56,RW,,0,,2,65,50,49,56,47,46,"173cm | 5'8""",0,-,-,Daegu FC,Korea Republic
Kwang Hwan Jeon,56,RB,,0,,3,63,40,49,54,53,44,"173cm | 5'8""",0,-,-,Gwangju Sangmu FC,Korea Republic
Kwang Hyun Na,56,RW,,0,,3,61,52,49,57,49,50,"175cm | 5'9""",0,-,-,Daejeon Citizen,Korea Republic
Alexandre Oukidja,56,GK,,0,,2,57,53,56,52,22,60,"185cm | 6'1""",0,-,-,LOSC Lille Métropole,France
Craig Alcock,56,RB,,0,,3,64,11,29,20,59,56,"173cm | 5'8""",0,-,-,Yeovil Town,England
Sergej Evljuskin,56,CM,,0,,4,64,49,50,51,55,46,"178cm | 5'10""",0,-,-,VfL Wolfsburg,Germany
Kai Bülow,56,CDM,,0,,4,62,32,57,53,63,48,"188cm | 6'2""",0,-,-,Hansa Rostock,Germany
Luca Tabbiani,56,RM,,0,,3,67,45,54,58,49,56,"179cm | 5'10""",0,-,-,Triestina,Italy
Paul Baysse,56,CB,,0,,3,57,19,48,33,59,53,"184cm | 6'0""",0,-,-,CS Sedan Ardennes,France
Simone Iacoponi,56,CB,,0,,3,58,35,49,44,55,54,"185cm | 6'1""",0,-,-,Empoli,Italy
Gianluca Musacci,56,CM,,0,,3,65,50,60,47,43,43,"180cm | 5'11""",0,-,-,Empoli,Italy
Adilson Tavares Varela,56,CDM,,0,,3,68,37,52,52,62,61,"178cm | 5'10""",0,-,-,FC Basel 1893,Cape Verde Islands
Dong-Kyu Kim,56,CB,,0,,2,57,42,53,49,54,62,"183cm | 6'0""",0,-,-,Ulsan Hyundai Horang-i,Korea Republic
Jakub Petr,56,LF,,0,,3,63,51,44,55,46,56,"183cm | 6'0""",0,-,-,Sigma Olomouc,Czech Republic
Yoo Gul Song,56,GK,,0,,2,55,54,56,53,48,54,"187cm | 6'2""",0,-,-,Incheon United FC,Korea Republic
Darren Dennehy,56,CB,,0,,3,61,35,42,31,56,64,"187cm | 6'2""",0,-,-,Hereford,Republic of Ireland
Chris Whelpdale,56,RW,,0,,2,66,47,55,56,48,48,"184cm | 6'0""",0,-,-,Peterborough United,England
Steven Lang,56,RM,,0,,3,63,53,47,56,56,55,"174cm | 5'9""",0,-,-,FC Aarau,Switzerland
Tom Bertram,56,LB,,0,,4,61,20,30,36,58,62,"187cm | 6'2""",0,-,-,SC Paderborn 07,Germany
Kieran Charnock,56,CB,,0,,3,64,23,26,25,57,56,"186cm | 6'1""",0,-,-,Torquay United,England
Christian Strohdiek,56,CB,,0,,3,57,19,34,34,58,60,"192cm | 6'4""",0,-,-,SC Paderborn 07,Germany
Maik Rodenberg,56,CB,,0,,3,50,29,29,26,61,62,"194cm | 6'4""",0,-,-,Arminia Bielefeld,Germany
Giuseppe Rapisarda,56,CB,,0,,3,67,23,44,39,54,54,"181cm | 5'11""",0,-,-,FC Aarau,Switzerland
Kevin Pezzoni,56,CDM,,0,,4,63,35,51,44,71,68,"193cm | 6'4""",0,-,-,1. FC Köln,Germany
Min Ho Kim,56,CF,,0,,3,63,51,52,52,48,56,"179cm | 5'10""",0,-,-,Chunnam Dragons,Korea Republic
Kwang Hee Choi,56,RW,,0,,3,64,50,51,56,50,48,"172cm | 5'8""",0,-,-,Busan I'Park,Korea Republic
Matko Perdijić,56,GK,,0,,3,63,46,48,58,42,54,"195cm | 6'5""",0,-,-,Ruch Chorzów,Croatia
Fabian Hergesell,56,LB,,0,,3,61,29,34,27,59,38,"176cm | 5'9""",0,-,-,Fortuna Düsseldorf,Germany
Aidan Downes,56,RW,,0,,3,74,48,55,44,47,59,"182cm | 6'0""",0,-,-,Yeovil Town,Republic of Ireland
John Akinde,56,ST,,0,,3,71,53,30,44,52,66,"188cm | 6'2""",0,-,-,Bristol City,England
Kyle Bartley,56,CB,,0,,3,59,22,36,20,58,64,"191cm | 6'3""",0,-,-,Arsenal,England
Mike Gomes,56,RB,,0,,3,64,50,48,56,52,54,"180cm | 5'11""",0,-,-,Neuchâtel Xamax,Switzerland
Luca Di Matteo,56,RW,,0,,3,63,49,53,57,53,55,"181cm | 5'11""",0,-,-,FC Crotone,Italy
Hyun Sik Ahn,56,CB,,0,,2,58,30,44,32,56,61,"183cm | 6'0""",0,-,-,Incheon United FC,Korea Republic
Chang Hun Park,56,RM,,0,,3,58,53,56,53,47,60,"178cm | 5'10""",0,-,-,Incheon United FC,Korea Republic
Hee Do Park,56,LW,,0,,2,64,50,52,62,46,36,"181cm | 5'11""",0,-,-,Busan I'Park,Korea Republic
Seung Won Yang,56,CB,,0,,2,54,46,44,42,56,58,"186cm | 6'1""",0,-,-,Daegu FC,Korea Republic
Adrian Nikci,56,RW,,0,,3,68,50,54,52,53,43,"181cm | 5'11""",0,-,-,FC Zürich,Switzerland
Łukasz Tumicz,56,CF,,0,,3,66,51,40,55,46,54,"180cm | 5'11""",0,-,-,Jagiellonia Białystok,Poland
Mateusz Struski,56,GK,,0,,3,59,52,47,53,47,59,"195cm | 6'5""",0,-,-,Ruch Chorzów,Poland
Romone Rose,56,ST,,0,,3,77,47,48,49,39,51,"173cm | 5'8""",0,-,-,Queens Park Rangers,England
Abdoul Karim Yoda,56,LM,,0,,3,60,49,54,55,51,54,"185cm | 6'1""",0,-,-,FC Sion,France
Orhan Mustafi,56,ST,,0,,4,56,50,50,58,42,64,"190cm | 6'3""",0,-,-,FC Basel 1893,FYR Macedonia
Roberto Musso,56,CAM,,0,,3,49,48,60,50,60,60,"181cm | 5'11""",0,-,-,Cittadella,Italy
Matteo Silvestrini,56,CB,,0,,3,63,23,18,28,59,46,"175cm | 5'9""",0,-,-,Sassuolo,Italy
Artur Sobiech,56,CF,,0,,3,60,52,40,53,57,65,"184cm | 6'0""",0,-,-,Ruch Chorzów,Poland
Peter Hackenberg,56,CB,,0,,2,60,23,36,35,57,64,"196cm | 6'5""",0,-,-,Energie Cottbus,Germany
Simone Salviato,56,CB,,0,,3,76,15,15,20,56,48,"189cm | 6'2""",0,-,-,Mantova,Italy
Julian Baumgartlinger,56,CDM,,0,,5,61,40,54,51,61,60,"181cm | 5'11""",0,-,-,FK Austria Wien,Austria
Federico Casarini,56,CM,,0,,3,63,51,60,48,42,44,"181cm | 5'11""",0,-,-,Bologna,Italy
Marcin Budzinski,56,CM,,0,,2,57,54,56,52,51,54,"184cm | 6'0""",0,-,-,Arka Gdynia,Poland
Kevin Kerr,56,RM,,0,,3,67,36,60,53,49,47,"174cm | 5'9""",0,-,-,Arminia Bielefeld,Scotland
Thomas Knöpfel,56,LM,,0,,3,63,51,48,51,57,60,"183cm | 6'0""",0,-,-,FC St. Gallen,Switzerland
Dídac Vilà,56,CB,,0,,3,63,20,18,39,58,49,"184cm | 6'0""",0,-,-,R.C.D. Espanyol,Spain
Łukasz Pielorz,56,RB,,0,,2,61,29,40,30,58,40,"180cm | 5'11""",0,-,-,Odra Wodzisław,Poland
Seung Gyu Kim,56,GK,,0,,3,56,54,58,50,45,57,"187cm | 6'2""",0,-,-,Ulsan Hyundai Horang-i,Korea Republic
Hyeng Ryul Ryu,56,CB,,0,,3,55,27,43,47,57,64,"184cm | 6'0""",0,-,-,Seongnam Ilhwa Chunma,Korea Republic
Dae Sung Moon,56,RM,,0,,3,68,47,48,63,49,48,"173cm | 5'8""",0,-,-,Seongnam Ilhwa Chunma,Korea Republic
Tae Wook Kim,56,RM,,0,,3,60,49,51,54,55,50,"182cm | 6'0""",0,-,-,GyeongNam FC,Korea Republic
Sang Min Lee,56,CM,,0,,3,52,50,56,63,51,50,"176cm | 5'9""",0,-,-,GyeongNam FC,Korea Republic
Wesley Barbosa De Morais,56,CF,,0,,2,64,54,56,52,45,40,"175cm | 5'9""",0,-,-,Chunnam Dragons,Brazil
Jin-Oh Maeng,56,CB,,0,,2,55,42,40,40,56,56,"187cm | 6'2""",0,-,-,Pohang Steelers,Korea Republic
Min Seop Kim,56,RWB,,0,,3,62,47,50,50,53,46,"170cm | 5'7""",0,-,-,Daejeon Citizen,Korea Republic
Sung Joon Kim,56,CM,,0,,3,57,52,55,58,48,46,"174cm | 5'9""",0,-,-,Daejeon Citizen,Korea Republic
Jose Antonio Picón Sedano,56,CB,,0,,3,62,17,23,22,60,44,"182cm | 6'0""",0,-,-,Real Racing Club,Spain
Lior Etter,56,CM,,0,,3,63,48,53,55,54,52,"177cm | 5'10""",0,-,-,FC Luzern,Switzerland
Erik Friberg,56,RW,,0,,3,64,45,63,61,45,48,"179cm | 5'10""",0,-,-,BK Häcken,Sweden
Sofien Chahed,56,CDM,,0,,3,69,39,52,44,60,46,"175cm | 5'9""",0,-,-,Hannover 96,Germany
Abdullah Baba Fatadi,56,CM,,0,,2,66,49,50,52,55,54,"180cm | 5'11""",0,-,-,Neuchâtel Xamax,Bahrain
Armiche Ortega Medina,56,RW,,0,,3,70,46,51,60,42,49,"176cm | 5'9""",0,-,-,U.D. Las Palmas,Spain
Astrit Ajdarevic,56,CAM,,0,,3,69,54,47,48,51,65,"186cm | 6'1""",0,-,-,Leicester City,Sweden
Robert Wojsyk,56,CF,,0,,3,62,56,48,44,35,56,"185cm | 6'1""",0,-,-,Polonia Bytom,Poland
Aleksandar Petreski,56,ST,,0,,3,65,49,44,58,47,52,"179cm | 5'10""",0,-,-,1. FSV Mainz 05,Germany
Ricky Pinheiro,56,CAM,,0,,3,70,47,48,70,45,46,"184cm | 6'0""",0,-,-,1. FC Kaiserslautern,Portugal
Oliver Baumann,56,GK,,0,,2,62,55,56,52,42,51,"185cm | 6'1""",0,-,-,SC Freiburg,Germany
Antonio Rodríguez Dovale,56,LW,,0,,3,69,48,48,60,39,38,"180cm | 5'11""",0,-,-,R.C. Celta,Spain
Geoff Horsfield,55,ST,,0,,3,38,56,45,58,72,68,"183cm | 6'0""",0,-,-,Port Vale,England
Martin Hiden,55,CB,,0,,3,44,44,50,37,58,60,"184cm | 6'0""",0,-,-,SK Austria Kärnten,Austria
Fabrice Jau,55,RM,,0,,2,63,39,53,58,54,60,"185cm | 6'1""",0,-,-,Sporting Club Bastia,France
Adrian Forbes,55,RM,,0,,3,56,53,54,64,45,68,"173cm | 5'8""",0,-,-,Grimsby Town,England
Paul Morgan,55,CB,,0,,3,51,17,27,26,60,60,"183cm | 6'0""",0,-,-,Macclesfield Town,Northern Ireland
Paul Harsley,55,CM,,0,,3,56,42,60,60,48,54,"173cm | 5'8""",0,-,-,Chesterfield,England
Danny Swailes,55,CB,,0,,3,58,19,25,33,58,57,"191cm | 6'3""",0,-,-,Milton Keynes Dons,England
Sam Parkin,55,ST,,0,,4,54,56,37,45,55,70,"188cm | 6'2""",0,-,-,Walsall,England
Luke Guttridge,55,CM,,0,,3,60,44,57,56,48,46,"173cm | 5'8""",0,-,-,Northampton Town,England
Markus Schmidt,55,CDM,,0,,3,60,43,53,48,58,59,"190cm | 6'3""",0,-,-,SV Mattersburg,Austria
Marcus Stewart,55,CF,,0,,3,47,64,24,45,46,64,"178cm | 5'10""",0,-,-,Exeter City,England
Stefan Oakes,55,CM,,0,,3,49,44,70,44,47,36,"180cm | 5'11""",0,-,-,Lincoln City,England
Russell Hoult,55,GK,,0,,3,53,56,51,52,46,55,"193cm | 6'4""",0,-,-,Notts County,England
Andy Monkhouse,55,LW,,0,,3,61,42,66,71,43,28,"188cm | 6'2""",0,-,-,Hartlepool United,England
Ben Burgess,55,ST,,0,,3,57,58,34,53,51,47,"191cm | 6'3""",0,-,-,Blackpool,Republic of Ireland
Gary Twigg,55,CF,,0,,2,60,50,43,54,45,56,"179cm | 5'10""",0,-,-,Shamrock Rovers,Scotland
John Melligan,55,RM,,0,,4,55,34,66,58,46,42,"178cm | 5'10""",0,-,-,Leyton Orient,Republic of Ireland
Ritchie Partridge,55,RW,,0,,3,67,48,52,56,45,36,"170cm | 5'7""",0,-,-,Milton Keynes Dons,Republic of Ireland
David Artell,55,CB,,0,,3,56,26,37,35,57,56,"188cm | 6'2""",0,-,-,Morecambe,England
Mark McCammon,55,ST,,0,,3,66,47,41,57,50,56,"188cm | 6'2""",0,-,-,Gillingham,Bangladesh
Sammy Igoe,55,RM,,0,,3,54,51,58,58,42,34,"168cm | 5'6""",0,-,-,Bournemouth,England
Marcin Malinowski,55,CDM,,0,,3,58,54,45,47,64,58,"179cm | 5'10""",0,-,-,Odra Wodzisław,Poland
Riccardo Scimeca,55,CDM,,0,,3,62,46,50,31,67,72,"185cm | 6'1""",0,-,-,Cardiff City,England
Sung Jae Kim,55,CDM,,0,,4,62,55,45,47,56,54,"178cm | 5'10""",0,-,-,Chunnam Dragons,Korea Republic
Jong Bum Choi,55,LM,,0,,3,65,47,49,52,54,52,"178cm | 5'10""",0,-,-,Daegu FC,Korea Republic
Ruben Garlini,55,CB,,0,,3,44,42,50,40,57,60,"184cm | 6'0""",0,-,-,Albinoleffe,Italy
Aurélien Faivre,55,LB,,0,,3,55,34,47,46,55,52,"180cm | 5'11""",0,-,-,Vannes OC,France
Fernando A. Morais Dinis,55,CDM,,0,,4,59,43,55,55,54,60,"184cm | 6'0""",0,-,-,Zagłębie Lubin,Portugal
Tae Min Kim,55,CM,,0,,2,57,38,55,57,57,49,"183cm | 6'0""",0,-,-,Gwangju Sangmu FC,Korea Republic
Seung Bum Oh,55,CDM,,0,,2,65,53,48,42,54,48,"174cm | 5'9""",0,-,-,Jeju United FC,Korea Republic
Michele Polverino,55,RM,,0,,3,57,48,48,61,56,56,"171cm | 5'7""",0,-,-,FC Aarau,Liechtenstein
Reto Bolli,55,GK,,0,,3,55,50,50,51,52,57,"184cm | 6'0""",0,-,-,FC St. Gallen,Switzerland
Carlos Xabier Pascual Luca Tena,55,GK,,0,,3,70,54,43,51,39,52,"191cm | 6'3""",0,-,-,Club Gimnàstic,Spain
Andres Fleurquín,55,CDM,,0,,3,56,42,50,49,66,57,"186cm | 6'1""",0,-,-,Cádiz CF,Uruguay
Kevin Geudens,55,CDM,,0,,3,58,46,52,45,62,62,"185cm | 6'1""",0,-,-,KV Mechelen,Belgium
Dale Tonge,55,RM,,0,,3,57,43,55,54,53,46,"178cm | 5'10""",0,-,-,Rotherham United,England
David Krecidlo,55,RWB,,0,,4,59,32,54,48,52,59,"180cm | 5'11""",0,-,-,SC Paderborn 07,Germany
Marc Joseph,55,RB,,0,,3,55,31,44,39,56,52,"183cm | 6'0""",0,-,-,Rotherham United,Antigua &amp; Barbuda
Scott Wiseman,55,RB,,0,,3,64,22,40,32,56,44,"183cm | 6'0""",0,-,-,Rochdale,England
Julien Sola,55,CM,,0,,3,47,48,60,53,52,55,"184cm | 6'0""",0,-,-,Angers SCO,France
Conrad Logan,55,GK,,0,,3,46,60,51,60,33,55,"188cm | 6'2""",0,-,-,Leicester City,Republic of Ireland
Samir Boughanem,55,CM,,0,,3,54,52,54,53,50,58,"180cm | 5'11""",0,-,-,Servette FC,Morocco
Gary Mulligan,55,ST,,0,,3,57,55,37,55,40,46,"185cm | 6'1""",0,-,-,Northampton Town,Republic of Ireland
Jamie Young,55,GK,,0,,3,59,54,52,54,55,48,"180cm | 5'11""",0,-,-,Wycombe Wanderers,England
David Kotrys,55,CB,,0,,3,50,50,45,34,56,56,"182cm | 6'0""",0,-,-,Polonia Bytom,Czech Republic
Sławomir Szeliga,55,RM,,0,,3,54,58,52,63,45,50,"181cm | 5'11""",0,-,-,Cracovia Kraków,Poland
David Knight,55,GK,,0,,3,62,51,45,60,37,49,"183cm | 6'0""",0,-,-,Darlington,England
Jin Ok Park,55,RM,,0,,2,65,42,54,52,51,50,"170cm | 5'7""",0,-,-,Gwangju Sangmu FC,Korea Republic
Dong-Won Lee,55,CB,,0,,3,44,26,36,30,60,72,"189cm | 6'2""",0,-,-,Ulsan Hyundai Horang-i,Korea Republic
Moo-Lim Choi,55,GK,,0,,2,50,54,54,54,44,53,"185cm | 6'1""",0,-,-,Ulsan Hyundai Horang-i,Korea Republic
Young Chul Baek,55,LM,,0,,3,68,51,49,57,46,52,"177cm | 5'10""",0,-,-,Daegu FC,Korea Republic
Yannick Cahuzac,55,CDM,,0,,3,67,32,55,34,64,60,"178cm | 5'10""",0,-,-,Sporting Club Bastia,France
Kristoffer Andersen,55,RF,,0,,3,72,47,43,59,39,38,"183cm | 6'0""",0,-,-,MSV Duisburg,Denmark
Badara Séne,55,CDM,,0,,3,65,31,53,44,66,64,"190cm | 6'3""",0,-,-,Le Mans Union Club 72,Senegal
Brendan Moloney,55,RB,,0,,3,65,30,39,36,55,43,"189cm | 6'2""",0,-,-,Notts County,Republic of Ireland
Shaun MacDonald,55,RM,,0,,3,69,38,54,65,42,40,"185cm | 6'1""",0,-,-,Swansea City,Wales
Fco. Manuel Suárez Arteaga,55,CM,,0,,3,63,41,57,59,45,60,"181cm | 5'11""",0,-,-,U.D. Las Palmas,Spain
Alberto Frison,55,GK,,0,,2,51,52,50,60,56,52,"185cm | 6'1""",0,-,-,Vicenza,Italy
Joo Hwan Kim,55,RM,,0,,3,63,47,49,55,55,50,"175cm | 5'9""",0,-,-,Daegu FC,Korea Republic
Jung Sik Park,55,CB,,0,,2,52,48,46,46,54,56,"180cm | 5'11""",0,-,-,Daegu FC,Korea Republic
Joo Won Moon,55,CM,,0,,4,59,44,50,57,58,55,"177cm | 5'10""",0,-,-,Gangwon FC,Korea Republic
Min Hyuk Kang,55,CB,,0,,4,56,37,46,38,55,56,"180cm | 5'11""",0,-,-,Gwangju Sangmu FC,Korea Republic
Kyung Ho Jeong,55,CAM,,0,,5,63,47,53,44,53,32,"168cm | 5'6""",0,-,-,Chunnam Dragons,Korea Republic
Ki Suk Choi,55,RB,,0,,2,66,48,59,62,49,48,"177cm | 5'10""",0,-,-,Busan I'Park,Korea Republic
Benoît Leroy,55,RW,,0,,2,60,50,57,55,54,40,"173cm | 5'8""",0,-,-,Stade Brestois 29,France
Andy Williams,55,ST,,0,,3,66,58,28,44,45,53,"180cm | 5'11""",0,-,-,Bristol Rovers,England
Jon Brain,55,GK,,0,,2,54,55,47,61,49,50,"193cm | 6'4""",0,-,-,Macclesfield Town,England
Doug Loft,55,CAM,,0,,2,62,50,53,56,47,48,"183cm | 6'0""",0,-,-,Port Vale,England
Daniel Miguélez Martínez,55,GK,,0,,2,51,61,50,58,37,51,"180cm | 5'11""",0,-,-,Cádiz CF,Spain
Giampietro Perrulli,55,LM,,0,,3,61,45,63,44,40,41,"171cm | 5'7""",0,-,-,Vicenza,Italy
Karamoko Cissé,55,ST,,0,,3,64,54,28,56,34,46,"178cm | 5'10""",0,-,-,Albinoleffe,Guinea
Antonio Piccolo,55,LF,,0,,2,57,52,35,56,41,56,"180cm | 5'11""",0,-,-,Piacenza,Italy
Paolo Ricchi,55,RB,,0,,3,63,28,38,41,55,41,"173cm | 5'8""",0,-,-,Modena,Italy
Tomasz Baliga,55,CB,,0,,4,51,52,77,52,52,54,"174cm | 5'9""",0,-,-,Cracovia Kraków,Poland
Hyung Jae Cho,55,CAM,,0,,2,56,54,53,53,51,57,"180cm | 5'11""",0,-,-,Jeju United FC,Korea Republic
Steve Pantelidis,55,CB,,0,,3,45,34,46,44,58,54,"182cm | 6'0""",0,-,-,Gold Coast United,Australia
Oumar Sissoko,55,GK,,0,,2,53,54,53,56,30,53,"187cm | 6'2""",0,-,-,FC Metz,France
Yves Oehri,55,RB,,0,,2,61,26,48,44,54,52,"175cm | 5'9""",0,-,-,FC St. Gallen,Liechtenstein
André Schembri,55,CAM,,0,,3,49,56,56,62,44,54,"178cm | 5'10""",0,-,-,SK Austria Kärnten,Malta
Tom Elliott,55,ST,,0,,3,70,51,34,48,51,60,"191cm | 6'3""",0,-,-,Leeds United,England
Adrian Winter,55,RM,,0,,2,66,46,54,42,49,36,"178cm | 5'10""",0,-,-,FC St. Gallen,Switzerland
Ilie Pavel Cebanu,55,GK,,0,,3,56,47,42,71,19,51,"186cm | 6'1""",0,-,-,Wisła Kraków,Moldova
Ben Tozer,55,CB,,0,,3,65,12,18,19,58,64,"179cm | 5'10""",0,-,-,Newcastle United,England
Seung Min Park,55,LW,,0,,3,64,48,47,52,51,55,"182cm | 6'0""",0,-,-,Gwangju Sangmu FC,Korea Republic
Jong Hyuk Choi,55,CDM,,0,,3,58,46,53,55,52,54,"170cm | 5'7""",0,-,-,Daegu FC,Korea Republic
Yoo Jin Kim,55,CB,,0,,2,48,39,41,35,57,72,"188cm | 6'2""",0,-,-,Busan I'Park,Korea Republic
Hyun Yun Choi,55,RW,,0,,3,65,49,40,56,48,50,"178cm | 5'10""",0,-,-,Jeju United FC,Korea Republic
Rob Claeys,55,CB,,0,,3,50,43,54,41,55,52,"186cm | 6'1""",0,-,-,KV Kortrijk,Belgium
Corry Evans,55,CDM,,0,,3,70,42,45,41,66,48,"181cm | 5'11""",0,-,-,Manchester United,Northern Ireland
James Dunne,55,CM,,0,,2,52,47,57,46,56,45,"175cm | 5'9""",0,-,-,Exeter City,England
Burim Kukeli,55,LM,,0,,3,60,50,50,53,52,55,"180cm | 5'11""",0,-,-,FC Luzern,Serbia
Liam Henderson,55,ST,,0,,3,62,52,50,48,39,48,"180cm | 5'11""",0,-,-,Watford,England
Ashley Barnes,55,ST,,0,,3,61,55,33,56,44,47,"183cm | 6'0""",0,-,-,Plymouth Argyle,Austria
Sean Morrison,55,CB,,0,,3,63,16,25,28,57,60,"185cm | 6'1""",0,-,-,Swindon Town,England
Jeroen Vanthournout,55,CB,,0,,3,61,32,43,37,54,54,"183cm | 6'0""",0,-,-,KSV Roeselare,Belgium
Hyung Ik Cho,55,CAM,,0,,3,66,52,49,55,47,54,"173cm | 5'8""",0,-,-,Daegu FC,Korea Republic
Seul Ki Ko,55,CF,,0,,2,60,49,52,48,48,63,"183cm | 6'0""",0,-,-,Gwangju Sangmu FC,Korea Republic
Tim Hofmann,55,CB,,0,,2,65,20,32,24,56,53,"187cm | 6'2""",0,-,-,Hannover 96,Germany
Aziz Bouhaddouz,55,ST,,0,,4,71,45,39,57,39,55,"188cm | 6'2""",0,-,-,FSV Frankfurt,Morocco
Ole Kittner,55,CB,,0,,3,65,36,50,44,51,56,"189cm | 6'2""",0,-,-,Rot-Weiß Ahlen,Germany
Simone Villanova,55,GK,,0,,1,50,52,55,55,53,53,"185cm | 6'1""",0,-,-,Cittadella,Italy
Andis Shala,55,ST,,0,,3,62,51,52,53,40,46,"189cm | 6'2""",0,-,-,Dundee United,Germany
Matteo Camillini,55,LB,,0,,3,59,20,30,26,58,42,"180cm | 5'11""",0,-,-,Ascoli,Italy
Mohammed Yusuf,55,LM,,0,,3,64,46,52,57,49,51,"177cm | 5'10""",0,-,-,FC Sion,Nigeria
Serkan Sahin,55,RWB,,0,,3,64,41,54,60,50,42,"175cm | 5'9""",0,-,-,FC Basel 1893,Switzerland
Steven Jahn,55,ST,,0,,3,62,53,34,53,31,50,"171cm | 5'7""",0,-,-,1. FC Union Berliln,Germany
Da Hwon Jung,55,ST,,0,,3,61,47,48,52,48,63,"180cm | 5'11""",0,-,-,FC Seoul,Korea Republic
Chang-Sik Oh,55,CB,,0,,4,56,24,40,50,55,60,"183cm | 6'0""",0,-,-,Ulsan Hyundai Horang-i,Korea Republic
Kwang Hyun Lee,55,CB,,0,,3,57,38,40,51,54,52,"183cm | 6'0""",0,-,-,Jeonbuk Hyundai Motors,Korea Republic
Sang Hyub Lim,55,RM,,0,,3,65,48,49,59,49,47,"180cm | 5'11""",0,-,-,Jeonbuk Hyundai Motors,Korea Republic
Jae Sung Ko,55,RB,,0,,3,53,30,43,50,56,47,"175cm | 5'9""",0,-,-,Seongnam Ilhwa Chunma,Korea Republic
San Jung,55,GK,,0,,3,52,54,48,58,48,52,"190cm | 6'3""",0,-,-,Gangwon FC,Korea Republic
Kyung Hyun Ku,55,CDM,,0,,3,51,49,55,51,59,62,"180cm | 5'11""",0,-,-,Jeju United FC,Korea Republic
Dong-Min Kim,55,CB,,0,,3,57,21,32,28,57,68,"183cm | 6'0""",0,-,-,Ulsan Hyundai Horang-i,Korea Republic
Ji Soo Jung,55,ST,,0,,3,58,51,50,56,46,50,"180cm | 5'11""",0,-,-,Busan I'Park,Korea Republic
Hoon Jung,55,CDM,,0,,3,57,45,56,58,48,44,"175cm | 5'9""",0,-,-,Jeonbuk Hyundai Motors,Korea Republic
Han-Bum Cho,55,RM,,0,,2,63,47,49,52,53,51,"174cm | 5'9""",0,-,-,Pohang Steelers,Korea Republic
Jung Min Yang,55,CB,,0,,3,52,45,40,44,56,58,"185cm | 6'1""",0,-,-,Daejeon Citizen,Korea Republic
Seung Mok Lee,55,CM,,0,,3,54,53,52,56,51,53,"180cm | 5'11""",0,-,-,Daejeon Citizen,Korea Republic
Jorgo Waeghe,55,CF,,0,,3,53,51,54,61,44,45,"184cm | 6'0""",0,-,-,SV Zulte-Waregem,Belgium
Kevin Vogt,55,CDM,,0,,3,63,47,56,44,51,50,"194cm | 6'4""",0,-,-,VfL Bochum,Germany
Jagoba Beobide Larrañaga,55,CDM,,0,,3,64,42,50,51,59,46,"177cm | 5'10""",0,-,-,Real Unión Club Irún,Spain
Andrejs Kostjuks,55,CB,,0,,3,64,43,47,50,51,54,"180cm | 5'11""",0,-,-,Neuchâtel Xamax,Latvia
Fanol Perdedaj,55,CDM,,0,,3,75,35,49,48,55,44,"180cm | 5'11""",0,-,-,Hertha BSC,Albania
Stephan Gusche,55,CB,,0,,2,57,25,44,39,55,59,"193cm | 6'4""",0,-,-,Hansa Rostock,Germany
Maxime Gonalons,55,CM,,0,,2,60,46,57,48,51,58,"186cm | 6'1""",0,-,-,Olympique Lyonnais,France
Ashley Hemmings,55,ST,,0,,3,68,52,29,56,38,44,"173cm | 5'8""",0,-,-,Wolverhampton Wanderers,England
Kevin Fickentscher,55,GK,,0,,3,55,52,48,56,56,53,"185cm | 6'1""",0,-,-,FC Sion,Switzerland
Pavel Šultes,55,CF,,0,,3,56,52,45,51,48,58,"180cm | 5'11""",0,-,-,Sigma Olomouc,Czech Republic
Marco Calderoni,55,RM,,0,,2,64,47,50,44,57,52,"180cm | 5'11""",0,-,-,Piacenza,Italy
David Blacha,55,LM,,0,,4,74,50,48,63,39,47,"174cm | 5'9""",0,-,-,Rot-Weiß Ahlen,Poland
Eugen Klukin,55,CB,,0,,2,57,18,30,28,58,60,"182cm | 6'0""",0,-,-,SC Paderborn 07,Germany
Darius Hillewaere,55,LB,,0,,3,64,40,48,51,51,49,"179cm | 5'10""",0,-,-,KSV Roeselare,Belgium
Lee Ridley,54,LB,,0,,2,45,17,37,35,60,45,"175cm | 5'9""",0,-,-,Cheltenham Town,England
Drewe Broughton,54,ST,,0,,3,46,56,38,52,51,60,"191cm | 6'3""",0,-,-,Rotherham United,England
Terry Skiverton,54,CB,,0,,2,50,18,28,19,59,62,"183cm | 6'0""",0,-,-,Yeovil Town,England
Lee Harrison,54,GK,,0,,3,49,60,52,41,44,64,"188cm | 6'2""",0,-,-,Barnet,England
Danny Harrison,54,CM,,0,,3,53,48,52,51,55,46,"180cm | 5'11""",0,-,-,Rotherham United,England
Scott McGleish,54,ST,,0,,3,47,58,41,44,51,67,"175cm | 5'9""",0,-,-,Leyton Orient,England
Neil Wainwright,54,RW,,0,,3,57,50,52,56,44,40,"183cm | 6'0""",0,-,-,Morecambe,England
Micah Hyde,54,CM,,0,,3,56,41,55,51,56,51,"178cm | 5'10""",0,-,-,Barnet,Jamaica
Nathan Jones,54,LB,,0,,3,43,32,50,42,58,46,"170cm | 5'7""",0,-,-,Yeovil Town,Wales
Nick Montgomery,54,CDM,,0,,1,64,48,33,56,72,63,"175cm | 5'9""",0,-,-,Sheffield United,Scotland
Richard Rose,54,LB,,0,,3,51,22,40,34,58,53,"180cm | 5'11""",0,-,-,Hereford,England
Joe Burnell,54,CDM,,0,,3,67,38,47,41,64,45,"178cm | 5'10""",0,-,-,Exeter City,England
Paul McVeigh,54,RW,,0,,4,59,53,42,61,38,29,"168cm | 5'6""",0,-,-,Norwich City,Northern Ireland
Joaquín Sorribas Ariño,54,CDM,,0,,3,56,43,55,48,56,46,"179cm | 5'10""",0,-,-,S.D. Huesca,Spain
Jens Sloth,54,CDM,,0,,3,54,46,49,48,62,64,"178cm | 5'10""",0,-,-,Trelleborgs FF,Sweden
Jae Woong Han,54,RW,,0,,2,71,46,44,56,48,42,"178cm | 5'10""",0,-,-,Daejeon Citizen,Korea Republic
Pierre Bouysse,54,GK,,0,,3,54,51,48,55,36,56,"197cm | 6'6""",0,-,-,Clermont Foot Auvergne 63,France
Simon Johnson,54,ST,,0,,3,69,47,56,49,47,42,"175cm | 5'9""",0,-,-,Bury,England
Kris Taylor,54,CM,,0,,2,61,35,53,53,56,46,"175cm | 5'9""",0,-,-,Port Vale,England
Jake Buxton,54,CB,,0,,4,56,17,24,26,58,56,"180cm | 5'11""",0,-,-,Derby County,England
Juan Pablo Ruíz Pérez,54,ST,,0,,3,58,50,46,48,49,57,"190cm | 6'3""",0,-,-,F.C. Cartagena,Spain
Guillaume Gauclin,54,GK,,0,,3,52,59,46,47,54,60,"178cm | 5'10""",0,-,-,En Avant de Guingamp,France
Jean-Paul Kamudimba Kalala,54,CDM,,0,2.0,3,59,41,47,44,66,44,"178cm | 5'10""",0,-,-,Yeovil Town,DR Congo
Gary Smith,54,CM,,0,,3,55,46,54,56,52,55,"173cm | 5'8""",0,-,-,Darlington,England
Tom Newey,54,LB,,0,2.0,2,51,19,41,38,56,58,"178cm | 5'10""",0,-,-,Bury,England
Henrik Toft,54,ST,,0,,4,54,54,36,44,62,70,"196cm | 6'5""",0,-,-,HB Køge ,Denmark
John Miles,54,CF,,0,,3,52,52,52,57,47,46,"178cm | 5'10""",0,-,-,Accrington Stanley,England
Glen Fitzpatrick,54,CF,,0,,4,50,53,36,52,41,65,"181cm | 5'11""",0,-,-,St. Patrick's Athletic,Republic of Ireland
Elsad Zverotic,54,RB,,0,,3,63,46,47,49,50,54,"179cm | 5'10""",0,-,-,FC Luzern,Montenegro
Gennaro Volpe,54,CM,,0,,3,45,45,66,43,50,46,"172cm | 5'8""",0,-,-,Cittadella,Italy
Stephen O'Leary,54,CM,,0,,3,55,38,55,50,59,48,"178cm | 5'10""",0,-,-,Bradford City,Republic of Ireland
Krzysztof Strugarek,54,CB,,0,,3,47,34,52,26,59,40,"193cm | 6'4""",0,-,-,Polonia Bytom,Poland
Sung-Hwan Choi,54,CB,,0,,3,52,27,45,36,56,55,"184cm | 6'0""",0,-,-,Suwon Samsung Bluewings,Korea Republic
Sung Yo Hong,54,CB,,0,,3,49,30,42,30,57,66,"185cm | 6'1""",0,-,-,Busan I'Park,Korea Republic
Luke Prosser,54,CB,,0,,3,51,25,45,38,56,52,"191cm | 6'3""",0,-,-,Port Vale,England
Sean McDaid,54,LB,,0,,3,64,27,28,35,53,50,"168cm | 5'6""",0,-,-,Doncaster Rovers,Scotland
Marvin Williams,54,RW,,0,,3,69,42,51,59,44,48,"180cm | 5'11""",0,-,-,Torquay United,England
Kwinten Clappaert,54,CM,,0,,3,58,48,55,58,42,52,"184cm | 6'0""",0,-,-,Sporting Lokeren OV,Belgium
Myung Hwan Kim,54,RB,,0,,3,56,34,38,44,54,51,"174cm | 5'9""",0,-,-,Jeju United FC,Korea Republic
Alexandre Raineau,54,CM,,0,,3,68,43,50,48,48,46,"178cm | 5'10""",0,-,-,Stade Malherbe Caen,France
Alessandro Ciarrocchi,54,ST,,0,,3,49,56,42,56,42,42,"190cm | 6'3""",0,-,-,AC Bellinzona,Switzerland
Simon Church,54,ST,,0,,2,59,49,54,53,56,48,"183cm | 6'0""",0,-,-,Reading,Wales
Jordan Robertson,54,ST,,0,,2,74,47,41,47,43,53,"175cm | 5'9""",0,-,-,Bury,England
Franck Madou,54,ST,,0,,3,62,48,39,53,41,60,"188cm | 6'2""",0,-,-,FC Lausanne-Sports,France
Jae Yong Cho,54,CB,,0,,3,54,45,43,47,53,58,"183cm | 6'0""",0,-,-,GyeongNam FC,Korea Republic
Rocky Lekaj,54,LW,,0,,4,70,41,48,65,41,41,"175cm | 5'9""",0,-,-,Sandefjord Fotball,Norway
Sam Hird,54,CB,,0,,3,58,21,48,25,55,51,"171cm | 5'7""",0,-,-,Doncaster Rovers,England
Serghei Alexeev,54,ST,,0,,3,63,46,42,63,33,45,"188cm | 6'2""",0,-,-,FC Aarau,Moldova
Sascha Studer,54,GK,,0,,3,64,46,42,58,46,50,"188cm | 6'2""",0,-,-,FC Aarau,Switzerland
Dieter Paucken,54,GK,,0,,3,54,53,61,51,39,45,"193cm | 6'4""",0,-,-,TuS Koblenz,Germany
Anders Jacobsen,54,ST,,0,,5,63,59,18,55,33,28,"181cm | 5'11""",0,-,-,Odense Boldklub,Denmark
Alain Wiss,54,CDM,,0,,3,59,51,48,52,54,55,"180cm | 5'11""",0,-,-,FC Luzern,Switzerland
Granddi Ngoyi,54,CDM,,0,,2,67,36,46,40,66,53,"186cm | 6'1""",0,-,-,Paris Saint-Germain,France
Gary Madine,54,ST,,0,,3,77,47,31,54,36,42,"175cm | 5'9""",0,-,-,Carlisle United,England
Soo Yun Kim,54,CB,,0,,3,52,35,35,39,55,57,"186cm | 6'1""",0,-,-,Gwangju Sangmu FC,Korea Republic
Sung Min Ahn,54,CDM,,0,,3,57,46,50,49,55,53,"183cm | 6'0""",0,-,-,Busan I'Park,Korea Republic
Jordon Mutch,54,CM,,0,,2,67,40,52,51,48,38,"175cm | 5'9""",0,-,-,Birmingham City,England
Gary Woods,54,GK,,0,,1,63,52,54,52,35,41,"180cm | 5'11""",0,-,-,Doncaster Rovers,England
José Ramón Partida,54,LWB,,0,,3,54,45,59,51,52,35,"174cm | 5'9""",0,-,-,U.A.G.,Mexico
Thilo Versick,54,RW,,0,,3,71,39,54,64,37,42,"178cm | 5'10""",0,-,-,Arminia Bielefeld,Germany
Jewhen Kopył,54,GK,,0,,2,59,55,51,59,41,41,"190cm | 6'3""",0,-,-,Zagłębie Lubin,Ukraine
Chul Ho Kwak,54,LF,,0,,3,58,50,47,53,44,50,"186cm | 6'1""",0,-,-,Daejeon Citizen,Korea Republic
Jin Sub Hong,54,RW,,0,,3,64,41,58,62,44,50,"180cm | 5'11""",0,-,-,Seongnam Ilhwa Chunma,Korea Republic
Gabor Straka,54,CDM,,0,,3,62,41,53,39,60,48,"180cm | 5'11""",0,-,-,Ruch Chorzów,Slovakia
Yannick Thoelen,54,GK,,0,,3,54,49,50,58,62,42,"188cm | 6'2""",0,-,-,KV Mechelen,Belgium
Pim Balkestein,54,CB,,0,,1,68,34,28,22,52,63,"191cm | 6'3""",0,-,-,Ipswich Town,Netherlands
Alcalá,54,CB,,0,,3,59,27,44,41,52,62,"196cm | 6'5""",0,-,-,Real Unión Club Irún,Spain
Paolo Maino,54,CB,,0,,2,63,20,19,32,55,52,"188cm | 6'2""",0,-,-,Albinoleffe,Italy
Javi Castellano,54,CDM,,0,,3,60,40,52,42,61,62,"185cm | 6'1""",0,-,-,Albacete Balompié,Spain
Ashley Sammons,54,CM,,0,,3,66,48,49,52,47,46,"183cm | 6'0""",0,-,-,Birmingham City,England
David Šugar,54,GK,,0,,3,52,53,50,54,32,58,"185cm | 6'1""",0,-,-,AC Bellinzona,Croatia
Young Who Kim,54,ST,,0,,4,61,50,52,50,45,46,"183cm | 6'0""",0,-,-,Gangwon FC,Korea Republic
Grégory Grisez,54,ST,,0,,3,60,50,46,49,43,56,"185cm | 6'1""",0,-,-,Royal Charleroi SC,Belgium
Tae Hyun Chun,54,GK,,0,,2,55,54,53,54,18,51,"195cm | 6'5""",0,-,-,Jeju United FC,Korea Republic
Jong Hwan Back,54,RWB,,0,,3,60,49,50,52,50,51,"178cm | 5'10""",0,-,-,Jeju United FC,Korea Republic
Hong-Chang Yoon,54,RB,,0,,4,59,42,49,53,52,41,"183cm | 6'0""",0,-,-,FC Seoul,Korea Republic
Jung Hoon Kim,54,CM,,0,,3,57,53,49,50,53,50,"169cm | 5'7""",0,-,-,Daejeon Citizen,Korea Republic
Woo Sung Chong,54,ST,,0,,3,54,53,30,52,49,65,"187cm | 6'2""",0,-,-,Daegu FC,Korea Republic
Jun Yeon Jeong,54,RB,,0,,3,56,33,46,46,53,50,"177cm | 5'10""",0,-,-,Chunnam Dragons,Korea Republic
Suk Young Yun,54,LB,,0,,4,63,25,54,41,52,43,"182cm | 6'0""",0,-,-,Chunnam Dragons,Korea Republic
Fabian Bäcker,54,CAM,,0,,3,57,58,51,62,37,53,"182cm | 6'0""",0,-,-,Borussia M'gladbach,Germany
Koen Casteels,54,GK,,0,,2,57,55,50,54,24,52,"196cm | 6'5""",0,-,-,KRC Genk,Belgium
Geoffrey Ghesquière,54,LM,,0,,3,64,44,51,54,48,48,"180cm | 5'11""",0,-,-,KSV Roeselare,Belgium
Nassim Ben Khalifa,54,CF,,0,,3,60,46,53,55,43,50,"181cm | 5'11""",0,-,-,Grasshopper-Club,Switzerland
Jonatan Kotzke,54,CDM,,0,,3,63,37,53,43,57,55,"184cm | 6'0""",0,-,-,1. FC Nürnberg,Germany
Youssouf Traore,54,CM,,0,,3,66,48,50,53,45,51,"180cm | 5'11""",0,-,-,BSC Young Boys,Ivory Coast
Filip Kurto,54,GK,,0,,3,48,45,52,55,43,58,"191cm | 6'3""",0,-,-,Wisła Kraków,Poland
Valentino Moisés Fievet Mennesson,54,CF,,0,,3,61,50,39,52,37,51,"185cm | 6'1""",0,-,-,S.D. Huesca,Spain
Pablo Álvarez,54,GK,,0,,3,51,50,49,56,43,53,"182cm | 6'0""",0,-,-,FSV Frankfurt,Spain
Oliver Laux,54,CB,,0,,2,57,23,33,31,54,67,"185cm | 6'1""",0,-,-,TuS Koblenz,Germany
David Bouard,53,CDM,,0,,3,62,40,48,45,60,63,"182cm | 6'0""",0,-,-,Stade Brestois 29,France
Kevin Betsy,53,RW,,0,,3,68,35,56,68,45,40,"185cm | 6'1""",0,-,-,Southend United,England
Andy Lindegaard,53,RB,,0,,3,57,27,61,48,52,38,"173cm | 5'8""",0,-,-,Yeovil Town,England
Delroy Facey,53,ST,,0,,3,58,52,31,48,44,60,"183cm | 6'0""",0,-,-,Notts County,England
Glyn Garner,53,GK,,0,,3,57,49,40,57,59,49,"188cm | 6'2""",0,-,-,Shrewsbury,Wales
Stephen McPhee,53,ST,,0,,2,67,47,34,46,51,57,"170cm | 5'7""",0,-,-,Blackpool,Scotland
Nicolas Beney,53,GK,,0,,3,49,50,46,59,45,52,"183cm | 6'0""",0,-,-,FC Sion,Switzerland
Robbie Stockdale,53,RB,,0,,3,49,36,49,44,54,51,"183cm | 6'0""",0,-,-,Grimsby Town,Scotland
Stuart Taylor,53,CAM,,0,,3,47,58,49,40,58,62,"185cm | 6'1""",0,-,-,Hamilton Academicals,Scotland
Gary Hart,53,RW,,0,,3,54,47,53,59,53,43,"175cm | 5'9""",0,-,-,Brighton &amp; Hove Albion,England
Robert Page,53,CB,,0,,3,42,27,39,35,58,58,"183cm | 6'0""",0,-,-,Chesterfield,Wales
Lee Bradbury,53,ST,,0,,3,49,52,44,44,63,68,"183cm | 6'0""",0,-,-,Bournemouth,England
Markus Krösche,53,CDM,,0,,3,57,45,45,35,66,66,"180cm | 5'11""",0,-,-,SC Paderborn 07,Germany
Yohan Gomez,53,CDM,,0,,3,53,34,56,48,60,53,"174cm | 5'9""",0,-,-,Sporting Club Bastia,France
Chris Lucketti,53,CB,,0,,3,36,21,36,32,60,59,"183cm | 6'0""",0,-,-,Huddersfield Town,England
Daniel Wolf,53,LW,,0,,3,61,48,48,50,54,52,"182cm | 6'0""",0,-,-,Piacenza,Austria
Michael Niedrig,53,CM,,0,,4,62,39,56,51,45,51,"183cm | 6'0""",0,-,-,1. FC Köln,Germany
Niclas Jensen,53,LB,,0,,1,42,41,57,48,54,54,"180cm | 5'11""",0,-,-,FC København,Denmark
Daniele Di Donato,53,CDM,,0,,3,49,45,49,41,66,72,"173cm | 5'8""",0,-,-,Ascoli,Italy
Alan Connell,53,ST,,0,,3,61,50,44,45,40,53,"180cm | 5'11""",0,-,-,Bournemouth,England
Adam Rundle,53,LW,,0,,3,61,45,54,56,44,42,"178cm | 5'10""",0,-,-,Rochdale,England
Genc Mehmeti,53,CDM,,0,,3,62,44,46,49,56,54,"178cm | 5'10""",0,-,-,AC Bellinzona,Switzerland
Lorenzo Bucchi,53,GK,,0,,2,53,50,48,53,35,56,"186cm | 6'1""",0,-,-,Grasshopper-Club,Italy
Steve Guinan,53,ST,,0,,3,60,42,42,56,53,66,"185cm | 6'1""",0,-,-,Northampton Town,England
Jamie Tolley,53,CM,,0,,2,70,41,49,46,46,38,"185cm | 6'1""",0,-,-,Hereford,Wales
Terry McFlynn,53,CDM,,0,,3,49,55,47,38,62,40,"177cm | 5'10""",0,-,-,Sydney FC,Northern Ireland
Mariusz Pawelec,53,CDM,,0,,3,54,46,51,48,55,53,"180cm | 5'11""",0,-,-,Śląsk Wrocław,Poland
Massimo Melucci,53,CB,,0,,3,51,45,40,36,53,57,"193cm | 6'4""",0,-,-,Grosseto,Italy
Yong Kang,53,RM,,0,,2,68,40,42,48,60,48,"178cm | 5'10""",0,-,-,Gangwon FC,Korea Republic
John Flood,53,ST,,0,,3,50,51,46,54,45,48,"180cm | 5'11""",0,-,-,Bray Wanderers,Republic of Ireland
Anssi Jaakkola,53,GK,,0,,1,54,41,39,65,48,50,"193cm | 6'4""",0,-,-,Siena,Finland
Manuel Spinale,53,RM,,0,,3,54,48,49,54,50,52,"179cm | 5'10""",0,-,-,Mantova,Italy
Sam Morrow,53,ST,,0,,3,60,50,32,52,38,52,"183cm | 6'0""",0,-,-,Derry City,Northern Ireland
Alexander Pöllhuber,53,CB,,0,,3,49,27,42,33,56,56,"200cm | 6'7""",0,-,-,SV Mattersburg,Austria
Carl Tremarco,53,LB,,0,,3,53,31,34,29,56,38,"180cm | 5'11""",0,-,-,Macclesfield Town,England
Jason Taylor,53,CM,,0,,3,54,45,51,53,52,46,"185cm | 6'1""",0,-,-,Rotherham United,England
Jae Joon Do,53,CM,,0,,3,57,43,48,54,55,52,"172cm | 5'8""",0,-,-,Incheon United FC,Korea Republic
Chris Neal,53,GK,,0,,1,52,53,50,58,39,46,"186cm | 6'1""",0,-,-,Shrewsbury,England
Cameron Bell,53,GK,,0,,3,54,56,48,53,24,52,"180cm | 5'11""",0,-,-,Kilmarnock,Scotland
Jasmin Fejzic,53,GK,,0,,2,49,59,48,50,33,55,"197cm | 6'6""",0,-,-,SpVgg Greuther Fürth,Bosnia Herzegovina
Rostyn Griffiths,53,CM,,0,,3,57,41,54,44,55,68,"187cm | 6'2""",0,-,-,North Queensland Fury FC,Australia
Shane Redmond,53,GK,,0,,3,48,50,48,56,35,55,"188cm | 6'2""",0,-,-,Burton Albion,Republic of Ireland
Sebastian Dudek,53,CM,,0,,3,56,46,55,60,41,49,"182cm | 6'0""",0,-,-,Śląsk Wrocław,Poland
Nicola Donazzan,53,LB,,0,,3,57,40,44,45,52,48,"185cm | 6'1""",0,-,-,Sassuolo,Italy
Mustapha Traoré,53,CB,,0,,3,59,26,40,28,52,58,"185cm | 6'1""",0,-,-,Stade Malherbe Caen,France
Ben Smith,53,GK,,0,,2,54,43,52,56,36,49,"179cm | 5'10""",0,-,-,Doncaster Rovers,England
Tommy Fraser,53,CM,,0,,3,56,37,54,49,56,50,"180cm | 5'11""",0,-,-,Port Vale,England
Jonathan Bourgault,53,CDM,,0,,3,67,36,55,40,51,38,"178cm | 5'10""",0,-,-,FC St. Pauli,Canada
Shaun Batt,53,RW,,0,,3,66,43,49,56,38,40,"191cm | 6'3""",0,-,-,Peterborough United,England
Alan Power,53,CM,,0,,3,63,36,49,55,54,40,"170cm | 5'7""",0,-,-,Hartlepool United,Republic of Ireland
Marek Bažík,53,CDM,,0,,2,47,44,54,57,53,42,"183cm | 6'0""",0,-,-,Polonia Bytom,Slovakia
Sébastien Wüthrich,53,LM,,0,,2,62,45,51,54,43,49,"180cm | 5'11""",0,-,-,Neuchâtel Xamax,Switzerland
Cyprien Baguette,53,GK,,0,,3,48,53,49,53,54,52,"188cm | 6'2""",0,-,-,Royal Charleroi SC,Belgium
Jonas Buyse,53,CM,,0,,3,64,42,51,45,50,44,"180cm | 5'11""",0,-,-,KSV Cercle Brugge,Belgium
Lukas Van Eenoo,53,CM,,0,,3,61,47,52,52,42,40,"175cm | 5'9""",0,-,-,KSV Cercle Brugge,Belgium
Jérôme Thiesson,53,CB,,0,,3,55,27,42,39,53,63,"178cm | 5'10""",0,-,-,AC Bellinzona,Switzerland
Abdul Osman,53,CM,,0,,2,66,34,52,55,50,61,"183cm | 6'0""",0,-,-,Northampton Town,Ghana
Ryan Flynn,53,CM,,0,,3,61,50,52,48,43,39,"171cm | 5'7""",0,-,-,Falkirk,Scotland
Garry Breen,53,CB,,0,,2,56,16,42,27,54,58,"182cm | 6'0""",0,-,-,Galway United,Republic of Ireland
Arne Ivens,53,CM,,0,,3,62,44,48,50,52,55,"189cm | 6'2""",0,-,-,Sporting Lokeren OV,Belgium
Damian Piotrowski,53,LM,,0,,2,69,46,46,54,45,42,"175cm | 5'9""",0,-,-,Zagłębie Lubin,Poland
Stefan Hickl,53,RB,,0,,3,46,26,38,38,56,69,"189cm | 6'2""",0,-,-,FSV Frankfurt,Germany
Steven Joseph-Monrose,53,RW,,0,,2,75,42,48,51,36,42,"180cm | 5'11""",0,-,-,Racing Club de Lens,France
Jorge Larrosa Bolea,53,GK,,0,,2,51,58,53,57,32,43,"181cm | 5'11""",0,-,-,S.D. Huesca,Spain
Krzysztof Bułka,53,CF,,0,,3,56,51,44,51,44,50,"167cm | 5'6""",0,-,-,Arka Gdynia,Poland
Francesco Luoni,53,CB,,0,,2,60,31,35,29,53,48,"180cm | 5'11""",0,-,-,Albinoleffe,Italy
Sercan Sararer,53,CAM,,0,,4,73,61,31,62,43,55,"180cm | 5'11""",0,-,-,SpVgg Greuther Fürth,Spain
Janko Pacar,53,ST,,0,,3,58,46,46,55,44,52,"181cm | 5'11""",0,-,-,FC Luzern,Switzerland
Adam Chicksen,53,LB,,0,,2,60,37,44,52,50,51,"173cm | 5'8""",0,-,-,Milton Keynes Dons,England
Michel Ternest,53,ST,,0,,3,59,50,35,53,40,50,"187cm | 6'2""",0,-,-,KSV Roeselare,Belgium
Nzuzi Toko,53,CAM,,0,,2,72,44,47,63,39,46,"180cm | 5'11""",0,-,-,Grasshopper-Club,DR Congo
Robert Gucher,53,CM,,0,,2,59,44,54,57,40,42,"182cm | 6'0""",0,-,-,Frosinone,Austria
Simone Guerra,53,CF,,0,,2,63,45,41,53,48,52,"178cm | 5'10""",0,-,-,Piacenza,Italy
Paul Coutts,53,CM,,0,,3,60,48,48,47,52,52,"180cm | 5'11""",0,-,-,Peterborough United,Scotland
Tidiam Baba Kourouma,53,CDM,,0,,3,65,38,45,49,59,62,"188cm | 6'2""",0,-,-,KV Mechelen,Guinea
Roman Kaufmann,53,GK,,0,,2,49,53,45,61,49,49,"193cm | 6'4""",0,-,-,FC Luzern,Switzerland
Nico Burchert,53,GK,,0,,3,55,46,45,59,53,47,"192cm | 6'4""",0,-,-,SC Paderborn 07,Germany
Jaewook Kang,53,GK,,0,,3,52,46,48,52,48,54,"185cm | 6'1""",0,-,-,FC Seoul,Korea Republic
Seok Won Seo,53,CB,,0,,3,52,32,43,46,54,52,"192cm | 6'4""",0,-,-,Seongnam Ilhwa Chunma,Korea Republic
Sung Min Lee,53,CF,,0,,3,60,46,49,54,45,46,"181cm | 5'11""",0,-,-,Gangwon FC,Korea Republic
Chul Woon Jeong,53,CB,,0,,2,50,27,39,44,55,54,"187cm | 6'2""",0,-,-,Gangwon FC,Korea Republic
Chan-Ho Cho,53,ST,,0,,2,53,52,42,46,48,58,"170cm | 5'7""",0,-,-,Pohang Steelers,Korea Republic
Chul Suk Oh,53,ST,,0,,3,56,50,43,51,46,56,"188cm | 6'2""",0,-,-,Busan I'Park,Korea Republic
Sin Young Yoon,53,CB,,0,,2,51,46,42,46,52,52,"184cm | 6'0""",0,-,-,Daejeon Citizen,Korea Republic
Ji Yong Kang,53,CB,,0,,3,53,22,20,25,57,59,"187cm | 6'2""",0,-,-,Pohang Steelers,Korea Republic
Chang Hee Kim,53,CM,,0,,3,55,49,50,46,51,48,"181cm | 5'11""",0,-,-,Daegu FC,Korea Republic
Hae Won Kim,53,CB,,0,,3,55,29,32,38,54,48,"180cm | 5'11""",0,-,-,Chunnam Dragons,Korea Republic
Artur Ionita,53,RW,,0,,2,68,43,51,50,38,50,"184cm | 6'0""",0,-,-,FC Aarau,Moldova
Angel Luis Ruíz Paz,53,CDM,,0,,3,61,36,52,53,54,50,"180cm | 5'11""",0,-,-,R.C. Celta,Spain
Christian Santos,53,LM,,0,,3,63,46,46,55,51,54,"184cm | 6'0""",0,-,-,Arminia Bielefeld,Germany
Alberto Gerbo,53,RM,,0,,4,70,39,49,57,43,32,"179cm | 5'10""",0,-,-,Ancona,Italy
Jesse Soubry,53,GK,,0,,3,52,54,53,52,27,50,"184cm | 6'0""",0,-,-,Standard de Liège,Belgium
Alex Stavrinou,53,CM,,0,,3,58,47,52,52,45,48,"175cm | 5'9""",0,-,-,Charlton Athletic,England
Cesar Diop,53,CDM,,0,,2,63,34,47,42,66,56,"187cm | 6'2""",0,-,-,Club Gimnàstic,Senegal
Karol Fryzowicz,53,RWB,,0,,3,69,37,44,61,46,42,"170cm | 5'7""",0,-,-,Zagłębie Lubin,Poland
Raphael Koczor,53,GK,,0,,2,53,52,47,53,51,50,"192cm | 6'4""",0,-,-,MSV Duisburg,Germany
Konrad Cebula,53,CM,,0,,3,50,49,51,58,50,37,"174cm | 5'9""",0,-,-,Cracovia Kraków,Poland
Martin Gritton,52,CF,,0,,3,51,50,38,53,44,51,"185cm | 6'1""",0,-,-,Chesterfield,Scotland
Derek O'Brien,52,RM,,0,,4,59,42,58,49,38,46,"176cm | 5'9""",0,-,-,Galway United,Republic of Ireland
Richard Walker,52,ST,,0,,3,54,55,28,43,48,55,"183cm | 6'0""",0,-,-,Burton Albion,England
Mickaël Stephan,52,CDM,,0,,3,52,37,52,52,59,58,"178cm | 5'10""",0,-,-,Angers SCO,France
Riccardo Fissore,52,CB,,0,,3,64,40,50,39,46,57,"185cm | 6'1""",0,-,-,Mantova,Italy
Andy Nicholas,52,LB,,0,,3,54,28,42,37,52,51,"188cm | 6'2""",0,-,-,Rotherham United,England
Michelangelo Minieri,52,SW,,0,,2,61,39,60,49,48,36,"183cm | 6'0""",0,-,-,Vicenza,Italy
Jérôme Schneider,52,RM,,0,,3,59,44,46,49,53,48,"182cm | 6'0""",0,-,-,Servette FC,Switzerland
Chris Adamson,52,GK,,0,,2,54,33,56,54,30,52,"188cm | 6'2""",0,-,-,Hereford,England
Sang Chul Park,52,GK,,0,,2,51,48,52,49,54,49,"186cm | 6'1""",0,-,-,Chunnam Dragons,Korea Republic
Jae Soo Choi,52,LM,,0,,4,62,41,46,62,47,50,"174cm | 5'9""",0,-,-,Gwangju Sangmu FC,Korea Republic
Han Bok Song,52,CDM,,0,,3,54,37,50,55,57,58,"183cm | 6'0""",0,-,-,Gwangju Sangmu FC,Korea Republic
Florian Metz,52,CDM,,0,,2,58,41,55,43,49,49,"180cm | 5'11""",0,-,-,LASK Linz,Austria
Emiliano Tarana,52,RM,,0,,3,48,48,53,50,47,50,"178cm | 5'10""",0,-,-,Mantova,Italy
Mariano Sánchez Martínez,52,CDM,,0,,3,57,37,46,45,66,52,"188cm | 6'2""",0,-,-,F.C. Cartagena,Spain
Marek Gancarczyk,52,CAM,,0,,3,52,52,49,45,49,54,"185cm | 6'1""",0,-,-,Śląsk Wrocław,Poland
David Foley,52,ST,,0,,3,76,44,43,43,40,42,"163cm | 5'4""",0,-,-,Hartlepool United,England
Wojciech Kędziora,52,ST,,0,,3,56,50,36,46,52,58,"187cm | 6'2""",0,-,-,Zagłębie Lubin,Poland
Fabien Lamatina,52,RM,,0,,3,70,38,51,57,39,44,"177cm | 5'10""",0,-,-,Stade Lavallois Mayenne FC,France
Frank Fielding,52,GK,,0,,3,56,46,43,57,50,47,"185cm | 6'1""",0,-,-,Blackburn Rovers,England
Mads Thunø Laudrup,52,CM,,0,,2,53,55,44,58,47,40,"180cm | 5'11""",0,-,-,HB Køge ,Denmark
Wan Lee,52,LWB,,0,,2,59,36,54,46,48,50,"181cm | 5'11""",0,-,-,Gwangju Sangmu FC,Korea Republic
Min Gook Seo,52,LM,,0,,3,58,50,46,49,49,51,"174cm | 5'9""",0,-,-,Gwangju Sangmu FC,Korea Republic
Hyun Min Lee,52,CB,,0,,3,64,42,43,49,46,54,"180cm | 5'11""",0,-,-,Gwangju Sangmu FC,Korea Republic
Thomas Déruda,52,CDM,,0,,2,54,46,48,45,54,60,"184cm | 6'0""",0,-,-,AC Ajaccio,France
Johannes Rahn,52,ST,,0,,3,47,54,44,46,41,53,"192cm | 6'4""",0,-,-,TuS Koblenz,Germany
Flavien Belson Bengaber,52,CDM,,0,,3,61,35,53,33,60,62,"187cm | 6'2""",0,-,-,FC Metz,France
Nicolas Amodio,52,CM,,0,,3,66,46,47,51,44,46,"180cm | 5'11""",0,-,-,Napoli,Uruguay
Fabrizio Capodici,52,GK,,0,,2,46,48,50,54,38,52,"194cm | 6'4""",0,-,-,Piacenza,Italy
Rory Boulding,52,ST,,0,,2,63,45,41,52,40,44,"185cm | 6'1""",0,-,-,Bradford City,England
Oliver Bozanic,52,LM,,0,,3,56,41,54,58,42,41,"183cm | 6'0""",0,-,-,Cheltenham Town,Australia
Jin Yi Park,52,CM,,0,,3,57,45,51,50,47,50,"175cm | 5'9""",0,-,-,GyeongNam FC,Korea Republic
Hyuk Jin Kwon,52,RW,,0,,2,60,47,43,49,49,46,"178cm | 5'10""",0,-,-,Gwangju Sangmu FC,Korea Republic
William Edjenguélé,52,LB,,0,,2,53,23,36,29,54,56,"188cm | 6'2""",0,-,-,Neuchâtel Xamax,France
Ryan Bennett,52,CB,,0,,2,71,13,41,33,49,50,"188cm | 6'2""",0,-,-,Grimsby Town,England
Cristian Cristea,52,ST,,0,,3,58,51,34,54,44,41,"178cm | 5'10""",0,-,-,Triestina,Romania
Tomáš Sedlák,52,CDM,,0,,2,60,26,52,54,61,61,"178cm | 5'10""",0,-,-,SV Mattersburg,Slovakia
Stijn Van der Kelen,52,GK,,0,,3,52,50,47,53,56,48,"185cm | 6'1""",0,-,-,SV Zulte-Waregem,Belgium
Christian Schneuwly,52,CAM,,0,,3,65,40,50,64,38,40,"179cm | 5'10""",0,-,-,BSC Young Boys,Switzerland
Daniel Mariano Bueno,52,ST,,0,,3,58,50,37,49,45,50,"186cm | 6'1""",0,-,-,Odra Wodzisław,Brazil
Ji Yong Park,52,CB,,0,,3,52,26,38,32,54,53,"182cm | 6'0""",0,-,-,Chunnam Dragons,Korea Republic
Adam Clayton,52,CAM,,0,,2,64,52,48,61,31,30,"164cm | 5'5""",0,-,-,Manchester City,England
Orlando Lattmann,52,GK,,0,,2,43,48,54,58,49,44,"185cm | 6'1""",0,-,-,FC Zürich,Switzerland
Grzegorz Sandomierski,52,GK,,0,,2,58,46,44,61,25,44,"196cm | 6'5""",0,-,-,Jagiellonia Białystok,Poland
Michael Wiemann,52,CDM,,0,,3,63,35,47,49,58,64,"188cm | 6'2""",0,-,-,Rot-Weiß Ahlen,Germany
Jacek Falkowski,52,CDM,,0,,3,58,36,47,41,63,50,"187cm | 6'2""",0,-,-,Jagiellonia Białystok,Poland
Wojciech Kaczmarek,52,GK,,0,,3,48,54,52,53,42,47,"202cm | 6'8""",0,-,-,Śląsk Wrocław,Poland
Bender,52,RM,,0,,2,68,36,51,57,40,30,"188cm | 6'2""",0,-,-,TuS Koblenz,Germany
Jefferson Trazzi,52,GK,,0,,1,49,50,48,58,33,50,"185cm | 6'1""",0,-,-,Lecce,Italy
Enrico Geroni,52,CM,,0,,3,67,46,48,51,37,35,"182cm | 6'0""",0,-,-,Albinoleffe,Italy
Sang-Don Lee,52,RB,,0,,3,54,34,44,46,50,51,"179cm | 5'10""",0,-,-,Ulsan Hyundai Horang-i,Korea Republic
Eui Do Jung,52,GK,,0,,2,47,51,49,56,46,49,"188cm | 6'2""",0,-,-,Seongnam Ilhwa Chunma,Korea Republic
Soon Hyung Kwon,52,CDM,,0,,3,61,42,46,47,52,42,"177cm | 5'10""",0,-,-,Gangwon FC,Korea Republic
Ho Yi,52,CB,,0,,3,51,25,37,43,53,45,"187cm | 6'2""",0,-,-,Gangwon FC,Korea Republic
Ju Young Kim,52,CB,,0,,3,47,41,40,40,53,56,"184cm | 6'0""",0,-,-,GyeongNam FC,Korea Republic
Seul Wong Lee,52,CM,,0,,3,53,50,46,51,53,54,"171cm | 5'7""",0,-,-,GyeongNam FC,Korea Republic
Yong Nam Kwon,52,ST,,0,,3,56,50,43,46,43,48,"174cm | 5'9""",0,-,-,Jeju United FC,Korea Republic
Hyun-Sung Kim,52,CF,,0,,3,56,44,49,53,44,52,"186cm | 6'1""",0,-,-,FC Seoul,Korea Republic
Shin Wook Kim,52,CB,,0,,3,40,33,41,19,57,68,"196cm | 6'5""",0,-,-,Ulsan Hyundai Horang-i,Korea Republic
Hyung-Jun Jeong,52,CB,,0,,3,46,20,29,22,58,49,"187cm | 6'2""",0,-,-,FC Seoul,Korea Republic
Seung Jo Kang,52,CM,,0,,3,55,48,47,50,53,56,"182cm | 6'0""",0,-,-,Busan I'Park,Korea Republic
Beom-June Kim,52,CM,,0,,3,55,48,45,47,54,54,"183cm | 6'0""",0,-,-,Pohang Steelers,Korea Republic
Min Cheol Yu,52,CB,,0,,3,47,39,40,43,53,56,"182cm | 6'0""",0,-,-,Daejeon Citizen,Korea Republic
Hyun Sung Nam,52,RWB,,0,,3,55,50,50,53,49,48,"177cm | 5'10""",0,-,-,Daegu FC,Korea Republic
Kyung Hwan Lee,52,CM,,0,,3,57,47,48,53,48,47,"174cm | 5'9""",0,-,-,Daejeon Citizen,Korea Republic
Adrián José Hernández Acosta,52,CDM,,0,,2,61,31,49,35,68,56,"176cm | 5'9""",0,-,-,U.D. Las Palmas,Spain
Nico Abegglen,52,ST,,0,,3,51,55,34,51,32,40,"178cm | 5'10""",0,-,-,FC St. Gallen,Switzerland
Correia,52,CB,,0,,3,58,24,21,22,53,59,"186cm | 6'1""",0,-,-,1. FC Kaiserslautern,Portugal
Janis Kraus,52,CM,,0,,3,66,47,47,54,41,42,"178cm | 5'10""",0,-,-,Rot-Weiß Ahlen,Germany
Rodrigo da Silva Moledo,52,CB,,0,,3,54,37,43,52,51,38,"188cm | 6'2""",0,-,-,Odra Wodzisław,Brazil
Max Grün,52,GK,,0,,3,53,48,51,52,31,49,"191cm | 6'3""",0,-,-,SpVgg Greuther Fürth,Germany
Sebastian Leszczak,52,CF,,0,,3,55,49,40,57,53,43,"173cm | 5'8""",0,-,-,Wisła Kraków,Poland
Yado Mambo,52,CB,,0,,3,52,19,21,26,55,66,"193cm | 6'4""",0,-,-,Charlton Athletic,England
Gary Breen,51,CB,,0,,3,42,18,28,23,58,53,"185cm | 6'1""",0,-,-,Barnet,Republic of Ireland
Matt Gilks,51,GK,,0,,3,51,56,48,55,18,44,"185cm | 6'1""",0,-,-,Blackpool,England
Paul Connor,51,ST,,0,,3,56,48,36,42,52,66,"188cm | 6'2""",0,-,-,Lincoln City,England
Craig Hinton,51,CB,,0,,3,51,15,22,32,56,44,"180cm | 5'11""",0,-,-,Northampton Town,England
Steve Fletcher,51,ST,,0,,3,49,52,30,44,62,67,"188cm | 6'2""",0,-,-,Bournemouth,England
Simon Mensing,51,CDM,,0,,3,46,34,53,43,64,64,"183cm | 6'0""",0,-,-,Hamilton Academicals,England
Lee Bell,51,CDM,,0,,3,56,43,45,44,55,51,"180cm | 5'11""",0,-,-,Macclesfield Town,England
Michael Leary,51,CDM,,0,,3,60,18,61,43,52,44,"178cm | 5'10""",0,-,-,Grimsby Town,England
Stuart Lewis,51,CDM,,0,,3,53,43,52,47,49,52,"180cm | 5'11""",0,-,-,Gillingham,England
Ikechukwu Kalu,51,ST,,0,,3,40,55,46,48,44,48,"171cm | 5'7""",0,-,-,AC Bellinzona,Nigeria
Ashley Chambers,51,ST,,0,,3,71,43,37,44,40,46,"178cm | 5'10""",0,-,-,Wycombe Wanderers,England
Steven Kinniburgh,51,CM,,0,,2,57,41,50,55,46,46,"182cm | 6'0""",0,-,-,Rangers,Scotland
Guillaume Quellier,51,LM,,0,,3,72,35,48,55,40,44,"179cm | 5'10""",0,-,-,Stade Malherbe Caen,France
Igor Djoman,51,CDM,,0,,3,51,39,52,39,58,51,"175cm | 5'9""",0,-,-,En Avant de Guingamp,France
Diego Ciccone,51,CAM,,0,,3,58,47,48,45,45,40,"172cm | 5'8""",0,-,-,FC St. Gallen,Italy
Dale Stephens,51,CM,,0,,3,58,33,54,44,49,54,"169cm | 5'7""",0,-,-,Rochdale,England
Hamza Bencherif,51,CB,,0,,3,62,19,27,26,50,52,"180cm | 5'11""",0,-,-,Macclesfield Town,Algeria
Netan Sansara,51,LB,,0,,3,58,31,45,52,48,46,"183cm | 6'0""",0,-,-,Walsall,England
Michael Mackay,51,ST,,0,,3,54,51,35,45,39,56,"183cm | 6'0""",0,-,-,Hartlepool United,England
Dominic Green,51,LW,,0,,2,66,44,46,54,37,32,"168cm | 5'6""",0,-,-,Peterborough United,England
Massimo Coda,51,ST,,0,,3,63,49,32,45,42,50,"184cm | 6'0""",0,-,-,Bologna,Italy
Thomas Franke,51,CB,,0,,2,59,21,43,44,48,56,"183cm | 6'0""",0,-,-,Energie Cottbus,Germany
Saïd Mehamha,51,CDM,,0,,3,60,32,52,42,56,54,"170cm | 5'7""",0,-,-,Olympique Lyonnais,France
Joel Mall,51,GK,,0,,2,53,52,48,59,43,32,"191cm | 6'3""",0,-,-,FC Aarau,Switzerland
Sebastian Albert,51,CDM,,0,,4,62,30,51,52,52,54,"182cm | 6'0""",0,-,-,Hansa Rostock,Germany
Yannis Salibur,51,CAM,,0,,3,59,48,45,54,45,44,"176cm | 5'9""",0,-,-,LOSC Lille Métropole,France
Damian Szydziak,51,CM,,0,,3,51,47,48,50,52,44,"174cm | 5'9""",0,-,-,Śląsk Wrocław,Poland
Jakub Kaszuba,51,ST,,0,,3,61,42,34,55,42,58,"187cm | 6'2""",0,-,-,Cracovia Kraków,Poland
Romeo Van Dessel,51,CDM,,0,,3,61,38,45,37,59,58,"191cm | 6'3""",0,-,-,KV Mechelen,Belgium
Samba Sow,51,CM,,0,,3,68,28,56,52,40,42,"185cm | 6'1""",0,-,-,Racing Club de Lens,Mali
Ui-Beom Kim,51,CAM,,0,,3,57,44,53,49,41,44,"174cm | 5'9""",0,-,-,FC Seoul,Korea Republic
Kwang Sun Kwak,51,CB,,0,,3,51,31,36,41,52,42,"186cm | 6'1""",0,-,-,Gangwon FC,Korea Republic
Sun-Il Kim,51,RWB,,0,,2,65,42,46,42,45,42,"179cm | 5'10""",0,-,-,Suwon Samsung Bluewings,Korea Republic
Sea Gun Yang,51,ST,,0,,2,52,48,40,48,44,55,"186cm | 6'1""",0,-,-,Jeju United FC,Korea Republic
Yong-Joon Lee,51,CB,,0,,3,53,41,46,54,48,52,"179cm | 5'10""",0,-,-,Ulsan Hyundai Horang-i,Korea Republic
Myung Ryong Kim,51,CB,,0,,2,49,40,43,42,51,56,"183cm | 6'0""",0,-,-,Daegu FC,Korea Republic
Sooung Min Youn,51,CM,,0,,3,55,45,44,49,54,54,"177cm | 5'10""",0,-,-,Daegu FC,Korea Republic
Sören Dutoit,51,GK,,0,,3,50,47,49,54,60,41,"186cm | 6'1""",0,-,-,KSV Roeselare,Belgium
Adriano De Pierro,51,CDM,,0,,3,62,38,51,43,48,44,"180cm | 5'11""",0,-,-,BSC Young Boys,Italy
Sam Devinck,51,CB,,0,,3,53,46,48,41,49,50,"184cm | 6'0""",0,-,-,KSV Cercle Brugge,Belgium
Jack Clark,51,LB,,0,,3,55,26,42,49,50,46,"183cm | 6'0""",0,-,-,Charlton Athletic,England
Benjamin Pintol,51,CAM,,0,,3,67,42,38,61,46,50,"188cm | 6'2""",0,-,-,FSV Frankfurt,Germany
Bartosz Kaśnikowski,51,CB,,0,,3,50,46,48,45,49,46,"186cm | 6'1""",0,-,-,Śląsk Wrocław,Poland
Kjell Vanoplynus,51,CDM,,0,,3,57,38,50,42,53,52,"183cm | 6'0""",0,-,-,KSV Roeselare,Belgium
Ciaran Toner,50,CM,,0,,3,58,23,48,50,60,60,"185cm | 6'1""",0,-,-,Rochdale,Northern Ireland
Lee Morris,50,ST,,0,,3,56,45,42,53,38,40,"178cm | 5'10""",0,-,-,Hereford,England
Barry Molloy,50,CDM,,0,,3,56,36,47,39,58,52,"174cm | 5'9""",0,-,-,Derry City,Republic of Ireland
Stephen Hunt,50,CB,,0,,3,53,24,32,31,51,54,"185cm | 6'1""",0,-,-,Notts County,England
John Murphy,50,ST,,0,,3,52,48,37,48,48,55,"185cm | 6'1""",0,-,-,St. Patrick's Athletic,England
Anthony Favre,50,GK,,0,,3,42,43,53,43,60,56,"193cm | 6'4""",0,-,-,FC Lausanne-Sports,Switzerland
Scott Guyett,50,CB,,0,,2,44,16,33,31,54,54,"188cm | 6'2""",0,-,-,Bournemouth,Australia
Daniel Hall,50,CB,,0,,3,47,29,39,32,52,44,"188cm | 6'2""",0,-,-,Chesterfield,England
Jérôme Cellier,50,CB,,0,,3,51,34,40,36,50,54,"182cm | 6'0""",0,-,-,Clermont Foot Auvergne 63,France
Paolo Carbone,50,RB,,0,,3,53,31,40,35,48,64,"186cm | 6'1""",0,-,-,AC Bellinzona,Italy
Davide Carcuro,50,CDM,,0,,2,51,42,45,50,56,57,"177cm | 5'10""",0,-,-,Salerno,Italy
Paul Emslie,50,CM,,0,,3,53,35,56,46,47,38,"178cm | 5'10""",0,-,-,Rangers,Scotland
Sam Gwynne,50,CM,,0,,3,55,37,51,45,48,40,"173cm | 5'8""",0,-,-,Hereford,England
Ho Ryung Hwang,50,CAM,,0,,3,55,44,50,38,49,44,"176cm | 5'9""",0,-,-,Jeju United FC,Korea Republic
Jan Halama,50,CB,,0,,3,56,40,40,39,47,55,"182cm | 6'0""",0,-,-,Bohemians Praha,Czech Republic
Florian Stahl,50,GK,,0,,3,56,43,39,61,42,37,"186cm | 6'1""",0,-,-,FSV Frankfurt,Germany
Tom Vandenbossche,50,GK,,0,,3,43,44,51,54,51,45,"184cm | 6'0""",0,-,-,KV Kortrijk,Belgium
Michael Lang,50,LM,,0,,3,56,44,45,47,50,62,"184cm | 6'0""",0,-,-,FC St. Gallen,Switzerland
Eung Jin Kim,50,CB,,0,,3,53,21,39,42,49,50,"183cm | 6'0""",0,-,-,Chunnam Dragons,Korea Republic
Tadeusz Socha,50,CB,,0,,3,48,46,53,45,48,48,"183cm | 6'0""",0,-,-,Śląsk Wrocław,Poland
Claus Costa,50,CDM,,0,,3,59,38,41,33,64,68,"190cm | 6'3""",0,-,-,Fortuna Düsseldorf,Germany
Hyuk Jeong,50,RF,,0,,3,57,43,46,54,46,44,"175cm | 5'9""",0,-,-,Incheon United FC,Korea Republic
Seong Nam Ahn,50,CF,,0,,3,60,43,50,46,39,43,"172cm | 5'8""",0,-,-,Gangwon FC,Korea Republic
Chang Hoon Lee,50,LW,,0,,4,61,43,41,49,46,44,"171cm | 5'7""",0,-,-,Gangwon FC,Korea Republic
Jae Sung Lee,50,CB,,0,,3,50,22,22,27,53,52,"187cm | 6'2""",0,-,-,Suwon Samsung Bluewings,Korea Republic
Przemysław Wróbel,50,GK,,0,,2,45,51,45,52,33,51,"193cm | 6'4""",0,-,-,Cracovia Kraków,Poland
Amir Spahić,50,CDM,,0,,3,52,49,45,48,47,48,"188cm | 6'2""",0,-,-,Śląsk Wrocław,Bosnia Herzegovina
Oliver Klaus,50,GK,,0,,2,60,41,30,60,51,45,"183cm | 6'0""",0,-,-,FC Basel 1893,Switzerland
Juraj Baláž,50,GK,,0,,3,54,51,56,36,56,44,"192cm | 6'4""",0,-,-,Polonia Bytom,Slovakia
Michał Czekaj,50,CB,,0,,2,49,38,51,55,48,40,"192cm | 6'4""",0,-,-,Wisła Kraków,Poland
Vadim Dotsenko,50,ST,,0,,3,59,47,36,41,49,58,"186cm | 6'1""",0,-,-,KSV Roeselare,Russia
Joseba Agirre Oliden,49,CDM,,0,,3,52,48,39,32,62,52,"176cm | 5'9""",0,-,-,Real Unión Club Irún,Spain
Matthew Blinkhorn,49,ST,,0,,3,66,46,32,36,45,50,"183cm | 6'0""",0,-,-,Sligo Rovers,England
Robert Atkinson,49,CB,,0,,3,52,29,45,37,48,50,"185cm | 6'1""",0,-,-,Grimsby Town,England
Dong Keun Shin,49,RM,,0,,3,55,40,46,49,45,42,"180cm | 5'11""",0,-,-,Gwangju Sangmu FC,Korea Republic
Jin Il Kim,49,CAM,,0,,3,54,42,43,52,49,46,"176cm | 5'9""",0,-,-,Gangwon FC,Korea Republic
Michael Poke,49,GK,,0,,3,50,52,42,46,60,46,"185cm | 6'1""",0,-,-,Torquay United,England
Nicolas Marazzi,49,CM,,0,,3,53,47,43,48,44,42,"177cm | 5'10""",0,-,-,FC Lausanne-Sports,Switzerland
Michael Pook,49,CM,,0,,3,58,28,57,44,42,44,"180cm | 5'11""",0,-,-,Cheltenham Town,England
Krzysztof Ulatowski,49,CDM,,0,,3,50,51,30,60,57,46,"175cm | 5'9""",0,-,-,Śląsk Wrocław,Poland
Mario Klinger,49,CDM,,0,,3,63,25,50,28,60,60,"185cm | 6'1""",0,-,-,1. FC Kaiserslautern,Germany
Nicola Madonna,49,CM,,0,,3,55,40,43,60,44,40,"182cm | 6'0""",0,-,-,Atalanta,Italy
Davide Petrachi,49,GK,,0,,2,48,39,38,63,37,43,"184cm | 6'0""",0,-,-,Lecce,Italy
Peter Winn,49,LW,,0,,2,62,43,38,51,33,32,"183cm | 6'0""",0,-,-,Scunthorpe United,England
Patryk Klofik,49,RM,,0,,3,60,47,46,50,34,44,"171cm | 5'7""",0,-,-,Śląsk Wrocław,Poland
Masahiro Ohashi,49,CM,,0,,3,54,38,47,47,48,34,"168cm | 5'6""",0,-,-,Gangwon FC,Japan
Martin Kelly,49,CB,,0,,2,57,23,34,28,48,59,"192cm | 6'4""",0,-,-,Liverpool,England
Stefan Deloose,49,GK,,0,,3,51,49,42,52,50,41,"190cm | 6'3""",0,-,-,Sporting Lokeren OV,Belgium
Marco Schönbächler,49,ST,,0,,3,67,40,42,46,38,44,"174cm | 5'9""",0,-,-,FC Zürich,Switzerland
Alexandre Pasche,49,CDM,,0,,3,58,46,42,48,46,44,"170cm | 5'7""",0,-,-,BSC Young Boys,Switzerland
Arne Vanneste,49,CDM,,0,,3,61,37,43,36,56,55,"173cm | 5'8""",0,-,-,KSV Roeselare,Belgium
Daniel Feruga,49,RM,,0,,4,55,40,48,47,44,36,"177cm | 5'10""",0,-,-,Ruch Chorzów,Poland
Krzysztof Kaczmarek,49,CM,,0,,3,46,47,47,46,47,47,"180cm | 5'11""",0,-,-,Śląsk Wrocław,Poland
Andrew Shinnie,49,CF,,0,,3,54,47,37,47,34,44,"180cm | 5'11""",0,-,-,Rangers,Scotland
Alberto Creati,49,CM,,0,,3,67,37,45,45,40,44,"172cm | 5'8""",0,-,-,Mantova,Italy
David King,49,CM,,0,,3,50,43,49,45,46,48,"185cm | 6'1""",0,-,-,Milton Keynes Dons,England
Sung Hwan Kim,49,CDM,,0,,3,65,26,42,39,63,65,"184cm | 6'0""",0,-,-,Seongnam Ilhwa Chunma,Korea Republic
Won Seok Jang,49,CB,,0,,3,50,29,28,44,50,47,"179cm | 5'10""",0,-,-,Incheon United FC,Korea Republic
Won Keun Jeon,49,LB,,0,,3,56,32,41,44,47,34,"177cm | 5'10""",0,-,-,Gangwon FC,Korea Republic
Dong Hyo Kim,49,ST,,0,,2,57,44,37,48,39,44,"187cm | 6'2""",0,-,-,GyeongNam FC,Korea Republic
Young-Jun Park,49,CM,,0,,4,54,36,48,48,49,44,"174cm | 5'9""",0,-,-,FC Seoul,Korea Republic
Jun Tae Park,49,CF,,0,,3,67,38,43,48,40,43,"172cm | 5'8""",0,-,-,Ulsan Hyundai Horang-i,Korea Republic
Kang Min Lee,49,RM,,0,,3,60,44,40,51,47,42,"174cm | 5'9""",0,-,-,Gangwon FC,Korea Republic
Oh Sung Kim,49,CM,,0,,3,50,44,45,46,49,52,"179cm | 5'10""",0,-,-,Daegu FC,Korea Republic
Ji-No Yu,49,LM,,0,,4,54,38,48,51,45,44,"178cm | 5'10""",0,-,-,Chunnam Dragons,Korea Republic
Mario Ortíz,49,CM,,0,,3,53,40,56,50,33,43,"175cm | 5'9""",0,-,-,Real Racing Club,Spain
Piotr Tomasik,49,CM,,0,,3,44,46,54,38,44,48,"177cm | 5'10""",0,-,-,Polonia Bytom,Poland
Ivan Martic,49,CM,,0,,2,61,50,36,54,41,37,"180cm | 5'11""",0,-,-,FC St. Gallen,Croatia
Adam Wrzask,49,CB,,0,,3,45,42,45,50,48,45,"193cm | 6'4""",0,-,-,Odra Wodzisław,Poland
Gregg Wylde,49,LM,,0,,3,67,33,50,41,41,30,"178cm | 5'10""",0,-,-,Rangers,Scotland
Marc Sand,48,ST,,0,,5,64,42,38,40,33,48,"181cm | 5'11""",0,-,-,SK Austria Kärnten,Austria
Sang Duk Kim,48,CM,,0,,3,53,40,47,46,41,41,"178cm | 5'10""",0,-,-,Jeonbuk Hyundai Motors,Korea Republic
Sebastian Lange,48,GK,,0,,2,51,40,49,48,35,43,"186cm | 6'1""",0,-,-,SC Paderborn 07,Germany
Rolf Feltscher,48,RB,,0,,3,60,17,33,42,46,44,"181cm | 5'11""",0,-,-,Grasshopper-Club,Switzerland
Josh Magennis,48,ST,,0,,3,56,41,44,45,43,49,"188cm | 6'2""",0,-,-,Cardiff City,Northern Ireland
Jake Picton,48,CB,,0,,3,57,17,12,31,48,54,"185cm | 6'1""",0,-,-,Scunthorpe United,England
Myung Woon Kim,48,CAM,,0,,3,54,40,44,45,47,43,"181cm | 5'11""",0,-,-,Chunnam Dragons,Korea Republic
Jung Nam Hong,48,GK,,0,,3,48,46,45,51,35,44,"186cm | 6'1""",0,-,-,Jeonbuk Hyundai Motors,Korea Republic
Jae Won Heo,48,CDM,,0,,2,60,28,41,43,61,64,"187cm | 6'2""",0,-,-,Suwon Samsung Bluewings,Korea Republic
Ashley Westwood,48,CDM,,0,,3,56,46,49,34,35,28,"177cm | 5'10""",0,-,-,Crewe Alexandra,England
Tom Hateley,48,CDM,,0,,2,57,27,44,49,57,57,"183cm | 6'0""",0,-,-,Motherwell,England
Amine Linganzi Koumba,48,CDM,,0,,3,62,34,38,40,59,50,"186cm | 6'1""",0,-,-,A.S. Saint-Etienne,Algeria
Won Jong Oh,48,LW,,0,,3,61,40,43,46,44,43,"170cm | 5'7""",0,-,-,Gangwon FC,Korea Republic
Dae Kyun Hwang,48,CDM,,0,,3,46,39,46,48,53,44,"182cm | 6'0""",0,-,-,Gangwon FC,Korea Republic
Sung Min Kim,48,GK,,0,,2,48,52,42,45,25,50,"185cm | 6'1""",0,-,-,Jeju United FC,Korea Republic
Dong-Jin Song,48,GK,,0,,2,48,46,48,48,25,47,"184cm | 6'0""",0,-,-,Pohang Steelers,Korea Republic
Óscar Mateo Ortuño,48,GK,,0,,2,44,41,50,55,29,43,"185cm | 6'1""",0,-,-,F.C. Cartagena,Spain
Leandro Montagud Balaguer,48,GK,,0,,2,51,43,41,50,36,45,"186cm | 6'1""",0,-,-,Elche C.F.,Spain
Mateusz Klich,48,CAM,,0,,4,66,35,44,64,31,34,"183cm | 6'0""",0,-,-,Cracovia Kraków,Poland
Dawid Hanzel,48,ST,,0,,2,48,45,42,52,45,34,"182cm | 6'0""",0,-,-,Odra Wodzisław,Poland
Michal Chrapek,48,CM,,0,,3,39,43,50,51,49,54,"175cm | 5'9""",0,-,-,Wisła Kraków,Poland
Lee Thorpe,47,ST,,0,,3,48,44,30,44,47,58,"183cm | 6'0""",0,-,-,Darlington,England
Michael Symes,47,ST,,0,,3,55,42,39,46,42,44,"191cm | 6'3""",0,-,-,Accrington Stanley,England
Rodrigo Ángel Gil Torres,47,CDM,,0,,2,55,26,43,41,61,52,"176cm | 5'9""",0,-,-,Elche C.F.,Spain
David Worrall,47,RW,,0,,2,64,34,49,49,28,40,"183cm | 6'0""",0,-,-,Bury,England
Andy Pugh,47,ST,,0,,2,63,41,33,45,36,40,"175cm | 5'9""",0,-,-,Gillingham,England
Pablo Vicente Carmona,47,GK,,0,,2,44,40,49,49,36,41,"188cm | 6'2""",0,-,-,Albacete Balompié,Spain
Daniel Christensen,47,CAM,,0,,3,65,42,29,58,44,44,"172cm | 5'8""",0,-,-,Aalborg BK,Denmark
Michal Buchalik,47,GK,,0,,3,47,42,49,46,28,45,"190cm | 6'3""",0,-,-,Odra Wodzisław,Poland
Paul Skinner,47,GK,,0,,3,45,47,46,45,39,43,"188cm | 6'2""",0,-,-,Drogheda United,Republic of Ireland
Kamil Wilczek,47,CM,,0,,3,62,34,43,37,47,34,"186cm | 6'1""",0,-,-,Piast Gliwice,Poland
Jong Woo Han,47,CDM,,0,,2,50,29,47,47,51,50,"184cm | 6'0""",0,-,-,Jeonbuk Hyundai Motors,Korea Republic
Keun Bae Kim,47,GK,,0,,3,44,46,49,49,40,40,"187cm | 6'2""",0,-,-,Gangwon FC,Korea Republic
Jung Hyun Choo,47,RW,,0,,3,56,40,43,42,40,46,"172cm | 5'8""",0,-,-,Gangwon FC,Korea Republic
Hyun Joon Shin,47,CAM,,0,,3,44,45,48,45,40,44,"182cm | 6'0""",0,-,-,Gangwon FC,Korea Republic
Young Jun Jo,47,GK,,0,,3,45,51,47,45,34,44,"189cm | 6'2""",0,-,-,Daegu FC,Korea Republic
Hyun Chang Lee,47,CM,,0,,2,49,43,43,45,48,50,"174cm | 5'9""",0,-,-,Daegu FC,Korea Republic
Ji Min Kim,47,CM,,0,,3,46,45,44,45,44,50,"175cm | 5'9""",0,-,-,Daejeon Citizen,Korea Republic
Daniele Federici,47,CB,,0,,3,64,36,39,37,41,38,"182cm | 6'0""",0,-,-,Grosseto,Italy
Miroslav Barčík,47,CM,,0,,2,49,44,45,46,42,46,"173cm | 5'8""",0,-,-,Polonia Bytom,Slovakia
Bigambo Rochat,47,CDM,,0,,3,62,26,47,36,46,46,"175cm | 5'9""",0,-,-,FC Sion,Switzerland
David Frey,47,CDM,,0,,3,46,38,48,46,48,42,"185cm | 6'1""",0,-,-,BSC Young Boys,Switzerland
Steve Adams,46,CDM,,0,,3,70,19,34,28,64,60,"183cm | 6'0""",0,-,-,Torquay United,England
Sean Doherty,46,LW,,0,,3,47,45,46,45,41,32,"174cm | 5'9""",0,-,-,Sligo Rovers,England
Martin Büchel,46,CAM,,0,,3,57,41,41,46,39,48,"174cm | 5'9""",0,-,-,FC Zürich,Liechtenstein
Byung Do Choi,46,RM,,0,,3,52,35,36,38,58,60,"184cm | 6'0""",0,-,-,Gwangju Sangmu FC,Korea Republic
Michael Stahl,46,CDM,,0,,3,57,30,46,47,41,39,"180cm | 5'11""",0,-,-,TuS Koblenz,Germany
Daniel Bombardieri,46,CB,,0,,2,35,30,38,26,50,48,"185cm | 6'1""",0,-,-,Albinoleffe,Italy
Luigi Giorgi,46,CM,,0,,3,52,44,40,50,39,45,"185cm | 6'1""",0,-,-,Ascoli,Italy
Admir Mehmedi,46,ST,,0,,3,47,46,35,46,27,36,"180cm | 5'11""",0,-,-,FC Zürich,Serbia
Philippe Koch,46,CB,,0,,3,50,31,50,34,45,34,"176cm | 5'9""",0,-,-,FC Zürich,Switzerland
Emir Sinanovic,46,LM,,0,,4,57,31,47,52,34,42,"180cm | 5'11""",0,-,-,FC Aarau,Switzerland
Marius Browarczyk,46,CDM,,0,,4,59,25,41,47,53,52,"178cm | 5'10""",0,-,-,FC St. Pauli,Germany
Gyeong Tae Noh,46,LB,,0,,3,54,27,38,35,44,36,"180cm | 5'11""",0,-,-,Gangwon FC,Korea Republic
Jamie Ness,46,CM,,0,,3,62,39,43,35,39,34,"177cm | 5'10""",0,-,-,Rangers,Scotland
Roberto Colombo,45,GK,,0,,1,35,37,39,67,24,38,"190cm | 6'3""",0,-,-,Bologna,Italy
Krzysztof Wołczek,45,LB,,0,,2,45,36,43,40,44,39,"180cm | 5'11""",0,-,-,Śląsk Wrocław,Poland
Ferhat Bıkmaz,45,CDM,,0,,3,53,31,39,41,50,57,"180cm | 5'11""",0,-,-,Sivasspor,Turkey
Mickaël Facchinetti,45,LB,,0,,3,49,24,38,42,42,50,"183cm | 6'0""",0,-,-,Neuchâtel Xamax,Switzerland
Søren Frederiksen,45,ST,,0,,3,50,43,30,42,34,39,"188cm | 6'2""",0,-,-,SønderjyskE,Denmark
Christoph Menz,45,CDM,,0,,3,63,27,36,26,59,54,"183cm | 6'0""",0,-,-,1. FC Union Berliln,Germany
Alessandro Caparco,45,GK,,0,,3,41,37,59,45,13,38,"180cm | 5'11""",0,-,-,Grosseto,Italy
Vullnet Basha,44,RM,,0,,3,53,28,46,34,44,39,"176cm | 5'9""",0,-,-,Grasshopper-Club,Serbia
Jonas Portin,44,CDM,,0,,3,52,35,41,37,45,54,"184cm | 6'0""",0,-,-,Ascoli,Finland
Tommaso Bianchi,44,CM,,0,,3,46,38,42,31,48,48,"182cm | 6'0""",0,-,-,Piacenza,Italy
Nicolai Müller,44,LM,,0,,3,64,43,33,53,29,50,"175cm | 5'9""",0,-,-,SpVgg Greuther Fürth,Germany
Łukasz Tymiński,44,CM,,0,,2,48,26,47,48,42,41,"173cm | 5'8""",0,-,-,Śląsk Wrocław,Poland
Lukasz Burliga,44,CM,,0,,2,48,42,36,47,44,44,"184cm | 6'0""",0,-,-,Wisła Kraków,Poland
Michael Ludäscher,43,CB,,0,,3,54,23,36,36,38,44,"185cm | 6'1""",0,-,-,FC Aarau,Switzerland
Johannes Göderz,43,RM,,0,,3,68,34,36,40,30,30,"175cm | 5'9""",0,-,-,TuS Koblenz,Germany
Adrijan Antunovic,43,LM,,0,,3,61,35,33,55,30,31,"180cm | 5'11""",0,-,-,1. FC Union Berliln,Croatia
Szymon Jary,42,CM,,0,,3,41,39,38,47,38,36,"183cm | 6'0""",0,-,-,Odra Wodzisław,Poland
Danny Glover,40,ST,,0,,3,58,34,26,41,24,31,"180cm | 5'11""",0,-,-,Port Vale,England
David Hollwitz,40,CDM,,0,,3,58,21,33,31,52,38,"184cm | 6'0""",0,-,-,1. FC Union Berliln,Germany
Enzo Daniel Ruiz Eizaga,40,CDM,,0,,3,62,23,29,29,53,40,"181cm | 5'11""",0,-,-,Grasshopper-Club,Uruguay
Frédéric Schaub,38,CB,,0,,2,25,33,31,30,42,40,"181cm | 5'11""",0,-,-,FC Aarau,Switzerland
Ian Baraclough,36,CM,,0,,3,26,19,42,35,47,38,"185cm | 6'1""",0,-,-,Scunthorpe United,England
