Name,Ratings,Position,Version,PS,SKI,WF,PAC,SHO,PAS,DRI,DEF,PHY,Body,Popularity,BS,IGS,Club,Country
Lionel Messi,90,RW,,0,5.0,3,90,86,82,96,55,66,"169cm | 5'7""",0,-,-,F.C. Barcelona,Argentina
Casillas,89,GK,,0,1.0,2,93,87,71,94,69,89,"182cm | 6'0""",0,-,-,Real Madrid Club de Fútbol,Spain
Cristiano Ronaldo,89,RW,,0,5.0,4,94,90,78,93,66,89,"185cm | 6'1""",0,-,-,Real Madrid Club de Fútbol,Portugal
Didier Drogba,88,ST,,0,4.0,4,85,88,68,83,72,92,"189cm | 6'2""",0,-,-,Chelsea,Ivory Coast
Wayne Rooney,88,ST,,0,3.0,4,85,87,84,86,79,82,"177cm | 5'10""",0,-,-,Manchester United,England
David Villa,88,ST,,0,4.0,5,86,90,73,86,64,75,"175cm | 5'9""",0,-,-,F.C. Barcelona,Spain
Andrés Iniesta Luján,87,CAM,,0,4.0,4,81,73,90,92,68,55,"169cm | 5'7""",0,-,-,F.C. Barcelona,Spain
Frank Lampard,87,CAM,,0,3.0,4,74,90,89,81,77,70,"184cm | 6'0""",0,-,-,Chelsea,England
Arjen Robben,87,RM,,0,4.0,2,91,85,81,92,58,54,"181cm | 5'11""",0,-,-,Bayern München,Netherlands
Xavier Hernández Creus,87,CM,,0,3.0,3,73,77,93,88,73,57,"170cm | 5'7""",0,-,-,F.C. Barcelona,Spain
Carles Puyol Saforcada,87,CB,,0,2.0,3,69,48,69,59,85,87,"178cm | 5'10""",0,-,-,F.C. Barcelona,Spain
Júlio César Soares Espíndola,87,GK,,0,1.0,3,88,87,78,90,55,87,"186cm | 6'1""",0,-,-,Inter,Brazil
Diego Forlán,87,ST,,0,3.0,5,84,89,72,82,62,80,"180cm | 5'11""",0,-,-,Club Atlético de Madrid S.A.D.,Uruguay
Nemanja Vidić,87,CB,,0,2.0,3,69,46,59,52,84,92,"189cm | 6'2""",0,-,-,Manchester United,Serbia
Gianluigi Buffon,86,GK,,0,1.0,2,88,86,70,88,45,90,"191cm | 6'3""",0,-,-,Juventus,Italy
John Terry,86,CB,,0,2.0,3,65,47,63,50,82,92,"187cm | 6'2""",0,-,-,Chelsea,England
Steven Gerrard,86,CAM,,0,3.0,4,80,87,89,77,80,70,"183cm | 6'0""",0,-,-,Liverpool,England
Fernando Torres,86,ST,,0,4.0,4,88,84,67,84,63,82,"185cm | 6'1""",0,-,-,Liverpool,Spain
Philipp Lahm,86,RWB,,0,3.0,4,84,59,84,83,75,66,"170cm | 5'7""",0,-,-,Bayern München,Germany
Maicon Douglas Sisenando,86,RWB,,0,4.0,3,87,79,84,84,85,76,"184cm | 6'0""",0,-,-,Inter,Brazil
Ricardo Izecson Dos Santos Leite,86,CAM,,0,4.0,4,86,86,82,90,58,62,"186cm | 6'1""",0,-,-,Real Madrid Club de Fútbol,Brazil
Wesley Sneijder,86,CAM,,0,4.0,5,79,82,91,86,69,57,"170cm | 5'7""",0,-,-,Inter,Netherlands
Diego Milito,86,ST,,0,3.0,3,86,85,67,86,67,85,"183cm | 6'0""",0,-,-,Inter,Argentina
Carlos Tévez,86,CF,,0,4.0,3,84,87,73,84,73,71,"172cm | 5'8""",0,-,-,Manchester City,Argentina
Franck Ribéry,86,LM,,0,5.0,5,90,80,81,92,56,56,"170cm | 5'7""",0,-,-,Bayern München,France
Cesc Fàbregas,86,CM,,0,3.0,3,76,82,90,85,76,64,"175cm | 5'9""",0,-,-,Arsenal,Spain
Nicolas Anelka,85,ST,,0,3.0,3,84,83,65,84,65,82,"183cm | 6'0""",0,-,-,Chelsea,France
Rio Ferdinand,85,CB,,0,2.0,3,72,45,65,60,80,87,"192cm | 6'4""",0,-,-,Manchester United,England
Robin van Persie,85,CF,,0,4.0,3,82,89,81,84,62,64,"186cm | 6'1""",0,-,-,Arsenal,Netherlands
Walter Samuel,85,CB,,0,2.0,2,70,54,62,47,81,85,"183cm | 6'0""",0,-,-,Inter,Argentina
José Reina,85,GK,,0,1.0,4,87,81,91,87,50,82,"188cm | 6'2""",0,-,-,Liverpool,Spain
Zlatan Ibrahimovic,85,ST,,0,4.0,4,80,87,79,90,67,76,"192cm | 6'4""",0,-,-,Milan,Sweden
Xabier Alonso Olano,85,CM,,0,2.0,4,69,78,89,73,81,70,"183cm | 6'0""",0,-,-,Real Madrid Club de Fútbol,Spain
Michaël Essien,85,CM,,0,3.0,4,81,79,82,80,87,78,"177cm | 5'10""",0,-,-,Chelsea,Ghana
Victor Valdés Arribas,85,GK,,0,1.0,3,86,80,85,91,62,83,"183cm | 6'0""",0,-,-,F.C. Barcelona,Spain
Lucimar da Silva Ferreira,85,CB,,0,3.0,4,78,65,60,73,83,86,"188cm | 6'2""",0,-,-,Inter,Brazil
Bastian Schweinsteiger,85,CM,,0,3.0,3,69,84,87,84,79,66,"183cm | 6'0""",0,-,-,Bayern München,Germany
Giorgio Chiellini,85,CB,,0,2.0,2,80,58,67,40,82,86,"186cm | 6'1""",0,-,-,Juventus,Italy
Andrey Arshavin,85,LW,,0,4.0,5,86,81,83,90,59,54,"172cm | 5'8""",0,-,-,Arsenal,Russia
Piqué,85,CB,,0,3.0,3,72,50,74,66,82,83,"193cm | 6'4""",0,-,-,F.C. Barcelona,Spain
Sergio Ramos,85,RB,,0,3.0,3,84,62,75,79,82,90,"183cm | 6'0""",0,-,-,Real Madrid Club de Fútbol,Spain
Manuel Neuer,85,GK,,0,1.0,4,89,80,89,88,57,79,"193cm | 6'4""",0,-,-,FC Schalke 04,Germany
Gonzalo Higuaín,85,ST,,0,4.0,4,87,83,71,84,60,74,"184cm | 6'0""",0,-,-,Real Madrid Club de Fútbol,Argentina
David Silva,85,CAM,,0,4.0,3,85,80,81,89,57,59,"171cm | 5'7""",0,-,-,Manchester City,Spain
Edin Džeko,85,ST,,0,3.0,4,81,84,67,82,62,80,"193cm | 6'4""",0,-,-,VfL Wolfsburg,Bosnia Herzegovina
Alessandro Nesta,84,CB,,0,3.0,3,76,36,59,60,78,83,"187cm | 6'2""",0,-,-,Milan,Italy
Shay Given,84,GK,,0,1.0,3,89,77,71,90,42,82,"185cm | 6'1""",0,-,-,Manchester City,Republic of Ireland
Ricardo Alberto Silv. de Carvalho,84,CB,,0,2.0,3,70,43,62,49,78,86,"181cm | 5'11""",0,-,-,Real Madrid Club de Fútbol,Portugal
Michael Ballack,84,CM,,0,3.0,4,71,82,85,73,82,87,"188cm | 6'2""",0,-,-,Bayer 04 Leverkusen,Germany
Antonio Cassano,84,CF,,0,5.0,4,76,83,86,91,62,64,"175cm | 5'9""",0,-,-,Sampdoria,Italy
Samuel Eto'o,84,ST,,0,4.0,3,90,83,71,84,65,80,"180cm | 5'11""",0,-,-,Inter,Cameroon
Ashley Cole,84,LWB,,0,3.0,3,86,63,81,79,78,73,"176cm | 5'9""",0,-,-,Chelsea,England
Rafael van der Vaart,84,CAM,,0,4.0,4,71,84,87,84,57,58,"176cm | 5'9""",0,-,-,Tottenham Hotspur,Netherlands
Florent Malouda,84,LM,,0,3.0,4,83,80,81,86,63,60,"181cm | 5'11""",0,-,-,Chelsea,France
Juan Silveira dos Santos,84,CB,,0,2.0,3,71,43,61,55,77,82,"182cm | 6'0""",0,-,-,Roma,Brazil
Petr Cech,84,GK,,0,1.0,3,86,80,76,88,45,86,"196cm | 6'5""",0,-,-,Chelsea,Czech Republic
Patrice Evra,84,LWB,,0,4.0,2,90,60,80,82,81,80,"175cm | 5'9""",0,-,-,Manchester United,France
Kolo Touré,84,CB,,0,2.0,3,76,63,60,66,81,86,"183cm | 6'0""",0,-,-,Manchester City,Ivory Coast
Pepe,84,CB,,0,2.0,3,77,48,62,60,80,85,"186cm | 6'1""",0,-,-,Real Madrid Club de Fútbol,Portugal
René Adler,84,GK,,0,1.0,3,91,83,65,90,52,81,"190cm | 6'3""",0,-,-,Bayer 04 Leverkusen,Germany
Luís Fabiano Clemente,84,ST,,0,4.0,5,84,82,59,84,63,82,"183cm | 6'0""",0,-,-,Sevilla Fútbol Club S.A.D.,Brazil
Esteban Cambiasso,84,CDM,,0,3.0,4,79,73,82,79,80,78,"177cm | 5'10""",0,-,-,Inter,Argentina
Lisandro López,84,ST,,0,4.0,5,88,83,71,80,71,82,"175cm | 5'9""",0,-,-,Olympique Lyonnais,Argentina
Javier Mascherano,84,CDM,,0,2.0,3,73,62,78,70,85,57,"174cm | 5'9""",0,-,-,F.C. Barcelona,Argentina
Dani Alves,84,RWB,,0,4.0,3,89,76,85,85,80,70,"171cm | 5'7""",0,-,-,F.C. Barcelona,Brazil
Jesús Navas,84,RM,,0,4.0,3,90,75,79,88,55,60,"170cm | 5'7""",0,-,-,Sevilla Fútbol Club S.A.D.,Spain
Igor Akinfeev,84,GK,,0,1.0,5,88,81,82,89,51,78,"185cm | 6'1""",0,-,-,CSKA Moskva,Russia
Sergio Agüero,84,CF,,0,4.0,5,87,81,70,91,59,69,"175cm | 5'9""",0,-,-,Club Atlético de Madrid S.A.D.,Argentina
Samir Nasri,84,CAM,,0,4.0,4,82,81,85,88,67,64,"178cm | 5'10""",0,-,-,Arsenal,France
Hugo Lloris,84,GK,,0,1.0,3,86,85,80,88,62,85,"188cm | 6'2""",0,-,-,Olympique Lyonnais,France
Frédéric Kanouté,83,ST,,0,3.0,4,75,79,68,82,64,84,"192cm | 6'4""",0,-,-,Sevilla Fútbol Club S.A.D.,Mali
Sebastien Frey,83,GK,,0,1.0,3,84,83,73,86,60,86,"189cm | 6'2""",0,-,-,Fiorentina,France
Landon Donovan,83,RM,,0,3.0,4,88,79,80,80,65,66,"173cm | 5'8""",0,-,-,Los Angeles Galaxy,United States
Andrés Palop Cervera,83,GK,,0,1.0,3,85,82,79,86,60,81,"184cm | 6'0""",0,-,-,Sevilla Fútbol Club S.A.D.,Spain
Pablo Aimar,83,CAM,,0,5.0,3,82,76,85,87,58,65,"170cm | 5'7""",0,-,-,Sport Lisboa Benfica,Argentina
Miroslav Klose,83,ST,,0,3.0,4,82,78,63,77,64,92,"184cm | 6'0""",0,-,-,Bayern München,Germany
Yaya Touré,83,CDM,,0,3.0,4,73,70,76,78,83,80,"187cm | 6'2""",0,-,-,Manchester City,Ivory Coast
Ronaldinho,83,LF,,0,5.0,4,75,83,87,93,57,62,"182cm | 6'0""",0,-,-,Milan,Brazil
Mamadou Niang,83,ST,,0,4.0,4,82,82,70,86,62,82,"178cm | 5'10""",0,-,-,Fenerbahçe SK,Senegal
Edwin van der Sar,83,GK,,0,1.0,3,82,87,85,75,50,93,"197cm | 6'6""",0,-,-,Manchester United,Netherlands
Tim Wiese,83,GK,,0,1.0,2,89,77,64,92,55,78,"193cm | 6'4""",0,-,-,Werder Bremen,Germany
Emmanuel Adebayor,83,ST,,0,3.0,3,82,79,68,82,65,86,"191cm | 6'3""",0,-,-,Manchester City,Togo
Fabrizio Miccoli,83,CF,,0,5.0,4,87,85,76,88,61,56,"168cm | 5'6""",0,-,-,Palermo,Italy
Daniele De Rossi,83,CDM,,0,3.0,4,76,77,84,77,80,84,"184cm | 6'0""",0,-,-,Roma,Italy
Per Mertesacker,83,CB,,0,1.0,3,61,40,55,38,81,84,"198cm | 6'6""",0,-,-,Werder Bremen,Germany
Zvjezdan Misimović,83,CAM,,0,4.0,4,67,79,85,83,61,58,"180cm | 5'11""",0,-,-,Galatasaray SK,Bosnia Herzegovina
Jérémy Toulalan,83,CDM,,0,2.0,3,73,52,80,73,82,72,"183cm | 6'0""",0,-,-,Olympique Lyonnais,France
Antonio Di Natale,83,LF,,0,4.0,4,85,84,80,86,61,64,"170cm | 5'7""",0,-,-,Udinese,Italy
Gomes,83,GK,,0,1.0,2,82,75,65,89,50,86,"191cm | 6'3""",0,-,-,Tottenham Hotspur,Brazil
Alex Rodrigo Dias da Costa,83,CB,,0,2.0,3,67,71,56,60,80,88,"189cm | 6'2""",0,-,-,Chelsea,Brazil
Nani,83,LW,,0,5.0,4,86,78,79,87,58,48,"175cm | 5'9""",0,-,-,Manchester United,Portugal
Diego López,83,GK,,0,1.0,3,83,86,75,84,51,85,"196cm | 6'5""",0,-,-,Villarreal Club de Fútbol S.A.D.,Spain
Mario Gómez,83,ST,,0,3.0,4,82,78,64,76,65,86,"189cm | 6'2""",0,-,-,Bayern München,Germany
Ashley Young,83,LW,,0,4.0,3,91,76,76,86,49,44,"175cm | 5'9""",0,-,-,Aston Villa,England
Yoann Gourcuff,83,CAM,,0,5.0,4,78,81,82,87,72,73,"185cm | 6'1""",0,-,-,Olympique Lyonnais,France
Thomas Vermaelen,83,CB,,0,2.0,3,76,66,69,59,79,86,"182cm | 6'0""",0,-,-,Arsenal,Belgium
Raúl Albiol,83,CB,,0,2.0,4,72,54,66,68,79,82,"190cm | 6'3""",0,-,-,Real Madrid Club de Fútbol,Spain
Miloš Krasić,83,RM,,0,4.0,4,89,81,76,87,66,72,"185cm | 6'1""",0,-,-,Juventus,Serbia
Steve Mandanda,83,GK,,0,1.0,3,85,83,80,86,53,83,"185cm | 6'1""",0,-,-,Olympique de Marseille,France
Thiago Silva,83,CB,,0,3.0,4,85,65,62,71,80,84,"183cm | 6'0""",0,-,-,Milan,Brazil
Karim Benzema,83,ST,,0,4.0,4,88,80,66,85,59,76,"182cm | 6'0""",0,-,-,Real Madrid Club de Fútbol,France
Antonio Valencia,83,RW,,0,3.0,3,87,77,73,86,70,62,"181cm | 5'11""",0,-,-,Manchester United,Ecuador
Marek Hamšik,83,CAM,,0,3.0,4,82,81,81,83,69,75,"183cm | 6'0""",0,-,-,Napoli,Slovakia
Luis Suárez,83,RF,,0,4.0,4,79,84,73,86,69,69,"181cm | 5'11""",0,-,-,Ajax,Uruguay
Mesut Özil,83,CAM,,0,4.0,2,85,75,82,87,55,56,"182cm | 6'0""",0,-,-,Real Madrid Club de Fútbol,Germany
Alexandre Pato,83,CF,,0,5.0,4,90,81,66,88,58,76,"179cm | 5'10""",0,-,-,Milan,Brazil
Hulk,83,RW,,0,5.0,3,86,83,75,86,71,68,"180cm | 5'11""",0,-,-,FC Porto,Brazil
Ryan Giggs,82,LM,,0,3.0,3,73,78,85,84,60,62,"180cm | 5'11""",0,-,-,Manchester United,Wales
Paul Scholes,82,CM,,0,3.0,3,66,78,88,77,73,70,"170cm | 5'7""",0,-,-,Manchester United,England
Javier Zanetti,82,RWB,,0,3.0,3,77,65,82,81,80,69,"178cm | 5'10""",0,-,-,Inter,Argentina
Francesco Totti,82,CF,,0,4.0,4,71,85,85,86,64,60,"180cm | 5'11""",0,-,-,Roma,Italy
Maarten Stekelenburg,82,GK,,0,1.0,4,83,83,85,82,64,81,"194cm | 6'4""",0,-,-,Ajax,Netherlands
Simão Pedro Fonseca Sabrosa,82,LW,,0,4.0,5,82,79,80,87,53,51,"170cm | 5'7""",0,-,-,Club Atlético de Madrid S.A.D.,Portugal
Jamie Carragher,82,CB,,0,2.0,3,63,34,56,39,78,84,"185cm | 6'1""",0,-,-,Liverpool,England
Gareth Barry,82,CDM,,0,3.0,4,65,77,84,76,79,76,"183cm | 6'0""",0,-,-,Manchester City,England
Andrea Pirlo,82,CM,,0,3.0,3,63,76,90,83,64,58,"177cm | 5'10""",0,-,-,Milan,Italy
Tomáš Rosický,82,CAM,,0,4.0,4,76,79,85,85,57,52,"178cm | 5'10""",0,-,-,Arsenal,Czech Republic
Brad Friedel,82,GK,,0,1.0,3,82,86,82,81,50,86,"188cm | 6'2""",0,-,-,Aston Villa,United States
Tim Howard,82,GK,,0,1.0,3,81,83,74,86,50,80,"191cm | 6'3""",0,-,-,Everton,United States
Mark van Bommel,82,CDM,,0,2.0,2,63,74,80,66,82,78,"187cm | 6'2""",0,-,-,Bayern München,Netherlands
Danny Miguel Alves Gomes,82,CAM,,0,5.0,4,84,79,78,88,62,54,"178cm | 5'10""",0,-,-,Zenit St. Petersburg,Portugal
Claudio Pizarro,82,ST,,0,3.0,4,77,83,60,78,65,88,"186cm | 6'1""",0,-,-,Werder Bremen,Peru
José Roberto da Silva Junior,82,CM,,0,4.0,3,79,63,84,86,77,66,"172cm | 5'8""",0,-,-,Hamburger SV,Brazil
Dimitar Berbatov,82,ST,,0,4.0,3,71,82,76,84,60,84,"189cm | 6'2""",0,-,-,Manchester United,Bulgaria
Souleymane Diawara,82,CB,,0,2.0,3,69,44,59,46,77,84,"187cm | 6'2""",0,-,-,Olympique de Marseille,Senegal
Mikel Arteta Amatriain,82,CM,,0,4.0,4,77,81,85,84,75,70,"175cm | 5'9""",0,-,-,Everton,Spain
Aliaksandr Hleb,82,RM,,0,4.0,4,80,68,81,86,58,44,"185cm | 6'1""",0,-,-,Birmingham City,Belarus
Brede Hangeland,82,CB,,0,2.0,3,69,55,67,48,81,86,"195cm | 6'5""",0,-,-,Fulham,Norway
Jermain Defoe,82,ST,,0,2.0,3,83,83,51,82,57,68,"171cm | 5'7""",0,-,-,Tottenham Hotspur,England
Darren Bent,82,ST,,0,3.0,3,88,80,51,74,67,79,"180cm | 5'11""",0,-,-,Sunderland,England
Mirko Vučinić,82,LF,,0,3.0,3,83,83,73,84,65,78,"186cm | 6'1""",0,-,-,Roma,Montenegro
José Antonio Reyes Calderón,82,LW,,0,4.0,3,85,79,76,87,53,64,"176cm | 5'9""",0,-,-,Club Atlético de Madrid S.A.D.,Spain
Carlos Idriss Kameni,82,GK,,0,1.0,3,87,79,66,92,44,75,"186cm | 6'1""",0,-,-,R.C.D. Espanyol de Barcelona S.A.D.,Cameroon
Marouane Chamakh,82,ST,,0,3.0,3,78,79,74,80,71,91,"185cm | 6'1""",0,-,-,Arsenal,Morocco
Alexsandro de Souza,82,CAM,,0,4.0,4,67,81,83,85,54,60,"175cm | 5'9""",0,-,-,Fenerbahçe SK,Brazil
Elano Blumer,82,CAM,,0,4.0,4,83,81,82,84,58,61,"174cm | 5'9""",0,-,-,Galatasaray SK,Brazil
Diego Ribas da Cunha,82,CAM,,0,4.0,4,79,79,85,87,66,56,"173cm | 5'8""",0,-,-,VfL Wolfsburg,Brazil
Giampaolo Pazzini,82,ST,,0,3.0,3,79,80,65,79,62,88,"180cm | 5'11""",0,-,-,Sampdoria,Italy
Bruno Alves,82,CB,,0,2.0,3,71,66,60,69,78,89,"189cm | 6'2""",0,-,-,Zenit St. Petersburg,Portugal
Diego Lugano,82,CB,,0,2.0,2,76,47,46,32,77,86,"188cm | 6'2""",0,-,-,Fenerbahçe SK,Uruguay
Darren Fletcher,82,CM,,0,2.0,3,77,71,83,74,82,85,"184cm | 6'0""",0,-,-,Manchester United,Scotland
Michel Fernandes Bastos,82,LM,,0,5.0,3,87,83,78,82,75,72,"178cm | 5'10""",0,-,-,Olympique Lyonnais,Brazil
Eric Abidal,82,LB,,0,2.0,3,83,36,74,63,80,77,"186cm | 6'1""",0,-,-,F.C. Barcelona,France
Lucho González,82,CM,,0,3.0,4,75,79,86,83,73,74,"185cm | 6'1""",0,-,-,Olympique de Marseille,Argentina
Servet Çetin,82,CB,,0,2.0,2,65,45,46,57,80,86,"191cm | 6'3""",0,-,-,Galatasaray SK,Turkey
Arda Turan,82,LW,,0,4.0,4,79,70,81,88,59,53,"176cm | 5'9""",0,-,-,Galatasaray SK,Turkey
Álvaro Arbeloa Coca,82,RB,,0,2.0,3,77,56,72,70,80,70,"183cm | 6'0""",0,-,-,Real Madrid Club de Fútbol,Spain
Soldado,82,ST,,0,3.0,3,82,82,60,77,68,81,"179cm | 5'10""",0,-,-,Valencia Club de Fútbol S.A.D.,Spain
Ivica Olić,82,ST,,0,3.0,4,85,79,70,80,63,70,"182cm | 6'0""",0,-,-,Bayern München,Croatia
Joe Hart,82,GK,,0,1.0,3,83,79,79,86,52,81,"191cm | 6'3""",0,-,-,Manchester City,England
Daniel Agger,82,CB,,0,2.0,3,72,69,72,62,77,87,"191cm | 6'3""",0,-,-,Liverpool,Denmark
Aaron Lennon,82,RW,,0,3.0,3,93,62,68,89,54,40,"165cm | 5'5""",0,-,-,Tottenham Hotspur,England
Alexandre Song,82,CDM,,0,2.0,3,73,52,72,72,81,80,"182cm | 6'0""",0,-,-,Arsenal,Cameroon
Giuseppe Rossi,82,CF,,0,4.0,3,86,83,74,83,55,60,"173cm | 5'8""",0,-,-,Villarreal Club de Fútbol S.A.D.,Italy
Bacary Sagna,82,RB,,0,3.0,3,81,56,78,78,80,78,"176cm | 5'9""",0,-,-,Arsenal,France
Lassana Diarra,82,CDM,,0,2.0,3,80,55,72,72,81,62,"172cm | 5'8""",0,-,-,Real Madrid Club de Fútbol,France
John Obi Mikel,82,CDM,,0,2.0,3,79,60,76,73,78,74,"188cm | 6'2""",0,-,-,Chelsea,Nigeria
Diego Alves Carreira,82,GK,,0,1.0,3,87,76,74,89,57,75,"188cm | 6'2""",0,-,-,Unión Deportiva Almería S.A.D.,Brazil
Juan Manuel Vargas,82,LM,,0,3.0,3,82,80,82,83,80,66,"185cm | 6'1""",0,-,-,Fiorentina,Peru
Falcao,82,ST,,0,4.0,5,80,82,71,79,64,87,"176cm | 5'9""",0,-,-,FC Porto,Colombia
Naldo,82,CB,,0,2.0,4,77,64,58,50,80,84,"198cm | 6'6""",0,-,-,Werder Bremen,Brazil
Luka Modric,82,CAM,,0,4.0,5,79,73,85,84,68,62,"173cm | 5'8""",0,-,-,Tottenham Hotspur,Croatia
Juan Mata,82,LW,,0,4.0,3,82,76,77,86,53,68,"170cm | 5'7""",0,-,-,Valencia Club de Fútbol S.A.D.,Spain
Branislav Ivanović,82,CB,,0,2.0,4,73,60,75,65,79,86,"188cm | 6'2""",0,-,-,Chelsea,Serbia
Pablo Hernández,82,RM,,0,4.0,3,85,77,78,85,60,62,"173cm | 5'8""",0,-,-,Valencia Club de Fútbol S.A.D.,Spain
Óscar Cardozo,82,ST,,0,3.0,3,70,86,74,75,68,80,"192cm | 6'4""",0,-,-,Sport Lisboa Benfica,Paraguay
Ángel Di María,82,LW,,0,4.0,3,86,77,78,88,56,58,"178cm | 5'10""",0,-,-,Real Madrid Club de Fútbol,Argentina
Pedro,82,LW,,0,4.0,5,84,77,77,85,60,65,"169cm | 5'7""",0,-,-,F.C. Barcelona,Spain
Thierry Henry,81,LF,,0,4.0,4,84,82,74,86,57,64,"188cm | 6'2""",0,-,-,New York Red Bulls,France
Javier Saviola,81,CF,,0,5.0,3,85,77,70,86,55,66,"168cm | 5'6""",0,-,-,Sport Lisboa Benfica,Argentina
José Bosingwa da Silva,81,RWB,,0,4.0,4,85,60,81,81,74,67,"183cm | 6'0""",0,-,-,Chelsea,Portugal
Torsten Frings,81,CDM,,0,2.0,4,62,72,84,73,81,71,"182cm | 6'0""",0,-,-,Werder Bremen,Germany
Alberto Gilardino,81,ST,,0,3.0,3,77,78,49,75,63,88,"184cm | 6'0""",0,-,-,Fiorentina,Italy
William Gallas,81,CB,,0,2.0,3,77,49,60,55,77,86,"183cm | 6'0""",0,-,-,Tottenham Hotspur,France
José María Gutiérrez Hernández,81,CAM,,0,3.0,4,68,77,85,80,59,60,"182cm | 6'0""",0,-,-,Beşiktaş JK,Spain
Craig Bellamy,81,LW,,0,3.0,4,86,80,70,84,72,73,"175cm | 5'9""",0,-,-,Cardiff City,Wales
Ruud van Nistelrooy,81,ST,,0,3.0,3,68,82,64,78,67,74,"188cm | 6'2""",0,-,-,Hamburger SV,Netherlands
Josip Šimunić,81,CB,,0,2.0,4,69,48,66,62,77,84,"195cm | 6'5""",0,-,-,TSG 1899 Hoffenheim,Croatia
Carlos Marchena López,81,CB,,0,2.0,5,67,55,74,65,79,79,"183cm | 6'0""",0,-,-,Villarreal Club de Fútbol S.A.D.,Spain
Seydou Keita,81,CDM,,0,3.0,3,75,74,76,75,82,80,"183cm | 6'0""",0,-,-,F.C. Barcelona,Mali
Owen Hargreaves,81,CDM,,0,2.0,4,80,68,81,74,79,68,"180cm | 5'11""",0,-,-,Manchester United,England
Dirk Kuyt,81,ST,,0,3.0,3,76,80,74,76,72,87,"184cm | 6'0""",0,-,-,Liverpool,Netherlands
Daniel Van Buyten,81,CB,,0,2.0,2,59,57,59,37,83,85,"196cm | 6'5""",0,-,-,Bayern München,Belgium
Michael Carrick,81,CM,,0,2.0,4,72,74,84,73,80,72,"185cm | 6'1""",0,-,-,Manchester United,England
David Pizarro,81,CM,,0,3.0,3,74,75,87,80,71,59,"170cm | 5'7""",0,-,-,Roma,Chile
Julien Escudé,81,CB,,0,2.0,4,73,48,58,63,76,82,"183cm | 6'0""",0,-,-,Sevilla Fútbol Club S.A.D.,France
Didier Zokora,81,CDM,,0,3.0,3,85,61,71,77,80,74,"179cm | 5'10""",0,-,-,Sevilla Fútbol Club S.A.D.,Ivory Coast
Mladen Petrić,81,ST,,0,3.0,4,75,83,71,79,60,76,"185cm | 6'1""",0,-,-,Hamburger SV,Croatia
Kevin Kuranyi,81,ST,,0,2.0,2,79,76,62,73,65,87,"190cm | 6'3""",0,-,-,Dinamo Moskva,Germany
Thiago Motta,81,CM,,0,3.0,4,71,72,81,78,79,78,"187cm | 6'2""",0,-,-,Inter,Brazil
Sébastien Squillaci,81,CB,,0,2.0,3,73,40,56,55,76,84,"185cm | 6'1""",0,-,-,Arsenal,France
Heiko Westermann,81,CB,,0,2.0,4,75,68,67,61,79,82,"190cm | 6'3""",0,-,-,Hamburger SV,Germany
Milan Baroš,81,ST,,0,4.0,4,84,79,71,80,59,76,"184cm | 6'0""",0,-,-,Galatasaray SK,Czech Republic
Angelo Palombo,81,CDM,,0,3.0,3,74,72,84,74,78,75,"177cm | 5'10""",0,-,-,Sampdoria,Italy
Iraizoz,81,GK,,0,1.0,3,77,86,75,82,57,84,"191cm | 6'3""",0,-,-,Athletic Club de Bilbao,Spain
Diego Benaglio,81,GK,,0,1.0,3,84,80,76,83,58,81,"194cm | 6'4""",0,-,-,VfL Wolfsburg,Switzerland
Cédric Carrasso,81,GK,,0,1.0,3,82,75,74,86,62,81,"187cm | 6'2""",0,-,-,Girondins de Bordeaux,France
Marco Borriello,81,ST,,0,3.0,3,78,81,59,75,66,85,"185cm | 6'1""",0,-,-,Roma,Italy
Jimmy Briand,81,ST,,0,3.0,3,87,78,80,85,66,76,"181cm | 5'11""",0,-,-,Olympique Lyonnais,France
Marc Planus,81,CB,,0,2.0,3,74,52,62,50,77,81,"183cm | 6'0""",0,-,-,Girondins de Bordeaux,France
Robson de Souza,81,LF,,0,5.0,4,88,77,73,92,53,55,"172cm | 5'8""",0,-,-,Milan,Brazil
Stefan Kießling,81,ST,,0,3.0,3,80,78,66,71,64,84,"191cm | 6'3""",0,-,-,Bayer 04 Leverkusen,Germany
Goran Pandev,81,CF,,0,4.0,4,81,81,72,85,65,70,"184cm | 6'0""",0,-,-,Inter,FYR Macedonia
James Milner,81,CM,,0,3.0,4,80,80,85,82,76,65,"176cm | 5'9""",0,-,-,Manchester City,England
Joleon Lescott,81,CB,,0,2.0,3,73,62,72,59,78,88,"188cm | 6'2""",0,-,-,Manchester City,England
Helton da Silva Arruda,81,GK,,0,1.0,4,82,80,75,83,48,81,"189cm | 6'2""",0,-,-,FC Porto,Brazil
Volkan Demirel,81,GK,,0,1.0,2,81,79,83,87,62,76,"192cm | 6'4""",0,-,-,Fenerbahçe SK,Turkey
Santi Cazorla,81,RM,,0,4.0,4,85,72,80,81,58,63,"168cm | 5'6""",0,-,-,Villarreal Club de Fútbol S.A.D.,Spain
Sergey Ryzhikov,81,GK,,0,1.0,2,81,83,77,83,60,82,"194cm | 6'4""",0,-,-,Rubin Kazan,Russia
Ireneusz Jeleń,81,ST,,0,3.0,4,86,80,70,74,64,75,"184cm | 6'0""",0,-,-,AJ Auxerre,Poland
Luisão,81,CB,,0,2.0,3,65,58,66,61,78,85,"192cm | 6'4""",0,-,-,Sport Lisboa Benfica,Brazil
Klaas-Jan Huntelaar,81,ST,,0,3.0,4,76,82,68,73,63,82,"186cm | 6'1""",0,-,-,FC Schalke 04,Netherlands
Lukas Podolski,81,LF,,0,3.0,3,86,85,66,81,54,65,"182cm | 6'0""",0,-,-,1. FC Köln,Germany
Gaël Clichy,81,LWB,,0,3.0,4,87,45,76,79,74,70,"175cm | 5'9""",0,-,-,Arsenal,France
André-Pierre Gignac,81,ST,,0,3.0,2,81,83,72,78,64,76,"187cm | 6'2""",0,-,-,Olympique de Marseille,France
Yuriy Zhirkov,81,LM,,0,3.0,3,82,75,79,83,73,60,"185cm | 6'1""",0,-,-,Chelsea,Russia
Jefferson Farfán,81,RW,,0,4.0,3,85,76,75,85,59,58,"178cm | 5'10""",0,-,-,FC Schalke 04,Peru
Ezequiel Lavezzi,81,CF,,0,5.0,4,89,77,72,91,58,51,"173cm | 5'8""",0,-,-,Napoli,Argentina
Llorente,81,ST,,0,3.0,3,75,76,53,75,70,89,"195cm | 6'5""",0,-,-,Athletic Club de Bilbao,Spain
Filipe Luís,81,LWB,,0,3.0,3,86,68,79,81,76,73,"182cm | 6'0""",0,-,-,Club Atlético de Madrid S.A.D.,Brazil
Gabriel Agbonlahor,81,RM,,0,3.0,4,92,74,64,81,65,74,"181cm | 5'11""",0,-,-,Aston Villa,England
Theo Walcott,81,RW,,0,3.0,3,94,73,67,85,61,54,"176cm | 5'9""",0,-,-,Arsenal,England
Adam Johnson,81,LW,,0,3.0,4,85,75,77,85,60,48,"175cm | 5'9""",0,-,-,Manchester City,England
Andrés Guardado,81,LW,,0,3.0,2,86,80,77,80,64,57,"169cm | 5'7""",0,-,-,Real Club Deportivo de La Coruña S.A.D.,Mexico
Gareth Bale,81,LM,,0,4.0,4,84,76,81,81,77,70,"183cm | 6'0""",0,-,-,Tottenham Hotspur,Wales
Welliton Soares de Morais,81,ST,,0,4.0,4,85,80,68,74,65,80,"175cm | 5'9""",0,-,-,Spartak Moskva,Brazil
Marouane Fellaini,81,CDM,,0,3.0,4,74,70,76,76,81,89,"194cm | 6'4""",0,-,-,Everton,Belgium
Bryan Ruíz,81,RW,,0,4.0,4,75,78,76,88,62,76,"188cm | 6'2""",0,-,-,FC Twente,Costa Rica
Éver Banega,81,CM,,0,4.0,4,73,74,85,80,76,64,"174cm | 5'9""",0,-,-,Valencia Club de Fútbol S.A.D.,Argentina
Marko Marin,81,LM,,0,4.0,4,84,71,75,87,45,40,"170cm | 5'7""",0,-,-,Werder Bremen,Germany
David Luiz,81,CB,,0,3.0,4,78,68,70,66,79,82,"189cm | 6'2""",0,-,-,Sport Lisboa Benfica,Brazil
Diego Godín,81,CB,,0,2.0,3,75,51,62,57,77,84,"185cm | 6'1""",0,-,-,Club Atlético de Madrid S.A.D.,Uruguay
Lucas Barrios,81,ST,,0,3.0,3,81,77,58,76,63,78,"187cm | 6'2""",0,-,-,Borussia Dortmund,Paraguay
Eden Hazard,81,RW,,0,4.0,3,86,72,73,84,56,66,"170cm | 5'7""",0,-,-,LOSC Lille Métropole,Belgium
Mario Balotelli,81,ST,,0,4.0,3,84,80,67,85,62,72,"189cm | 6'2""",0,-,-,Manchester City,Italy
Sergio Busquets,81,CDM,,0,3.0,3,70,58,79,78,80,72,"189cm | 6'2""",0,-,-,F.C. Barcelona,Spain
Joe Cole,80,CAM,,0,4.0,4,82,76,77,86,60,56,"176cm | 5'9""",0,-,-,Liverpool,England
Emre Belözoğlu,80,CM,,0,3.0,3,70,77,82,86,75,48,"171cm | 5'7""",0,-,-,Fenerbahçe SK,Turkey
Mark Schwarzer,80,GK,,0,1.0,3,78,81,75,83,50,82,"194cm | 6'4""",0,-,-,Fulham,Australia
Frank Rost,80,GK,,0,1.0,3,81,77,80,81,42,83,"194cm | 6'4""",0,-,-,Hamburger SV,Germany
Alessandro Del Piero,80,CF,,0,4.0,5,69,84,78,85,62,60,"173cm | 5'8""",0,-,-,Juventus,Italy
Clarence Seedorf,80,CAM,,0,4.0,4,67,77,83,83,69,61,"176cm | 5'9""",0,-,-,Milan,Netherlands
Roman Weidenfeller,80,GK,,0,1.0,1,84,78,66,84,59,78,"188cm | 6'2""",0,-,-,Borussia Dortmund,Germany
Stiliyan Petrov,80,CM,,0,4.0,4,72,73,80,78,76,68,"180cm | 5'11""",0,-,-,Aston Villa,Bulgaria
Shaun Wright-Phillips,80,RW,,0,3.0,3,90,72,71,83,51,38,"166cm | 5'5""",0,-,-,Manchester City,England
John O'Shea,80,RB,,0,2.0,3,73,49,72,65,80,86,"190cm | 6'3""",0,-,-,Manchester United,Republic of Ireland
Louis Saha,80,ST,,0,3.0,4,81,80,55,81,66,84,"185cm | 6'1""",0,-,-,Everton,France
Richard Dunne,80,CB,,0,2.0,3,72,36,53,35,78,86,"188cm | 6'2""",0,-,-,Aston Villa,Republic of Ireland
Sebastian Kehl,80,CDM,,0,2.0,4,70,65,75,61,80,82,"188cm | 6'2""",0,-,-,Borussia Dortmund,Germany
Cristian Chivu,80,LB,,0,3.0,3,74,67,72,67,75,78,"184cm | 6'0""",0,-,-,Inter,Romania
Dejan Stanković,80,CM,,0,3.0,3,72,76,83,77,75,72,"181cm | 5'11""",0,-,-,Inter,Serbia
Djibril Cissé,80,ST,,0,4.0,5,88,79,52,70,61,77,"182cm | 6'0""",0,-,-,Panathinaikos FC,France
John Arne Riise,80,LWB,,0,3.0,2,77,80,80,72,78,74,"185cm | 6'1""",0,-,-,Roma,Norway
Sami Hyypiä,80,CB,,0,2.0,3,48,39,62,37,78,87,"195cm | 6'5""",0,-,-,Bayer 04 Leverkusen,Finland
Quaresma,80,RW,,0,5.0,4,84,76,74,87,50,54,"173cm | 5'8""",0,-,-,Beşiktaş JK,Portugal
Roque Santa Cruz,80,ST,,0,3.0,4,75,77,58,77,63,88,"189cm | 6'2""",0,-,-,Manchester City,Paraguay
Joan Capdevila Méndez,80,LB,,0,2.0,3,82,75,80,73,78,82,"182cm | 6'0""",0,-,-,Villarreal Club de Fútbol S.A.D.,Spain
Rafael Márquez,80,CDM,,0,2.0,3,64,61,75,67,80,82,"182cm | 6'0""",0,-,-,New York Red Bulls,Mexico
John Carew,80,ST,,0,2.0,3,80,77,57,78,65,91,"193cm | 6'4""",0,-,-,Aston Villa,Norway
Kim Källström,80,CM,,0,3.0,4,77,80,82,76,78,75,"181cm | 5'11""",0,-,-,Olympique Lyonnais,Sweden
Sidney Govou,80,RW,,0,4.0,4,84,79,77,78,59,76,"175cm | 5'9""",0,-,-,Panathinaikos FC,France
Joaquín,80,RW,,0,4.0,3,83,73,72,87,53,54,"179cm | 5'10""",0,-,-,Valencia Club de Fútbol S.A.D.,Spain
John Heitinga,80,CB,,0,2.0,3,74,64,77,61,77,80,"180cm | 5'11""",0,-,-,Everton,Netherlands
Matthew Upson,80,CB,,0,2.0,3,70,27,52,45,77,88,"185cm | 6'1""",0,-,-,West Ham United,England
Ledley King,80,CB,,0,2.0,4,70,32,50,52,80,84,"188cm | 6'2""",0,-,-,Tottenham Hotspur,England
Mathieu Bodmer,80,CDM,,0,3.0,4,75,79,81,77,77,84,"190cm | 6'3""",0,-,-,Paris Saint-Germain,France
Lucas Neill,80,CB,,0,2.0,3,76,44,72,65,75,79,"185cm | 6'1""",0,-,-,Galatasaray SK,Australia
Tim Cahill,80,CAM,,0,3.0,4,72,77,77,77,81,94,"178cm | 5'10""",0,-,-,Everton,Australia
Alou Diarra,80,CDM,,0,2.0,4,74,57,70,66,82,85,"190cm | 6'3""",0,-,-,Girondins de Bordeaux,France
Massimo Ambrosini,80,CDM,,0,2.0,3,76,69,81,75,78,88,"182cm | 6'0""",0,-,-,Milan,Italy
Nigel de Jong,80,CDM,,0,2.0,4,71,62,75,72,81,81,"173cm | 5'8""",0,-,-,Manchester City,Netherlands
Phil Jagielka,80,CB,,0,2.0,3,71,52,72,55,78,78,"180cm | 5'11""",0,-,-,Everton,England
Stewart Downing,80,LW,,0,3.0,3,79,78,79,83,60,64,"180cm | 5'11""",0,-,-,Aston Villa,England
Tom Huddlestone,80,CM,,0,3.0,4,67,75,80,75,80,76,"190cm | 6'3""",0,-,-,Tottenham Hotspur,England
Albert Lopo García,80,CB,,0,2.0,3,72,49,61,40,78,76,"186cm | 6'1""",0,-,-,Real Club Deportivo de La Coruña S.A.D.,Spain
Nihat Kahveci,80,CF,,0,4.0,4,87,81,76,82,57,64,"175cm | 5'9""",0,-,-,Beşiktaş JK,Turkey
Nicolas Douchez,80,GK,,0,1.0,3,82,80,70,84,62,80,"185cm | 6'1""",0,-,-,Stade Rennais FC,France
Jean II Makoun,80,CDM,,0,2.0,4,79,62,70,71,80,76,"173cm | 5'8""",0,-,-,Olympique Lyonnais,Cameroon
Michael Dawson,80,CB,,0,2.0,3,70,31,51,31,78,86,"187cm | 6'2""",0,-,-,Tottenham Hotspur,England
Martín Demichelis,80,CB,,0,2.0,3,60,37,65,51,78,86,"184cm | 6'0""",0,-,-,Bayern München,Argentina
Nilmar Honorato da Silva,80,ST,,0,4.0,4,90,76,63,85,49,76,"180cm | 5'11""",0,-,-,Villarreal Club de Fútbol S.A.D.,Brazil
Marcos Antonio Senna da Silva,80,CM,,0,3.0,4,66,78,84,74,81,64,"177cm | 5'10""",0,-,-,Villarreal Club de Fútbol S.A.D.,Spain
Michaël Ciani,80,CB,,0,2.0,3,75,35,62,49,78,82,"189cm | 6'2""",0,-,-,Girondins de Bordeaux,France
Obafemi Martins,80,ST,,0,4.0,5,90,76,58,81,59,76,"170cm | 5'7""",0,-,-,Rubin Kazan,Nigeria
Glen Johnson,80,RWB,,0,3.0,4,85,70,76,83,79,76,"182cm | 6'0""",0,-,-,Liverpool,England
Vágner Love,80,ST,,0,4.0,4,84,76,55,81,63,75,"171cm | 5'7""",0,-,-,CSKA Moskva,Brazil
Gabriel Milito,80,CB,,0,2.0,3,63,44,69,61,77,78,"179cm | 5'10""",0,-,-,F.C. Barcelona,Argentina
Federico Marchetti,80,GK,,0,1.0,2,82,76,73,83,37,80,"190cm | 6'3""",0,-,-,Cagliari,Italy
Vincent Kompany,80,CB,,0,2.0,4,80,67,72,69,80,75,"192cm | 6'4""",0,-,-,Manchester City,Belgium
Milan Jovanović,80,LF,,0,3.0,3,82,80,71,84,65,70,"183cm | 6'0""",0,-,-,Liverpool,Serbia
Negredo,80,ST,,0,3.0,3,73,80,60,74,65,86,"186cm | 6'1""",0,-,-,Sevilla Fútbol Club S.A.D.,Spain
Anderson Luis De Carvalho,80,CAM,,0,4.0,4,79,78,78,85,56,71,"181cm | 5'11""",0,-,-,Paris Saint-Germain,Brazil
Alexandr Anyukov,80,RWB,,0,3.0,4,81,69,80,71,78,72,"178cm | 5'10""",0,-,-,Zenit St. Petersburg,Russia
Raúl José Trindade Meireles,80,CM,,0,3.0,4,75,79,80,78,74,71,"179cm | 5'10""",0,-,-,Liverpool,Portugal
Liédson Silva Muniz,80,ST,,0,4.0,4,81,78,71,82,61,78,"174cm | 5'9""",0,-,-,Sporting CP,Portugal
Jaroslav Drobný,80,GK,,0,1.0,2,81,79,68,84,41,82,"192cm | 6'4""",0,-,-,Hamburger SV,Czech Republic
Edinaldo Batista Libanio,80,ST,,0,3.0,4,77,77,57,76,68,84,"189cm | 6'2""",0,-,-,VfL Wolfsburg,Brazil
Aiden McGeady,80,LW,,0,4.0,4,81,71,75,87,57,55,"180cm | 5'11""",0,-,-,Spartak Moskva,Republic of Ireland
Clint Dempsey,80,RM,,0,4.0,3,80,78,75,83,63,82,"185cm | 6'1""",0,-,-,Fulham,United States
Niko Kranjčar,80,CAM,,0,3.0,4,77,81,79,83,59,56,"185cm | 6'1""",0,-,-,Tottenham Hotspur,Croatia
Salomon Kalou,80,LW,,0,4.0,3,85,74,70,85,56,74,"186cm | 6'1""",0,-,-,Chelsea,Ivory Coast
Jurado,80,CAM,,0,4.0,4,81,72,83,83,55,65,"173cm | 5'8""",0,-,-,FC Schalke 04,Spain
Fabio Quagliarella,80,CF,,0,3.0,3,77,83,72,79,63,70,"182cm | 6'0""",0,-,-,Juventus,Italy
Riccardo Montolivo,80,CM,,0,4.0,4,75,77,84,78,72,64,"181cm | 5'11""",0,-,-,Fiorentina,Italy
Borja Valero,80,CAM,,0,3.0,4,73,79,86,77,68,59,"175cm | 5'9""",0,-,-,Villarreal Club de Fútbol S.A.D.,Spain
Fernando Amorebieta,80,CB,,0,2.0,3,73,49,55,54,79,76,"192cm | 6'4""",0,-,-,Athletic Club de Bilbao,Spain
João Moutinho,80,CM,,0,4.0,3,77,80,82,83,70,72,"171cm | 5'7""",0,-,-,FC Porto,Portugal
Stéphane Sessègnon,80,CAM,,0,4.0,5,82,76,79,86,69,68,"172cm | 5'8""",0,-,-,Paris Saint-Germain,Benin
Eduardo,80,GK,,0,1.0,3,82,75,75,84,45,79,"187cm | 6'2""",0,-,-,Genoa,Portugal
Paulo Vitor Barreto de Souza,80,CF,,0,4.0,4,86,78,74,82,58,68,"171cm | 5'7""",0,-,-,Bari,Brazil
Josué Anunciato de Oliveira,80,CDM,,0,2.0,3,76,63,75,74,74,67,"169cm | 5'7""",0,-,-,VfL Wolfsburg,Brazil
Stéphane M'Bia,80,CDM,,0,2.0,3,77,67,74,70,78,86,"189cm | 6'2""",0,-,-,Olympique de Marseille,Cameroon
Martin Škrtel,80,CB,,0,2.0,3,75,38,55,50,76,85,"191cm | 6'3""",0,-,-,Liverpool,Slovakia
Stéphane Ruffier,80,GK,,0,1.0,3,82,81,78,85,55,80,"187cm | 6'2""",0,-,-,AS Monaco FC,France
Renato Augusto,80,CAM,,0,4.0,4,79,73,80,86,58,55,"186cm | 6'1""",0,-,-,Bayer 04 Leverkusen,Brazil
Ezequiel Garay,80,CB,,0,2.0,3,69,54,61,59,77,78,"189cm | 6'2""",0,-,-,Real Madrid Club de Fútbol,Argentina
Stephen Ireland,80,CAM,,0,3.0,4,77,77,76,81,75,66,"173cm | 5'8""",0,-,-,Aston Villa,Republic of Ireland
Cristian Rodríguez,80,LW,,0,5.0,3,83,78,76,81,68,78,"178cm | 5'10""",0,-,-,FC Porto,Uruguay
Gervais Yao Kouassi,80,CF,,0,4.0,4,83,76,72,85,65,74,"179cm | 5'10""",0,-,-,LOSC Lille Métropole,Ivory Coast
Pedro Tunon Geromel,80,CB,,0,2.0,3,75,38,65,67,75,82,"190cm | 6'3""",0,-,-,1. FC Köln,Brazil
Eljero Elia,80,LM,,0,5.0,4,90,68,73,87,53,60,"176cm | 5'9""",0,-,-,Hamburger SV,Netherlands
Claudio Marchisio,80,CM,,0,3.0,3,81,71,80,82,74,68,"179cm | 5'10""",0,-,-,Juventus,Italy
Gonzalo Castro,80,LW,,0,4.0,3,86,72,70,86,59,68,"176cm | 5'9""",0,-,-,Real Club Deportivo Mallorca S.A.D.,Uruguay
Pedro León,80,RM,,0,4.0,3,75,75,84,82,61,65,"182cm | 6'0""",0,-,-,Real Madrid Club de Fútbol,Spain
Javi Martinez,80,CDM,,0,3.0,3,70,66,74,70,81,80,"190cm | 6'3""",0,-,-,Athletic Club de Bilbao,Spain
Edinson Cavani,80,ST,,0,4.0,3,84,77,61,78,63,78,"184cm | 6'0""",0,-,-,Napoli,Uruguay
Sami Khedira,80,CDM,,0,3.0,4,75,73,79,75,79,82,"189cm | 6'2""",0,-,-,Real Madrid Club de Fútbol,Germany
Toni Kroos,80,CAM,,0,4.0,5,70,79,83,79,59,58,"182cm | 6'0""",0,-,-,Bayern München,Germany
Balázs Dzsudzsák,80,LW,,0,4.0,4,82,80,78,81,59,50,"179cm | 5'10""",0,-,-,PSV,Hungary
Alexis Sánchez,80,RW,,0,5.0,4,87,72,68,88,60,61,"168cm | 5'6""",0,-,-,Udinese,Chile
Keisuke Honda,80,CAM,,0,4.0,4,81,82,80,82,72,74,"182cm | 6'0""",0,-,-,CSKA Moskva,Japan
Thomas Müller,80,ST,,0,3.0,4,82,77,69,78,63,70,"186cm | 6'1""",0,-,-,Bayern München,Germany
Javier Pastore,80,CAM,,0,4.0,3,77,73,80,85,63,64,"187cm | 6'2""",0,-,-,Palermo,Argentina
David James,79,GK,,0,1.0,2,86,73,78,83,52,74,"194cm | 6'4""",0,-,-,Bristol City,England
Christian Abbiati,79,GK,,0,1.0,2,79,80,71,82,50,78,"191cm | 6'3""",0,-,-,Milan,Italy
Mickaël Landreau,79,GK,,0,1.0,3,78,80,74,82,61,78,"184cm | 6'0""",0,-,-,LOSC Lille Métropole,France
Luis César Sánchez Domínguez,79,GK,,0,1.0,3,78,76,75,80,53,88,"185cm | 6'1""",0,-,-,Valencia Club de Fútbol S.A.D.,Spain
Morgan De Sanctis,79,GK,,0,1.0,2,78,78,68,82,40,81,"190cm | 6'3""",0,-,-,Napoli,Italy
Alessandro Gamberini,79,CB,,0,2.0,3,80,42,55,58,75,80,"185cm | 6'1""",0,-,-,Fiorentina,Italy
Hans-Jörg Butt,79,GK,,0,1.0,3,75,81,82,78,39,82,"191cm | 6'3""",0,-,-,Bayern München,Germany
Joris Mathijsen,79,CB,,0,2.0,3,71,42,68,52,76,76,"182cm | 6'0""",0,-,-,Hamburger SV,Netherlands
Jussi Jääskeläinen,79,GK,,0,1.0,2,82,79,78,82,50,80,"193cm | 6'4""",0,-,-,Bolton Wanderers,Finland
Gabriel Heinze,79,LB,,0,2.0,3,69,42,66,59,80,78,"178cm | 5'10""",0,-,-,Olympique de Marseille,Argentina
Yossi Benayoun,79,CAM,,0,3.0,4,74,73,77,82,60,62,"178cm | 5'10""",0,-,-,Chelsea,Israel
Fabian Ernst,79,CDM,,0,3.0,3,69,68,80,70,77,75,"183cm | 6'0""",0,-,-,Beşiktaş JK,Germany
Timo Hildebrand,79,GK,,0,1.0,2,80,81,73,82,62,78,"185cm | 6'1""",0,-,-,Sporting CP,Germany
Arne Friedrich,79,CB,,0,2.0,3,78,47,64,62,76,82,"185cm | 6'1""",0,-,-,VfL Wolfsburg,Germany
Iván Córdoba,79,CB,,0,3.0,3,85,48,57,54,74,81,"173cm | 5'8""",0,-,-,Inter,Colombia
Joaquim Manuel Sampaio Silva,79,GK,,0,1.0,1,81,76,74,84,49,76,"184cm | 6'0""",0,-,-,SC Braga,Portugal
Carlos Jorge Neto Martins,79,CAM,,0,3.0,4,74,80,79,78,67,66,"174cm | 5'9""",0,-,-,Sport Lisboa Benfica,Portugal
Juan Román Riquelme,79,CAM,,0,4.0,4,62,81,82,76,57,58,"182cm | 6'0""",0,-,-,Boca Juniors,Argentina
Vincenzo Iaquinta,79,LF,,0,3.0,3,85,78,62,75,70,82,"191cm | 6'3""",0,-,-,Juventus,Italy
Olof Mellberg,79,CB,,0,2.0,3,63,38,57,40,75,84,"187cm | 6'2""",0,-,-,Olympiakos CFP,Sweden
Philippe Mexès,79,CB,,0,2.0,3,75,50,62,58,75,80,"187cm | 6'2""",0,-,-,Roma,France
Matthieu Delpierre,79,CB,,0,2.0,3,70,52,66,46,75,80,"193cm | 6'4""",0,-,-,VfB Stuttgart,France
Tomáš Ujfaluši,79,CB,,0,2.0,3,68,44,65,60,76,82,"185cm | 6'1""",0,-,-,Club Atlético de Madrid S.A.D.,Czech Republic
Fernándo José da Silva Meira,79,CB,,0,2.0,3,72,41,61,55,76,84,"190cm | 6'3""",0,-,-,Zenit St. Petersburg,Portugal
Daniel Aranzubia Aguado,79,GK,,0,1.0,3,79,71,78,83,62,81,"184cm | 6'0""",0,-,-,Real Club Deportivo de La Coruña S.A.D.,Spain
Steven Pienaar,79,LM,,0,4.0,4,73,73,76,88,61,58,"170cm | 5'7""",0,-,-,Everton,South Africa
Tranquillo Barnetta,79,LM,,0,3.0,4,83,72,74,83,64,54,"178cm | 5'10""",0,-,-,Bayer 04 Leverkusen,Switzerland
Maxwell Scherer Cabelino Andrade,79,LWB,,0,3.0,3,81,63,79,79,76,70,"175cm | 5'9""",0,-,-,F.C. Barcelona,Brazil
Bobby Zamora,79,ST,,0,3.0,4,76,79,61,75,67,84,"183cm | 6'0""",0,-,-,Fulham,England
Anderson Luís de Souza,79,CM,,0,4.0,3,72,76,85,81,63,61,"174cm | 5'9""",0,-,-,Fluminense,Portugal
Sotirios Kyrgiakos,79,CB,,0,2.0,3,61,42,53,44,77,86,"193cm | 6'4""",0,-,-,Liverpool,Greece
Claudemir Jeronimo Barreto,79,ST,,0,3.0,3,83,80,65,79,55,74,"179cm | 5'10""",0,-,-,VfB Stuttgart,Germany
Alberto Aquilani,79,CM,,0,3.0,4,76,77,82,82,68,68,"186cm | 6'1""",0,-,-,Juventus,Italy
Simone Pepe,79,RM,,0,4.0,4,84,73,77,78,69,62,"178cm | 5'10""",0,-,-,Juventus,Italy
Artur Boruc,79,GK,,0,1.0,3,78,77,69,83,31,81,"193cm | 6'4""",0,-,-,Fiorentina,Poland
Adriano Leite Ribeiro,79,ST,,0,3.0,2,73,83,49,72,64,84,"190cm | 6'3""",0,-,-,Roma,Brazil
Andoni Iraola Sagarna,79,RWB,,0,3.0,3,82,69,78,75,77,66,"182cm | 6'0""",0,-,-,Athletic Club de Bilbao,Spain
Aduriz,79,ST,,0,3.0,4,81,76,62,75,67,90,"182cm | 6'0""",0,-,-,Valencia Club de Fútbol S.A.D.,Spain
Rubén Gracia Calmache,79,RM,,0,3.0,3,82,71,74,82,61,60,"180cm | 5'11""",0,-,-,Villarreal Club de Fútbol S.A.D.,Spain
Sergio Paulo Barbosa Valente,79,LM,,0,3.0,3,79,77,83,78,64,60,"175cm | 5'9""",0,-,-,Málaga Club de Fútbol S.A.D.,Portugal
Maxi Rodríguez,79,RM,,0,4.0,3,76,77,77,81,67,63,"180cm | 5'11""",0,-,-,Liverpool,Argentina
Albert Riera Ortega,79,LM,,0,4.0,3,80,75,78,82,63,70,"188cm | 6'2""",0,-,-,Olympiakos CFP,Spain
Vicente Rodríguez Guillén,79,LW,,0,4.0,2,83,74,78,83,52,59,"177cm | 5'10""",0,-,-,Valencia Club de Fútbol S.A.D.,Spain
David Navarro Pedrós,79,CB,,0,2.0,3,72,51,62,55,76,83,"183cm | 6'0""",0,-,-,Valencia Club de Fútbol S.A.D.,Spain
Rod Fanni,79,RB,,0,2.0,3,85,53,74,68,75,78,"183cm | 6'0""",0,-,-,Stade Rennais FC,France
Simon Rolfes,79,CDM,,0,2.0,4,72,65,78,70,75,75,"191cm | 6'3""",0,-,-,Bayer 04 Leverkusen,Germany
Anatoliy Tymoschuk,79,CDM,,0,2.0,3,73,66,77,59,79,76,"181cm | 5'11""",0,-,-,Bayern München,Ukraine
Piotr Trochowski,79,LM,,0,4.0,5,77,82,78,82,56,73,"169cm | 5'7""",0,-,-,Hamburger SV,Germany
Fábio Deivson Lopes Maciel,79,GK,,0,1.0,3,76,79,71,84,73,81,"190cm | 6'3""",0,-,-,Cruzeiro,Brazil
Cristiano Marques Gomes,79,CB,,0,2.0,3,80,57,68,40,76,79,"183cm | 6'0""",0,-,-,Olympique Lyonnais,Brazil
Anthony Réveillère,79,RB,,0,2.0,4,78,60,74,51,77,75,"181cm | 5'11""",0,-,-,Olympique Lyonnais,France
Júlio Sérgio Bertagnoli,79,GK,,0,1.0,2,80,77,72,82,50,82,"187cm | 6'2""",0,-,-,Roma,Brazil
Andrea Barzagli,79,CB,,0,2.0,3,71,42,62,55,74,80,"186cm | 6'1""",0,-,-,VfL Wolfsburg,Italy
Mounir El Hamdaoui,79,ST,,0,4.0,3,77,79,64,84,60,64,"183cm | 6'0""",0,-,-,Ajax,Morocco
Andrés D'Alessandro,79,CAM,,0,5.0,2,77,76,82,88,55,52,"174cm | 5'9""",0,-,-,I. Porto Alegre,Argentina
Nicolás Burdisso,79,CB,,0,2.0,3,75,47,59,51,75,82,"182cm | 6'0""",0,-,-,Roma,Argentina
Madjid Bougherra,79,CB,,0,2.0,2,84,32,52,61,77,79,"188cm | 6'2""",0,-,-,Rangers,Algeria
Guillermo Ochoa,79,GK,,0,1.0,3,80,79,74,83,47,78,"183cm | 6'0""",0,-,-,América,Mexico
Daniel Díaz,79,CB,,0,2.0,3,66,52,61,47,80,76,"182cm | 6'0""",0,-,-,Getafe Club de Fútbol S.A.D.,Argentina
Ibrahima Yattara,79,RW,,0,5.0,4,82,67,77,82,52,62,"175cm | 5'9""",0,-,-,Trabzonspor,Guinea
Oleksandr Aliyev,79,CAM,,0,4.0,4,79,83,78,78,61,61,"173cm | 5'8""",0,-,-,Lokomotiv Moskva,Ukraine
İbrahim Toraman,79,CB,,0,2.0,3,78,52,65,59,72,86,"179cm | 5'10""",0,-,-,Beşiktaş JK,Turkey
Carlos Javier Cuéllar Jiménez,79,CB,,0,2.0,3,70,35,59,55,75,86,"190cm | 6'3""",0,-,-,Aston Villa,Spain
Marat Izmailov,79,LM,,0,4.0,4,81,75,77,80,68,66,"172cm | 5'8""",0,-,-,Sporting CP,Russia
Vladimir Gabulov,79,GK,,0,1.0,2,76,78,77,83,61,80,"190cm | 6'3""",0,-,-,Dinamo Moskva,Russia
Vladimir Bystrov,79,RM,,0,4.0,3,91,68,80,79,60,58,"173cm | 5'8""",0,-,-,Zenit St. Petersburg,Russia
Vyacheslav Malafeev,79,GK,,0,1.0,2,75,76,81,83,46,84,"185cm | 6'1""",0,-,-,Zenit St. Petersburg,Russia
Christian Maggio,79,RM,,0,3.0,2,85,72,75,76,78,82,"184cm | 6'0""",0,-,-,Napoli,Italy
Rodrigo Ferrante Taddei,79,RW,,0,4.0,4,79,74,77,82,68,69,"177cm | 5'10""",0,-,-,Roma,Brazil
Amauri Carvalho De Oliv.,79,ST,,0,4.0,4,77,75,62,83,69,88,"186cm | 6'1""",0,-,-,Juventus,Italy
Dimitris Salpigidis,79,RF,,0,3.0,3,85,78,71,81,61,65,"172cm | 5'8""",0,-,-,PAOK,Greece
Steven Davis,79,CM,,0,3.0,3,83,67,84,83,78,57,"173cm | 5'8""",0,-,-,Rangers,Northern Ireland
Mauro Zárate,79,RF,,0,5.0,5,88,78,64,89,56,60,"176cm | 5'9""",0,-,-,Lazio,Argentina
Mathieu Flamini,79,CM,,0,3.0,3,79,66,80,77,74,73,"178cm | 5'10""",0,-,-,Milan,France
Matthieu Chalmé,79,RB,,0,2.0,3,83,60,82,68,76,70,"175cm | 5'9""",0,-,-,Girondins de Bordeaux,France
Jérémy Ménez,79,CAM,,0,5.0,5,86,72,77,87,61,66,"181cm | 5'11""",0,-,-,Roma,France
Frederico Chaves Guedes,79,ST,,0,5.0,4,76,80,65,74,59,82,"185cm | 6'1""",0,-,-,Fluminense,Brazil
Javi García,79,CDM,,0,3.0,3,72,69,74,67,80,84,"188cm | 6'2""",0,-,-,Sport Lisboa Benfica,Spain
Abou Diaby,79,CM,,0,3.0,3,79,71,74,83,80,80,"191cm | 6'3""",0,-,-,Arsenal,France
Mbark Boussoufa,79,LW,,0,5.0,5,76,73,79,85,51,55,"167cm | 5'6""",0,-,-,RSC Anderlecht,Morocco
Sebastian Larsson,79,RM,,0,3.0,3,75,75,79,79,61,63,"178cm | 5'10""",0,-,-,Birmingham City,Sweden
Gary Cahill,79,CB,,0,2.0,4,72,59,49,54,77,82,"188cm | 6'2""",0,-,-,Bolton Wanderers,England
Charles N'Zogbia,79,LM,,0,4.0,3,85,74,75,84,73,59,"170cm | 5'7""",0,-,-,Wigan Athletic,France
Patrick Helmes,79,ST,,0,3.0,4,83,79,57,73,58,68,"183cm | 6'0""",0,-,-,Bayer 04 Leverkusen,Germany
Nicklas Bendtner,79,ST,,0,3.0,3,78,73,69,74,70,90,"194cm | 6'4""",0,-,-,Arsenal,Denmark
Rafinha,79,RM,,0,4.0,3,85,58,77,80,73,65,"172cm | 5'8""",0,-,-,Genoa,Brazil
Sergio Floccari,79,ST,,0,4.0,4,80,77,63,84,65,78,"180cm | 5'11""",0,-,-,Lazio,Italy
Micah Richards,79,RB,,0,3.0,3,83,42,63,66,83,88,"181cm | 5'11""",0,-,-,Manchester City,England
Nuri Sahin,79,CM,,0,3.0,4,69,72,84,82,71,58,"180cm | 5'11""",0,-,-,Borussia Dortmund,Turkey
Diego Capel Trinidad,79,LW,,0,4.0,3,87,62,74,87,61,51,"173cm | 5'8""",0,-,-,Sevilla Fútbol Club S.A.D.,Spain
Varela,79,LF,,0,5.0,5,85,69,75,83,68,74,"179cm | 5'10""",0,-,-,FC Porto,Portugal
Denilson Pereira Neves,79,CM,,0,3.0,3,72,74,82,75,68,58,"180cm | 5'11""",0,-,-,Arsenal,Brazil
Marcelo,79,LWB,,0,3.0,3,85,70,81,82,75,70,"174cm | 5'9""",0,-,-,Real Madrid Club de Fútbol,Brazil
Bojan,79,CF,,0,4.0,3,84,75,74,86,48,59,"170cm | 5'7""",0,-,-,F.C. Barcelona,Spain
Demba Ba,79,ST,,0,3.0,3,83,75,62,75,68,79,"189cm | 6'2""",0,-,-,TSG 1899 Hoffenheim,Senegal
Vieirinha,79,RW,,0,4.0,4,80,76,75,83,60,71,"171cm | 5'7""",0,-,-,PAOK,Portugal
Benoît Trémoulinas,79,LB,,0,3.0,3,83,64,80,76,76,66,"173cm | 5'8""",0,-,-,Girondins de Bordeaux,France
Javier Hernández,79,ST,,0,3.0,4,85,74,63,76,60,81,"175cm | 5'9""",0,-,-,Manchester United,Mexico
Mats Hummels,79,CB,,0,2.0,4,74,58,68,61,78,82,"192cm | 6'4""",0,-,-,Borussia Dortmund,Germany
Eren Derdiyok,79,ST,,0,3.0,3,76,74,70,76,62,78,"191cm | 6'3""",0,-,-,Bayer 04 Leverkusen,Switzerland
Miralem Pjanic,79,CAM,,0,4.0,5,81,75,77,80,56,62,"180cm | 5'11""",0,-,-,Olympique Lyonnais,Bosnia Herzegovina
Hernanes,79,CM,,0,4.0,5,75,79,82,85,74,64,"180cm | 5'11""",0,-,-,Lazio,Brazil
Carlos Eduardo Marques,79,CAM,,0,5.0,3,80,76,78,85,53,48,"171cm | 5'7""",0,-,-,Rubin Kazan,Brazil
Vassilis Torosidis,79,RB,,0,2.0,3,87,53,75,72,78,78,"186cm | 6'1""",0,-,-,Olympiakos CFP,Greece
Stevan Jovetic,79,CF,,0,4.0,4,82,76,73,86,62,65,"183cm | 6'0""",0,-,-,Fiorentina,Montenegro
Arturo Vidal,79,CDM,,0,3.0,4,79,61,74,77,76,70,"180cm | 5'11""",0,-,-,Bayer 04 Leverkusen,Chile
Adil Rami,79,CB,,0,2.0,3,71,37,64,55,76,78,"190cm | 6'3""",0,-,-,LOSC Lille Métropole,France
Diego Perotti,79,RW,,0,4.0,5,86,69,72,86,55,62,"179cm | 5'10""",0,-,-,Sevilla Fútbol Club S.A.D.,Argentina
Fernando,79,CDM,,0,2.0,3,76,53,74,72,76,74,"183cm | 6'0""",0,-,-,FC Porto,Brazil
Ramires Santos do Nascimen.,79,CM,,0,3.0,3,84,70,76,75,75,78,"180cm | 5'11""",0,-,-,Chelsea,Brazil
Aleksandar Kolarov,79,LWB,,0,2.0,3,76,73,81,75,80,76,"187cm | 6'2""",0,-,-,Manchester City,Serbia
Victor Leandro Bagy,79,GK,,0,1.0,3,77,82,74,82,50,80,"193cm | 6'4""",0,-,-,Grêmio,Brazil
Alan Dzagoev,79,CAM,,0,4.0,4,77,76,78,78,58,64,"179cm | 5'10""",0,-,-,CSKA Moskva,Russia
Douglas Franco Teixeira,79,CB,,0,2.0,2,69,47,54,59,78,80,"192cm | 6'4""",0,-,-,FC Twente,Brazil
Rúben Micael,79,CM,,0,4.0,3,73,78,85,79,68,68,"176cm | 5'9""",0,-,-,FC Porto,Portugal
Phil Neville,78,CDM,,0,2.0,4,74,56,78,58,76,70,"180cm | 5'11""",0,-,-,Everton,England
David Beckham,78,RM,,0,3.0,3,68,78,87,73,68,52,"183cm | 6'0""",0,-,-,Los Angeles Galaxy,England
Robbie Keane,78,CF,,0,3.0,3,77,80,62,80,58,64,"175cm | 5'9""",0,-,-,Tottenham Hotspur,Republic of Ireland
Marco Di Vaio,78,ST,,0,3.0,4,77,78,62,75,62,73,"179cm | 5'10""",0,-,-,Bologna,Italy
Ryan Nelsen,78,CB,,0,2.0,3,62,37,56,42,77,80,"183cm | 6'0""",0,-,-,Blackburn Rovers,New Zealand
Patrick Vieira,78,CDM,,0,2.0,3,63,62,72,67,80,80,"192cm | 6'4""",0,-,-,Manchester City,France
Matteo Ferrari,78,CB,,0,2.0,3,67,45,65,56,74,80,"183cm | 6'0""",0,-,-,Beşiktaş JK,Italy
Grégory Coupet,78,GK,,0,1.0,3,80,81,74,75,36,80,"181cm | 5'11""",0,-,-,Paris Saint-Germain,France
José Carlos Araújo Nunes,78,CB,,0,2.0,3,70,46,55,52,75,80,"185cm | 6'1""",0,-,-,Real Club Deportivo Mallorca S.A.D.,Portugal
Tiago Cardoso Mendes,78,CM,,0,4.0,3,71,70,79,75,71,76,"183cm | 6'0""",0,-,-,Club Atlético de Madrid S.A.D.,Portugal
Simone Perrotta,78,CM,,0,3.0,3,78,73,78,76,78,74,"178cm | 5'10""",0,-,-,Roma,Italy
Marco Marchionni,78,RM,,0,3.0,3,80,72,77,79,68,68,"175cm | 5'9""",0,-,-,Fiorentina,Italy
David Trezeguet,78,ST,,0,3.0,3,68,74,56,67,66,88,"190cm | 6'3""",0,-,-,Hércules Club de Fútbol S.A.D.,France
Tomáš Řepka,78,CB,,0,2.0,4,59,43,61,54,76,86,"184cm | 6'0""",0,-,-,Sparta Praha,Czech Republic
Antonios Nikopolidis,78,GK,,0,1.0,3,76,79,71,79,38,81,"187cm | 6'2""",0,-,-,Olympiakos CFP,Greece
Giorgios Karagounis,78,CAM,,0,3.0,4,73,80,78,76,61,66,"176cm | 5'9""",0,-,-,Panathinaikos FC,Greece
Scott Parker,78,CM,,0,3.0,3,73,70,76,70,79,74,"175cm | 5'9""",0,-,-,West Ham United,England
Wes Brown,78,CB,,0,2.0,3,71,32,62,48,76,78,"185cm | 6'1""",0,-,-,Manchester United,England
Andrew Johnson,78,ST,,0,3.0,3,82,78,58,79,58,71,"170cm | 5'7""",0,-,-,Fulham,England
Dudu Aouate,78,GK,,0,1.0,3,81,72,76,85,55,75,"188cm | 6'2""",0,-,-,Real Club Deportivo Mallorca S.A.D.,Israel
Martin Petrov,78,LM,,0,3.0,2,81,80,79,77,52,46,"180cm | 5'11""",0,-,-,Bolton Wanderers,Bulgaria
James Collins,78,CB,,0,2.0,3,70,50,51,56,75,84,"193cm | 6'4""",0,-,-,Aston Villa,Wales
Alan Osório Silva,78,RW,,0,3.0,3,85,62,74,81,63,57,"180cm | 5'11""",0,-,-,SC Braga,Brazil
Rogério Ceni,78,GK,,0,1.0,2,78,73,94,74,49,85,"188cm | 6'2""",0,-,-,São Paulo,Brazil
Benoît Cheyrou,78,CDM,,0,2.0,4,77,76,81,76,77,74,"182cm | 6'0""",0,-,-,Olympique de Marseille,France
Benoît Pedretti,78,CDM,,0,3.0,3,78,70,80,75,75,72,"177cm | 5'10""",0,-,-,AJ Auxerre,France
Barry Ferguson,78,CM,,0,3.0,2,68,75,84,73,71,60,"178cm | 5'10""",0,-,-,Birmingham City,Scotland
Mauro Camoranesi,78,RM,,0,2.0,3,73,67,77,83,72,70,"174cm | 5'9""",0,-,-,VfB Stuttgart,Italy
Daniele Bonera,78,CB,,0,2.0,3,75,51,69,59,74,78,"183cm | 6'0""",0,-,-,Milan,Italy
Raúl González Blanco,78,CF,,0,3.0,3,70,75,69,78,59,74,"178cm | 5'10""",0,-,-,FC Schalke 04,Spain
Mohamed Zidan,78,CF,,0,4.0,4,84,75,72,85,54,59,"172cm | 5'8""",0,-,-,Borussia Dortmund,Egypt
Morten Gamst Pedersen,78,LM,,0,4.0,4,75,78,79,78,63,68,"183cm | 6'0""",0,-,-,Blackburn Rovers,Norway
Gilberto Aparecido da Silva,78,CDM,,0,2.0,3,65,60,72,64,76,83,"187cm | 6'2""",0,-,-,Panathinaikos FC,Brazil
Lincoln Cássio de Souza Soares,78,CAM,,0,5.0,4,71,77,80,80,57,44,"177cm | 5'10""",0,-,-,Palmeiras,Brazil
Allan McGregor,78,GK,,0,1.0,3,81,78,68,82,33,77,"183cm | 6'0""",0,-,-,Rangers,Scotland
Carlton Cole,78,ST,,0,3.0,3,74,74,58,75,64,84,"191cm | 6'3""",0,-,-,West Ham United,England
Jonathan Woodgate,78,CB,,0,2.0,3,70,40,52,37,74,86,"189cm | 6'2""",0,-,-,Tottenham Hotspur,England
Cédric Hengbart,78,RB,,0,2.0,4,83,68,70,56,77,83,"183cm | 6'0""",0,-,-,AJ Auxerre,France
Martín Palermo,78,ST,,0,3.0,3,72,77,62,70,61,84,"190cm | 6'3""",0,-,-,Boca Juniors,Argentina
Peter Crouch,78,ST,,0,3.0,3,65,74,66,78,63,85,"201cm | 6'7""",0,-,-,Tottenham Hotspur,England
Damien Duff,78,LW,,0,3.0,3,81,72,75,83,62,51,"175cm | 5'9""",0,-,-,Fulham,Republic of Ireland
Kenny Miller,78,ST,,0,3.0,3,87,76,67,82,56,58,"178cm | 5'10""",0,-,-,Rangers,Scotland
Mahamadou Diarra,78,CDM,,0,2.0,2,62,57,66,62,80,74,"183cm | 6'0""",0,-,-,Real Madrid Club de Fútbol,Mali
Giuseppe Sculli,78,RF,,0,3.0,4,80,76,74,78,67,70,"177cm | 5'10""",0,-,-,Genoa,Italy
Craig Gordon,78,GK,,0,1.0,2,81,70,76,80,50,78,"193cm | 6'4""",0,-,-,Sunderland,Scotland
Roger Johnson,78,CB,,0,2.0,3,67,29,58,42,77,80,"191cm | 6'3""",0,-,-,Birmingham City,England
Stephen Warnock,78,LB,,0,2.0,3,78,46,74,66,76,71,"178cm | 5'10""",0,-,-,Aston Villa,England
Rob Green,78,GK,,0,1.0,3,81,73,78,84,50,74,"188cm | 6'2""",0,-,-,West Ham United,England
Andrea Cossu,78,CAM,,0,4.0,3,81,73,77,83,61,56,"171cm | 5'7""",0,-,-,Cagliari,Italy
Jaime Valdés,78,CAM,,0,4.0,4,74,77,75,83,61,55,"175cm | 5'9""",0,-,-,Sporting CP,Chile
Gaetano D'Agostino,78,CM,,0,3.0,3,71,77,82,76,72,63,"182cm | 6'0""",0,-,-,Fiorentina,Italy
John Mensah,78,CB,,0,2.0,4,67,44,57,48,75,76,"178cm | 5'10""",0,-,-,Sunderland,Ghana
Alexandr Kerzhakov,78,ST,,0,3.0,3,81,79,70,72,64,66,"176cm | 5'9""",0,-,-,Zenit St. Petersburg,Russia
David Albelda Aliqués,78,CDM,,0,2.0,3,62,64,70,63,77,64,"183cm | 6'0""",0,-,-,Valencia Club de Fútbol S.A.D.,Spain
Jaroslav Plašil,78,LM,,0,3.0,4,77,70,79,78,66,64,"182cm | 6'0""",0,-,-,Girondins de Bordeaux,Czech Republic
Jermaine Jones,78,CDM,,0,2.0,4,80,69,71,71,80,72,"184cm | 6'0""",0,-,-,FC Schalke 04,United States
Hugo Campagnaro,78,CB,,0,3.0,3,74,53,65,67,75,77,"181cm | 5'11""",0,-,-,Napoli,Argentina
Sulley Muntari,78,CM,,0,3.0,3,76,71,78,75,77,74,"179cm | 5'10""",0,-,-,Inter,Ghana
Lorik Cana,78,CDM,,0,2.0,3,77,53,69,63,76,80,"185cm | 6'1""",0,-,-,Galatasaray SK,Albania
Wendel Geraldo Maurício e Silva,78,LM,,0,3.0,3,76,80,79,79,72,70,"184cm | 6'0""",0,-,-,Girondins de Bordeaux,Brazil
Felipe Melo de Carvalho,78,CDM,,0,3.0,2,72,70,76,74,78,78,"183cm | 6'0""",0,-,-,Juventus,Brazil
Alexis,78,CB,,0,2.0,4,73,39,62,59,74,84,"183cm | 6'0""",0,-,-,Sevilla Fútbol Club S.A.D.,Spain
Mattia Cassani,78,RWB,,0,3.0,3,78,60,75,77,76,72,"184cm | 6'0""",0,-,-,Palermo,Italy
Marco Storari,78,GK,,0,1.0,2,79,77,73,81,45,79,"187cm | 6'2""",0,-,-,Juventus,Italy
Ludovic Obraniak,78,LM,,0,4.0,4,75,78,83,79,59,48,"174cm | 5'9""",0,-,-,LOSC Lille Métropole,Poland
Diego Tardelli,78,CF,,0,4.0,4,82,76,70,80,61,69,"179cm | 5'10""",0,-,-,Atlético Mineiro,Brazil
Kléber Giacomazzi de Souza,78,ST,,0,4.0,3,78,76,72,85,72,68,"173cm | 5'8""",0,-,-,Palmeiras,Brazil
Maxi López,78,ST,,0,3.0,4,77,78,64,75,67,74,"188cm | 6'2""",0,-,-,Catania,Argentina
Alejandro Domínguez,78,CF,,0,3.0,4,83,77,70,80,57,67,"175cm | 5'9""",0,-,-,Valencia Club de Fútbol S.A.D.,Argentina
Paulo Assunção da Silva,78,CDM,,0,2.0,3,72,48,62,69,78,67,"174cm | 5'9""",0,-,-,Club Atlético de Madrid S.A.D.,Brazil
Dimitar Ivankov,78,GK,,0,1.0,2,76,78,75,81,62,78,"187cm | 6'2""",0,-,-,Bursaspor,Bulgaria
Walter Montillo,78,CAM,,0,3.0,3,83,73,78,85,60,62,"171cm | 5'7""",0,-,-,Cruzeiro,Argentina
Pablo Zabaleta,78,RB,,0,3.0,3,73,59,74,74,78,74,"177cm | 5'10""",0,-,-,Manchester City,Argentina
Jonás Gutiérrez,78,RM,,0,3.0,3,81,71,75,84,68,63,"183cm | 6'0""",0,-,-,Newcastle United,Argentina
Leo Franco,78,GK,,0,1.0,3,80,74,79,84,51,74,"188cm | 6'2""",0,-,-,Real Zaragoza S.A.D.,Argentina
Juanfran,78,RM,,0,3.0,3,83,69,73,82,61,60,"181cm | 5'11""",0,-,-,Club Atlético Osasuna,Spain
Ariel Ibagaza,78,CAM,,0,3.0,3,74,73,81,78,57,58,"166cm | 5'5""",0,-,-,Olympiakos CFP,Argentina
Diego Castro,78,LW,,0,4.0,4,86,73,67,85,58,64,"174cm | 5'9""",0,-,-,Real Sporting de Gijón S.A.D.,Spain
Pavel Pogrebnyak,78,ST,,0,3.0,2,72,80,70,68,62,84,"188cm | 6'2""",0,-,-,VfB Stuttgart,Russia
Roman Pavlyuchenko,78,ST,,0,3.0,4,74,78,63,74,62,80,"188cm | 6'2""",0,-,-,Tottenham Hotspur,Russia
Konstantin Zyryanov,78,CM,,0,3.0,4,75,73,79,79,72,64,"176cm | 5'9""",0,-,-,Zenit St. Petersburg,Russia
Sergey Semak,78,CM,,0,3.0,4,70,74,81,74,73,64,"178cm | 5'10""",0,-,-,Zenit St. Petersburg,Russia
Valeri Bojinov,78,ST,,0,4.0,4,79,79,64,74,60,70,"178cm | 5'10""",0,-,-,Parma,Bulgaria
Konstantinos Katsouranis,78,CDM,,0,2.0,2,70,68,71,66,81,84,"183cm | 6'0""",0,-,-,Panathinaikos FC,Greece
David Bentley,78,RM,,0,4.0,3,72,76,81,82,56,50,"175cm | 5'9""",0,-,-,Tottenham Hotspur,England
Rodrigo Palacio,78,RF,,0,4.0,3,84,76,80,85,58,68,"175cm | 5'9""",0,-,-,Genoa,Argentina
Chung-Yong Lee,78,RW,,0,3.0,3,81,68,75,81,61,52,"178cm | 5'10""",0,-,-,Bolton Wanderers,Korea Republic
Guillaume Hoarau,78,ST,,0,3.0,4,73,75,64,74,68,86,"192cm | 6'4""",0,-,-,Paris Saint-Germain,France
Ricardo Oliveira,78,ST,,0,4.0,3,84,75,60,77,67,76,"183cm | 6'0""",0,-,-,São Paulo,Brazil
Benoît Assou-Ekotto,78,LB,,0,2.0,4,81,64,80,76,72,62,"178cm | 5'10""",0,-,-,Tottenham Hotspur,Cameroon
Mohamed Sissoko,78,CDM,,0,3.0,2,79,62,73,76,80,68,"187cm | 6'2""",0,-,-,Juventus,Mali
Alex Sandro da Silva,78,CB,,0,2.0,2,68,54,59,51,74,86,"192cm | 6'4""",0,-,-,São Paulo,Brazil
Aaron Hunt,78,LM,,0,3.0,4,81,75,72,80,58,68,"183cm | 6'0""",0,-,-,Werder Bremen,Germany
Mark González,78,LW,,0,4.0,4,87,81,72,77,49,62,"176cm | 5'9""",0,-,-,CSKA Moskva,Chile
Ibrahim Afellay,78,CM,,0,4.0,5,84,78,78,85,68,57,"180cm | 5'11""",0,-,-,PSV,Netherlands
Kenwyne Jones,78,ST,,0,3.0,3,81,72,52,75,66,86,"187cm | 6'2""",0,-,-,Stoke City,Trinidad &amp; Tobago
Dante,78,CB,,0,3.0,3,74,64,73,70,77,80,"188cm | 6'2""",0,-,-,Borussia M'gladbach,Brazil
Jesús Gámez Duarte,78,RB,,0,2.0,3,78,48,66,68,79,71,"182cm | 6'0""",0,-,-,Málaga Club de Fútbol S.A.D.,Spain
Ben Arfa,78,RW,,0,5.0,4,82,75,74,82,59,73,"178cm | 5'10""",0,-,-,Newcastle United,France
Johan Djourou,78,CB,,0,2.0,3,75,38,62,50,73,83,"192cm | 6'4""",0,-,-,Arsenal,Switzerland
Rolando,78,CB,,0,2.0,3,69,53,62,60,74,82,"190cm | 6'3""",0,-,-,FC Porto,Portugal
Nicolas Lombaerts,78,CB,,0,2.0,3,61,54,71,57,75,82,"188cm | 6'2""",0,-,-,Zenit St. Petersburg,Belgium
Leighton Baines,78,LB,,0,3.0,3,77,71,80,75,73,72,"170cm | 5'7""",0,-,-,Everton,England
Alexandro Silva da Souza,78,CDM,,0,2.0,3,73,66,78,71,77,76,"186cm | 6'1""",0,-,-,Olympiakos CFP,Brazil
Adriano,78,LM,,0,4.0,5,82,69,77,80,71,70,"172cm | 5'8""",0,-,-,F.C. Barcelona,Brazil
Onuoha,78,CB,,0,2.0,3,79,38,59,53,76,74,"183cm | 6'0""",0,-,-,Sunderland,England
Chinedu Obasi,78,ST,,0,4.0,3,91,72,62,84,57,68,"188cm | 6'2""",0,-,-,TSG 1899 Hoffenheim,Nigeria
Marcell Jansen,78,LM,,0,3.0,3,80,76,80,73,75,76,"191cm | 6'3""",0,-,-,Hamburger SV,Germany
Taye Ismaila Taiwo,78,LB,,0,2.0,3,84,71,77,54,80,81,"183cm | 6'0""",0,-,-,Olympique de Marseille,Nigeria
Grégory Arnolin,78,CB,,0,2.0,3,65,32,49,58,77,81,"187cm | 6'2""",0,-,-,Real Sporting de Gijón S.A.D.,France
Cameron Jerome,78,ST,,0,3.0,3,85,75,57,75,60,82,"185cm | 6'1""",0,-,-,Birmingham City,England
Fernando Gago,78,CM,,0,3.0,4,72,60,79,75,76,62,"178cm | 5'10""",0,-,-,Real Madrid Club de Fútbol,Argentina
Alexandr Bukharov,78,ST,,0,3.0,2,74,79,68,73,61,74,"193cm | 6'4""",0,-,-,Zenit St. Petersburg,Russia
Gonzalo Castro,78,RB,,0,3.0,4,79,56,77,76,72,64,"171cm | 5'7""",0,-,-,Bayer 04 Leverkusen,Germany
Simon Vukčević,78,LM,,0,5.0,3,81,80,75,78,62,76,"180cm | 5'11""",0,-,-,Sporting CP,Montenegro
Yohan Cabaye,78,CM,,0,2.0,4,76,72,75,74,76,77,"175cm | 5'9""",0,-,-,LOSC Lille Métropole,France
Anderson Luis de Abreu Oliveira,78,CM,,0,3.0,3,83,71,78,78,76,69,"176cm | 5'9""",0,-,-,Manchester United,Brazil
Asamoah Gyan,78,ST,,0,4.0,3,81,74,62,73,63,73,"180cm | 5'11""",0,-,-,Sunderland,Ghana
Ivan Rakitic,78,CM,,0,3.0,3,71,81,81,79,72,54,"184cm | 6'0""",0,-,-,FC Schalke 04,Croatia
Javad Nekounam,78,CM,,0,3.0,3,68,72,75,78,77,78,"186cm | 6'1""",0,-,-,Club Atlético Osasuna,Iran
Ryan Shawcross,78,CB,,0,2.0,3,72,39,49,46,75,82,"191cm | 6'3""",0,-,-,Stoke City,England
Giovani dos Santos,78,RW,,0,4.0,4,86,72,69,84,55,54,"171cm | 5'7""",0,-,-,Tottenham Hotspur,Mexico
Steven Defour,78,CM,,0,3.0,4,70,71,79,77,72,66,"174cm | 5'9""",0,-,-,Standard de Liège,Belgium
Fábio Coentrão,78,LWB,,0,4.0,2,83,72,79,82,74,71,"178cm | 5'10""",0,-,-,Sport Lisboa Benfica,Portugal
Sébastien Bassong,78,CB,,0,2.0,3,69,42,63,34,72,75,"187cm | 6'2""",0,-,-,Tottenham Hotspur,Cameroon
Domenico Criscito,78,LWB,,0,3.0,3,80,63,76,75,74,71,"183cm | 6'0""",0,-,-,Genoa,Italy
Sebastián Leto,78,LW,,0,4.0,2,84,70,72,83,58,59,"188cm | 6'2""",0,-,-,Panathinaikos FC,Argentina
Cristian Ansaldi,78,LWB,,0,3.0,4,83,60,72,73,77,68,"178cm | 5'10""",0,-,-,Rubin Kazan,Argentina
Kevin-Prince Boateng,78,CM,,0,4.0,4,76,74,76,81,76,80,"184cm | 6'0""",0,-,-,Milan,Ghana
Matías Fernández,78,CAM,,0,5.0,4,78,75,77,81,54,63,"176cm | 5'9""",0,-,-,Sporting CP,Chile
Wilson Palacios,78,CM,,0,2.0,4,75,69,78,77,81,78,"178cm | 5'10""",0,-,-,Tottenham Hotspur,Honduras
Alan Carlos Gomes da Costa,78,LM,,0,5.0,5,78,72,77,82,52,52,"166cm | 5'5""",0,-,-,Trabzonspor,Brazil
Lucas Leiva,78,CM,,0,3.0,3,71,68,77,75,75,74,"179cm | 5'10""",0,-,-,Liverpool,Brazil
Mevlüt Erdinç,78,ST,,0,3.0,3,79,73,69,77,65,76,"181cm | 5'11""",0,-,-,Paris Saint-Germain,Turkey
Kévin Gameiro,78,ST,,0,3.0,3,81,75,76,80,62,64,"172cm | 5'8""",0,-,-,FC Lorient Bretagne Sud,France
Mathieu Valbuena,78,CAM,,0,4.0,4,84,75,76,81,61,62,"167cm | 5'6""",0,-,-,Olympique de Marseille,France
Dieumerci Mbokani,78,ST,,0,3.0,3,78,69,65,82,65,78,"184cm | 6'0""",0,-,-,AS Monaco FC,DR Congo
Miguel Luís Pinto Veloso,78,CDM,,0,2.0,4,76,75,81,76,76,72,"180cm | 5'11""",0,-,-,Genoa,Portugal
Granero,78,CM,,0,3.0,4,71,69,83,74,72,64,"179cm | 5'10""",0,-,-,Real Madrid Club de Fútbol,Spain
Loïc Rémy,78,RF,,0,4.0,3,83,75,68,78,58,76,"184cm | 6'0""",0,-,-,Olympique de Marseille,France
Simon Kjær,78,CB,,0,2.0,3,72,49,61,61,74,82,"189cm | 6'2""",0,-,-,VfL Wolfsburg,Denmark
Benedikt Höwedes,78,CB,,0,2.0,3,72,28,60,52,74,81,"187cm | 6'2""",0,-,-,FC Schalke 04,Germany
Anthony Annan,78,CDM,,0,3.0,3,78,59,74,74,77,67,"171cm | 5'7""",0,-,-,Rosenborg BK,Ghana
Aly Cissokho,78,LB,,0,2.0,3,88,56,76,68,78,72,"181cm | 5'11""",0,-,-,Olympique Lyonnais,France
Mario Mandžukic,78,ST,,0,3.0,3,81,74,56,75,60,73,"186cm | 6'1""",0,-,-,VfL Wolfsburg,Croatia
Vedran Corluka,78,RB,,0,3.0,3,74,62,79,74,76,80,"193cm | 6'4""",0,-,-,Tottenham Hotspur,Croatia
Andrea Ranocchia,78,CB,,0,3.0,3,68,39,59,60,76,80,"195cm | 6'5""",0,-,-,Genoa,Italy
Martín Cáceres,78,CB,,0,2.0,3,77,56,72,65,73,80,"182cm | 6'0""",0,-,-,Sevilla Fútbol Club S.A.D.,Uruguay
Beto,78,GK,,0,1.0,3,79,78,75,79,40,77,"180cm | 5'11""",0,-,-,FC Porto,Portugal
Walter Gargano,78,CDM,,0,2.0,3,82,68,76,75,77,65,"168cm | 5'6""",0,-,-,Napoli,Uruguay
Neven Subotic,78,CB,,0,2.0,3,72,62,64,52,78,84,"193cm | 6'4""",0,-,-,Borussia Dortmund,Serbia
Pablo Piatti,78,LW,,0,4.0,3,87,71,66,84,49,78,"163cm | 5'4""",0,-,-,Unión Deportiva Almería S.A.D.,Argentina
Bruno,78,CM,,0,3.0,3,69,63,81,72,75,63,"179cm | 5'10""",0,-,-,Villarreal Club de Fútbol S.A.D.,Spain
Nicolás Gaitán,78,LM,,0,3.0,2,80,72,76,81,51,58,"173cm | 5'8""",0,-,-,Sport Lisboa Benfica,Argentina
Leonardo Bonucci,78,CB,,0,2.0,3,73,42,60,47,75,80,"190cm | 6'3""",0,-,-,Juventus,Italy
Onur Kivrak,78,GK,,0,1.0,1,81,73,69,84,51,76,"187cm | 6'2""",0,-,-,Trabzonspor,Turkey
Seydou Doumbia,78,ST,,0,4.0,4,90,76,54,78,61,68,"178cm | 5'10""",0,-,-,CSKA Moskva,Ivory Coast
Daniel Carriço,78,CB,,0,2.0,3,75,61,69,69,75,78,"182cm | 6'0""",0,-,-,Sporting CP,Portugal
Álvaro Domínguez Soto,78,CB,,0,2.0,3,72,36,62,53,75,76,"189cm | 6'2""",0,-,-,Club Atlético de Madrid S.A.D.,Spain
De Gea,78,GK,,0,1.0,3,78,84,84,79,51,74,"192cm | 6'4""",0,-,-,Club Atlético de Madrid S.A.D.,Spain
Maxime Gonalons,78,CDM,,0,3.0,2,79,67,75,71,78,78,"186cm | 6'1""",0,-,-,Olympique Lyonnais,France
Jesper Grønkjær,77,LM,,0,4.0,4,82,71,75,83,54,54,"187cm | 6'2""",0,-,-,FC København,Denmark
Paolo Cannavaro,77,CB,,0,2.0,3,71,48,64,66,74,78,"185cm | 6'1""",0,-,-,Napoli,Italy
Lee Bowyer,77,CM,,0,3.0,3,68,73,77,78,75,62,"175cm | 5'9""",0,-,-,Birmingham City,England
Harry Kewell,77,LW,,0,4.0,3,75,77,76,79,53,66,"180cm | 5'11""",0,-,-,Galatasaray SK,Australia
Wayne Bridge,77,LB,,0,3.0,2,69,54,78,65,74,72,"178cm | 5'10""",0,-,-,Manchester City,England
Luis Miguel Garcia Monteiro,77,RB,,0,3.0,3,85,60,72,69,78,66,"179cm | 5'10""",0,-,-,Valencia Club de Fútbol S.A.D.,Portugal
Nicola Legrottaglie,77,CB,,0,2.0,3,67,52,59,58,73,80,"185cm | 6'1""",0,-,-,Juventus,Italy
David Jarolím,77,CM,,0,3.0,4,71,60,78,78,74,68,"174cm | 5'9""",0,-,-,Hamburger SV,Czech Republic
Michael Owen,77,ST,,0,3.0,4,83,74,61,79,57,74,"173cm | 5'8""",0,-,-,Manchester United,England
Adama Coulibaly,77,CB,,0,2.0,3,64,42,59,55,76,80,"186cm | 6'1""",0,-,-,AJ Auxerre,Mali
Luca Castellazzi,77,GK,,0,1.0,2,78,77,70,79,55,79,"192cm | 6'4""",0,-,-,Inter,Italy
Kevin Davies,77,ST,,0,3.0,3,67,73,59,70,74,90,"183cm | 6'0""",0,-,-,Bolton Wanderers,England
Petter Hansson,77,CB,,0,2.0,2,64,58,64,58,73,83,"186cm | 6'1""",0,-,-,AS Monaco FC,Sweden
Cristiano Zanetti,77,CM,,0,3.0,4,61,72,79,71,74,67,"180cm | 5'11""",0,-,-,Fiorentina,Italy
Paul Robinson,77,GK,,0,1.0,2,83,70,87,83,50,69,"190cm | 6'3""",0,-,-,Blackburn Rovers,England
Juan Carlos Valerón Santana,77,CAM,,0,4.0,4,61,68,82,80,42,58,"180cm | 5'11""",0,-,-,Real Club Deportivo de La Coruña S.A.D.,Spain
Ricardo Costa,77,CB,,0,2.0,3,69,39,50,52,75,74,"183cm | 6'0""",0,-,-,Valencia Club de Fútbol S.A.D.,Portugal
Danny Murphy,77,CM,,0,3.0,3,61,74,82,66,75,65,"175cm | 5'9""",0,-,-,Fulham,England
Andreas Isaksson,77,GK,,0,1.0,2,81,71,68,80,54,78,"199cm | 6'6""",0,-,-,PSV,Sweden
Alexander Frei,77,ST,,0,3.0,4,70,81,59,73,61,74,"180cm | 5'11""",0,-,-,FC Basel 1893,Switzerland
Luca Toni,77,ST,,0,3.0,4,64,74,51,65,65,82,"194cm | 6'4""",0,-,-,Genoa,Italy
Mario Yepes,77,CB,,0,2.0,3,70,52,53,53,74,77,"187cm | 6'2""",0,-,-,Milan,Colombia
Christoph Metzelder,77,CB,,0,2.0,3,57,35,66,52,75,80,"194cm | 6'4""",0,-,-,FC Schalke 04,Germany
Ronaldo,77,ST,,0,5.0,4,60,81,72,82,53,54,"183cm | 6'0""",0,-,-,Corinthians,Brazil
Ji Sung Park,77,RM,,0,3.0,3,82,71,69,80,66,56,"175cm | 5'9""",0,-,-,Manchester United,Korea Republic
James McFadden,77,CF,,0,3.0,3,74,78,69,83,61,63,"178cm | 5'10""",0,-,-,Birmingham City,Scotland
Marco Cassetti,77,RB,,0,2.0,3,76,58,76,70,75,76,"187cm | 6'2""",0,-,-,Roma,Italy
Matteo Brighi,77,CM,,0,3.0,3,75,70,76,72,76,77,"179cm | 5'10""",0,-,-,Roma,Italy
Paul Scharner,77,CB,,0,2.0,3,69,61,66,62,76,86,"191cm | 6'3""",0,-,-,West Bromwich Albion,Austria
Christian Poulsen,77,CDM,,0,2.0,3,69,57,69,67,74,71,"182cm | 6'0""",0,-,-,Liverpool,Denmark
Renato Dirnei Florêncio,77,CM,,0,2.0,3,76,74,76,76,70,79,"177cm | 5'10""",0,-,-,Sevilla Fútbol Club S.A.D.,Brazil
Christopher Samba,77,CB,,0,2.0,2,66,47,44,42,78,86,"196cm | 6'5""",0,-,-,Blackburn Rovers,Congo
Stefano Sorrentino,77,GK,,0,1.0,3,74,75,75,81,60,79,"186cm | 6'1""",0,-,-,Chievo Verona,Italy
Matthew Etherington,77,LM,,0,3.0,2,81,70,74,81,61,55,"178cm | 5'10""",0,-,-,Stoke City,England
Heinz Müller,77,GK,,0,1.0,3,78,73,81,81,55,74,"196cm | 6'5""",0,-,-,1. FSV Mainz 05,Germany
Manuel Friedrich,77,CB,,0,2.0,3,67,43,55,44,72,84,"189cm | 6'2""",0,-,-,Bayer 04 Leverkusen,Germany
Tommaso Rocchi,77,ST,,0,3.0,3,78,79,65,83,68,71,"177cm | 5'10""",0,-,-,Lazio,Italy
David Dunn,77,CAM,,0,3.0,3,68,76,70,75,70,67,"175cm | 5'9""",0,-,-,Blackburn Rovers,England
Kevin Nolan,77,CM,,0,3.0,3,69,78,74,68,78,81,"183cm | 6'0""",0,-,-,Newcastle United,England
Massimo Maccarone,77,ST,,0,4.0,4,78,79,63,79,61,62,"180cm | 5'11""",0,-,-,Palermo,Italy
Luke Young,77,RB,,0,2.0,3,75,57,77,64,74,72,"183cm | 6'0""",0,-,-,Aston Villa,England
Cristian Daniel Ledesma,77,CM,,0,3.0,4,74,74,81,71,69,66,"180cm | 5'11""",0,-,-,Lazio,Argentina
Derek Boateng,77,CDM,,0,3.0,3,81,62,71,70,78,72,"185cm | 6'1""",0,-,-,Getafe Club de Fútbol S.A.D.,Ghana
Zoran Tošić,77,LM,,0,4.0,4,82,75,73,81,45,58,"171cm | 5'7""",0,-,-,CSKA Moskva,Serbia
David Suazo,77,ST,,0,3.0,3,89,78,59,74,63,68,"182cm | 6'0""",0,-,-,Inter,Honduras
Yakubu Ayegbeni,77,ST,,0,3.0,4,83,76,58,75,63,76,"183cm | 6'0""",0,-,-,Everton,Nigeria
Juan Pablo Colinas Ferreras,77,GK,,0,1.0,3,79,74,71,85,55,73,"187cm | 6'2""",0,-,-,Real Sporting de Gijón S.A.D.,Spain
Moisés Hurtado Pérez,77,CDM,,0,2.0,3,68,47,64,63,79,65,"185cm | 6'1""",0,-,-,Olympiakos CFP,Spain
Daniel González Güiza,77,ST,,0,3.0,4,82,75,61,75,56,72,"180cm | 5'11""",0,-,-,Fenerbahçe SK,Spain
Moyá,77,GK,,0,1.0,4,81,70,85,81,48,72,"185cm | 6'1""",0,-,-,Valencia Club de Fútbol S.A.D.,Spain
Jérémy Mathieu,77,LB,,0,2.0,3,81,60,71,64,78,66,"190cm | 6'3""",0,-,-,Valencia Club de Fútbol S.A.D.,France
Federico Balzaretti,77,LWB,,0,3.0,3,79,60,73,76,74,68,"178cm | 5'10""",0,-,-,Palermo,Italy
Manuel Almunia Rivero,77,GK,,0,1.0,3,80,76,77,82,50,69,"191cm | 6'3""",0,-,-,Arsenal,Spain
Andriy Voronin,77,CF,,0,3.0,4,74,78,64,77,62,68,"179cm | 5'10""",0,-,-,Dinamo Moskva,Ukraine
Arouna Koné,77,ST,,0,4.0,3,87,74,52,78,57,68,"182cm | 6'0""",0,-,-,Sevilla Fútbol Club S.A.D.,Ivory Coast
Giandomenico Mesto,77,RM,,0,3.0,3,82,69,75,75,78,66,"181cm | 5'11""",0,-,-,Genoa,Italy
Emmanuel Eboué,77,RM,,0,3.0,3,79,61,72,80,79,76,"178cm | 5'10""",0,-,-,Arsenal,Ivory Coast
Carlos Alberto Gomes de Jesus,77,CAM,,0,4.0,5,76,72,77,88,57,62,"178cm | 5'10""",0,-,-,Vasco da Gama,Brazil
Thomas Sørensen,77,GK,,0,1.0,3,76,77,75,80,64,78,"196cm | 6'5""",0,-,-,Stoke City,Denmark
Fábio Henrique Simplício,77,CM,,0,3.0,3,73,69,80,72,74,70,"171cm | 5'7""",0,-,-,Roma,Brazil
Julio César Baptista,77,CF,,0,3.0,4,75,79,73,80,66,71,"187cm | 6'2""",0,-,-,Roma,Brazil
Marco Amelia,77,GK,,0,1.0,2,79,78,73,82,50,75,"188cm | 6'2""",0,-,-,Milan,Italy
Fernando Menegazzo,77,CM,,0,4.0,3,71,70,78,76,77,74,"186cm | 6'1""",0,-,-,Girondins de Bordeaux,Brazil
Daniele Gastaldello,77,CB,,0,2.0,3,69,41,59,52,74,80,"185cm | 6'1""",0,-,-,Sampdoria,Italy
Luca Antonini,77,LWB,,0,3.0,3,81,60,76,74,73,70,"182cm | 6'0""",0,-,-,Milan,Italy
Danko Lazović,77,CF,,0,4.0,4,82,76,64,80,58,64,"184cm | 6'0""",0,-,-,Zenit St. Petersburg,Serbia
Michel Vorm,77,GK,,0,1.0,3,78,77,70,79,72,76,"181cm | 5'11""",0,-,-,FC Utrecht,Netherlands
Ruben Filipe Marques Amorim,77,CM,,0,3.0,3,74,71,78,75,74,70,"180cm | 5'11""",0,-,-,Sport Lisboa Benfica,Portugal
Demy de Zeeuw,77,CM,,0,3.0,3,71,75,78,74,70,63,"174cm | 5'9""",0,-,-,Ajax,Netherlands
Jean-Pascal Mignot,77,CB,,0,2.0,4,75,46,74,50,73,70,"183cm | 6'0""",0,-,-,AJ Auxerre,France
Fernando Cavenaghi,77,ST,,0,3.0,3,73,78,66,76,59,70,"181cm | 5'11""",0,-,-,Real Club Deportivo Mallorca S.A.D.,Argentina
Hugo Miguel Pereira Almeida,77,ST,,0,3.0,4,70,76,54,68,65,84,"192cm | 6'4""",0,-,-,Werder Bremen,Portugal
Oswaldo Sánchez,77,GK,,0,1.0,3,83,73,67,80,45,71,"184cm | 6'0""",0,-,-,Santos Laguna,Mexico
Anderson Corrêa Polga,77,CB,,0,2.0,3,75,60,67,62,73,74,"182cm | 6'0""",0,-,-,Sporting CP,Brazil
Antonio Mirante,77,GK,,0,1.0,2,84,79,67,77,60,74,"193cm | 6'4""",0,-,-,Parma,Italy
Emir Spahić,77,CB,,0,2.0,5,76,47,59,51,76,82,"183cm | 6'0""",0,-,-,Montpellier Hérault Sport Club,Bosnia Herzegovina
Jorge Andrés Martínez,77,RF,,0,4.0,4,79,71,74,86,67,80,"181cm | 5'11""",0,-,-,Juventus,Uruguay
Diego Colotto,77,CB,,0,2.0,5,72,59,57,60,73,82,"184cm | 6'0""",0,-,-,Real Club Deportivo de La Coruña S.A.D.,Argentina
Fernando Belluschi,77,CM,,0,5.0,3,79,74,82,81,62,65,"171cm | 5'7""",0,-,-,FC Porto,Argentina
Semih Şentürk,77,ST,,0,3.0,2,74,71,63,70,55,80,"183cm | 6'0""",0,-,-,Fenerbahçe SK,Turkey
Stipe Pletikosa,77,GK,,0,1.0,5,76,77,77,76,64,81,"193cm | 6'4""",0,-,-,Tottenham Hotspur,Croatia
Gökhan Ünal,77,ST,,0,4.0,2,78,76,65,71,60,77,"185cm | 6'1""",0,-,-,Fenerbahçe SK,Turkey
Egemen Korkmaz,77,CB,,0,2.0,3,70,48,61,50,74,74,"183cm | 6'0""",0,-,-,Trabzonspor,Turkey
Ikechukwu Uche,77,ST,,0,4.0,3,82,72,46,79,57,78,"175cm | 5'9""",0,-,-,Real Zaragoza S.A.D.,Nigeria
Ángel Lafita Castillo,77,RW,,0,3.0,3,80,73,72,80,55,58,"188cm | 6'2""",0,-,-,Real Zaragoza S.A.D.,Spain
Pedro Munitis Álvarez,77,LW,,0,3.0,4,80,71,73,82,55,62,"167cm | 5'6""",0,-,-,Real Racing Club S.A.D.,Spain
Iván Ramis,77,CB,,0,2.0,3,68,61,64,57,75,76,"182cm | 6'0""",0,-,-,Real Club Deportivo Mallorca S.A.D.,Spain
Jaime Gavilán Martínez,77,LM,,0,3.0,2,79,71,75,80,57,56,"179cm | 5'10""",0,-,-,Getafe Club de Fútbol S.A.D.,Spain
Igor Semshov,77,CM,,0,3.0,4,73,73,80,78,72,64,"170cm | 5'7""",0,-,-,Dinamo Moskva,Russia
Cristian Molinaro,77,LB,,0,2.0,2,84,62,76,74,76,72,"182cm | 6'0""",0,-,-,VfB Stuttgart,Italy
John Paintsil,77,RB,,0,3.0,4,77,60,71,67,76,70,"178cm | 5'10""",0,-,-,Fulham,Ghana
Sergio Pellissier,77,ST,,0,3.0,4,79,78,63,74,64,68,"175cm | 5'9""",0,-,-,Chievo Verona,Italy
Kevin Doyle,77,ST,,0,3.0,3,75,75,60,73,63,81,"181cm | 5'11""",0,-,-,Wolverhampton Wanderers,Republic of Ireland
Tamás Hajnal,77,CAM,,0,3.0,4,73,76,78,78,56,48,"168cm | 5'6""",0,-,-,Borussia Dortmund,Hungary
Paolo Guerrero,77,ST,,0,3.0,4,75,73,70,78,57,78,"184cm | 6'0""",0,-,-,Hamburger SV,Peru
Rio Antonio Mavuba,77,CDM,,0,3.0,3,77,58,75,72,74,70,"172cm | 5'8""",0,-,-,LOSC Lille Métropole,France
Diego de Souza Andrade,77,CAM,,0,5.0,4,72,77,75,82,70,70,"186cm | 6'1""",0,-,-,Atlético Mineiro,Brazil
Rafael Augusto Sóbis do Nascimento,77,ST,,0,5.0,4,82,74,66,80,55,68,"172cm | 5'8""",0,-,-,I. Porto Alegre,Brazil
Joseba Llorente Etxarri,77,ST,,0,3.0,3,77,74,58,67,61,84,"184cm | 6'0""",0,-,-,Real Sociedad de Fútbol S.A.D.,Spain
Luis Amaranto Perea,77,CB,,0,2.0,3,82,37,52,46,75,76,"180cm | 5'11""",0,-,-,Club Atlético de Madrid S.A.D.,Colombia
Ederson Honorato Campos,77,CAM,,0,3.0,5,76,75,72,79,62,65,"181cm | 5'11""",0,-,-,Olympique Lyonnais,Brazil
Dejan Petković,77,CAM,,0,5.0,5,60,78,78,77,53,54,"175cm | 5'9""",0,-,-,Flamengo,Serbia
Ryan Babel,77,LF,,0,4.0,3,85,73,68,85,55,64,"185cm | 6'1""",0,-,-,Liverpool,Netherlands
Scott Dann,77,CB,,0,2.0,3,66,42,58,46,77,78,"188cm | 6'2""",0,-,-,Birmingham City,England
Daniele Mannini,77,LM,,0,3.0,4,80,71,72,79,73,64,"183cm | 6'0""",0,-,-,Sampdoria,Italy
Zlatan Muslimović,77,ST,,0,3.0,4,81,75,64,71,59,74,"189cm | 6'2""",0,-,-,PAOK,Bosnia Herzegovina
Gökhan Inler,77,CM,,0,3.0,4,74,76,77,75,76,74,"183cm | 6'0""",0,-,-,Udinese,Switzerland
Bafétimbi Gomis,77,ST,,0,4.0,3,85,73,55,73,65,74,"184cm | 6'0""",0,-,-,Olympique Lyonnais,France
Raffaele Palladino,77,LF,,0,5.0,4,81,72,75,86,63,66,"182cm | 6'0""",0,-,-,Genoa,Italy
Moussa Dembélé,77,CF,,0,4.0,4,80,73,66,85,68,70,"183cm | 6'0""",0,-,-,Fulham,Belgium
Vedad Ibiševic,77,ST,,0,3.0,4,78,75,62,74,62,74,"188cm | 6'2""",0,-,-,TSG 1899 Hoffenheim,Bosnia Herzegovina
Younès Kaboul,77,CB,,0,2.0,3,73,37,57,55,76,86,"188cm | 6'2""",0,-,-,Tottenham Hotspur,France
Daniele Galloppa,77,CM,,0,3.0,4,80,71,76,76,75,62,"180cm | 5'11""",0,-,-,Parma,Italy
Curtis Davies,77,CB,,0,2.0,3,74,34,52,37,75,81,"188cm | 6'2""",0,-,-,Aston Villa,England
Rodrigo Barbosa Tabata,77,CAM,,0,4.0,4,76,73,78,80,52,54,"171cm | 5'7""",0,-,-,Beşiktaş JK,Brazil
Dennis Aogo,77,LWB,,0,3.0,3,77,63,77,75,74,72,"184cm | 6'0""",0,-,-,Hamburger SV,Germany
Jakub Blaszczykowski,77,RM,,0,3.0,2,90,66,70,81,59,50,"175cm | 5'9""",0,-,-,Borussia Dortmund,Poland
Nicolás Pareja,77,CB,,0,2.0,3,71,59,60,60,75,75,"183cm | 6'0""",0,-,-,Spartak Moskva,Argentina
Colin Kazim-Richards,77,RW,,0,4.0,3,84,69,72,80,57,63,"185cm | 6'1""",0,-,-,Fenerbahçe SK,Turkey
Michal Kadlec,77,LB,,0,3.0,2,78,65,75,74,74,74,"185cm | 6'1""",0,-,-,Bayer 04 Leverkusen,Czech Republic
Fabrice Muamba,77,CDM,,0,2.0,3,74,48,66,61,82,70,"188cm | 6'2""",0,-,-,Bolton Wanderers,England
Anthony Stokes,77,ST,,0,3.0,3,76,71,49,78,59,78,"180cm | 5'11""",0,-,-,Celtic,Republic of Ireland
Gianluca Curci,77,GK,,0,1.0,2,78,77,70,80,50,79,"191cm | 6'3""",0,-,-,Sampdoria,Italy
Salvatore Bocchetti,77,CB,,0,2.0,2,75,51,62,50,72,74,"186cm | 6'1""",0,-,-,Rubin Kazan,Italy
Hugo Rodallega,77,ST,,0,3.0,3,78,77,66,79,65,78,"181cm | 5'11""",0,-,-,Wigan Athletic,Colombia
Alberto Junior Rodríguez,77,CB,,0,2.0,3,76,46,56,58,74,76,"178cm | 5'10""",0,-,-,SC Braga,Peru
Miranda,77,CB,,0,2.0,3,75,50,63,66,74,80,"185cm | 6'1""",0,-,-,São Paulo,Brazil
Mouhamadou Dabo,77,RB,,0,2.0,3,83,55,70,69,75,73,"176cm | 5'9""",0,-,-,Sevilla Fútbol Club S.A.D.,France
Zdravko Kuzmanovic,77,CDM,,0,3.0,3,74,76,76,70,77,66,"185cm | 6'1""",0,-,-,VfB Stuttgart,Serbia
Carlos Vela,77,ST,,0,4.0,3,85,75,72,84,51,68,"178cm | 5'10""",0,-,-,Arsenal,Mexico
Matt Derbyshire,77,ST,,0,3.0,3,83,72,57,70,53,76,"177cm | 5'10""",0,-,-,Birmingham City,England
Jonny Evans,77,CB,,0,2.0,3,67,32,62,45,74,80,"188cm | 6'2""",0,-,-,Manchester United,Northern Ireland
Nílson Corrêa Júnior,77,GK,,0,1.0,2,78,74,71,78,42,75,"185cm | 6'1""",0,-,-,Vitória de Guimarães,Brazil
Rafael López Gómez,77,CB,,0,2.0,4,72,48,74,59,70,79,"183cm | 6'0""",0,-,-,Getafe Club de Fútbol S.A.D.,Spain
Álvaro Pereira,77,LB,,0,3.0,3,81,66,76,75,76,70,"180cm | 5'11""",0,-,-,FC Porto,Uruguay
Danijel Pranjić,77,LM,,0,3.0,3,80,73,78,77,66,62,"171cm | 5'7""",0,-,-,Bayern München,Croatia
Jan Vertonghen,77,CB,,0,3.0,3,70,70,76,70,76,73,"189cm | 6'2""",0,-,-,Ajax,Belgium
Sergio Romero,77,GK,,0,1.0,3,79,72,84,81,61,71,"192cm | 6'4""",0,-,-,AZ Alkmaar,Argentina
Pablo Barrera,77,RM,,0,4.0,5,83,76,72,84,64,65,"175cm | 5'9""",0,-,-,West Ham United,Mexico
Marko Pantelić,77,ST,,0,3.0,3,73,76,63,76,59,76,"183cm | 6'0""",0,-,-,Olympiakos CFP,Serbia
Humberto Suazo,77,ST,,0,3.0,4,78,78,66,78,59,61,"172cm | 5'8""",0,-,-,Monterrey,Chile
Juan Ángel Albín,77,CAM,,0,4.0,3,83,70,71,80,64,70,"179cm | 5'10""",0,-,-,Getafe Club de Fútbol S.A.D.,Uruguay
Ola Toivonen,77,CAM,,0,3.0,4,77,75,68,79,62,80,"191cm | 6'3""",0,-,-,PSV,Sweden
Serdar Tasci,77,CB,,0,2.0,4,74,41,65,60,73,80,"186cm | 6'1""",0,-,-,VfB Stuttgart,Germany
Nacho Monreal,77,LWB,,0,3.0,4,84,59,72,74,76,72,"178cm | 5'10""",0,-,-,Club Atlético Osasuna,Spain
Marco Materazzi,77,CB,,0,2.0,3,62,61,58,38,73,84,"193cm | 6'4""",0,-,-,Inter,Italy
Rui Patrício,77,GK,,0,1.0,3,74,75,79,79,37,78,"188cm | 6'2""",0,-,-,Sporting CP,Portugal
Jeremain Lens,77,RW,,0,4.0,4,86,74,61,81,58,62,"178cm | 5'10""",0,-,-,PSV,Netherlands
Pablo Osvaldo,77,ST,,0,3.0,3,76,72,55,73,63,80,"182cm | 6'0""",0,-,-,R.C.D. Espanyol de Barcelona S.A.D.,Italy
Rafael Wihby Bracali,77,GK,,0,1.0,3,76,77,73,78,63,77,"184cm | 6'0""",0,-,-,CD Nacional,Brazil
Jorge Fucile,77,RB,,0,2.0,4,79,46,71,75,76,70,"178cm | 5'10""",0,-,-,FC Porto,Uruguay
Juan Pablo Pino,77,RW,,0,3.0,4,78,72,74,81,50,58,"176cm | 5'9""",0,-,-,Galatasaray SK,Colombia
Sotiris Ninis,77,CAM,,0,3.0,3,79,73,79,79,53,60,"173cm | 5'8""",0,-,-,Panathinaikos FC,Greece
Maximiliano Pereira,77,RWB,,0,3.0,4,76,73,77,73,78,67,"173cm | 5'8""",0,-,-,Sport Lisboa Benfica,Uruguay
Timo Gebhart,77,RM,,0,4.0,3,79,71,74,80,71,68,"182cm | 6'0""",0,-,-,VfB Stuttgart,Germany
Jack Rodwell,77,CDM,,0,3.0,5,73,70,76,76,75,78,"188cm | 6'2""",0,-,-,Everton,England
Jérôme Boateng,77,CB,,0,3.0,4,76,55,74,64,74,78,"191cm | 6'3""",0,-,-,Manchester City,Germany
Gregory van der Wiel,77,RWB,,0,3.0,3,85,67,70,78,75,70,"181cm | 5'11""",0,-,-,Ajax,Netherlands
Marko Arnautovic,77,RF,,0,4.0,4,82,75,65,83,59,68,"192cm | 6'4""",0,-,-,Werder Bremen,Austria
Jonathan Biabiany,77,RW,,0,3.0,3,92,64,68,79,60,51,"177cm | 5'10""",0,-,-,Inter,France
Sebastian Giovinco,77,LF,,0,5.0,4,87,72,72,87,52,51,"164cm | 5'5""",0,-,-,Parma,Italy
Mame Diouf,77,ST,,0,3.0,3,82,69,51,76,56,79,"184cm | 6'0""",0,-,-,Blackburn Rovers,Senegal
Henrique Adriano Buss,77,CB,,0,2.0,2,74,47,54,61,72,78,"185cm | 6'1""",0,-,-,Real Racing Club S.A.D.,Brazil
Marco Reus,77,RM,,0,4.0,4,82,69,70,84,57,63,"180cm | 5'11""",0,-,-,Borussia M'gladbach,Germany
Abel Hernández,77,ST,,0,4.0,3,88,71,52,78,59,70,"185cm | 6'1""",0,-,-,Palermo,Uruguay
Susaeta,77,RM,,0,3.0,3,85,70,74,78,50,60,"179cm | 5'10""",0,-,-,Athletic Club de Bilbao,Spain
Davide Santon,77,RWB,,0,3.0,3,85,58,69,78,76,72,"187cm | 6'2""",0,-,-,Inter,Italy
Rafael,77,RWB,,0,3.0,4,81,69,77,81,76,56,"172cm | 5'8""",0,-,-,Manchester United,Brazil
Botía,77,CB,,0,2.0,4,71,52,64,57,74,80,"187cm | 6'2""",0,-,-,Real Sporting de Gijón S.A.D.,Spain
Gary Neville,76,RB,,0,2.0,3,68,39,67,49,73,72,"179cm | 5'10""",0,-,-,Manchester United,England
Sol Campbell,76,CB,,0,2.0,3,65,33,40,44,75,83,"188cm | 6'2""",0,-,-,Newcastle United,England
Ludovic Giuly,76,RF,,0,4.0,3,80,76,78,78,57,58,"164cm | 5'5""",0,-,-,Paris Saint-Germain,France
Stéphane Grichting,76,CB,,0,2.0,3,64,39,60,52,75,80,"186cm | 6'1""",0,-,-,AJ Auxerre,Switzerland
Johan Elmander,76,ST,,0,2.0,4,78,74,62,77,63,74,"188cm | 6'2""",0,-,-,Bolton Wanderers,Sweden
Emile Heskey,76,ST,,0,3.0,4,71,71,72,69,75,87,"188cm | 6'2""",0,-,-,Aston Villa,England
Gerardo Torrado,76,CDM,,0,2.0,3,74,67,71,68,77,68,"176cm | 5'9""",0,-,-,Cruz Azul,Mexico
Jaromír Blažek,76,GK,,0,1.0,3,74,75,68,78,50,77,"189cm | 6'2""",0,-,-,Sparta Praha,Czech Republic
Benjamin Nivet,76,CAM,,0,3.0,3,73,74,73,74,64,60,"178cm | 5'10""",0,-,-,Stade Malherbe Caen,France
José Filipe da Silva Moreira,76,GK,,0,1.0,2,76,78,73,75,58,77,"185cm | 6'1""",0,-,-,Sport Lisboa Benfica,Portugal
Armando Gonçalves Teixeira,76,CDM,,0,3.0,3,64,69,72,64,77,62,"176cm | 5'9""",0,-,-,1. FC Köln,Portugal
Gennaro Gattuso,76,CDM,,0,2.0,3,68,48,72,61,75,52,"177cm | 5'10""",0,-,-,Milan,Italy
Jérôme Leroy,76,RW,,0,3.0,4,68,69,80,76,60,66,"185cm | 6'1""",0,-,-,Stade Rennais FC,France
Gianluca Zambrotta,76,RWB,,0,3.0,5,79,65,79,78,77,70,"181cm | 5'11""",0,-,-,Milan,Italy
Rémi Vercoutre,76,GK,,0,1.0,2,75,78,77,82,51,77,"185cm | 6'1""",0,-,-,Olympique Lyonnais,France
Mikael Silvestre,76,CB,,0,2.0,2,74,46,71,61,73,81,"183cm | 6'0""",0,-,-,Werder Bremen,France
Stephen Carr,76,RB,,0,3.0,3,69,56,68,70,77,64,"175cm | 5'9""",0,-,-,Birmingham City,Republic of Ireland
Dario Dainelli,76,CB,,0,2.0,2,66,46,54,51,74,80,"191cm | 6'3""",0,-,-,Genoa,Italy
Jean-Alain Boumsong,76,CB,,0,2.0,3,72,48,62,47,75,78,"190cm | 6'3""",0,-,-,Panathinaikos FC,France
Manuel Pablo García Díaz,76,RB,,0,3.0,3,75,52,76,56,74,53,"176cm | 5'9""",0,-,-,Real Club Deportivo de La Coruña S.A.D.,Spain
El-Hadji Diouf,76,RW,,0,4.0,4,80,77,64,84,61,62,"182cm | 6'0""",0,-,-,Blackburn Rovers,Senegal
Chris Kirkland,76,GK,,0,1.0,3,79,75,79,77,50,72,"191cm | 6'3""",0,-,-,Wigan Athletic,England
Juan Pablo Ángel,76,ST,,0,4.0,4,71,76,52,75,61,80,"184cm | 6'0""",0,-,-,New York Red Bulls,Colombia
Ivica Dragutinović,76,CB,,0,2.0,3,66,58,70,57,72,72,"186cm | 6'1""",0,-,-,Sevilla Fútbol Club S.A.D.,Serbia
Pedro Miguel da Silva Mendes,76,CDM,,0,4.0,3,71,78,81,78,74,70,"177cm | 5'10""",0,-,-,Sporting CP,Portugal
Rodrigo Tello,76,LM,,0,3.0,3,72,71,79,77,57,50,"167cm | 5'6""",0,-,-,Eskişehirspor,Chile
Leonardo de Deus Santos,76,LB,,0,3.0,2,77,69,80,78,73,68,"176cm | 5'9""",0,-,-,Borussia Dortmund,Brazil
Sylvain Distin,76,CB,,0,2.0,3,70,37,54,40,76,83,"192cm | 6'4""",0,-,-,Everton,France
Tim Borowski,76,CM,,0,2.0,5,68,77,74,68,77,80,"194cm | 6'4""",0,-,-,Werder Bremen,Germany
Antonio Floro Flores,76,ST,,0,3.0,3,80,74,66,77,63,80,"182cm | 6'0""",0,-,-,Udinese,Italy
Per Krøldrup,76,CB,,0,2.0,2,69,48,60,44,74,79,"194cm | 6'4""",0,-,-,Fiorentina,Denmark
Sylvain Armand,76,LB,,0,2.0,3,76,66,77,73,74,72,"182cm | 6'0""",0,-,-,Paris Saint-Germain,France
Walter Pandiani,76,ST,,0,3.0,3,72,73,58,69,66,85,"184cm | 6'0""",0,-,-,Club Atlético Osasuna,Uruguay
Emiliano Moretti,76,LB,,0,2.0,3,76,49,64,57,75,78,"183cm | 6'0""",0,-,-,Genoa,Italy
Raphael Schäfer,76,GK,,0,1.0,3,81,71,64,82,31,73,"190cm | 6'3""",0,-,-,1. FC Nürnberg,Germany
Fabricio Coloccini,76,CB,,0,2.0,3,64,56,74,66,72,76,"183cm | 6'0""",0,-,-,Newcastle United,Argentina
Derek Riordan,76,CF,,0,3.0,4,84,76,63,80,53,52,"180cm | 5'11""",0,-,-,Hibernian,Scotland
Kris Boyd,76,ST,,0,3.0,3,75,73,52,66,60,84,"183cm | 6'0""",0,-,-,Middlesbrough,Scotland
Jermaine Jenas,76,CM,,0,3.0,3,77,79,76,74,74,71,"181cm | 5'11""",0,-,-,Tottenham Hotspur,England
Thomas Kahlenberg,76,CAM,,0,3.0,4,75,73,78,75,63,63,"183cm | 6'0""",0,-,-,VfL Wolfsburg,Denmark
Mauro Cetto,76,CB,,0,2.0,4,67,42,57,52,74,78,"182cm | 6'0""",0,-,-,Toulouse FC,Argentina
Cristian Zaccardo,76,RB,,0,2.0,4,76,63,67,66,75,80,"182cm | 6'0""",0,-,-,Parma,Italy
Karim Ziani,76,RM,,0,3.0,3,79,71,75,79,54,66,"169cm | 5'7""",0,-,-,VfL Wolfsburg,Algeria
Thomas Hitzlsperger,76,CDM,,0,2.0,3,67,76,75,66,76,72,"184cm | 6'0""",0,-,-,West Ham United,Germany
Ioannis Amanatidis,76,ST,,0,3.0,3,75,73,56,72,61,80,"181cm | 5'11""",0,-,-,Eintracht Frankfurt,Greece
Florent Sinama-Pongolle,76,ST,,0,4.0,3,84,75,66,78,53,64,"176cm | 5'9""",0,-,-,Real Zaragoza S.A.D.,France
Zat Knight,76,CB,,0,2.0,1,69,40,61,48,73,90,"198cm | 6'6""",0,-,-,Bolton Wanderers,England
Kalu Uche,76,CF,,0,3.0,4,84,71,61,77,69,90,"179cm | 5'10""",0,-,-,Unión Deportiva Almería S.A.D.,Nigeria
Mohamadou Idrissou,76,ST,,0,3.0,3,77,72,67,76,69,79,"190cm | 6'3""",0,-,-,Borussia M'gladbach,Cameroon
Fernando Navarro Corbacho,76,LB,,0,2.0,3,76,55,75,72,72,68,"178cm | 5'10""",0,-,-,Sevilla Fútbol Club S.A.D.,Spain
Steffen Hofmann,76,RM,,0,3.0,3,74,73,75,78,67,62,"173cm | 5'8""",0,-,-,SK Rapid Wien,Germany
Abdoulaye Faye,76,CB,,0,2.0,3,69,37,47,45,75,80,"187cm | 6'2""",0,-,-,Stoke City,Senegal
Sergio Bernardo Almirón,76,CM,,0,3.0,3,69,75,80,73,68,57,"176cm | 5'9""",0,-,-,Bari,Argentina
Daniel Braaten,76,RM,,0,4.0,3,83,71,73,85,61,61,"184cm | 6'0""",0,-,-,Toulouse FC,Norway
Jean-François Gillet,76,GK,,0,1.0,3,78,65,80,80,57,75,"181cm | 5'11""",0,-,-,Bari,Belgium
Patrick Owomoyela,76,RB,,0,2.0,3,73,59,76,74,75,81,"187cm | 6'2""",0,-,-,Borussia Dortmund,Germany
Daniele Conti,76,CDM,,0,3.0,3,74,73,81,74,73,68,"178cm | 5'10""",0,-,-,Cagliari,Italy
Cesare Bovo,76,CB,,0,2.0,3,72,56,65,55,73,76,"181cm | 5'11""",0,-,-,Palermo,Italy
Yohann Pelé,76,GK,,0,1.0,3,77,73,70,86,51,71,"196cm | 6'5""",0,-,-,Toulouse FC,France
Hamit Altintop,76,RM,,0,3.0,3,78,79,77,75,73,64,"183cm | 6'0""",0,-,-,Bayern München,Turkey
Halil Altintop,76,CF,,0,3.0,4,79,74,61,75,59,78,"186cm | 6'1""",0,-,-,Eintracht Frankfurt,Turkey
Reto Ziegler,76,LWB,,0,3.0,3,76,68,76,73,73,71,"183cm | 6'0""",0,-,-,Sampdoria,Switzerland
Albert Crusat Domene,76,LW,,0,3.0,2,91,64,58,78,54,48,"165cm | 5'5""",0,-,-,Unión Deportiva Almería S.A.D.,Spain
Javier Garrido Behobide,76,LB,,0,3.0,3,76,66,79,67,73,66,"180cm | 5'11""",0,-,-,Lazio,Spain
Sascha Riether,76,RB,,0,2.0,3,81,58,74,72,70,68,"174cm | 5'9""",0,-,-,VfL Wolfsburg,Germany
Achille Emana,76,CAM,,0,3.0,3,81,73,72,75,80,74,"180cm | 5'11""",0,-,-,Real Betis Balompié S.A.D. ,Cameroon
Sergey Ignashevich,76,CB,,0,2.0,4,66,65,64,58,75,80,"190cm | 6'3""",0,-,-,CSKA Moskva,Russia
Antonio López Guerrero,76,LB,,0,2.0,3,80,57,71,64,75,66,"175cm | 5'9""",0,-,-,Club Atlético de Madrid S.A.D.,Spain
Fabrice Abriel,76,CM,,0,3.0,4,77,75,77,78,74,68,"176cm | 5'9""",0,-,-,Olympique de Marseille,France
Paulo Renato Rebocho Ferreira,76,RB,,0,2.0,4,71,39,71,65,72,74,"183cm | 6'0""",0,-,-,Chelsea,Portugal
Evaeverson Lemos da Silva,76,ST,,0,2.0,3,75,72,60,69,68,89,"189cm | 6'2""",0,-,-,Olympique de Marseille,Brazil
Steven Whittaker,76,RB,,0,2.0,4,85,61,70,78,76,74,"185cm | 6'1""",0,-,-,Rangers,Scotland
Logan Bailly,76,GK,,0,1.0,4,80,65,80,83,59,71,"189cm | 6'2""",0,-,-,Borussia M'gladbach,Belgium
Franco Semioli,76,RW,,0,4.0,4,78,72,69,81,61,61,"178cm | 5'10""",0,-,-,Sampdoria,Italy
Mario Santana,76,RM,,0,4.0,3,77,69,72,83,64,62,"180cm | 5'11""",0,-,-,Fiorentina,Argentina
Mehmet Topuz,76,CAM,,0,4.0,3,79,77,75,76,62,62,"183cm | 6'0""",0,-,-,Fenerbahçe SK,Turkey
Hakan Arıkan,76,GK,,0,1.0,2,75,71,69,82,46,77,"192cm | 6'4""",0,-,-,Beşiktaş JK,Turkey
Angel Domingo López Ruano,76,RWB,,0,2.0,3,82,66,72,72,75,66,"180cm | 5'11""",0,-,-,Villarreal Club de Fútbol S.A.D.,Spain
Deivid de Souza,76,RF,,0,4.0,2,75,78,74,73,54,74,"180cm | 5'11""",0,-,-,Flamengo,Brazil
Paulo César F. do Nascimenento,76,CM,,0,3.0,4,76,64,75,75,75,71,"170cm | 5'7""",0,-,-,I. Porto Alegre,Brazil
Zoltán Gera,76,RM,,0,4.0,4,73,77,75,79,60,70,"183cm | 6'0""",0,-,-,Fulham,Hungary
Luis Antonio Jiménez,76,CAM,,0,4.0,4,77,71,76,82,58,58,"183cm | 6'0""",0,-,-,A.C. Cesena,Chile
Alessandro Rosina,76,CAM,,0,4.0,4,83,74,73,78,65,62,"168cm | 5'6""",0,-,-,Zenit St. Petersburg,Italy
Ricardo Pozzi Rodrigues,76,CAM,,0,4.0,3,65,71,84,77,62,57,"176cm | 5'9""",0,-,-,Atlético Mineiro,Brazil
Benjani Mwaruwari,76,ST,,0,3.0,3,79,71,58,78,62,82,"188cm | 6'2""",0,-,-,Blackburn Rovers,Zimbabwe
Nigel Reo-Coker,76,CM,,0,2.0,3,81,67,73,74,81,69,"175cm | 5'9""",0,-,-,Aston Villa,England
Matteo Contini,76,CB,,0,2.0,3,72,43,47,54,70,76,"184cm | 6'0""",0,-,-,Real Zaragoza S.A.D.,Italy
Sebastián Battaglia,76,CM,,0,4.0,3,77,63,78,74,69,74,"180cm | 5'11""",0,-,-,Boca Juniors,Argentina
Alan Hutton,76,RB,,0,2.0,3,77,46,70,74,76,73,"185cm | 6'1""",0,-,-,Tottenham Hotspur,Scotland
Fabian Guedes,76,CB,,0,2.0,3,76,47,62,62,73,70,"185cm | 6'1""",0,-,-,I. Porto Alegre,Brazil
Antonio Naelson Matías,76,CAM,,0,3.0,4,72,71,75,73,63,63,"164cm | 5'5""",0,-,-,Toluca,Mexico
Vicente Sánchez,76,LF,,0,4.0,4,81,73,71,80,55,70,"170cm | 5'7""",0,-,-,América,Uruguay
César Delgado,76,RF,,0,3.0,4,85,74,74,80,60,70,"174cm | 5'9""",0,-,-,Olympique Lyonnais,Argentina
Christian Maicon Hening,76,CB,,0,2.0,3,67,44,62,57,72,74,"185cm | 6'1""",0,-,-,Eintracht Frankfurt,Brazil
Kenan Hasagić,76,GK,,0,1.0,2,78,74,78,81,55,70,"191cm | 6'3""",0,-,-,İstanbul  BB,Bosnia Herzegovina
Gonzalo Rodríguez,76,CB,,0,2.0,3,70,48,60,47,74,78,"182cm | 6'0""",0,-,-,Villarreal Club de Fútbol S.A.D.,Argentina
Jesús Dátolo,76,LW,,0,4.0,2,77,70,75,82,56,56,"177cm | 5'10""",0,-,-,R.C.D. Espanyol de Barcelona S.A.D.,Argentina
Ismael Blanco,76,ST,,0,3.0,3,75,72,63,79,55,81,"179cm | 5'10""",0,-,-,AEK Athens,Argentina
Ernesto Farías,76,ST,,0,3.0,4,74,72,65,72,62,82,"177cm | 5'10""",0,-,-,Cruzeiro,Argentina
Gökdeniz Karadeniz,76,RM,,0,4.0,4,81,70,72,81,67,54,"169cm | 5'7""",0,-,-,Rubin Kazan,Turkey
Fatih Tekke,76,ST,,0,4.0,4,79,75,74,74,64,68,"178cm | 5'10""",0,-,-,Beşiktaş JK,Turkey
Necati Ateş,76,CF,,0,3.0,3,77,74,70,75,59,74,"182cm | 6'0""",0,-,-,Medical Park Antalyaspor,Turkey
Raffael,76,CF,,0,4.0,4,80,72,70,80,59,72,"174cm | 5'9""",0,-,-,Hertha BSC,Brazil
Bruno Saltor,76,RB,,0,2.0,3,75,43,74,65,76,64,"181cm | 5'11""",0,-,-,Valencia Club de Fútbol S.A.D.,Spain
Ángel Dealbert Ibáñez,76,CB,,0,2.0,3,71,45,57,49,74,77,"185cm | 6'1""",0,-,-,Valencia Club de Fútbol S.A.D.,Spain
Xabier Prieto Argarate,76,RM,,0,3.0,3,69,69,76,80,53,57,"185cm | 6'1""",0,-,-,Real Sociedad de Fútbol S.A.D.,Spain
Jordi Codina Rodríguez,76,GK,,0,1.0,3,77,72,76,84,68,75,"184cm | 6'0""",0,-,-,Getafe Club de Fútbol S.A.D.,Spain
Iván Sánchez-Rico Soto,76,CF,,0,3.0,3,84,73,69,78,58,74,"187cm | 6'2""",0,-,-,Real Club Deportivo de La Coruña S.A.D.,Spain
Manu Del Moral,76,CF,,0,3.0,4,81,76,63,75,52,68,"186cm | 6'1""",0,-,-,Getafe Club de Fútbol S.A.D.,Spain
Miguel Flaño,76,CB,,0,2.0,3,75,57,63,57,71,79,"177cm | 5'10""",0,-,-,Club Atlético Osasuna,Spain
Joan Verdú González,76,CAM,,0,3.0,3,71,71,78,78,59,59,"176cm | 5'9""",0,-,-,R.C.D. Espanyol de Barcelona S.A.D.,Spain
Juan Antonio Rodriguez V.,76,CM,,0,3.0,3,74,73,75,76,74,74,"185cm | 6'1""",0,-,-,Real Club Deportivo de La Coruña S.A.D.,Spain
Diniyar Bilyaletdinov,76,LM,,0,3.0,4,72,82,79,77,57,68,"185cm | 6'1""",0,-,-,Everton,Russia
Igor Denisov,76,CDM,,0,3.0,3,83,70,75,76,75,62,"176cm | 5'9""",0,-,-,Zenit St. Petersburg,Russia
Ciprian Marica,76,ST,,0,3.0,3,81,72,70,76,57,74,"185cm | 6'1""",0,-,-,VfB Stuttgart,Romania
Vasiliy Berezutskiy,76,CB,,0,2.0,3,61,43,61,55,75,79,"190cm | 6'3""",0,-,-,CSKA Moskva,Russia
João Pedro da Silva Pereira,76,RWB,,0,2.0,3,83,66,78,77,76,65,"172cm | 5'8""",0,-,-,Sporting CP,Portugal
Giuseppe Mascara,76,CF,,0,4.0,4,78,78,76,80,61,70,"175cm | 5'9""",0,-,-,Catania,Italy
Nikos Liberopoulos,76,ST,,0,3.0,3,70,77,64,70,66,76,"186cm | 6'1""",0,-,-,AEK Athens,Greece
Theofanis Gekas,76,ST,,0,3.0,3,82,73,56,73,56,71,"179cm | 5'10""",0,-,-,Eintracht Frankfurt,Greece
Evangelos Mantzios,76,ST,,0,,3,79,72,67,71,58,80,"191cm | 6'3""",0,-,-,C. Funchal,Greece
Sébastien Puygrenier,76,CB,,0,2.0,3,63,48,50,52,73,79,"187cm | 6'2""",0,-,-,AS Monaco FC,France
Bobô,76,ST,,0,3.0,3,71,72,66,70,57,78,"186cm | 6'1""",0,-,-,Beşiktaş JK,Brazil
Jussiê Ferreira Vieira,76,RM,,0,3.0,3,78,74,75,79,57,67,"180cm | 5'11""",0,-,-,Girondins de Bordeaux,Brazil
Hilton,76,CB,,0,2.0,4,69,48,71,68,71,82,"182cm | 6'0""",0,-,-,Olympique de Marseille,Brazil
Marcel Schäfer,76,LWB,,0,3.0,3,77,72,78,73,75,68,"182cm | 6'0""",0,-,-,VfL Wolfsburg,Germany
Michael Bradley,76,CM,,0,3.0,4,76,71,76,71,76,68,"186cm | 6'1""",0,-,-,Borussia M'gladbach,United States
Francisco Rodríguez,76,CB,,0,3.0,4,73,42,56,65,77,79,"191cm | 6'3""",0,-,-,PSV,Mexico
Andreas Granqvist,76,CB,,0,3.0,4,69,62,63,68,75,80,"192cm | 6'4""",0,-,-,FC Groningen,Sweden
Sejad Salihovic,76,LM,,0,3.0,2,66,80,82,74,68,54,"182cm | 6'0""",0,-,-,TSG 1899 Hoffenheim,Bosnia Herzegovina
Manuel Fernandes,76,CM,,0,3.0,4,80,69,72,77,77,65,"175cm | 5'9""",0,-,-,Valencia Club de Fútbol S.A.D.,Portugal
Leon Osman,76,CM,,0,3.0,3,74,75,72,82,69,66,"173cm | 5'8""",0,-,-,Everton,England
Lucas Biglia,76,CM,,0,3.0,4,60,64,76,77,71,58,"178cm | 5'10""",0,-,-,RSC Anderlecht,Argentina
Sergey Kornilenko,76,ST,,0,3.0,2,72,75,57,65,64,79,"183cm | 6'0""",0,-,-,Rubin Kazan,Belarus
Humberlito Borges Teixeira,76,ST,,0,3.0,3,77,73,61,75,60,78,"176cm | 5'9""",0,-,-,Grêmio,Brazil
Valon Behrami,76,RM,,0,3.0,4,71,74,72,77,75,72,"185cm | 6'1""",0,-,-,West Ham United,Switzerland
Edgar Álvarez,76,RW,,0,3.0,2,90,58,69,78,63,55,"171cm | 5'7""",0,-,-,Bari,Honduras
Rafik Zoheir Djebbour,76,ST,,0,3.0,4,80,72,56,78,55,76,"185cm | 6'1""",0,-,-,AEK Athens,Algeria
Tiberio Guarente,76,CM,,0,3.0,3,72,73,80,71,72,59,"180cm | 5'11""",0,-,-,Sevilla Fútbol Club S.A.D.,Italy
Liam Ridgewell,76,CB,,0,2.0,3,68,44,59,36,75,83,"188cm | 6'2""",0,-,-,Birmingham City,England
Emanuel Villa,76,ST,,0,3.0,3,72,76,65,67,62,84,"180cm | 5'11""",0,-,-,Cruz Azul,Argentina
Andrea Lazzari,76,CAM,,0,4.0,4,77,74,76,79,66,65,"184cm | 6'0""",0,-,-,Cagliari,Italy
Youssef Mohamad,76,CB,,0,2.0,3,70,37,46,32,74,76,"182cm | 6'0""",0,-,-,1. FC Köln,Lebanon
André Gonçalves Dias,76,CB,,0,2.0,2,70,49,62,45,75,78,"184cm | 6'0""",0,-,-,Lazio,Brazil
Brad Guzan,76,GK,,0,1.0,3,80,75,75,80,50,72,"193cm | 6'4""",0,-,-,Aston Villa,United States
Steven Fletcher,76,ST,,0,2.0,4,79,67,58,79,57,63,"185cm | 6'1""",0,-,-,Wolverhampton Wanderers,Scotland
Stefan Radu,76,CB,,0,2.0,3,73,45,59,47,75,76,"183cm | 6'0""",0,-,-,Lazio,Romania
Joe Ledley,76,CM,,0,3.0,2,74,68,80,81,75,58,"183cm | 6'0""",0,-,-,Celtic,Wales
Laurent Koscielny,76,CB,,0,2.0,4,70,42,65,50,71,80,"186cm | 6'1""",0,-,-,Arsenal,France
Chu Young Park,76,ST,,0,3.0,4,86,73,65,76,60,70,"182cm | 6'0""",0,-,-,AS Monaco FC,Korea Republic
Alan Kasaev,76,RM,,0,4.0,4,82,67,74,79,60,58,"173cm | 5'8""",0,-,-,Rubin Kazan,Russia
Ignazio Abate,76,RM,,0,3.0,3,90,67,70,77,70,64,"180cm | 5'11""",0,-,-,Milan,Italy
Emiliano Viviano,76,GK,,0,1.0,2,80,75,78,78,25,75,"195cm | 6'5""",0,-,-,Bologna,Italy
Hedwiges Maduro,76,CB,,0,2.0,3,63,57,66,57,75,72,"185cm | 6'1""",0,-,-,Valencia Club de Fútbol S.A.D.,Netherlands
Ron Vlaar,76,CB,,0,2.0,3,66,60,65,54,76,76,"190cm | 6'3""",0,-,-,Feyenoord,Netherlands
Fredy Guarín,76,CM,,0,3.0,4,76,78,75,74,75,74,"184cm | 6'0""",0,-,-,FC Porto,Colombia
Lee Cattermole,76,CM,,0,3.0,4,73,69,78,70,79,68,"178cm | 5'10""",0,-,-,Sunderland,England
Urby Emanuelson,76,LW,,0,4.0,3,83,72,68,81,61,48,"176cm | 5'9""",0,-,-,Ajax,Netherlands
José Manuel Jiménez Ortiz,76,LWB,,0,2.0,2,83,64,72,75,74,62,"175cm | 5'9""",0,-,-,Getafe Club de Fútbol S.A.D.,Spain
Mario Suárez,76,CM,,0,3.0,3,71,68,75,75,73,68,"189cm | 6'2""",0,-,-,Club Atlético de Madrid S.A.D.,Spain
Marco Motta,76,RWB,,0,3.0,3,78,65,76,70,76,73,"186cm | 6'1""",0,-,-,Juventus,Italy
Daniel Sturridge,76,ST,,0,3.0,4,83,72,48,77,60,75,"188cm | 6'2""",0,-,-,Chelsea,England
Boubacar Sanogo,76,ST,,0,3.0,4,80,73,59,71,61,78,"188cm | 6'2""",0,-,-,A.S. Saint-Etienne,Ivory Coast
Gonzalo Bergessio,76,ST,,0,4.0,3,73,75,63,71,57,68,"180cm | 5'11""",0,-,-,A.S. Saint-Etienne,Argentina
Sokratis,76,CB,,0,2.0,3,72,51,64,57,73,76,"183cm | 6'0""",0,-,-,Milan,Greece
Luca Cigarini,76,CM,,0,3.0,4,71,72,80,75,68,60,"175cm | 5'9""",0,-,-,Sevilla Fútbol Club S.A.D.,Italy
Davide Astori,76,CB,,0,2.0,3,70,30,60,39,74,78,"188cm | 6'2""",0,-,-,Cagliari,Italy
Miguel Ángel De las Cuevas B.,76,CAM,,0,3.0,4,78,75,73,81,59,49,"175cm | 5'9""",0,-,-,Real Sporting de Gijón S.A.D.,Spain
Miguel Marcos Madera,76,CDM,,0,3.0,4,71,66,77,71,76,66,"183cm | 6'0""",0,-,-,Birmingham City,Spain
Mariano Andújar,76,GK,,0,1.0,3,75,80,70,77,51,78,"194cm | 6'4""",0,-,-,Catania,Argentina
Filip Hološko,76,CF,,0,3.0,3,87,72,69,76,54,78,"185cm | 6'1""",0,-,-,Beşiktaş JK,Slovakia
Dries Mertens,76,LM,,0,4.0,5,81,72,71,78,55,46,"169cm | 5'7""",0,-,-,FC Utrecht,Belgium
Milivoje Novakovič,76,ST,,0,3.0,4,74,74,61,72,59,72,"192cm | 6'4""",0,-,-,1. FC Köln,Slovenia
Jozy Altidore,76,ST,,0,3.0,4,78,75,61,74,66,78,"186cm | 6'1""",0,-,-,Villarreal Club de Fútbol S.A.D.,United States
David Ospina,76,GK,,0,1.0,3,80,77,76,80,38,75,"183cm | 6'0""",0,-,-,OGC Nice,Colombia
Andreas Beck,76,RB,,0,3.0,4,82,43,76,75,73,70,"180cm | 5'11""",0,-,-,TSG 1899 Hoffenheim,Germany
Renan Brito Soares,76,GK,,0,1.0,3,80,80,78,75,41,72,"187cm | 6'2""",0,-,-,I. Porto Alegre,Brazil
Felipe Augusto Santana,76,CB,,0,2.0,3,77,55,61,55,74,82,"194cm | 6'4""",0,-,-,Borussia Dortmund,Brazil
Yannick Djaló,76,CF,,0,3.0,4,86,73,72,76,59,73,"171cm | 5'7""",0,-,-,Sporting CP,Portugal
Tomáš Zápotočný,76,CB,,0,2.0,3,73,50,62,56,73,76,"181cm | 5'11""",0,-,-,Beşiktaş JK,Czech Republic
Alessandro Matri,76,ST,,0,3.0,3,75,74,53,72,63,80,"183cm | 6'0""",0,-,-,Cagliari,Italy
Jonathan De Guzmán,76,RM,,0,4.0,4,79,77,72,78,59,62,"173cm | 5'8""",0,-,-,Real Club Deportivo Mallorca S.A.D.,Netherlands
Weligton Robson Pena de Oliveira,76,CB,,0,2.0,3,74,39,53,56,76,64,"186cm | 6'1""",0,-,-,Málaga Club de Fútbol S.A.D.,Brazil
Júlio César Jacobi,76,GK,,0,1.0,2,75,74,76,78,56,77,"191cm | 6'3""",0,-,-,Sport Lisboa Benfica,Brazil
Stefano Guberti,76,LW,,0,3.0,3,76,73,71,81,65,66,"180cm | 5'11""",0,-,-,Sampdoria,Italy
Gabriel Obertan,76,RW,,0,5.0,4,83,60,70,79,58,51,"186cm | 6'1""",0,-,-,Manchester United,France
Etienne Capoue,76,CDM,,0,2.0,2,72,45,76,68,76,68,"189cm | 6'2""",0,-,-,Toulouse FC,France
Boško Janković,76,CAM,,0,4.0,4,77,74,76,79,65,66,"183cm | 6'0""",0,-,-,Genoa,Serbia
Sergio Asenjo,76,GK,,0,1.0,3,82,74,68,80,56,73,"189cm | 6'2""",0,-,-,Club Atlético de Madrid S.A.D.,Spain
Charles Kaboré,76,CDM,,0,2.0,3,74,58,76,61,75,74,"181cm | 5'11""",0,-,-,Olympique de Marseille,Burkina Faso
Georginio Wijnaldum,76,RW,,0,4.0,4,83,68,67,85,57,57,"172cm | 5'8""",0,-,-,Feyenoord,Netherlands
Michael Johnson,76,CM,,0,3.0,3,72,68,71,68,75,76,"183cm | 6'0""",0,-,-,Manchester City,England
Marc Albrighton,76,RM,,0,3.0,2,83,65,70,80,48,42,"175cm | 5'9""",0,-,-,Aston Villa,England
Mamadou Sakho,76,CB,,0,2.0,3,74,35,65,48,72,74,"187cm | 6'2""",0,-,-,Paris Saint-Germain,France
Moussa Sissoko,76,CM,,0,2.0,2,79,70,74,74,79,72,"187cm | 6'2""",0,-,-,Toulouse FC,France
Isaac Vorsah,76,CB,,0,2.0,3,78,41,67,52,74,76,"192cm | 6'4""",0,-,-,TSG 1899 Hoffenheim,Ghana
Fabian Delph,76,CM,,0,3.0,4,85,74,73,76,70,55,"176cm | 5'9""",0,-,-,Aston Villa,England
Antonio Galdeano Benítez,76,CM,,0,3.0,3,74,71,78,70,74,63,"173cm | 5'8""",0,-,-,Málaga Club de Fútbol S.A.D.,Spain
Konstantinos Mitroglou,76,ST,,0,2.0,3,71,73,61,78,60,75,"188cm | 6'2""",0,-,-,Olympiakos CFP,Greece
Roberto,76,GK,,0,1.0,2,82,71,77,78,58,73,"192cm | 6'4""",0,-,-,Sport Lisboa Benfica,Spain
Mohammed Abdellaoue,76,ST,,0,4.0,4,77,74,59,76,62,70,"184cm | 6'0""",0,-,-,Hannover 96,Norway
Nathan Delfouneso,76,ST,,0,4.0,4,85,70,50,79,54,70,"186cm | 6'1""",0,-,-,Aston Villa,England
Sofiane Feghouli,76,CAM,,0,3.0,4,83,73,70,78,61,60,"178cm | 5'10""",0,-,-,Valencia Club de Fútbol S.A.D.,France
Davide Lanzafame,76,RF,,0,4.0,4,85,72,69,81,63,61,"180cm | 5'11""",0,-,-,Juventus,Italy
José Callejón,76,CF,,0,2.0,2,88,74,61,76,49,66,"178cm | 5'10""",0,-,-,R.C.D. Espanyol de Barcelona S.A.D.,Spain
Luiz Gustavo,76,CDM,,0,2.0,3,76,49,72,74,74,74,"187cm | 6'2""",0,-,-,TSG 1899 Hoffenheim,Brazil
Kieran Gibbs,76,LWB,,0,3.0,1,81,64,78,73,72,66,"178cm | 5'10""",0,-,-,Arsenal,England
Miroslav Stoch,76,LW,,0,4.0,4,85,72,67,79,57,34,"168cm | 5'6""",0,-,-,Fenerbahçe SK,Slovakia
Aaron Ramsey,76,CM,,0,3.0,4,76,74,80,75,70,60,"178cm | 5'10""",0,-,-,Arsenal,Wales
Gojko Kačar,76,CM,,0,3.0,5,74,70,75,73,75,84,"183cm | 6'0""",0,-,-,Hamburger SV,Serbia
Kwadwo Asamoah,76,CM,,0,3.0,3,79,71,74,73,77,73,"178cm | 5'10""",0,-,-,Udinese,Ghana
Mauricio Isla,76,CDM,,0,2.0,3,79,60,75,73,76,64,"177cm | 5'10""",0,-,-,Udinese,Chile
Airton Ribeiro Santos,76,CDM,,0,2.0,2,72,62,69,69,76,74,"180cm | 5'11""",0,-,-,Sport Lisboa Benfica,Brazil
Robert Lewandowski,76,ST,,0,3.0,4,79,73,52,75,59,74,"184cm | 6'0""",0,-,-,Borussia Dortmund,Poland
Walter Henrique da Silva,76,ST,,0,3.0,3,75,77,59,72,61,72,"178cm | 5'10""",0,-,-,FC Porto,Brazil
Jordi Alba,76,LW,,0,3.0,3,85,66,72,75,66,52,"170cm | 5'7""",0,-,-,Valencia Club de Fútbol S.A.D.,Spain
Parejo,76,CM,,0,3.0,4,72,70,75,73,70,64,"180cm | 5'11""",0,-,-,Getafe Club de Fútbol S.A.D.,Spain
Vladimir Weiss,76,RW,,0,4.0,3,84,65,72,80,52,60,"176cm | 5'9""",0,-,-,Rangers,Slovakia
Chris Smalling,76,CB,,0,2.0,3,74,40,62,41,73,82,"192cm | 6'4""",0,-,-,Manchester United,England
Canales,76,CAM,,0,4.0,4,75,69,72,84,49,48,"176cm | 5'9""",0,-,-,Real Madrid Club de Fútbol,Spain
Maicon,76,CB,,0,2.0,3,73,37,57,61,72,79,"191cm | 6'3""",0,-,-,FC Porto,Brazil
Hernán Bernardello,76,CDM,,0,3.0,3,69,65,72,73,75,62,"174cm | 5'9""",0,-,-,Unión Deportiva Almería S.A.D.,Argentina
Holger Badstuber,76,CB,,0,2.0,3,66,55,64,50,75,78,"189cm | 6'2""",0,-,-,Bayern München,Germany
Dejan Lovren,76,CB,,0,2.0,4,77,36,57,37,74,80,"190cm | 6'3""",0,-,-,Olympique Lyonnais,Croatia
James Rodríguez,76,LF,,0,4.0,4,79,73,71,78,59,66,"180cm | 5'11""",0,-,-,FC Porto,Colombia
Luis García Fernández,75,ST,,0,3.0,3,83,78,67,80,57,66,"177cm | 5'10""",0,-,-,R.C.D. Espanyol de Barcelona S.A.D.,Spain
Felipe Dal Bello,75,CB,,0,2.0,3,70,47,62,56,71,76,"178cm | 5'10""",0,-,-,Fiorentina,Brazil
Roberto Carlos,75,LB,,0,4.0,2,79,73,76,74,75,53,"168cm | 5'6""",0,-,-,Corinthians,Brazil
Jérôme Rothen,75,LW,,0,3.0,2,71,71,76,78,61,53,"177cm | 5'10""",0,-,-,Paris Saint-Germain,France
Carlo Cudicini,75,GK,,0,1.0,2,74,79,69,77,42,76,"185cm | 6'1""",0,-,-,Tottenham Hotspur,Italy
Filippo Inzaghi,75,ST,,0,3.0,3,70,74,54,66,54,76,"181cm | 5'11""",0,-,-,Milan,Italy
Erik Nevland,75,ST,,0,3.0,4,78,71,52,77,59,77,"177cm | 5'10""",0,-,-,Viking FK,Norway
Brett Emerton,75,RM,,0,3.0,2,78,65,75,72,78,76,"185cm | 6'1""",0,-,-,Blackburn Rovers,Australia
Zoumana Camara,75,CB,,0,2.0,3,68,39,55,65,69,76,"182cm | 6'0""",0,-,-,Paris Saint-Germain,France
Marama Vahirua,75,CF,,0,3.0,3,76,74,71,78,58,54,"172cm | 5'8""",0,-,-,A.S. Nancy Lorraine,France
Nuno Miguel Soares Ribeiro,75,CF,,0,3.0,2,72,73,74,72,65,80,"181cm | 5'11""",0,-,-,Sport Lisboa Benfica,Portugal
Edouard Cissé,75,CDM,,0,2.0,3,76,64,68,65,75,76,"186cm | 6'1""",0,-,-,Olympique de Marseille,France
Bruno Cirillo,75,CB,,0,2.0,3,67,51,63,51,72,74,"187cm | 6'2""",0,-,-,PAOK,Italy
Eidur Gudjohnsen,75,CF,,0,3.0,4,66,75,69,77,62,74,"185cm | 6'1""",0,-,-,Stoke City,Iceland
Aldo Duscher,75,CDM,,0,2.0,3,68,65,65,67,78,62,"174cm | 5'9""",0,-,-,R.C.D. Espanyol de Barcelona S.A.D.,Argentina
Alexander Manninger,75,GK,,0,1.0,2,77,74,70,79,40,74,"189cm | 6'2""",0,-,-,Juventus,Austria
Aitor Ocio Carrión,75,CB,,0,2.0,3,59,47,63,58,73,72,"187cm | 6'2""",0,-,-,Athletic Club de Bilbao,Spain
Orlando Engelaar,75,CM,,0,3.0,3,59,73,75,72,75,72,"196cm | 6'5""",0,-,-,PSV,Netherlands
Danijel Ljuboja,75,ST,,0,3.0,5,74,73,64,74,56,70,"187cm | 6'2""",0,-,-,OGC Nice,Serbia
César González Navas,75,CB,,0,2.0,3,67,42,57,46,72,83,"194cm | 6'4""",0,-,-,Rubin Kazan,Spain
Emanuel Pogatetz,75,CB,,0,2.0,2,68,43,55,49,75,74,"189cm | 6'2""",0,-,-,Hannover 96,Austria
Pablo Orbaiz Lesaka,75,CDM,,0,2.0,3,69,64,80,63,74,52,"179cm | 5'10""",0,-,-,Athletic Club de Bilbao,Spain
Vedran Runje,75,GK,,0,1.0,2,79,72,66,80,68,72,"184cm | 6'0""",0,-,-,Racing Club de Lens,Croatia
Aaron Hughes,75,CB,,0,2.0,3,71,37,56,54,71,75,"183cm | 6'0""",0,-,-,Fulham,Northern Ireland
Theo Janssen,75,CM,,0,3.0,4,65,75,82,73,69,62,"180cm | 5'11""",0,-,-,FC Twente,Netherlands
Nicolas Penneteau,75,GK,,0,1.0,3,75,73,79,79,33,77,"185cm | 6'1""",0,-,-,Valenciennes FC,France
Paulo César Silva Peixoto,75,LM,,0,3.0,3,73,70,77,74,72,72,"184cm | 6'0""",0,-,-,Sport Lisboa Benfica,Portugal
Nuno Ricardo de Oliveira Ribeiro,75,CM,,0,3.0,4,61,74,80,75,68,62,"173cm | 5'8""",0,-,-,Sporting CP,Portugal
Juliano Haus Belletti,75,RB,,0,2.0,3,77,68,76,71,71,70,"179cm | 5'10""",0,-,-,Fluminense,Brazil
Fábio Aurélio Rodrígues,75,LWB,,0,3.0,2,70,67,80,69,71,66,"173cm | 5'8""",0,-,-,Liverpool,Brazil
Joseph Yobo,75,CB,,0,3.0,3,81,46,58,70,72,84,"188cm | 6'2""",0,-,-,Fenerbahçe SK,Nigeria
Carlos Bocanegra,75,CB,,0,2.0,4,68,45,62,58,72,81,"183cm | 6'0""",0,-,-,A.S. Saint-Etienne,United States
Andreas Ivanschitz,75,CAM,,0,3.0,3,70,77,75,72,56,56,"184cm | 6'0""",0,-,-,1. FSV Mainz 05,Austria
Gary Caldwell,75,CB,,0,2.0,3,64,28,67,61,75,80,"180cm | 5'11""",0,-,-,Wigan Athletic,Scotland
Igor Gabilondo del Campo,75,LM,,0,3.0,3,74,73,79,72,57,58,"185cm | 6'1""",0,-,-,Athletic Club de Bilbao,Spain
Dwayne De Rosario,75,CAM,,0,4.0,4,80,76,71,73,66,65,"175cm | 5'9""",0,-,-,Toronto FC,Canada
Andreas Hinkel,75,RB,,0,3.0,3,72,43,71,74,75,69,"183cm | 6'0""",0,-,-,Celtic,Germany
Asier Del Horno Cosgaya,75,LB,,0,2.0,4,76,63,69,71,72,78,"183cm | 6'0""",0,-,-,Levante Unión Deportiva S.A.D.,Spain
Hanno Balitsch,75,CDM,,0,2.0,4,68,60,70,61,74,70,"183cm | 6'0""",0,-,-,Bayer 04 Leverkusen,Germany
Grégory Tafforeau,75,LB,,0,2.0,3,74,60,72,71,73,73,"175cm | 5'9""",0,-,-,Stade Malherbe Caen,France
Hugo Miguel Ferreira Viana,75,CM,,0,3.0,3,73,72,78,73,71,65,"178cm | 5'10""",0,-,-,SC Braga,Portugal
Julián Speroni,75,GK,,0,1.0,3,78,72,70,78,58,72,"186cm | 6'1""",0,-,-,Crystal Palace,Argentina
Ariza Makukula,75,ST,,0,3.0,3,69,73,49,68,64,83,"192cm | 6'4""",0,-,-,Manisaspor,Portugal
Etienne Didot,75,CM,,0,2.0,4,71,66,77,68,72,67,"175cm | 5'9""",0,-,-,Toulouse FC,France
Frédéric Piquionne,75,ST,,0,3.0,4,73,72,59,69,61,81,"188cm | 6'2""",0,-,-,West Ham United,France
Andrea Dossena,75,LWB,,0,3.0,2,77,69,72,74,74,66,"180cm | 5'11""",0,-,-,Napoli,Italy
Papa Bouba Diop,75,CDM,,0,2.0,2,69,73,67,56,78,88,"194cm | 6'4""",0,-,-,AEK Athens,Senegal
Maik Franz,75,CB,,0,2.0,3,70,46,51,34,73,79,"190cm | 6'3""",0,-,-,Eintracht Frankfurt,Germany
Julio Álvarez Mosquera,75,RM,,0,3.0,4,74,74,79,76,56,62,"180cm | 5'11""",0,-,-,Club Deportivo Tenerife S.A.D.,Spain
Stefano Mauri,75,CAM,,0,3.0,4,76,70,80,77,68,70,"184cm | 6'0""",0,-,-,Lazio,Italy
Paul Konchesky,75,LB,,0,2.0,2,79,55,73,58,75,74,"178cm | 5'10""",0,-,-,Liverpool,England
Mark Bresciano,75,CM,,0,3.0,3,75,72,79,76,71,62,"182cm | 6'0""",0,-,-,Lazio,Australia
Anthony Le Tallec,75,CF,,0,4.0,3,75,74,70,75,58,76,"184cm | 6'0""",0,-,-,AJ Auxerre,France
Florent Balmont,75,CM,,0,3.0,3,75,70,78,76,70,52,"168cm | 5'6""",0,-,-,LOSC Lille Métropole,France
John Utaka,75,CF,,0,4.0,3,85,72,63,79,59,76,"180cm | 5'11""",0,-,-,Portsmouth,Nigeria
Javier Camuñas Gallego,75,CAM,,0,3.0,3,78,69,66,80,57,66,"173cm | 5'8""",0,-,-,Club Atlético Osasuna,Spain
Marcus Hahnemann,75,GK,,0,1.0,3,74,69,75,80,48,77,"191cm | 6'3""",0,-,-,Wolverhampton Wanderers,United States
Matt Taylor,75,LM,,0,3.0,4,71,84,77,73,69,72,"178cm | 5'10""",0,-,-,Bolton Wanderers,England
Alexander Madlung,75,CB,,0,2.0,2,60,51,56,25,74,82,"193cm | 6'4""",0,-,-,VfL Wolfsburg,Germany
Dickson Etuhu,75,CDM,,0,3.0,3,72,55,64,64,78,80,"188cm | 6'2""",0,-,-,Fulham,Nigeria
Tomasz Kuszczak,75,GK,,0,1.0,2,78,73,62,81,50,73,"190cm | 6'3""",0,-,-,Manchester United,Poland
Fahid Ben Khalfallah,75,RM,,0,3.0,4,75,64,74,77,52,57,"174cm | 5'9""",0,-,-,Girondins de Bordeaux,Tunisia
Stephan Lichtsteiner,75,RWB,,0,2.0,3,77,48,68,67,75,77,"183cm | 6'0""",0,-,-,Lazio,Switzerland
Peter Løvenkrands,75,LF,,0,3.0,3,88,70,71,72,58,66,"180cm | 5'11""",0,-,-,Newcastle United,Denmark
Rubén González Rocha,75,CB,,0,2.0,3,66,38,62,45,72,78,"187cm | 6'2""",0,-,-,Real Club Deportivo Mallorca S.A.D.,Spain
Borja Fernández,75,CDM,,0,2.0,3,66,68,76,58,73,77,"188cm | 6'2""",0,-,-,Getafe Club de Fútbol S.A.D.,Spain
Oguchi Onyewu,75,CB,,0,2.0,2,61,45,55,44,73,80,"195cm | 6'5""",0,-,-,Milan,United States
Josep Lluis Martí Soler,75,CM,,0,3.0,4,62,71,78,68,72,69,"180cm | 5'11""",0,-,-,Real Club Deportivo Mallorca S.A.D.,Spain
Gonzalo Colsa Albendea,75,CDM,,0,2.0,4,61,67,69,63,78,71,"185cm | 6'1""",0,-,-,Real Racing Club S.A.D.,Spain
Rubén Suárez Estrada,75,CAM,,0,3.0,4,72,76,75,76,59,64,"167cm | 5'6""",0,-,-,Levante Unión Deportiva S.A.D.,Spain
Juán Francisco Martínez Modesto,75,ST,,0,3.0,4,80,76,58,74,60,66,"169cm | 5'7""",0,-,-,Club Deportivo Tenerife S.A.D.,Spain
Olivier Sorin,75,GK,,0,1.0,3,76,80,74,72,65,78,"188cm | 6'2""",0,-,-,AJ Auxerre,France
Jérémie Janot,75,GK,,0,1.0,3,77,72,66,78,51,76,"176cm | 5'9""",0,-,-,A.S. Saint-Etienne,France
Alexander Meier,75,CAM,,0,3.0,2,70,75,72,70,72,76,"196cm | 6'5""",0,-,-,Eintracht Frankfurt,Germany
Nelson Haedo Valdez,75,ST,,0,3.0,4,81,71,65,74,65,84,"178cm | 5'10""",0,-,-,Hércules Club de Fútbol S.A.D.,Paraguay
Ariel Ortega,75,CAM,,0,4.0,4,68,78,74,74,59,72,"170cm | 5'7""",0,-,-,River Plate,Argentina
Sabri Sarıoğlu,75,RWB,,0,2.0,2,87,65,73,78,73,58,"170cm | 5'7""",0,-,-,Galatasaray SK,Turkey
Mohamed Adama Sarr,75,CB,,0,2.0,3,72,45,53,44,74,74,"186cm | 6'1""",0,-,-,Hércules Club de Fútbol S.A.D.,Senegal
Roberto Hilbert,75,RM,,0,4.0,3,82,60,73,79,54,64,"182cm | 6'0""",0,-,-,Beşiktaş JK,Germany
Steve Sidwell,75,CM,,0,3.0,3,72,72,77,69,73,64,"178cm | 5'10""",0,-,-,Aston Villa,England
Donieber Alexander Marangão,75,GK,,0,1.0,3,75,73,70,80,50,75,"194cm | 6'4""",0,-,-,Roma,Brazil
Dagoberto Pelentier,75,RF,,0,5.0,3,83,73,68,84,59,68,"175cm | 5'9""",0,-,-,São Paulo,Brazil
Rodrigo José Galatto,75,GK,,0,1.0,4,77,68,82,75,43,81,"193cm | 6'4""",0,-,-,Málaga Club de Fútbol S.A.D.,Brazil
Gilberto da Silva Melo,75,CAM,,0,3.0,3,72,70,76,78,73,66,"180cm | 5'11""",0,-,-,Cruzeiro,Brazil
Gabriel Tamaş,75,CB,,0,2.0,3,62,62,58,54,72,77,"188cm | 6'2""",0,-,-,West Bromwich Albion,Romania
Daniel da Silva Carvalho,75,CAM,,0,4.0,4,74,74,77,81,63,68,"180cm | 5'11""",0,-,-,Atlético Mineiro,Brazil
Ricardo López Felipe,75,GK,,0,1.0,3,78,73,76,71,50,79,"187cm | 6'2""",0,-,-,Club Atlético Osasuna,Spain
Alberto Rivera Pizarro,75,CM,,0,3.0,4,76,64,78,75,63,66,"170cm | 5'7""",0,-,-,Real Sporting de Gijón S.A.D.,Spain
Bogdan Lobont,75,GK,,0,1.0,3,76,74,72,79,50,75,"185cm | 6'1""",0,-,-,Roma,Romania
Szabolcs Huszti,75,LM,,0,4.0,4,77,74,73,79,65,60,"173cm | 5'8""",0,-,-,Zenit St. Petersburg,Hungary
Stijn Schaars,75,CDM,,0,3.0,4,68,65,80,69,73,65,"177cm | 5'10""",0,-,-,AZ Alkmaar,Netherlands
Pasquale Foggia,75,RM,,0,4.0,4,84,60,67,83,57,47,"167cm | 5'6""",0,-,-,Lazio,Italy
Houssine Kharja,75,CAM,,0,3.0,3,76,71,74,79,63,64,"181cm | 5'11""",0,-,-,Genoa,Morocco
Robert Huth,75,CB,,0,2.0,3,64,47,52,38,74,80,"191cm | 6'3""",0,-,-,Stoke City,Germany
Michael Turner,75,CB,,0,2.0,3,61,35,44,40,71,82,"193cm | 6'4""",0,-,-,Sunderland,England
Pietro Accardi,75,CB,,0,2.0,3,75,47,62,62,71,74,"182cm | 6'0""",0,-,-,Sampdoria,Italy
Leonardo Ponzio,75,CDM,,0,2.0,3,74,62,64,67,74,58,"178cm | 5'10""",0,-,-,Real Zaragoza S.A.D.,Argentina
Luis Michel,75,GK,,0,1.0,3,76,71,72,78,49,76,"178cm | 5'10""",0,-,-,Guadalajara,Mexico
Carlos Salcido,75,LWB,,0,3.0,4,77,54,72,76,72,78,"176cm | 5'9""",0,-,-,Fulham,Mexico
Dmitriy Sychev,75,ST,,0,4.0,3,79,74,72,75,60,68,"176cm | 5'9""",0,-,-,Lokomotiv Moskva,Russia
Jô,75,ST,,0,4.0,3,82,72,60,80,54,75,"189cm | 6'2""",0,-,-,Manchester City,Brazil
Pierre Achille Webó,75,ST,,0,3.0,3,76,73,52,70,62,77,"180cm | 5'11""",0,-,-,Real Club Deportivo Mallorca S.A.D.,Cameroon
Daniel Ludueña,75,CAM,,0,4.0,3,75,78,75,77,59,56,"175cm | 5'9""",0,-,-,Santos Laguna,Mexico
Mariano González,75,RM,,0,3.0,4,76,71,72,75,65,64,"175cm | 5'9""",0,-,-,FC Porto,Argentina
Franco Costanzo,75,GK,,0,1.0,3,78,67,73,83,54,71,"187cm | 6'2""",0,-,-,FC Basel 1893,Argentina
Guillermo Barros Schelotto,75,CF,,0,4.0,4,67,75,82,80,59,59,"171cm | 5'7""",0,-,-,Columbus Crew,Argentina
José Sosa,75,RM,,0,3.0,4,76,68,72,78,52,53,"179cm | 5'10""",0,-,-,Napoli,Argentina
Mauricio Romero,75,CB,,0,2.0,3,71,56,62,63,75,78,"184cm | 6'0""",0,-,-,Monarcas Morelia,Argentina
Tuncay Şanli,75,CF,,0,4.0,3,73,74,68,78,60,72,"182cm | 6'0""",0,-,-,Stoke City,Turkey
Uğur Boral,75,LM,,0,4.0,3,89,59,71,76,69,56,"178cm | 5'10""",0,-,-,Fenerbahçe SK,Turkey
Gökhan Gönül,75,RWB,,0,3.0,3,86,57,70,80,72,62,"174cm | 5'9""",0,-,-,Fenerbahçe SK,Turkey
Faryd Mondragón,75,GK,,0,1.0,2,70,75,66,75,44,81,"191cm | 6'3""",0,-,-,1. FC Köln,Colombia
José Fernando Marqués Martín,75,RM,,0,4.0,4,81,66,70,79,51,44,"177cm | 5'10""",0,-,-,Parma,Spain
Miguel Ángel García Pérez-Roldán,75,CAM,,0,3.0,4,72,69,81,77,54,52,"175cm | 5'9""",0,-,-,Unión Deportiva Almería S.A.D.,Spain
Raúl Bravo Sanfélix,75,LB,,0,2.0,2,74,47,66,61,71,69,"176cm | 5'9""",0,-,-,Olympiakos CFP,Spain
Daniel Jensen,75,CM,,0,3.0,4,69,72,78,75,68,65,"179cm | 5'10""",0,-,-,Werder Bremen,Denmark
Denis Kolodin,75,CB,,0,2.0,4,68,75,66,59,72,72,"185cm | 6'1""",0,-,-,Dinamo Moskva,Russia
Alexey Berezutskiy,75,RB,,0,2.0,4,72,51,68,61,74,81,"190cm | 6'3""",0,-,-,CSKA Moskva,Russia
Henning Hauger,75,CDM,,0,3.0,4,74,60,68,59,75,67,"179cm | 5'10""",0,-,-,Stabæk Fotball,Norway
Marco Rossi,75,CM,,0,3.0,3,74,67,77,75,71,64,"179cm | 5'10""",0,-,-,Genoa,Italy
Fabio Bilica Alves da Silva,75,CB,,0,2.0,2,64,44,57,41,74,74,"187cm | 6'2""",0,-,-,Fenerbahçe SK,Brazil
Francelino Da Silva,75,CM,,0,3.0,4,73,71,77,76,70,58,"175cm | 5'9""",0,-,-,Lazio,Brazil
Alexandros Tzorvas,75,GK,,0,1.0,3,76,69,68,81,68,74,"188cm | 6'2""",0,-,-,Panathinaikos FC,Greece
Christian Pander,75,LWB,,0,2.0,2,75,75,78,72,74,68,"186cm | 6'1""",0,-,-,FC Schalke 04,Germany
Florian Fromlowitz,75,GK,,0,1.0,3,78,70,72,82,51,69,"185cm | 6'1""",0,-,-,Hannover 96,Germany
Patrick Ochs,75,RWB,,0,2.0,3,76,52,76,62,73,69,"179cm | 5'10""",0,-,-,Eintracht Frankfurt,Germany
Robert Koren,75,CAM,,0,4.0,3,73,74,77,74,74,64,"175cm | 5'9""",0,-,-,Hull City,Slovenia
Mark Noble,75,CM,,0,3.0,3,66,69,77,70,69,59,"180cm | 5'11""",0,-,-,West Ham United,England
Per Ciljan Skjelbred,75,CAM,,0,4.0,4,78,67,74,78,71,60,"175cm | 5'9""",0,-,-,Rosenborg BK,Norway
Arnold Mvuemba,75,CDM,,0,2.0,3,76,64,74,71,74,71,"172cm | 5'8""",0,-,-,FC Lorient Bretagne Sud,France
Federico Insúa,75,CAM,,0,4.0,5,74,74,75,74,61,68,"179cm | 5'10""",0,-,-,Bursaspor,Argentina
Márton Fülöp,75,GK,,0,1.0,4,79,65,67,82,53,71,"198cm | 6'6""",0,-,-,Ipswich Town,Hungary
Scott McDonald,75,ST,,0,4.0,3,80,73,54,74,63,72,"173cm | 5'8""",0,-,-,Middlesbrough,Australia
Damián Álvarez,75,LM,,0,4.0,4,82,71,70,78,58,44,"165cm | 5'5""",0,-,-,Tigres U.A.N.L.,Argentina
Modeste M'Bami,75,CDM,,0,2.0,3,72,48,64,68,78,69,"172cm | 5'8""",0,-,-,Unión Deportiva Almería S.A.D.,Cameroon
José de Jesús Corona,75,GK,,0,1.0,3,75,74,73,78,47,75,"184cm | 6'0""",0,-,-,Cruz Azul,Mexico
Koffi Romaric N'Dri,75,CM,,0,3.0,3,69,75,81,77,68,71,"187cm | 6'2""",0,-,-,Sevilla Fútbol Club S.A.D.,Ivory Coast
Yoan Gouffran,75,RF,,0,3.0,3,80,72,75,75,65,70,"175cm | 5'9""",0,-,-,Girondins de Bordeaux,France
Juan Arango,75,LM,,0,3.0,3,73,75,77,76,50,46,"180cm | 5'11""",0,-,-,Borussia M'gladbach,Venezuela
Cícero Santos,75,CM,,0,3.0,3,74,70,75,76,66,84,"181cm | 5'11""",0,-,-,VfL Wolfsburg,Brazil
Antonio Nocerino,75,CDM,,0,2.0,3,77,69,74,72,77,65,"175cm | 5'9""",0,-,-,Palermo,Italy
Ángel Javier Arizmendi de Lucas,75,ST,,0,3.0,3,80,71,65,74,64,76,"189cm | 6'2""",0,-,-,Getafe Club de Fútbol S.A.D.,Spain
Sylvain Marveaux,75,LM,,0,3.0,3,75,72,77,75,62,58,"172cm | 5'8""",0,-,-,Stade Rennais FC,France
Ashkan Dejagah,75,RM,,0,4.0,4,81,69,71,79,58,59,"181cm | 5'11""",0,-,-,VfL Wolfsburg,Germany
Iván De la Peña López,75,CAM,,0,3.0,4,62,71,86,72,60,42,"171cm | 5'7""",0,-,-,R.C.D. Espanyol de Barcelona S.A.D.,Spain
Mohamed Tchité,75,ST,,0,3.0,4,86,71,54,67,59,76,"176cm | 5'9""",0,-,-,Standard de Liège,Rwanda
Scott Carson,75,GK,,0,1.0,3,80,72,75,85,42,62,"189cm | 6'2""",0,-,-,West Bromwich Albion,England
Tulio Vinicius Froés de Melo,75,ST,,0,3.0,4,74,72,61,70,60,83,"193cm | 6'4""",0,-,-,LOSC Lille Métropole,Brazil
Steven Taylor,75,CB,,0,2.0,3,69,37,55,44,72,74,"188cm | 6'2""",0,-,-,Newcastle United,England
Romuald Peiser,75,GK,,0,1.0,2,76,75,69,77,52,74,"187cm | 6'2""",0,-,-,Académica Coimbra,France
Diego Pérez,75,CDM,,0,2.0,3,64,52,70,62,73,74,"177cm | 5'10""",0,-,-,Bologna,Uruguay
Samir Handanovic,75,GK,,0,1.0,2,73,75,74,79,50,77,"193cm | 6'4""",0,-,-,Udinese,Slovenia
Francisco Farinós Zapata,75,CM,,0,3.0,4,64,71,80,69,69,55,"172cm | 5'8""",0,-,-,Hércules Club de Fútbol S.A.D.,Spain
Daniel Congré,75,CB,,0,2.0,3,64,27,63,34,73,77,"184cm | 6'0""",0,-,-,Toulouse FC,France
Alexis Thebaux,75,GK,,0,1.0,3,77,72,71,80,65,76,"185cm | 6'1""",0,-,-,Stade Malherbe Caen,France
Weldon Santos de Andrade,75,ST,,0,3.0,4,82,71,67,75,59,78,"183cm | 6'0""",0,-,-,Sport Lisboa Benfica,Brazil
Caio César Alves dos Santos,75,CAM,,0,3.0,4,71,72,73,75,58,65,"186cm | 6'1""",0,-,-,Eintracht Frankfurt,Brazil
André Clarindo dos Santos,75,LWB,,0,3.0,3,79,74,79,80,74,60,"179cm | 5'10""",0,-,-,Fenerbahçe SK,Brazil
Thiago Ribeiro Cardoso,75,CF,,0,4.0,3,83,74,68,76,59,72,"185cm | 6'1""",0,-,-,Cruzeiro,Brazil
Mohammed Fellah,75,CAM,,0,4.0,4,71,69,70,79,62,45,"166cm | 5'5""",0,-,-,Vålerenga Fotball,Norway
Hakan Balta,75,LB,,0,3.0,3,75,65,73,72,73,70,"184cm | 6'0""",0,-,-,Galatasaray SK,Turkey
Jan Polák,75,CDM,,0,3.0,4,76,69,73,69,75,69,"181cm | 5'11""",0,-,-,RSC Anderlecht,Czech Republic
Cristian Llama,75,LM,,0,4.0,3,76,74,73,77,67,63,"179cm | 5'10""",0,-,-,Catania,Argentina
Oscar Ustari,75,GK,,0,1.0,3,80,67,77,81,55,68,"184cm | 6'0""",0,-,-,Getafe Club de Fútbol S.A.D.,Argentina
Nikola Žigić,75,ST,,0,3.0,3,68,70,53,73,65,86,"202cm | 6'8""",0,-,-,Birmingham City,Serbia
Yuriy Zhevnov,75,GK,,0,1.0,3,78,75,76,72,48,77,"183cm | 6'0""",0,-,-,Zenit St. Petersburg,Belarus
Roman Shirokov,75,CM,,0,3.0,3,80,66,76,72,74,64,"187cm | 6'2""",0,-,-,Zenit St. Petersburg,Russia
Juan Pablo Carrizo,75,GK,,0,1.0,2,80,76,74,76,57,70,"187cm | 6'2""",0,-,-,River Plate,Argentina
Maicosuel Reginaldo de Matos,75,CAM,,0,4.0,4,84,68,71,84,50,62,"178cm | 5'10""",0,-,-,Botafogo,Brazil
Santiago Acasiete,75,CB,,0,2.0,3,70,43,60,60,71,78,"182cm | 6'0""",0,-,-,Unión Deportiva Almería S.A.D.,Peru
David Lafata,75,ST,,0,3.0,3,77,72,60,78,55,73,"180cm | 5'11""",0,-,-,FK Baumit Jablonec,Czech Republic
Darron Gibson,75,CM,,0,2.0,4,74,71,78,70,74,68,"183cm | 6'0""",0,-,-,Manchester United,Republic of Ireland
Jamie O'Hara,75,CM,,0,3.0,2,70,70,79,73,74,60,"180cm | 5'11""",0,-,-,Tottenham Hotspur,England
Roy Beerens,75,RW,,0,4.0,5,84,69,61,78,51,48,"173cm | 5'8""",0,-,-,sc Heerenveen,Netherlands
Marvin Compper,75,CB,,0,2.0,3,71,40,66,57,73,78,"185cm | 6'1""",0,-,-,TSG 1899 Hoffenheim,Germany
Andrew Driver,75,LW,,0,4.0,3,88,67,68,79,61,43,"175cm | 5'9""",0,-,-,Heart of Midlothian,Scotland
Blaise Matuidi,75,CDM,,0,2.0,4,77,64,76,74,74,73,"175cm | 5'9""",0,-,-,A.S. Saint-Etienne,France
Alfaro,75,CAM,,0,3.0,3,72,76,75,71,61,72,"173cm | 5'8""",0,-,-,Sevilla Fútbol Club S.A.D.,Spain
Graham Dorrans,75,CM,,0,3.0,3,74,74,75,78,68,67,"175cm | 5'9""",0,-,-,West Bromwich Albion,Scotland
Raúl García,75,CM,,0,2.0,3,72,71,72,69,74,70,"183cm | 6'0""",0,-,-,Club Atlético de Madrid S.A.D.,Spain
Henrique Sereno Fonseca,75,CB,,0,2.0,3,73,43,59,56,70,75,"185cm | 6'1""",0,-,-,FC Porto,Portugal
Erik Huseklepp,75,CF,,0,4.0,3,85,70,68,78,60,60,"186cm | 6'1""",0,-,-,SK Brann,Norway
Maynard,75,ST,,0,3.0,3,80,78,59,70,56,68,"180cm | 5'11""",0,-,-,Bristol City,England
Antonio Candreva,75,CAM,,0,4.0,4,73,75,75,75,67,68,"180cm | 5'11""",0,-,-,Parma,Italy
Héctor Moreno,75,CB,,0,2.0,4,76,46,61,64,70,78,"182cm | 6'0""",0,-,-,AZ Alkmaar,Mexico
Claudio Bravo,75,GK,,0,1.0,2,77,68,86,80,57,71,"184cm | 6'0""",0,-,-,Real Sociedad de Fútbol S.A.D.,Chile
Hélder Barbosa,75,LW,,0,4.0,3,80,69,68,78,52,62,"172cm | 5'8""",0,-,-,SC Braga,Portugal
Bruno Alexandre Marques Pereirinha,75,RM,,0,3.0,3,80,68,75,74,69,66,"173cm | 5'8""",0,-,-,Vitória de Guimarães,Portugal
Juan Camilo Zúñiga,75,RWB,,0,3.0,2,83,66,74,81,70,60,"172cm | 5'8""",0,-,-,Napoli,Colombia
André Ayew,75,LW,,0,3.0,3,78,65,70,76,58,62,"176cm | 5'9""",0,-,-,Olympique de Marseille,Ghana
Julian Viáfara,75,GK,,0,1.0,2,75,77,69,73,35,78,"186cm | 6'1""",0,-,-,Salvador,Colombia
Adrián Ramos,75,ST,,0,3.0,3,82,69,50,73,57,74,"185cm | 6'1""",0,-,-,Hertha BSC,Colombia
McDonald Mariga,75,CM,,0,3.0,3,75,65,74,71,75,76,"187cm | 6'2""",0,-,-,Inter,Kenya
Christian Benítez,75,CF,,0,4.0,4,90,69,65,75,56,71,"168cm | 5'6""",0,-,-,Santos Laguna,Ecuador
Piet Velthuizen,75,GK,,0,1.0,3,78,73,62,83,67,68,"189cm | 6'2""",0,-,-,Hércules Club de Fútbol S.A.D.,Netherlands
Dimitri Payet,75,LM,,0,3.0,4,80,71,72,80,58,54,"174cm | 5'9""",0,-,-,A.S. Saint-Etienne,France
Axel Witsel,75,CM,,0,3.0,4,71,71,74,79,69,68,"186cm | 6'1""",0,-,-,Standard de Liège,Belgium
Sven Bender,75,CDM,,0,2.0,4,74,56,70,62,73,76,"185cm | 6'1""",0,-,-,Borussia Dortmund,Germany
Mathieu Coutadeur,75,CDM,,0,2.0,4,75,70,72,72,73,73,"170cm | 5'7""",0,-,-,AS Monaco FC,France
David N'Gog,75,ST,,0,4.0,3,83,71,56,75,58,73,"190cm | 6'3""",0,-,-,Liverpool,France
Onyekachi Apam,75,CB,,0,2.0,3,70,41,62,41,74,70,"177cm | 5'10""",0,-,-,Stade Rennais FC,Nigeria
José Manuel Flores Moreno,75,CB,,0,2.0,3,74,33,46,42,73,72,"187cm | 6'2""",0,-,-,Genoa,Spain
Tissone,75,CM,,0,3.0,3,74,70,75,74,72,68,"182cm | 6'0""",0,-,-,Sampdoria,Argentina
Milan Biševac,75,CB,,0,2.0,4,63,51,62,49,73,73,"185cm | 6'1""",0,-,-,Valenciennes FC,Serbia
Alessio Cerci,75,RW,,0,4.0,3,82,68,70,79,61,60,"180cm | 5'11""",0,-,-,Fiorentina,Italy
Robert Acquafresca,75,ST,,0,3.0,3,76,73,56,72,58,80,"184cm | 6'0""",0,-,-,Cagliari,Italy
Miguel Torres,75,RB,,0,2.0,4,74,42,64,60,72,68,"184cm | 6'0""",0,-,-,Getafe Club de Fútbol S.A.D.,Spain
Didier Ya Konan,75,CF,,0,3.0,4,78,70,63,80,57,64,"174cm | 5'9""",0,-,-,Hannover 96,Ivory Coast
Emiliano Insúa,75,LB,,0,3.0,2,75,49,67,68,75,70,"179cm | 5'10""",0,-,-,Galatasaray SK,Argentina
Dame N'Doye,75,CF,,0,3.0,3,75,71,58,75,64,76,"186cm | 6'1""",0,-,-,FC København,Senegal
Guilherme Alvim Marinato,75,GK,,0,1.0,5,79,68,73,78,48,74,"197cm | 6'6""",0,-,-,Lokomotiv Moskva,Brazil
Breno Vinícius Borges,75,CB,,0,3.0,4,72,45,66,64,72,77,"187cm | 6'2""",0,-,-,Bayern München,Brazil
Makoto Hasebe,75,RM,,0,3.0,3,75,58,76,73,73,62,"179cm | 5'10""",0,-,-,VfL Wolfsburg,Japan
Tomáš Necid,75,ST,,0,2.0,3,76,71,48,66,63,83,"190cm | 6'3""",0,-,-,CSKA Moskva,Czech Republic
Sidnei,75,CB,,0,2.0,2,70,51,62,56,76,80,"185cm | 6'1""",0,-,-,Sport Lisboa Benfica,Brazil
Fabiano Santacroce,75,CB,,0,2.0,2,77,30,50,55,67,72,"181cm | 5'11""",0,-,-,Napoli,Italy
Anthony Modeste,75,ST,,0,3.0,3,73,74,60,70,60,76,"186cm | 6'1""",0,-,-,Girondins de Bordeaux,France
Fernando Muslera,75,GK,,0,1.0,2,78,68,68,81,50,75,"190cm | 6'3""",0,-,-,Lazio,Uruguay
Teko Modise,75,CM,,0,5.0,3,71,68,76,83,55,58,"168cm | 5'6""",0,-,-,Orlando Pirates,South Africa
Raúl Bobadilla,75,ST,,0,3.0,3,76,72,61,74,59,75,"180cm | 5'11""",0,-,-,Borussia M'gladbach,Argentina
Aurélien Chedjou,75,CB,,0,2.0,3,69,51,59,55,71,76,"184cm | 6'0""",0,-,-,LOSC Lille Métropole,Cameroon
Mario Bolatti,75,CDM,,0,2.0,3,71,66,75,69,76,74,"190cm | 6'3""",0,-,-,Fiorentina,Argentina
Yohan Mollo,75,RW,,0,3.0,4,82,67,74,72,57,58,"175cm | 5'9""",0,-,-,Stade Malherbe Caen,France
Azpilicueta,75,RB,,0,3.0,3,83,57,68,66,75,67,"178cm | 5'10""",0,-,-,Olympique de Marseille,Spain
Mikel San José,75,CB,,0,2.0,3,63,37,64,54,71,73,"183cm | 6'0""",0,-,-,Athletic Club de Bilbao,Spain
Andrea Poli,75,CM,,0,3.0,3,75,70,77,74,70,66,"181cm | 5'11""",0,-,-,Sampdoria,Italy
Nikola Kalinic,75,ST,,0,3.0,4,76,72,60,76,54,70,"187cm | 6'2""",0,-,-,Blackburn Rovers,Croatia
Siem de Jong,75,CAM,,0,3.0,4,74,73,67,70,63,81,"185cm | 6'1""",0,-,-,Ajax,Netherlands
Christian Noboa,75,CM,,0,3.0,3,72,70,77,75,69,68,"181cm | 5'11""",0,-,-,Rubin Kazan,Ecuador
Dmitriy Kombarov,75,LW,,0,3.0,4,77,70,77,74,60,63,"181cm | 5'11""",0,-,-,Spartak Moskva,Russia
Kevin Großkreutz,75,LM,,0,2.0,4,77,69,71,75,65,69,"186cm | 6'1""",0,-,-,Borussia Dortmund,Germany
Masoud Shojaei Soleimani,75,CAM,,0,4.0,2,74,73,73,88,51,66,"184cm | 6'0""",0,-,-,Club Atlético Osasuna,Iran
Coutinho,75,CAM,,0,4.0,4,79,68,74,83,54,52,"171cm | 5'7""",0,-,-,Inter,Brazil
Stefan Reinartz,75,CDM,,0,2.0,3,67,55,70,47,74,79,"189cm | 6'2""",0,-,-,Bayer 04 Leverkusen,Germany
Shinji Kagawa,75,CAM,,0,4.0,4,83,67,67,84,46,46,"172cm | 5'8""",0,-,-,Borussia Dortmund,Japan
Jack Wilshere,75,CAM,,0,4.0,3,76,72,75,82,58,56,"170cm | 5'7""",0,-,-,Arsenal,England
Fábio,75,LWB,,0,3.0,4,79,67,74,76,67,54,"172cm | 5'8""",0,-,-,Manchester United,Brazil
Willians Domingos Fernandes,75,CDM,,0,2.0,2,85,64,68,74,73,64,"175cm | 5'9""",0,-,-,Flamengo,Brazil
Ander Herrera,75,CAM,,0,4.0,4,80,65,76,76,57,38,"182cm | 6'0""",0,-,-,Real Zaragoza S.A.D.,Spain
Lamine Sané,75,CB,,0,2.0,2,71,38,58,56,72,74,"192cm | 6'4""",0,-,-,Girondins de Bordeaux,France
Giampiero Pinzi,74,CM,,0,3.0,3,74,68,74,71,73,67,"180cm | 5'11""",0,-,-,Udinese,Italy
Massimo Donati,74,CM,,0,2.0,4,65,66,73,75,68,70,"186cm | 6'1""",0,-,-,Bari,Italy
Alessandro Amantino Mancini,74,LW,,0,4.0,4,80,68,68,82,60,53,"183cm | 6'0""",0,-,-,Inter,Brazil
Martin Stranzl,74,CB,,0,2.0,3,74,53,68,64,71,76,"190cm | 6'3""",0,-,-,Spartak Moskva,Austria
Ahmed Hossam Abdelhamid,74,ST,,0,3.0,4,64,71,56,75,64,86,"188cm | 6'2""",0,-,-,Ajax,Egypt
Raúl Tamudo Montero,74,ST,,0,3.0,3,75,74,66,77,53,66,"180cm | 5'11""",0,-,-,Real Sociedad de Fútbol S.A.D.,Spain
Eliseu Pereira dos Santos,74,LW,,0,3.0,4,88,66,66,73,60,64,"175cm | 5'9""",0,-,-,Málaga Club de Fútbol S.A.D.,Portugal
Kevin Phillips,74,ST,,0,3.0,3,64,77,56,65,52,74,"170cm | 5'7""",0,-,-,Birmingham City,England
Luís Boa Morte,74,LW,,0,4.0,2,79,70,70,77,59,60,"180cm | 5'11""",0,-,-,West Ham United,Portugal
Ulrich Ramé,74,GK,,0,1.0,2,71,75,72,79,59,73,"187cm | 6'2""",0,-,-,Girondins de Bordeaux,France
Hakan Yakin,74,CAM,,0,3.0,3,68,78,72,71,58,60,"181cm | 5'11""",0,-,-,FC Luzern,Switzerland
Marek Jankulovski,74,LWB,,0,3.0,3,75,69,78,74,73,68,"183cm | 6'0""",0,-,-,Milan,Czech Republic
Freddie Ljungberg,74,RM,,0,4.0,4,75,73,70,75,60,56,"175cm | 5'9""",0,-,-,Chicago Fire,Sweden
Manuele Blasi,74,CDM,,0,2.0,2,70,39,71,56,75,66,"179cm | 5'10""",0,-,-,Napoli,Italy
Javier Casquero Paredes,74,CM,,0,2.0,4,71,72,78,71,73,60,"180cm | 5'11""",0,-,-,Getafe Club de Fútbol S.A.D.,Spain
Habib Beye,74,RB,,0,3.0,4,74,43,66,61,73,74,"182cm | 6'0""",0,-,-,Aston Villa,Senegal
Peguy Luyindula,74,CF,,0,3.0,3,78,72,67,73,57,76,"178cm | 5'10""",0,-,-,Paris Saint-Germain,France
Titus Bramble,74,CB,,0,2.0,3,74,42,54,43,70,80,"185cm | 6'1""",0,-,-,Sunderland,England
Albert Meyong Zé,74,ST,,0,3.0,4,77,74,63,72,65,74,"184cm | 6'0""",0,-,-,SC Braga,Cameroon
Sander Boschker,74,GK,,0,1.0,3,72,77,65,74,42,79,"184cm | 6'0""",0,-,-,FC Twente,Netherlands
Timmy Simons,74,CDM,,0,2.0,3,64,59,65,62,72,73,"186cm | 6'1""",0,-,-,1. FC Nürnberg,Belgium
Maciej Żurawski,74,ST,,0,3.0,4,75,76,47,76,47,68,"183cm | 6'0""",0,-,-,Wisła Kraków,Poland
Steed Malbranque,74,RM,,0,3.0,3,69,72,69,80,56,48,"168cm | 5'6""",0,-,-,Sunderland,France
Hélder Manuel Marques Postiga,74,CF,,0,4.0,3,77,71,63,74,59,76,"179cm | 5'10""",0,-,-,Sporting CP,Portugal
Tiago Alexandre Baptista Ferreira,74,GK,,0,1.0,3,73,74,73,75,35,74,"180cm | 5'11""",0,-,-,Sporting CP,Portugal
Eddie Gustafsson,74,GK,,0,1.0,2,73,74,72,74,60,76,"187cm | 6'2""",0,-,-,FC Red Bull Salzburg,Sweden
Rade Prica,74,ST,,0,3.0,4,75,74,55,74,59,78,"185cm | 6'1""",0,-,-,Rosenborg BK,Sweden
José Kléberson Pereira,74,CM,,0,3.0,4,78,71,78,70,70,64,"176cm | 5'9""",0,-,-,Flamengo,Brazil
Ewerthon Henrique de Souza,74,ST,,0,3.0,2,86,70,62,79,49,70,"175cm | 5'9""",0,-,-,Palmeiras,Brazil
Jan Vennegoor of Hess.,74,ST,,0,3.0,4,75,73,49,64,64,80,"191cm | 6'3""",0,-,-,SK Rapid Wien,Netherlands
Stéphane Dalmat,74,CAM,,0,4.0,3,77,72,76,75,61,64,"180cm | 5'11""",0,-,-,Stade Rennais FC,France
Pontus Farnerud,74,CM,,0,3.0,3,76,70,73,76,71,70,"177cm | 5'10""",0,-,-,Stabæk Fotball,Sweden
Peer Kluge,74,CDM,,0,2.0,4,71,60,74,71,71,68,"179cm | 5'10""",0,-,-,FC Schalke 04,Germany
Zlatan Bajramović,74,CDM,,0,2.0,4,64,70,75,71,71,74,"182cm | 6'0""",0,-,-,Eintracht Frankfurt,Bosnia Herzegovina
Johan Wiland,74,GK,,0,1.0,3,74,72,68,81,46,75,"188cm | 6'2""",0,-,-,FC København,Sweden
Zdeněk Grygera,74,RB,,0,2.0,3,70,59,68,62,72,76,"185cm | 6'1""",0,-,-,Juventus,Czech Republic
Gaël Danic,74,LW,,0,3.0,3,80,69,71,74,56,56,"176cm | 5'9""",0,-,-,Valenciennes FC,France
Gaël Givet,74,CB,,0,2.0,4,63,33,59,51,71,76,"181cm | 5'11""",0,-,-,Blackburn Rovers,France
Fabio Liverani,74,CM,,0,3.0,2,61,71,81,70,65,58,"175cm | 5'9""",0,-,-,Palermo,Italy
Pascal Chimbonda,74,RB,,0,3.0,4,79,50,67,73,75,86,"180cm | 5'11""",0,-,-,Blackburn Rovers,France
Fábio Rochemback,74,CM,,0,3.0,4,72,75,78,72,75,64,"183cm | 6'0""",0,-,-,Grêmio,Brazil
Markus Rosenberg,74,ST,,0,2.0,4,79,74,51,70,56,76,"185cm | 6'1""",0,-,-,Real Racing Club S.A.D.,Sweden
Aaron Mokoena,74,CDM,,0,2.0,3,68,44,61,68,75,78,"185cm | 6'1""",0,-,-,Portsmouth,South Africa
Valmiro López Rocha,74,RM,,0,4.0,3,82,66,68,78,54,64,"184cm | 6'0""",0,-,-,Levante Unión Deportiva S.A.D.,Spain
Saša Papac,74,LB,,0,2.0,3,68,38,68,66,74,74,"185cm | 6'1""",0,-,-,Rangers,Bosnia Herzegovina
Marius Stankevicius,74,RB,,0,2.0,3,72,67,71,58,74,77,"189cm | 6'2""",0,-,-,Valencia Club de Fútbol S.A.D.,Lithuania
Shaun Maloney,74,CAM,,0,3.0,4,78,74,70,78,51,56,"170cm | 5'7""",0,-,-,Celtic,Scotland
Arthur Boka,74,LWB,,0,3.0,3,78,48,73,75,70,58,"166cm | 5'5""",0,-,-,VfB Stuttgart,Ivory Coast
Igor Albert Rinck de Camargo,74,CF,,0,3.0,4,73,71,69,72,68,84,"187cm | 6'2""",0,-,-,Borussia M'gladbach,Belgium
Philippe Senderos,74,CB,,0,2.0,2,63,35,47,36,73,81,"190cm | 6'3""",0,-,-,Fulham,Switzerland
Simon Davies,74,RM,,0,3.0,4,74,67,74,75,59,64,"178cm | 5'10""",0,-,-,Fulham,Wales
Steffen Iversen,74,ST,,0,2.0,3,70,73,61,62,67,91,"185cm | 6'1""",0,-,-,Rosenborg BK,Norway
Matteo Sereni,74,GK,,0,1.0,3,76,75,68,76,52,75,"186cm | 6'1""",0,-,-,Brescia,Italy
Grégory Thil,74,ST,,0,3.0,3,77,73,67,67,57,70,"183cm | 6'0""",0,-,-,U.S. Boulogne Cote D'Opale,France
Boaz Myhill,74,GK,,0,1.0,3,75,74,73,74,50,73,"191cm | 6'3""",0,-,-,West Bromwich Albion,Wales
Peter Wisgerhof,74,CB,,0,2.0,2,65,46,58,56,73,74,"186cm | 6'1""",0,-,-,FC Twente,Netherlands
Francesco Tavano,74,CF,,0,4.0,4,76,74,63,76,59,65,"173cm | 5'8""",0,-,-,Livorno,Italy
Omar Milanetto,74,CM,,0,3.0,3,68,65,79,72,72,56,"176cm | 5'9""",0,-,-,Genoa,Italy
Fernando Soriano Marcos,74,CM,,0,2.0,4,66,71,65,68,74,75,"189cm | 6'2""",0,-,-,Club Atlético Osasuna,Spain
Jody Viviani,74,GK,,0,1.0,3,70,75,77,81,55,71,"190cm | 6'3""",0,-,-,Grenoble Foot 38,France
Rüştü Reçber,74,GK,,0,1.0,1,72,75,63,76,44,77,"187cm | 6'2""",0,-,-,Beşiktaş JK,Turkey
Cesare Natali,74,CB,,0,2.0,2,64,44,62,51,73,72,"191cm | 6'3""",0,-,-,Fiorentina,Italy
Andy Reid,74,LM,,0,3.0,3,67,75,77,76,63,42,"170cm | 5'7""",0,-,-,Sunderland,Republic of Ireland
Michael Chopra,74,ST,,0,3.0,3,76,71,57,73,63,68,"175cm | 5'9""",0,-,-,Cardiff City,England
Nicky Shorey,74,LB,,0,2.0,3,64,51,74,62,72,72,"175cm | 5'9""",0,-,-,West Bromwich Albion,England
Robbie Blake,74,CF,,0,3.0,4,74,78,76,78,52,50,"175cm | 5'9""",0,-,-,Bolton Wanderers,England
Steve Caldwell,74,CB,,0,2.0,2,70,39,52,46,72,80,"180cm | 5'11""",0,-,-,Wigan Athletic,Scotland
David Hellebuyck,74,LM,,0,3.0,3,75,79,74,74,62,69,"178cm | 5'10""",0,-,-,OGC Nice,France
Oka Nikolov,74,GK,,0,1.0,2,76,73,69,77,61,74,"188cm | 6'2""",0,-,-,Eintracht Frankfurt,FYR Macedonia
Clemens Fritz,74,RB,,0,3.0,3,83,58,71,73,73,72,"183cm | 6'0""",0,-,-,Werder Bremen,Germany
Grétar Rafn Steinsson,74,RB,,0,2.0,3,62,51,70,61,72,70,"189cm | 6'2""",0,-,-,Bolton Wanderers,Iceland
Paweł Brożek,74,ST,,0,3.0,4,72,73,61,73,53,60,"180cm | 5'11""",0,-,-,Wisła Kraków,Poland
Dennis Eilhoff,74,GK,,0,1.0,3,76,69,63,80,69,73,"190cm | 6'3""",0,-,-,Arminia Bielefeld,Germany
Johan Audel,74,LM,,0,3.0,3,78,72,69,76,59,68,"180cm | 5'11""",0,-,-,VfB Stuttgart,France
Tom Starke,74,GK,,0,1.0,3,76,73,68,77,52,72,"194cm | 6'4""",0,-,-,TSG 1899 Hoffenheim,Germany
Carmelo González Jiménez,74,RM,,0,3.0,4,75,63,68,80,60,57,"180cm | 5'11""",0,-,-,Real Sporting de Gijón S.A.D.,Spain
Pedro Mario Álvarez Abrante,74,CB,,0,2.0,3,73,46,52,49,71,78,"178cm | 5'10""",0,-,-,Getafe Club de Fútbol S.A.D.,Spain
Enrique De Lucas Martínez,74,CAM,,0,3.0,3,74,72,78,73,55,60,"175cm | 5'9""",0,-,-,Real Club Celta de Vigo S.A.D.,Spain
Jiří Štajner,74,RF,,0,4.0,4,73,73,69,77,60,72,"179cm | 5'10""",0,-,-,Slovan Liberec,Czech Republic
Fabien Audard,74,GK,,0,1.0,3,75,72,70,77,65,74,"188cm | 6'2""",0,-,-,FC Lorient Bretagne Sud,France
Franck Béria,74,RWB,,0,2.0,3,79,53,74,65,74,70,"177cm | 5'10""",0,-,-,LOSC Lille Métropole,France
Juan Manuel Ortiz Palazón,74,RM,,0,3.0,3,80,71,67,75,68,64,"179cm | 5'10""",0,-,-,Unión Deportiva Almería S.A.D.,Spain
Michele Marcolini,74,CM,,0,3.0,2,74,74,76,73,69,66,"173cm | 5'8""",0,-,-,Chievo Verona,Italy
Juan Jesús Calatayud Sánchez,74,GK,,0,1.0,3,74,72,70,78,56,76,"191cm | 6'3""",0,-,-,Hércules Club de Fútbol S.A.D.,Spain
Ricardo Fuller,74,ST,,0,4.0,3,74,72,56,75,62,73,"191cm | 6'3""",0,-,-,Stoke City,Jamaica
Simone Tiribocchi,74,ST,,0,3.0,4,75,75,54,66,64,69,"178cm | 5'10""",0,-,-,A. Bergamo,Italy
Marco Donadel,74,CDM,,0,2.0,3,75,66,72,69,73,64,"179cm | 5'10""",0,-,-,Fiorentina,Italy
Jermaine Pennant,74,RM,,0,3.0,3,78,64,75,75,57,56,"175cm | 5'9""",0,-,-,Stoke City,England
Stefano Lucchini,74,CB,,0,2.0,3,72,39,53,52,71,74,"186cm | 6'1""",0,-,-,Sampdoria,Italy
Andrea Mantovani,74,CB,,0,2.0,3,75,43,66,57,73,72,"185cm | 6'1""",0,-,-,Chievo Verona,Italy
Ömer Erdoğan,74,CB,,0,2.0,2,69,22,52,45,70,78,"191cm | 6'3""",0,-,-,Bursaspor,Turkey
Mehmet Yıldız,74,ST,,0,3.0,2,72,72,54,66,69,68,"183cm | 6'0""",0,-,-,Sivasspor,Turkey
Juan Gutiérrez Moreno,74,CB,,0,2.0,3,64,50,60,53,71,76,"182cm | 6'0""",0,-,-,Club Atlético de Madrid S.A.D.,Spain
Kléber de Carvalho Correa,74,LWB,,0,3.0,2,74,71,78,76,69,60,"177cm | 5'10""",0,-,-,I. Porto Alegre,Brazil
Václav Svěrkoš,74,ST,,0,3.0,4,77,74,62,75,49,72,"185cm | 6'1""",0,-,-,FC Sochaux-Montbéliard,Czech Republic
Eduardo Luís Souza,74,CB,,0,2.0,2,70,53,53,54,70,79,"186cm | 6'1""",0,-,-,Santos,Brazil
Pablo Ibáñez Tebar,74,CB,,0,2.0,3,55,40,55,48,71,75,"192cm | 6'4""",0,-,-,West Bromwich Albion,Spain
Pablo García,74,CM,,0,2.0,3,71,63,71,70,78,70,"186cm | 6'1""",0,-,-,PAOK,Uruguay
Ayoze Díaz Díaz,74,LB,,0,2.0,2,82,46,68,68,74,66,"175cm | 5'9""",0,-,-,Real Club Deportivo Mallorca S.A.D.,Spain
Sergio García,74,CF,,0,3.0,3,78,73,68,77,55,68,"175cm | 5'9""",0,-,-,R.C.D. Espanyol de Barcelona S.A.D.,Spain
Khalid Boulahrouz,74,CB,,0,2.0,3,69,40,60,38,72,74,"183cm | 6'0""",0,-,-,VfB Stuttgart,Netherlands
Daniele Portanova,74,CB,,0,2.0,2,65,42,51,34,72,76,"185cm | 6'1""",0,-,-,Bologna,Italy
Salvatore Aronica,74,CB,,0,2.0,3,74,43,57,58,72,65,"181cm | 5'11""",0,-,-,Napoli,Italy
Gianluca Grava,74,CB,,0,2.0,2,74,32,57,48,68,68,"172cm | 5'8""",0,-,-,Napoli,Italy
Shalrie Joseph,74,CM,,0,3.0,4,75,66,67,68,74,76,"191cm | 6'3""",0,-,-,New England Revolution,Grenada
Giulio Migliaccio,74,CDM,,0,2.0,3,70,59,68,59,73,79,"178cm | 5'10""",0,-,-,Palermo,Italy
Iñaki Goitia Peña,74,GK,,0,1.0,3,73,71,63,79,45,80,"188cm | 6'2""",0,-,-,Real Betis Balompié S.A.D. ,Spain
Peter Osaze Odemwingie,74,ST,,0,3.0,3,82,75,65,72,58,76,"182cm | 6'0""",0,-,-,West Bromwich Albion,Nigeria
Chris Baird,74,CB,,0,2.0,4,68,58,72,60,73,76,"179cm | 5'10""",0,-,-,Fulham,Northern Ireland
Marc Janko,74,ST,,0,3.0,4,67,74,45,62,60,74,"196cm | 6'5""",0,-,-,FC Twente,Austria
Martin Vaniak,74,GK,,0,1.0,2,71,74,51,81,41,76,"190cm | 6'3""",0,-,-,Slavia Praha,Czech Republic
David Rozehnal,74,CB,,0,2.0,4,69,40,63,40,71,79,"199cm | 6'6""",0,-,-,LOSC Lille Métropole,Czech Republic
Antonio Rodríguez Martínez,74,GK,,0,1.0,3,79,67,72,74,55,78,"182cm | 6'0""",0,-,-,Real Racing Club S.A.D.,Spain
Roel Brouwers,74,CB,,0,2.0,3,67,44,48,48,72,80,"192cm | 6'4""",0,-,-,Borussia M'gladbach,Netherlands
Hassan Yebda,74,CM,,0,3.0,3,73,62,74,74,74,81,"187cm | 6'2""",0,-,-,Napoli,Algeria
Blerim Džemaili,74,CM,,0,2.0,4,74,70,75,73,72,62,"179cm | 5'10""",0,-,-,Parma,Switzerland
Dorvalino Alves Maciel,74,LB,,0,2.0,3,80,76,80,78,73,72,"185cm | 6'1""",0,-,-,PAOK,Brazil
Pável Pardo,74,CDM,,0,3.0,3,71,72,77,67,74,63,"174cm | 5'9""",0,-,-,América,Mexico
Craig Conway,74,LW,,0,3.0,4,77,56,71,81,60,38,"170cm | 5'7""",0,-,-,Dundee United,Scotland
Joris Marveaux,74,CDM,,0,2.0,3,63,55,69,59,74,74,"178cm | 5'10""",0,-,-,Montpellier Hérault Sport Club,France
Kevin Thomson,74,CDM,,0,2.0,2,75,62,76,78,73,68,"180cm | 5'11""",0,-,-,Middlesbrough,Scotland
Paulo Da Silva,74,CB,,0,2.0,3,64,58,65,58,70,78,"180cm | 5'11""",0,-,-,Sunderland,Paraguay
Darío Verón,74,CB,,0,2.0,3,72,58,59,53,73,73,"179cm | 5'10""",0,-,-,U.N.A.M.,Paraguay
Michael Kightly,74,RW,,0,3.0,3,78,62,71,81,53,48,"175cm | 5'9""",0,-,-,Wolverhampton Wanderers,England
Róbert Vittek,74,RF,,0,3.0,4,79,74,65,74,59,74,"188cm | 6'2""",0,-,-,MKE Ankaragücü,Slovakia
Roland Juhász,74,CB,,0,2.0,2,58,55,56,53,73,73,"193cm | 6'4""",0,-,-,RSC Anderlecht,Hungary
Konstantinos Chalkias,74,GK,,0,1.0,3,73,70,68,81,60,71,"199cm | 6'6""",0,-,-,PAOK,Greece
Alessandro Lucarelli,74,CB,,0,2.0,3,70,57,66,58,74,75,"183cm | 6'0""",0,-,-,Parma,Italy
Germán Denis,74,ST,,0,3.0,3,70,69,56,71,67,82,"183cm | 6'0""",0,-,-,Udinese,Argentina
Lucas Lobos,74,CF,,0,4.0,4,71,72,74,74,60,64,"176cm | 5'9""",0,-,-,Tigres U.A.N.L.,Argentina
Aykut Erçetin,74,GK,,0,1.0,2,74,73,71,74,67,76,"188cm | 6'2""",0,-,-,Galatasaray SK,Turkey
Albert Bunjaku,74,ST,,0,3.0,4,76,70,50,71,56,72,"178cm | 5'10""",0,-,-,1. FC Nürnberg,Switzerland
Gökhan Zan,74,CB,,0,2.0,3,68,44,60,41,73,83,"192cm | 6'4""",0,-,-,Galatasaray SK,Turkey
Serdar Özkan,74,RM,,0,3.0,2,78,56,71,81,54,55,"178cm | 5'10""",0,-,-,Galatasaray SK,Turkey
Serdar Kulbilge,74,GK,,0,1.0,1,75,71,62,80,55,73,"186cm | 6'1""",0,-,-,Gençlerbirliği SK,Turkey
Souleymanou Hamidou,74,GK,,0,1.0,1,78,69,81,79,62,68,"187cm | 6'2""",0,-,-,Kayserispor,Cameroon
Oscar Wendt,74,LB,,0,3.0,2,78,65,75,68,75,63,"181cm | 5'11""",0,-,-,FC København,Sweden
Francisco Jesús Pérez Malia,74,RB,,0,2.0,3,80,51,68,68,74,63,"180cm | 5'11""",0,-,-,Real Racing Club S.A.D.,Spain
Óscar Serrano Rodríguez,74,LM,,0,3.0,3,83,69,68,77,53,62,"175cm | 5'9""",0,-,-,Real Racing Club S.A.D.,Spain
David Barral Torres,74,ST,,0,3.0,3,80,72,58,76,60,72,"183cm | 6'0""",0,-,-,Real Sporting de Gijón S.A.D.,Spain
Mario Bermejo Castanedo,74,ST,,0,3.0,3,72,72,50,66,66,88,"176cm | 5'9""",0,-,-,Xerez Club Deportivo S.A.D.,Spain
Gustavo Munúa,74,GK,,0,1.0,3,68,74,70,77,60,78,"188cm | 6'2""",0,-,-,Levante Unión Deportiva S.A.D.,Uruguay
Hérita Ilunga,74,LWB,,0,3.0,3,76,52,69,65,75,74,"180cm | 5'11""",0,-,-,West Ham United,DR Congo
Gabriel Fernández Arenas,74,CM,,0,2.0,3,74,67,74,69,69,58,"179cm | 5'10""",0,-,-,Real Zaragoza S.A.D.,Spain
Dmitriy Khokhlov,74,CM,,0,2.0,3,64,72,79,71,71,67,"189cm | 6'2""",0,-,-,Dinamo Moskva,Russia
Dmitriy Loskov,74,CAM,,0,4.0,4,62,69,75,70,55,55,"178cm | 5'10""",0,-,-,Lokomotiv Moskva,Russia
Héctor Bracamonte,74,ST,,0,4.0,4,71,71,60,70,68,80,"195cm | 6'5""",0,-,-,Terek Grozny,Argentina
Jiří Jarošík,74,CB,,0,2.0,4,63,58,66,65,74,66,"193cm | 6'4""",0,-,-,Real Zaragoza S.A.D.,Czech Republic
Danny Koevermans,74,ST,,0,2.0,3,66,74,53,64,64,79,"191cm | 6'3""",0,-,-,PSV,Netherlands
Gianluca Comotto,74,RB,,0,2.0,3,75,61,68,67,72,72,"181cm | 5'11""",0,-,-,Fiorentina,Italy
Paolo Sammarco,74,CM,,0,3.0,3,75,67,74,71,74,70,"181cm | 5'11""",0,-,-,Sampdoria,Italy
Michael Fink,74,CDM,,0,2.0,3,72,67,72,64,73,75,"183cm | 6'0""",0,-,-,Beşiktaş JK,Germany
Vincent Planté,74,GK,,0,1.0,3,76,72,71,78,35,72,"190cm | 6'3""",0,-,-,AC Arles Avignon,France
Mads Junker,74,ST,,0,3.0,3,77,71,62,69,60,72,"186cm | 6'1""",0,-,-,Roda JC,Denmark
Juliano Roberto Antonello,74,CM,,0,3.0,3,69,78,81,75,72,62,"179cm | 5'10""",0,-,-,Real Club Deportivo de La Coruña S.A.D.,Brazil
Ibson,74,CM,,0,4.0,4,78,72,76,78,67,68,"178cm | 5'10""",0,-,-,Spartak Moskva,Brazil
Carlos Henrique dos Santos Souza,74,CB,,0,2.0,3,69,48,57,40,71,81,"188cm | 6'2""",0,-,-,Girondins de Bordeaux,Brazil
Hameur Bouazza,74,LW,,0,4.0,3,86,65,58,80,58,60,"180cm | 5'11""",0,-,-,AC Arles Avignon,Algeria
Gustavo Colman,74,CM,,0,3.0,4,69,68,76,73,65,56,"175cm | 5'9""",0,-,-,Trabzonspor,Argentina
Vadim Demidov,74,CB,,0,2.0,3,74,55,63,47,71,75,"186cm | 6'1""",0,-,-,Rosenborg BK,Norway
Charlie Adam,74,CM,,0,3.0,3,67,75,76,71,67,70,"185cm | 6'1""",0,-,-,Blackpool,Scotland
Justo Villar,74,GK,,0,1.0,3,80,75,79,73,21,74,"180cm | 5'11""",0,-,-,Real Valladolid Club de Fútbol S.A.D.,Paraguay
Neri Cardozo,74,LM,,0,4.0,3,80,68,71,78,51,54,"171cm | 5'7""",0,-,-,Monterrey,Argentina
Mathieu Debuchy,74,RB,,0,3.0,3,77,63,76,70,71,72,"177cm | 5'10""",0,-,-,LOSC Lille Métropole,France
Tobias Weis,74,RM,,0,2.0,3,78,59,74,71,76,58,"170cm | 5'7""",0,-,-,TSG 1899 Hoffenheim,Germany
Christian Gentner,74,CDM,,0,2.0,4,73,71,79,69,73,75,"189cm | 6'2""",0,-,-,VfB Stuttgart,Germany
Pirmin Schwegler,74,CM,,0,2.0,4,78,61,74,74,70,64,"176cm | 5'9""",0,-,-,Eintracht Frankfurt,Switzerland
Jonathan Pitroipa,74,RW,,0,4.0,3,93,59,62,74,44,53,"176cm | 5'9""",0,-,-,Hamburger SV,Burkina Faso
Stephen Hunt,74,LM,,0,3.0,3,76,70,69,74,67,66,"173cm | 5'8""",0,-,-,Wolverhampton Wanderers,Republic of Ireland
Víctor Hugo Montaño,74,ST,,0,3.0,3,78,69,63,75,63,68,"177cm | 5'10""",0,-,-,Stade Rennais FC,Colombia
Edgar Dueñas,74,CB,,0,2.0,3,70,54,66,64,71,74,"185cm | 6'1""",0,-,-,Toluca,Mexico
Nicola Pozzi,74,ST,,0,3.0,3,75,71,65,71,58,77,"182cm | 6'0""",0,-,-,Sampdoria,Italy
Abdoulay Konko,74,RWB,,0,2.0,4,81,58,72,74,72,75,"182cm | 6'0""",0,-,-,Sevilla Fútbol Club S.A.D.,France
Davide Biondini,74,CM,,0,2.0,3,76,61,76,70,73,70,"178cm | 5'10""",0,-,-,Cagliari,Italy
Alexander Baumjohann,74,CAM,,0,3.0,4,77,69,70,78,53,57,"178cm | 5'10""",0,-,-,FC Schalke 04,Germany
Otman Bakkal,74,CAM,,0,3.0,5,74,68,72,74,61,60,"183cm | 6'0""",0,-,-,PSV,Netherlands
Ilan Araújo Dall'Igna,74,ST,,0,4.0,4,76,75,59,75,62,72,"180cm | 5'11""",0,-,-,I. Porto Alegre,Brazil
Jorge Wagner Góes Conceição,74,LM,,0,3.0,3,69,73,79,74,68,72,"178cm | 5'10""",0,-,-,São Paulo,Brazil
Pablo Barrientos,74,CAM,,0,4.0,4,77,70,75,80,59,62,"175cm | 5'9""",0,-,-,Catania,Argentina
Henri. Hilário Meireles Alves S.,74,GK,,0,1.0,2,79,67,59,84,50,69,"189cm | 6'2""",0,-,-,Chelsea,Portugal
Ben Foster,74,GK,,0,1.0,2,80,75,77,79,50,65,"188cm | 6'2""",0,-,-,Birmingham City,England
Andrea Coda,74,CB,,0,2.0,3,68,38,59,51,72,72,"188cm | 6'2""",0,-,-,Udinese,Italy
Jérémy Clément,74,CM,,0,3.0,4,72,65,75,75,73,68,"174cm | 5'9""",0,-,-,Paris Saint-Germain,France
Geoffrey Jourdren,74,GK,,0,1.0,3,79,65,75,78,47,75,"181cm | 5'11""",0,-,-,Montpellier Hérault Sport Club,France
Alessandro Diamanti,74,CF,,0,3.0,4,75,76,74,78,66,56,"180cm | 5'11""",0,-,-,Brescia,Italy
Paulo Ricardo de Jesús Machado,74,CM,,0,3.0,4,73,74,77,75,64,58,"174cm | 5'9""",0,-,-,Toulouse FC,Portugal
Bruno Alexandre Vilela Gama,74,RM,,0,3.0,4,80,65,72,77,62,56,"176cm | 5'9""",0,-,-,Rio Ave FC,Portugal
Somen Tchoyi,74,RW,,0,4.0,4,81,67,67,75,69,70,"190cm | 6'3""",0,-,-,West Bromwich Albion,Cameroon
Wagner Ferreira dos Santos,74,CAM,,0,4.0,3,76,71,72,78,56,63,"172cm | 5'8""",0,-,-,Lokomotiv Moskva,Brazil
Marcio Mert Ferreira Nobre,74,ST,,0,2.0,2,75,67,54,65,59,82,"183cm | 6'0""",0,-,-,Beşiktaş JK,Brazil
Alexandr Ryazantsev,74,RM,,0,3.0,4,71,55,77,77,69,69,"176cm | 5'9""",0,-,-,Rubin Kazan,Russia
Issiar Dia,74,RF,,0,3.0,3,85,70,66,73,57,64,"172cm | 5'8""",0,-,-,Fenerbahçe SK,Senegal
Morgan Amalfitano,74,CM,,0,3.0,3,71,70,76,72,70,59,"176cm | 5'9""",0,-,-,FC Lorient Bretagne Sud,France
Ariclenes Da Silva Ferreira,74,ST,,0,3.0,4,79,70,60,73,62,74,"180cm | 5'11""",0,-,-,Spartak Moskva,Brazil
Andrea Masiello,74,RB,,0,2.0,2,80,55,66,59,77,68,"185cm | 6'1""",0,-,-,Bari,Italy
Kenneth Vermeer,74,GK,,0,1.0,4,75,69,69,81,69,71,"181cm | 5'11""",0,-,-,Ajax,Netherlands
Mehdi Lacen,74,CM,,0,3.0,3,74,60,74,72,72,62,"176cm | 5'9""",0,-,-,Real Racing Club S.A.D.,Algeria
Aquivaldo Mosquera,74,CB,,0,2.0,3,71,50,59,55,73,74,"183cm | 6'0""",0,-,-,América,Colombia
Sebastián Eguren,74,CDM,,0,2.0,3,69,57,71,60,75,76,"186cm | 6'1""",0,-,-,Real Sporting de Gijón S.A.D.,Uruguay
André Filipe Alves Monteiro,74,RW,,0,3.0,4,83,66,69,76,55,65,"176cm | 5'9""",0,-,-,FC Porto,Portugal
Lorenzo De Silvestri,74,RWB,,0,3.0,3,84,58,71,69,73,72,"185cm | 6'1""",0,-,-,Fiorentina,Italy
Domingo Cisma González,74,LWB,,0,2.0,3,79,62,69,71,71,73,"184cm | 6'0""",0,-,-,Real Racing Club S.A.D.,Spain
Ján Mucha,74,GK,,0,1.0,3,74,76,66,76,41,73,"189cm | 6'2""",0,-,-,Everton,Slovakia
Michael Mancienne,74,CB,,0,2.0,3,72,41,71,61,68,80,"184cm | 6'0""",0,-,-,Wolverhampton Wanderers,England
David Fuster Torrijos,74,CAM,,0,3.0,3,74,72,70,76,51,66,"178cm | 5'10""",0,-,-,Olympiakos CFP,Spain
Jonathan Pereira,74,CF,,0,3.0,3,87,68,64,80,49,60,"167cm | 5'6""",0,-,-,Real Betis Balompié S.A.D. ,Spain
Moussa Sow,74,ST,,0,3.0,4,77,72,62,75,60,70,"180cm | 5'11""",0,-,-,LOSC Lille Métropole,France
Paolo De Ceglie,74,LB,,0,3.0,3,84,67,72,71,71,68,"184cm | 6'0""",0,-,-,Juventus,Italy
Mark Reynolds,74,CB,,0,2.0,3,72,20,60,47,72,78,"185cm | 6'1""",0,-,-,Motherwell,Scotland
Adrián,74,ST,,0,3.0,3,81,69,60,77,56,71,"180cm | 5'11""",0,-,-,Real Club Deportivo de La Coruña S.A.D.,Spain
Cristian Riveros,74,CM,,0,3.0,3,69,70,78,70,68,69,"178cm | 5'10""",0,-,-,Sunderland,Paraguay
David Goodwillie,74,ST,,0,3.0,3,83,70,49,81,56,60,"175cm | 5'9""",0,-,-,Dundee United,Scotland
Ayoze García Pérez,74,LW,,0,3.0,3,84,66,64,75,54,48,"172cm | 5'8""",0,-,-,Real Sporting de Gijón S.A.D.,Spain
Milan Stepanov,74,CB,,0,2.0,2,67,49,57,46,74,70,"190cm | 6'3""",0,-,-,Bursaspor,Serbia
Cleber Santana Loureiro,74,CM,,0,4.0,3,71,73,78,79,70,66,"185cm | 6'1""",0,-,-,São Paulo,Brazil
Ilsinho,74,RWB,,0,5.0,2,80,70,76,84,71,63,"178cm | 5'10""",0,-,-,São Paulo,Brazil
Sebastian Prödl,74,CB,,0,2.0,3,69,31,49,32,73,78,"194cm | 6'4""",0,-,-,Werder Bremen,Austria
Clément Chantôme,74,CM,,0,2.0,3,72,56,75,71,80,78,"180cm | 5'11""",0,-,-,Paris Saint-Germain,France
Cristian Zapata,74,CB,,0,2.0,3,70,48,60,53,72,72,"187cm | 6'2""",0,-,-,Udinese,Colombia
Stefano Okaka,74,ST,,0,3.0,3,80,69,48,68,61,78,"186cm | 6'1""",0,-,-,Roma,Italy
Canella,74,LWB,,0,3.0,3,83,58,67,71,74,64,"180cm | 5'11""",0,-,-,Real Sporting de Gijón S.A.D.,Spain
Wout Brama,74,CM,,0,2.0,3,72,53,77,68,75,66,"184cm | 6'0""",0,-,-,FC Twente,Netherlands
Craig Gardner,74,CM,,0,2.0,3,71,76,75,67,72,66,"178cm | 5'10""",0,-,-,Birmingham City,England
Marek Kulič,74,LF,,0,4.0,4,80,72,58,81,57,71,"175cm | 5'9""",0,-,-,Mladá Boleslav,Czech Republic
Gary Hooper,74,ST,,0,2.0,3,72,71,57,73,56,67,"175cm | 5'9""",0,-,-,Celtic,England
Cédric Mongongu,74,CB,,0,2.0,4,74,34,66,49,73,72,"189cm | 6'2""",0,-,-,AS Monaco FC,DR Congo
Adel Taarabt,74,CAM,,0,4.0,5,77,70,68,87,54,52,"180cm | 5'11""",0,-,-,Queens Park Rangers,Morocco
Charlie Davies,74,ST,,0,4.0,4,90,68,52,77,60,66,"178cm | 5'10""",0,-,-,FC Sochaux-Montbéliard,United States
Diego Costa,74,ST,,0,3.0,4,81,72,53,81,56,66,"186cm | 6'1""",0,-,-,Club Atlético de Madrid S.A.D.,Brazil
Jermaine Beckford,74,ST,,0,3.0,5,85,68,48,61,58,70,"188cm | 6'2""",0,-,-,Everton,England
Séamus Coleman,74,RB,,0,2.0,2,75,50,73,69,75,67,"178cm | 5'10""",0,-,-,Everton,Republic of Ireland
Fernandinho,74,LF,,0,5.0,2,82,73,64,84,63,56,"171cm | 5'7""",0,-,-,São Paulo,Brazil
Petr Drobisz,74,GK,,0,1.0,2,73,74,47,79,54,76,"188cm | 6'2""",0,-,-,Sigma Olomouc,Czech Republic
Martin Fenin,74,CF,,0,3.0,5,79,65,62,74,54,68,"183cm | 6'0""",0,-,-,Eintracht Frankfurt,Czech Republic
Andy Carroll,74,ST,,0,2.0,4,73,69,60,68,59,82,"191cm | 6'3""",0,-,-,Newcastle United,England
Ignacio González,74,CAM,,0,3.0,5,70,75,71,75,59,62,"180cm | 5'11""",0,-,-,Levante Unión Deportiva S.A.D.,Uruguay
Fran Mérida,74,CAM,,0,3.0,2,79,73,72,78,55,45,"173cm | 5'8""",0,-,-,Club Atlético de Madrid S.A.D.,Spain
Anthony Mounier,74,LW,,0,3.0,4,79,67,70,72,54,64,"174cm | 5'9""",0,-,-,OGC Nice,France
Toby Alderweireld,74,CB,,0,2.0,3,71,55,69,63,71,74,"186cm | 6'1""",0,-,-,Ajax,Belgium
Jack Collison,74,CM,,0,2.0,3,67,64,75,70,74,76,"182cm | 6'0""",0,-,-,West Ham United,Wales
Alan Kardec,74,ST,,0,2.0,2,75,71,58,71,60,80,"185cm | 6'1""",0,-,-,Sport Lisboa Benfica,Brazil
Miguel Ângelo Leonardo Vítor,74,CB,,0,2.0,2,72,34,52,49,73,78,"183cm | 6'0""",0,-,-,Leicester City,Portugal
Federico Macheda,74,ST,,0,3.0,3,75,74,50,69,54,71,"184cm | 6'0""",0,-,-,Manchester United,Italy
Gaël Kakuta,74,LW,,0,4.0,3,79,63,62,81,44,60,"175cm | 5'9""",0,-,-,Chelsea,France
Tomáš Hubocan,74,CB,,0,2.0,3,78,51,57,64,73,68,"183cm | 6'0""",0,-,-,Zenit St. Petersburg,Slovakia
Franco Di Santo,74,ST,,0,3.0,3,72,73,52,70,55,79,"194cm | 6'4""",0,-,-,Wigan Athletic,Argentina
André Roberto Soares da Silva,74,ST,,0,3.0,3,73,72,72,70,61,71,"180cm | 5'11""",0,-,-,Gaziantepspor,Brazil
Christian Träsch,74,CDM,,0,2.0,3,77,61,66,68,75,72,"180cm | 5'11""",0,-,-,VfB Stuttgart,Germany
Alberto Paloschi,74,ST,,0,3.0,4,80,67,47,72,53,76,"183cm | 6'0""",0,-,-,Parma,Italy
Marlos Romero Bonfim,74,CAM,,0,5.0,2,86,69,73,86,57,58,"173cm | 5'8""",0,-,-,São Paulo,Brazil
Steven N'Zonzi,74,CDM,,0,3.0,3,71,58,70,58,75,75,"190cm | 6'3""",0,-,-,Blackburn Rovers,France
Lewis Holtby,74,LM,,0,4.0,4,80,67,70,77,50,52,"176cm | 5'9""",0,-,-,1. FSV Mainz 05,Germany
Aubameyang,74,ST,,0,3.0,3,84,68,60,76,50,76,"185cm | 6'1""",0,-,-,AS Monaco FC,Gabon
Nicolas Nkoulou,74,CB,,0,2.0,3,73,38,64,65,72,70,"180cm | 5'11""",0,-,-,AS Monaco FC,Cameroon
Junior Hoilett,74,ST,,0,3.0,4,86,68,65,76,52,68,"172cm | 5'8""",0,-,-,Blackburn Rovers,Canada
Eyong Tarkang Enoh,74,CDM,,0,2.0,2,74,35,60,64,76,70,"173cm | 5'8""",0,-,-,Ajax,Cameroon
Fredy Montero,74,CF,,0,4.0,4,79,73,54,76,56,58,"176cm | 5'9""",0,-,-,Seattle Sounders FC,Colombia
Eduardo Salvio,74,RF,,0,4.0,3,84,66,63,84,55,68,"173cm | 5'8""",0,-,-,Sport Lisboa Benfica,Argentina
Nenad Milijaš,74,CM,,0,3.0,2,59,80,81,62,72,71,"188cm | 6'2""",0,-,-,Wolverhampton Wanderers,Serbia
Jobson Leandro Pereira De Oliveira,74,ST,,0,4.0,3,82,69,63,85,54,60,"175cm | 5'9""",0,-,-,Botafogo,Brazil
Philipp Bargfrede,74,CDM,,0,2.0,3,74,61,72,74,71,58,"174cm | 5'9""",0,-,-,Werder Bremen,Germany
Víctor Ruíz,74,CB,,0,2.0,2,70,46,61,53,71,72,"184cm | 6'0""",0,-,-,R.C.D. Espanyol de Barcelona S.A.D.,Spain
Phil Jones,74,CB,,0,2.0,3,68,41,59,49,71,77,"180cm | 5'11""",0,-,-,Blackburn Rovers,England
Guy Demel,73,RB,,0,2.0,3,74,50,66,69,75,66,"188cm | 6'2""",0,-,-,Hamburger SV,Ivory Coast
Christophe Landrin,73,RM,,0,3.0,3,75,64,75,71,65,61,"178cm | 5'10""",0,-,-,A.S. Saint-Etienne,France
Clarke Carlisle,73,CB,,0,2.0,3,66,33,45,55,71,83,"191cm | 6'3""",0,-,-,Burnley,England
Claude Makélélé,73,CDM,,0,3.0,3,62,33,66,68,74,57,"174cm | 5'9""",0,-,-,Paris Saint-Germain,France
Fabrice Ehret,73,LM,,0,3.0,3,83,59,69,74,64,53,"183cm | 6'0""",0,-,-,1. FC Köln,France
Leonardo Vitor Santiago,73,RW,,0,4.0,4,83,69,56,81,50,42,"171cm | 5'7""",0,-,-,NAC Breda,Brazil
Hasan Salihamidzic,73,RM,,0,3.0,4,70,63,76,72,69,76,"176cm | 5'9""",0,-,-,Juventus,Bosnia Herzegovina
Jody Craddock,73,CB,,0,2.0,3,56,42,46,43,72,80,"185cm | 6'1""",0,-,-,Wolverhampton Wanderers,England
Diogo Jorge Moreno Valente,73,LW,,0,3.0,3,77,65,71,74,63,62,"178cm | 5'10""",0,-,-,Académica Coimbra,Portugal
Simon Jentzsch,73,GK,,0,1.0,3,75,73,67,75,36,70,"196cm | 6'5""",0,-,-,FC Augsburg,Germany
Christian Brocchi,73,CDM,,0,2.0,3,74,62,76,70,72,61,"171cm | 5'7""",0,-,-,Lazio,Italy
Cristiano Lucarelli,73,ST,,0,3.0,4,61,75,60,65,64,78,"188cm | 6'2""",0,-,-,Napoli,Italy
Jérémie Bréchet,73,CB,,0,2.0,3,68,54,57,59,71,71,"186cm | 6'1""",0,-,-,FC Sochaux-Montbéliard,France
Massimo Oddo,73,RWB,,0,3.0,3,72,63,80,72,72,68,"182cm | 6'0""",0,-,-,Milan,Italy
Teddy Richert,73,GK,,0,1.0,4,76,70,73,75,36,77,"182cm | 6'0""",0,-,-,FC Sochaux-Montbéliard,France
Rabiu Afolabi,73,CB,,0,2.0,3,71,46,60,53,70,77,"184cm | 6'0""",0,-,-,FC Red Bull Salzburg,Nigeria
Mamadou Bagayoko,73,ST,,0,3.0,3,75,73,66,74,60,68,"190cm | 6'3""",0,-,-,OGC Nice,Mali
Carl Hoefkens,73,CB,,0,2.0,3,59,50,61,43,73,68,"185cm | 6'1""",0,-,-,Club Brugge KV,Belgium
Wilfred Bouma,73,LB,,0,2.0,3,75,63,70,61,72,73,"181cm | 5'11""",0,-,-,PSV,Netherlands
Kakhaber Kaladze,73,CB,,0,2.0,3,67,44,64,53,70,70,"186cm | 6'1""",0,-,-,Genoa,Georgia
Hernán Crespo,73,ST,,0,3.0,3,60,73,46,68,55,80,"184cm | 6'0""",0,-,-,Parma,Argentina
Mate Bilić,73,ST,,0,3.0,3,72,74,56,69,62,81,"185cm | 6'1""",0,-,-,Real Sporting de Gijón S.A.D.,Croatia
Miguel Ángel Salgado Fernández,73,RB,,0,3.0,3,65,51,66,63,74,74,"174cm | 5'9""",0,-,-,Blackburn Rovers,Spain
Thorstein Helstad,73,ST,,0,2.0,3,73,73,62,71,59,67,"187cm | 6'2""",0,-,-,Lemans FC,Norway
Camel Meriem,73,CAM,,0,3.0,5,74,66,73,77,50,66,"174cm | 5'9""",0,-,-,AC Arles Avignon,France
Luciano Zauri,73,RB,,0,2.0,3,71,58,72,68,70,69,"178cm | 5'10""",0,-,-,Sampdoria,Italy
Traianos Dellas,73,CB,,0,2.0,3,64,51,59,57,71,76,"196cm | 6'5""",0,-,-,AEK Athens,Greece
Christoph Dabrowski,73,CDM,,0,2.0,4,68,62,66,54,74,78,"195cm | 6'5""",0,-,-,VfL Bochum,Germany
Kieron Dyer,73,CAM,,0,3.0,3,77,69,71,79,65,56,"173cm | 5'8""",0,-,-,West Ham United,England
Albano Bizzarri,73,GK,,0,1.0,3,74,70,71,75,46,75,"188cm | 6'2""",0,-,-,Lazio,Argentina
Neil Alexander,73,GK,,0,1.0,3,77,76,71,72,56,71,"185cm | 6'1""",0,-,-,Rangers,Scotland
Michał Żewłakow,73,RB,,0,2.0,4,72,59,62,56,69,68,"183cm | 6'0""",0,-,-,MKE Ankaragücü,Poland
Benjamin Huggel,73,CDM,,0,2.0,3,70,61,68,62,75,80,"190cm | 6'3""",0,-,-,FC Basel 1893,Switzerland
Abel Fernando Moreira Ferreira,73,RB,,0,3.0,3,76,58,75,71,75,66,"179cm | 5'10""",0,-,-,Sporting CP,Portugal
Milenko Ačimovič,73,LM,,0,4.0,3,66,71,73,75,57,63,"186cm | 6'1""",0,-,-,FK Austria Wien,Slovenia
Liam Lawrence,73,RM,,0,3.0,3,70,71,77,72,60,56,"180cm | 5'11""",0,-,-,Portsmouth,Republic of Ireland
Anders Svensson,73,CM,,0,3.0,3,64,68,78,70,68,52,"180cm | 5'11""",0,-,-,IF Elfsborg,Sweden
Julian De Guzman,73,CM,,0,3.0,4,81,60,72,73,73,68,"169cm | 5'7""",0,-,-,Toronto FC,Canada
Vincenzo Grella,73,CDM,,0,3.0,3,70,58,75,69,72,66,"182cm | 6'0""",0,-,-,Blackburn Rovers,Australia
Gonzalo Sorondo,73,CB,,0,2.0,3,65,49,52,54,73,80,"190cm | 6'3""",0,-,-,I. Porto Alegre,Uruguay
Roland Linz,73,ST,,0,3.0,3,73,68,49,69,59,74,"185cm | 6'1""",0,-,-,FK Austria Wien,Austria
Romeo Castelen,73,RW,,0,4.0,3,81,56,65,80,50,49,"170cm | 5'7""",0,-,-,Hamburger SV,Netherlands
Miroslav Karhan,73,CDM,,0,2.0,3,65,58,73,64,73,71,"189cm | 6'2""",0,-,-,1. FSV Mainz 05,Slovakia
Steven Reid,73,CM,,0,3.0,3,73,74,76,65,71,74,"180cm | 5'11""",0,-,-,West Bromwich Albion,Republic of Ireland
José Edmilson Gomes de Moraes,73,CDM,,0,2.0,3,60,66,71,63,72,78,"186cm | 6'1""",0,-,-,Real Zaragoza S.A.D.,Brazil
Jon Dahl Tomasson,73,ST,,0,3.0,4,71,73,67,70,62,69,"182cm | 6'0""",0,-,-,Feyenoord,Denmark
Martin Jiránek,73,CB,,0,2.0,3,75,56,69,56,70,78,"190cm | 6'3""",0,-,-,Birmingham City,Czech Republic
Thomas Manfredini,73,CB,,0,2.0,3,71,61,53,55,69,80,"180cm | 5'11""",0,-,-,A. Bergamo,Italy
Javier Calleja Revilla,73,LM,,0,3.0,3,77,68,71,73,67,62,"171cm | 5'7""",0,-,-,Club Atlético Osasuna,Spain
Hervé Tum,73,ST,,0,3.0,3,73,71,56,65,59,73,"183cm | 6'0""",0,-,-,İstanbul  BB,Cameroon
Euzebiusz Smolarek,73,ST,,0,3.0,4,86,70,62,75,54,65,"178cm | 5'10""",0,-,-,Polonia Warszawa,Poland
Thorben Marx,73,CM,,0,2.0,3,70,66,73,67,74,68,"184cm | 6'0""",0,-,-,Borussia M'gladbach,Germany
Fabio Grosso,73,LB,,0,3.0,3,63,73,77,72,74,64,"190cm | 6'3""",0,-,-,Juventus,Italy
Geovanni Maurício Gómez,73,CAM,,0,5.0,3,80,81,64,77,48,49,"172cm | 5'8""",0,-,-,San Jose Earthquakes,Brazil
Mikael Forssell,73,ST,,0,3.0,3,73,70,59,72,56,68,"184cm | 6'0""",0,-,-,Hannover 96,Finland
Joey Didulica,73,GK,,0,1.0,3,74,69,65,77,66,73,"191cm | 6'3""",0,-,-,AZ Alkmaar,Croatia
Kristofer Hæstad,73,CDM,,0,3.0,4,75,58,63,68,75,69,"170cm | 5'7""",0,-,-,Vålerenga Fotball,Norway
Patxi Puñal Martínez,73,CDM,,0,2.0,3,67,68,75,71,72,64,"179cm | 5'10""",0,-,-,Club Atlético Osasuna,Spain
Andrea Caracciolo,73,ST,,0,3.0,3,68,69,52,66,64,82,"194cm | 6'4""",0,-,-,Brescia,Italy
Ignacio Javier Gómez Novo,73,CF,,0,3.0,3,84,68,62,69,58,64,"175cm | 5'9""",0,-,-,Real Sporting de Gijón S.A.D.,Spain
Ekrem Dağ,73,RM,,0,3.0,4,84,69,70,72,71,58,"176cm | 5'9""",0,-,-,Beşiktaş JK,Austria
Anthar Yahia,73,CB,,0,2.0,4,71,45,50,56,68,78,"185cm | 6'1""",0,-,-,VfL Bochum,Algeria
Habib Bamogo,73,ST,,0,3.0,3,76,71,54,67,60,70,"176cm | 5'9""",0,-,-,OGC Nice,Burkina Faso
Guillermo Giacomazzi,73,CM,,0,2.0,3,60,70,68,70,72,75,"183cm | 6'0""",0,-,-,Lecce,Uruguay
Alhassane Keita,73,ST,,0,4.0,3,88,71,58,77,54,64,"169cm | 5'7""",0,-,-,Real Valladolid Club de Fútbol S.A.D.,Guinea
David Bellion,73,ST,,0,4.0,3,82,68,65,73,58,71,"181cm | 5'11""",0,-,-,Girondins de Bordeaux,France
Jonathan Greening,73,CDM,,0,3.0,4,70,67,73,70,73,58,"180cm | 5'11""",0,-,-,Fulham,England
Steve Harper,73,GK,,0,1.0,3,72,75,71,76,34,75,"188cm | 6'2""",0,-,-,Newcastle United,England
Maurizio Domizzi,73,CB,,0,2.0,3,63,62,64,57,72,70,"185cm | 6'1""",0,-,-,Udinese,Italy
Keith Andrews,73,CDM,,0,2.0,3,64,65,72,61,74,69,"183cm | 6'0""",0,-,-,Blackburn Rovers,Republic of Ireland
Romain Pitau,73,CDM,,0,3.0,3,70,61,72,64,74,61,"178cm | 5'10""",0,-,-,Montpellier Hérault Sport Club,France
Maik Taylor,73,GK,,0,1.0,3,70,78,65,72,53,77,"193cm | 6'4""",0,-,-,Birmingham City,Northern Ireland
Blaise Nkufo,73,ST,,0,3.0,3,56,73,50,70,64,76,"188cm | 6'2""",0,-,-,Seattle Sounders FC,Switzerland
Matthias Lehmann,73,CM,,0,2.0,3,71,74,72,67,73,68,"179cm | 5'10""",0,-,-,FC St. Pauli,Germany
David Murphy,73,LB,,0,2.0,3,78,43,69,55,71,68,"183cm | 6'0""",0,-,-,Birmingham City,England
Philipp Degen,73,RWB,,0,3.0,3,80,49,65,75,71,64,"185cm | 6'1""",0,-,-,VfB Stuttgart,Switzerland
Rolando Bianchi,73,ST,,0,3.0,3,77,69,54,67,62,80,"188cm | 6'2""",0,-,-,F. Torino,Italy
Carlos Reina Aranda,73,ST,,0,3.0,3,76,70,63,72,61,71,"186cm | 6'1""",0,-,-,Club Atlético Osasuna,Spain
Mike Hanke,73,ST,,0,3.0,3,69,69,57,67,61,80,"185cm | 6'1""",0,-,-,Hannover 96,Germany
Jason Roberts,73,ST,,0,3.0,3,77,70,34,70,68,74,"185cm | 6'1""",0,-,-,Blackburn Rovers,Grenada
Jason Koumas,73,CAM,,0,4.0,4,72,75,72,75,60,48,"178cm | 5'10""",0,-,-,Cardiff City,Wales
Jelle Van Damme,73,LB,,0,2.0,3,69,66,64,64,77,76,"191cm | 6'3""",0,-,-,Wolverhampton Wanderers,Belgium
Jay Bothroyd,73,ST,,0,3.0,4,71,72,66,70,57,74,"191cm | 6'3""",0,-,-,Cardiff City,England
Stijn Stijnen,73,GK,,0,1.0,2,74,65,65,76,57,75,"189cm | 6'2""",0,-,-,Club Brugge KV,Belgium
Kris Commons,73,LW,,0,3.0,3,72,73,70,75,50,49,"168cm | 5'6""",0,-,-,Derby County,Scotland
Nery Alberto Castillo,73,CF,,0,4.0,4,83,73,58,79,50,64,"170cm | 5'7""",0,-,-,Chicago Fire,Mexico
Simone Padoin,73,LM,,0,3.0,4,75,66,73,71,70,62,"179cm | 5'10""",0,-,-,A. Bergamo,Italy
Stefano Morrone,73,CDM,,0,3.0,4,72,61,70,71,72,60,"178cm | 5'10""",0,-,-,Parma,Italy
Richarlyson Barbosa Felisbino,73,CDM,,0,4.0,2,81,71,75,75,68,70,"176cm | 5'9""",0,-,-,São Paulo,Brazil
François-Joseph Modesto,73,CB,,0,2.0,2,64,34,62,37,73,69,"183cm | 6'0""",0,-,-,Olympiakos CFP,France
Carlos Gurpegi Nausia,73,CDM,,0,2.0,3,74,51,65,62,76,74,"181cm | 5'11""",0,-,-,Athletic Club de Bilbao,Spain
Marco Streller,73,ST,,0,3.0,3,71,67,56,72,62,84,"197cm | 6'6""",0,-,-,FC Basel 1893,Switzerland
José Manuel Pinto Colorado,73,GK,,0,1.0,3,78,75,78,70,43,71,"185cm | 6'1""",0,-,-,F.C. Barcelona,Spain
Ferrán Corominas Telechea,73,CF,,0,3.0,3,80,69,69,75,56,64,"171cm | 5'7""",0,-,-,R.C.D. Espanyol de Barcelona S.A.D.,Spain
Sergio Fernández González,73,CB,,0,2.0,3,59,44,55,52,74,68,"191cm | 6'3""",0,-,-,Club Atlético Osasuna,Spain
Óscar Javier González Marcos,73,CAM,,0,3.0,3,75,72,73,69,59,70,"176cm | 5'9""",0,-,-,Real Valladolid Club de Fútbol S.A.D.,Spain
Luis Javier García Sanz,73,RW,,0,4.0,5,73,71,69,79,59,60,"177cm | 5'10""",0,-,-,Panathinaikos FC,Spain
Riesgo,73,GK,,0,1.0,3,77,72,61,72,59,76,"185cm | 6'1""",0,-,-,Club Atlético Osasuna,Spain
Sergio Aragoneses Almeida,73,GK,,0,1.0,3,80,65,65,83,68,64,"182cm | 6'0""",0,-,-,Club Deportivo Tenerife S.A.D.,Spain
Andreas Wolf,73,CB,,0,2.0,3,62,47,59,41,72,72,"182cm | 6'0""",0,-,-,1. FC Nürnberg,Germany
Diego Rivas Gutiérrez,73,CDM,,0,2.0,3,66,54,66,59,75,61,"180cm | 5'11""",0,-,-,Real Sociedad de Fútbol S.A.D.,Spain
Francesco Modesto,73,LM,,0,3.0,3,77,60,73,71,73,66,"177cm | 5'10""",0,-,-,Genoa,Italy
Albert Streit,73,RM,,0,4.0,3,74,63,69,78,48,46,"180cm | 5'11""",0,-,-,FC Schalke 04,Germany
Abraham Paz Cruz,73,CB,,0,2.0,3,66,54,70,54,69,76,"178cm | 5'10""",0,-,-,Hércules Club de Fútbol S.A.D.,Spain
Nikolče Noveski,73,CB,,0,2.0,3,55,52,59,43,70,77,"190cm | 6'3""",0,-,-,1. FSV Mainz 05,FYR Macedonia
Sébastien Roudet,73,LM,,0,3.0,2,78,68,74,71,61,53,"174cm | 5'9""",0,-,-,Racing Club de Lens,France
David Ducourtioux,73,RB,,0,2.0,4,72,59,71,60,71,72,"177cm | 5'10""",0,-,-,Valenciennes FC,France
Tyrone Mears,73,RB,,0,2.0,3,76,58,74,67,74,67,"180cm | 5'11""",0,-,-,Burnley,England
Fabio Coltorti,73,GK,,0,1.0,3,73,75,77,74,62,72,"197cm | 6'6""",0,-,-,Real Racing Club S.A.D.,Switzerland
Christian Schulz,73,LB,,0,2.0,4,69,51,72,63,70,74,"185cm | 6'1""",0,-,-,Hannover 96,Germany
Hasan Kabze,73,ST,,0,3.0,4,71,73,68,76,60,68,"185cm | 6'1""",0,-,-,Montpellier Hérault Sport Club,Turkey
Stephan Andersen,73,GK,,0,1.0,2,74,67,55,77,54,75,"190cm | 6'3""",0,-,-,Brøndby IF,Denmark
Mustafa Sarp,73,CM,,0,2.0,3,73,61,74,69,79,72,"187cm | 6'2""",0,-,-,Galatasaray SK,Turkey
Jan Schlaudraff,73,CF,,0,4.0,4,83,71,66,79,46,52,"180cm | 5'11""",0,-,-,Hannover 96,Germany
Mimoun Azaouagh,73,CAM,,0,4.0,3,78,70,71,81,47,39,"175cm | 5'9""",0,-,-,VfL Bochum,Germany
Daniel Örlund,73,GK,,0,1.0,3,74,75,72,77,56,72,"194cm | 6'4""",0,-,-,Rosenborg BK,Sweden
Atiba Hutchinson,73,CM,,0,3.0,5,75,68,71,75,65,68,"187cm | 6'2""",0,-,-,PSV,Canada
Malik Fathi,73,LB,,0,2.0,3,73,43,72,69,69,71,"185cm | 6'1""",0,-,-,1. FSV Mainz 05,Germany
Scott Brown,73,CM,,0,3.0,3,83,63,70,75,78,46,"178cm | 5'10""",0,-,-,Celtic,Scotland
Benni McCarthy,73,ST,,0,3.0,4,69,76,63,72,57,73,"183cm | 6'0""",0,-,-,West Ham United,South Africa
Martin Lanig,73,CM,,0,3.0,3,69,72,73,68,75,79,"190cm | 6'3""",0,-,-,1. FC Köln,Germany
Rubens Fernando Moedim,73,GK,,0,1.0,2,74,73,66,75,45,73,"186cm | 6'1""",0,-,-,F. Torino,Brazil
Fabrício de Souza,73,CM,,0,3.0,3,76,71,78,73,73,62,"180cm | 5'11""",0,-,-,Cruzeiro,Brazil
Junior Cesar E. Machado,73,LWB,,0,3.0,2,87,67,72,76,69,62,"166cm | 5'5""",0,-,-,São Paulo,Brazil
Rodolfo Dantas Bispo,73,CB,,0,3.0,3,71,62,70,56,70,72,"183cm | 6'0""",0,-,-,Lokomotiv Moskva,Brazil
Diego S. C. de Menezes,73,GK,,0,1.0,2,76,74,68,71,39,74,"186cm | 6'1""",0,-,-,C. Nordeste,Brazil
Fernando Miguel Fernández Escribano,73,CAM,,0,3.0,3,71,72,69,70,56,68,"181cm | 5'11""",0,-,-,Málaga Club de Fútbol S.A.D.,Spain
Juan Luis Gómez López,73,LW,,0,3.0,3,77,74,70,75,63,61,"172cm | 5'8""",0,-,-,Levante Unión Deportiva S.A.D.,Spain
Leonardo da Silva Moura,73,RWB,,0,2.0,1,81,72,77,77,67,54,"176cm | 5'9""",0,-,-,Flamengo,Brazil
Giuseppe Biava,73,CB,,0,2.0,3,64,48,60,50,70,74,"180cm | 5'11""",0,-,-,Lazio,Italy
Michele Pazienza,73,CDM,,0,3.0,2,69,49,72,65,71,71,"178cm | 5'10""",0,-,-,Napoli,Italy
Georgios Samaras,73,ST,,0,3.0,3,76,68,61,73,54,77,"193cm | 6'4""",0,-,-,Celtic,Greece
Carlos Rodrigues Corrêa,73,CM,,0,3.0,3,74,73,77,65,70,60,"176cm | 5'9""",0,-,-,Flamengo,Brazil
Élson Falcão da Silva,73,CAM,,0,3.0,3,74,74,70,77,54,44,"172cm | 5'8""",0,-,-,VfB Stuttgart,Brazil
Gennaro Bracigliano,73,GK,,0,1.0,3,75,73,71,75,33,76,"183cm | 6'0""",0,-,-,A.S. Nancy Lorraine,France
Joey Barton,73,CM,,0,3.0,3,70,68,70,66,77,68,"180cm | 5'11""",0,-,-,Newcastle United,England
Stanislav Vlček,73,RF,,0,3.0,3,75,70,72,73,64,68,"183cm | 6'0""",0,-,-,Slavia Praha,Czech Republic
Emerse Faé,73,CDM,,0,2.0,3,77,60,68,67,77,72,"174cm | 5'9""",0,-,-,OGC Nice,Ivory Coast
Roberto Abbondanzieri,73,GK,,0,1.0,3,61,76,83,68,61,83,"186cm | 6'1""",0,-,-,I. Porto Alegre,Argentina
Clemente Rodríguez,73,LWB,,0,3.0,3,81,56,68,67,68,67,"166cm | 5'5""",0,-,-,Boca Juniors,Argentina
João Henrique Pataco Tomás,73,ST,,0,3.0,4,69,71,63,62,64,79,"188cm | 6'2""",0,-,-,Rio Ave FC,Portugal
Miguel Sabah,73,ST,,0,3.0,3,73,70,68,71,61,77,"175cm | 5'9""",0,-,-,Monarcas Morelia,Mexico
Fabián Vargas,73,CM,,0,3.0,3,72,69,71,74,70,67,"178cm | 5'10""",0,-,-,Unión Deportiva Almería S.A.D.,Colombia
Christian Fuchs,73,LWB,,0,3.0,2,74,67,74,73,71,68,"186cm | 6'1""",0,-,-,1. FSV Mainz 05,Austria
Daisuke Matsui,73,CAM,,0,4.0,4,77,72,71,80,55,68,"175cm | 5'9""",0,-,-,Tom Tomsk,Japan
Eduardo G. de Oliveira,73,ST,,0,3.0,3,74,70,60,72,60,69,"185cm | 6'1""",0,-,-,FC Schalke 04,Brazil
Tal Ben-Haim,73,CB,,0,2.0,3,52,38,48,38,72,79,"185cm | 6'1""",0,-,-,West Ham United,Israel
Antonín Kinský,73,GK,,0,1.0,3,71,70,75,76,47,75,"189cm | 6'2""",0,-,-,Saturn Ramenskoye,Czech Republic
Zdeněk Pospěch,73,RB,,0,2.0,3,81,66,72,69,71,65,"174cm | 5'9""",0,-,-,FC København,Czech Republic
Krisztián Vadócz,73,CM,,0,2.0,4,70,72,69,63,72,76,"188cm | 6'2""",0,-,-,Club Atlético Osasuna,Hungary
Giourkas Seitaridis,73,RB,,0,3.0,3,76,48,70,72,71,62,"185cm | 6'1""",0,-,-,Panathinaikos FC,Greece
Macbeth Sibaya,73,CDM,,0,3.0,3,77,63,74,63,73,52,"176cm | 5'9""",0,-,-,Rubin Kazan,South Africa
Sebastián Saja,73,GK,,0,1.0,3,78,73,64,73,23,70,"188cm | 6'2""",0,-,-,AEK Athens,Argentina
Pedro Iarley Dantas,73,CF,,0,4.0,4,75,73,70,76,58,60,"170cm | 5'7""",0,-,-,Corinthians,Brazil
Emanuel Rivas,73,LW,,0,4.0,4,81,65,62,79,51,52,"175cm | 5'9""",0,-,-,Bari,Argentina
Tolga Zengin,73,GK,,0,1.0,2,73,69,66,79,63,74,"192cm | 6'4""",0,-,-,Trabzonspor,Turkey
Leandro Fernández,73,CB,,0,3.0,3,72,48,64,53,68,78,"179cm | 5'10""",0,-,-,Dinamo Moskva,Argentina
Yusuf Şimşek,73,CAM,,0,4.0,4,61,66,74,81,60,60,"185cm | 6'1""",0,-,-,Beşiktaş JK,Turkey
Mikael Dorsin,73,LWB,,0,3.0,3,76,54,70,71,75,70,"182cm | 6'0""",0,-,-,Rosenborg BK,Sweden
Ricardo León Brito,73,CM,,0,2.0,3,70,62,74,68,72,60,"186cm | 6'1""",0,-,-,Club Deportivo Tenerife S.A.D.,Spain
Iván Alonso,73,ST,,0,3.0,3,69,71,62,70,58,78,"180cm | 5'11""",0,-,-,R.C.D. Espanyol de Barcelona S.A.D.,Uruguay
David Cortés Caballero,73,RB,,0,2.0,2,83,35,68,72,72,68,"181cm | 5'11""",0,-,-,Hércules Club de Fútbol S.A.D.,Spain
Álvaro Rubio Robres,73,CM,,0,2.0,3,63,66,78,65,71,58,"178cm | 5'10""",0,-,-,Real Valladolid Club de Fútbol S.A.D.,Spain
Ustaritz Aldekoaotalora,73,CB,,0,2.0,3,65,44,56,50,71,76,"183cm | 6'0""",0,-,-,Athletic Club de Bilbao,Spain
Javier Pinola,73,LWB,,0,3.0,3,75,50,66,69,73,68,"178cm | 5'10""",0,-,-,1. FC Nürnberg,Argentina
Roman Adamov,73,ST,,0,3.0,4,75,71,64,69,64,76,"189cm | 6'2""",0,-,-,FC Rostov,Russia
Dmitriy Torbinskiy,73,LM,,0,3.0,3,84,64,72,70,70,61,"172cm | 5'8""",0,-,-,Lokomotiv Moskva,Russia
Alexey Medvedev,73,ST,,0,3.0,3,73,72,52,68,65,74,"182cm | 6'0""",0,-,-,Rubin Kazan,Russia
Deividas Semberas,73,CDM,,0,2.0,3,69,61,66,64,76,72,"189cm | 6'2""",0,-,-,CSKA Moskva,Lithuania
Renat Yanbaev,73,LWB,,0,3.0,5,79,57,75,70,71,60,"178cm | 5'10""",0,-,-,Lokomotiv Moskva,Russia
Kjetil Wæhler,73,CB,,0,2.0,4,73,39,42,26,73,74,"183cm | 6'0""",0,-,-,Aalborg BK,Norway
Guglielmo Stendardo,73,CB,,0,2.0,3,59,43,50,37,73,78,"190cm | 6'3""",0,-,-,Lazio,Italy
Diomansy Kamara,73,ST,,0,4.0,4,83,67,55,79,49,71,"181cm | 5'11""",0,-,-,Fulham,Senegal
Luciano de Oliveira,73,RM,,0,3.0,3,74,65,72,72,65,62,"181cm | 5'11""",0,-,-,Chievo Verona,Brazil
Keith Fahey,73,CM,,0,3.0,3,71,69,77,74,62,63,"178cm | 5'10""",0,-,-,Birmingham City,Republic of Ireland
Tamir Cohen,73,CM,,0,2.0,3,72,74,70,71,74,64,"181cm | 5'11""",0,-,-,Bolton Wanderers,Israel
Heiko Butscher,73,CB,,0,2.0,3,69,58,66,49,72,75,"189cm | 6'2""",0,-,-,SC Freiburg,Germany
Ronald Zubar,73,CB,,0,2.0,3,70,45,55,44,70,74,"186cm | 6'1""",0,-,-,Wolverhampton Wanderers,France
Christophe Jallet,73,RB,,0,2.0,3,75,66,74,68,73,63,"178cm | 5'10""",0,-,-,Paris Saint-Germain,France
Nicolas Plestan,73,CB,,0,2.0,3,69,46,61,54,69,72,"184cm | 6'0""",0,-,-,FC Schalke 04,France
Gilles Yapi Yapo,73,CM,,0,4.0,3,82,60,67,76,69,63,"171cm | 5'7""",0,-,-,FC Basel 1893,Ivory Coast
Jérémy Berthod,73,LB,,0,2.0,3,76,41,72,39,74,72,"180cm | 5'11""",0,-,-,AJ Auxerre,France
Martin Vingaard,73,RM,,0,3.0,5,74,72,75,70,64,52,"180cm | 5'11""",0,-,-,FC København,Denmark
Peter Utaka,73,ST,,0,3.0,3,76,67,48,74,58,61,"177cm | 5'10""",0,-,-,Odense Boldklub,Nigeria
Washington Stecanela Cerqueira,73,ST,,0,3.0,2,66,73,52,65,68,81,"190cm | 6'3""",0,-,-,Fluminense,Brazil
Leonardo da Silva e Silva,73,CB,,0,2.0,2,73,42,43,36,72,84,"192cm | 6'4""",0,-,-,Cruzeiro,Brazil
Koikili Lertxundi del Campo,73,LB,,0,2.0,2,75,59,65,60,71,70,"168cm | 5'6""",0,-,-,Athletic Club de Bilbao,Spain
Jorge Molina,73,ST,,0,2.0,4,68,72,52,65,65,78,"188cm | 6'2""",0,-,-,Real Betis Balompié S.A.D. ,Spain
Manuel Pasqual,73,LB,,0,3.0,2,78,61,73,73,71,68,"178cm | 5'10""",0,-,-,Fiorentina,Italy
Rob Friend,73,ST,,0,3.0,3,67,71,45,63,64,86,"195cm | 6'5""",0,-,-,Hertha BSC,Canada
Manuel Jesus Ortiz Toribio,73,CDM,,0,2.0,4,69,57,63,61,73,72,"182cm | 6'0""",0,-,-,Club Atlético Osasuna,Spain
Tomáš Cerný,73,GK,,0,1.0,1,74,74,63,76,53,73,"184cm | 6'0""",0,-,-,Hamilton Academicals,Czech Republic
Antonio Tomás González,73,CDM,,0,3.0,4,76,63,72,69,73,62,"176cm | 5'9""",0,-,-,Real Club Deportivo de La Coruña S.A.D.,Spain
Federico Vilar,73,GK,,0,1.0,3,75,72,75,76,49,69,"181cm | 5'11""",0,-,-,Monarcas Morelia,Argentina
Cristian Sapunaru,73,RB,,0,2.0,3,71,54,64,66,73,76,"187cm | 6'2""",0,-,-,FC Porto,Romania
Karim Haggui,73,CB,,0,2.0,5,68,37,54,45,69,74,"190cm | 6'3""",0,-,-,Hannover 96,Tunisia
Mauricio Molina,73,LF,,0,4.0,3,74,78,76,73,57,56,"177cm | 5'10""",0,-,-,Seongnam Ilhwa Chunma,Colombia
Jonathan Legear,73,RW,,0,3.0,3,86,69,64,75,54,64,"179cm | 5'10""",0,-,-,RSC Anderlecht,Belgium
Edson Braafheid,73,LB,,0,3.0,3,80,46,69,70,71,66,"176cm | 5'9""",0,-,-,Bayern München,Netherlands
Edison Méndez,73,CM,,0,3.0,3,75,75,77,72,67,63,"175cm | 5'9""",0,-,-,Atlético Mineiro,Ecuador
Christophe Berra,73,CB,,0,2.0,3,67,15,52,48,70,78,"185cm | 6'1""",0,-,-,Wolverhampton Wanderers,Scotland
Andreas Ottl,73,CDM,,0,2.0,3,65,54,65,65,72,74,"186cm | 6'1""",0,-,-,Bayern München,Germany
Mariano Bogliacino,73,CAM,,0,3.0,2,69,71,73,76,67,67,"177cm | 5'10""",0,-,-,Chievo Verona,Uruguay
João Carlos Pinto Chaves,73,CB,,0,2.0,4,67,59,65,70,72,73,"189cm | 6'2""",0,-,-,KRC Genk,Brazil
Ibrahim Sekagya,73,CB,,0,2.0,3,66,39,46,61,70,74,"185cm | 6'1""",0,-,-,FC Red Bull Salzburg,Uganda
Jean Beausejour,73,LW,,0,4.0,3,79,69,68,75,70,62,"177cm | 5'10""",0,-,-,Birmingham City,Chile
Marco Padalino,73,RM,,0,3.0,3,82,64,69,74,68,61,"177cm | 5'10""",0,-,-,Sampdoria,Switzerland
Michael Krohn-Dehli,73,RM,,0,4.0,4,74,58,67,80,49,60,"170cm | 5'7""",0,-,-,Brøndby IF,Denmark
Erwin Hoffer,73,ST,,0,3.0,3,85,68,57,72,53,65,"176cm | 5'9""",0,-,-,1. FC Kaiserslautern,Austria
Loukas Vyntra,73,CB,,0,2.0,3,74,64,69,61,72,68,"184cm | 6'0""",0,-,-,Panathinaikos FC,Greece
Milos Maric,73,CM,,0,3.0,3,74,73,73,73,74,65,"176cm | 5'9""",0,-,-,VfL Bochum,Serbia
Zapater,73,CDM,,0,3.0,3,75,65,78,73,68,62,"178cm | 5'10""",0,-,-,Sporting CP,Spain
André Ooijer,73,CB,,0,2.0,3,64,45,58,51,70,76,"184cm | 6'0""",0,-,-,Ajax,Netherlands
Ross Turnbull,73,GK,,0,1.0,2,77,72,73,74,50,71,"193cm | 6'4""",0,-,-,Chelsea,England
James Vaughan,73,ST,,0,3.0,3,74,68,56,71,66,77,"180cm | 5'11""",0,-,-,Crystal Palace,England
Michele Canini,73,RB,,0,2.0,3,70,45,67,51,72,78,"187cm | 6'2""",0,-,-,Cagliari,Italy
Jonny Magallón,73,CB,,0,2.0,3,73,50,68,57,73,74,"178cm | 5'10""",0,-,-,Guadalajara,Mexico
Matt Jarvis,73,LM,,0,3.0,5,78,56,73,74,56,54,"170cm | 5'7""",0,-,-,Wolverhampton Wanderers,England
Paulo Cesar Baier,73,CM,,0,3.0,3,71,72,80,77,66,68,"181cm | 5'11""",0,-,-,Atlético Paranaense,Brazil
Wellington Pereira Nascimento,73,ST,,0,3.0,3,76,74,58,65,60,84,"180cm | 5'11""",0,-,-,Cruzeiro,Brazil
Aleksandar Vasoski,73,CB,,0,2.0,3,67,42,55,44,68,76,"180cm | 5'11""",0,-,-,Eintracht Frankfurt,FYR Macedonia
Tim Hoogland,73,RB,,0,2.0,3,74,67,74,67,74,76,"183cm | 6'0""",0,-,-,FC Schalke 04,Germany
Lee Wallace,73,LB,,0,2.0,3,81,34,65,65,75,72,"180cm | 5'11""",0,-,-,Heart of Midlothian,Scotland
Stuart Holden,73,CAM,,0,3.0,5,79,71,76,73,61,58,"175cm | 5'9""",0,-,-,Bolton Wanderers,United States
Lukasz Fabianski,73,GK,,0,1.0,2,78,68,66,83,50,65,"190cm | 6'3""",0,-,-,Arsenal,Poland
Tiago João Targino da Silva,73,RW,,0,3.0,4,86,65,67,73,62,62,"180cm | 5'11""",0,-,-,Vitória de Guimarães,Portugal
Juan Valera Espín,73,RM,,0,2.0,3,81,54,72,71,68,68,"184cm | 6'0""",0,-,-,Club Atlético de Madrid S.A.D.,Spain
Dorin Goian,73,CB,,0,2.0,3,57,53,54,48,71,80,"194cm | 6'4""",0,-,-,Palermo,Romania
Juan Maldonado Jaimez Junior,73,LWB,,0,2.0,2,81,71,72,74,64,54,"167cm | 5'6""",0,-,-,Flamengo,Brazil
Danilo Veron Bairros,73,CF,,0,5.0,3,81,70,70,77,54,61,"160cm | 5'3""",0,-,-,Jaguares de Chiapas,Brazil
Jan Šimůnek,73,CB,,0,2.0,3,70,36,53,53,69,76,"187cm | 6'2""",0,-,-,1. FC Kaiserslautern,Czech Republic
Antonio Marcos da Silva Filho,73,CDM,,0,3.0,4,72,61,71,73,73,57,"174cm | 5'9""",0,-,-,Cruzeiro,Brazil
Sylvan Ebanks-Blake,73,ST,,0,3.0,3,83,68,45,75,52,61,"173cm | 5'8""",0,-,-,Wolverhampton Wanderers,England
Adrian Ricchiuti,73,CAM,,0,4.0,4,75,68,75,78,58,53,"168cm | 5'6""",0,-,-,Catania,Argentina
Christian Eichner,73,LB,,0,3.0,3,68,61,75,69,71,66,"183cm | 6'0""",0,-,-,TSG 1899 Hoffenheim,Germany
André Bahia,73,CB,,0,2.0,3,71,43,55,64,67,80,"182cm | 6'0""",0,-,-,Feyenoord,Brazil
Armand Traoré,73,LWB,,0,3.0,2,86,50,73,77,71,60,"185cm | 6'1""",0,-,-,Juventus,France
Danny Simpson,73,RB,,0,3.0,3,80,39,67,56,70,69,"174cm | 5'9""",0,-,-,Newcastle United,England
Martin Paterson,73,ST,,0,3.0,3,80,71,43,69,56,70,"178cm | 5'10""",0,-,-,Burnley,Northern Ireland
Wayne Hennessey,73,GK,,0,1.0,2,73,70,75,79,50,68,"196cm | 6'5""",0,-,-,Wolverhampton Wanderers,Wales
Alejandro Alonso,73,RW,,0,4.0,3,74,64,72,75,54,51,"170cm | 5'7""",0,-,-,AS Monaco FC,Argentina
José Enrique Sánchez Díaz,73,LB,,0,3.0,3,77,59,73,65,71,65,"184cm | 6'0""",0,-,-,Newcastle United,Spain
Nicolás Fedor Flores,73,ST,,0,3.0,3,77,71,53,71,61,72,"185cm | 6'1""",0,-,-,Getafe Club de Fútbol S.A.D.,Venezuela
Sisinio González Martínez,73,RM,,0,4.0,4,78,63,68,79,50,60,"168cm | 5'6""",0,-,-,Real Valladolid Club de Fútbol S.A.D.,Spain
Cheik Ismael Tioté,73,CM,,0,3.0,2,76,56,66,77,77,70,"180cm | 5'11""",0,-,-,Newcastle United,Ivory Coast
Thomas Enevoldsen,73,CAM,,0,3.0,4,80,72,67,76,65,56,"181cm | 5'11""",0,-,-,FC Groningen,Denmark
José Roberto de Oliveira,73,CF,,0,4.0,3,77,71,76,79,52,60,"170cm | 5'7""",0,-,-,Vasco da Gama,Brazil
Marcelo Moretto de Souza,73,GK,,0,1.0,2,76,66,70,76,37,73,"195cm | 6'5""",0,-,-,S.C. Olhanense,Brazil
José María Basanta,73,CB,,0,2.0,3,71,41,59,57,71,70,"188cm | 6'2""",0,-,-,Monterrey,Argentina
Mikel González Martínez,73,CB,,0,2.0,3,73,43,56,50,70,72,"188cm | 6'2""",0,-,-,Real Sociedad de Fútbol S.A.D.,Spain
Keiren Westwood,73,GK,,0,1.0,3,78,72,70,78,50,67,"188cm | 6'2""",0,-,-,Coventry City,Republic of Ireland
Mohamed Fofana,73,CB,,0,2.0,3,60,41,50,38,70,74,"181cm | 5'11""",0,-,-,Toulouse FC,France
Daniele Dessena,73,CM,,0,3.0,3,74,68,70,71,71,70,"183cm | 6'0""",0,-,-,Sampdoria,Italy
Torrejón,73,CB,,0,2.0,3,66,39,54,47,72,72,"187cm | 6'2""",0,-,-,Real Racing Club S.A.D.,Spain
Luca Antonelli,73,LWB,,0,2.0,3,80,53,70,68,71,60,"184cm | 6'0""",0,-,-,Parma,Italy
Christoph Leitgeb,73,CM,,0,4.0,4,77,67,72,79,67,54,"172cm | 5'8""",0,-,-,FC Red Bull Salzburg,Austria
Marcano,73,CB,,0,2.0,3,73,42,70,63,74,69,"187cm | 6'2""",0,-,-,Getafe Club de Fútbol S.A.D.,Spain
Luton Shelton,73,ST,,0,3.0,3,93,65,51,76,51,68,"183cm | 6'0""",0,-,-,Vålerenga Fotball,Jamaica
Maynor Figueroa,73,LB,,0,3.0,2,80,65,71,67,73,59,"180cm | 5'11""",0,-,-,Wigan Athletic,Honduras
Felipe Caicedo,73,ST,,0,3.0,3,78,72,58,73,67,70,"185cm | 6'1""",0,-,-,Levante Unión Deportiva S.A.D.,Ecuador
Jairo Campos,73,CB,,0,2.0,3,77,56,56,56,72,70,"180cm | 5'11""",0,-,-,Atlético Mineiro,Ecuador
Marek Sapara,73,CM,,0,3.0,4,72,74,76,69,66,61,"176cm | 5'9""",0,-,-,MKE Ankaragücü,Slovakia
Stanislav Šesták,73,CF,,0,3.0,5,86,66,59,73,52,63,"179cm | 5'10""",0,-,-,MKE Ankaragücü,Slovakia
Aleksandar Luković,73,LB,,0,3.0,3,73,57,71,68,73,74,"184cm | 6'0""",0,-,-,Zenit St. Petersburg,Serbia
Ritchie De Laet,73,CB,,0,2.0,4,68,36,55,57,73,73,"188cm | 6'2""",0,-,-,Manchester United,Belgium
Jan Rosenthal,73,CAM,,0,3.0,3,73,73,72,74,58,68,"186cm | 6'1""",0,-,-,SC Freiburg,Germany
Prince Tagoe,73,ST,,0,3.0,3,77,71,64,71,57,80,"188cm | 6'2""",0,-,-,TSG 1899 Hoffenheim,Ghana
Przemyslaw Tyton,73,GK,,0,1.0,2,78,73,65,76,37,66,"195cm | 6'5""",0,-,-,Roda JC,Poland
David Ferreira,73,CAM,,0,3.0,4,74,71,71,74,64,55,"166cm | 5'5""",0,-,-,FC Dallas,Colombia
Garry Bocaly,73,RWB,,0,2.0,3,80,55,71,60,71,68,"180cm | 5'11""",0,-,-,Montpellier Hérault Sport Club,France
Sebastian Boenisch,73,LB,,0,2.0,4,75,54,63,59,76,76,"191cm | 6'3""",0,-,-,Werder Bremen,Poland
Hugo Droguett,73,LM,,0,3.0,2,74,71,72,73,64,53,"172cm | 5'8""",0,-,-,Monarcas Morelia,Chile
Barış Özbek,73,CM,,0,3.0,3,76,63,75,74,72,65,"180cm | 5'11""",0,-,-,Galatasaray SK,Turkey
Patrick Ebert,73,RM,,0,3.0,4,77,58,73,74,57,61,"176cm | 5'9""",0,-,-,Hertha BSC,Germany
Lars Bender,73,CDM,,0,2.0,3,72,56,71,65,70,68,"183cm | 6'0""",0,-,-,Bayer 04 Leverkusen,Germany
Tobias Sippel,73,GK,,0,1.0,2,74,69,66,79,60,70,"180cm | 5'11""",0,-,-,1. FC Kaiserslautern,Germany
Héctor Mancilla,73,ST,,0,3.0,3,74,71,63,73,60,75,"179cm | 5'10""",0,-,-,Toluca,Chile
Ümit Korkmaz,73,LM,,0,3.0,4,81,62,70,79,56,54,"175cm | 5'9""",0,-,-,Eintracht Frankfurt,Austria
Mobido Diakité,73,CB,,0,2.0,2,68,39,53,37,72,78,"192cm | 6'4""",0,-,-,Lazio,France
Martin Harnik,73,ST,,0,3.0,4,79,68,67,74,65,74,"185cm | 6'1""",0,-,-,VfB Stuttgart,Austria
Royston Drenthe,73,LM,,0,4.0,2,84,58,72,73,67,72,"167cm | 5'6""",0,-,-,Hércules Club de Fútbol S.A.D.,Netherlands
Cissé,73,ST,,0,3.0,3,75,71,64,73,54,70,"183cm | 6'0""",0,-,-,SC Freiburg,Senegal
Erik Jendrisek,73,ST,,0,3.0,3,81,69,66,72,57,70,"176cm | 5'9""",0,-,-,FC Schalke 04,Slovakia
Abdel Kader Ghezzal,73,CF,,0,3.0,4,76,71,63,73,63,69,"183cm | 6'0""",0,-,-,Bari,Algeria
Karim Matmour,73,CF,,0,3.0,3,83,69,65,77,57,58,"181cm | 5'11""",0,-,-,Borussia M'gladbach,Algeria
Nikola Drinčić,73,CDM,,0,2.0,3,73,65,77,70,72,73,"182cm | 6'0""",0,-,-,Spartak Moskva,Montenegro
Claudinei Félix Silva,73,RWB,,0,3.0,2,83,63,68,72,74,68,"175cm | 5'9""",0,-,-,I. Porto Alegre,Brazil
Eder Citadin Martins,73,CF,,0,3.0,4,78,74,64,78,57,56,"178cm | 5'10""",0,-,-,Brescia,Brazil
Manuel Arana Rodríguez,73,RM,,0,3.0,3,75,75,77,72,54,48,"175cm | 5'9""",0,-,-,Real Racing Club S.A.D.,Spain
Nikolay Mihaylov,73,GK,,0,1.0,2,75,71,73,77,71,69,"194cm | 6'4""",0,-,-,FC Twente,Bulgaria
Vito Mannone,73,GK,,0,1.0,2,72,73,63,74,50,77,"194cm | 6'4""",0,-,-,Arsenal,Italy
Maurice Edu,73,CM,,0,3.0,4,78,63,68,71,76,69,"183cm | 6'0""",0,-,-,Rangers,United States
Federico Fazio,73,CB,,0,2.0,3,66,40,51,62,71,76,"195cm | 6'5""",0,-,-,Sevilla Fútbol Club S.A.D.,Argentina
Ênio Oliveira Júnior,73,ST,,0,3.0,3,76,78,62,74,59,60,"175cm | 5'9""",0,-,-,Jeonbuk Hyundai Motors,Brazil
Dejan Damjanovic,73,ST,,0,3.0,4,72,70,63,72,60,75,"187cm | 6'2""",0,-,-,FC Seoul,Montenegro
Marcelo,73,CB,,0,2.0,2,74,41,39,62,75,78,"191cm | 6'3""",0,-,-,PSV,Brazil
Tobias Levels,73,RB,,0,2.0,3,74,52,64,64,74,68,"186cm | 6'1""",0,-,-,Borussia M'gladbach,Germany
Martin Fillo,73,RM,,0,4.0,4,74,69,71,75,61,64,"178cm | 5'10""",0,-,-,Viking FK,Czech Republic
Michal Ordoš,73,ST,,0,2.0,3,70,70,52,65,60,74,"191cm | 6'3""",0,-,-,Sigma Olomouc,Czech Republic
Pavel Verbíř,73,RM,,0,3.0,4,68,73,76,73,58,48,"176cm | 5'9""",0,-,-,FK Teplice,Czech Republic
Marek Suchý,73,CB,,0,2.0,3,72,55,59,63,66,77,"183cm | 6'0""",0,-,-,Spartak Moskva,Czech Republic
Emir Bajrami,73,LW,,0,4.0,2,83,64,61,78,57,41,"178cm | 5'10""",0,-,-,FC Twente,Sweden
Nikica Jelavic,73,ST,,0,3.0,4,73,71,48,73,58,74,"188cm | 6'2""",0,-,-,Rangers,Croatia
Jo Inge Berget,73,CAM,,0,4.0,4,74,73,68,75,57,56,"184cm | 6'0""",0,-,-,Strømsgodset IF,Norway
Cheikh M'Bengue,73,LB,,0,2.0,3,78,30,74,64,70,65,"183cm | 6'0""",0,-,-,Toulouse FC,France
Mathias Jørgensen,73,CB,,0,2.0,2,76,29,54,48,72,72,"191cm | 6'3""",0,-,-,FC København,Denmark
Nabil El Zhar,73,RW,,0,3.0,3,80,66,68,81,57,55,"170cm | 5'7""",0,-,-,PAOK,Morocco
Slobodan Rajkovic,73,CB,,0,2.0,3,61,33,42,45,73,76,"195cm | 6'5""",0,-,-,Vitesse,Serbia
Siphiwe Tshabalala,73,LW,,0,5.0,3,85,64,69,69,56,48,"170cm | 5'7""",0,-,-,Kaizer Chiefs,South Africa
Luis Morán Sánchez,73,RW,,0,3.0,3,81,61,66,76,55,61,"172cm | 5'8""",0,-,-,Real Sporting de Gijón S.A.D.,Spain
Ricky van Wolfswinkel,73,ST,,0,3.0,2,78,66,47,70,54,67,"185cm | 6'1""",0,-,-,FC Utrecht,Netherlands
Carlos Pereira Berto Jr.,73,CAM,,0,4.0,3,79,68,78,77,65,64,"170cm | 5'7""",0,-,-,São Paulo,Brazil
Dan Gosling,73,RM,,0,2.0,3,71,69,71,73,73,64,"178cm | 5'10""",0,-,-,Newcastle United,England
Felipe Aliste Lopes,73,CB,,0,2.0,3,71,48,62,62,69,74,"189cm | 6'2""",0,-,-,CD Nacional,Brazil
Djalma,73,LF,,0,4.0,4,83,69,66,77,61,58,"177cm | 5'10""",0,-,-,C. Funchal,Angola
Vladimir Koman,73,LW,,0,3.0,4,75,65,75,73,59,58,"173cm | 5'8""",0,-,-,Sampdoria,Hungary
Leroy Fer,73,CM,,0,3.0,3,75,72,71,74,77,80,"188cm | 6'2""",0,-,-,Feyenoord,Netherlands
Christian Stuani,73,ST,,0,3.0,3,72,73,58,62,61,74,"184cm | 6'0""",0,-,-,Levante Unión Deportiva S.A.D.,Uruguay
Sven Ulreich,73,GK,,0,1.0,3,76,73,72,77,38,66,"192cm | 6'4""",0,-,-,VfB Stuttgart,Germany
Kirill Kombarov,73,RM,,0,3.0,4,81,61,73,72,54,56,"182cm | 6'0""",0,-,-,Spartak Moskva,Russia
Sergey Parshivlyuk,73,RB,,0,3.0,3,78,59,68,74,74,70,"180cm | 5'11""",0,-,-,Spartak Moskva,Russia
Yannis Tafer,73,ST,,0,2.0,3,84,70,53,72,49,65,"180cm | 5'11""",0,-,-,Toulouse FC,France
Matías Suárez,73,CF,,0,3.0,4,79,71,64,77,52,60,"182cm | 6'0""",0,-,-,RSC Anderlecht,Argentina
Maicon,73,CF,,0,3.0,2,86,65,69,77,54,60,"182cm | 6'0""",0,-,-,Lokomotiv Moskva,Brazil
James McCarthy,73,CAM,,0,4.0,4,66,65,75,77,67,64,"185cm | 6'1""",0,-,-,Wigan Athletic,Republic of Ireland
Riccardo Meggiorini,73,ST,,0,3.0,4,76,67,59,71,61,73,"181cm | 5'11""",0,-,-,Bologna,Italy
Franck Tabanou,73,LM,,0,2.0,2,76,71,72,73,61,42,"178cm | 5'10""",0,-,-,Toulouse FC,France
Marcel Schmelzer,73,LB,,0,2.0,3,76,58,70,66,72,66,"181cm | 5'11""",0,-,-,Borussia Dortmund,Germany
Miguel Lopes,73,RB,,0,3.0,2,82,44,68,71,72,66,"182cm | 6'0""",0,-,-,Real Betis Balompié S.A.D. ,Portugal
Volkan Şen,73,RM,,0,3.0,3,77,62,72,76,58,56,"173cm | 5'8""",0,-,-,Bursaspor,Turkey
Jean-Jacques Gosso,73,CDM,,0,2.0,3,67,46,68,58,73,75,"177cm | 5'10""",0,-,-,AS Monaco FC,Ivory Coast
Junior Stanislas,73,RM,,0,2.0,3,80,72,67,76,49,45,"181cm | 5'11""",0,-,-,West Ham United,England
Ariel Nahuelpan,73,ST,,0,3.0,3,72,72,48,67,66,76,"187cm | 6'2""",0,-,-,Real Racing Club S.A.D.,Argentina
Georg Niedermeier,73,CB,,0,2.0,3,71,33,67,46,71,76,"189cm | 6'2""",0,-,-,VfB Stuttgart,Germany
Osvaldo Martínez,73,CAM,,0,4.0,4,73,73,72,74,54,59,"167cm | 5'6""",0,-,-,Monterrey,Paraguay
Markus Henriksen,73,CM,,0,3.0,3,71,63,67,69,70,66,"184cm | 6'0""",0,-,-,Rosenborg BK,Norway
Franco Zuculini,73,CM,,0,3.0,4,73,60,76,73,68,64,"175cm | 5'9""",0,-,-,Genoa,Argentina
Peter Pekarík,73,RB,,0,3.0,3,75,50,68,69,68,62,"176cm | 5'9""",0,-,-,VfL Wolfsburg,Slovakia
Ivan Obradovic,73,LB,,0,2.0,3,83,55,72,70,68,66,"181cm | 5'11""",0,-,-,Real Zaragoza S.A.D.,Serbia
Atsuto Uchida,73,RB,,0,3.0,3,77,53,76,73,64,64,"176cm | 5'9""",0,-,-,FC Schalke 04,Japan
Georgiy Schennikov,73,LB,,0,2.0,2,80,51,68,65,72,69,"180cm | 5'11""",0,-,-,CSKA Moskva,Russia
Milo Bašic,73,CB,,0,2.0,3,72,52,58,63,71,80,"188cm | 6'2""",0,-,-,Lokomotiv Moskva,Montenegro
Stanislav Manolev,73,RWB,,0,3.0,2,75,58,72,75,70,64,"185cm | 6'1""",0,-,-,PSV,Bulgaria
Nenad Tomovic,73,CB,,0,2.0,2,74,40,57,44,70,76,"184cm | 6'0""",0,-,-,Genoa,Serbia
Manoel Messias S. Carvalho,73,CB,,0,2.0,2,84,52,60,62,74,82,"181cm | 5'11""",0,-,-,Atlético Paranaense,Brazil
Kara Mbodji,73,CDM,,0,2.0,3,74,53,67,55,74,76,"192cm | 6'4""",0,-,-,Tromsø IL,Senegal
Giovanni Pasquale,72,LWB,,0,3.0,3,78,63,70,68,73,69,"182cm | 6'0""",0,-,-,Udinese,Italy
Flavio Roma,72,GK,,0,1.0,3,74,72,69,75,57,71,"191cm | 6'3""",0,-,-,Milan,Italy
Rob Hulse,72,ST,,0,3.0,3,64,67,53,63,72,85,"187cm | 6'2""",0,-,-,Queens Park Rangers,England
Yacine Abdessadki,72,CAM,,0,3.0,3,79,66,70,75,64,66,"175cm | 5'9""",0,-,-,SC Freiburg,Morocco
Lionel Létizi,72,GK,,0,1.0,3,74,69,73,72,21,72,"187cm | 6'2""",0,-,-,OGC Nice,France
Mateja Kežman,72,ST,,0,3.0,3,79,72,64,72,57,72,"180cm | 5'11""",0,-,-,Paris Saint-Germain,Serbia
Matthew Amoah,72,ST,,0,3.0,3,78,70,54,67,53,74,"175cm | 5'9""",0,-,-,NAC Breda,Ghana
Ricardo Gardner,72,LW,,0,3.0,3,76,66,71,76,65,64,"175cm | 5'9""",0,-,-,Bolton Wanderers,Jamaica
Rory Delap,72,RM,,0,3.0,3,71,61,74,68,73,74,"183cm | 6'0""",0,-,-,Stoke City,Republic of Ireland
Paul Hartley,72,CM,,0,3.0,4,63,73,73,70,71,60,"173cm | 5'8""",0,-,-,Aberdeen,Scotland
Nenad Dzodic,72,CB,,0,2.0,3,59,42,62,38,67,74,"188cm | 6'2""",0,-,-,Montpellier Hérault Sport Club,Serbia
Andrew O'Brien,72,CB,,0,2.0,3,67,31,53,41,68,77,"191cm | 6'3""",0,-,-,Bolton Wanderers,Republic of Ireland
Stéphane Cassard,72,GK,,0,1.0,4,74,72,66,75,44,73,"185cm | 6'1""",0,-,-,U.S. Boulogne Cote D'Opale,France
Boudewijn Zenden,72,LM,,0,3.0,4,70,73,70,72,62,62,"174cm | 5'9""",0,-,-,Sunderland,Netherlands
Benjamin Auer,72,ST,,0,3.0,3,67,71,53,65,62,72,"186cm | 6'1""",0,-,-,Alemannia Aachen,Germany
Marco António Simões Caneira,72,LB,,0,2.0,4,72,55,66,62,72,74,"178cm | 5'10""",0,-,-,Sporting CP,Portugal
Olivier Monterrubio,72,LM,,0,3.0,3,72,71,72,71,48,52,"170cm | 5'7""",0,-,-,FC Lorient Bretagne Sud,France
Jesper Christiansen,72,GK,,0,1.0,3,72,68,72,74,36,77,"193cm | 6'4""",0,-,-,IF Elfsborg,Denmark
Dennis Rommedahl,72,RW,,0,3.0,3,84,70,64,72,48,42,"177cm | 5'10""",0,-,-,Olympiakos CFP,Denmark
Albert Luque Martos,72,CF,,0,3.0,3,64,77,68,71,55,58,"183cm | 6'0""",0,-,-,Málaga Club de Fútbol S.A.D.,Spain
Pedro Kamata,72,LW,,0,3.0,3,83,53,60,77,52,52,"165cm | 5'5""",0,-,-,Siena,Congo
Pantelis Kafes,72,CM,,0,3.0,3,73,73,72,76,70,62,"180cm | 5'11""",0,-,-,AEK Athens,Greece
Gábor Babos,72,GK,,0,1.0,2,72,71,60,72,29,77,"196cm | 6'5""",0,-,-,N.E.C.,Hungary
Pierre-Alain Frau,72,ST,,0,3.0,3,79,68,64,71,56,68,"175cm | 5'9""",0,-,-,LOSC Lille Métropole,France
Ivan Klasnić,72,ST,,0,3.0,3,63,74,58,68,59,74,"186cm | 6'1""",0,-,-,Bolton Wanderers,Croatia
Jorge López Montaña,72,RM,,0,3.0,4,67,72,75,72,61,54,"182cm | 6'0""",0,-,-,Real Zaragoza S.A.D.,Spain
Gerald Asamoah,72,ST,,0,3.0,3,75,69,68,68,71,71,"180cm | 5'11""",0,-,-,FC St. Pauli,Germany
Andrew Dawson,72,CB,,0,2.0,3,69,58,58,44,69,70,"175cm | 5'9""",0,-,-,Hull City,England
Marcel Maltritz,72,CB,,0,2.0,4,61,47,53,43,68,78,"186cm | 6'1""",0,-,-,VfL Bochum,Germany
Gianpaolo Bellini,72,LB,,0,2.0,4,76,51,69,62,67,60,"180cm | 5'11""",0,-,-,A. Bergamo,Italy
Rüdiger Kauf,72,CDM,,0,2.0,3,68,55,66,56,70,66,"172cm | 5'8""",0,-,-,Arminia Bielefeld,Germany
André Lenz,72,GK,,0,1.0,3,71,74,56,73,35,77,"191cm | 6'3""",0,-,-,VfL Wolfsburg,Germany
Jorge Manuel Rebelo Fernandes,72,CAM,,0,4.0,4,74,67,70,70,68,70,"178cm | 5'10""",0,-,-,"União de Leiria, SAD",Portugal
Teemu Tainio,72,CM,,0,3.0,3,69,61,73,63,70,63,"176cm | 5'9""",0,-,-,Ajax,Finland
Magne Hoseth,72,CAM,,0,4.0,4,72,72,75,76,60,36,"186cm | 6'1""",0,-,-,Molde FK,Norway
Dean Whitehead,72,CM,,0,3.0,3,70,69,73,67,72,68,"183cm | 6'0""",0,-,-,Stoke City,England
Olivier Sorlin,72,CM,,0,3.0,4,73,70,75,79,74,68,"183cm | 6'0""",0,-,-,Evian Thonon Gaillard FC,France
Ryan Taylor,72,RWB,,0,2.0,3,73,68,78,63,69,62,"173cm | 5'8""",0,-,-,Newcastle United,England
Lars Jacobsen,72,RB,,0,2.0,4,72,57,67,64,73,70,"181cm | 5'11""",0,-,-,West Ham United,Denmark
Per Nilsson,72,CB,,0,2.0,3,61,47,46,40,73,70,"190cm | 6'3""",0,-,-,1. FC Nürnberg,Sweden
Jelle ten Rouwelaar,72,GK,,0,1.0,3,72,69,67,74,62,73,"186cm | 6'1""",0,-,-,NAC Breda,Netherlands
Andrew Webster,72,CB,,0,2.0,3,65,19,52,57,68,81,"183cm | 6'0""",0,-,-,Rangers,Scotland
Djimi Traoré,72,LB,,0,2.0,3,68,50,54,57,72,76,"190cm | 6'3""",0,-,-,AS Monaco FC,Mali
Scott Chipperfield,72,LM,,0,3.0,3,64,66,71,71,73,64,"177cm | 5'10""",0,-,-,FC Basel 1893,Australia
Ivan Ergić,72,CM,,0,3.0,4,78,71,71,76,65,65,"185cm | 6'1""",0,-,-,Bursaspor,Serbia
Sean Davis,72,CDM,,0,2.0,3,67,61,68,65,71,66,"178cm | 5'10""",0,-,-,Bolton Wanderers,England
Grégory Leca,72,CB,,0,2.0,3,73,60,64,65,72,63,"183cm | 6'0""",0,-,-,Stade Malherbe Caen,France
Jerzy Dudek,72,GK,,0,1.0,3,75,73,56,76,51,73,"187cm | 6'2""",0,-,-,Real Madrid Club de Fútbol,Poland
Cláudio Roberto Da Silva,72,CB,,0,2.0,3,63,42,59,64,71,66,"180cm | 5'11""",0,-,-,Cruzeiro,Brazil
Morten Rasmussen,72,ST,,0,2.0,3,67,71,57,56,57,82,"185cm | 6'1""",0,-,-,1. FSV Mainz 05,Denmark
Mikael Antonsson,72,CB,,0,2.0,4,71,52,65,61,69,80,"189cm | 6'2""",0,-,-,FC København,Sweden
Michael Silberbauer,72,CM,,0,3.0,3,75,69,73,71,70,68,"183cm | 6'0""",0,-,-,FC Utrecht,Denmark
Roberto Guana,72,CDM,,0,2.0,3,73,55,67,65,72,66,"178cm | 5'10""",0,-,-,Chievo Verona,Italy
Jonas Olsson,72,CB,,0,2.0,3,63,57,66,56,69,75,"193cm | 6'4""",0,-,-,West Bromwich Albion,Sweden
Leonardo Lourenço Bastos,72,LB,,0,3.0,3,83,65,72,77,71,60,"169cm | 5'7""",0,-,-,Santos,Brazil
Garry O'Connor,72,ST,,0,3.0,3,69,68,50,69,61,82,"186cm | 6'1""",0,-,-,Birmingham City,Scotland
Edson Buddle,72,ST,,0,4.0,3,74,71,40,71,58,71,"185cm | 6'1""",0,-,-,Los Angeles Galaxy,United States
Silvio Proto,72,GK,,0,1.0,2,78,66,63,81,71,64,"187cm | 6'2""",0,-,-,RSC Anderlecht,Belgium
Luciano José Pereira da Silva,72,GK,,0,1.0,3,73,65,70,78,74,71,"174cm | 5'9""",0,-,-,FC Groningen,Brazil
Olivier Deschacht,72,LB,,0,2.0,2,73,44,62,52,69,70,"185cm | 6'1""",0,-,-,RSC Anderlecht,Belgium
Eric Djemba-Djemba,72,CDM,,0,3.0,3,73,60,60,66,77,76,"175cm | 5'9""",0,-,-,Odense Boldklub,Cameroon
Wilfried Dalmat,72,RW,,0,3.0,3,87,67,67,69,61,67,"176cm | 5'9""",0,-,-,Club Brugge KV,France
Sylvain Monsoreau,72,CB,,0,2.0,3,73,45,61,54,71,74,"186cm | 6'1""",0,-,-,A.S. Saint-Etienne,France
Tony Hibbert,72,RB,,0,2.0,2,71,34,49,32,74,70,"173cm | 5'8""",0,-,-,Everton,England
Stuart Taylor,72,GK,,0,1.0,2,71,74,70,75,51,70,"196cm | 6'5""",0,-,-,Manchester City,England
Luke Wilkshire,72,RM,,0,3.0,2,80,69,73,66,75,68,"175cm | 5'9""",0,-,-,Dinamo Moskva,Australia
Olivier Thomert,72,LM,,0,3.0,4,74,68,74,72,70,72,"188cm | 6'2""",0,-,-,Hércules Club de Fútbol S.A.D.,France
Jan Šimák,72,CAM,,0,3.0,4,66,72,74,74,59,56,"182cm | 6'0""",0,-,-,1. FSV Mainz 05,Czech Republic
Steve Cherundolo,72,RB,,0,2.0,3,76,52,70,66,70,62,"172cm | 5'8""",0,-,-,Hannover 96,United States
Michael Thurk,72,ST,,0,3.0,4,77,71,60,70,60,66,"178cm | 5'10""",0,-,-,FC Augsburg,Germany
Emilson Sánchez Cribari,72,CB,,0,2.0,3,62,40,57,42,68,75,"185cm | 6'1""",0,-,-,Napoli,Brazil
Bruno Grougi,72,RM,,0,3.0,3,74,68,72,69,50,32,"173cm | 5'8""",0,-,-,Stade Brestois 29,France
Giovanni Federico,72,CAM,,0,3.0,4,58,73,70,73,52,65,"182cm | 6'0""",0,-,-,VfL Bochum,Italy
Florian Kringe,72,LM,,0,2.0,5,68,72,74,67,76,77,"187cm | 6'2""",0,-,-,Borussia Dortmund,Germany
Bjørn Helge Riise,72,RM,,0,3.0,3,74,72,72,67,75,63,"175cm | 5'9""",0,-,-,Fulham,Norway
José Javier Barkero Saludes,72,LM,,0,3.0,3,63,74,81,70,59,48,"181cm | 5'11""",0,-,-,Club Deportivo Numancia de Soria S.A.D. ,Spain
Marc Bertrán Vilanova,72,RB,,0,2.0,3,78,46,67,69,71,72,"181cm | 5'11""",0,-,-,Club Deportivo Tenerife S.A.D.,Spain
Martin Amedick,72,CB,,0,2.0,3,68,42,53,43,73,78,"194cm | 6'4""",0,-,-,1. FC Kaiserslautern,Germany
Alaeddine Yahia,72,CB,,0,2.0,3,65,50,53,49,71,72,"186cm | 6'1""",0,-,-,Racing Club de Lens,Tunisia
Andreas Ibertsberger,72,LB,,0,2.0,3,75,33,63,63,72,71,"178cm | 5'10""",0,-,-,TSG 1899 Hoffenheim,Austria
Anton Ferdinand,72,CB,,0,2.0,3,73,48,57,56,67,78,"183cm | 6'0""",0,-,-,Sunderland,England
Erik Edman,72,LB,,0,2.0,3,68,63,65,60,73,57,"180cm | 5'11""",0,-,-,Helsingborgs IF,Sweden
Gary O'Neil,72,CM,,0,3.0,3,73,66,70,72,71,64,"173cm | 5'8""",0,-,-,Middlesbrough,England
Hayden Mullins,72,CDM,,0,2.0,3,70,58,69,63,71,69,"184cm | 6'0""",0,-,-,Portsmouth,England
Lee Camp,72,GK,,0,1.0,3,72,75,72,73,35,70,"183cm | 6'0""",0,-,-,Nottingham Forest,England
Nyron Nosworthy,72,CB,,0,2.0,3,78,39,47,47,71,72,"182cm | 6'0""",0,-,-,Sheffield United,England
Wayne Routledge,72,RW,,0,4.0,4,85,59,60,79,43,38,"170cm | 5'7""",0,-,-,Newcastle United,England
Paul Ifill,72,RW,,0,4.0,4,71,67,66,79,60,54,"180cm | 5'11""",0,-,-,Wellington Phoenix,Barbados
Otto Fredrikson,72,GK,,0,1.0,3,69,76,66,73,48,75,"189cm | 6'2""",0,-,-,Spartak Nalchik,Finland
Markus Miller,72,GK,,0,1.0,3,74,67,60,75,45,73,"189cm | 6'2""",0,-,-,Hannover 96,Germany
Mauro Minelli,72,CB,,0,2.0,2,70,46,53,54,68,74,"186cm | 6'1""",0,-,-,Sassuolo,Italy
Petri Pasanen,72,RB,,0,2.0,3,65,58,59,45,73,78,"187cm | 6'2""",0,-,-,Werder Bremen,Finland
Markus Feulner,72,CM,,0,3.0,4,73,68,74,72,67,64,"181cm | 5'11""",0,-,-,Borussia Dortmund,Germany
Chris Burke,72,RW,,0,4.0,3,80,66,67,73,57,52,"175cm | 5'9""",0,-,-,Cardiff City,Scotland
Christian Grindheim,72,CM,,0,3.0,4,74,69,70,69,69,62,"179cm | 5'10""",0,-,-,sc Heerenveen,Norway
Grégory Pujol,72,ST,,0,3.0,3,65,71,69,72,65,78,"183cm | 6'0""",0,-,-,Valenciennes FC,France
Mourad Meghni,72,CAM,,0,3.0,3,76,63,72,81,64,60,"180cm | 5'11""",0,-,-,Lazio,Algeria
Marc Ziegler,72,GK,,0,1.0,3,73,69,75,72,27,74,"193cm | 6'4""",0,-,-,VfB Stuttgart,Germany
Eduardo Ribeiro Dos Santos,72,ST,,0,3.0,3,71,73,66,74,52,69,"178cm | 5'10""",0,-,-,Racing Club de Lens,Brazil
Oleguer Presas Renom,72,CB,,0,2.0,2,64,47,60,51,69,76,"187cm | 6'2""",0,-,-,Ajax,Spain
Mikel Aranburu Eizagirre,72,CDM,,0,3.0,4,62,64,62,59,74,62,"180cm | 5'11""",0,-,-,Real Sociedad de Fútbol S.A.D.,Spain
Mikel Labaka Zuariarrain,72,CB,,0,2.0,3,66,50,56,51,72,76,"185cm | 6'1""",0,-,-,Real Sociedad de Fútbol S.A.D.,Spain
Mikel Alonso Olano,72,CDM,,0,2.0,3,71,64,69,64,72,57,"180cm | 5'11""",0,-,-,Club Deportivo Tenerife S.A.D.,Spain
Javier Rodríguez Venta,72,RB,,0,2.0,3,74,49,71,66,71,62,"180cm | 5'11""",0,-,-,Levante Unión Deportiva S.A.D.,Spain
Steeve Elana,72,GK,,0,1.0,3,80,76,65,74,58,63,"187cm | 6'2""",0,-,-,Stade Brestois 29,France
Francisco Muñoz Llompart,72,CF,,0,3.0,3,77,74,66,74,51,61,"175cm | 5'9""",0,-,-,Levante Unión Deportiva S.A.D.,Spain
Chaouki Ben Saada,72,CF,,0,4.0,4,73,69,68,77,57,66,"170cm | 5'7""",0,-,-,OGC Nice,Tunisia
José Ramón Romero Urtasun,72,CB,,0,2.0,3,60,44,56,43,72,69,"185cm | 6'1""",0,-,-,Club Atlético Osasuna,Spain
David López Moreno,72,RW,,0,3.0,4,74,68,74,70,57,57,"181cm | 5'11""",0,-,-,Athletic Club de Bilbao,Spain
Davide Mandelli,72,CB,,0,2.0,3,70,42,58,56,67,78,"190cm | 6'3""",0,-,-,Chievo Verona,Italy
Julien Sablé,72,CM,,0,3.0,3,71,71,74,68,69,65,"181cm | 5'11""",0,-,-,OGC Nice,France
Robert Earnshaw,72,ST,,0,3.0,3,88,66,54,70,55,63,"173cm | 5'8""",0,-,-,Nottingham Forest,Wales
Francesco Lodi,72,CAM,,0,4.0,3,71,74,72,71,63,64,"183cm | 6'0""",0,-,-,Frosinone,Italy
Boubacar Barry,72,GK,,0,1.0,5,76,68,53,83,68,61,"180cm | 5'11""",0,-,-,Sporting Lokeren OV,Ivory Coast
Filip Daems,72,LB,,0,2.0,3,69,53,68,63,70,70,"181cm | 5'11""",0,-,-,Borussia M'gladbach,Belgium
Emre Güngör,72,CB,,0,2.0,2,75,33,61,61,69,66,"182cm | 6'0""",0,-,-,Gaziantepspor,Turkey
Paul McShane,72,CB,,0,2.0,3,66,41,56,42,70,73,"183cm | 6'0""",0,-,-,Hull City,Republic of Ireland
Leon Andreasen,72,CDM,,0,2.0,3,72,59,63,69,74,74,"185cm | 6'1""",0,-,-,Hannover 96,Denmark
Juan Alberto Andreu Alvarado,72,CB,,0,2.0,3,73,41,58,59,68,72,"181cm | 5'11""",0,-,-,Club Deportivo Tenerife S.A.D.,Spain
Fábio Alves Félix,72,CDM,,0,2.0,3,67,58,68,66,72,76,"186cm | 6'1""",0,-,-,Cruzeiro,Brazil
Jorge López Marco,72,CF,,0,4.0,3,72,70,65,84,50,56,"177cm | 5'10""",0,-,-,Hércules Club de Fútbol S.A.D.,Spain
Itamar Batista Da Silva,72,ST,,0,4.0,2,75,71,60,72,56,70,"185cm | 6'1""",0,-,-,Tigres U.A.N.L.,Brazil
Mirko Savini,72,CB,,0,2.0,3,69,52,75,58,71,68,"182cm | 6'0""",0,-,-,PAOK,Italy
Massimo Paci,72,CB,,0,2.0,2,71,39,60,39,68,72,"185cm | 6'1""",0,-,-,Parma,Italy
Chris Iwelumo,72,ST,,0,3.0,3,65,69,50,68,60,80,"191cm | 6'3""",0,-,-,Burnley,Scotland
Jonathan Walters,72,ST,,0,3.0,3,73,70,60,72,63,72,"183cm | 6'0""",0,-,-,Stoke City,Republic of Ireland
Roman Hubník,72,CB,,0,2.0,3,71,55,60,49,70,74,"192cm | 6'4""",0,-,-,Hertha BSC,Czech Republic
Radim Kučera,72,CB,,0,2.0,4,60,55,62,45,68,76,"188cm | 6'2""",0,-,-,Sigma Olomouc,Czech Republic
Stéphane Dumont,72,CDM,,0,2.0,3,68,62,75,60,67,66,"183cm | 6'0""",0,-,-,LOSC Lille Métropole,France
Kieran Richardson,72,LB,,0,3.0,3,84,72,69,76,67,54,"175cm | 5'9""",0,-,-,Sunderland,England
Salvatore Masiello,72,LM,,0,3.0,4,78,64,69,70,71,57,"181cm | 5'11""",0,-,-,Bari,Italy
Tomas Danilevicius,72,ST,,0,3.0,3,66,71,50,63,64,80,"190cm | 6'3""",0,-,-,Livorno,Lithuania
Franco Cangele,72,CF,,0,3.0,3,75,69,72,80,51,44,"177cm | 5'10""",0,-,-,Kayserispor,Argentina
Alberto Medina,72,RF,,0,4.0,4,82,68,69,75,53,62,"172cm | 5'8""",0,-,-,Guadalajara,Mexico
Omar Bravo,72,ST,,0,4.0,4,73,71,65,72,57,73,"169cm | 5'7""",0,-,-,Guadalajara,Mexico
André Bikey,72,CB,,0,2.0,3,76,48,59,53,68,70,"183cm | 6'0""",0,-,-,Burnley,Cameroon
Boštjan Cesar,72,CB,,0,2.0,4,62,42,51,33,70,74,"191cm | 6'3""",0,-,-,Chievo Verona,Slovenia
Ian Evatt,72,CB,,0,2.0,2,64,38,44,39,70,76,"191cm | 6'3""",0,-,-,Blackpool,England
Jos Hooiveld,72,CB,,0,3.0,1,66,50,51,48,68,75,"191cm | 6'3""",0,-,-,Celtic,Netherlands
Jérémy Morel,72,LWB,,0,3.0,3,74,68,74,69,68,68,"172cm | 5'8""",0,-,-,FC Lorient Bretagne Sud,France
Glenn Loovens,72,CB,,0,2.0,3,67,20,40,58,66,80,"187cm | 6'2""",0,-,-,Celtic,Netherlands
Felipe Baloy,72,CB,,0,2.0,3,68,52,55,60,73,76,"185cm | 6'1""",0,-,-,Santos Laguna,Panama
Du Ri Cha,72,RWB,,0,3.0,3,87,50,71,75,71,66,"181cm | 5'11""",0,-,-,Celtic,Korea Republic
Alex Baptiste,72,CB,,0,2.0,3,77,23,39,33,69,72,"180cm | 5'11""",0,-,-,Blackpool,England
Damiano Ferronetti,72,RB,,0,2.0,3,74,46,68,62,71,67,"185cm | 6'1""",0,-,-,Udinese,Italy
Nenad Kovačević,72,CDM,,0,2.0,3,69,57,70,70,71,65,"176cm | 5'9""",0,-,-,Racing Club de Lens,Serbia
Georgi Peev,72,RM,,0,4.0,3,71,71,74,70,65,60,"182cm | 6'0""",0,-,-,Amkar Perm,Bulgaria
Miroslav Holeňák,72,CB,,0,2.0,3,65,64,64,64,70,69,"180cm | 5'11""",0,-,-,Slovan Liberec,Czech Republic
Martin Lukeš,72,CAM,,0,3.0,5,74,71,71,75,60,68,"181cm | 5'11""",0,-,-,Baník Ostrava,Czech Republic
Cláudio Maldonado,72,CDM,,0,2.0,3,67,54,71,63,71,60,"174cm | 5'9""",0,-,-,Flamengo,Chile
Alexandros Tziolis,72,CDM,,0,3.0,2,67,68,70,59,75,70,"189cm | 6'2""",0,-,-,Real Racing Club S.A.D.,Greece
Elyaniv Barda,72,CF,,0,3.0,4,73,70,69,74,57,64,"178cm | 5'10""",0,-,-,KRC Genk,Israel
Martín Romagnoli,72,CDM,,0,2.0,4,69,65,67,65,73,68,"170cm | 5'7""",0,-,-,Toluca,Argentina
Sercan Yildirim,72,ST,,0,3.0,2,83,65,58,76,51,61,"182cm | 6'0""",0,-,-,Bursaspor,Turkey
Momo,72,LW,,0,3.0,3,76,70,67,72,52,58,"184cm | 6'0""",0,-,-,Real Betis Balompié S.A.D. ,Spain
Víctor Javier Añino Bermúdez,72,CM,,0,3.0,3,73,68,72,74,70,63,"170cm | 5'7""",0,-,-,PAOK,Spain
Esteban Andrés Suárez,72,GK,,0,1.0,3,78,68,74,71,54,74,"179cm | 5'10""",0,-,-,Unión Deportiva Almería S.A.D.,Spain
César Arzo,72,CB,,0,2.0,3,68,37,66,51,70,73,"181cm | 5'11""",0,-,-,Real Valladolid Club de Fútbol S.A.D.,Spain
Luiz Eduardo Schmidt,72,CF,,0,4.0,3,74,70,70,73,56,78,"182cm | 6'0""",0,-,-,I. Porto Alegre,Brazil
Antoni Lluís Adrover Colom,72,LM,,0,3.0,3,80,63,72,71,68,64,"181cm | 5'11""",0,-,-,Real Club Deportivo Mallorca S.A.D.,Spain
Roman Sharonov,72,CB,,0,2.0,2,62,44,60,63,67,70,"184cm | 6'0""",0,-,-,Rubin Kazan,Russia
Sergey Pareiko,72,GK,,0,1.0,3,69,72,75,72,45,75,"193cm | 6'4""",0,-,-,Tom Tomsk,Estonia
Ivica Križanac,72,CB,,0,2.0,4,66,47,66,61,70,76,"187cm | 6'2""",0,-,-,Zenit St. Petersburg,Croatia
David Mendes da Silva,72,CDM,,0,2.0,4,71,60,68,72,72,72,"186cm | 6'1""",0,-,-,FC Red Bull Salzburg,Netherlands
Ali Al-Habsi,72,GK,,0,1.0,2,73,71,73,77,41,68,"194cm | 6'4""",0,-,-,Wigan Athletic,Oman
Marek Zieńczuk,72,LM,,0,3.0,4,71,64,75,71,73,66,"183cm | 6'0""",0,-,-,Lechia Gdańsk,Poland
Jedaias Capucho Neves,72,ST,,0,3.0,3,81,69,63,73,56,78,"176cm | 5'9""",0,-,-,Lecce,Brazil
Marco Biagianti,72,CDM,,0,3.0,3,73,63,72,71,72,64,"180cm | 5'11""",0,-,-,Catania,Italy
Laryea Kingston,72,RM,,0,3.0,3,72,65,70,72,67,51,"178cm | 5'10""",0,-,-,Vitesse,Ghana
Jonathan Brison,72,LM,,0,3.0,3,78,58,77,63,65,62,"179cm | 5'10""",0,-,-,A.S. Nancy Lorraine,France
Kris Stadsgaard,72,CB,,0,2.0,3,82,44,66,35,71,68,"185cm | 6'1""",0,-,-,Málaga Club de Fútbol S.A.D.,Denmark
Alexander Tettey,72,CM,,0,3.0,3,85,70,73,74,73,66,"180cm | 5'11""",0,-,-,Stade Rennais FC,Norway
Craig Fagan,72,RF,,0,3.0,3,82,68,70,71,59,54,"181cm | 5'11""",0,-,-,Hull City,England
Chad Marshall,72,CB,,0,2.0,4,64,52,55,53,70,82,"191cm | 6'3""",0,-,-,Columbus Crew,United States
Edgar Barreto,72,CM,,0,3.0,4,66,71,74,69,66,59,"182cm | 6'0""",0,-,-,A. Bergamo,Paraguay
Renato Civelli,72,CB,,0,2.0,4,65,53,58,39,68,82,"193cm | 6'4""",0,-,-,OGC Nice,Argentina
Darío Cvitanich,72,ST,,0,3.0,3,73,70,65,73,59,74,"177cm | 5'10""",0,-,-,Pachuca,Croatia
Łukasz Garguła,72,CAM,,0,3.0,5,72,69,74,74,68,50,"177cm | 5'10""",0,-,-,Wisła Kraków,Poland
Hernán Pellerano,72,CB,,0,2.0,3,67,34,56,52,68,74,"183cm | 6'0""",0,-,-,Unión Deportiva Almería S.A.D.,Argentina
Simon Pouplin,72,GK,,0,1.0,3,73,69,68,78,53,69,"187cm | 6'2""",0,-,-,SC Freiburg,France
Dženan Radončić,72,ST,,0,3.0,3,63,67,62,68,58,83,"192cm | 6'4""",0,-,-,Seongnam Ilhwa Chunma,Montenegro
Christian Gratzei,72,GK,,0,1.0,3,70,76,75,74,60,69,"186cm | 6'1""",0,-,-,SK Sturm Graz,Austria
Álvaro Saborío,72,ST,,0,3.0,3,78,70,60,66,62,77,"183cm | 6'0""",0,-,-,Real Salt Lake,Costa Rica
Stephen McManus,72,CB,,0,2.0,3,64,39,53,55,71,80,"188cm | 6'2""",0,-,-,Middlesbrough,Scotland
Ion Ansotegi Gorostola,72,CB,,0,2.0,3,61,53,57,58,70,77,"192cm | 6'4""",0,-,-,Real Sociedad de Fútbol S.A.D.,Spain
Moisés Muñoz,72,GK,,0,1.0,3,71,73,62,76,46,71,"183cm | 6'0""",0,-,-,Atlante,Mexico
Vicente Matías Vuoso,72,ST,,0,3.0,3,69,69,60,72,61,76,"180cm | 5'11""",0,-,-,América,Mexico
Thomas Buffel,72,CAM,,0,3.0,4,69,67,71,75,58,58,"175cm | 5'9""",0,-,-,KRC Genk,Belgium
Toché,72,ST,,0,3.0,4,70,73,51,62,57,75,"180cm | 5'11""",0,-,-,Fútbol Club Cartagena,Spain
Fabiano Pereira,72,CM,,0,3.0,4,74,72,70,72,67,75,"181cm | 5'11""",0,-,-,Atlético Mineiro,Brazil
Daniel de Ridder,72,RM,,0,3.0,3,72,66,72,72,51,59,"180cm | 5'11""",0,-,-,Wigan Athletic,Netherlands
Pedro López,72,RB,,0,2.0,3,78,63,68,66,69,62,"174cm | 5'9""",0,-,-,Real Valladolid Club de Fútbol S.A.D.,Spain
Sergio Martinez B.,72,CB,,0,2.0,4,54,53,60,51,74,68,"188cm | 6'2""",0,-,-,Levante Unión Deportiva S.A.D.,Spain
Marco Russ,72,CB,,0,2.0,3,65,48,51,42,67,78,"190cm | 6'3""",0,-,-,Eintracht Frankfurt,Germany
Tommy Smith,72,RW,,0,3.0,3,81,69,60,75,57,62,"173cm | 5'8""",0,-,-,Queens Park Rangers,England
Pablo Álvarez,72,RB,,0,2.0,4,79,61,68,66,71,68,"177cm | 5'10""",0,-,-,Catania,Argentina
Marc-Antoine Fortuné,72,ST,,0,3.0,3,82,66,56,72,56,72,"183cm | 6'0""",0,-,-,West Bromwich Albion,France
Nana Asare,72,RM,,0,3.0,4,78,59,68,72,67,56,"172cm | 5'8""",0,-,-,FC Utrecht,Ghana
Johnny Leoni,72,GK,,0,1.0,3,75,73,60,76,46,69,"189cm | 6'2""",0,-,-,FC Zürich,Switzerland
César Santin,72,CF,,0,3.0,4,76,70,66,80,58,52,"174cm | 5'9""",0,-,-,FC København,Brazil
Matías Silvestre,72,CB,,0,3.0,3,70,48,52,54,70,70,"184cm | 6'0""",0,-,-,Catania,Argentina
Sölvi Ottesen,72,CB,,0,2.0,2,58,43,51,45,72,78,"188cm | 6'2""",0,-,-,FC København,Iceland
Loïc Perrin,72,CDM,,0,3.0,3,71,66,76,77,69,67,"180cm | 5'11""",0,-,-,A.S. Saint-Etienne,France
Paul Robinson,72,LB,,0,2.0,3,61,47,66,53,73,67,"175cm | 5'9""",0,-,-,Bolton Wanderers,England
André Luiz Barretto Silva Lima,72,ST,,0,3.0,2,73,70,59,69,58,76,"185cm | 6'1""",0,-,-,Grêmio,Brazil
Chidi Odiah,72,RWB,,0,3.0,4,81,65,67,69,71,66,"183cm | 6'0""",0,-,-,CSKA Moskva,Nigeria
Víctor Casadesús,72,ST,,0,3.0,3,69,71,58,71,60,80,"180cm | 5'11""",0,-,-,Real Club Deportivo Mallorca S.A.D.,Spain
Peter Whittingham,72,LM,,0,3.0,3,76,71,74,70,57,65,"178cm | 5'10""",0,-,-,Cardiff City,England
Karim El Ahmadi,72,CM,,0,3.0,3,73,64,71,77,68,56,"185cm | 6'1""",0,-,-,Feyenoord,Morocco
Andrew Keogh,72,CF,,0,3.0,3,76,68,68,71,63,76,"183cm | 6'0""",0,-,-,Cardiff City,Republic of Ireland
Jonathan Spector,72,RB,,0,2.0,4,67,46,67,67,69,74,"181cm | 5'11""",0,-,-,West Ham United,United States
Quincy Owusu-Abeyie,72,RW,,0,3.0,3,91,61,50,81,50,61,"180cm | 5'11""",0,-,-,Málaga Club de Fútbol S.A.D.,Ghana
Steven Naismith,72,CF,,0,4.0,3,79,68,54,73,54,57,"178cm | 5'10""",0,-,-,Rangers,Scotland
Phil Bardsley,72,RB,,0,2.0,2,67,39,66,39,68,68,"180cm | 5'11""",0,-,-,Sunderland,England
Sébastien Pocognoli,72,LWB,,0,3.0,3,79,55,72,72,72,64,"182cm | 6'0""",0,-,-,Standard de Liège,Belgium
Franck Berrier,72,CAM,,0,3.0,4,71,67,77,71,56,56,"173cm | 5'8""",0,-,-,Standard de Liège,France
Grant Leadbitter,72,CM,,0,3.0,3,75,68,73,71,68,65,"175cm | 5'9""",0,-,-,Ipswich Town,England
Adriano Ferreira Pinto,72,RW,,0,4.0,2,82,67,66,72,58,61,"178cm | 5'10""",0,-,-,A. Bergamo,Brazil
Behrang Safari,72,LWB,,0,3.0,3,82,40,70,73,66,56,"184cm | 6'0""",0,-,-,FC Basel 1893,Sweden
Omar Arellano,72,ST,,0,3.0,3,82,69,64,78,58,68,"174cm | 5'9""",0,-,-,Guadalajara,Mexico
Mario Lúcio Duarte Costa,72,GK,,0,1.0,3,82,61,72,79,53,68,"191cm | 6'3""",0,-,-,Atlético Mineiro,Brazil
Xisco,72,ST,,0,3.0,3,72,71,55,69,54,80,"188cm | 6'2""",0,-,-,Newcastle United,Spain
Sebastian Freis,72,RW,,0,3.0,3,82,67,62,72,57,64,"183cm | 6'0""",0,-,-,1. FC Köln,Germany
Mariano Izco,72,CM,,0,3.0,3,80,64,71,70,72,64,"180cm | 5'11""",0,-,-,Catania,Argentina
Marco Ruben,72,ST,,0,3.0,3,74,68,61,71,59,79,"179cm | 5'10""",0,-,-,Villarreal Club de Fútbol S.A.D.,Argentina
Viktor Fayzulin,72,RM,,0,3.0,3,79,58,71,73,53,42,"176cm | 5'9""",0,-,-,Zenit St. Petersburg,Russia
Rasmus Elm,72,CM,,0,3.0,4,69,74,74,72,65,64,"184cm | 6'0""",0,-,-,AZ Alkmaar,Sweden
Rudy Mater,72,RB,,0,2.0,3,71,50,71,62,72,70,"178cm | 5'10""",0,-,-,Valenciennes FC,France
Sebastien Le Toux,72,CF,,0,3.0,3,75,71,64,73,58,66,"185cm | 6'1""",0,-,-,Philadelphia Union,France
Henok Goitom,72,ST,,0,3.0,3,67,71,50,71,57,74,"189cm | 6'2""",0,-,-,Unión Deportiva Almería S.A.D.,Sweden
Leandro Rinaudo,72,CB,,0,2.0,2,62,42,53,48,68,81,"191cm | 6'3""",0,-,-,Juventus,Italy
Sami Allagui,72,ST,,0,3.0,3,78,69,58,71,51,69,"184cm | 6'0""",0,-,-,1. FSV Mainz 05,Tunisia
Moudou Sougou,72,RW,,0,3.0,3,87,68,60,73,58,64,"178cm | 5'10""",0,-,-,Académica Coimbra,Senegal
Rémy Riou,72,GK,,0,1.0,3,73,77,68,75,60,68,"191cm | 6'3""",0,-,-,AJ Auxerre,France
Grégory Cerdan,72,CB,,0,2.0,3,64,38,60,35,68,74,"191cm | 6'3""",0,-,-,Lemans FC,France
Ángel Reyna,72,RM,,0,4.0,3,77,63,72,72,68,64,"169cm | 5'7""",0,-,-,América,Mexico
Scott Sinclair,72,LW,,0,4.0,3,86,63,55,80,46,52,"177cm | 5'10""",0,-,-,Swansea City,England
Francesco Valiani,72,LM,,0,2.0,4,77,65,68,70,64,44,"173cm | 5'8""",0,-,-,Parma,Italy
Victor Anichebe,72,ST,,0,3.0,3,75,66,58,71,63,76,"191cm | 6'3""",0,-,-,Everton,Nigeria
Fraizer Campbell,72,ST,,0,3.0,4,85,65,55,73,60,60,"178cm | 5'10""",0,-,-,Sunderland,England
Paul Anderson,72,RW,,0,3.0,3,78,55,72,73,58,50,"175cm | 5'9""",0,-,-,Nottingham Forest,England
Hernán Dellafiore,72,CB,,0,2.0,3,68,42,57,45,69,70,"186cm | 6'1""",0,-,-,Parma,Italy
Wilson Tiago Mathías,72,CDM,,0,2.0,3,74,60,66,70,73,73,"186cm | 6'1""",0,-,-,I. Porto Alegre,Brazil
Jackson Avelino Coelho,72,CF,,0,3.0,3,66,74,62,74,52,66,"190cm | 6'3""",0,-,-,Trabzonspor,Brazil
Christian Fernández,72,LB,,0,2.0,3,76,50,67,64,70,79,"181cm | 5'11""",0,-,-,Real Racing Club S.A.D.,Spain
Morgaro Gomis,72,CM,,0,3.0,3,76,52,72,76,73,56,"170cm | 5'7""",0,-,-,Dundee United,Senegal
Nicolás Spolli,72,CB,,0,2.0,3,69,47,42,45,73,78,"192cm | 6'4""",0,-,-,Catania,Argentina
Caner Erkin,72,LW,,0,4.0,3,85,71,63,71,65,56,"181cm | 5'11""",0,-,-,Fenerbahçe SK,Turkey
James McArthur,72,CM,,0,3.0,3,71,58,76,77,72,49,"177cm | 5'10""",0,-,-,Wigan Athletic,Scotland
Gergely Rudolf,72,CF,,0,3.0,3,75,71,64,77,59,62,"177cm | 5'10""",0,-,-,Genoa,Hungary
Lasse Schøne,72,CAM,,0,3.0,4,75,67,67,79,55,48,"178cm | 5'10""",0,-,-,N.E.C.,Denmark
Kevin Mirallas,72,CF,,0,3.0,3,75,72,64,73,55,68,"178cm | 5'10""",0,-,-,Olympiakos CFP,Belgium
Ákos Buzsáky,72,CAM,,0,5.0,4,74,69,65,79,61,58,"180cm | 5'11""",0,-,-,Queens Park Rangers,Hungary
Fraser Forster,72,GK,,0,1.0,3,74,72,67,74,41,73,"201cm | 6'7""",0,-,-,Celtic,England
Souleymane Bamba,72,CB,,0,2.0,3,74,26,54,51,70,72,"190cm | 6'3""",0,-,-,Hibernian,Ivory Coast
Matteo Ardemagni,72,ST,,0,3.0,3,72,71,51,67,59,76,"185cm | 6'1""",0,-,-,A. Bergamo,Italy
Asmir Begovic,72,GK,,0,1.0,2,74,71,68,75,67,69,"196cm | 6'5""",0,-,-,Stoke City,Bosnia Herzegovina
Victor Obinna,72,RW,,0,3.0,2,85,72,56,76,55,62,"182cm | 6'0""",0,-,-,West Ham United,Nigeria
Niklas Moisander,72,CB,,0,2.0,4,75,47,70,68,68,70,"182cm | 6'0""",0,-,-,AZ Alkmaar,Finland
Chris Gunter,72,RB,,0,2.0,3,70,45,71,60,73,65,"180cm | 5'11""",0,-,-,Nottingham Forest,Wales
Walter Ayoví,72,CM,,0,3.0,4,74,67,72,70,69,64,"171cm | 5'7""",0,-,-,Monterrey,Ecuador
Rui Miguel Melo Rodrigues,72,CAM,,0,3.0,4,75,68,72,76,57,59,"175cm | 5'9""",0,-,-,Vitória de Guimarães,Portugal
Alexandre Licata,72,CF,,0,3.0,4,78,69,64,73,52,72,"178cm | 5'10""",0,-,-,AJ Auxerre,France
Edwin Valencia,72,CDM,,0,3.0,3,74,55,58,64,73,72,"181cm | 5'11""",0,-,-,Fluminense,Colombia
Vanderson da Silva Souza,72,ST,,0,3.0,3,74,69,58,70,57,72,"178cm | 5'10""",0,-,-,A. Florianópolis,Brazil
Mikael Lustig,72,RWB,,0,3.0,3,77,62,67,67,71,71,"189cm | 6'2""",0,-,-,Rosenborg BK,Sweden
Carlos Hernández,72,CAM,,0,4.0,5,61,74,68,66,61,42,"170cm | 5'7""",0,-,-,Melbourne Victory FC,Costa Rica
Yassine Chikhaoui,72,CF,,0,4.0,5,75,64,62,80,50,66,"189cm | 6'2""",0,-,-,FC Zürich,Tunisia
Kamil Zayatte,72,CB,,0,2.0,3,64,37,53,52,69,82,"191cm | 6'3""",0,-,-,Hull City,Guinea
Ruben Yttergård Jenssen,72,CAM,,0,4.0,3,72,68,70,76,62,50,"173cm | 5'8""",0,-,-,Tromsø IL,Norway
Dario Knežević,72,CB,,0,2.0,3,70,44,59,47,69,74,"184cm | 6'0""",0,-,-,Livorno,Croatia
Julian Schuster,72,CDM,,0,2.0,3,68,68,72,69,72,72,"190cm | 6'3""",0,-,-,SC Freiburg,Germany
Nabil Dirar,72,LW,,0,3.0,4,79,62,66,78,57,57,"185cm | 6'1""",0,-,-,Club Brugge KV,Morocco
Srdjan Lakic,72,ST,,0,3.0,3,73,69,60,70,56,73,"186cm | 6'1""",0,-,-,1. FC Kaiserslautern,Croatia
Sidney Sam,72,LW,,0,4.0,3,79,61,66,75,54,63,"174cm | 5'9""",0,-,-,Bayer 04 Leverkusen,Germany
Özer Hurmacı,72,CAM,,0,4.0,3,77,65,71,77,56,54,"174cm | 5'9""",0,-,-,Fenerbahçe SK,Turkey
Merouane Zemmama,72,CAM,,0,4.0,4,82,67,71,81,45,41,"170cm | 5'7""",0,-,-,Hibernian,Morocco
Javier García,72,GK,,0,1.0,1,70,75,56,78,55,71,"182cm | 6'0""",0,-,-,Boca Juniors,Argentina
Moustapha Bayal Sall,72,CB,,0,2.0,3,74,59,58,66,71,69,"191cm | 6'3""",0,-,-,A.S. Saint-Etienne,Senegal
Harmeet Singh,72,CM,,0,3.0,3,72,59,66,70,71,64,"180cm | 5'11""",0,-,-,Vålerenga Fotball,Norway
Miralem Sulejmani,72,LF,,0,4.0,4,82,72,58,77,54,52,"178cm | 5'10""",0,-,-,Ajax,Serbia
Marcos Camozzato,72,RWB,,0,2.0,4,76,60,74,72,66,63,"177cm | 5'10""",0,-,-,Club Brugge KV,Brazil
Nelson Rivas,72,CB,,0,2.0,2,72,44,52,39,70,76,"181cm | 5'11""",0,-,-,Inter,Colombia
Serginho,72,CM,,0,3.0,3,83,60,70,75,72,65,"178cm | 5'10""",0,-,-,Atlético Mineiro,Brazil
Ondrej Mazuch,72,CB,,0,2.0,3,65,44,45,43,74,68,"188cm | 6'2""",0,-,-,RSC Anderlecht,Czech Republic
Petr Papoušek,72,RM,,0,3.0,3,68,75,75,73,59,56,"174cm | 5'9""",0,-,-,Slovan Liberec,Czech Republic
Jan Nezmar,72,ST,,0,3.0,3,68,72,52,69,61,80,"185cm | 6'1""",0,-,-,Slovan Liberec,Czech Republic
Ivan Perišic,72,CAM,,0,2.0,5,66,71,69,72,60,73,"187cm | 6'2""",0,-,-,Club Brugge KV,Croatia
Yves Desmarets,72,LM,,0,3.0,4,75,68,69,73,66,60,"178cm | 5'10""",0,-,-,Real Club Deportivo de La Coruña S.A.D.,France
Matthias Jaissle,72,CB,,0,2.0,3,65,22,63,47,72,75,"186cm | 6'1""",0,-,-,TSG 1899 Hoffenheim,Germany
Álvaro Rafael González,72,CDM,,0,3.0,3,77,60,75,70,69,64,"176cm | 5'9""",0,-,-,Lazio,Uruguay
Nordin Amrabat,72,RW,,0,4.0,4,81,65,61,78,59,47,"179cm | 5'10""",0,-,-,PSV,Morocco
Valentin Stocker,72,LM,,0,3.0,4,76,65,68,75,63,58,"178cm | 5'10""",0,-,-,FC Basel 1893,Switzerland
Fabien Lemoine,72,CDM,,0,2.0,3,73,54,73,69,68,67,"175cm | 5'9""",0,-,-,Stade Rennais FC,France
Jordan Henderson,72,RM,,0,3.0,3,77,68,70,70,59,74,"182cm | 6'0""",0,-,-,Sunderland,England
Jeffrey Sarpong,72,RW,,0,4.0,4,79,61,72,73,51,50,"178cm | 5'10""",0,-,-,Real Sociedad de Fútbol S.A.D.,Netherlands
Martin Olsson,72,LWB,,0,3.0,2,81,65,69,70,72,68,"179cm | 5'10""",0,-,-,Blackburn Rovers,Sweden
Gylfi Sigurðsson,72,CM,,0,2.0,3,72,74,71,67,65,66,"186cm | 6'1""",0,-,-,TSG 1899 Hoffenheim,Iceland
Bojan Zajić,72,CM,,0,3.0,4,75,77,73,82,63,60,"188cm | 6'2""",0,-,-,Vålerenga Fotball,Serbia
Andraž Kirm,72,LM,,0,3.0,5,74,66,71,68,63,70,"183cm | 6'0""",0,-,-,Wisła Kraków,Slovenia
Alberto Lora Ramos,72,RM,,0,2.0,3,83,60,64,74,68,64,"168cm | 5'6""",0,-,-,Real Sporting de Gijón S.A.D.,Spain
Marko Šuler,72,CB,,0,2.0,3,70,34,59,39,67,70,"186cm | 6'1""",0,-,-,KAA Gent,Slovenia
Rafik Halliche,72,CB,,0,2.0,3,68,48,55,57,69,78,"187cm | 6'2""",0,-,-,Fulham,Algeria
Kagisho Dikgacoi,72,CDM,,0,2.0,3,69,53,67,66,72,69,"180cm | 5'11""",0,-,-,Fulham,South Africa
Jakob Jantscher,72,LM,,0,4.0,4,74,68,71,74,53,58,"181cm | 5'11""",0,-,-,FC Red Bull Salzburg,Austria
Ricardo Jesús da Silva,72,ST,,0,4.0,5,84,62,57,79,52,75,"186cm | 6'1""",0,-,-,Spartak Nalchik,Brazil
Andrej Kerić,72,ST,,0,3.0,4,82,69,56,69,55,66,"173cm | 5'8""",0,-,-,Slovan Liberec,Croatia
Camacho,72,CDM,,0,2.0,3,74,48,63,62,74,66,"181cm | 5'11""",0,-,-,Club Atlético de Madrid S.A.D.,Spain
Ryad Boudebouz,72,RM,,0,4.0,4,71,67,70,79,48,41,"177cm | 5'10""",0,-,-,FC Sochaux-Montbéliard,Algeria
Fábio do Passo Faria,72,CB,,0,2.0,3,70,53,65,65,73,72,"190cm | 6'3""",0,-,-,Sport Lisboa Benfica,Portugal
Rodnei F. de Lima,72,CB,,0,2.0,4,75,54,56,56,73,80,"190cm | 6'3""",0,-,-,1. FC Kaiserslautern,Brazil
Jean Raphael Vanderlei Moreira,72,RB,,0,3.0,3,83,68,69,76,66,60,"170cm | 5'7""",0,-,-,São Paulo,Brazil
Dennis Diekmeier,72,RWB,,0,2.0,3,83,55,70,73,71,68,"188cm | 6'2""",0,-,-,Hamburger SV,Germany
Jeffrén,72,RF,,0,4.0,4,84,61,69,81,62,64,"176cm | 5'9""",0,-,-,F.C. Barcelona,Spain
Guaita,72,GK,,0,1.0,3,77,75,67,76,47,70,"190cm | 6'3""",0,-,-,Valencia Club de Fútbol S.A.D.,Spain
Tom Cleverley,72,CM,,0,3.0,4,76,70,74,77,64,54,"175cm | 5'9""",0,-,-,Wigan Athletic,England
Guido Marilungo,72,ST,,0,3.0,3,81,69,60,71,56,70,"176cm | 5'9""",0,-,-,Sampdoria,Italy
Lamine Gassama,72,RB,,0,2.0,3,79,33,63,48,72,66,"181cm | 5'11""",0,-,-,Olympique Lyonnais,France
Rubén Pérez,72,CDM,,0,2.0,3,73,52,74,63,72,63,"178cm | 5'10""",0,-,-,Real Club Deportivo de La Coruña S.A.D.,Spain
Míchel,72,CAM,,0,3.0,3,71,68,70,72,58,60,"181cm | 5'11""",0,-,-,Real Club Deportivo de La Coruña S.A.D.,Spain
Hendry Thomas,72,CDM,,0,2.0,3,70,43,60,65,75,62,"180cm | 5'11""",0,-,-,Wigan Athletic,Honduras
Ahmed Elmohamady,72,RM,,0,3.0,3,80,72,70,73,69,66,"180cm | 5'11""",0,-,-,Sunderland,Egypt
Tomás Rincón,72,CDM,,0,3.0,3,73,52,67,69,71,56,"175cm | 5'9""",0,-,-,Hamburger SV,Venezuela
Javier Magro Matilla,72,CM,,0,3.0,4,70,65,76,72,61,54,"176cm | 5'9""",0,-,-,Villarreal Club de Fútbol S.A.D.,Spain
André Schürrle,72,LM,,0,3.0,5,80,73,70,69,61,62,"183cm | 6'0""",0,-,-,1. FSV Mainz 05,Germany
Magaye Gueye,72,CF,,0,3.0,3,74,70,70,77,58,59,"179cm | 5'10""",0,-,-,Everton,France
Lukas Schmitz,72,LB,,0,2.0,2,76,70,74,69,73,71,"184cm | 6'0""",0,-,-,FC Schalke 04,Germany
Joel Matip,72,CDM,,0,2.0,3,67,51,69,63,70,79,"193cm | 6'4""",0,-,-,FC Schalke 04,Cameroon
Nicolás Lodeiro,72,CAM,,0,4.0,4,71,70,73,76,49,46,"170cm | 5'7""",0,-,-,Ajax,Uruguay
Dedryck Boyata,72,CB,,0,2.0,3,71,30,57,38,69,74,"187cm | 6'2""",0,-,-,Manchester City,Belgium
Jonathan Zebina,71,RB,,0,3.0,3,67,53,67,61,71,72,"184cm | 6'0""",0,-,-,Brescia,France
Cyril Jeunechamp,71,RWB,,0,2.0,4,72,58,67,63,70,72,"177cm | 5'10""",0,-,-,Montpellier Hérault Sport Club,France
Nicola Amoruso,71,ST,,0,3.0,4,65,70,63,67,57,76,"184cm | 6'0""",0,-,-,A. Bergamo,Italy
Alex Pinardi,71,CAM,,0,3.0,3,73,65,74,74,59,44,"180cm | 5'11""",0,-,-,Cagliari,Italy
Jon Daly,71,ST,,0,3.0,2,64,69,47,60,57,84,"191cm | 6'3""",0,-,-,Dundee United,Republic of Ireland
Danny Higginbotham,71,LB,,0,2.0,2,69,48,62,53,70,72,"185cm | 6'1""",0,-,-,Stoke City,England
Yoann Lachor,71,CB,,0,2.0,3,52,55,71,60,66,70,"187cm | 6'2""",0,-,-,U.S. Boulogne Cote D'Opale,France
Arnaud Le Lan,71,LB,,0,2.0,3,65,49,72,54,67,65,"171cm | 5'7""",0,-,-,FC Lorient Bretagne Sud,France
Grégory Wimbée,71,GK,,0,1.0,3,70,73,70,67,35,75,"193cm | 6'4""",0,-,-,Valenciennes FC,France
Roy Carroll,71,GK,,0,1.0,2,70,67,68,77,55,69,"188cm | 6'2""",0,-,-,Odense Boldklub,Northern Ireland
Libor Sionko,71,RM,,0,4.0,4,79,67,64,73,58,56,"178cm | 5'10""",0,-,-,Sparta Praha,Czech Republic
Bernd Thijs,71,CDM,,0,2.0,4,55,67,69,58,71,70,"186cm | 6'1""",0,-,-,KAA Gent,Belgium
Nabil Baha,71,ST,,0,3.0,3,74,69,52,69,58,80,"181cm | 5'11""",0,-,-,Málaga Club de Fútbol S.A.D.,Morocco
Boris Smiljanic,71,CB,,0,2.0,3,58,60,67,60,70,76,"190cm | 6'3""",0,-,-,Grasshopper-Club,Switzerland
Denny Landzaat,71,CM,,0,2.0,3,67,68,71,67,69,67,"176cm | 5'9""",0,-,-,FC Twente,Netherlands
Levan Kobiashvili,71,LB,,0,3.0,3,70,60,74,71,67,65,"183cm | 6'0""",0,-,-,Hertha BSC,Georgia
Anthony Lurling,71,LW,,0,3.0,3,74,70,63,73,58,55,"173cm | 5'8""",0,-,-,NAC Breda,Netherlands
Braga,71,RW,,0,2.0,4,76,64,68,71,58,60,"181cm | 5'11""",0,-,-,Rio Ave FC,Portugal
Hélder Miguel do Rosário,71,CB,,0,2.0,3,66,44,58,50,70,70,"180cm | 5'11""",0,-,-,Málaga Club de Fútbol S.A.D.,Portugal
Rodolfo Bodipo Díaz,71,ST,,0,3.0,4,67,70,62,66,52,76,"181cm | 5'11""",0,-,-,Elche Club de Fútbol S.A.D.,Equatorial Guinea
João Artur Rosa Alves,71,CM,,0,3.0,3,73,66,72,70,68,63,"179cm | 5'10""",0,-,-,Vitória de Guimarães,Portugal
Savio Bortolini Pimentel,71,LF,,0,4.0,3,75,71,72,76,52,54,"176cm | 5'9""",0,-,-,A. Florianópolis,Brazil
David Belenguer Reverte,71,CB,,0,2.0,3,53,48,59,44,71,68,"180cm | 5'11""",0,-,-,Real Betis Balompié S.A.D. ,Spain
Giuseppe Colucci,71,CAM,,0,3.0,4,73,69,73,72,62,57,"179cm | 5'10""",0,-,-,A.C. Cesena,Italy
Lionel Scaloni,71,RWB,,0,2.0,3,70,65,75,70,72,68,"182cm | 6'0""",0,-,-,Lazio,Argentina
Francisco Pérez Rufete,71,RM,,0,3.0,3,69,65,74,75,61,57,"176cm | 5'9""",0,-,-,Hércules Club de Fútbol S.A.D.,Spain
Rob Penders,71,CB,,0,2.0,3,56,46,57,40,70,76,"194cm | 6'4""",0,-,-,NAC Breda,Netherlands
Marcus Lantz,71,CDM,,0,3.0,3,63,53,62,60,74,56,"178cm | 5'10""",0,-,-,Helsingborgs IF,Sweden
Juan Francisco García García,71,LWB,,0,3.0,3,76,52,67,63,72,60,"182cm | 6'0""",0,-,-,Levante Unión Deportiva S.A.D.,Spain
Mathias Hain,71,GK,,0,1.0,3,72,73,69,66,45,76,"188cm | 6'2""",0,-,-,FC St. Pauli,Germany
Emmerson Boyce,71,CB,,0,2.0,3,69,36,53,57,71,70,"184cm | 6'0""",0,-,-,Wigan Athletic,Barbados
Paul Green,71,CM,,0,3.0,3,70,61,69,67,71,66,"175cm | 5'9""",0,-,-,Derby County,Republic of Ireland
Toifilou Maoulida,71,ST,,0,3.0,4,71,68,65,72,53,74,"184cm | 6'0""",0,-,-,Racing Club de Lens,France
Alan Smith,71,CDM,,0,3.0,3,68,69,64,64,73,75,"178cm | 5'10""",0,-,-,Newcastle United,England
Gavin McCann,71,CM,,0,3.0,3,67,48,66,68,75,74,"180cm | 5'11""",0,-,-,Bolton Wanderers,England
Patrick Zwaanswijk,71,CB,,0,2.0,3,62,48,56,54,69,76,"190cm | 6'3""",0,-,-,Central Coast Mariners FC,Netherlands
Nick Rimando,71,GK,,0,1.0,3,75,68,65,74,61,69,"178cm | 5'10""",0,-,-,Real Salt Lake,United States
Ivica Banovic,71,CM,,0,2.0,3,69,67,73,69,69,64,"186cm | 6'1""",0,-,-,SC Freiburg,Croatia
Thomas Chatelle,71,RW,,0,3.0,4,72,68,70,70,52,54,"176cm | 5'9""",0,-,-,N.E.C.,Belgium
Danny Gabbidon,71,CB,,0,2.0,3,74,47,42,46,71,75,"178cm | 5'10""",0,-,-,West Ham United,Wales
Wade Elliott,71,RM,,0,3.0,3,71,60,73,71,55,55,"178cm | 5'10""",0,-,-,Burnley,England
Dave Kitson,71,ST,,0,3.0,4,70,68,55,66,58,72,"191cm | 6'3""",0,-,-,Portsmouth,England
Jorge Miguel de Oliveira Ribeiro,71,LWB,,0,2.0,3,75,72,74,69,71,64,"172cm | 5'8""",0,-,-,Vitória de Guimarães,Portugal
Karim Zaza,71,GK,,0,1.0,3,65,70,57,75,71,78,"185cm | 6'1""",0,-,-,Aalborg BK,Morocco
Wesley Sonck,71,ST,,0,4.0,4,68,73,60,67,54,74,"174cm | 5'9""",0,-,-,Lierse SK,Belgium
Rob Wielaert,71,CB,,0,2.0,3,67,47,66,60,67,70,"180cm | 5'11""",0,-,-,Roda JC,Netherlands
Alessandro Agostini,71,LB,,0,2.0,3,76,46,66,63,68,67,"174cm | 5'9""",0,-,-,Cagliari,Italy
Steven Hammell,71,LB,,0,2.0,3,70,32,68,58,69,68,"173cm | 5'8""",0,-,-,Motherwell,Scotland
Ferrie Bodde,71,CM,,0,3.0,3,68,70,73,64,68,64,"178cm | 5'10""",0,-,-,Swansea City,Netherlands
Gerhard Tremmel,71,GK,,0,1.0,3,73,70,59,73,48,71,"190cm | 6'3""",0,-,-,FC Red Bull Salzburg,Germany
Bruno Cheyrou,71,CM,,0,3.0,3,70,72,70,71,73,72,"185cm | 6'1""",0,-,-,FC Nantes,France
Christoph Spycher,71,LB,,0,2.0,4,73,53,64,50,70,70,"175cm | 5'9""",0,-,-,BSC Young Boys,Switzerland
Önder Turacı,71,RB,,0,2.0,2,72,40,58,49,70,78,"186cm | 6'1""",0,-,-,Kayserispor,Turkey
DaMarcus Beasley,71,LM,,0,3.0,4,90,65,64,71,60,49,"173cm | 5'8""",0,-,-,Hannover 96,United States
Jan Gunnar Solli,71,RM,,0,3.0,3,76,66,65,70,69,66,"183cm | 6'0""",0,-,-,SK Brann,Norway
Christian Tiffert,71,CAM,,0,3.0,3,76,70,69,72,67,56,"183cm | 6'0""",0,-,-,1. FC Kaiserslautern,Germany
Paul Freier,71,RM,,0,3.0,3,77,64,70,75,55,49,"180cm | 5'11""",0,-,-,VfL Bochum,Germany
Ludovic Magnin,71,LB,,0,2.0,2,73,60,74,60,70,66,"186cm | 6'1""",0,-,-,FC Zürich,Switzerland
Tobias Hysén,71,ST,,0,3.0,3,78,70,62,64,58,62,"180cm | 5'11""",0,-,-,IFK Göteborg,Sweden
Gaby Mudingayi,71,CDM,,0,2.0,3,72,56,56,63,74,67,"180cm | 5'11""",0,-,-,Bologna,Belgium
Barry Robson,71,CM,,0,3.0,3,70,77,74,74,71,74,"180cm | 5'11""",0,-,-,Middlesbrough,Scotland
Eduardo Nascimento Costa,71,CDM,,0,2.0,4,68,59,69,64,65,66,"186cm | 6'1""",0,-,-,AS Monaco FC,Brazil
Paolo Castellini,71,LWB,,0,2.0,3,78,49,64,65,69,61,"184cm | 6'0""",0,-,-,Roma,Italy
Marcelo Zalayeta,71,ST,,0,3.0,3,67,67,55,71,63,74,"188cm | 6'2""",0,-,-,Kayserispor,Uruguay
Rubén Olivera,71,RF,,0,3.0,3,75,72,66,70,59,68,"184cm | 6'0""",0,-,-,Lecce,Uruguay
Morten Nordstrand,71,ST,,0,3.0,3,80,68,52,67,52,68,"177cm | 5'10""",0,-,-,FC København,Denmark
Rafael Schmitz,71,CB,,0,2.0,3,65,48,52,41,69,73,"182cm | 6'0""",0,-,-,Valenciennes FC,Brazil
Patrik Ingelsten,71,ST,,0,3.0,3,83,68,60,72,58,71,"178cm | 5'10""",0,-,-,Viking FK,Sweden
Ernesto Chevantón,71,ST,,0,3.0,4,71,76,59,74,55,56,"174cm | 5'9""",0,-,-,Lecce,Uruguay
Souleymane Camara,71,ST,,0,2.0,3,74,70,62,72,57,67,"174cm | 5'9""",0,-,-,Montpellier Hérault Sport Club,Senegal
George McCartney,71,LB,,0,2.0,2,68,37,60,59,67,68,"183cm | 6'0""",0,-,-,Sunderland,Northern Ireland
David Weir,71,CB,,0,2.0,3,50,36,48,38,67,80,"191cm | 6'3""",0,-,-,Rangers,Scotland
Eduardo César Daud Gaspar,71,CM,,0,3.0,3,60,69,74,70,66,73,"189cm | 6'2""",0,-,-,Corinthians,Brazil
Marcus Bent,71,ST,,0,3.0,2,72,66,56,62,60,82,"188cm | 6'2""",0,-,-,Wolverhampton Wanderers,England
Stef Wils,71,CB,,0,2.0,3,62,55,61,56,68,69,"186cm | 6'1""",0,-,-,KAA Gent,Belgium
Gaël Sanz,71,CB,,0,2.0,3,67,45,50,48,68,68,"183cm | 6'0""",0,-,-,ESTAC,France
Noé Pamarot,71,CB,,0,2.0,3,59,42,56,46,70,72,"180cm | 5'11""",0,-,-,Hércules Club de Fútbol S.A.D.,France
Javier García Portillo,71,ST,,0,3.0,4,70,74,55,70,49,63,"180cm | 5'11""",0,-,-,Hércules Club de Fútbol S.A.D.,Spain
Selim Teber,71,CM,,0,3.0,3,75,64,71,69,72,68,"187cm | 6'2""",0,-,-,Kayserispor,Germany
Angelos Charisteas,71,ST,,0,3.0,3,68,68,57,66,59,86,"190cm | 6'3""",0,-,-,AC Arles Avignon,Greece
Darius Henderson,71,ST,,0,3.0,2,63,69,58,66,63,79,"185cm | 6'1""",0,-,-,Sheffield United,England
Stephen Bywater,71,GK,,0,1.0,3,74,69,65,74,65,66,"188cm | 6'2""",0,-,-,Derby County,England
Peter Niemeyer,71,CDM,,0,2.0,4,69,56,61,65,70,68,"191cm | 6'3""",0,-,-,Hertha BSC,Germany
Paul McKenna,71,CM,,0,3.0,4,70,65,71,64,70,68,"170cm | 5'7""",0,-,-,Nottingham Forest,England
Karl Henry,71,CM,,0,3.0,3,67,57,71,70,73,59,"183cm | 6'0""",0,-,-,Wolverhampton Wanderers,England
Davide Possanzini,71,CF,,0,3.0,2,75,66,61,69,61,76,"181cm | 5'11""",0,-,-,Brescia,Italy
Daniel Haas,71,GK,,0,1.0,3,72,71,66,76,45,68,"188cm | 6'2""",0,-,-,TSG 1899 Hoffenheim,Germany
Pavel Drsek,71,CB,,0,2.0,5,52,50,52,47,71,76,"191cm | 6'3""",0,-,-,FK Baumit Jablonec,Czech Republic
Antônio da Silva,71,CAM,,0,4.0,4,67,68,75,76,61,48,"178cm | 5'10""",0,-,-,Borussia Dortmund,Brazil
Ki Hyeon Seol,71,RW,,0,3.0,4,74,71,66,72,56,70,"187cm | 6'2""",0,-,-,Pohang Steelers,Korea Republic
Marius Ebbers,71,ST,,0,3.0,4,71,68,54,62,67,76,"192cm | 6'4""",0,-,-,FC St. Pauli,Germany
Benjamin Köhler,71,LM,,0,3.0,3,77,63,67,74,55,76,"172cm | 5'8""",0,-,-,Eintracht Frankfurt,Germany
Marlon Harewood,71,ST,,0,3.0,3,83,69,45,68,62,72,"185cm | 6'1""",0,-,-,Blackpool,England
Lukasz Zaluska,71,GK,,0,1.0,3,68,72,62,74,54,71,"191cm | 6'3""",0,-,-,Celtic,Poland
Max von Schlebrügge,71,CB,,0,2.0,2,71,56,48,44,68,70,"188cm | 6'2""",0,-,-,Brøndby IF,Sweden
Andrea Campagnolo,71,GK,,0,1.0,2,70,70,65,72,51,74,"184cm | 6'0""",0,-,-,Catania,Italy
Manasseh Ishiaku,71,ST,,0,3.0,3,76,66,53,70,59,74,"184cm | 6'0""",0,-,-,1. FC Köln,Nigeria
Carlos García Badías,71,CB,,0,2.0,3,55,33,53,49,68,68,"184cm | 6'0""",0,-,-,Unión Deportiva Almería S.A.D.,Spain
Rémi Gomis,71,CDM,,0,2.0,3,69,58,63,63,73,72,"180cm | 5'11""",0,-,-,Valenciennes FC,Senegal
Cédric Fauré,71,ST,,0,3.0,3,70,74,53,65,54,82,"186cm | 6'1""",0,-,-,Stade de Reims,France
Marco Wölfli,71,GK,,0,1.0,3,70,68,71,77,64,71,"185cm | 6'1""",0,-,-,BSC Young Boys,Switzerland
Mario Eggimann,71,CB,,0,2.0,3,58,40,48,44,68,76,"189cm | 6'2""",0,-,-,Hannover 96,Switzerland
Cédric Kanté,71,CB,,0,2.0,3,66,46,61,45,66,74,"181cm | 5'11""",0,-,-,Panathinaikos FC,Mali
Laurent Batlles,71,CAM,,0,3.0,3,70,71,71,72,60,66,"174cm | 5'9""",0,-,-,A.S. Saint-Etienne,France
Martin Bergvold,71,LM,,0,2.0,3,74,55,71,67,66,66,"184cm | 6'0""",0,-,-,FC København,Denmark
Mahir Saglik,71,ST,,0,2.0,4,76,60,41,74,53,58,"178cm | 5'10""",0,-,-,VfL Bochum,Turkey
Philipp Heerwagen,71,GK,,0,1.0,2,72,68,61,74,52,73,"193cm | 6'4""",0,-,-,VfL Bochum,Germany
Maximillian Nicu,71,LM,,0,3.0,3,77,69,68,72,54,58,"185cm | 6'1""",0,-,-,SC Freiburg,Romania
Markus Heikkinen,71,CDM,,0,2.0,4,68,49,62,64,71,72,"185cm | 6'1""",0,-,-,SK Rapid Wien,Finland
Christian Obodo,71,CM,,0,3.0,3,72,65,70,72,71,68,"180cm | 5'11""",0,-,-,F. Torino,Nigeria
Serkan Balcı,71,RWB,,0,2.0,2,86,55,74,74,68,44,"173cm | 5'8""",0,-,-,Trabzonspor,Turkey
Umut Bulut,71,ST,,0,3.0,2,75,68,58,66,57,78,"184cm | 6'0""",0,-,-,Trabzonspor,Turkey
Fernando Varela Ramos,71,RM,,0,3.0,3,74,72,69,75,67,64,"180cm | 5'11""",0,-,-,Kasımpaşa SK,Spain
Antonio Doblas Santana,71,GK,,0,1.0,3,70,63,69,74,58,77,"184cm | 6'0""",0,-,-,Real Zaragoza S.A.D.,Spain
Grégory Bourillon,71,CB,,0,2.0,3,61,51,66,50,66,74,"187cm | 6'2""",0,-,-,FC Lorient Bretagne Sud,France
Ron Stam,71,RWB,,0,3.0,4,73,70,71,73,70,60,"175cm | 5'9""",0,-,-,Wigan Athletic,Netherlands
Damien Perquis,71,CB,,0,2.0,3,69,41,59,47,69,74,"184cm | 6'0""",0,-,-,FC Sochaux-Montbéliard,France
Cícero João De Cezare,71,RWB,,0,3.0,3,80,64,65,76,69,59,"171cm | 5'7""",0,-,-,Roma,Brazil
André Luiz Silva do Nascimento,71,CB,,0,2.0,3,64,47,54,38,68,76,"185cm | 6'1""",0,-,-,A.S. Nancy Lorraine,Brazil
Joao Soares Da Mota Neto,71,CF,,0,3.0,4,70,70,69,73,51,70,"177cm | 5'10""",0,-,-,Pohang Steelers,Brazil
Sergio González Soriano,71,CM,,0,2.0,3,65,71,72,70,72,60,"182cm | 6'0""",0,-,-,Levante Unión Deportiva S.A.D.,Spain
Iriney Santos da Silva,71,CM,,0,3.0,3,76,62,67,77,68,62,"179cm | 5'10""",0,-,-,Real Betis Balompié S.A.D. ,Brazil
Luís Alberto Silva dos Santos,71,CDM,,0,3.0,4,73,63,68,67,75,75,"183cm | 6'0""",0,-,-,CD Nacional,Brazil
Marcelo de Mattos Terra,71,CDM,,0,2.0,3,73,63,69,63,70,71,"179cm | 5'10""",0,-,-,Botafogo,Brazil
Young Kwang Kim,71,GK,,0,1.0,2,71,72,71,70,54,71,"184cm | 6'0""",0,-,-,Ulsan Hyundai Horang-i,Korea Republic
Sergio Pinto,71,CDM,,0,3.0,3,73,63,71,70,70,62,"176cm | 5'9""",0,-,-,Hannover 96,Portugal
René Bolf,71,CB,,0,2.0,3,55,47,57,50,71,78,"188cm | 6'2""",0,-,-,Baník Ostrava,Czech Republic
Ricardo Clark,71,CDM,,0,2.0,3,74,62,64,63,70,69,"178cm | 5'10""",0,-,-,Eintracht Frankfurt,United States
Éric Mouloungui,71,LF,,0,3.0,3,79,67,63,71,57,76,"186cm | 6'1""",0,-,-,OGC Nice,Gabon
Massimo Gobbi,71,LWB,,0,3.0,3,77,61,70,69,70,63,"183cm | 6'0""",0,-,-,Parma,Italy
Maurizio Lanzaro,71,CB,,0,2.0,3,70,47,52,46,70,70,"183cm | 6'0""",0,-,-,Real Zaragoza S.A.D.,Italy
Antonio Langella,71,LW,,0,4.0,4,82,68,59,74,57,51,"184cm | 6'0""",0,-,-,Bari,Italy
Arnold Kruiswijk,71,CB,,0,2.0,3,65,48,59,48,68,69,"187cm | 6'2""",0,-,-,sc Heerenveen,Netherlands
Ivan Saenko,71,LF,,0,3.0,3,76,69,70,73,62,68,"177cm | 5'10""",0,-,-,Spartak Moskva,Russia
Thiago Gentil,71,CF,,0,4.0,3,74,68,72,75,58,65,"180cm | 5'11""",0,-,-,CD Nacional,Brazil
Lúcio Carlos Cajueiro Souza,71,LB,,0,3.0,2,84,57,74,77,67,54,"176cm | 5'9""",0,-,-,Grêmio,Brazil
Zander Diamond,71,CB,,0,2.0,3,72,45,54,51,68,78,"189cm | 6'2""",0,-,-,Aberdeen,Scotland
Kees Kwakman,71,CB,,0,2.0,3,70,61,70,67,72,76,"187cm | 6'2""",0,-,-,FC Augsburg,Netherlands
Matthew Kilgallon,71,CB,,0,2.0,4,79,30,66,48,69,82,"188cm | 6'2""",0,-,-,Middlesbrough,England
Gary McSheffrey,71,LW,,0,4.0,3,77,67,67,74,53,58,"173cm | 5'8""",0,-,-,Coventry City,England
Gonçalo Jardim Brandão,71,CB,,0,2.0,2,71,45,55,49,70,72,"182cm | 6'0""",0,-,-,Siena,Portugal
Almen Abdi,71,CAM,,0,3.0,3,75,66,72,75,54,66,"182cm | 6'0""",0,-,-,Udinese,Switzerland
Germán Lux,71,GK,,0,1.0,2,77,64,60,78,29,67,"186cm | 6'1""",0,-,-,Real Club Deportivo Mallorca S.A.D.,Argentina
Ezequiel González,71,CM,,0,4.0,4,73,72,78,75,65,52,"178cm | 5'10""",0,-,-,Fluminense,Argentina
Andrea Gasbarroni,71,LM,,0,4.0,3,75,63,66,75,59,52,"175cm | 5'9""",0,-,-,F. Torino,Italy
Christian Terlizzi,71,CB,,0,3.0,3,63,44,50,53,70,74,"194cm | 6'4""",0,-,-,Catania,Italy
Antolín Alcaraz,71,CB,,0,2.0,4,61,40,59,50,69,74,"187cm | 6'2""",0,-,-,Wigan Athletic,Paraguay
Israel Castro,71,CDM,,0,2.0,3,74,70,73,65,68,64,"176cm | 5'9""",0,-,-,U.N.A.M.,Mexico
Ramón Morales,71,LW,,0,3.0,3,73,70,72,68,66,58,"168cm | 5'6""",0,-,-,Estudiantes Tecos,Mexico
David Nugent,71,ST,,0,3.0,3,82,67,52,77,51,62,"181cm | 5'11""",0,-,-,Portsmouth,England
Caleb Folan,71,ST,,0,3.0,3,80,64,40,72,58,70,"188cm | 6'2""",0,-,-,Hull City,Republic of Ireland
John Sutton,71,ST,,0,2.0,3,66,69,45,66,58,82,"188cm | 6'2""",0,-,-,Motherwell,England
Sean St. Ledger,71,CB,,0,2.0,3,75,46,54,64,70,72,"181cm | 5'11""",0,-,-,Preston North End,Republic of Ireland
Ricardo Osorio,71,RB,,0,2.0,3,72,50,66,62,66,71,"173cm | 5'8""",0,-,-,Monterrey,Mexico
Julio César Cáceres,71,CB,,0,2.0,3,60,33,65,56,71,68,"181cm | 5'11""",0,-,-,Atlético Mineiro,Paraguay
Paddy McCourt,71,LM,,0,3.0,3,67,66,61,85,48,46,"180cm | 5'11""",0,-,-,Celtic,Northern Ireland
Ross Wallace,71,LM,,0,3.0,4,79,66,70,68,64,61,"167cm | 5'6""",0,-,-,Burnley,Scotland
Moritz Volz,71,RB,,0,2.0,2,75,51,65,61,68,65,"178cm | 5'10""",0,-,-,FC St. Pauli,Germany
Zlatko Dedic,71,RF,,0,3.0,3,81,70,48,72,57,64,"182cm | 6'0""",0,-,-,VfL Bochum,Slovenia
Pavel Horváth,71,CM,,0,4.0,4,64,68,75,66,66,62,"187cm | 6'2""",0,-,-,Viktoria Plzeň ,Czech Republic
Claudio Morel Rodríguez,71,LB,,0,2.0,3,76,60,64,63,72,70,"175cm | 5'9""",0,-,-,Real Club Deportivo de La Coruña S.A.D.,Paraguay
Jonathan Santana,71,CM,,0,3.0,4,72,60,74,72,70,71,"181cm | 5'11""",0,-,-,Kayserispor,Paraguay
Andrés Madrid,71,CM,,0,3.0,4,73,64,70,72,71,68,"182cm | 6'0""",0,-,-,SC Braga,Argentina
Ezequiel Carboni,71,CDM,,0,2.0,3,68,54,69,65,69,64,"179cm | 5'10""",0,-,-,Catania,Argentina
Marco Aurelio Brito dos Prazeres,71,CDM,,0,2.0,3,65,60,71,60,70,61,"178cm | 5'10""",0,-,-,Beşiktaş JK,Turkey
Selçuk Şahin,71,CDM,,0,2.0,3,73,64,71,71,69,66,"187cm | 6'2""",0,-,-,Fenerbahçe SK,Turkey
Ceyhun Eriş,71,CAM,,0,3.0,3,67,67,69,77,56,55,"183cm | 6'0""",0,-,-,Sivasspor,Turkey
Çağdaş Atan,71,CB,,0,2.0,3,62,52,55,52,69,74,"183cm | 6'0""",0,-,-,FC Basel 1893,Turkey
Ersen Martin,71,ST,,0,3.0,3,67,65,60,69,53,80,"196cm | 6'5""",0,-,-,Kasımpaşa SK,Turkey
Julián Cerdá Vicente,71,RW,,0,3.0,4,77,58,64,73,52,58,"170cm | 5'7""",0,-,-,Rayo Vallecano de Madrid S.A.D.,Spain
Pablo Alvarez Núñez,71,RM,,0,3.0,3,76,63,72,74,60,64,"174cm | 5'9""",0,-,-,Real Club Deportivo de La Coruña S.A.D.,Spain
Saúl Fernández García,71,RM,,0,3.0,4,73,67,72,72,59,52,"176cm | 5'9""",0,-,-,Real Club Deportivo de La Coruña S.A.D.,Spain
Enrique Corrales Martín,71,LB,,0,2.0,3,80,56,69,70,70,64,"175cm | 5'9""",0,-,-,Real Club Deportivo Mallorca S.A.D.,Spain
Eldar Nizamutdinov,71,ST,,0,3.0,4,75,70,65,65,57,70,"173cm | 5'8""",0,-,-,Alaniya Vladikavkaz,Russia
Ander Lafuente Aguado,71,LW,,0,3.0,3,85,65,62,72,46,58,"167cm | 5'6""",0,-,-,Fútbol Club Cartagena,Spain
Iván Cuéllar,71,GK,,0,1.0,2,71,73,71,76,59,68,"187cm | 6'2""",0,-,-,Real Sporting de Gijón S.A.D.,Spain
Sergio Rodríguez García,71,CB,,0,2.0,3,69,45,61,49,70,76,"185cm | 6'1""",0,-,-,Hércules Club de Fútbol S.A.D.,Spain
Juan Jesús Gutiérrez Robles,71,CDM,,0,2.0,2,59,52,61,57,72,64,"187cm | 6'2""",0,-,-,Málaga Club de Fútbol S.A.D.,Spain
Malkhaz Asatiani,71,CB,,0,2.0,3,65,46,62,61,69,70,"184cm | 6'0""",0,-,-,Lokomotiv Moskva,Georgia
Dmitriy Sennikov,71,CB,,0,2.0,3,56,48,60,57,65,72,"183cm | 6'0""",0,-,-,Lokomotiv Moskva,Russia
Alexey Rebko,71,CDM,,0,2.0,3,68,53,72,68,68,69,"187cm | 6'2""",0,-,-,Dinamo Moskva,Russia
Alexandr Samedov,71,RM,,0,3.0,3,74,59,73,69,57,54,"177cm | 5'10""",0,-,-,Dinamo Moskva,Russia
Oleg Kuzmin,71,LB,,0,2.0,4,79,61,69,70,68,64,"175cm | 5'9""",0,-,-,Rubin Kazan,Russia
Radosław Sobolewski,71,CDM,,0,2.0,3,69,62,58,57,78,66,"182cm | 6'0""",0,-,-,Wisła Kraków,Poland
Rahamat Riga Mustapha,71,RW,,0,4.0,4,82,71,58,73,47,54,"179cm | 5'10""",0,-,-,Bolton Wanderers,Netherlands
Seyi Olofinjana,71,CDM,,0,2.0,3,69,53,66,58,70,72,"193cm | 6'4""",0,-,-,Cardiff City,Nigeria
Paul Verhaegh,71,RB,,0,2.0,3,73,39,63,65,69,62,"178cm | 5'10""",0,-,-,FC Augsburg,Netherlands
Angelos Basinas,71,CDM,,0,2.0,3,70,68,66,73,70,64,"178cm | 5'10""",0,-,-,AC Arles Avignon,Greece
Charles Takyi,71,CAM,,0,3.0,4,74,68,69,75,54,52,"177cm | 5'10""",0,-,-,FC St. Pauli,Germany
Marcel Ndjeng,71,RM,,0,3.0,4,82,62,67,70,62,52,"179cm | 5'10""",0,-,-,FC Augsburg,Cameroon
Sam Ricketts,71,RB,,0,2.0,4,68,46,66,60,67,70,"185cm | 6'1""",0,-,-,Bolton Wanderers,Wales
Danny Collins,71,CB,,0,2.0,3,66,34,56,45,69,72,"183cm | 6'0""",0,-,-,Stoke City,Wales
Tomasz Sokolowski,71,CM,,0,3.0,4,73,68,73,58,67,70,"184cm | 6'0""",0,-,-,Viking FK,Norway
Roger Guerreiro,71,CAM,,0,3.0,4,57,66,67,80,52,67,"189cm | 6'2""",0,-,-,AEK Athens,Poland
Clarence Goodson,71,CB,,0,1.0,3,72,43,52,45,68,78,"193cm | 6'4""",0,-,-,IK Start,United States
Stephen Kelly,71,RB,,0,2.0,3,73,46,65,61,71,70,"184cm | 6'0""",0,-,-,Fulham,Republic of Ireland
Atle Roar Håland,71,CB,,0,2.0,3,69,45,46,41,70,74,"187cm | 6'2""",0,-,-,Odense Boldklub,Norway
Nikoloas Spyropoulos,71,LB,,0,3.0,3,80,43,73,65,71,64,"176cm | 5'9""",0,-,-,Panathinaikos FC,Greece
Ciro Capuano,71,LB,,0,3.0,3,78,62,70,69,69,68,"185cm | 6'1""",0,-,-,Catania,Italy
Emil Jula,71,ST,,0,3.0,4,75,65,56,68,64,76,"192cm | 6'4""",0,-,-,Energie Cottbus,Romania
Richard Stearman,71,CB,,0,2.0,3,73,39,48,44,68,74,"191cm | 6'3""",0,-,-,Wolverhampton Wanderers,England
Darren Ambrose,71,RW,,0,3.0,3,77,75,64,70,53,54,"183cm | 6'0""",0,-,-,Crystal Palace,England
Horacio Cervantes,71,CB,,0,2.0,3,68,50,58,66,70,73,"192cm | 6'4""",0,-,-,Cruz Azul,Mexico
Fernando Arce,71,RM,,0,3.0,3,74,73,69,71,64,58,"169cm | 5'7""",0,-,-,Santos Laguna,Mexico
Luis Gabriel Rey,71,ST,,0,3.0,3,72,71,64,70,60,70,"182cm | 6'0""",0,-,-,Monarcas Morelia,Colombia
Dexter Blackstock,71,ST,,0,3.0,3,75,68,44,69,63,82,"185cm | 6'1""",0,-,-,Nottingham Forest,England
Jerome Thomas,71,LW,,0,4.0,3,80,62,65,76,53,52,"178cm | 5'10""",0,-,-,West Bromwich Albion,England
Gennaro Iezzo,71,GK,,0,1.0,2,71,74,70,70,48,74,"185cm | 6'1""",0,-,-,Napoli,Italy
Shaun Barker,71,CB,,0,2.0,3,60,44,50,47,69,80,"188cm | 6'2""",0,-,-,Derby County,England
Yannick Kamanan,71,ST,,0,3.0,3,82,67,57,63,53,68,"185cm | 6'1""",0,-,-,Sivasspor,France
Lasse Nilsson,71,ST,,0,3.0,4,80,70,51,71,55,62,"180cm | 5'11""",0,-,-,Vitesse,Sweden
Julien Faubert,71,RB,,0,3.0,3,78,65,72,77,71,65,"180cm | 5'11""",0,-,-,West Ham United,France
Marcos Venancio de Albuquerque,71,RWB,,0,2.0,2,78,65,72,68,68,64,"175cm | 5'9""",0,-,-,Paris Saint-Germain,Brazil
Gennaro Sardo,71,RB,,0,2.0,2,74,63,68,64,73,76,"190cm | 6'3""",0,-,-,Chievo Verona,Italy
Javier del Pino González,71,RW,,0,3.0,4,77,66,68,71,57,75,"176cm | 5'9""",0,-,-,Club Deportivo Numancia de Soria S.A.D. ,Spain
Miguel Calero,71,GK,,0,1.0,3,71,68,65,73,46,73,"189cm | 6'2""",0,-,-,Pachuca,Colombia
Fausto Pinto,71,LB,,0,2.0,3,73,61,67,69,67,68,"166cm | 5'5""",0,-,-,Cruz Azul,Mexico
Tom De Mul,71,RW,,0,3.0,4,77,62,68,73,45,56,"178cm | 5'10""",0,-,-,Standard de Liège,Belgium
Rasmus Lindgren,71,CDM,,0,3.0,4,67,65,73,66,69,64,"180cm | 5'11""",0,-,-,Ajax,Sweden
Matt Fryatt,71,ST,,0,2.0,4,67,70,60,69,59,66,"178cm | 5'10""",0,-,-,Leicester City,England
Simone Bentivoglio,71,CM,,0,3.0,3,73,68,71,69,72,70,"184cm | 6'0""",0,-,-,Chievo Verona,Italy
Nico Pulzetti,71,CM,,0,3.0,3,74,60,70,70,67,67,"176cm | 5'9""",0,-,-,Bari,Italy
José Eduardo Rosa Vale e Castro,71,CB,,0,2.0,3,69,48,63,57,66,70,"183cm | 6'0""",0,-,-,Real Club Deportivo de La Coruña S.A.D.,Portugal
Pablo Ledesma,71,CM,,0,3.0,3,72,63,71,72,69,64,"178cm | 5'10""",0,-,-,Catania,Argentina
Salvador Sevilla López,71,CAM,,0,3.0,3,70,71,71,69,60,64,"178cm | 5'10""",0,-,-,Real Betis Balompié S.A.D. ,Spain
Jan Wuytens,71,CB,,0,2.0,2,67,53,61,57,71,70,"189cm | 6'2""",0,-,-,FC Utrecht,Belgium
Gelson Tavares Fernandes,71,CDM,,0,4.0,3,75,63,66,69,72,64,"183cm | 6'0""",0,-,-,Chievo Verona,Switzerland
Mišo Brečko,71,RB,,0,2.0,4,75,44,61,55,69,64,"178cm | 5'10""",0,-,-,1. FC Köln,Slovenia
Oribe Peralta,71,CF,,0,3.0,3,72,71,65,71,53,71,"178cm | 5'10""",0,-,-,Santos Laguna,Mexico
Knut Olav Rindarøy,71,LWB,,0,2.0,3,82,57,72,58,71,58,"178cm | 5'10""",0,-,-,Real Club Deportivo de La Coruña S.A.D.,Norway
Juan Luis Hens Lorite,71,RM,,0,3.0,4,71,68,75,71,58,54,"178cm | 5'10""",0,-,-,Club Deportivo Tenerife S.A.D.,Spain
Gianni Munari,71,CM,,0,3.0,3,67,68,68,68,69,74,"190cm | 6'3""",0,-,-,Lecce,Italy
Jason Čulina,71,CM,,0,3.0,4,74,65,75,64,67,52,"175cm | 5'9""",0,-,-,Gold Coast United,Australia
Yohan Démont,71,RWB,,0,2.0,3,78,73,73,72,68,66,"181cm | 5'11""",0,-,-,Racing Club de Lens,France
Pedro Alves da Silva,71,RB,,0,2.0,3,76,62,73,71,73,67,"180cm | 5'11""",0,-,-,Portimão,Brazil
Igor Alexandre Lolo,71,CB,,0,2.0,3,63,43,47,60,69,72,"180cm | 5'11""",0,-,-,AS Monaco FC,Ivory Coast
Alexandr Orekhov,71,CB,,0,3.0,3,59,46,45,55,72,73,"198cm | 6'6""",0,-,-,Rubin Kazan,Russia
Carlos Diogo,71,RWB,,0,2.0,3,78,52,67,74,70,72,"186cm | 6'1""",0,-,-,Real Zaragoza S.A.D.,Uruguay
Javier Chica Torres,71,RB,,0,2.0,3,72,53,64,64,75,68,"176cm | 5'9""",0,-,-,R.C.D. Espanyol de Barcelona S.A.D.,Spain
Mauro Boselli,71,CF,,0,3.0,4,71,68,57,63,56,81,"181cm | 5'11""",0,-,-,Wigan Athletic,Argentina
Stiven Rivic,71,LM,,0,3.0,4,79,64,67,74,51,46,"181cm | 5'11""",0,-,-,1. FC Kaiserslautern,Croatia
Chris Eagles,71,RW,,0,4.0,4,78,65,66,74,46,48,"183cm | 6'0""",0,-,-,Burnley,England
Donovan Ricketts,71,GK,,0,1.0,3,74,64,88,72,62,69,"193cm | 6'4""",0,-,-,Los Angeles Galaxy,Jamaica
Labinot Harbuzi,71,CAM,,0,3.0,5,69,65,62,82,55,51,"175cm | 5'9""",0,-,-,Gençlerbirliği SK,Sweden
Glenn Whelan,71,CM,,0,3.0,4,71,67,73,68,68,62,"180cm | 5'11""",0,-,-,Stoke City,Republic of Ireland
Simon Cox,71,ST,,0,2.0,3,77,70,40,69,53,62,"180cm | 5'11""",0,-,-,West Bromwich Albion,England
Luke Varney,71,ST,,0,3.0,4,81,67,60,69,59,62,"180cm | 5'11""",0,-,-,Blackpool,England
Jacob Mulenga,71,ST,,0,2.0,3,76,66,46,67,66,76,"186cm | 6'1""",0,-,-,FC Utrecht,Zambia
Francesco Pisano,71,RB,,0,2.0,3,85,51,71,71,67,67,"174cm | 5'9""",0,-,-,Cagliari,Italy
Mirko Pieri,71,LWB,,0,2.0,3,76,54,72,65,72,70,"183cm | 6'0""",0,-,-,Livorno,Italy
Jamie Ward,71,RF,,0,2.0,3,81,68,64,71,49,54,"165cm | 5'5""",0,-,-,Sheffield United,Northern Ireland
Edinho,71,ST,,0,3.0,3,79,68,48,69,58,75,"182cm | 6'0""",0,-,-,Málaga Club de Fútbol S.A.D.,Portugal
Osvaldo Félix de Souza,71,ST,,0,3.0,2,67,68,48,67,58,70,"183cm | 6'0""",0,-,-,Flamengo,Brazil
Eugen Polanski,71,CM,,0,3.0,3,72,67,69,67,76,57,"183cm | 6'0""",0,-,-,1. FSV Mainz 05,Germany
Didier Digard,71,CDM,,0,2.0,4,69,61,64,71,71,73,"183cm | 6'0""",0,-,-,OGC Nice,France
Gabriel Paletta,71,CB,,0,2.0,3,66,49,61,53,71,73,"190cm | 6'3""",0,-,-,Parma,Argentina
Brad Jones,71,GK,,0,1.0,2,73,70,68,74,63,69,"191cm | 6'3""",0,-,-,Liverpool,Australia
David Wheater,71,CB,,0,2.0,4,69,44,53,48,71,75,"196cm | 6'5""",0,-,-,Middlesbrough,England
Vederson Luiz da Sılva Medeiros,71,LWB,,0,3.0,2,86,72,68,72,70,57,"176cm | 5'9""",0,-,-,Bursaspor,Brazil
Eduardo Lobos,71,GK,,0,1.0,3,71,72,70,69,45,72,"186cm | 6'1""",0,-,-,Krylya Sovetov Samara,Chile
Lasha Salukvadze,71,CB,,0,2.0,4,67,34,56,54,69,68,"184cm | 6'0""",0,-,-,Rubin Kazan,Georgia
Chris McCann,71,CM,,0,3.0,2,70,54,73,69,66,74,"185cm | 6'1""",0,-,-,Burnley,Republic of Ireland
Marc Wilson,71,CB,,0,2.0,3,72,47,59,53,70,70,"188cm | 6'2""",0,-,-,Stoke City,Republic of Ireland
Denni Avdic,71,ST,,0,3.0,3,67,69,53,70,62,74,"193cm | 6'4""",0,-,-,IF Elfsborg,Sweden
Adrián Aldrete,71,LB,,0,3.0,3,78,58,71,72,68,60,"177cm | 5'10""",0,-,-,Monarcas Morelia,Mexico
Matías Abelairas,71,LM,,0,3.0,2,69,68,75,69,53,54,"171cm | 5'7""",0,-,-,River Plate,Argentina
Scott Loach,71,GK,,0,1.0,3,71,74,60,78,56,65,"185cm | 6'1""",0,-,-,Watford,England
Jérémy Sorbon,71,CB,,0,2.0,3,72,36,52,40,67,74,"183cm | 6'0""",0,-,-,Stade Malherbe Caen,France
Habib Bellaïd,71,CB,,0,2.0,3,66,36,55,54,72,66,"189cm | 6'2""",0,-,-,CS Sedan Ardennes,Algeria
Elkin Soto,71,LM,,0,3.0,3,71,57,72,69,65,49,"178cm | 5'10""",0,-,-,1. FSV Mainz 05,Colombia
Paul Dixon,71,LB,,0,2.0,3,66,49,70,65,71,67,"175cm | 5'9""",0,-,-,Dundee United,Scotland
Petr Lukáš,71,CB,,0,2.0,3,56,67,54,61,71,76,"193cm | 6'4""",0,-,-,FK Teplice,Czech Republic
Adam Hammill,71,RW,,0,4.0,5,82,67,63,74,47,42,"180cm | 5'11""",0,-,-,Barnsley,England
Danny Guthrie,71,CM,,0,4.0,3,67,64,71,73,67,59,"175cm | 5'9""",0,-,-,Newcastle United,England
Ishmael Miller,71,ST,,0,3.0,2,83,62,44,70,57,74,"190cm | 6'3""",0,-,-,West Bromwich Albion,England
Cole Skuse,71,CM,,0,2.0,3,77,57,71,68,71,66,"185cm | 6'1""",0,-,-,Bristol City,England
Joel Landry N'Guemo,71,CM,,0,3.0,3,73,46,69,74,75,64,"173cm | 5'8""",0,-,-,A.S. Nancy Lorraine,Cameroon
Jordi Gómez García-Penche,71,CAM,,0,3.0,3,71,70,72,75,58,52,"178cm | 5'10""",0,-,-,Wigan Athletic,Spain
Carlos Esquivel,71,RF,,0,3.0,3,77,67,70,69,56,65,"174cm | 5'9""",0,-,-,Toluca,Mexico
Aythami Artiles,71,CB,,0,2.0,3,61,40,60,50,69,70,"185cm | 6'1""",0,-,-,Real Club Deportivo de La Coruña S.A.D.,Spain
Nauzet Alemán Viera,71,RM,,0,3.0,3,77,74,68,70,56,54,"178cm | 5'10""",0,-,-,Real Valladolid Club de Fútbol S.A.D.,Spain
Carlos Calvo Sobrado,71,RM,,0,3.0,3,80,69,63,78,50,59,"174cm | 5'9""",0,-,-,Granada Club de Fútbol,Spain
David Zurutuza Veillet,71,CAM,,0,3.0,3,71,61,67,74,59,62,"184cm | 6'0""",0,-,-,Real Sociedad de Fútbol S.A.D.,France
Javi Varas,71,GK,,0,1.0,3,72,71,60,76,51,72,"182cm | 6'0""",0,-,-,Sevilla Fútbol Club S.A.D.,Spain
Victor Moses,71,RW,,0,4.0,4,80,66,60,81,56,58,"178cm | 5'10""",0,-,-,Wigan Athletic,England
Veli Kavlak,71,LM,,0,4.0,5,77,70,66,75,55,54,"179cm | 5'10""",0,-,-,SK Rapid Wien,Austria
Zlatko Junuzovic,71,CAM,,0,4.0,4,75,66,67,75,51,58,"172cm | 5'8""",0,-,-,FK Austria Wien,Austria
Shane Smeltz,71,ST,,0,3.0,4,68,70,40,64,56,78,"185cm | 6'1""",0,-,-,Gençlerbirliği SK,New Zealand
Drissa Diakite,71,CDM,,0,2.0,3,74,39,69,56,72,68,"175cm | 5'9""",0,-,-,OGC Nice,Mali
Aleksandar Tunchev,71,CB,,0,2.0,3,66,34,50,49,67,75,"188cm | 6'2""",0,-,-,Leicester City,Bulgaria
Cristian Bolaños,71,RM,,0,4.0,4,76,69,68,76,53,50,"178cm | 5'10""",0,-,-,FC København,Costa Rica
Tom De Sutter,71,ST,,0,3.0,4,70,68,60,64,62,72,"192cm | 6'4""",0,-,-,RSC Anderlecht,Belgium
Vadis Odjidja-Ofoe,71,CM,,0,2.0,3,70,64,67,69,70,69,"185cm | 6'1""",0,-,-,Club Brugge KV,Belgium
Valter Birsa,71,ST,,0,3.0,3,77,72,72,70,61,69,"184cm | 6'0""",0,-,-,AJ Auxerre,Slovenia
Sung Ryong Jung,71,GK,,0,1.0,4,73,70,71,70,41,69,"189cm | 6'2""",0,-,-,Seongnam Ilhwa Chunma,Korea Republic
Libor Došek,71,ST,,0,3.0,3,60,72,54,65,68,83,"199cm | 6'6""",0,-,-,FK Teplice,Czech Republic
Mattias Bjärsmyr,71,CB,,0,2.0,3,68,45,66,40,66,74,"186cm | 6'1""",0,-,-,Rosenborg BK,Sweden
George Leandro Abreu de Lima,71,CAM,,0,5.0,3,78,68,69,77,58,59,"169cm | 5'7""",0,-,-,"União de Leiria, SAD",Brazil
Erich Brabec,71,CB,,0,2.0,4,56,52,62,44,72,71,"190cm | 6'3""",0,-,-,Sparta Praha,Czech Republic
Viktor Elm,71,CM,,0,2.0,3,61,71,68,63,71,75,"192cm | 6'4""",0,-,-,sc Heerenveen,Sweden
Bojan Jokič,71,LB,,0,2.0,3,75,59,71,67,72,62,"176cm | 5'9""",0,-,-,Chievo Verona,Slovenia
Tore Reginiussen,71,CB,,0,2.0,3,72,38,54,33,68,74,"185cm | 6'1""",0,-,-,Lecce,Norway
Ahmed Apimah Barusso,71,CDM,,0,2.0,2,75,61,66,61,72,61,"184cm | 6'0""",0,-,-,Livorno,Ghana
Adil Chihi,71,LF,,0,3.0,2,80,65,67,77,52,56,"183cm | 6'0""",0,-,-,1. FC Köln,Morocco
Adil Hermach,71,CDM,,0,2.0,3,68,52,70,66,70,59,"177cm | 5'10""",0,-,-,Racing Club de Lens,Morocco
Baye Djiby Fall,71,ST,,0,2.0,2,76,69,38,69,57,80,"186cm | 6'1""",0,-,-,Molde FK,Senegal
Marco Rossi,71,CB,,0,2.0,2,69,42,53,52,68,71,"188cm | 6'2""",0,-,-,Bari,Italy
Abel Aguilar,71,CM,,0,3.0,3,69,64,68,68,70,75,"185cm | 6'1""",0,-,-,Hércules Club de Fútbol S.A.D.,Colombia
Paul Baysse,71,CB,,0,2.0,3,62,38,55,48,67,75,"184cm | 6'0""",0,-,-,Stade Brestois 29,France
Ricardo Faty,71,CDM,,0,2.0,3,71,53,70,61,70,72,"190cm | 6'3""",0,-,-,Roma,France
Miguel Pallardó González,71,CDM,,0,2.0,3,73,60,65,62,71,63,"173cm | 5'8""",0,-,-,Levante Unión Deportiva S.A.D.,Spain
Savio Nsereko,71,LW,,0,3.0,4,83,61,61,72,49,52,"176cm | 5'9""",0,-,-,TSV 1860 München,Germany
José Ignacio Castillo,71,ST,,0,3.0,4,70,66,55,69,60,74,"184cm | 6'0""",0,-,-,Bari,Argentina
Erik Pieters,71,LB,,0,2.0,2,68,36,65,61,73,72,"186cm | 6'1""",0,-,-,PSV,Netherlands
Fernando Forestieri,71,CF,,0,4.0,3,78,68,60,79,49,46,"172cm | 5'8""",0,-,-,Udinese,Italy
Radoslaw Majewski,71,CAM,,0,3.0,4,71,71,70,73,55,51,"170cm | 5'7""",0,-,-,Nottingham Forest,Poland
Leandro Grimi,71,LB,,0,2.0,3,73,52,70,68,73,68,"182cm | 6'0""",0,-,-,Sporting CP,Argentina
Ralf Fährmann,71,GK,,0,1.0,3,73,69,67,77,44,68,"196cm | 6'5""",0,-,-,Eintracht Frankfurt,Germany
Dušan Švento,71,LM,,0,4.0,3,81,64,68,74,57,52,"178cm | 5'10""",0,-,-,FC Red Bull Salzburg,Slovakia
Marek Čech,71,GK,,0,1.0,2,71,69,62,72,46,74,"187cm | 6'2""",0,-,-,Lokomotiv Moskva,Czech Republic
David Elm,71,ST,,0,3.0,3,65,70,58,65,67,76,"191cm | 6'3""",0,-,-,Fulham,Sweden
Luiz Henrique da Silva Alves,71,LW,,0,3.0,3,74,68,69,72,59,44,"175cm | 5'9""",0,-,-,Jeonbuk Hyundai Motors,Brazil
Tim Matavž,71,ST,,0,3.0,5,71,69,45,69,59,68,"188cm | 6'2""",0,-,-,FC Groningen,Slovenia
Krisztián Németh,71,ST,,0,3.0,3,84,68,53,67,56,66,"179cm | 5'10""",0,-,-,Olympiakos CFP,Hungary
David Stockdale,71,GK,,0,1.0,3,75,70,79,74,50,70,"191cm | 6'3""",0,-,-,Fulham,England
Jorge Zamogilny,71,CDM,,0,2.0,3,69,54,68,62,66,62,"172cm | 5'8""",0,-,-,Estudiantes Tecos,Argentina
Mergim Mavraj,71,CB,,0,2.0,3,71,35,50,41,67,72,"189cm | 6'2""",0,-,-,VfL Bochum,Germany
Roberto Rosales,71,RWB,,0,2.0,4,77,62,74,73,67,66,"174cm | 5'9""",0,-,-,FC Twente,Venezuela
Petr Švancara,71,CF,,0,4.0,3,77,68,54,71,57,73,"184cm | 6'0""",0,-,-,1. FC Slovácko,Czech Republic
Ciaran Clark,71,CB,,0,2.0,3,67,35,55,40,64,72,"186cm | 6'1""",0,-,-,Aston Villa,England
Bojan Jorgacevic,71,GK,,0,1.0,3,74,70,69,72,74,70,"187cm | 6'2""",0,-,-,KAA Gent,Serbia
William Artur dos Santos,71,ST,,0,3.0,3,72,67,51,65,58,78,"185cm | 6'1""",0,-,-,Vitória de Guimarães,Brazil
Daniel Schwaab,71,RB,,0,2.0,4,73,38,65,67,70,68,"186cm | 6'1""",0,-,-,Bayer 04 Leverkusen,Germany
Barry Bannan,71,LM,,0,3.0,3,75,60,75,69,49,40,"180cm | 5'11""",0,-,-,Aston Villa,Scotland
Eric Maxim Choupo-Moting,71,ST,,0,3.0,4,74,66,58,73,57,66,"189cm | 6'2""",0,-,-,Hamburger SV,Cameroon
Max Kruse,71,LM,,0,3.0,4,68,65,72,70,65,62,"181cm | 5'11""",0,-,-,FC St. Pauli,Germany
Dirk Marcellis,71,RB,,0,2.0,4,68,36,68,61,69,76,"180cm | 5'11""",0,-,-,AZ Alkmaar,Netherlands
Damian Escudero,71,LW,,0,3.0,3,78,66,72,70,53,54,"174cm | 5'9""",0,-,-,Boca Juniors,Argentina
Ibrahima Traoré,71,LM,,0,2.0,4,84,60,65,75,49,50,"170cm | 5'7""",0,-,-,FC Augsburg,France
Vurnon Anita,71,LB,,0,3.0,3,81,42,65,69,68,58,"166cm | 5'5""",0,-,-,Ajax,Netherlands
Castro,71,CM,,0,4.0,3,77,68,71,73,70,62,"175cm | 5'9""",0,-,-,FC Porto,Portugal
Kyriakos Papadopoulos,71,CB,,0,2.0,3,69,39,58,60,70,70,"183cm | 6'0""",0,-,-,FC Schalke 04,Greece
Zavon Hines,71,ST,,0,3.0,2,85,63,57,79,54,57,"178cm | 5'10""",0,-,-,West Ham United,England
Javier Morales,71,CAM,,0,4.0,3,71,72,69,70,54,57,"175cm | 5'9""",0,-,-,Real Salt Lake,Argentina
Wilman Conde,71,CB,,0,3.0,3,67,50,64,60,70,71,"188cm | 6'2""",0,-,-,Chicago Fire,Colombia
Fabio Borini,71,ST,,0,3.0,3,75,65,51,74,45,60,"180cm | 5'11""",0,-,-,Chelsea,Italy
Mateus Alberto Contreira Gonçalves,71,ST,,0,3.0,2,75,66,44,72,59,80,"188cm | 6'2""",0,-,-,Bucaspor,Angola
Kyle Naughton,71,RB,,0,3.0,4,82,52,68,64,68,70,"180cm | 5'11""",0,-,-,Tottenham Hotspur,England
Jámison Olave,71,CB,,0,2.0,3,67,34,50,49,73,72,"186cm | 6'1""",0,-,-,Real Salt Lake,Colombia
Danny Swanson,71,RW,,0,3.0,2,79,58,65,78,53,52,"168cm | 5'6""",0,-,-,Dundee United,Scotland
Cheikhou Kouyaté,71,CM,,0,2.0,3,79,64,64,65,75,74,"191cm | 6'3""",0,-,-,RSC Anderlecht,Senegal
Leandro Salino do Carmo,71,CM,,0,3.0,3,83,60,72,72,73,52,"169cm | 5'7""",0,-,-,SC Braga,Brazil
Mário Rui Correia Tomás,71,RW,,0,2.0,3,80,64,64,76,52,52,"166cm | 5'5""",0,-,-,Naval 1° de Maio,Portugal
Claudemir,71,CM,,0,4.0,2,74,54,71,75,67,54,"184cm | 6'0""",0,-,-,FC København,Brazil
Denis Glushakov,71,CM,,0,3.0,4,69,65,73,71,64,58,"178cm | 5'10""",0,-,-,Lokomotiv Moskva,Russia
Fabrizio Cacciatore,71,RB,,0,2.0,3,72,50,69,62,71,68,"182cm | 6'0""",0,-,-,Sampdoria,Italy
Dani Pacheco,71,CF,,0,3.0,3,75,69,66,82,50,52,"168cm | 5'6""",0,-,-,Liverpool,Spain
Mohamed Diamé,71,CDM,,0,2.0,3,73,48,62,65,75,76,"185cm | 6'1""",0,-,-,Wigan Athletic,France
Mirco Antenucci,71,CF,,0,3.0,4,75,70,62,70,59,66,"180cm | 5'11""",0,-,-,Catania,Italy
Ozan İpek,71,LM,,0,4.0,2,74,63,70,71,50,44,"187cm | 6'2""",0,-,-,Bursaspor,Turkey
Laure,71,RB,,0,2.0,3,77,45,66,64,71,60,"166cm | 5'5""",0,-,-,Real Club Deportivo de La Coruña S.A.D.,Spain
Michel Macedo Rocha Machado,71,RWB,,0,2.0,3,82,39,66,67,68,70,"182cm | 6'0""",0,-,-,Unión Deportiva Almería S.A.D.,Brazil
Aleksandar Dragovic,71,CB,,0,2.0,3,71,36,43,60,69,70,"184cm | 6'0""",0,-,-,FK Austria Wien,Austria
Bas Dost,71,ST,,0,2.0,3,70,65,46,57,63,79,"192cm | 6'4""",0,-,-,sc Heerenveen,Netherlands
Dorege Rostand Kouemaha,71,ST,,0,3.0,2,71,70,62,66,65,68,"190cm | 6'3""",0,-,-,Club Brugge KV,Cameroon
Néstor Calderón,71,LW,,0,4.0,3,76,68,66,72,49,63,"173cm | 5'8""",0,-,-,Toluca,Mexico
Jamie Murphy,71,ST,,0,2.0,3,72,70,60,72,56,70,"175cm | 5'9""",0,-,-,Motherwell,Scotland
Sebastian Rudy,71,CM,,0,2.0,3,75,67,72,75,68,61,"179cm | 5'10""",0,-,-,TSG 1899 Hoffenheim,Germany
Deniz Naki,71,LW,,0,3.0,4,80,62,66,76,50,60,"176cm | 5'9""",0,-,-,FC St. Pauli,Germany
Willie Overtoom,71,CAM,,0,3.0,4,83,70,64,75,52,48,"170cm | 5'7""",0,-,-,Heracles Almelo,Netherlands
Sezer Badur,71,CDM,,0,2.0,4,77,67,70,69,70,68,"181cm | 5'11""",0,-,-,Trabzonspor,Turkey
Luuk de Jong,71,ST,,0,3.0,3,72,63,67,69,57,77,"188cm | 6'2""",0,-,-,FC Twente,Netherlands
Christian Eriksen,71,CAM,,0,4.0,5,79,68,69,77,48,48,"175cm | 5'9""",0,-,-,Ajax,Denmark
Julian Schieber,71,ST,,0,3.0,2,76,63,64,68,61,73,"186cm | 6'1""",0,-,-,1. FC Nürnberg,Germany
Bernardo Vieira de Souza,71,CAM,,0,4.0,3,75,72,70,84,47,53,"177cm | 5'10""",0,-,-,Goiânia,Brazil
Alberto Rafael da Silva,71,GK,,0,1.0,1,73,68,64,73,32,74,"192cm | 6'4""",0,-,-,Fluminense,Brazil
Javi Márquez,71,CM,,0,3.0,2,65,71,74,71,60,53,"174cm | 5'9""",0,-,-,R.C.D. Espanyol de Barcelona S.A.D.,Spain
Lassad Hassen Nouioui,71,ST,,0,3.0,3,73,68,55,76,54,66,"188cm | 6'2""",0,-,-,Real Club Deportivo de La Coruña S.A.D.,Tunisia
José María Ortigoza,71,ST,,0,3.0,2,73,66,68,71,49,74,"180cm | 5'11""",0,-,-,Ulsan Hyundai Horang-i,Paraguay
Fabricio Silva Dornellas,71,CB,,0,2.0,2,73,58,64,59,69,74,"186cm | 6'1""",0,-,-,Palmeiras,Brazil
Alexandr Kokorin,71,ST,,0,3.0,2,76,73,67,70,58,66,"183cm | 6'0""",0,-,-,Dinamo Moskva,Russia
Emanuel Igiebor,71,CM,,0,4.0,4,75,64,67,76,69,61,"180cm | 5'11""",0,-,-,Lillestrøm SK,Nigeria
Fabián Orellana,71,CF,,0,4.0,4,81,65,54,82,52,59,"170cm | 5'7""",0,-,-,Granada Club de Fútbol,Chile
Sambou Yatabaré,71,CM,,0,3.0,3,79,61,74,72,60,56,"190cm | 6'3""",0,-,-,Stade Malherbe Caen,France
Boris Vukcevic,71,LM,,0,3.0,3,79,59,69,75,59,50,"182cm | 6'0""",0,-,-,TSG 1899 Hoffenheim,Germany
Diego Novaretti,71,CB,,0,2.0,3,72,42,59,43,67,74,"194cm | 6'4""",0,-,-,Toluca,Argentina
Nemanja Pejčinović,71,CB,,0,2.0,4,72,38,62,49,66,70,"184cm | 6'0""",0,-,-,OGC Nice,Serbia
Danny Wilson,71,CB,,0,2.0,2,72,36,50,56,69,72,"187cm | 6'2""",0,-,-,Liverpool,Scotland
Christoph Moritz,71,RM,,0,2.0,3,73,53,70,73,66,66,"186cm | 6'1""",0,-,-,FC Schalke 04,Germany
Neto,71,GK,,0,1.0,2,69,72,67,75,65,70,"191cm | 6'3""",0,-,-,Atlético Paranaense,Brazil
Jeffrey Bruma,71,CB,,0,2.0,3,72,50,56,52,67,62,"186cm | 6'1""",0,-,-,Chelsea,Netherlands
Alessio Scarpi,70,GK,,0,1.0,1,69,70,66,70,55,73,"188cm | 6'2""",0,-,-,Genoa,Italy
Hugo Miguel Ribeiro Leal,70,CM,,0,3.0,4,59,69,80,68,58,49,"180cm | 5'11""",0,-,-,Vitória de Setúbal,Portugal
Bernardo Corradi,70,ST,,0,2.0,3,68,69,54,64,64,80,"189cm | 6'2""",0,-,-,Udinese,Italy
Salif Diao,70,CDM,,0,2.0,3,67,49,65,59,71,70,"183cm | 6'0""",0,-,-,Stoke City,Senegal
David Vaughan,70,LM,,0,3.0,3,73,65,70,72,59,62,"170cm | 5'7""",0,-,-,Blackpool,Wales
Thomas Zdebel,70,CDM,,0,2.0,3,59,61,66,56,69,68,"178cm | 5'10""",0,-,-,Alemannia Aachen,Poland
Mathias Schober,70,GK,,0,1.0,3,72,73,64,68,47,70,"191cm | 6'3""",0,-,-,FC Schalke 04,Germany
Kew Jaliens,70,CB,,0,2.0,3,69,34,52,56,68,72,"183cm | 6'0""",0,-,-,AZ Alkmaar,Netherlands
Emanuele Belardi,70,GK,,0,1.0,1,68,70,60,71,49,75,"187cm | 6'2""",0,-,-,Udinese,Italy
Cristiano Doni,70,CF,,0,4.0,4,55,75,69,68,59,72,"185cm | 6'1""",0,-,-,A. Bergamo,Italy
Nélson Augusto Tomar Marcos,70,RWB,,0,2.0,4,84,58,67,74,63,64,"171cm | 5'7""",0,-,-,Club Atlético Osasuna,Portugal
Ricardo A. Martins S. Pereira,70,GK,,0,1.0,3,73,65,77,71,48,70,"185cm | 6'1""",0,-,-,Real Betis Balompié S.A.D. ,Portugal
Dean Kiely,70,GK,,0,1.0,2,70,71,68,65,55,72,"185cm | 6'1""",0,-,-,West Bromwich Albion,Republic of Ireland
Lorenzo Stovini,70,CB,,0,2.0,2,70,38,44,49,69,70,"186cm | 6'1""",0,-,-,Empoli,Italy
Pál Dárdai,70,CDM,,0,2.0,3,69,55,65,64,67,71,"179cm | 5'10""",0,-,-,Hertha BSC,Hungary
Simone Del Nero,70,LF,,0,3.0,3,72,67,69,77,64,63,"187cm | 6'2""",0,-,-,Lazio,Italy
Damien Grégorini,70,GK,,0,1.0,2,70,74,64,71,32,74,"194cm | 6'4""",0,-,-,A.S. Nancy Lorraine,France
Martin Pieckenhagen,70,GK,,0,1.0,3,71,68,69,73,66,66,"186cm | 6'1""",0,-,-,1. FSV Mainz 05,Germany
Nwankwo Kanu,70,CF,,0,4.0,3,62,70,62,79,59,74,"197cm | 6'6""",0,-,-,Portsmouth,Nigeria
Daniel Moreira,70,ST,,0,3.0,3,72,69,50,66,59,64,"177cm | 5'10""",0,-,-,U.S. Boulogne Cote D'Opale,France
Colin Nish,70,ST,,0,3.0,3,60,67,56,71,56,80,"191cm | 6'3""",0,-,-,Hibernian,Scotland
Bo Svensson,70,CB,,0,2.0,3,45,35,51,30,70,74,"190cm | 6'3""",0,-,-,1. FSV Mainz 05,Denmark
Patrick Paauwe,70,CB,,0,2.0,3,57,59,68,54,67,69,"184cm | 6'0""",0,-,-,VVV-Venlo,Netherlands
Simone Vergassola,70,CM,,0,3.0,3,61,61,70,67,68,64,"174cm | 5'9""",0,-,-,Siena,Italy
Emanuel J. Bonfim Evaristo,70,RF,,0,3.0,4,86,59,68,74,55,54,"171cm | 5'7""",0,-,-,Legia Warszawa,Portugal
Stefan Ishizaki,70,RM,,0,3.0,4,71,69,68,71,58,54,"180cm | 5'11""",0,-,-,IF Elfsborg,Sweden
Oliver Neuville,70,ST,,0,3.0,4,72,70,66,74,52,62,"171cm | 5'7""",0,-,-,Arminia Bielefeld,Germany
Patrick Mtiliga,70,LWB,,0,2.0,5,86,60,58,66,67,64,"171cm | 5'7""",0,-,-,Málaga Club de Fútbol S.A.D.,Denmark
Grégory Proment,70,CDM,,0,2.0,4,67,57,73,51,68,56,"176cm | 5'9""",0,-,-,Medical Park Antalyaspor,France
James Beattie,70,ST,,0,3.0,3,62,71,56,60,58,80,"185cm | 6'1""",0,-,-,Rangers,England
Sylvain Marchal,70,CB,,0,2.0,3,59,44,62,42,67,70,"184cm | 6'0""",0,-,-,A.S. Saint-Etienne,France
Paul Stalteri,70,RB,,0,2.0,3,70,43,52,53,72,64,"181cm | 5'11""",0,-,-,Borussia M'gladbach,Canada
Steve Simonsen,70,GK,,0,1.0,2,71,70,67,72,53,70,"188cm | 6'2""",0,-,-,Sheffield United,England
Jorge Luiz Pereira de Souza,70,CAM,,0,4.0,4,76,65,69,72,58,66,"178cm | 5'10""",0,-,-,Gaziantepspor,Brazil
Alje Schut,70,CB,,0,2.0,3,61,37,49,33,69,76,"193cm | 6'4""",0,-,-,FC Utrecht,Netherlands
Tim Cornelisse,70,RB,,0,3.0,2,65,47,61,54,74,58,"185cm | 6'1""",0,-,-,FC Utrecht,Netherlands
Marko Topić,70,ST,,0,3.0,3,78,67,46,70,57,70,"183cm | 6'0""",0,-,-,Saturn Ramenskoye,Bosnia Herzegovina
Bengt Sæternes,70,ST,,0,3.0,3,72,69,54,54,67,73,"187cm | 6'2""",0,-,-,Vålerenga Fotball,Norway
Igor Budan,70,ST,,0,3.0,3,68,68,51,62,62,79,"185cm | 6'1""",0,-,-,A.C. Cesena,Croatia
Daniel Zítka,70,GK,,0,1.0,2,70,74,62,70,57,72,"190cm | 6'3""",0,-,-,Sparta Praha,Czech Republic
Iain Hume,70,ST,,0,3.0,4,78,67,54,72,57,70,"170cm | 5'7""",0,-,-,Barnsley,Canada
Ian Ashbee,70,CDM,,0,2.0,3,62,50,63,48,72,68,"185cm | 6'1""",0,-,-,Hull City,England
Leon Cort,70,CB,,0,2.0,3,66,36,46,43,69,78,"191cm | 6'3""",0,-,-,Burnley,England
Arkadiusz Głowacki,70,CB,,0,2.0,4,65,54,60,60,66,69,"186cm | 6'1""",0,-,-,Trabzonspor,Poland
Daniel Andersson,70,CB,,0,2.0,3,59,55,68,57,71,70,"178cm | 5'10""",0,-,-,Malmö FF,Sweden
Flávio Miguel Sousa Meireles,70,CDM,,0,2.0,3,66,55,62,62,72,70,"185cm | 6'1""",0,-,-,Vitória de Guimarães,Portugal
Bruno Alexandre dos Santos Patacas,70,RWB,,0,2.0,3,72,60,65,67,71,62,"176cm | 5'9""",0,-,-,CD Nacional,Portugal
Kennedy Bakircioglu,70,RW,,0,3.0,3,68,68,69,72,53,68,"181cm | 5'11""",0,-,-,Real Racing Club S.A.D.,Sweden
Custódio Miguel Dias de Castro,70,CDM,,0,3.0,3,70,59,63,64,69,62,"180cm | 5'11""",0,-,-,SC Braga,Portugal
Ayhan Akman,70,CM,,0,3.0,4,69,62,70,70,73,60,"173cm | 5'8""",0,-,-,Galatasaray SK,Turkey
Hans Sarpei,70,LB,,0,2.0,3,72,33,62,55,68,72,"178cm | 5'10""",0,-,-,FC Schalke 04,Ghana
Simen Brenne,70,CAM,,0,3.0,4,72,69,60,64,64,70,"181cm | 5'11""",0,-,-,Odd Grenland,Norway
Julien Rodriguez,70,CB,,0,2.0,4,64,36,50,40,65,72,"182cm | 6'0""",0,-,-,Olympique de Marseille,France
Matias Concha,70,RWB,,0,2.0,3,69,55,65,69,69,61,"180cm | 5'11""",0,-,-,VfL Bochum,Sweden
Shola Ameobi,70,ST,,0,3.0,2,69,67,44,72,61,71,"191cm | 6'3""",0,-,-,Newcastle United,England
Abdoulaye Méité,70,CB,,0,2.0,3,58,41,46,34,70,80,"185cm | 6'1""",0,-,-,West Bromwich Albion,Ivory Coast
Thimothée Atouba,70,LWB,,0,3.0,2,72,54,68,71,75,69,"191cm | 6'3""",0,-,-,Ajax,Cameroon
Steve von Bergen,70,CB,,0,2.0,3,71,37,48,49,68,71,"182cm | 6'0""",0,-,-,A.C. Cesena,Switzerland
Ragnvald Soma,70,CB,,0,2.0,4,65,53,52,48,69,70,"189cm | 6'2""",0,-,-,SK Rapid Wien,Norway
Daniel Bierofka,70,LM,,0,3.0,4,77,63,65,71,55,48,"178cm | 5'10""",0,-,-,TSV 1860 München,Germany
Ivan Pelizzoli,70,GK,,0,1.0,3,73,71,61,73,47,67,"193cm | 6'4""",0,-,-,Cagliari,Italy
Eddie Johnson,70,ST,,0,3.0,4,88,63,45,67,58,73,"183cm | 6'0""",0,-,-,Fulham,United States
Helge Payer,70,GK,,0,1.0,3,70,69,71,72,59,68,"184cm | 6'0""",0,-,-,SK Rapid Wien,Austria
Francisco Pavón Barahona,70,CB,,0,2.0,3,61,41,53,46,69,70,"188cm | 6'2""",0,-,-,AC Arles Avignon,Spain
Johan Liébus,70,GK,,0,1.0,3,70,68,68,72,46,70,"184cm | 6'0""",0,-,-,Stade de Reims,France
Ludovic Butelle,70,GK,,0,1.0,3,74,68,59,73,49,65,"188cm | 6'2""",0,-,-,Nîmes Olympique,France
Fodé Mansaré,70,LM,,0,3.0,4,79,67,66,73,53,64,"175cm | 5'9""",0,-,-,Toulouse FC,Guinea
Fredrik Stenman,70,LWB,,0,2.0,4,70,56,65,66,73,70,"187cm | 6'2""",0,-,-,FC Groningen,Sweden
Brad Davis,70,LM,,0,3.0,4,71,67,69,67,56,58,"180cm | 5'11""",0,-,-,Houston Dynamo,United States
Anthony Deroin,70,CM,,0,3.0,4,78,66,73,75,65,43,"163cm | 5'4""",0,-,-,Stade Malherbe Caen,France
Martin Taylor,70,CB,,0,2.0,3,62,28,45,37,70,84,"193cm | 6'4""",0,-,-,Watford,England
Stephen Craigan,70,CB,,0,2.0,3,51,38,52,51,67,71,"183cm | 6'0""",0,-,-,Motherwell,Northern Ireland
Hjalte Bo Nørregaard,70,CM,,0,2.0,3,69,68,74,64,72,67,"182cm | 6'0""",0,-,-,FC København,Denmark
Brian Jensen,70,GK,,0,1.0,2,71,71,61,73,53,69,"185cm | 6'1""",0,-,-,Burnley,Denmark
Don Cowie,70,CM,,0,3.0,3,73,67,70,74,69,48,"180cm | 5'11""",0,-,-,Watford,Scotland
Jlloyd Samuel,70,LB,,0,3.0,3,76,52,58,64,67,71,"180cm | 5'11""",0,-,-,Bolton Wanderers,Trinidad &amp; Tobago
Elrio van Heerden,70,RM,,0,2.0,5,76,61,63,77,45,46,"167cm | 5'6""",0,-,-,KVC Westerlo,South Africa
Petter Vaagan Moen,70,LM,,0,4.0,4,76,70,62,72,59,62,"181cm | 5'11""",0,-,-,SK Brann,Norway
Chris Brunt,70,LW,,0,3.0,1,63,72,76,70,57,68,"185cm | 6'1""",0,-,-,West Bromwich Albion,Northern Ireland
Uwe Möhrle,70,CB,,0,2.0,3,71,56,61,51,65,75,"188cm | 6'2""",0,-,-,FC Augsburg,Germany
Péter Halmosi,70,LM,,0,4.0,3,77,66,67,75,58,52,"178cm | 5'10""",0,-,-,Hull City,Hungary
Anthony Gardner,70,CB,,0,2.0,2,70,31,50,37,66,82,"196cm | 6'5""",0,-,-,Crystal Palace,England
Mika Väyrynen,70,CM,,0,3.0,4,71,60,71,71,65,60,"181cm | 5'11""",0,-,-,sc Heerenveen,Finland
Carlos Alberto Fernandes,70,GK,,0,1.0,2,72,67,65,70,22,69,"188cm | 6'2""",0,-,-,Bucaspor,Angola
Heidar Helguson,70,ST,,0,3.0,3,65,66,43,71,60,86,"178cm | 5'10""",0,-,-,Queens Park Rangers,Iceland
Mamady Sidibe,70,ST,,0,3.0,3,72,64,52,68,59,77,"193cm | 6'4""",0,-,-,Stoke City,Mali
Cedric Makiadi,70,CM,,0,3.0,3,81,70,70,74,65,58,"177cm | 5'10""",0,-,-,SC Freiburg,DR Congo
Kamel Chafni,70,CAM,,0,3.0,4,73,64,67,70,66,68,"181cm | 5'11""",0,-,-,AJ Auxerre,Morocco
Richard Cresswell,70,ST,,0,2.0,3,65,66,53,59,63,80,"183cm | 6'0""",0,-,-,Sheffield United,England
Ali Bilgin,70,RW,,0,3.0,3,80,67,63,68,49,58,"183cm | 6'0""",0,-,-,Kayserispor,Turkey
Vitaliy Kutuzov,70,ST,,0,3.0,3,71,68,56,73,62,74,"183cm | 6'0""",0,-,-,Bari,Belarus
Graham Alexander,70,CM,,0,2.0,3,63,61,72,58,75,74,"180cm | 5'11""",0,-,-,Burnley,Scotland
Rob Edwards,70,CB,,0,2.0,3,66,34,42,42,68,70,"185cm | 6'1""",0,-,-,Blackpool,Wales
Liam Miller,70,CM,,0,3.0,3,70,64,71,70,68,63,"170cm | 5'7""",0,-,-,Hibernian,Republic of Ireland
Tressor Moreno,70,CAM,,0,4.0,4,70,70,69,70,66,69,"175cm | 5'9""",0,-,-,San Luis,Colombia
Jenilson Souza Júnior,70,LWB,,0,3.0,2,67,70,79,72,70,51,"173cm | 5'8""",0,-,-,Goiânia,Brazil
David Degen,70,RM,,0,3.0,3,77,61,65,72,64,55,"183cm | 6'0""",0,-,-,BSC Young Boys,Switzerland
Dorado,70,CB,,0,2.0,3,70,33,55,43,67,70,"180cm | 5'11""",0,-,-,Real Betis Balompié S.A.D. ,Spain
Manuel Gaspar Haro,70,RB,,0,2.0,3,76,52,67,63,72,57,"173cm | 5'8""",0,-,-,Málaga Club de Fútbol S.A.D.,Spain
David Aganzo Méndez,70,ST,,0,3.0,3,71,65,46,68,54,79,"177cm | 5'10""",0,-,-,Rayo Vallecano de Madrid S.A.D.,Spain
Kevin Kyle,70,ST,,0,2.0,3,63,70,57,63,68,82,"191cm | 6'3""",0,-,-,Heart of Midlothian,Scotland
Renaud Cohade,70,CM,,0,3.0,3,72,63,67,67,74,69,"180cm | 5'11""",0,-,-,Valenciennes FC,France
Jonathan Sesma González,70,LW,,0,3.0,3,72,68,65,76,51,62,"175cm | 5'9""",0,-,-,Córdoba Club de Fútbol S.A.D.,Spain
Sergio Matabuena Delgado,70,CDM,,0,2.0,3,66,59,68,59,69,64,"185cm | 6'1""",0,-,-,Real Sporting de Gijón S.A.D.,Spain
Iván Hernández Soto,70,CB,,0,2.0,3,60,63,63,48,70,70,"185cm | 6'1""",0,-,-,Real Sporting de Gijón S.A.D.,Spain
Francisco Peña Romero,70,LB,,0,3.0,3,76,40,67,63,68,59,"170cm | 5'7""",0,-,-,Hércules Club de Fútbol S.A.D.,Spain
Arturo García Muñoz,70,CDM,,0,2.0,3,61,54,60,56,70,67,"184cm | 6'0""",0,-,-,Real Betis Balompié S.A.D. ,Spain
Pablo Pinillos Caro,70,RB,,0,2.0,3,65,44,64,57,68,60,"174cm | 5'9""",0,-,-,Real Racing Club S.A.D.,Spain
Javier Baraja Vegas,70,CB,,0,2.0,3,68,58,68,66,68,70,"179cm | 5'10""",0,-,-,Real Valladolid Club de Fútbol S.A.D.,Spain
Christofer Heimeroth,70,GK,,0,1.0,3,71,70,64,76,44,69,"194cm | 6'4""",0,-,-,Borussia M'gladbach,Germany
Bertrand Laquait,70,GK,,0,1.0,3,70,72,67,70,20,70,"185cm | 6'1""",0,-,-,Evian Thonon Gaillard FC,France
Sammy Traoré,70,CB,,0,2.0,3,61,40,53,46,68,77,"193cm | 6'4""",0,-,-,Paris Saint-Germain,Mali
Geoffrey Dernis,70,LM,,0,3.0,3,73,70,69,73,63,65,"171cm | 5'7""",0,-,-,Montpellier Hérault Sport Club,France
Oscar Ewolo,70,CDM,,0,3.0,4,69,61,66,64,65,64,"171cm | 5'7""",0,-,-,Stade Brestois 29,Congo
Ibrahima Sonko,70,CB,,0,2.0,3,70,36,44,46,67,76,"191cm | 6'3""",0,-,-,Portsmouth,Senegal
Nassim Akrour,70,ST,,0,3.0,4,68,69,59,66,57,80,"181cm | 5'11""",0,-,-,FC Istres Ouest Provence,Algeria
Thomas Broich,70,CAM,,0,3.0,3,59,64,70,72,57,63,"182cm | 6'0""",0,-,-,Brisbane Roar Football Club,Germany
Lee Miller,70,CF,,0,2.0,3,69,69,55,67,62,83,"188cm | 6'2""",0,-,-,Middlesbrough,Scotland
Andy Lonergan,70,GK,,0,1.0,2,73,69,66,73,50,66,"192cm | 6'4""",0,-,-,Preston North End,England
Christian Lell,70,RB,,0,3.0,2,83,40,64,60,72,70,"183cm | 6'0""",0,-,-,Hertha BSC,Germany
Birger Maertens,70,CB,,0,2.0,2,61,35,59,47,70,69,"183cm | 6'0""",0,-,-,Heracles Almelo,Belgium
Burak Yilmaz,70,RW,,0,3.0,3,73,65,69,70,61,68,"188cm | 6'2""",0,-,-,Trabzonspor,Turkey
Remzi Giray Kaçar,70,CB,,0,2.0,2,67,45,60,56,69,71,"187cm | 6'2""",0,-,-,Trabzonspor,Turkey
İbrahim Akın,70,LW,,0,3.0,2,82,67,57,71,63,70,"182cm | 6'0""",0,-,-,İstanbul  BB,Turkey
Jacques Faty,70,CB,,0,2.0,3,66,46,61,52,65,72,"184cm | 6'0""",0,-,-,FC Sochaux-Montbéliard,Senegal
Anders Lindegaard,70,GK,,0,1.0,3,70,71,69,74,47,69,"193cm | 6'4""",0,-,-,Aalesunds FK,Denmark
George Lucas Coser,70,RWB,,0,3.0,3,73,59,73,69,69,53,"173cm | 5'8""",0,-,-,SC Braga,Brazil
Alex Geijo,70,ST,,0,3.0,3,72,68,61,63,63,77,"184cm | 6'0""",0,-,-,Granada Club de Fútbol,Switzerland
David García de La Cruz,70,LB,,0,2.0,3,73,48,67,57,72,60,"178cm | 5'10""",0,-,-,R.C.D. Espanyol de Barcelona S.A.D.,Spain
Stefan Reisinger,70,ST,,0,2.0,3,78,65,53,65,57,73,"184cm | 6'0""",0,-,-,SC Freiburg,Germany
Dong Gook Lee,70,ST,,0,3.0,4,61,73,66,64,53,72,"185cm | 6'1""",0,-,-,Jeonbuk Hyundai Motors,Korea Republic
Yong Dae Kim,70,GK,,0,1.0,3,69,69,69,71,35,70,"189cm | 6'2""",0,-,-,FC Seoul,Korea Republic
Saïd Boutahar,70,CAM,,0,,3,69,69,70,74,50,47,"172cm | 5'8""",0,-,-,Real Zaragoza S.A.D.,Morocco
Marek Mintál,70,CF,,0,3.0,4,62,73,57,70,55,67,"183cm | 6'0""",0,-,-,1. FC Nürnberg,Slovakia
Francesco Antonioli,70,GK,,0,1.0,2,68,68,64,72,52,74,"187cm | 6'2""",0,-,-,A.C. Cesena,Italy
Franco Brienza,70,CF,,0,4.0,4,80,69,59,73,59,58,"168cm | 5'6""",0,-,-,Siena,Italy
Salvatore Bruno,70,ST,,0,3.0,4,71,69,60,66,56,72,"183cm | 6'0""",0,-,-,Sassuolo,Italy
Paolo Bianco,70,CB,,0,2.0,3,60,44,52,28,69,68,"184cm | 6'0""",0,-,-,Sassuolo,Italy
Jiayi Shao,70,RM,,0,4.0,3,69,70,70,71,53,63,"188cm | 6'2""",0,-,-,Energie Cottbus,China PR
Biagio Pagano,70,RW,,0,3.0,5,77,68,66,69,62,52,"180cm | 5'11""",0,-,-,Livorno,Italy
Alessandro Gazzi,70,CDM,,0,2.0,2,64,47,62,60,67,64,"179cm | 5'10""",0,-,-,Bari,Italy
Simone Loria,70,CB,,0,2.0,3,69,42,45,44,70,74,"186cm | 6'1""",0,-,-,Roma,Italy
Christian Eigler,70,ST,,0,2.0,3,80,68,57,63,56,74,"185cm | 6'1""",0,-,-,1. FC Nürnberg,Germany
Anouar Hadouir,70,CAM,,0,4.0,4,73,71,68,74,51,47,"170cm | 5'7""",0,-,-,Roda JC,Netherlands
Štěpán Vachoušek,70,CAM,,0,3.0,3,69,60,71,72,59,64,"185cm | 6'1""",0,-,-,Sparta Praha,Czech Republic
Pape Malikou Diakhaté,70,LB,,0,2.0,3,72,51,59,51,67,72,"184cm | 6'0""",0,-,-,Olympique Lyonnais,Senegal
Michaël Chrétien,70,RB,,0,2.0,3,75,38,65,52,66,66,"179cm | 5'10""",0,-,-,A.S. Nancy Lorraine,Morocco
Nicky Hunt,70,RB,,0,2.0,3,70,43,60,58,70,74,"185cm | 6'1""",0,-,-,Bristol City,England
György Garics,70,RWB,,0,3.0,2,79,56,68,66,68,58,"183cm | 6'0""",0,-,-,Bologna,Austria
Jaroslav Černý,70,LM,,0,3.0,2,70,68,73,63,55,46,"177cm | 5'10""",0,-,-,Slavia Praha,Czech Republic
João Paulo Andrade,70,CB,,0,2.0,3,68,59,55,59,69,73,"182cm | 6'0""",0,-,-,Vitória de Guimarães,Portugal
Matthieu Valverde,70,GK,,0,1.0,3,67,72,74,72,29,69,"185cm | 6'1""",0,-,-,Toulouse FC,France
Luca Rigoni,70,CDM,,0,2.0,3,69,57,55,57,72,70,"185cm | 6'1""",0,-,-,Chievo Verona,Italy
Luis Ernesto Pérez,70,CM,,0,3.0,4,70,71,73,70,67,56,"170cm | 5'7""",0,-,-,Monterrey,Mexico
Jung Woo Kim,70,CM,,0,3.0,2,68,65,69,68,72,72,"183cm | 6'0""",0,-,-,Gwangju Sangmu FC,Korea Republic
Kevin McKenna,70,CB,,0,2.0,3,51,58,59,44,73,80,"190cm | 6'3""",0,-,-,1. FC Köln,Canada
Patrick Kisnorbo,70,CB,,0,2.0,4,71,41,40,46,70,79,"186cm | 6'1""",0,-,-,Leeds United,Australia
Jason Scotland,70,ST,,0,3.0,4,77,67,43,65,60,60,"173cm | 5'8""",0,-,-,Ipswich Town,Trinidad &amp; Tobago
Javi Guerra,70,ST,,0,3.0,3,71,67,56,66,62,72,"179cm | 5'10""",0,-,-,Real Valladolid Club de Fútbol S.A.D.,Spain
Juan Pablo Rodríguez,70,CM,,0,2.0,4,69,73,74,71,65,54,"167cm | 5'6""",0,-,-,Santos Laguna,Mexico
Jaime Lozano,70,LM,,0,3.0,3,72,72,71,67,69,67,"172cm | 5'8""",0,-,-,Monarcas Morelia,Mexico
David Marshall,70,GK,,0,1.0,3,72,68,67,70,45,68,"191cm | 6'3""",0,-,-,Cardiff City,Scotland
Nenad Djordjević,70,CB,,0,2.0,3,65,51,70,64,65,73,"183cm | 6'0""",0,-,-,Krylya Sovetov Samara,Serbia
Igor Žofčák,70,RM,,0,3.0,4,69,63,77,66,59,60,"175cm | 5'9""",0,-,-,Sparta Praha,Slovakia
Tomáš Došek,70,ST,,0,3.0,3,75,66,59,71,65,68,"178cm | 5'10""",0,-,-,1. FC Brno,Czech Republic
José António dos Santos Silva,70,CB,,0,2.0,3,66,38,52,48,67,72,"185cm | 6'1""",0,-,-,"União de Leiria, SAD",Portugal
Daniel Niculae,70,ST,,0,3.0,3,71,64,59,63,60,69,"185cm | 6'1""",0,-,-,AS Monaco FC,Romania
Fabricio Fuentes,70,SW,,0,2.0,3,64,45,57,50,70,73,"180cm | 5'11""",0,-,-,Atlas,Argentina
Jerko Leko,70,CDM,,0,2.0,4,65,52,63,54,69,67,"187cm | 6'2""",0,-,-,Bucaspor,Croatia
Andrés Mendoza,70,ST,,0,3.0,2,79,68,46,71,52,68,"185cm | 6'1""",0,-,-,Columbus Crew,Peru
Ali Tandoğan,70,RWB,,0,2.0,2,76,66,73,65,70,64,"174cm | 5'9""",0,-,-,Bursaspor,Turkey
Dániel Tőzsér,70,CAM,,0,3.0,3,57,73,69,68,62,59,"185cm | 6'1""",0,-,-,KRC Genk,Hungary
Yassin Mikari,70,LWB,,0,3.0,3,76,54,69,67,68,58,"172cm | 5'8""",0,-,-,FC Sochaux-Montbéliard,Tunisia
John Alvbåge,70,GK,,0,1.0,2,70,71,70,74,68,70,"187cm | 6'2""",0,-,-,Örebro SK,Sweden
Roberto Fdez. Alvarellos,70,GK,,0,1.0,3,77,67,65,76,64,64,"181cm | 5'11""",0,-,-,Granada Club de Fútbol,Spain
Jacobo Sanz Ovejero,70,GK,,0,1.0,3,74,68,73,70,41,71,"193cm | 6'4""",0,-,-,Real Valladolid Club de Fútbol S.A.D.,Spain
Antonio Longás Ferrer,70,CM,,0,3.0,3,72,53,71,71,58,54,"174cm | 5'9""",0,-,-,Fútbol Club Cartagena,Spain
Antonio del Moral Segura,70,CAM,,0,3.0,4,77,65,65,74,57,63,"177cm | 5'10""",0,-,-,Fútbol Club Cartagena,Spain
Javier Paredes Arango,70,LB,,0,2.0,3,76,42,56,58,68,63,"175cm | 5'9""",0,-,-,Real Zaragoza S.A.D.,Spain
Vitaliy Kaleshin,70,RM,,0,3.0,5,78,53,74,72,63,64,"173cm | 5'8""",0,-,-,Rubin Kazan,Russia
Alexandr Pavlenko,70,CAM,,0,3.0,4,63,64,72,72,55,54,"178cm | 5'10""",0,-,-,FC Rostov,Russia
Szabolcs Sáfár,70,GK,,0,1.0,3,69,73,60,68,51,75,"189cm | 6'2""",0,-,-,FK Austria Wien,Hungary
Martin Kushev,70,ST,,0,3.0,3,63,71,54,68,52,72,"188cm | 6'2""",0,-,-,Amkar Perm,Bulgaria
Mihai Neşu,70,LB,,0,3.0,3,74,46,68,67,67,64,"176cm | 5'9""",0,-,-,FC Utrecht,Romania
Dmitriy Kirichenko,70,ST,,0,3.0,4,73,69,61,68,62,72,"175cm | 5'9""",0,-,-,Saturn Ramenskoye,Russia
Pawel Kieszek,70,GK,,0,1.0,3,70,71,62,69,50,70,"177cm | 5'10""",0,-,-,FC Porto,Poland
Tom Høgli,70,RB,,0,2.0,4,76,50,62,53,71,58,"175cm | 5'9""",0,-,-,Tromsø IL,Norway
Espen Ruud,70,RB,,0,2.0,4,73,66,64,67,70,76,"184cm | 6'0""",0,-,-,Odense Boldklub,Norway
Reginaldo Ferreira da Silva,70,RF,,0,3.0,4,83,65,64,72,60,57,"175cm | 5'9""",0,-,-,Siena,Brazil
Gennaro Delvecchio,70,CM,,0,3.0,3,70,66,67,66,71,78,"191cm | 6'3""",0,-,-,Catania,Italy
Stjepan Tomas,70,CB,,0,3.0,2,61,39,50,52,69,74,"186cm | 6'1""",0,-,-,Bucaspor,Croatia
Paul Codrea,70,CDM,,0,2.0,3,66,67,71,65,66,62,"174cm | 5'9""",0,-,-,Siena,Romania
Emanuele Calaió,70,ST,,0,3.0,2,67,69,44,70,59,78,"179cm | 5'10""",0,-,-,Siena,Italy
Alessandro Potenza,70,RB,,0,2.0,3,70,50,66,62,67,70,"185cm | 6'1""",0,-,-,Catania,Italy
Daniele Corvia,70,ST,,0,3.0,3,72,67,46,66,60,72,"183cm | 6'0""",0,-,-,Lecce,Italy
Alfonso De Lucia,70,GK,,0,1.0,1,72,66,65,75,46,69,"186cm | 6'1""",0,-,-,Livorno,Italy
Benoît Lesoimier,70,LM,,0,3.0,4,76,55,69,72,54,50,"173cm | 5'8""",0,-,-,Stade Brestois 29,France
Henri Bedimo Nsame,70,LM,,0,2.0,3,79,59,69,69,72,70,"180cm | 5'11""",0,-,-,Racing Club de Lens,Cameroon
Alexei Eremenko,70,CAM,,0,3.0,4,70,71,74,71,50,58,"183cm | 6'0""",0,-,-,Kilmarnock,Finland
Chris Sørensen,70,LB,,0,2.0,1,67,56,65,59,69,52,"186cm | 6'1""",0,-,-,Odense Boldklub,Denmark
Johan Absalonsen,70,LW,,0,3.0,4,81,67,67,71,51,44,"178cm | 5'10""",0,-,-,Odense Boldklub,Denmark
Ramazan Özcan,70,GK,,0,1.0,2,70,66,63,75,52,69,"186cm | 6'1""",0,-,-,TSG 1899 Hoffenheim,Austria
Péter Kovács,70,ST,,0,2.0,2,66,66,42,54,66,84,"198cm | 6'6""",0,-,-,Lierse SK,Hungary
Mike Williamson,70,CB,,0,2.0,3,57,37,59,43,67,70,"192cm | 6'4""",0,-,-,Newcastle United,England
Edcarlos Conceição Santos,70,CB,,0,2.0,2,70,42,53,60,68,76,"185cm | 6'1""",0,-,-,Cruzeiro,Brazil
Chris Cohen,70,CM,,0,3.0,3,71,72,73,69,67,62,"178cm | 5'10""",0,-,-,Nottingham Forest,England
Rubens Sambueza,70,LM,,0,3.0,1,75,66,72,72,50,60,"172cm | 5'8""",0,-,-,Estudiantes Tecos,Argentina
Rob Jones,70,CB,,0,2.0,3,46,26,44,40,69,86,"201cm | 6'7""",0,-,-,Scunthorpe United,England
Robert Snodgrass,70,RW,,0,3.0,4,69,63,67,76,52,52,"182cm | 6'0""",0,-,-,Leeds United,Scotland
Ross McCormack,70,CF,,0,3.0,4,79,71,62,76,52,56,"175cm | 5'9""",0,-,-,Leeds United,Scotland
Juan Carlos Valenzuela,70,RB,,0,2.0,3,67,49,65,60,67,62,"179cm | 5'10""",0,-,-,América,Mexico
Rodrigo Ruíz,70,LF,,0,4.0,4,66,74,79,71,49,54,"164cm | 5'5""",0,-,-,Santos Laguna,Chile
Maarten Martens,70,CAM,,0,4.0,4,72,67,73,76,56,50,"176cm | 5'9""",0,-,-,AZ Alkmaar,Belgium
Oleg Iachtchouk,70,CF,,0,3.0,4,64,72,71,72,52,59,"181cm | 5'11""",0,-,-,KSV Cercle Brugge,Ukraine
Samuel Holmén,70,CM,,0,3.0,4,68,68,71,71,67,56,"178cm | 5'10""",0,-,-,İstanbul  BB,Sweden
Lukas Sinkiewicz,70,CDM,,0,2.0,3,63,48,58,45,71,76,"192cm | 6'4""",0,-,-,FC Augsburg,Germany
Andrija Delibašić,70,ST,,0,3.0,4,67,68,54,67,60,69,"187cm | 6'2""",0,-,-,Rayo Vallecano de Madrid S.A.D.,Montenegro
José María Romero Poyón,70,RF,,0,3.0,3,70,72,64,74,53,65,"184cm | 6'0""",0,-,-,Xerez Club Deportivo S.A.D.,Spain
Ricardo Batista,70,GK,,0,1.0,3,68,71,68,70,44,69,"193cm | 6'4""",0,-,-,S.C. Olhanense,Portugal
Juan Ramón Cabrero Obrer,70,RB,,0,2.0,3,75,46,64,55,68,63,"183cm | 6'0""",0,-,-,Hércules Club de Fútbol S.A.D.,Spain
Gibril Sankoh,70,CB,,0,2.0,4,73,50,72,63,69,66,"187cm | 6'2""",0,-,-,FC Augsburg,Sierra Leone
William Kvist,70,CM,,0,3.0,2,72,60,75,62,73,63,"184cm | 6'0""",0,-,-,FC København,Denmark
Willem Janssen,70,LM,,0,2.0,3,75,58,69,66,67,68,"186cm | 6'1""",0,-,-,Roda JC,Netherlands
Peter Larsson,70,CB,,0,2.0,3,61,39,48,52,71,70,"187cm | 6'2""",0,-,-,FC København,Sweden
Roberto Trashorras Gayoso,70,CAM,,0,3.0,4,58,68,76,74,60,53,"179cm | 5'10""",0,-,-,Real Club Celta de Vigo S.A.D.,Spain
Marco Cellini,70,CF,,0,3.0,3,74,68,65,67,59,61,"170cm | 5'7""",0,-,-,Varese,Italy
Christian Puggioni,70,GK,,0,1.0,2,68,69,65,73,50,72,"187cm | 6'2""",0,-,-,Reggina,Italy
Damiá Abellá Pérez,70,RWB,,0,2.0,3,80,55,67,71,67,62,"188cm | 6'2""",0,-,-,Club Atlético Osasuna,Spain
Ben Watson,70,CM,,0,3.0,3,68,68,72,68,66,61,"178cm | 5'10""",0,-,-,Wigan Athletic,England
Sergey Narubin,70,GK,,0,1.0,3,69,73,76,73,46,70,"196cm | 6'5""",0,-,-,Amkar Perm,Russia
Evgeniy Savin,70,ST,,0,3.0,4,73,71,69,68,52,66,"187cm | 6'2""",0,-,-,Krylya Sovetov Samara,Russia
Richard Dostálek,70,CM,,0,3.0,3,67,65,70,62,69,66,"192cm | 6'4""",0,-,-,1. FC Brno,Czech Republic
Oluwafemi Ajilore,70,CDM,,0,2.0,4,75,62,67,71,70,72,"182cm | 6'0""",0,-,-,FC Groningen,Nigeria
Glenn Verbauwhede,70,GK,,0,1.0,2,72,70,72,73,62,67,"187cm | 6'2""",0,-,-,KV Kortrijk,Belgium
Faris Haroun,70,CAM,,0,3.0,4,69,67,66,74,62,66,"188cm | 6'2""",0,-,-,Germinal Beerschot,Belgium
Michael Jakobsen,70,LB,,0,2.0,1,69,56,64,56,72,72,"185cm | 6'1""",0,-,-,Unión Deportiva Almería S.A.D.,Denmark
Josh Simpson,70,LW,,0,2.0,3,72,56,70,69,52,56,"180cm | 5'11""",0,-,-,Manisaspor,Canada
Leroy Lita,70,ST,,0,3.0,3,88,64,51,68,57,70,"170cm | 5'7""",0,-,-,Middlesbrough,England
Oleg Ivanov,70,CAM,,0,3.0,3,75,65,70,72,64,64,"192cm | 6'4""",0,-,-,Krylya Sovetov Samara,Russia
David Jones,70,CM,,0,3.0,4,69,66,78,65,64,54,"185cm | 6'1""",0,-,-,Wolverhampton Wanderers,England
Emiliano Armenteros,70,CAM,,0,3.0,3,74,63,67,76,52,69,"179cm | 5'10""",0,-,-,Rayo Vallecano de Madrid S.A.D.,Argentina
Paulo Jorge Silva Santos,70,GK,,0,1.0,2,69,71,68,70,27,70,"186cm | 6'1""",0,-,-,Rio Ave FC,Portugal
Billy Sharp,70,ST,,0,3.0,3,72,69,55,66,61,66,"175cm | 5'9""",0,-,-,Doncaster Rovers,England
Rovérsio Rodrigues de Barros,70,CB,,0,2.0,3,71,48,54,57,67,72,"187cm | 6'2""",0,-,-,Real Betis Balompié S.A.D. ,Brazil
Guillaume Gillet,70,CM,,0,3.0,3,69,70,70,67,70,74,"186cm | 6'1""",0,-,-,RSC Anderlecht,Belgium
Roland Lamah,70,LW,,0,3.0,3,77,62,62,72,46,64,"180cm | 5'11""",0,-,-,Lemans FC,Belgium
Liam Fontaine,70,CB,,0,2.0,3,71,30,50,59,69,70,"180cm | 5'11""",0,-,-,Bristol City,England
Alessandro Noselli,70,RW,,0,4.0,3,71,72,61,72,61,66,"183cm | 6'0""",0,-,-,Sassuolo,Italy
Andrea Raggi,70,RB,,0,2.0,3,74,53,65,55,70,67,"184cm | 6'0""",0,-,-,Bari,Italy
Kasper Schmeichel,70,GK,,0,1.0,2,69,70,87,72,52,66,"183cm | 6'0""",0,-,-,Leeds United,Denmark
Aurélien Capoue,70,LW,,0,3.0,2,73,61,72,69,62,58,"185cm | 6'1""",0,-,-,FC Nantes,France
Sidi Yaya Keita,70,CDM,,0,2.0,2,75,54,57,60,73,65,"177cm | 5'10""",0,-,-,Racing Club de Lens,Mali
Stephen Jordan,70,LB,,0,2.0,2,77,50,64,57,70,67,"183cm | 6'0""",0,-,-,Sheffield United,England
Willo Flood,70,CM,,0,3.0,3,73,55,74,76,65,52,"170cm | 5'7""",0,-,-,Middlesbrough,Republic of Ireland
Carlos Alberto de Oliveira Júnior,70,CDM,,0,2.0,3,79,61,66,69,69,58,"170cm | 5'7""",0,-,-,Goiânia,Brazil
Paulo André Cren Benini,70,CB,,0,2.0,3,69,46,46,48,69,74,"188cm | 6'2""",0,-,-,Corinthians,Brazil
Daniel Fernandes,70,GK,,0,1.0,3,74,64,68,75,52,63,"195cm | 6'5""",0,-,-,Panathinaikos FC,Portugal
Mario Lička,70,CAM,,0,3.0,5,79,64,69,72,57,60,"183cm | 6'0""",0,-,-,Stade Brestois 29,Czech Republic
Michal Papadopulos,70,ST,,0,3.0,2,73,66,60,66,59,80,"183cm | 6'0""",0,-,-,sc Heerenveen,Czech Republic
Johan Dahlin,70,GK,,0,1.0,2,67,70,63,72,64,74,"190cm | 6'3""",0,-,-,Malmö FF,Sweden
Chris Hogg,70,CB,,0,2.0,3,68,26,44,51,67,76,"182cm | 6'0""",0,-,-,Hibernian,England
Adam Federici,70,GK,,0,1.0,2,71,66,70,74,48,67,"188cm | 6'2""",0,-,-,Reading,Australia
Sekou Cissé,70,LW,,0,3.0,4,78,67,57,73,59,63,"184cm | 6'0""",0,-,-,Feyenoord,Ivory Coast
Itumeleng Khune,70,GK,,0,1.0,3,72,72,80,72,32,68,"180cm | 5'11""",0,-,-,Kaizer Chiefs,South Africa
Razak Boukari,70,ST,,0,3.0,4,80,66,59,73,55,62,"182cm | 6'0""",0,-,-,Racing Club de Lens,France
Rafał Murawski,70,CM,,0,3.0,3,73,64,74,71,58,53,"175cm | 5'9""",0,-,-,Rubin Kazan,Poland
Leonardo Ulloa,70,ST,,0,2.0,4,67,67,51,61,56,77,"185cm | 6'1""",0,-,-,Unión Deportiva Almería S.A.D.,Argentina
Dušan Basta,70,RWB,,0,3.0,3,79,64,68,67,70,66,"184cm | 6'0""",0,-,-,Udinese,Serbia
Patricio Araujo,70,CDM,,0,2.0,3,70,56,63,55,70,62,"175cm | 5'9""",0,-,-,Guadalajara,Mexico
Roman Shishkin,70,RB,,0,3.0,3,77,58,70,66,64,62,"177cm | 5'10""",0,-,-,Lokomotiv Moskva,Russia
Jesús Méndez,70,CDM,,0,3.0,4,71,63,73,74,68,62,"185cm | 6'1""",0,-,-,Boca Juniors,Argentina
Cássio Ramos,70,GK,,0,1.0,3,72,62,68,75,43,66,"195cm | 6'5""",0,-,-,PSV,Brazil
Carmona,70,RM,,0,4.0,3,74,66,65,77,53,62,"177cm | 5'10""",0,-,-,Fútbol Club Barcelona “B”,Spain
Siaka Tiéné,70,LM,,0,3.0,3,71,62,71,74,60,60,"176cm | 5'9""",0,-,-,Paris Saint-Germain,Ivory Coast
Elliot Grandin,70,RW,,0,3.0,3,75,65,62,74,50,69,"178cm | 5'10""",0,-,-,Blackpool,France
Oleksandr Iakovenko,70,CF,,0,3.0,4,78,69,66,76,48,56,"183cm | 6'0""",0,-,-,KVC Westerlo,Ukraine
Gakpé,70,RF,,0,3.0,3,74,70,66,70,49,73,"177cm | 5'10""",0,-,-,AS Monaco FC,Togo
Nejc Pečnik,70,CM,,0,3.0,3,74,74,70,73,63,68,"187cm | 6'2""",0,-,-,CD Nacional,Slovenia
Rubin Rafael Okotie,70,ST,,0,3.0,5,82,64,51,72,54,65,"188cm | 6'2""",0,-,-,1. FC Nürnberg,Austria
Andre Mijatovic,70,CB,,0,2.0,3,58,43,39,31,67,78,"191cm | 6'3""",0,-,-,Hertha BSC,Croatia
Martin Bernburg,70,ST,,0,3.0,3,69,63,45,68,59,67,"188cm | 6'2""",0,-,-,Brøndby IF,Denmark
Danny Rose,70,LW,,0,3.0,2,80,65,65,72,52,48,"179cm | 5'10""",0,-,-,Bristol City,England
Steve Davies,70,ST,,0,4.0,3,77,70,62,75,59,72,"185cm | 6'1""",0,-,-,Derby County,England
Pablo Granoche,70,ST,,0,3.0,3,67,68,59,70,59,68,"183cm | 6'0""",0,-,-,Chievo Verona,Uruguay
Dimas Delgado Morgado,70,CM,,0,3.0,4,71,60,64,70,70,62,"178cm | 5'10""",0,-,-,Club Deportivo Numancia de Soria S.A.D. ,Spain
Kandia Traoré,70,ST,,0,3.0,4,74,68,54,71,51,74,"186cm | 6'1""",0,-,-,Stade Malherbe Caen,Ivory Coast
Cristiano Moraes de Oliveira,70,LF,,0,3.0,5,78,68,68,75,56,62,"174cm | 5'9""",0,-,-,PAOK,Brazil
Pierre Ducasse,70,CDM,,0,2.0,3,71,65,66,69,70,66,"179cm | 5'10""",0,-,-,Girondins de Bordeaux,France
Carlos Martínez,70,RB,,0,2.0,4,75,48,64,61,72,64,"188cm | 6'2""",0,-,-,Real Sociedad de Fútbol S.A.D.,Spain
Luigi Bruins,70,CAM,,0,4.0,4,68,67,69,75,53,58,"180cm | 5'11""",0,-,-,Feyenoord,Netherlands
Dwight Tiendalli,70,RWB,,0,3.0,3,80,53,57,68,68,61,"180cm | 5'11""",0,-,-,FC Twente,Netherlands
Marco Andreolli,70,CB,,0,2.0,3,63,35,46,44,67,74,"186cm | 6'1""",0,-,-,Chievo Verona,Italy
Xavier Pentecôte,70,ST,,0,3.0,3,69,71,54,68,48,68,"180cm | 5'11""",0,-,-,Toulouse FC,France
Cristiano Del Grosso,70,LWB,,0,3.0,2,79,49,66,64,70,62,"175cm | 5'9""",0,-,-,Siena,Italy
Nathan Dyer,70,RW,,0,4.0,3,83,56,54,78,53,42,"165cm | 5'5""",0,-,-,Swansea City,England
James Tomkins,70,CB,,0,2.0,2,60,32,50,43,70,84,"191cm | 6'3""",0,-,-,West Ham United,England
Lukasz Piszczek,70,RB,,0,2.0,2,77,62,70,69,71,66,"184cm | 6'0""",0,-,-,Borussia Dortmund,Poland
Jimmy Kébé,70,RW,,0,2.0,4,87,58,61,72,49,58,"187cm | 6'2""",0,-,-,Reading,Mali
Kevin McDonald,70,CM,,0,2.0,3,72,63,70,71,68,76,"188cm | 6'2""",0,-,-,Burnley,Scotland
Dennis Oliech,70,ST,,0,3.0,3,80,66,61,68,56,65,"181cm | 5'11""",0,-,-,AJ Auxerre,Kenya
Javier Ángel Balboa Osa,70,RM,,0,3.0,3,83,55,68,72,55,59,"182cm | 6'0""",0,-,-,Sport Lisboa Benfica,Equatorial Guinea
Constant Djakpa,70,LM,,0,2.0,3,77,48,70,71,70,58,"177cm | 5'10""",0,-,-,Hannover 96,Ivory Coast
Niko Bungert,70,CB,,0,2.0,3,69,53,54,48,67,74,"188cm | 6'2""",0,-,-,1. FSV Mainz 05,Germany
Sacha Kljestan,70,CAM,,0,3.0,4,70,68,68,69,61,62,"184cm | 6'0""",0,-,-,RSC Anderlecht,United States
Ignacio Piatti,70,RM,,0,3.0,3,69,66,69,74,59,63,"181cm | 5'11""",0,-,-,Lecce,Argentina
Simone Missiroli,70,CAM,,0,3.0,3,78,66,66,70,65,68,"191cm | 6'3""",0,-,-,Reggina,Italy
Wilton Aguiar Figueiredo,70,CM,,0,3.0,2,67,66,70,69,64,60,"183cm | 6'0""",0,-,-,Malmö FF,Brazil
Enrique Esqueda,70,ST,,0,3.0,3,77,65,69,74,54,70,"179cm | 5'10""",0,-,-,América,Mexico
Mbaye Leye,70,ST,,0,3.0,4,75,68,64,69,58,74,"183cm | 6'0""",0,-,-,Standard de Liège,Senegal
Ismail Aissati,70,CAM,,0,3.0,4,69,61,68,80,45,42,"174cm | 5'9""",0,-,-,Vitesse,Morocco
Fabian Johnson,70,LWB,,0,3.0,5,78,53,67,71,69,58,"183cm | 6'0""",0,-,-,VfL Wolfsburg,Germany
Mickaël Tavares,70,CDM,,0,3.0,4,75,56,64,67,71,62,"185cm | 6'1""",0,-,-,Middlesbrough,Senegal
Ivo Ilicevic,70,RM,,0,4.0,5,76,66,64,76,52,62,"174cm | 5'9""",0,-,-,1. FC Kaiserslautern,Croatia
Mamadou Samassa,70,ST,,0,2.0,3,74,67,56,67,58,80,"188cm | 6'2""",0,-,-,Valenciennes FC,Mali
Suso Santana,70,CAM,,0,3.0,3,75,68,65,75,63,60,"177cm | 5'10""",0,-,-,Heart of Midlothian,Spain
Simone Pesce,70,LM,,0,3.0,3,73,67,68,68,63,60,"172cm | 5'8""",0,-,-,Catania,Italy
Tiago Filipe Figueiras Gomes,70,CAM,,0,3.0,3,70,69,65,66,62,65,"181cm | 5'11""",0,-,-,Hércules Club de Fútbol S.A.D.,Portugal
Cenk Gönen,70,GK,,0,1.0,1,71,68,72,71,59,68,"197cm | 6'6""",0,-,-,Beşiktaş JK,Turkey
Aleandro Rosi,70,RWB,,0,3.0,3,77,62,64,67,68,68,"184cm | 6'0""",0,-,-,Roma,Italy
Sergio Sánchez,70,RB,,0,2.0,2,71,48,68,66,72,69,"185cm | 6'1""",0,-,-,Sevilla Fútbol Club S.A.D.,Spain
Papa Kouli Diop,70,CDM,,0,2.0,3,76,59,60,58,75,67,"180cm | 5'11""",0,-,-,Real Racing Club S.A.D.,Senegal
Ryan Donk,70,CB,,0,2.0,3,74,41,56,65,67,71,"192cm | 6'4""",0,-,-,Club Brugge KV,Netherlands
Tim Janssen,70,ST,,0,3.0,3,74,68,61,66,54,66,"188cm | 6'2""",0,-,-,Esbjerg fB,Netherlands
Takayuki Morimoto,70,ST,,0,3.0,4,82,67,60,68,60,67,"180cm | 5'11""",0,-,-,Catania,Japan
Marius Žaliukas,70,CB,,0,2.0,3,63,30,46,60,69,75,"188cm | 6'2""",0,-,-,Heart of Midlothian,Lithuania
Charlie Mulgrew,70,LB,,0,2.0,3,75,61,74,51,71,74,"191cm | 6'3""",0,-,-,Celtic,Scotland
Luigi Vitale,70,LWB,,0,3.0,2,74,65,72,70,68,62,"180cm | 5'11""",0,-,-,Napoli,Italy
Danny Holla,70,CDM,,0,2.0,4,72,70,72,64,69,63,"178cm | 5'10""",0,-,-,FC Groningen,Netherlands
Rouwen Hennings,70,LF,,0,3.0,3,76,72,58,65,58,65,"180cm | 5'11""",0,-,-,FC St. Pauli,Germany
Saidi Ntibazonkiza,70,RW,,0,3.0,4,87,63,51,75,53,56,"170cm | 5'7""",0,-,-,Cracovia Kraków,Burundi
Jacob Lensky,70,CM,,0,2.0,2,74,44,72,65,70,64,"184cm | 6'0""",0,-,-,FC Utrecht,Czech Republic
Emerson Da Conceicao,70,LB,,0,2.0,3,69,47,64,64,71,70,"185cm | 6'1""",0,-,-,LOSC Lille Métropole,Brazil
Claudio Coralli,70,ST,,0,3.0,3,71,67,54,62,61,72,"178cm | 5'10""",0,-,-,Empoli,Italy
Sung Yueng Ki,70,CM,,0,2.0,3,65,70,74,71,61,62,"188cm | 6'2""",0,-,-,Celtic,Korea Republic
Michal Daněk,70,GK,,0,1.0,2,70,68,68,77,64,63,"194cm | 6'4""",0,-,-,Baník Ostrava,Czech Republic
Luboš Pecka,70,ST,,0,3.0,3,75,72,62,66,58,66,"178cm | 5'10""",0,-,-,Dynamo České Budějovice,Czech Republic
Daniel Huňa,70,ST,,0,2.0,3,77,70,60,61,56,66,"184cm | 6'0""",0,-,-,1. FK Příbram,Czech Republic
Tomáš Polách,70,CAM,,0,3.0,4,61,68,72,73,53,56,"173cm | 5'8""",0,-,-,1. FC Brno,Czech Republic
Matej Krajčík,70,RB,,0,2.0,3,70,60,66,63,73,62,"183cm | 6'0""",0,-,-,FK Baumit Jablonec,Slovakia
Márcio Gonzaga de Azevedo,70,LB,,0,5.0,3,85,67,68,83,72,62,"172cm | 5'8""",0,-,-,Atlético Paranaense,Brazil
Rudolf Otepka,70,CAM,,0,3.0,5,75,69,74,66,59,50,"173cm | 5'8""",0,-,-,Dynamo České Budějovice,Czech Republic
Alexander Gerndt,70,ST,,0,3.0,4,80,67,52,64,59,58,"185cm | 6'1""",0,-,-,Helsingborgs IF,Sweden
Damien Marcq,70,CDM,,0,2.0,3,69,33,63,55,69,76,"183cm | 6'0""",0,-,-,Stade Malherbe Caen,France
Luis Miguel Noriega,70,CM,,0,2.0,3,73,65,70,69,70,66,"172cm | 5'8""",0,-,-,Monarcas Morelia,Mexico
Junmin Hao,70,RM,,0,3.0,4,73,59,67,71,67,46,"178cm | 5'10""",0,-,-,FC Schalke 04,China PR
Enrique Vera,70,CDM,,0,2.0,3,69,59,69,69,69,50,"179cm | 5'10""",0,-,-,Atlas,Paraguay
Kamel Ghilas,70,CF,,0,3.0,3,73,69,64,76,47,52,"177cm | 5'10""",0,-,-,AC Arles Avignon,Algeria
Carlos Sánchez,70,CDM,,0,2.0,4,67,52,71,69,70,71,"182cm | 6'0""",0,-,-,Valenciennes FC,Colombia
Håvard Nordtveit,70,CB,,0,2.0,3,69,55,64,59,67,77,"186cm | 6'1""",0,-,-,Arsenal,Norway
Blazej Augustyn,70,CB,,0,2.0,4,65,51,51,52,70,72,"191cm | 6'3""",0,-,-,Catania,Poland
Adlène Guédioura,70,CM,,0,3.0,4,73,60,62,71,73,70,"186cm | 6'1""",0,-,-,Wolverhampton Wanderers,Algeria
Nils Petersen,70,ST,,0,3.0,3,78,65,57,68,62,72,"188cm | 6'2""",0,-,-,Energie Cottbus,Germany
Robert Tesche,70,CM,,0,2.0,3,74,68,68,71,64,68,"182cm | 6'0""",0,-,-,Hamburger SV,Germany
Sandy Paillot,70,CB,,0,2.0,3,64,28,54,36,67,75,"191cm | 6'3""",0,-,-,Grenoble Foot 38,France
Stefano Celozzi,70,RB,,0,2.0,3,77,44,75,76,68,55,"171cm | 5'7""",0,-,-,VfB Stuttgart,Germany
Martin Kelly,70,RB,,0,3.0,4,70,44,64,62,69,71,"191cm | 6'3""",0,-,-,Liverpool,England
Sandro Wagner,70,ST,,0,3.0,4,75,70,50,62,52,71,"194cm | 6'4""",0,-,-,Werder Bremen,Germany
Mehdi Carcela-Gonzalez,70,LM,,0,3.0,4,69,68,67,75,52,44,"175cm | 5'9""",0,-,-,Standard de Liège,Belgium
Leroy George,70,LW,,0,3.0,4,83,66,57,73,58,58,"176cm | 5'9""",0,-,-,N.E.C.,Netherlands
Zdeněk Šenkeřík,70,RF,,0,3.0,4,79,65,56,76,54,70,"176cm | 5'9""",0,-,-,Baník Ostrava,Czech Republic
Jay Simpson,70,CF,,0,3.0,3,80,66,45,72,53,67,"180cm | 5'11""",0,-,-,Hull City,England
Kevin Pezzoni,70,CDM,,0,2.0,3,63,44,59,43,73,72,"193cm | 6'4""",0,-,-,1. FC Köln,Germany
Carlos Grossmüller,70,CM,,0,3.0,4,59,69,72,70,62,62,"184cm | 6'0""",0,-,-,Lecce,Uruguay
Prince Buaben,70,CM,,0,3.0,2,77,44,69,74,70,51,"176cm | 5'9""",0,-,-,Dundee United,Ghana
Diego Ângelo,70,CB,,0,2.0,2,66,56,48,43,71,76,"192cm | 6'4""",0,-,-,Eskişehirspor,Brazil
Gonzalo Zárate,70,CAM,,0,4.0,4,78,68,66,77,47,60,"184cm | 6'0""",0,-,-,FC Red Bull Salzburg,Argentina
Daniele Ragatzu,70,ST,,0,3.0,3,84,66,46,76,49,51,"170cm | 5'7""",0,-,-,Cagliari,Italy
Joffre Guerrón,70,RM,,0,3.0,3,92,62,60,77,64,64,"180cm | 5'11""",0,-,-,Atlético Paranaense,Ecuador
Lukman Haruna,70,CM,,0,3.0,3,76,57,72,63,68,70,"185cm | 6'1""",0,-,-,AS Monaco FC,Nigeria
Christopher Nöthe,70,ST,,0,3.0,4,72,65,46,63,55,72,"184cm | 6'0""",0,-,-,SpVgg Greuther Fürth,Germany
Carlos Zambrano,70,CB,,0,2.0,3,69,41,63,58,69,74,"185cm | 6'1""",0,-,-,FC St. Pauli,Peru
Guillermo Molins,70,RW,,0,3.0,3,76,64,60,76,59,54,"186cm | 6'1""",0,-,-,Malmö FF,Sweden
Evgeniy Balyaykin,70,CAM,,0,3.0,3,68,66,78,64,63,69,"183cm | 6'0""",0,-,-,Rubin Kazan,Russia
Fedor Smolov,70,ST,,0,3.0,3,72,70,57,66,52,64,"185cm | 6'1""",0,-,-,Feyenoord,Russia
Dmitriy Tarasov,70,CM,,0,3.0,3,67,59,70,69,69,64,"188cm | 6'2""",0,-,-,Lokomotiv Moskva,Russia
Pedro Ken Moreira,70,CM,,0,3.0,3,77,61,70,72,67,63,"181cm | 5'11""",0,-,-,Cruzeiro,Brazil
Renan Henrique Oliveira Vieira,70,CAM,,0,4.0,3,78,70,67,76,52,64,"182cm | 6'0""",0,-,-,Salvador,Brazil
Kyle Walker,70,RB,,0,3.0,3,83,54,67,70,69,65,"178cm | 5'10""",0,-,-,Tottenham Hotspur,England
Marvin Martin,70,RM,,0,3.0,4,64,59,73,69,56,50,"171cm | 5'7""",0,-,-,FC Sochaux-Montbéliard,France
Georgios Gkalitsios,70,RB,,0,2.0,3,78,18,71,48,70,68,"183cm | 6'0""",0,-,-,Olympiakos CFP,Greece
Johannes Flum,70,CM,,0,2.0,3,72,66,68,63,74,68,"189cm | 6'2""",0,-,-,SC Freiburg,Germany
Andrea Catellani,70,CF,,0,4.0,4,77,69,65,76,53,53,"180cm | 5'11""",0,-,-,Sassuolo,Italy
Douglas de Oliveira,70,ST,,0,3.0,3,74,67,51,65,61,73,"186cm | 6'1""",0,-,-,Vitória de Guimarães,Brazil
Cristian Álvarez,70,GK,,0,1.0,2,77,62,71,78,45,65,"186cm | 6'1""",0,-,-,R.C.D. Espanyol de Barcelona S.A.D.,Argentina
Marco Pappa,70,LM,,0,4.0,2,80,70,61,74,55,52,"175cm | 5'9""",0,-,-,Chicago Fire,Guatemala
Miguel Angel Britos,70,CB,,0,2.0,3,71,44,58,49,66,72,"188cm | 6'2""",0,-,-,Bologna,Uruguay
Pablo Cendrós López,70,RB,,0,2.0,3,79,33,67,61,69,56,"176cm | 5'9""",0,-,-,Real Club Deportivo Mallorca S.A.D.,Spain
Marcel Risse,70,RM,,0,3.0,4,82,61,68,73,54,58,"183cm | 6'0""",0,-,-,1. FSV Mainz 05,Germany
Souza,70,CDM,,0,2.0,3,72,58,68,71,71,70,"188cm | 6'2""",0,-,-,FC Porto,Brazil
Lorenzo Ariaudo,70,CB,,0,2.0,3,73,43,55,51,67,75,"186cm | 6'1""",0,-,-,Cagliari,Italy
Victor Sánchez,70,CM,,0,3.0,3,72,64,74,67,67,61,"174cm | 5'9""",0,-,-,Getafe Club de Fútbol S.A.D.,Spain
Santiago Morero,70,CB,,0,2.0,3,67,33,57,52,67,72,"184cm | 6'0""",0,-,-,Chievo Verona,Argentina
Victor Ramos Ferreira,70,CB,,0,2.0,3,70,39,48,57,70,76,"190cm | 6'3""",0,-,-,Standard de Liège,Brazil
Erik Falkenburg,70,CAM,,0,3.0,4,73,69,66,71,61,62,"187cm | 6'2""",0,-,-,AZ Alkmaar,Netherlands
Amine Linganzi,70,CDM,,0,2.0,3,69,57,59,61,72,72,"186cm | 6'1""",0,-,-,Blackburn Rovers,Algeria
Ismail Köybasi,70,LWB,,0,2.0,3,79,48,68,71,66,55,"177cm | 5'10""",0,-,-,Beşiktaş JK,Turkey
Wilfried Bony,70,ST,,0,3.0,4,77,63,55,67,63,83,"182cm | 6'0""",0,-,-,Sparta Praha,Ivory Coast
José Ángel,70,LWB,,0,3.0,3,76,58,64,67,70,56,"172cm | 5'8""",0,-,-,Real Sporting de Gijón S.A.D.,Spain
De Marcos,70,RW,,0,3.0,4,83,61,59,73,48,57,"180cm | 5'11""",0,-,-,Athletic Club de Bilbao,Spain
Emmanuel Frimpong,70,CDM,,0,2.0,3,74,59,61,60,71,64,"178cm | 5'10""",0,-,-,Arsenal,Ghana
Bernard Parker,70,LW,,0,3.0,4,76,61,64,72,53,58,"170cm | 5'7""",0,-,-,FC Twente,South Africa
Eliaquim Mangala,70,CB,,0,2.0,4,70,57,53,59,68,70,"187cm | 6'2""",0,-,-,Standard de Liège,France
Dominic Maroh,70,CB,,0,2.0,2,69,41,48,44,69,71,"186cm | 6'1""",0,-,-,1. FC Nürnberg,Slovenia
Yazalde Gomes Pinto,70,ST,,0,3.0,3,81,64,56,72,57,72,"183cm | 6'0""",0,-,-,Rio Ave FC,Portugal
Nemanja Matic,70,CM,,0,3.0,3,71,64,76,60,75,74,"194cm | 6'4""",0,-,-,Vitesse,Serbia
Welinton,70,CB,,0,2.0,2,69,36,44,36,72,70,"182cm | 6'0""",0,-,-,Flamengo,Brazil
Patric Cabral Lalau,70,RB,,0,3.0,3,83,51,64,75,71,62,"172cm | 5'8""",0,-,-,A. Florianópolis,Brazil
Samuel Inkoom,70,RWB,,0,4.0,3,83,51,67,73,66,52,"179cm | 5'10""",0,-,-,FC Basel 1893,Ghana
Mario Götze,70,CAM,,0,4.0,4,76,61,69,77,54,43,"171cm | 5'7""",0,-,-,Borussia Dortmund,Germany
Bruno Miguel Ribeiro Veríssimo,70,GK,,0,1.0,2,69,72,70,70,23,71,"173cm | 5'8""",0,-,-,S.C. Olhanense,Portugal
Joan Oriol Gracia,70,LWB,,0,3.0,3,79,53,63,67,67,66,"175cm | 5'9""",0,-,-,Villarreal Club de Fútbol S.A.D.,Spain
Kevin De Bruyne,70,CAM,,0,3.0,4,69,69,70,71,50,62,"180cm | 5'11""",0,-,-,KRC Genk,Belgium
Dušan Perniš,70,GK,,0,1.0,3,73,71,62,73,38,72,"191cm | 6'3""",0,-,-,Dundee United,Slovakia
Juan Dominguez,70,CAM,,0,3.0,3,69,56,73,76,52,52,"181cm | 5'11""",0,-,-,Real Club Deportivo de La Coruña S.A.D.,Spain
Necip Uysal,70,CM,,0,2.0,3,70,48,68,71,69,62,"180cm | 5'11""",0,-,-,Beşiktaş JK,Turkey
Daniel Ayala,70,CB,,0,2.0,3,71,35,50,56,66,74,"191cm | 6'3""",0,-,-,Liverpool,Spain
Maxim Kanunnikov,70,ST,,0,3.0,2,74,69,39,67,58,73,"183cm | 6'0""",0,-,-,Zenit St. Petersburg,Russia
Marco Estrada,70,CDM,,0,2.0,3,65,66,72,71,68,48,"178cm | 5'10""",0,-,-,Montpellier Hérault Sport Club,Chile
Khouma Babacar,70,ST,,0,3.0,4,80,64,51,70,61,63,"191cm | 6'3""",0,-,-,Fiorentina,Senegal
Greg Cunningham,70,LB,,0,3.0,3,73,57,56,68,69,67,"183cm | 6'0""",0,-,-,Manchester City,Republic of Ireland
Georgios Tzavellas,70,LB,,0,3.0,3,77,68,75,67,69,74,"183cm | 6'0""",0,-,-,Eintracht Frankfurt,Greece
David Odonkor,69,RW,,0,3.0,2,92,59,58,67,51,60,"174cm | 5'9""",0,-,-,Real Betis Balompié S.A.D. ,Germany
Gábor Király,69,GK,,0,1.0,2,70,66,63,74,35,66,"191cm | 6'3""",0,-,-,TSV 1860 München,Hungary
Claudio Bellucci,69,CF,,0,,3,75,71,60,70,56,57,"173cm | 5'8""",0,-,-,Modena,Italy
Sebastian Schindzielorz,69,CDM,,0,2.0,4,75,50,54,46,68,70,"180cm | 5'11""",0,-,-,VfL Wolfsburg,Germany
Kevin Kilbane,69,LM,,0,3.0,3,67,71,69,68,68,78,"183cm | 6'0""",0,-,-,Hull City,Republic of Ireland
Cedric van der Gun,69,RW,,0,3.0,4,74,67,57,75,55,62,"175cm | 5'9""",0,-,-,Swansea City,Netherlands
Daniel Cruz,69,CAM,,0,3.0,5,69,63,73,77,42,52,"177cm | 5'10""",0,-,-,Germinal Beerschot,Colombia
Alex Neil,69,CM,,0,3.0,3,66,57,71,73,71,63,"175cm | 5'9""",0,-,-,Hamilton Academicals,Scotland
Ricardo Sérgio Rocha Azevedo,69,CB,,0,2.0,3,60,48,58,49,70,70,"183cm | 6'0""",0,-,-,Portsmouth,Portugal
Vincent Fernandez,69,GK,,0,1.0,2,67,70,66,70,28,74,"187cm | 6'2""",0,-,-,La Berrichonne de Châteauroux,France
Espen Hoff,69,CF,,0,4.0,4,79,71,54,68,50,56,"172cm | 5'8""",0,-,-,IK Start,Norway
Bart Goor,69,LM,,0,3.0,2,67,68,71,64,66,60,"183cm | 6'0""",0,-,-,Germinal Beerschot,Belgium
Ivan Leko,69,CAM,,0,3.0,3,54,70,74,68,56,53,"179cm | 5'10""",0,-,-,Sporting Lokeren OV,Croatia
Grégory Paisley,69,CB,,0,2.0,3,66,38,56,47,67,68,"184cm | 6'0""",0,-,-,OGC Nice,France
Filipe Dias Anunciação,69,CDM,,0,3.0,2,71,52,66,58,70,71,"179cm | 5'10""",0,-,-,Paços Ferreira,Portugal
Dianbobo Baldé,69,CB,,0,2.0,2,60,32,49,55,68,80,"192cm | 6'4""",0,-,-,Valenciennes FC,Guinea
Ferdinando Coppola,69,GK,,0,1.0,2,64,70,71,72,45,75,"188cm | 6'2""",0,-,-,Siena,Italy
David Di Michele,69,ST,,0,4.0,4,75,66,60,76,53,57,"171cm | 5'7""",0,-,-,Lecce,Italy
Nicolas Florentin,69,LW,,0,3.0,4,80,60,66,69,51,66,"182cm | 6'0""",0,-,-,Angers SCO,France
Sander Keller,69,CB,,0,2.0,3,68,40,45,53,65,80,"186cm | 6'1""",0,-,-,FC Utrecht,Netherlands
Paolo Orlandoni,69,GK,,0,1.0,1,71,67,64,67,49,73,"186cm | 6'1""",0,-,-,Inter,Italy
Florian Bruns,69,RM,,0,3.0,4,76,70,67,65,67,64,"188cm | 6'2""",0,-,-,FC St. Pauli,Germany
Altin Lala,69,CDM,,0,2.0,3,63,60,69,64,66,65,"172cm | 5'8""",0,-,-,Hannover 96,Albania
Fernando Morán Escudero,69,CAM,,0,3.0,3,66,66,68,69,51,60,"175cm | 5'9""",0,-,-,Gimnàstic de Tarragona S.A.D.,Spain
Jonathan Jäger,69,ST,,0,3.0,3,82,65,65,72,59,62,"174cm | 5'9""",0,-,-,SC Freiburg,France
Brett Ormerod,69,ST,,0,3.0,2,69,66,53,67,60,68,"177cm | 5'10""",0,-,-,Blackpool,England
Jurica Vranješ,69,CDM,,0,2.0,3,61,50,70,53,61,69,"186cm | 6'1""",0,-,-,Werder Bremen,Croatia
Jimmy Bullard,69,CM,,0,4.0,3,67,74,66,70,67,62,"180cm | 5'11""",0,-,-,Hull City,England
Lee McCulloch,69,CDM,,0,3.0,3,66,70,66,65,74,84,"185cm | 6'1""",0,-,-,Rangers,Scotland
Carlos Edwards,69,RW,,0,5.0,4,76,67,59,69,52,52,"180cm | 5'11""",0,-,-,Ipswich Town,Trinidad &amp; Tobago
Erlend Hanstveit,69,LB,,0,3.0,3,73,58,69,68,68,70,"189cm | 6'2""",0,-,-,KAA Gent,Norway
Shefki Kuqi,69,ST,,0,3.0,3,66,68,38,54,68,78,"188cm | 6'2""",0,-,-,Derby County,Finland
Grant Holt,69,ST,,0,2.0,3,71,68,45,62,66,74,"183cm | 6'0""",0,-,-,Norwich City,England
José Carlos da Silva,69,RF,,0,4.0,4,74,70,58,72,51,56,"162cm | 5'4""",0,-,-,A. Goiânia,Brazil
Domingos Alex Martins da Costa,69,RB,,0,3.0,3,70,51,70,70,67,60,"175cm | 5'9""",0,-,-,Vitória de Guimarães,Portugal
Luís Filipe Rodrigues Fernandes,69,RWB,,0,2.0,3,77,55,68,67,68,60,"182cm | 6'0""",0,-,-,Sport Lisboa Benfica,Portugal
Fitz Hall,69,CB,,0,2.0,3,73,42,49,58,66,82,"193cm | 6'4""",0,-,-,Queens Park Rangers,England
Jimmy Nielsen,69,GK,,0,1.0,2,67,67,62,77,37,69,"191cm | 6'3""",0,-,-,Kansas City Wizards,Denmark
Dorus de Vries,69,GK,,0,1.0,4,69,65,74,75,54,64,"191cm | 6'3""",0,-,-,Swansea City,Netherlands
Antoine van der Linden,69,CB,,0,2.0,3,66,50,56,58,68,71,"186cm | 6'1""",0,-,-,Heracles Almelo,Netherlands
Stephen Appiah,69,CDM,,0,3.0,2,72,66,69,65,68,64,"178cm | 5'10""",0,-,-,A.C. Cesena,Ghana
Davy Schollen,69,GK,,0,1.0,4,67,69,73,69,59,71,"190cm | 6'3""",0,-,-,RSC Anderlecht,Belgium
Kyle Beckerman,69,CM,,0,3.0,3,75,65,64,67,68,60,"178cm | 5'10""",0,-,-,Real Salt Lake,United States
Scott Severin,69,CDM,,0,3.0,3,69,64,64,63,69,69,"180cm | 5'11""",0,-,-,Dundee United,Scotland
Imre Szabics,69,ST,,0,3.0,4,75,69,58,68,58,70,"180cm | 5'11""",0,-,-,SK Sturm Graz,Hungary
Anders Møller-Christensen,69,CB,,0,2.0,3,48,34,48,40,69,78,"187cm | 6'2""",0,-,-,Odense Boldklub,Denmark
Kevin McNaughton,69,RB,,0,2.0,4,73,52,70,60,63,66,"178cm | 5'10""",0,-,-,Cardiff City,Scotland
Jonas De Roeck,69,CB,,0,2.0,3,61,49,61,47,66,69,"187cm | 6'2""",0,-,-,FC Augsburg,Belgium
Tim Smolders,69,CM,,0,2.0,3,56,66,67,65,66,62,"191cm | 6'3""",0,-,-,KAA Gent,Belgium
Søren Larsen,69,ST,,0,3.0,2,70,66,61,66,67,76,"194cm | 6'4""",0,-,-,Toulouse FC,Denmark
Sead Ramovic,69,GK,,0,1.0,3,65,67,63,74,47,74,"190cm | 6'3""",0,-,-,Sivasspor,Bosnia Herzegovina
Uğur İnceman,69,CDM,,0,2.0,3,70,62,72,64,70,67,"183cm | 6'0""",0,-,-,Medical Park Antalyaspor,Turkey
Trond Olsen,69,LW,,0,3.0,4,86,70,59,67,50,50,"173cm | 5'8""",0,-,-,Rosenborg BK,Norway
Frode Kippe,69,CB,,0,2.0,3,75,63,53,35,69,80,"196cm | 6'5""",0,-,-,Lillestrøm SK,Norway
Jonathan Blondel,69,CM,,0,3.0,2,73,70,68,70,66,69,"173cm | 5'8""",0,-,-,Club Brugge KV,Belgium
Jakob Poulsen,69,CM,,0,2.0,3,71,67,72,70,60,51,"182cm | 6'0""",0,-,-,FC Midtjylland,Denmark
Maikel Aerts,69,GK,,0,1.0,2,70,63,66,73,63,69,"196cm | 6'5""",0,-,-,Hertha BSC,Netherlands
Kristian Bak Nielsen,69,CB,,0,2.0,3,68,40,53,51,67,75,"182cm | 6'0""",0,-,-,FC Midtjylland,Denmark
Kasey Keller,69,GK,,0,1.0,2,67,71,72,66,50,74,"188cm | 6'2""",0,-,-,Seattle Sounders FC,United States
Laurent Courtois,69,LM,,0,3.0,3,69,68,69,70,63,59,"175cm | 5'9""",0,-,-,Grenoble Foot 38,France
Nicolas Seube,69,LB,,0,2.0,3,71,45,74,62,72,71,"180cm | 5'11""",0,-,-,Stade Malherbe Caen,France
Dennis Gentenaar,69,GK,,0,1.0,3,69,70,65,68,62,71,"180cm | 5'11""",0,-,-,VVV-Venlo,Netherlands
Riccardo Allegretti,69,CAM,,0,3.0,3,68,68,70,67,57,49,"171cm | 5'7""",0,-,-,Grosseto,Italy
Tommy Bechmann,69,RF,,0,3.0,3,77,66,62,72,57,59,"181cm | 5'11""",0,-,-,SC Freiburg,Denmark
Joe Murphy,69,GK,,0,1.0,3,72,68,57,72,52,65,"188cm | 6'2""",0,-,-,Scunthorpe United,Republic of Ireland
Jesús Mendoza Aguirre,69,LB,,0,2.0,5,76,45,64,59,68,56,"168cm | 5'6""",0,-,-,Xerez Club Deportivo S.A.D.,Spain
Benjamin Lauth,69,ST,,0,3.0,4,77,65,57,72,54,71,"179cm | 5'10""",0,-,-,TSV 1860 München,Germany
Ívar Ingimarsson,69,CB,,0,2.0,3,60,31,43,45,70,79,"183cm | 6'0""",0,-,-,Reading,Iceland
Jason Brown,69,GK,,0,1.0,3,73,68,65,74,44,65,"180cm | 5'11""",0,-,-,Blackburn Rovers,Wales
Jobi McAnuff,69,RM,,0,3.0,3,78,56,61,76,56,64,"178cm | 5'10""",0,-,-,Reading,Jamaica
Lee Grant,69,GK,,0,1.0,3,72,65,74,77,56,61,"193cm | 6'4""",0,-,-,Burnley,England
Radoslav Kováč,69,CDM,,0,2.0,3,59,58,68,67,67,68,"189cm | 6'2""",0,-,-,West Ham United,Czech Republic
Michael Brown,69,CDM,,0,2.0,3,62,58,62,62,71,68,"175cm | 5'9""",0,-,-,Portsmouth,England
Nick Montgomery,69,CDM,,0,3.0,1,64,48,50,56,68,66,"175cm | 5'9""",0,-,-,Sheffield United,Scotland
Louis Carey,69,CB,,0,2.0,3,68,31,45,38,70,70,"178cm | 5'10""",0,-,-,Bristol City,Scotland
Joonas Kolkka,69,RW,,0,3.0,5,72,63,67,73,55,50,"175cm | 5'9""",0,-,-,NAC Breda,Finland
Conor Casey,69,ST,,0,2.0,3,65,66,38,67,61,81,"188cm | 6'2""",0,-,-,Colorado Rapids,United States
Filip Trojan,69,LM,,0,3.0,3,76,61,64,71,56,48,"172cm | 5'8""",0,-,-,MSV Duisburg,Czech Republic
Jürgen Säumel,69,CDM,,0,3.0,3,74,58,70,62,68,66,"180cm | 5'11""",0,-,-,F. Torino,Austria
Rune Almenning Jarstein,69,GK,,0,1.0,2,74,62,75,77,40,62,"190cm | 6'3""",0,-,-,Viking FK,Norway
Alexander Iashvili,69,CF,,0,4.0,4,78,65,64,75,46,50,"175cm | 5'9""",0,-,-,Karlsruher SC,Georgia
Collin Benjamin,69,RWB,,0,3.0,4,72,63,70,70,68,66,"182cm | 6'0""",0,-,-,Hamburger SV,Namibia
Youssef El-Akchaoui,69,LB,,0,3.0,3,73,66,70,65,66,54,"174cm | 5'9""",0,-,-,sc Heerenveen,Morocco
Gareth McAuley,69,CB,,0,2.0,3,62,38,52,36,69,81,"191cm | 6'3""",0,-,-,Ipswich Town,Northern Ireland
Juan Manuel Gómez Sánchez,69,RM,,0,3.0,2,76,64,66,70,58,56,"176cm | 5'9""",0,-,-,Real Betis Balompié S.A.D. ,Spain
Jonatan Soriano,69,ST,,0,3.0,3,77,67,58,69,56,68,"181cm | 5'11""",0,-,-,Fútbol Club Barcelona “B”,Spain
Enrique Mateo Montoya,69,CAM,,0,3.0,3,68,68,63,69,66,66,"180cm | 5'11""",0,-,-,Elche Club de Fútbol S.A.D.,Spain
David Pérez Arteaga,69,LW,,0,3.0,3,80,63,64,68,54,48,"167cm | 5'6""",0,-,-,Córdoba Club de Fútbol S.A.D.,Spain
Alexandre Alphonse,69,ST,,0,3.0,4,75,68,58,75,48,52,"174cm | 5'9""",0,-,-,FC Zürich,France
Daniel Ngom Kome,69,CAM,,0,3.0,3,78,61,64,77,52,62,"175cm | 5'9""",0,-,-,Club Deportivo Tenerife S.A.D.,Cameroon
Matteo Gianello,69,GK,,0,1.0,2,71,70,68,69,48,72,"189cm | 6'2""",0,-,-,Napoli,Italy
Claudio Rivalta,69,CB,,0,2.0,3,69,46,66,47,65,66,"173cm | 5'8""",0,-,-,F. Torino,Italy
Paolo Zanetti,69,CDM,,0,2.0,3,67,50,69,65,69,64,"186cm | 6'1""",0,-,-,F. Torino,Italy
José Ortiz Bernal,69,RW,,0,3.0,4,72,63,67,70,60,59,"172cm | 5'8""",0,-,-,Unión Deportiva Almería S.A.D.,Spain
Luigi Pieroni,69,ST,,0,3.0,3,70,69,49,57,56,70,"187cm | 6'2""",0,-,-,Standard de Liège,Belgium
Rubén Castro,69,ST,,0,3.0,3,77,67,56,72,45,68,"174cm | 5'9""",0,-,-,Real Betis Balompié S.A.D. ,Spain
Eric Chelle,69,CB,,0,2.0,3,58,41,61,42,68,70,"175cm | 5'9""",0,-,-,Racing Club de Lens,Mali
Eric Hassli,69,ST,,0,3.0,4,65,68,57,67,62,72,"193cm | 6'4""",0,-,-,FC Zürich,France
Alexander Walke,69,GK,,0,1.0,3,70,67,68,72,56,67,"189cm | 6'2""",0,-,-,FC Red Bull Salzburg,Germany
Mikkel Thygesen,69,RM,,0,3.0,4,73,69,68,68,65,60,"184cm | 6'0""",0,-,-,FC Midtjylland,Denmark
Kevin Roelandts,69,CAM,,0,3.0,4,58,70,68,67,59,66,"186cm | 6'1""",0,-,-,SV Zulte-Waregem,Belgium
Michael Klukowski,69,LB,,0,2.0,4,67,54,67,57,67,67,"184cm | 6'0""",0,-,-,MKE Ankaragücü,Canada
Xavier Margairaz,69,CM,,0,3.0,4,68,67,71,67,68,70,"185cm | 6'1""",0,-,-,FC Zürich,Switzerland
Isaac Boakye,69,ST,,0,3.0,3,77,63,47,71,60,79,"175cm | 5'9""",0,-,-,1. FC Nürnberg,Ghana
Francisco José Maldonado Collantes,69,RW,,0,4.0,4,76,61,63,75,54,59,"177cm | 5'10""",0,-,-,Fútbol Club Cartagena,Spain
Pa Dembo Touray,69,GK,,0,1.0,3,74,67,64,77,35,68,"198cm | 6'6""",0,-,-,Djurgårdens IF,Gambia
Stephen Dobbie,69,ST,,0,3.0,3,70,67,48,66,61,58,"173cm | 5'8""",0,-,-,Swansea City,Scotland
Craig Beattie,69,ST,,0,3.0,3,71,67,58,66,54,72,"183cm | 6'0""",0,-,-,Swansea City,Scotland
Fernando Santos,69,CB,,0,2.0,1,64,41,40,43,68,73,"192cm | 6'4""",0,-,-,Vasco da Gama,Brazil
Lukáš Jarolím,69,CAM,,0,3.0,4,68,61,71,68,64,56,"176cm | 5'9""",0,-,-,Slavia Praha,Czech Republic
Wes Morgan,69,CB,,0,2.0,4,69,29,36,53,72,74,"185cm | 6'1""",0,-,-,Nottingham Forest,England
Byung Ji Kim,69,GK,,0,1.0,2,66,69,44,74,64,71,"184cm | 6'0""",0,-,-,GyeongNam FC,Korea Republic
Byung Kuk Cho,69,CB,,0,2.0,3,63,47,43,53,66,77,"183cm | 6'0""",0,-,-,Seongnam Ilhwa Chunma,Korea Republic
Ramon Zomer,69,CB,,0,2.0,4,69,45,65,58,67,72,"184cm | 6'0""",0,-,-,N.E.C.,Netherlands
Alessandro Budel,69,CDM,,0,3.0,3,71,62,72,67,68,64,"182cm | 6'0""",0,-,-,Brescia,Italy
Lionel Cappone,69,GK,,0,1.0,3,70,61,67,72,48,74,"182cm | 6'0""",0,-,-,FC Lorient Bretagne Sud,France
Christophe Lepoint,69,CM,,0,3.0,4,71,62,59,67,74,72,"189cm | 6'2""",0,-,-,KAA Gent,Belgium
Papa Waigo N'Diaye,69,RF,,0,3.0,3,86,65,60,70,55,46,"185cm | 6'1""",0,-,-,Fiorentina,Senegal
Brian Ching,69,ST,,0,2.0,3,68,64,48,62,62,82,"183cm | 6'0""",0,-,-,Houston Dynamo,United States
Lucas de Deus Santos,69,CAM,,0,3.0,2,75,64,71,72,55,55,"171cm | 5'7""",0,-,-,Odense Boldklub,Brazil
Guirane N'Daw,69,CDM,,0,2.0,2,69,58,65,59,71,78,"190cm | 6'3""",0,-,-,A.S. Saint-Etienne,Senegal
Diego Costa Silva,69,GK,,0,1.0,2,67,69,66,69,43,72,"188cm | 6'2""",0,-,-,Vitória de Setúbal,Brazil
Davide Moscardelli,69,ST,,0,3.0,4,70,64,54,72,60,71,"185cm | 6'1""",0,-,-,Chievo Verona,Italy
Marc Pfertzel,69,RB,,0,3.0,3,78,58,64,64,68,74,"182cm | 6'0""",0,-,-,VfL Bochum,France
Manuel De la Torre,69,LB,,0,3.0,3,73,59,70,68,66,67,"170cm | 5'7""",0,-,-,Toluca,Mexico
Kevin Foley,69,RB,,0,2.0,3,65,46,66,56,69,58,"175cm | 5'9""",0,-,-,Wolverhampton Wanderers,Republic of Ireland
Marko Perović,69,CAM,,0,3.0,3,73,70,64,70,52,56,"185cm | 6'1""",0,-,-,New England Revolution,Serbia
Giovanni Marchese,69,LB,,0,2.0,3,73,52,68,64,66,68,"182cm | 6'0""",0,-,-,Catania,Italy
Sherjill MacDonald,69,ST,,0,3.0,3,77,64,52,73,54,68,"184cm | 6'0""",0,-,-,Germinal Beerschot,Netherlands
Fernando Salazar,69,SW,,0,2.0,3,68,54,64,60,68,70,"178cm | 5'10""",0,-,-,Monarcas Morelia,Mexico
Duilio Davino,69,CB,,0,2.0,2,65,51,63,46,63,72,"180cm | 5'11""",0,-,-,Monterrey,Mexico
Albin Ebondo,69,RB,,0,2.0,3,75,40,70,65,66,68,"183cm | 6'0""",0,-,-,A.S. Saint-Etienne,France
Joel Lindpere,69,LM,,0,3.0,3,67,69,71,65,63,59,"178cm | 5'10""",0,-,-,New York Red Bulls,Estonia
David Siradze,69,CAM,,0,3.0,3,74,68,72,66,61,62,"185cm | 6'1""",0,-,-,Spartak Nalchik,Georgia
Radoslav Zabavník,69,RB,,0,3.0,3,71,59,53,54,70,68,"180cm | 5'11""",0,-,-,1. FSV Mainz 05,Slovakia
Sung Kuk Choi,69,RF,,0,3.0,4,80,66,60,73,49,31,"172cm | 5'8""",0,-,-,Gwangju Sangmu FC,Korea Republic
Sammy Bossut,69,GK,,0,1.0,3,72,67,62,74,65,63,"187cm | 6'2""",0,-,-,SV Zulte-Waregem,Belgium
Toni Kallio,69,LB,,0,2.0,3,70,53,63,60,71,76,"194cm | 6'4""",0,-,-,Viking FK,Finland
Filipos Darlas,69,LB,,0,2.0,3,78,43,73,60,67,68,"182cm | 6'0""",0,-,-,Stade Brestois 29,Greece
Leilton Silva Dos Santos,69,LB,,0,3.0,4,75,57,64,66,67,64,"178cm | 5'10""",0,-,-,Krylya Sovetov Samara,Brazil
Álvaro Antón Camarero,69,CAM,,0,3.0,4,72,73,64,72,50,55,"175cm | 5'9""",0,-,-,Real Valladolid Club de Fútbol S.A.D.,Spain
Mariano Barbosa,69,GK,,0,1.0,2,71,66,69,72,67,65,"185cm | 6'1""",0,-,-,Unión Deportiva Las Palmas S.A.D.,Argentina
Leonardo Talamonti,69,CB,,0,2.0,3,65,40,62,46,67,70,"183cm | 6'0""",0,-,-,A. Bergamo,Argentina
Mariano Pavone,69,ST,,0,3.0,3,67,69,49,61,61,75,"176cm | 5'9""",0,-,-,River Plate,Argentina
Hüseyin Çimşir,69,CDM,,0,2.0,2,64,51,66,63,69,72,"187cm | 6'2""",0,-,-,Bursaspor,Turkey
Bekir İrtegün,69,RWB,,0,2.0,3,69,55,67,66,69,62,"178cm | 5'10""",0,-,-,Fenerbahçe SK,Turkey
Mehmet Yozgatlı,69,RW,,0,3.0,2,77,60,69,69,56,58,"181cm | 5'11""",0,-,-,Gençlerbirliği SK,Turkey
Gerard Bordas Bahamontes,69,LW,,0,3.0,3,78,64,60,73,51,50,"177cm | 5'10""",0,-,-,Villarreal Club de Fútbol “B” S.A.D.,Spain
Sendoa Aguirre B.,69,LW,,0,3.0,4,69,65,73,72,51,52,"176cm | 5'9""",0,-,-,Hércules Club de Fútbol S.A.D.,Spain
Iñigo Diaz de Cerio,69,ST,,0,3.0,3,70,67,56,71,59,66,"178cm | 5'10""",0,-,-,Córdoba Club de Fútbol S.A.D.,Spain
Cristian Hidalgo González,69,LW,,0,3.0,3,73,65,63,74,58,62,"171cm | 5'7""",0,-,-,Hércules Club de Fútbol S.A.D.,Spain
Rubén,69,GK,,0,1.0,3,73,66,60,74,47,65,"187cm | 6'2""",0,-,-,Málaga Club de Fútbol S.A.D.,Spain
Denis Boyarintsev,69,LM,,0,3.0,4,70,73,68,73,69,64,"174cm | 5'9""",0,-,-,Saturn Ramenskoye,Russia
Dmitriy Khomich,69,GK,,0,1.0,3,72,71,74,70,47,64,"190cm | 6'3""",0,-,-,Alaniya Vladikavkaz,Russia
Wojciech Kowalewski,69,GK,,0,1.0,3,65,69,75,65,49,75,"189cm | 6'2""",0,-,-,Sibir Novosibirsk,Poland
Petr Bystrov,69,LM,,0,2.0,3,70,64,68,75,64,67,"178cm | 5'10""",0,-,-,Rubin Kazan,Russia
Dmitriy Borodin,69,GK,,0,1.0,3,67,72,71,74,45,65,"188cm | 6'2""",0,-,-,Zenit St. Petersburg,Russia
Ruslan Adzhindzhal,69,CAM,,0,3.0,4,58,70,67,70,58,61,"168cm | 5'6""",0,-,-,Krylya Sovetov Samara,Russia
George Ogararu,69,RWB,,0,2.0,3,70,52,68,72,68,59,"178cm | 5'10""",0,-,-,FC Sion,Romania
Marcel Meeuwis,69,CM,,0,3.0,3,70,54,70,68,66,59,"173cm | 5'8""",0,-,-,Borussia M'gladbach,Netherlands
Ruben Schaken,69,RW,,0,3.0,3,82,59,52,74,54,50,"172cm | 5'8""",0,-,-,Feyenoord,Netherlands
Fabio Firmani,69,CDM,,0,2.0,3,71,55,65,63,68,64,"178cm | 5'10""",0,-,-,Lazio,Italy
Nicolás Córdova,69,CM,,0,3.0,3,71,66,72,68,59,54,"175cm | 5'9""",0,-,-,Brescia,Chile
Carl Valeri,69,CM,,0,3.0,3,70,59,66,68,67,70,"176cm | 5'9""",0,-,-,Sassuolo,Australia
Simone Dallamano,69,LWB,,0,3.0,2,76,59,67,64,68,65,"180cm | 5'11""",0,-,-,Brescia,Italy
Hoolahan,69,CAM,,0,3.0,3,72,67,62,76,58,58,"168cm | 5'6""",0,-,-,Norwich City,Republic of Ireland
Vangelis Moras,69,CB,,0,2.0,3,67,36,49,55,69,64,"193cm | 6'4""",0,-,-,Bologna,Greece
Christos Patsatzoglou,69,RB,,0,2.0,3,78,61,63,62,68,64,"182cm | 6'0""",0,-,-,AEK Athens,Greece
Marco Caligiuri,69,CDM,,0,2.0,3,72,60,67,70,68,68,"180cm | 5'11""",0,-,-,1. FSV Mainz 05,Germany
Markus Brzenska,69,CB,,0,2.0,1,60,33,40,31,72,76,"196cm | 6'5""",0,-,-,Energie Cottbus,Germany
Kanga Akalé,69,LW,,0,4.0,3,79,63,59,75,45,52,"179cm | 5'10""",0,-,-,Racing Club de Lens,Ivory Coast
Nicolas Godemèche,69,CDM,,0,2.0,3,70,57,64,61,69,74,"184cm | 6'0""",0,-,-,Naval 1° de Maio,France
Gaël Genevier,69,CM,,0,3.0,3,68,56,68,66,62,63,"174cm | 5'9""",0,-,-,Siena,France
Jacques Abardonado,69,CB,,0,2.0,3,57,44,38,41,68,76,"183cm | 6'0""",0,-,-,Grenoble Foot 38,France
Kim Christensen,69,GK,,0,1.0,3,71,61,78,75,48,65,"185cm | 6'1""",0,-,-,FC København,Denmark
Anders Due,69,LM,,0,3.0,4,73,67,71,68,51,44,"177cm | 5'10""",0,-,-,FC Nordsjælland,Denmark
Andreas Hölzl,69,RM,,0,3.0,4,77,60,67,69,60,62,"178cm | 5'10""",0,-,-,SK Sturm Graz,Austria
Fatih Ceylan,69,LW,,0,3.0,3,67,58,70,71,60,64,"183cm | 6'0""",0,-,-,Kardemir Karabükspor,Turkey
Braulio Luna,69,LM,,0,3.0,3,67,72,69,66,66,65,"180cm | 5'11""",0,-,-,Pachuca,Mexico
Magnus Wolff Eikrem,69,CM,,0,3.0,3,67,57,68,71,53,48,"178cm | 5'10""",0,-,-,Manchester United,Norway
Hernán Losada,69,CAM,,0,4.0,4,69,64,69,77,53,54,"171cm | 5'7""",0,-,-,Royal Charleroi SC,Argentina
Maximiliano Pellegrino,69,CB,,0,2.0,2,63,45,43,44,69,72,"189cm | 6'2""",0,-,-,A.C. Cesena,Argentina
William Hesmer,69,GK,,0,1.0,2,73,71,69,65,52,69,"188cm | 6'2""",0,-,-,Columbus Crew,United States
Sammy Clingan,69,CM,,0,2.0,3,73,65,75,64,61,57,"180cm | 5'11""",0,-,-,Coventry City,Northern Ireland
Leon Jessen,69,LB,,0,2.0,3,73,54,70,65,69,54,"182cm | 6'0""",0,-,-,1. FC Kaiserslautern,Denmark
Przemysław Kaźmierczak,69,CM,,0,2.0,2,68,70,66,63,72,70,"191cm | 6'3""",0,-,-,Śląsk Wrocław,Poland
Fernando Vega Torres,69,LB,,0,2.0,3,74,37,69,61,65,61,"177cm | 5'10""",0,-,-,Real Betis Balompié S.A.D. ,Spain
Ladislav Volešák,69,CAM,,0,3.0,4,66,70,74,68,56,52,"174cm | 5'9""",0,-,-,1. FC Slovácko,Czech Republic
Márcio Rodrigues Araújo,69,CM,,0,2.0,2,76,60,67,73,66,62,"172cm | 5'8""",0,-,-,Palmeiras,Brazil
Leon Best,69,ST,,0,2.0,3,69,68,45,59,60,69,"185cm | 6'1""",0,-,-,Newcastle United,Republic of Ireland
Carlitos,69,RM,,0,3.0,3,80,61,62,74,51,54,"175cm | 5'9""",0,-,-,Hannover 96,Portugal
Kasper Bøgelund,69,RB,,0,2.0,3,72,48,68,51,69,69,"180cm | 5'11""",0,-,-,Aalborg BK,Denmark
Carlos Adrián Morales,69,LWB,,0,3.0,3,72,65,70,69,66,58,"173cm | 5'8""",0,-,-,Santos Laguna,Mexico
Rafael Márquez Lugo,69,ST,,0,3.0,4,73,68,62,66,54,70,"172cm | 5'8""",0,-,-,Monarcas Morelia,Mexico
Ricardo Cabanas,69,CAM,,0,4.0,4,62,67,70,70,65,66,"173cm | 5'8""",0,-,-,Grasshopper-Club,Switzerland
Johan Vonlanthen,69,CAM,,0,4.0,4,78,68,67,78,54,66,"175cm | 5'9""",0,-,-,FC Red Bull Salzburg,Switzerland
Christoph Janker,69,CB,,0,2.0,3,70,38,44,42,66,68,"185cm | 6'1""",0,-,-,Hertha BSC,Germany
David Norris,69,CM,,0,3.0,3,66,59,71,66,61,58,"170cm | 5'7""",0,-,-,Ipswich Town,Republic of Ireland
Darren Pratley,69,CM,,0,3.0,3,74,61,68,70,70,65,"185cm | 6'1""",0,-,-,Swansea City,England
Carlos Eduardo de Souza Floresta,69,ST,,0,3.0,3,65,68,56,67,55,79,"187cm | 6'2""",0,-,-,Manisaspor,Brazil
Gonzalo Pineda,69,CM,,0,2.0,3,71,61,69,69,69,68,"179cm | 5'10""",0,-,-,Cruz Azul,Mexico
Andrea De Falco,69,CM,,0,2.0,3,70,63,68,66,66,54,"179cm | 5'10""",0,-,-,Sassuolo,Italy
Djamel Mesbah,69,LM,,0,3.0,3,73,64,68,68,68,60,"180cm | 5'11""",0,-,-,Lecce,Algeria
Richard Kingson,69,GK,,0,,2,77,67,61,72,49,60,"182cm | 6'0""",0,-,-,Blackpool,Ghana
Markus Steinhöfer,69,RM,,0,2.0,4,74,60,69,69,64,58,"175cm | 5'9""",0,-,-,Eintracht Frankfurt,Germany
Steve Gohouri,69,CB,,0,2.0,3,68,46,44,42,68,73,"189cm | 6'2""",0,-,-,Wigan Athletic,Ivory Coast
Juan Pablo Caffa,69,LM,,0,3.0,3,67,70,77,65,48,56,"184cm | 6'0""",0,-,-,Real Betis Balompié S.A.D. ,Argentina
Nicolas Fauvergue,69,ST,,0,3.0,3,65,68,57,65,54,79,"193cm | 6'4""",0,-,-,CS Sedan Ardennes,France
Thomas Kessler,69,GK,,0,1.0,2,68,69,72,69,56,70,"197cm | 6'6""",0,-,-,FC St. Pauli,Germany
Daniel Fox,69,LB,,0,2.0,3,69,51,73,64,70,68,"183cm | 6'0""",0,-,-,Burnley,Scotland
Alaixys Romao,69,CM,,0,2.0,3,72,49,69,67,70,59,"180cm | 5'11""",0,-,-,FC Lorient Bretagne Sud,Togo
Adnan Custović,69,LF,,0,3.0,4,63,75,66,66,61,64,"185cm | 6'1""",0,-,-,Germinal Beerschot,Bosnia Herzegovina
David Abraham,69,CB,,0,2.0,3,65,39,51,58,68,70,"188cm | 6'2""",0,-,-,FC Basel 1893,Argentina
Bruno Silva,69,RWB,,0,3.0,3,73,61,66,68,69,56,"180cm | 5'11""",0,-,-,I. Porto Alegre,Uruguay
Justin Hoyte,69,RB,,0,2.0,3,85,32,56,56,67,66,"180cm | 5'11""",0,-,-,Middlesbrough,England
Miguel Robusté Colomer,69,CB,,0,2.0,3,64,54,58,50,69,68,"185cm | 6'1""",0,-,-,Levante Unión Deportiva S.A.D.,Spain
Mariano Sánchez Martínez,69,CDM,,0,2.0,3,59,44,59,55,71,66,"188cm | 6'2""",0,-,-,Fútbol Club Cartagena,Spain
Sinan Bolat,69,GK,,0,1.0,3,66,67,69,75,65,65,"188cm | 6'2""",0,-,-,Standard de Liège,Turkey
Ilya Abaev,69,GK,,0,1.0,3,61,69,71,75,46,73,"192cm | 6'4""",0,-,-,Anzhi Makhachkala,Russia
Uğur Uçar,69,RWB,,0,2.0,2,73,40,65,64,68,62,"180cm | 5'11""",0,-,-,MKE Ankaragücü,Turkey
Chris Morgan,69,CB,,0,2.0,4,59,28,29,24,68,80,"185cm | 6'1""",0,-,-,Sheffield United,England
Kelvin Wilson,69,CB,,0,2.0,2,71,30,40,49,66,72,"187cm | 6'2""",0,-,-,Nottingham Forest,England
David Limberský,69,RWB,,0,3.0,4,80,69,72,71,68,60,"179cm | 5'10""",0,-,-,Viktoria Plzeň ,Czech Republic
Andrea Consigli,69,GK,,0,1.0,3,77,60,63,76,62,63,"189cm | 6'2""",0,-,-,A. Bergamo,Italy
Ashley Williams,69,CB,,0,2.0,4,69,39,56,58,67,76,"183cm | 6'0""",0,-,-,Swansea City,Wales
Steven Jennings,69,CM,,0,3.0,3,67,59,73,73,69,62,"170cm | 5'7""",0,-,-,Motherwell,England
Gianni Zuiverloon,69,RB,,0,2.0,3,71,46,63,64,71,66,"179cm | 5'10""",0,-,-,West Bromwich Albion,Netherlands
Daniele Ficagna,69,CB,,0,2.0,1,63,43,47,50,66,74,"186cm | 6'1""",0,-,-,Siena,Italy
Fabio Caserta,69,CAM,,0,3.0,4,74,66,67,72,65,59,"179cm | 5'10""",0,-,-,A.C. Cesena,Italy
Andrea Esposito,69,RB,,0,2.0,2,70,44,52,55,69,76,"191cm | 6'3""",0,-,-,Bologna,Italy
Marc-André Kruska,69,CDM,,0,2.0,4,70,60,67,66,70,56,"178cm | 5'10""",0,-,-,Energie Cottbus,Germany
Tim Sparv,69,CDM,,0,2.0,2,54,64,66,57,68,70,"194cm | 6'4""",0,-,-,FC Groningen,Finland
Nicolas Maurice-Belay,69,LW,,0,2.0,3,76,67,61,71,54,68,"182cm | 6'0""",0,-,-,FC Sochaux-Montbéliard,France
Fabien Camus,69,CAM,,0,3.0,4,65,68,71,70,51,56,"179cm | 5'10""",0,-,-,KRC Genk,Tunisia
Rowen Fernandez,69,GK,,0,1.0,3,71,67,72,71,57,65,"189cm | 6'2""",0,-,-,Arminia Bielefeld,South Africa
Christer Kleiven,69,CM,,0,4.0,4,74,71,65,73,64,47,"181cm | 5'11""",0,-,-,IK Start,Norway
Braulio Nóbrega Rodríguez,69,ST,,0,3.0,3,69,68,48,71,54,70,"178cm | 5'10""",0,-,-,Real Zaragoza S.A.D.,Spain
Mattias Hugosson,69,GK,,0,1.0,3,67,65,63,76,37,71,"190cm | 6'3""",0,-,-,Gefle IF,Sweden
Anton Shunin,69,GK,,0,1.0,4,66,69,68,69,43,74,"190cm | 6'3""",0,-,-,Dinamo Moskva,Russia
Andrey Gorbanets,69,CAM,,0,2.0,3,69,66,69,73,57,58,"177cm | 5'10""",0,-,-,Rubin Kazan,Russia
Jeroen Simaeys,69,CDM,,0,2.0,4,64,63,61,56,68,68,"193cm | 6'4""",0,-,-,Club Brugge KV,Belgium
Garry Kenneth,69,CB,,0,2.0,2,63,38,50,47,68,78,"193cm | 6'4""",0,-,-,Dundee United,Scotland
Jean-Daniel Padovani,69,GK,,0,1.0,2,73,70,63,74,31,66,"182cm | 6'0""",0,-,-,Dijon FCO,France
Francesco Ruopolo,69,ST,,0,3.0,4,74,67,54,62,60,68,"185cm | 6'1""",0,-,-,A. Bergamo,Italy
Leonardo Miglionico,69,CB,,0,2.0,3,68,40,68,56,63,75,"179cm | 5'10""",0,-,-,Livorno,Uruguay
Tiziano Polenghi,69,CB,,0,2.0,3,63,50,55,46,67,79,"182cm | 6'0""",0,-,-,Sassuolo,Italy
Aldo Leão Ramírez,69,CM,,0,3.0,3,69,69,70,70,69,62,"175cm | 5'9""",0,-,-,Monarcas Morelia,Colombia
Issam Jemââ,69,CF,,0,3.0,3,77,66,60,75,56,64,"185cm | 6'1""",0,-,-,Racing Club de Lens,Tunisia
Ronny Heberson Furtado de Araújo,69,LWB,,0,3.0,2,75,74,76,69,67,62,"175cm | 5'9""",0,-,-,Hertha BSC,Brazil
Elimane Coulibaly,69,ST,,0,2.0,3,68,64,50,61,68,68,"190cm | 6'3""",0,-,-,KAA Gent,Senegal
Barragán,69,RB,,0,2.0,3,75,51,61,61,66,68,"182cm | 6'0""",0,-,-,Real Valladolid Club de Fútbol S.A.D.,Spain
Ilijan Micanski,69,ST,,0,3.0,3,71,65,55,71,61,60,"186cm | 6'1""",0,-,-,1. FC Kaiserslautern,Bulgaria
Hugo Ventura Moura Guedes,69,GK,,0,1.0,3,67,68,69,68,21,70,"186cm | 6'1""",0,-,-,Portimão,Portugal
Felix Bastians,69,LB,,0,2.0,3,75,55,64,65,70,67,"188cm | 6'2""",0,-,-,SC Freiburg,Germany
Ibrahim Kaş,69,CB,,0,2.0,2,74,36,41,46,69,68,"183cm | 6'0""",0,-,-,Getafe Club de Fútbol S.A.D.,Turkey
Erhan Güven,69,RWB,,0,3.0,2,78,54,71,69,68,66,"183cm | 6'0""",0,-,-,Beşiktaş JK,Turkey
Roman Bednář,69,ST,,0,3.0,3,68,66,54,64,54,73,"190cm | 6'3""",0,-,-,West Bromwich Albion,Czech Republic
Juan Carlos,69,GK,,0,1.0,1,76,63,67,78,42,59,"180cm | 5'11""",0,-,-,Villarreal Club de Fútbol S.A.D.,Spain
De la Bella,69,LB,,0,2.0,3,81,48,65,64,66,65,"180cm | 5'11""",0,-,-,Real Sociedad de Fútbol S.A.D.,Spain
Christophe Grondin,69,CDM,,0,2.0,3,65,49,67,59,69,67,"181cm | 5'11""",0,-,-,KAA Gent,France
Elustondo,69,CM,,0,3.0,3,69,59,74,62,62,62,"182cm | 6'0""",0,-,-,Real Sociedad de Fútbol S.A.D.,Spain
Manuel Fernandez Muñiz,69,GK,,0,1.0,3,67,61,68,73,56,75,"182cm | 6'0""",0,-,-,Real Club Deportivo de La Coruña S.A.D.,Spain
Olberdam de Oliveira Serra,69,CDM,,0,3.0,3,74,63,62,63,70,68,"177cm | 5'10""",0,-,-,Atlético Paranaense,Brazil
Vasilis Pliatsikas,69,CDM,,0,2.0,3,72,53,67,59,66,64,"174cm | 5'9""",0,-,-,FC Schalke 04,Greece
Óscar Trejo,69,LF,,0,3.0,4,77,61,65,73,50,64,"170cm | 5'7""",0,-,-,Rayo Vallecano de Madrid S.A.D.,Argentina
Miles Addison,69,CB,,0,2.0,2,53,30,59,37,68,72,"188cm | 6'2""",0,-,-,Derby County,England
Sone Aluko,69,LW,,0,3.0,3,82,57,56,75,41,46,"173cm | 5'8""",0,-,-,Aberdeen,Nigeria
Gustave Bebbe,69,ST,,0,4.0,3,73,62,58,67,56,76,"179cm | 5'10""",0,-,-,Kasımpaşa SK,Cameroon
Chadli Amri,69,LM,,0,3.0,4,83,59,61,74,48,54,"178cm | 5'10""",0,-,-,1. FC Kaiserslautern,Algeria
Mateus Galiano da Costa,69,ST,,0,3.0,3,84,65,61,71,61,60,"174cm | 5'9""",0,-,-,CD Nacional,Angola
Safet Nadarević,69,CB,,0,2.0,3,64,40,59,51,67,72,"184cm | 6'0""",0,-,-,Eskişehirspor,Bosnia Herzegovina
Dalibor Stevanovič,69,LM,,0,3.0,4,66,68,72,71,53,63,"183cm | 6'0""",0,-,-,Vitesse,Slovenia
Joseph Akpala,69,ST,,0,3.0,3,80,66,49,58,58,72,"185cm | 6'1""",0,-,-,Club Brugge KV,Nigeria
Zlatan Ljubijankic,69,ST,,0,3.0,4,74,65,65,68,63,72,"184cm | 6'0""",0,-,-,KAA Gent,Slovenia
Jean Calvé,69,RB,,0,2.0,3,74,54,64,42,68,68,"183cm | 6'0""",0,-,-,Sheffield United,France
Daniel Kolár,69,CAM,,0,3.0,4,67,68,69,71,62,64,"180cm | 5'11""",0,-,-,Viktoria Plzeň ,Czech Republic
Pontus Wernbloom,69,CM,,0,2.0,2,69,64,67,56,71,78,"186cm | 6'1""",0,-,-,AZ Alkmaar,Sweden
Daniel Larsson,69,ST,,0,2.0,4,90,62,57,70,59,60,"176cm | 5'9""",0,-,-,Malmö FF,Sweden
Michael Beauchamp,69,CB,,0,2.0,3,62,31,42,36,71,74,"191cm | 6'3""",0,-,-,Melbourne Heart FC,Australia
Tobias Werner,69,LW,,0,3.0,3,76,64,65,67,54,58,"177cm | 5'10""",0,-,-,FC Augsburg,Germany
Frédéric Nimani,69,ST,,0,2.0,3,74,67,55,59,58,81,"191cm | 6'3""",0,-,-,FC Nantes,France
Gustav Svensson,69,CDM,,0,2.0,3,63,62,60,55,67,66,"183cm | 6'0""",0,-,-,Bursaspor,Sweden
Manuel da Costa,69,CB,,0,2.0,3,66,24,35,59,68,72,"190cm | 6'3""",0,-,-,West Ham United,Portugal
Robbert Schilder,69,LWB,,0,3.0,3,71,70,69,72,66,54,"178cm | 5'10""",0,-,-,NAC Breda,Netherlands
Bruno Coutinho Martins,69,CM,,0,4.0,3,68,61,66,73,58,60,"184cm | 6'0""",0,-,-,Polonia Warszawa,Brazil
Wilmer Aguirre,69,ST,,0,4.0,3,74,67,61,71,61,64,"168cm | 5'6""",0,-,-,San Luis,Peru
Daniele Capelli,69,CB,,0,2.0,3,72,47,55,53,66,69,"186cm | 6'1""",0,-,-,A. Bergamo,Italy
Kévin Constant,69,CAM,,0,2.0,4,59,64,77,72,66,60,"184cm | 6'0""",0,-,-,Chievo Verona,Guinea
Claudino Bezerra da Silva,69,CB,,0,2.0,3,69,37,45,40,65,77,"186cm | 6'1""",0,-,-,Hertha BSC,Brazil
Gianvito Plasmati,69,ST,,0,2.0,3,68,64,55,63,66,78,"198cm | 6'6""",0,-,-,Catania,Italy
Diego Biseswar,69,LW,,0,4.0,4,76,70,57,75,52,58,"171cm | 5'7""",0,-,-,Feyenoord,Netherlands
Giannis Arabatzis,69,GK,,0,1.0,3,71,67,69,69,37,71,"190cm | 6'3""",0,-,-,AEK Athens,Greece
Karel Piták,69,CAM,,0,3.0,3,66,62,71,72,65,64,"182cm | 6'0""",0,-,-,FK Baumit Jablonec,Czech Republic
Juan Carlos Silva,69,LM,,0,2.0,2,73,63,67,68,70,54,"172cm | 5'8""",0,-,-,América,Mexico
Federico Peluso,69,CB,,0,2.0,2,71,45,62,51,64,72,"186cm | 6'1""",0,-,-,A. Bergamo,Italy
Keith Treacy,69,LM,,0,3.0,4,75,64,65,73,54,60,"183cm | 6'0""",0,-,-,Preston North End,Republic of Ireland
Valeri Domovchiyski,69,CF,,0,3.0,3,71,64,49,70,56,66,"180cm | 5'11""",0,-,-,Hertha BSC,Bulgaria
Xavi Torres,69,CDM,,0,2.0,3,68,61,67,61,69,65,"184cm | 6'0""",0,-,-,Levante Unión Deportiva S.A.D.,Spain
Mulumbu,69,CDM,,0,2.0,4,70,47,67,63,70,66,"177cm | 5'10""",0,-,-,West Bromwich Albion,DR Congo
Pavel Fořt,69,ST,,0,3.0,4,69,65,50,64,56,76,"187cm | 6'2""",0,-,-,Arminia Bielefeld,Czech Republic
Omar Cummings,69,ST,,0,3.0,3,85,66,55,67,56,64,"178cm | 5'10""",0,-,-,Colorado Rapids,Jamaica
Tomáš Rada,69,CB,,0,2.0,2,68,62,54,62,69,68,"188cm | 6'2""",0,-,-,Viktoria Plzeň ,Czech Republic
Éverton Cardoso da Silva,69,LM,,0,4.0,2,75,66,63,72,56,60,"172cm | 5'8""",0,-,-,Tigres U.A.N.L.,Brazil
Saša Ognenovski,69,CB,,0,2.0,3,55,54,49,37,66,76,"195cm | 6'5""",0,-,-,Seongnam Ilhwa Chunma,Australia
Marek Matějovský,69,CM,,0,4.0,5,65,72,68,72,59,54,"178cm | 5'10""",0,-,-,Sparta Praha,Czech Republic
Petr Benát,69,CAM,,0,3.0,3,75,65,71,70,56,48,"184cm | 6'0""",0,-,-,Dynamo České Budějovice,Czech Republic
Pavel Krmaš,69,CB,,0,2.0,3,65,56,58,49,67,74,"193cm | 6'4""",0,-,-,SC Freiburg,Czech Republic
Vít Baránek,69,GK,,0,1.0,2,66,71,51,67,38,76,"190cm | 6'3""",0,-,-,Baník Ostrava,Czech Republic
Tomáš Janů,69,LB,,0,2.0,4,64,57,74,67,69,66,"174cm | 5'9""",0,-,-,FK Ústí nad Labem,Czech Republic
Jiří Bílek,69,CDM,,0,2.0,4,66,57,66,60,68,70,"185cm | 6'1""",0,-,-,1. FC Kaiserslautern,Czech Republic
Daniel Pudil,69,LM,,0,3.0,2,76,68,67,67,63,62,"185cm | 6'1""",0,-,-,KRC Genk,Czech Republic
Michael Almebäck,69,CB,,0,2.0,3,84,42,52,48,70,65,"184cm | 6'0""",0,-,-,Örebro SK,Sweden
Philip Haglund,69,CDM,,0,3.0,2,66,60,66,62,70,66,"188cm | 6'2""",0,-,-,sc Heerenveen,Sweden
Albin Ekdal,69,CM,,0,3.0,3,71,59,65,69,65,63,"186cm | 6'1""",0,-,-,Bologna,Sweden
Thiago Heleno Ferreira,69,CB,,0,2.0,2,76,30,28,34,68,64,"185cm | 6'1""",0,-,-,Corinthians,Brazil
Rasmus Bengtsson,69,CB,,0,2.0,3,62,41,58,51,67,73,"186cm | 6'1""",0,-,-,FC Twente,Sweden
Mile Jedinák,69,CDM,,0,2.0,3,66,64,71,62,70,60,"189cm | 6'2""",0,-,-,Gençlerbirliği SK,Australia
Johann Carrasso,69,GK,,0,1.0,2,70,67,66,74,39,71,"188cm | 6'2""",0,-,-,Stade Rennais FC,France
Djamel Bakar,69,ST,,0,3.0,3,76,64,51,67,46,66,"171cm | 5'7""",0,-,-,A.S. Nancy Lorraine,France
Antonio Rukavina,69,RWB,,0,2.0,3,76,42,65,66,65,64,"177cm | 5'10""",0,-,-,TSV 1860 München,Serbia
Andrius Velička,69,ST,,0,3.0,3,65,67,54,68,54,70,"183cm | 6'0""",0,-,-,Aberdeen,Lithuania
Daniel Lopes da Silva,69,CAM,,0,4.0,4,65,61,63,73,47,52,"173cm | 5'8""",0,-,-,Kalmar FF,Brazil
Wolfgang Hesl,69,GK,,0,1.0,2,72,66,71,73,54,65,"186cm | 6'1""",0,-,-,SV Josko Fenst. Ried,Germany
José Manuel Casado Bizcocho,69,LB,,0,2.0,3,76,54,64,63,68,63,"173cm | 5'8""",0,-,-,Rayo Vallecano de Madrid S.A.D.,Spain
Bruno Cortez Cardoso,69,GK,,0,1.0,2,70,68,64,66,28,70,"195cm | 6'5""",0,-,-,Palmeiras,Brazil
Dario Vidosic,69,LW,,0,3.0,4,74,63,67,68,60,56,"185cm | 6'1""",0,-,-,1. FC Nürnberg,Australia
Jay Spearing,69,CM,,0,2.0,3,68,60,68,65,70,62,"168cm | 5'6""",0,-,-,Liverpool,England
Srdjan Baljak,69,ST,,0,3.0,3,76,66,58,69,54,66,"179cm | 5'10""",0,-,-,MSV Duisburg,Serbia
Modibo Maïga,69,ST,,0,3.0,4,75,70,42,70,42,59,"185cm | 6'1""",0,-,-,FC Sochaux-Montbéliard,Mali
Richard Sukuta-Pasu,69,ST,,0,3.0,3,82,66,54,67,61,62,"190cm | 6'3""",0,-,-,FC St. Pauli,Germany
Damien Plessis,69,CDM,,0,2.0,2,64,57,68,64,67,72,"193cm | 6'4""",0,-,-,Panathinaikos FC,France
Giuseppe Bellusci,69,CB,,0,2.0,2,75,46,52,48,66,68,"185cm | 6'1""",0,-,-,Catania,Italy
Paulo Henrique,69,CF,,0,4.0,4,74,67,54,73,57,74,"180cm | 5'11""",0,-,-,KVC Westerlo,Brazil
Stef Nijland,69,LW,,0,3.0,4,78,64,57,70,52,63,"187cm | 6'2""",0,-,-,PSV,Netherlands
Aurélien Collin,69,CB,,0,2.0,3,67,46,54,52,67,78,"185cm | 6'1""",0,-,-,Vitória de Setúbal,France
Ádám Szalai,69,ST,,0,3.0,4,66,66,51,69,58,74,"193cm | 6'4""",0,-,-,1. FSV Mainz 05,Hungary
Wellington,69,ST,,0,3.0,4,74,64,58,70,53,74,"187cm | 6'2""",0,-,-,Fortuna Düsseldorf,Brazil
Guilherme Oliveira Santos,69,LWB,,0,3.0,3,82,53,60,72,68,60,"173cm | 5'8""",0,-,-,Real Valladolid Club de Fútbol S.A.D.,Brazil
Bia,69,CAM,,0,3.0,4,73,66,64,76,56,58,"176cm | 5'9""",0,-,-,Wolverhampton Wanderers,Belgium
Daniel Beichler,69,CF,,0,3.0,3,70,65,65,73,57,58,"182cm | 6'0""",0,-,-,Hertha BSC,Austria
Marc Crosas Luque,69,CM,,0,3.0,4,66,58,70,69,63,58,"173cm | 5'8""",0,-,-,Celtic,Spain
Levan Kenia,69,CAM,,0,4.0,4,78,56,72,75,52,52,"176cm | 5'9""",0,-,-,FC Schalke 04,Georgia
Danny Welbeck,69,CF,,0,3.0,3,80,68,53,70,48,64,"185cm | 6'1""",0,-,-,Sunderland,England
Wojciech Szczesny,69,GK,,0,1.0,3,74,60,56,80,50,63,"195cm | 6'5""",0,-,-,Arsenal,Poland
Sanchez Watt,69,LW,,0,3.0,4,80,53,64,71,57,51,"181cm | 5'11""",0,-,-,Leeds United,England
Konstantin Rausch,69,LM,,0,2.0,4,75,45,68,68,68,48,"182cm | 6'0""",0,-,-,Hannover 96,Germany
Geert Arend Roorda,69,CM,,0,3.0,3,68,63,64,71,67,69,"191cm | 6'3""",0,-,-,sc Heerenveen,Netherlands
Denilson Gabionetta,69,RW,,0,4.0,4,71,66,60,72,56,64,"178cm | 5'10""",0,-,-,Grosseto,Brazil
Niall McGinn,69,RW,,0,2.0,3,82,58,58,74,45,46,"183cm | 6'0""",0,-,-,Celtic,Northern Ireland
Mihael Kovačević,69,CB,,0,2.0,2,62,30,54,34,63,74,"192cm | 6'4""",0,-,-,Dundee United,Switzerland
Ilkay Gündogan,69,CM,,0,3.0,3,70,66,68,74,60,64,"180cm | 5'11""",0,-,-,1. FC Nürnberg,Germany
Tomislav Dujmovic,69,CDM,,0,2.0,4,71,65,72,68,67,62,"188cm | 6'2""",0,-,-,Dinamo Moskva,Croatia
Alan Gatagov,69,LM,,0,3.0,3,69,46,69,66,63,60,"180cm | 5'11""",0,-,-,Lokomotiv Moskva,Russia
Pavel Mamaev,69,CM,,0,2.0,3,75,62,73,69,65,62,"178cm | 5'10""",0,-,-,CSKA Moskva,Russia
Kanu,69,CAM,,0,2.0,2,66,67,65,74,61,65,"193cm | 6'4""",0,-,-,RSC Anderlecht,Brazil
Bakary Sare,69,CDM,,0,2.0,3,74,49,60,64,69,68,"182cm | 6'0""",0,-,-,Rosenborg BK,Ivory Coast
Oscar,69,CAM,,0,4.0,3,77,63,67,76,49,55,"179cm | 5'10""",0,-,-,I. Porto Alegre,Brazil
José Baxter,69,CF,,0,3.0,3,74,69,62,71,50,57,"179cm | 5'10""",0,-,-,Everton,England
Rodrigo Pereira Possebon,69,CM,,0,3.0,4,74,57,70,72,64,53,"180cm | 5'11""",0,-,-,Santos,Brazil
Lautaro Acosta,69,CF,,0,3.0,3,80,62,59,69,51,66,"168cm | 5'6""",0,-,-,Sevilla Fútbol Club S.A.D.,Argentina
Libor Kozák,69,ST,,0,2.0,3,71,62,36,67,57,79,"192cm | 6'4""",0,-,-,Lazio,Czech Republic
Oussama Assaidi,69,LW,,0,3.0,4,78,60,54,74,48,45,"178cm | 5'10""",0,-,-,sc Heerenveen,Morocco
Taner Yalcin,69,CAM,,0,3.0,3,63,63,66,72,57,54,"184cm | 6'0""",0,-,-,1. FC Köln,Germany
Salomón Rondón,69,ST,,0,3.0,4,73,62,45,66,59,76,"188cm | 6'2""",0,-,-,Málaga Club de Fútbol S.A.D.,Venezuela
Marcus Plínio Diniz Paixão,69,CB,,0,2.0,3,72,44,42,44,68,68,"182cm | 6'0""",0,-,-,KAS Eupen,Brazil
Andrea Rispoli,69,RWB,,0,2.0,3,74,59,66,60,70,72,"187cm | 6'2""",0,-,-,Lecce,Italy
Lúcio Teófilo da Silva,69,ST,,0,3.0,3,73,63,49,66,58,71,"184cm | 6'0""",0,-,-,GyeongNam FC,Brazil
Marko Vejinovic,69,CM,,0,3.0,3,69,66,66,69,62,58,"186cm | 6'1""",0,-,-,Heracles Almelo,Netherlands
Migjen Basha,69,CM,,0,2.0,3,69,64,66,66,65,60,"180cm | 5'11""",0,-,-,A. Bergamo,Switzerland
Moestafa El Kabir,69,CF,,0,4.0,2,77,67,53,65,57,62,"174cm | 5'9""",0,-,-,Mjällby AIF ,Netherlands
Marwin Hitz,69,GK,,0,1.0,3,72,66,58,74,51,67,"192cm | 6'4""",0,-,-,VfL Wolfsburg,Switzerland
Nile Ranger,69,ST,,0,3.0,3,73,67,40,69,44,60,"188cm | 6'2""",0,-,-,Newcastle United,England
Yassine El Ghanassy,69,LW,,0,4.0,3,77,58,62,78,46,52,"175cm | 5'9""",0,-,-,KAA Gent,Belgium
Omar Gonzalez,69,CB,,0,2.0,3,60,38,48,45,67,76,"196cm | 6'5""",0,-,-,Los Angeles Galaxy,United States
Steve Zakuani,69,LM,,0,3.0,4,90,62,58,66,54,62,"183cm | 6'0""",0,-,-,Seattle Sounders FC,DR Congo
Stefan Frei,69,GK,,0,1.0,2,71,69,76,68,42,70,"191cm | 6'3""",0,-,-,Toronto FC,Switzerland
Isaac Brizuela,69,RW,,0,4.0,3,82,61,58,72,53,54,"171cm | 5'7""",0,-,-,Toluca,Mexico
Mike Frantz,69,LM,,0,2.0,5,76,64,65,69,68,64,"180cm | 5'11""",0,-,-,1. FC Nürnberg,Germany
Werley Ananias da Silva,69,CB,,0,2.0,3,72,45,51,52,69,66,"184cm | 6'0""",0,-,-,Atlético Mineiro,Brazil
Daley Blind,69,RWB,,0,3.0,4,75,51,66,68,67,66,"180cm | 5'11""",0,-,-,Ajax,Netherlands
Alex Sandro,69,LB,,0,3.0,3,81,67,68,78,71,64,"178cm | 5'10""",0,-,-,Santos,Brazil
Dídac Vilà,69,CB,,0,2.0,3,69,27,52,50,69,68,"184cm | 6'0""",0,-,-,R.C.D. Espanyol de Barcelona S.A.D.,Spain
Cristóbal Márquez Crespo,69,CM,,0,3.0,3,69,70,70,66,63,58,"180cm | 5'11""",0,-,-,Villarreal Club de Fútbol S.A.D.,Spain
Henrique A. C. Nascentes,69,ST,,0,3.0,3,74,65,51,70,59,64,"177cm | 5'10""",0,-,-,Salvador,Brazil
Mamadou Tall,69,CB,,0,2.0,3,79,21,39,32,70,57,"185cm | 6'1""",0,-,-,"União de Leiria, SAD",Burkina Faso
Vitor Manuel A. G. da Costa,69,ST,,0,4.0,3,77,64,60,71,54,74,"176cm | 5'9""",0,-,-,S.C. Olhanense,Cape Verde Islands
Emmanuel Badu,69,CM,,0,2.0,3,75,64,71,65,68,64,"173cm | 5'8""",0,-,-,Udinese,Ghana
Mato Jajalo,69,CM,,0,3.0,2,68,59,67,70,64,67,"182cm | 6'0""",0,-,-,1. FC Köln,Croatia
Roberto López Esquiroz,69,CM,,0,3.0,4,67,60,70,68,66,64,"180cm | 5'11""",0,-,-,Club Atlético Osasuna,Spain
Iván Santiago Perez Maceira,69,LF,,0,3.0,3,77,65,67,73,58,61,"171cm | 5'7""",0,-,-,Sociedad Deportiva Ponferradina S.A.D,Spain
Mensur Mujdza,69,RB,,0,2.0,3,76,64,69,66,69,66,"184cm | 6'0""",0,-,-,SC Freiburg,Croatia
Stefán Magnússon,69,GK,,0,1.0,3,67,69,69,73,36,71,"193cm | 6'4""",0,-,-,Lillestrøm SK,Iceland
Emidio Rafael Augusto Silva,69,LB,,0,3.0,2,75,57,70,64,70,62,"182cm | 6'0""",0,-,-,FC Porto,Portugal
Diego Renan de Lima Ferreira,69,RWB,,0,3.0,4,77,65,69,72,68,56,"172cm | 5'8""",0,-,-,Cruzeiro,Brazil
Joel Obi,69,RW,,0,3.0,2,84,49,61,75,50,51,"177cm | 5'10""",0,-,-,Inter,Nigeria
Xherdan Shaqiri,69,LM,,0,4.0,4,71,64,63,72,64,50,"169cm | 5'7""",0,-,-,FC Basel 1893,Switzerland
Manuel Schmiedebach,69,CDM,,0,3.0,4,71,50,71,61,69,54,"170cm | 5'7""",0,-,-,Hannover 96,Germany
André Pinto,69,CB,,0,2.0,3,67,52,49,47,69,71,"192cm | 6'4""",0,-,-,Portimão,Portugal
Diego Contento,69,LB,,0,3.0,3,82,50,68,69,66,61,"176cm | 5'9""",0,-,-,Bayern München,Germany
Jagoš Vukovic,69,CB,,0,2.0,3,62,47,56,47,72,68,"194cm | 6'4""",0,-,-,PSV,Serbia
Riccardo Perpetuini,69,CM,,0,3.0,3,77,54,69,68,62,57,"173cm | 5'8""",0,-,-,Lazio,Italy
Stefan de Vrij,69,RB,,0,3.0,3,71,42,63,58,67,68,"188cm | 6'2""",0,-,-,Feyenoord,Netherlands
Juan Robledo,69,CB,,0,2.0,3,55,28,33,38,70,80,"196cm | 6'5""",0,-,-,Mjällby AIF ,Chile
Robbie Fowler,68,ST,,0,3.0,3,53,73,48,65,50,60,"180cm | 5'11""",0,-,-,Perth Glory FC,England
Sigurd Rushfeldt,68,ST,,0,2.0,4,73,65,58,57,59,80,"190cm | 6'3""",0,-,-,Tromsø IL,Norway
Fredrik Winsnes,68,CM,,0,3.0,2,71,64,67,66,60,49,"173cm | 5'8""",0,-,-,Rosenborg BK,Norway
Frank Fahrenhorst,68,CB,,0,,3,59,35,47,33,67,80,"190cm | 6'3""",0,-,-,FC Schalke 04,Germany
Tim de Cler,68,LB,,0,2.0,3,71,56,64,65,69,66,"179cm | 5'10""",0,-,-,Feyenoord,Netherlands
Robbie Savage,68,CM,,0,3.0,4,60,62,72,60,71,70,"183cm | 6'0""",0,-,-,Derby County,Wales
Paul Gallacher,68,GK,,0,1.0,3,67,68,63,69,46,69,"183cm | 6'0""",0,-,-,St. Mirren,Scotland
Antonio Filippini,68,CM,,0,,3,73,53,70,69,62,51,"168cm | 5'6""",0,-,-,Brescia,Italy
Árni Gautur Arason,68,GK,,0,1.0,2,65,62,60,71,72,71,"187cm | 6'2""",0,-,-,Odd Grenland,Iceland
Khalid Sinouh,68,GK,,0,1.0,3,70,66,58,66,52,71,"192cm | 6'4""",0,-,-,FC Utrecht,Morocco
Nourdin Boukhari,68,LM,,0,2.0,3,66,70,68,70,56,52,"188cm | 6'2""",0,-,-,Wisła Kraków,Morocco
Santi Kolk,68,CF,,0,3.0,3,75,65,63,68,57,66,"180cm | 5'11""",0,-,-,1. FC Union Berliln,Netherlands
Jan Kromkamp,68,RB,,0,2.0,3,70,51,69,71,66,66,"188cm | 6'2""",0,-,-,PSV,Netherlands
Nicolai Stokholm,68,CM,,0,2.0,3,68,67,71,56,69,66,"182cm | 6'0""",0,-,-,FC Nordsjælland,Denmark
Michel Breuer,68,CB,,0,2.0,2,66,41,56,47,65,69,"183cm | 6'0""",0,-,-,sc Heerenveen,Netherlands
Chris Porter,68,ST,,0,3.0,3,66,64,53,63,60,76,"185cm | 6'1""",0,-,-,Derby County,England
Steve Howard,68,ST,,0,3.0,3,56,67,48,57,70,86,"191cm | 6'3""",0,-,-,Leicester City,England
Matt Gilks,68,GK,,0,1.0,3,67,66,64,72,44,71,"185cm | 6'1""",0,-,-,Blackpool,Scotland
Chris Weale,68,GK,,0,1.0,2,68,74,61,71,56,68,"188cm | 6'2""",0,-,-,Leicester City,England
Thomas Kleine,68,CB,,0,2.0,2,61,44,50,29,69,76,"191cm | 6'3""",0,-,-,SpVgg Greuther Fürth,Germany
Rickie Lambert,68,ST,,0,2.0,4,64,71,44,55,58,77,"188cm | 6'2""",0,-,-,Southampton,England
Clinton Morrison,68,ST,,0,3.0,3,69,65,51,63,59,66,"178cm | 5'10""",0,-,-,Sheffield Wednesday,Republic of Ireland
Stephen Pearson,68,LM,,0,3.0,3,77,62,64,67,60,60,"185cm | 6'1""",0,-,-,Derby County,Scotland
Pablo Mastroeni,68,CDM,,0,2.0,4,67,53,51,61,71,71,"178cm | 5'10""",0,-,-,Colorado Rapids,United States
Simon Cziommer,68,CAM,,0,3.0,3,67,68,70,69,63,54,"176cm | 5'9""",0,-,-,FC Red Bull Salzburg,Germany
Noel Hunt,68,ST,,0,3.0,3,73,65,38,68,53,74,"173cm | 5'8""",0,-,-,Reading,Republic of Ireland
Matt Reis,68,GK,,0,1.0,4,67,66,79,66,60,70,"185cm | 6'1""",0,-,-,New England Revolution,United States
Jimmy Conrad,68,CB,,0,2.0,4,61,46,48,50,67,77,"188cm | 6'2""",0,-,-,Kansas City Wizards,United States
Michael Lamey,68,RB,,0,2.0,3,77,40,64,62,66,72,"186cm | 6'1""",0,-,-,Leicester City,Netherlands
Artur Wichniarek,68,ST,,0,3.0,4,71,68,59,70,52,64,"183cm | 6'0""",0,-,-,Lech Poznań,Poland
Michael Dingsdag,68,CB,,0,2.0,3,65,52,58,51,66,74,"185cm | 6'1""",0,-,-,FC Sion,Netherlands
Clint Hill,68,CB,,0,2.0,2,61,29,34,35,69,74,"183cm | 6'0""",0,-,-,Queens Park Rangers,England
Brian Stock,68,CM,,0,3.0,3,66,67,69,67,63,57,"180cm | 5'11""",0,-,-,Doncaster Rovers,Wales
Gary Taylor-Fletcher,68,RM,,0,3.0,2,79,67,64,64,58,66,"183cm | 6'0""",0,-,-,Blackpool,England
Woon Jae Lee,68,GK,,0,1.0,3,65,72,67,69,22,71,"182cm | 6'0""",0,-,-,Suwon Samsung Bluewings,Korea Republic
Mattias Lindström,68,RM,,0,3.0,3,71,69,65,64,61,36,"180cm | 5'11""",0,-,-,Helsingborgs IF,Sweden
Sharbel Touma,68,LW,,0,3.0,5,69,69,66,67,52,49,"178cm | 5'10""",0,-,-,Djurgårdens IF,Sweden
Andreas Johansson,68,CDM,,0,2.0,3,59,58,67,51,66,70,"184cm | 6'0""",0,-,-,VfL Bochum,Sweden
Bas Sibum,68,CM,,0,3.0,4,63,63,69,60,67,76,"180cm | 5'11""",0,-,-,N.E.C.,Netherlands
Stephen Crainey,68,LB,,0,2.0,2,73,51,64,60,64,59,"176cm | 5'9""",0,-,-,Blackpool,Scotland
Marino Biliskov,68,CB,,0,2.0,3,58,48,55,54,69,74,"195cm | 6'5""",0,-,-,SpVgg Greuther Fürth,Croatia
Hans Henrik Andreasen,68,CM,,0,3.0,3,60,55,68,47,69,78,"183cm | 6'0""",0,-,-,Odense Boldklub,Denmark
Bobby Convey,68,LM,,0,3.0,3,72,59,66,67,58,52,"175cm | 5'9""",0,-,-,San Jose Earthquakes,United States
Daniel Gygax,68,RW,,0,4.0,3,84,63,55,66,53,56,"179cm | 5'10""",0,-,-,FC Luzern,Switzerland
Mikael Nilsson,68,RB,,0,3.0,3,73,56,62,72,67,65,"182cm | 6'0""",0,-,-,Brøndby IF,Sweden
Miika Koppinen,68,CB,,0,2.0,4,73,52,50,38,68,70,"188cm | 6'2""",0,-,-,Tromsø IL,Finland
Ian Murray,68,CB,,0,2.0,3,60,37,64,60,68,70,"183cm | 6'0""",0,-,-,Hibernian,Scotland
André Luiz Moreira,68,CM,,0,2.0,3,70,67,67,66,70,68,"183cm | 6'0""",0,-,-,San Jose Earthquakes,Brazil
Davide Baiocco,68,CM,,0,3.0,3,70,63,70,73,64,58,"172cm | 5'8""",0,-,-,Brescia,Italy
Daniele Cacia,68,ST,,0,3.0,2,73,64,56,62,57,76,"183cm | 6'0""",0,-,-,Piacenza,Italy
André Muri,68,CB,,0,2.0,3,69,37,53,38,68,79,"190cm | 6'3""",0,-,-,Vålerenga Fotball,Norway
Arkadiusz Onyszko,68,GK,,0,1.0,2,67,61,73,72,38,70,"186cm | 6'1""",0,-,-,Polonia Warszawa,Poland
Boldizsár Bodor,68,LM,,0,3.0,4,66,70,68,64,65,70,"178cm | 5'10""",0,-,-,Roda JC,Hungary
Alexander Farnerud,68,CAM,,0,4.0,2,74,66,71,71,55,64,"181cm | 5'11""",0,-,-,Brøndby IF,Sweden
Mario Raimondi,68,LM,,0,3.0,3,67,65,68,71,58,70,"182cm | 6'0""",0,-,-,BSC Young Boys,Switzerland
Peter Hlinka,68,CDM,,0,2.0,4,64,59,59,65,66,72,"191cm | 6'3""",0,-,-,FK Austria Wien,Slovakia
Aníbal Matellán,68,CB,,0,2.0,3,64,42,52,55,67,68,"183cm | 6'0""",0,-,-,San Luis,Argentina
Gilberto Martínez,68,RB,,0,3.0,3,70,52,62,47,66,63,"174cm | 5'9""",0,-,-,Brescia,Costa Rica
Lee Carsley,68,CDM,,0,2.0,3,61,58,68,49,68,68,"178cm | 5'10""",0,-,-,Coventry City,Republic of Ireland
Yoann Poulard,68,CB,,0,2.0,3,55,41,59,45,65,69,"191cm | 6'3""",0,-,-,AC Ajaccio,France
Frédéric Thomas,68,CDM,,0,2.0,4,66,64,73,66,70,70,"180cm | 5'11""",0,-,-,Lemans FC,France
James Fanchone,68,RW,,0,3.0,4,75,66,65,67,51,75,"182cm | 6'0""",0,-,-,FC Lorient Bretagne Sud,France
Edwin de Graaf,68,RM,,0,3.0,3,69,66,64,66,67,64,"185cm | 6'1""",0,-,-,Hibernian,Netherlands
Simon Mensing,68,CDM,,0,2.0,3,47,46,61,69,70,75,"183cm | 6'0""",0,-,-,Hamilton Academicals,England
Ibrahima Bangoura,68,RW,,0,,3,74,59,66,70,50,45,"172cm | 5'8""",0,-,-,Konyaspor,Guinea
Fernando Macedo da Silva,68,LM,,0,3.0,3,77,63,70,72,60,50,"186cm | 6'1""",0,-,-,Club Deportivo Numancia de Soria S.A.D. ,Spain
Camacho,68,CAM,,0,3.0,3,67,71,67,67,64,60,"181cm | 5'11""",0,-,-,Sociedad Deportiva Huesca S.A.D.,Spain
Jamel Aït Ben Idir,68,CDM,,0,2.0,3,65,48,57,62,73,58,"173cm | 5'8""",0,-,-,AC Arles Avignon,France
Danny Coyne,68,GK,,0,1.0,3,68,66,68,64,59,73,"183cm | 6'0""",0,-,-,Middlesbrough,Wales
André Filipe Monteiro Vilas Boas,68,CDM,,0,2.0,3,67,50,60,58,71,68,"183cm | 6'0""",0,-,-,C. Funchal,Portugal
Nando Rafael,68,ST,,0,3.0,4,74,64,59,70,56,63,"180cm | 5'11""",0,-,-,FC Augsburg,Germany
Filipe Vilaça Oliveira,68,RWB,,0,3.0,3,76,55,66,65,65,62,"177cm | 5'10""",0,-,-,F. Torino,Portugal
Garry Monk,68,CB,,0,2.0,3,59,21,47,36,66,77,"183cm | 6'0""",0,-,-,Swansea City,England
Jamie Ashdown,68,GK,,0,1.0,2,70,68,67,68,51,65,"188cm | 6'2""",0,-,-,Portsmouth,England
Lars Hirschfeld,68,GK,,0,1.0,3,64,68,65,73,20,67,"190cm | 6'3""",0,-,-,Vålerenga Fotball,Canada
Lee Cook,68,LM,,0,3.0,3,68,61,69,68,64,61,"175cm | 5'9""",0,-,-,Queens Park Rangers,England
Lloyd Doyley,68,RB,,0,2.0,2,80,33,61,49,69,64,"178cm | 5'10""",0,-,-,Watford,England
Marcus Tudgay,68,CF,,0,3.0,3,75,63,58,66,57,82,"175cm | 5'9""",0,-,-,Sheffield Wednesday,England
Richard Hughes,68,CDM,,0,2.0,3,71,53,51,55,73,56,"183cm | 6'0""",0,-,-,Portsmouth,Scotland
Laurent Delorge,68,RM,,0,3.0,2,79,58,67,65,64,57,"179cm | 5'10""",0,-,-,Roda JC,Belgium
David Healy,68,ST,,0,2.0,3,67,72,51,59,51,63,"176cm | 5'9""",0,-,-,Sunderland,Northern Ireland
Carsten Rothenbach,68,RB,,0,2.0,3,73,59,68,62,68,70,"184cm | 6'0""",0,-,-,FC St. Pauli,Germany
Andreas Görlitz,68,RWB,,0,2.0,3,67,58,70,68,67,64,"179cm | 5'10""",0,-,-,FC Ingolstadt 04,Germany
Claudio Terzi,68,RB,,0,2.0,3,67,46,54,48,64,64,"180cm | 5'11""",0,-,-,Siena,Italy
Marco Pisano,68,LB,,0,2.0,2,75,49,66,62,64,60,"174cm | 5'9""",0,-,-,Parma,Italy
Ivica Grlić,68,CDM,,0,2.0,4,61,69,68,71,70,56,"187cm | 6'2""",0,-,-,MSV Duisburg,Bosnia Herzegovina
Florian Heller,68,RB,,0,3.0,4,75,61,69,68,66,62,"179cm | 5'10""",0,-,-,1. FSV Mainz 05,Germany
Riccardo Taddei,68,LF,,0,3.0,4,76,65,63,73,58,55,"171cm | 5'7""",0,-,-,Brescia,Italy
Gerald Sibon,68,ST,,0,2.0,3,57,70,56,61,61,72,"196cm | 6'5""",0,-,-,Melbourne Heart FC,Netherlands
Philipp Bönig,68,LB,,0,2.0,2,70,48,64,57,66,68,"178cm | 5'10""",0,-,-,VfL Bochum,Germany
Trond Erik Bertelsen,68,LWB,,0,3.0,3,77,55,69,48,70,65,"174cm | 5'9""",0,-,-,Viking FK,Norway
Julien François,68,CDM,,0,2.0,3,70,53,65,61,66,68,"192cm | 6'4""",0,-,-,Havre Athletic Club,France
Cyrille Merville,68,GK,,0,1.0,3,69,70,68,68,46,70,"179cm | 5'10""",0,-,-,AC Arles Avignon,France
Markus Thorandt,68,CB,,0,2.0,3,67,44,62,49,66,71,"187cm | 6'2""",0,-,-,FC St. Pauli,Germany
Ignacio Pérez Santamaría,68,LM,,0,3.0,3,76,55,69,65,61,60,"175cm | 5'9""",0,-,-,Real Betis Balompié S.A.D. ,Spain
Dele Adebola,68,ST,,0,3.0,3,67,67,50,62,59,74,"191cm | 6'3""",0,-,-,Nottingham Forest,Nigeria
Gaspar Gálvez Burgos,68,CB,,0,2.0,3,62,45,56,46,69,63,"182cm | 6'0""",0,-,-,Córdoba Club de Fútbol S.A.D.,Spain
Miguel Ángel Ferrer Martínez,68,ST,,0,3.0,4,69,68,56,71,57,70,"184cm | 6'0""",0,-,-,Toronto FC,Spain
Antonio Hidalgo Morilla,68,CAM,,0,2.0,3,66,63,64,65,62,53,"183cm | 6'0""",0,-,-,Club Deportivo Tenerife S.A.D.,Spain
Zsolt Löw,68,LWB,,0,2.0,3,72,52,64,67,69,56,"181cm | 5'11""",0,-,-,1. FSV Mainz 05,Hungary
Ludovic Delporte,68,LM,,0,3.0,3,66,66,69,70,60,58,"178cm | 5'10""",0,-,-,Gimnàstic de Tarragona S.A.D.,France
José Antonio Culebras Arenas,68,CB,,0,2.0,3,67,46,52,50,68,70,"187cm | 6'2""",0,-,-,Club Deportivo Numancia de Soria S.A.D. ,Spain
Rafael Sastre Reus,68,RB,,0,2.0,3,67,51,66,57,68,57,"179cm | 5'10""",0,-,-,Real Sporting de Gijón S.A.D.,Spain
Miguel Alfonso Pérez Aracil,68,RM,,0,3.0,3,81,57,63,70,59,54,"176cm | 5'9""",0,-,-,Levante Unión Deportiva S.A.D.,Spain
Pascal Berenguer,68,CDM,,0,2.0,3,67,52,67,53,69,68,"175cm | 5'9""",0,-,-,A.S. Nancy Lorraine,France
Grégory Malicki,68,GK,,0,1.0,3,71,62,66,72,35,68,"188cm | 6'2""",0,-,-,Angers SCO,France
Charles Itandje,68,GK,,0,1.0,3,71,67,64,73,62,63,"193cm | 6'4""",0,-,-,Liverpool,France
Paul Hayes,68,CF,,0,3.0,3,69,68,60,67,58,68,"183cm | 6'0""",0,-,-,Preston North End,England
Benjamin Gavanon,68,CM,,0,2.0,3,71,58,70,61,71,62,"180cm | 5'11""",0,-,-,A.S. Nancy Lorraine,France
Oliver Kirch,68,RM,,0,2.0,2,73,54,68,66,65,59,"183cm | 6'0""",0,-,-,1. FC Kaiserslautern,Germany
Kwame Quansah,68,CDM,,0,3.0,4,74,60,64,68,68,60,"172cm | 5'8""",0,-,-,Heracles Almelo,Ghana
Veigar Páll Gunnarsson,68,CF,,0,4.0,4,66,73,61,70,51,63,"175cm | 5'9""",0,-,-,Stabæk Fotball,Iceland
Jesús Capitán Prado,68,CAM,,0,3.0,4,61,59,74,71,55,55,"178cm | 5'10""",0,-,-,Xerez Club Deportivo S.A.D.,Spain
Kaspars Gorkšs,68,CB,,0,2.0,4,43,33,53,42,68,68,"191cm | 6'3""",0,-,-,Queens Park Rangers,Latvia
Dušan Djurić,68,LM,,0,3.0,4,69,68,69,71,55,56,"181cm | 5'11""",0,-,-,FC Zürich,Sweden
Alexander Ludwig,68,CAM,,0,2.0,4,74,66,64,70,50,54,"177cm | 5'10""",0,-,-,TSV 1860 München,Germany
Kirk Broadfoot,68,RB,,0,2.0,4,67,30,61,58,67,72,"191cm | 6'3""",0,-,-,Rangers,Scotland
Antonio Ramiro Pérez,68,CF,,0,3.0,3,72,64,63,73,55,55,"178cm | 5'10""",0,-,-,Xerez Club Deportivo S.A.D.,Spain
Francisco Nadal Martorell,68,CF,,0,3.0,4,71,65,63,69,63,65,"181cm | 5'11""",0,-,-,Levante Unión Deportiva S.A.D.,Spain
Gerard Autet Serrabasa,68,CB,,0,2.0,3,64,43,56,51,65,70,"186cm | 6'1""",0,-,-,Xerez Club Deportivo S.A.D.,Spain
Antonio Sánchez de la Calle,68,ST,,0,2.0,3,67,67,50,58,58,70,"184cm | 6'0""",0,-,-,Real Valladolid Club de Fútbol S.A.D.,Spain
Paulo César Arruda Parente,68,RWB,,0,2.0,2,71,68,67,63,65,58,"176cm | 5'9""",0,-,-,Presidente Prudente,Brazil
Do Heon Kim,68,CAM,,0,3.0,4,63,69,66,66,59,50,"177cm | 5'10""",0,-,-,Suwon Samsung Bluewings,Korea Republic
Jin Kyu Kim,68,CB,,0,2.0,4,52,65,48,50,65,72,"183cm | 6'0""",0,-,-,FC Seoul,Korea Republic
Filippo Carobbio,68,CM,,0,3.0,3,69,72,69,64,60,45,"183cm | 6'0""",0,-,-,Siena,Italy
Cristian Raimondi,68,RB,,0,2.0,3,74,60,67,67,68,66,"182cm | 6'0""",0,-,-,A. Bergamo,Italy
Dominik Reinhardt,68,RB,,0,2.0,3,74,36,50,45,67,67,"188cm | 6'2""",0,-,-,FC Augsburg,Germany
Eddie Gaven,68,RM,,0,3.0,4,74,63,61,67,58,70,"183cm | 6'0""",0,-,-,Columbus Crew,United States
Daniel Baier,68,CAM,,0,3.0,3,76,58,70,69,57,62,"175cm | 5'9""",0,-,-,FC Augsburg,Germany
Dario Biasi,68,CB,,0,2.0,2,69,42,32,44,64,68,"180cm | 5'11""",0,-,-,Cagliari,Italy
Oliver Schröder,68,CDM,,0,2.0,4,66,46,54,56,72,70,"183cm | 6'0""",0,-,-,FC Erzgebirge Aue,Germany
Alexander Bugera,68,LWB,,0,2.0,3,73,68,69,65,67,66,"180cm | 5'11""",0,-,-,1. FC Kaiserslautern,Germany
Francesco Benussi,68,GK,,0,1.0,1,71,68,66,73,50,62,"188cm | 6'2""",0,-,-,Palermo,Italy
Kossi Agassa,68,GK,,0,1.0,3,67,67,66,70,67,67,"190cm | 6'3""",0,-,-,Stade de Reims,Togo
Diego Cavalieri,68,GK,,0,1.0,2,66,67,63,72,50,70,"191cm | 6'3""",0,-,-,A.C. Cesena,Brazil
Alessandro Parisi,68,LWB,,0,3.0,2,69,61,65,63,68,65,"184cm | 6'0""",0,-,-,Bari,Italy
Lloyd Sam,68,RW,,0,3.0,4,77,51,64,72,56,44,"173cm | 5'8""",0,-,-,Leeds United,England
Russell Anderson,68,CB,,0,2.0,3,60,39,44,42,68,72,"180cm | 5'11""",0,-,-,Derby County,Scotland
Dean Leacock,68,CB,,0,2.0,3,61,34,49,39,69,75,"189cm | 6'2""",0,-,-,Derby County,England
Arturo Alvarez,68,LM,,0,3.0,3,80,64,58,72,51,52,"175cm | 5'9""",0,-,-,San Jose Earthquakes,El Salvador
Brett Holman,68,RW,,0,3.0,4,76,67,62,70,61,58,"176cm | 5'9""",0,-,-,AZ Alkmaar,Australia
Aleš Urbánek,68,LM,,0,4.0,3,68,67,65,67,65,64,"180cm | 5'11""",0,-,-,1. FC Slovácko,Czech Republic
Civard Sprockel,68,CB,,0,2.0,4,70,32,56,59,67,72,"182cm | 6'0""",0,-,-,Vitesse,Netherlands
José Luis Acciari,68,CDM,,0,2.0,3,58,54,57,50,71,57,"182cm | 6'0""",0,-,-,Elche Club de Fútbol S.A.D.,Argentina
José Antonio Castro,68,RWB,,0,2.0,2,76,53,70,68,66,58,"172cm | 5'8""",0,-,-,Tigres U.A.N.L.,Mexico
Joaquín Beltrán,68,CB,,0,2.0,3,64,44,46,57,62,70,"187cm | 6'2""",0,-,-,Querétaro,Mexico
Ismael Rodríguez,68,CB,,0,2.0,3,70,52,56,61,65,68,"182cm | 6'0""",0,-,-,América,Mexico
Jason Shackell,68,CB,,0,2.0,3,69,34,44,34,64,76,"193cm | 6'4""",0,-,-,Barnsley,England
Evgeniy Aldonin,68,CDM,,0,2.0,4,68,66,71,67,66,62,"179cm | 5'10""",0,-,-,CSKA Moskva,Russia
Goran Lovre,68,CAM,,0,3.0,5,64,64,68,73,62,68,"189cm | 6'2""",0,-,-,Barnsley,Serbia
Andreas Johansson,68,CAM,,0,3.0,3,73,63,62,71,61,62,"179cm | 5'10""",0,-,-,Odense Boldklub,Sweden
Óscar Pérez,68,GK,,0,1.0,3,70,66,62,72,42,66,"172cm | 5'8""",0,-,-,Necaxa,Mexico
Ardian Gashi,68,CM,,0,4.0,3,72,68,62,69,69,59,"172cm | 5'8""",0,-,-,Helsingborgs IF,Norway
Brian Murphy,68,GK,,0,1.0,3,66,72,57,72,34,67,"183cm | 6'0""",0,-,-,Ipswich Town,Republic of Ireland
Ivan Stoyanov,68,CAM,,0,3.0,3,72,62,73,71,54,48,"176cm | 5'9""",0,-,-,Alaniya Vladikavkaz,Bulgaria
Ragnar Klavan,68,LB,,0,2.0,3,70,46,66,61,67,72,"186cm | 6'1""",0,-,-,AZ Alkmaar,Estonia
Dato Kvirkvelia,68,LB,,0,2.0,2,71,49,60,68,66,66,"184cm | 6'0""",0,-,-,Rubin Kazan,Georgia
Erjon Bogdani,68,ST,,0,2.0,3,64,64,51,62,63,80,"191cm | 6'3""",0,-,-,A.C. Cesena,Albania
Michael Duff,68,CB,,0,2.0,2,58,36,49,58,67,68,"185cm | 6'1""",0,-,-,Burnley,Northern Ireland
Edgaras Cesnauskis,68,LM,,0,3.0,3,62,68,71,67,59,63,"182cm | 6'0""",0,-,-,Dinamo Moskva,Lithuania
Radek Černý,68,GK,,0,1.0,2,72,65,55,72,41,64,"187cm | 6'2""",0,-,-,Queens Park Rangers,Czech Republic
Karel D'Haene,68,CB,,0,2.0,3,60,44,62,52,65,69,"184cm | 6'0""",0,-,-,SV Zulte-Waregem,Belgium
Yalçın Ayhan,68,CB,,0,2.0,2,59,32,50,51,70,69,"192cm | 6'4""",0,-,-,Gaziantepspor,Turkey
Marcel Herzog,68,GK,,0,1.0,3,72,65,54,72,46,65,"185cm | 6'1""",0,-,-,MSV Duisburg,Switzerland
Johan Andersson,68,CAM,,0,3.0,4,73,65,64,69,58,56,"188cm | 6'2""",0,-,-,Stabæk Fotball,Sweden
Jon Inge Høiland,68,RB,,0,2.0,3,71,56,58,62,70,69,"187cm | 6'2""",0,-,-,Stabæk Fotball,Norway
David Prieto Gálvez,68,CB,,0,2.0,3,69,42,49,48,67,68,"185cm | 6'1""",0,-,-,Club Deportivo Tenerife S.A.D.,Spain
José Díaz Sánchez,68,CF,,0,2.0,3,74,62,52,71,52,68,"173cm | 5'8""",0,-,-,Córdoba Club de Fútbol S.A.D.,Spain
José María Jiménez Pérez,68,GK,,0,1.0,3,70,64,60,72,46,69,"187cm | 6'2""",0,-,-,Xerez Club Deportivo S.A.D.,Spain
Gonzalo García-García,68,CAM,,0,5.0,5,72,65,64,79,53,45,"182cm | 6'0""",0,-,-,FC Groningen,Spain
Aritz López Garai,68,CDM,,0,2.0,3,61,52,61,50,69,58,"182cm | 6'0""",0,-,-,Real Club Celta de Vigo S.A.D.,Spain
Víctor Manuel Fernández Gutiérrez,68,CF,,0,3.0,3,67,72,63,68,51,56,"166cm | 5'5""",0,-,-,Fútbol Club Cartagena,Spain
Álvaro Mejía Pérez,68,CB,,0,2.0,4,65,43,61,53,66,66,"181cm | 5'11""",0,-,-,AC Arles Avignon,Spain
Haruna Babangida,68,CF,,0,3.0,3,77,68,65,65,61,58,"168cm | 5'6""",0,-,-,1. FSV Mainz 05,Nigeria
Goran Maznov,68,ST,,0,3.0,3,68,69,62,64,57,71,"185cm | 6'1""",0,-,-,Tom Tomsk,FYR Macedonia
Vlad Munteanu,68,LM,,0,3.0,3,67,63,69,70,52,58,"183cm | 6'0""",0,-,-,VfL Wolfsburg,Romania
Vitaliy Grishin,68,LWB,,0,2.0,3,71,56,63,67,66,70,"181cm | 5'11""",0,-,-,Amkar Perm,Russia
Anton Bober,68,CM,,0,3.0,3,64,63,75,71,57,61,"182cm | 6'0""",0,-,-,Krylya Sovetov Samara,Russia
Marcin Wasilewski,68,RB,,0,2.0,3,60,53,58,42,70,68,"186cm | 6'1""",0,-,-,RSC Anderlecht,Poland
Davide Pinto Dias,68,RW,,0,3.0,3,77,60,61,72,56,52,"179cm | 5'10""",0,-,-,Naval 1° de Maio,Portugal
Evgeniy Levchenko,68,CM,,0,3.0,3,66,65,69,64,67,64,"187cm | 6'2""",0,-,-,Willem II,Ukraine
Davy De fauw,68,RB,,0,2.0,3,69,55,68,60,65,62,"185cm | 6'1""",0,-,-,Roda JC,Belgium
Darl Douglas,68,RW,,0,3.0,3,75,58,60,74,58,50,"172cm | 5'8""",0,-,-,Heracles Almelo,Netherlands
Christian Manfredini,68,LM,,0,3.0,3,66,67,67,70,60,62,"180cm | 5'11""",0,-,-,Lazio,Ivory Coast
Antonio Rosati,68,GK,,0,1.0,1,70,62,58,71,46,69,"195cm | 6'5""",0,-,-,Lecce,Italy
Grigoris Makos,68,CDM,,0,3.0,3,72,56,65,60,69,64,"183cm | 6'0""",0,-,-,AEK Athens,Greece
Branko Bošković,68,CAM,,0,3.0,3,66,64,65,70,56,66,"185cm | 6'1""",0,-,-,D.C. United,Montenegro
Adekanmi Olufade,68,ST,,0,3.0,3,79,64,58,72,51,63,"170cm | 5'7""",0,-,-,Royal Charleroi SC,Togo
Dudley Campbell,68,ST,,0,3.0,3,77,64,55,64,50,62,"178cm | 5'10""",0,-,-,Blackpool,England
Simon Poulsen,68,LWB,,0,3.0,2,82,60,61,73,67,63,"184cm | 6'0""",0,-,-,AZ Alkmaar,Denmark
George Elokobi,68,LB,,0,2.0,3,76,47,59,49,76,58,"176cm | 5'9""",0,-,-,Wolverhampton Wanderers,Cameroon
Karim Essediri,68,RM,,0,2.0,3,77,67,68,63,70,57,"185cm | 6'1""",0,-,-,Lillestrøm SK,Tunisia
Nelson Cuevas,68,CF,,0,3.0,4,71,68,49,78,51,52,"173cm | 5'8""",0,-,-,Albacete Balompié S.A.D.,Paraguay
Jakub Wawrzyniak,68,LWB,,0,2.0,2,81,47,64,63,62,66,"188cm | 6'2""",0,-,-,Legia Warszawa,Poland
Morten Moldskred,68,ST,,0,4.0,4,81,65,44,74,58,58,"176cm | 5'9""",0,-,-,Rosenborg BK,Norway
Alejandro Faurlín,68,CM,,0,3.0,3,70,55,75,67,61,60,"185cm | 6'1""",0,-,-,Queens Park Rangers,Argentina
Pablo Batalla,68,CAM,,0,4.0,3,71,61,75,70,60,32,"170cm | 5'7""",0,-,-,Bursaspor,Argentina
Àngel Rangel,68,RB,,0,2.0,3,67,54,69,65,71,75,"188cm | 6'2""",0,-,-,Swansea City,Spain
Nicky Bailey,68,CM,,0,3.0,3,71,60,71,66,65,55,"178cm | 5'10""",0,-,-,Middlesbrough,England
Gheorghe Florescu,68,CM,,0,3.0,4,69,64,72,72,58,58,"179cm | 5'10""",0,-,-,Alaniya Vladikavkaz,Romania
Jonas Borring,68,LM,,0,3.0,3,78,66,68,68,55,66,"193cm | 6'4""",0,-,-,FC Midtjylland,Denmark
Aloys Bertrand Nong,68,ST,,0,3.0,3,81,65,49,69,59,68,"180cm | 5'11""",0,-,-,Standard de Liège,Cameroon
Kepa Blanco González,68,ST,,0,3.0,3,67,65,46,61,59,80,"185cm | 6'1""",0,-,-,R.C. Recreativo,Spain
Jan Rezek,68,ST,,0,3.0,4,77,63,61,66,62,67,"178cm | 5'10""",0,-,-,Viktoria Plzeň ,Czech Republic
Michal Hubník,68,ST,,0,2.0,3,68,65,60,65,63,68,"184cm | 6'0""",0,-,-,Sigma Olomouc,Czech Republic
Joe Lewis,68,GK,,0,1.0,3,75,62,56,76,66,61,"198cm | 6'6""",0,-,-,Peterborough United,England
Daniel Hernández,68,CDM,,0,2.0,4,72,60,56,57,66,64,"180cm | 5'11""",0,-,-,FC Dallas,United States
Rodolfo Espinoza,68,LW,,0,3.0,2,73,66,65,66,51,56,"172cm | 5'8""",0,-,-,Club Deportivo Chivas USA,Mexico
Franck Dja Djédjé,68,ST,,0,3.0,3,75,60,50,78,54,64,"175cm | 5'9""",0,-,-,AC Arles Avignon,France
Adriano Neves Pereira,68,ST,,0,4.0,3,70,65,56,66,56,68,"186cm | 6'1""",0,-,-,Chunnam Dragons,Brazil
Joel Huiqui,68,CB,,0,2.0,3,68,38,49,47,65,70,"184cm | 6'0""",0,-,-,Cruz Azul,Mexico
Sándor Torghelle,68,ST,,0,3.0,3,65,66,57,63,62,76,"186cm | 6'1""",0,-,-,Fortuna Düsseldorf,Hungary
Jamie Mackie,68,ST,,0,3.0,3,75,63,58,70,66,61,"178cm | 5'10""",0,-,-,Queens Park Rangers,Scotland
Moritz Stoppelkamp,68,RM,,0,2.0,5,74,62,67,65,63,62,"180cm | 5'11""",0,-,-,Hannover 96,Germany
Laurent Ciman,68,RB,,0,2.0,3,65,57,64,49,67,68,"182cm | 6'0""",0,-,-,Standard de Liège,Belgium
Elvis Abbruscato,68,ST,,0,3.0,3,74,62,49,67,58,70,"181cm | 5'11""",0,-,-,Vicenza,Italy
Francisco Zuela dos Santos,68,CB,,0,3.0,3,65,41,67,56,69,70,"183cm | 6'0""",0,-,-,PAOK,Angola
Kalifa Cissé,68,CDM,,0,2.0,3,64,50,57,61,71,70,"188cm | 6'2""",0,-,-,Bristol City,Mali
Benoît Costil,68,GK,,0,1.0,3,69,65,63,74,46,68,"186cm | 6'1""",0,-,-,CS Sedan Ardennes,France
Daniel Brückner,68,LM,,0,2.0,3,76,52,64,70,61,58,"183cm | 6'0""",0,-,-,SC Paderborn 07,Germany
Richard Socrier,68,ST,,0,3.0,3,69,67,50,61,58,77,"186cm | 6'1""",0,-,-,AC Ajaccio,France
Alberto Regazzoni,68,LM,,0,3.0,3,84,55,59,74,59,48,"169cm | 5'7""",0,-,-,BSC Young Boys,Switzerland
Iain Turner,68,GK,,0,1.0,2,65,66,69,71,44,69,"193cm | 6'4""",0,-,-,Everton,Scotland
Pascal Bieler,68,LWB,,0,2.0,3,73,50,61,58,68,66,"181cm | 5'11""",0,-,-,1. FC Nürnberg,Germany
Petter Andersson,68,CAM,,0,3.0,4,78,66,66,70,51,46,"178cm | 5'10""",0,-,-,FC Groningen,Sweden
Kevin Amuneke,68,ST,,0,3.0,4,83,67,64,71,61,58,"176cm | 5'9""",0,-,-,CD Nacional,Nigeria
Andy Wilkinson,68,RB,,0,2.0,3,69,40,56,60,68,66,"180cm | 5'11""",0,-,-,Stoke City,England
Marco Zambelli,68,RB,,0,2.0,3,76,53,68,64,66,64,"180cm | 5'11""",0,-,-,Brescia,Italy
Damien Delaney,68,LB,,0,2.0,3,73,44,59,33,68,73,"191cm | 6'3""",0,-,-,Ipswich Town,Republic of Ireland
Marvin Matip,68,CB,,0,2.0,3,65,42,57,47,67,71,"184cm | 6'0""",0,-,-,FC Ingolstadt 04,Germany
Darren Barr,68,RB,,0,2.0,3,69,45,61,58,68,72,"175cm | 5'9""",0,-,-,Heart of Midlothian,Scotland
Luis Robles,68,CDM,,0,2.0,3,71,55,62,58,70,66,"169cm | 5'7""",0,-,-,Atlas,Mexico
Andrea Russotto,68,CAM,,0,4.0,4,76,60,65,75,47,54,"174cm | 5'9""",0,-,-,Grosseto,Italy
Imanol Agirretxe Arruti,68,ST,,0,3.0,4,69,64,44,62,63,73,"185cm | 6'1""",0,-,-,Real Sociedad de Fútbol S.A.D.,Spain
Luciano Becchio,68,CF,,0,3.0,4,65,66,54,64,66,86,"187cm | 6'2""",0,-,-,Leeds United,Argentina
Markus Berger,68,CB,,0,2.0,2,68,46,59,56,68,74,"186cm | 6'1""",0,-,-,Académica Coimbra,Austria
Pontus Segerström,68,CB,,0,2.0,5,70,46,48,46,65,70,"187cm | 6'2""",0,-,-,IF Brommapojkarna,Sweden
Marek Čech,68,LWB,,0,2.0,4,74,67,69,65,66,67,"183cm | 6'0""",0,-,-,West Bromwich Albion,Slovakia
Luke Chambers,68,CB,,0,2.0,3,65,22,45,36,66,69,"185cm | 6'1""",0,-,-,Nottingham Forest,England
Steve Morison,68,ST,,0,3.0,3,74,63,38,65,58,72,"188cm | 6'2""",0,-,-,Millwall,Wales
Antimo Iunco,68,ST,,0,3.0,3,79,62,59,72,61,62,"174cm | 5'9""",0,-,-,F. Torino,Italy
Stijn De Smet,68,CF,,0,3.0,4,69,66,68,74,50,60,"183cm | 6'0""",0,-,-,KAA Gent,Belgium
Luke Moore,68,ST,,0,3.0,4,79,64,53,68,53,68,"180cm | 5'11""",0,-,-,West Bromwich Albion,England
Paul Gallagher,68,ST,,0,3.0,3,67,67,63,69,59,70,"183cm | 6'0""",0,-,-,Leicester City,Scotland
Andrew Taylor,68,LB,,0,2.0,3,74,38,64,61,64,64,"178cm | 5'10""",0,-,-,Watford,England
James Perch,68,RB,,0,2.0,3,67,45,67,64,65,58,"180cm | 5'11""",0,-,-,Newcastle United,England
Nuno Miguel Fidalgo dos Santos,68,ST,,0,3.0,4,74,63,61,69,58,68,"175cm | 5'9""",0,-,-,Académica Coimbra,Portugal
Ryan Smith,68,LW,,0,4.0,3,83,58,57,69,55,49,"175cm | 5'9""",0,-,-,Kansas City Wizards,England
Darren O'Dea,68,CB,,0,2.0,3,62,17,42,58,65,74,"185cm | 6'1""",0,-,-,Ipswich Town,Republic of Ireland
Kenny Cooper,68,ST,,0,3.0,4,67,69,39,70,60,74,"192cm | 6'4""",0,-,-,TSV 1860 München,United States
Marvin Elliott,68,CM,,0,3.0,3,77,65,65,65,73,73,"183cm | 6'0""",0,-,-,Bristol City,England
Ben Alnwick,68,GK,,0,1.0,3,64,62,60,77,34,72,"188cm | 6'2""",0,-,-,Tottenham Hotspur,England
Leyti N'Diaye,68,CB,,0,2.0,3,64,45,57,43,64,70,"188cm | 6'2""",0,-,-,Olympique de Marseille,Senegal
David Bystroň,68,CB,,0,2.0,4,62,61,68,65,66,72,"189cm | 6'2""",0,-,-,Viktoria Plzeň ,Czech Republic
James O'Connor,68,RB,,0,2.0,3,68,33,64,45,66,68,"178cm | 5'10""",0,-,-,Doncaster Rovers,Republic of Ireland
Jesper Lange,68,ST,,0,2.0,4,82,57,38,71,52,62,"178cm | 5'10""",0,-,-,Esbjerg fB,Denmark
Heath Pearce,68,LB,,0,3.0,4,83,52,64,68,67,60,"180cm | 5'11""",0,-,-,FC Dallas,United States
Scott Robertson,68,CM,,0,3.0,3,72,58,66,68,68,66,"183cm | 6'0""",0,-,-,Dundee United,Scotland
Vuk Sotirović,68,ST,,0,3.0,3,68,61,50,63,58,75,"177cm | 5'10""",0,-,-,Śląsk Wrocław,Serbia
Guy Moussi,68,CDM,,0,2.0,3,63,39,63,60,73,66,"187cm | 6'2""",0,-,-,Nottingham Forest,France
Jack Hobbs,68,CB,,0,2.0,2,67,38,56,45,63,72,"191cm | 6'3""",0,-,-,Leicester City,England
Richard Soumah,68,LM,,0,2.0,3,69,61,67,69,52,68,"177cm | 5'10""",0,-,-,Stade Brestois 29,France
Olivier Veigneau,68,LB,,0,2.0,3,71,38,68,58,63,60,"174cm | 5'9""",0,-,-,MSV Duisburg,France
Bocundji Ca,68,CDM,,0,2.0,3,75,40,61,58,68,62,"172cm | 5'8""",0,-,-,Tours FC,Guinea Bissau
Mikhail Kerzhakov,68,GK,,0,1.0,3,69,66,65,71,62,66,"191cm | 6'3""",0,-,-,Alaniya Vladikavkaz,Russia
Kyle Lafferty,68,ST,,0,2.0,4,76,60,46,60,62,79,"193cm | 6'4""",0,-,-,Rangers,Northern Ireland
Neil Danns,68,CM,,0,3.0,3,74,66,67,69,66,50,"175cm | 5'9""",0,-,-,Crystal Palace,England
Fredrik Nordkvelle,68,CM,,0,3.0,4,80,59,66,72,63,60,"180cm | 5'11""",0,-,-,Strømsgodset IF,Norway
Mauro Cejas,68,CF,,0,4.0,3,71,66,68,72,52,62,"173cm | 5'8""",0,-,-,Estudiantes Tecos,Argentina
Bouna Coundoul,68,GK,,0,1.0,3,73,60,59,75,61,62,"188cm | 6'2""",0,-,-,New York Red Bulls,Senegal
Solomon Ndubisi Okoronkwo,68,CF,,0,3.0,3,83,60,63,70,57,68,"188cm | 6'2""",0,-,-,Saturn Ramenskoye,Nigeria
Jimmy Tau,68,RB,,0,2.0,3,70,37,63,56,66,69,"176cm | 5'9""",0,-,-,Kaizer Chiefs,South Africa
Magnus Troest,68,CB,,0,2.0,3,63,33,50,53,69,74,"189cm | 6'2""",0,-,-,A. Bergamo,Denmark
Emilio Nsue López,68,ST,,0,3.0,4,79,62,56,71,54,66,"178cm | 5'10""",0,-,-,Real Club Deportivo Mallorca S.A.D.,Spain
Edixon Perea,68,ST,,0,3.0,4,67,72,48,62,63,59,"178cm | 5'10""",0,-,-,Unión Deportiva Las Palmas S.A.D.,Colombia
Ricardo Ferreira da Silva,68,LWB,,0,3.0,3,74,63,68,64,62,58,"170cm | 5'7""",0,-,-,Malmö FF,Brazil
Julián Omar Ramos Suárez,68,LM,,0,3.0,3,78,53,64,72,50,51,"172cm | 5'8""",0,-,-,Club Deportivo Tenerife S.A.D.,Spain
Asen Karaslavov,68,CB,,0,2.0,3,55,31,50,48,69,69,"186cm | 6'1""",0,-,-,SpVgg Greuther Fürth,Bulgaria
Roy Contout,68,RW,,0,3.0,3,75,61,60,72,52,50,"174cm | 5'9""",0,-,-,AJ Auxerre,France
Israel Martínez,68,LB,,0,3.0,3,72,62,70,62,66,60,"170cm | 5'7""",0,-,-,América,Mexico
Shane Long,68,ST,,0,3.0,3,87,62,50,64,50,67,"180cm | 5'11""",0,-,-,Reading,Republic of Ireland
Tarik Elyounoussi,68,LW,,0,4.0,4,82,59,53,72,48,52,"172cm | 5'8""",0,-,-,sc Heerenveen,Norway
Rogerio Pereira Tarciso,68,CAM,,0,3.0,4,68,66,71,68,56,60,"187cm | 6'2""",0,-,-,Sigma Olomouc,Brazil
Jeppe Curth,68,CF,,0,3.0,4,76,62,54,67,53,75,"178cm | 5'10""",0,-,-,Aalborg BK,Denmark
Ryan Bertrand,68,LB,,0,3.0,3,79,47,70,71,67,66,"179cm | 5'10""",0,-,-,Nottingham Forest,England
Maxime Baca,68,RB,,0,2.0,4,71,41,68,59,66,66,"174cm | 5'9""",0,-,-,FC Lorient Bretagne Sud,France
Antoine Devaux,68,CDM,,0,2.0,3,66,67,75,70,65,68,"185cm | 6'1""",0,-,-,Toulouse FC,France
Ádám Vass,68,CM,,0,3.0,3,73,54,68,66,63,66,"180cm | 5'11""",0,-,-,Brescia,Hungary
Mark Davies,68,CAM,,0,3.0,3,67,64,69,71,64,55,"180cm | 5'11""",0,-,-,Bolton Wanderers,England
Lewis McGugan,68,CAM,,0,3.0,4,67,62,65,67,64,57,"175cm | 5'9""",0,-,-,Nottingham Forest,England
David Cotterill,68,RW,,0,3.0,3,81,61,64,66,48,58,"175cm | 5'9""",0,-,-,Swansea City,Wales
Nicola Belmonte,68,RB,,0,2.0,2,75,42,62,45,66,62,"181cm | 5'11""",0,-,-,Bari,Italy
Marino Defendi,68,LW,,0,3.0,3,71,64,66,69,45,52,"174cm | 5'9""",0,-,-,A. Bergamo,Italy
Ladji Keita,68,ST,,0,3.0,4,75,63,57,65,61,70,"188cm | 6'2""",0,-,-,SC Braga,Senegal
Ismael Gómez Falcón,68,GK,,0,1.0,3,75,62,55,70,53,64,"185cm | 6'1""",0,-,-,Real Club Celta de Vigo S.A.D.,Spain
Michele Rinaldi,68,CB,,0,2.0,3,70,40,60,44,65,66,"184cm | 6'0""",0,-,-,Bari,Italy
Damion Stewart,68,CB,,0,2.0,3,66,31,53,52,69,72,"191cm | 6'3""",0,-,-,Bristol City,Jamaica
Jose Manuel Catalá Mazuecos,68,CB,,0,2.0,3,68,51,56,45,65,72,"180cm | 5'11""",0,-,-,Villarreal Club de Fútbol S.A.D.,Spain
Javier Flaño Bezunartea,68,RB,,0,2.0,3,73,44,61,54,68,66,"177cm | 5'10""",0,-,-,Club Deportivo Numancia de Soria S.A.D. ,Spain
José Fonte,68,CB,,0,2.0,3,68,34,48,49,67,74,"187cm | 6'2""",0,-,-,Southampton,Portugal
Jim Larsen,68,CB,,0,2.0,3,65,38,48,52,68,63,"186cm | 6'1""",0,-,-,Silkeborg IF,Denmark
Marquitos,68,LM,,0,3.0,2,80,66,60,72,52,53,"174cm | 5'9""",0,-,-,Villarreal Club de Fútbol “B” S.A.D.,Spain
Wesley Verhoek,68,RW,,0,3.0,3,83,61,61,64,54,58,"187cm | 6'2""",0,-,-,ADO Den Haag,Netherlands
Perparim Hetemaj,68,CM,,0,3.0,4,73,65,71,71,57,62,"176cm | 5'9""",0,-,-,Brescia,Finland
Davide Morello,68,GK,,0,1.0,2,69,65,65,72,32,69,"178cm | 5'10""",0,-,-,F. Torino,Italy
Nicklas Pedersen,68,ST,,0,2.0,3,68,67,44,64,54,73,"187cm | 6'2""",0,-,-,FC Groningen,Denmark
Mike Jensen,68,CDM,,0,3.0,4,75,64,67,73,69,54,"176cm | 5'9""",0,-,-,Brøndby IF,Denmark
Michael Lumb,68,LB,,0,2.0,3,74,43,64,63,69,58,"177cm | 5'10""",0,-,-,Feyenoord,Denmark
Andrew Surman,68,LM,,0,3.0,3,66,68,69,66,62,60,"178cm | 5'10""",0,-,-,Norwich City,England
Panagiotis Kone,68,CM,,0,3.0,3,74,63,69,71,65,58,"184cm | 6'0""",0,-,-,Brescia,Greece
Fabio Ceravolo,68,RF,,0,3.0,3,82,65,58,66,61,66,"180cm | 5'11""",0,-,-,A. Bergamo,Italy
Kostas Giannoulis,68,LB,,0,2.0,3,74,42,61,57,67,64,"184cm | 6'0""",0,-,-,1. FC Köln,Greece
Rômulo Márques Antonelli,68,ST,,0,3.0,4,66,64,54,64,55,72,"187cm | 6'2""",0,-,-,G. Campinas,Brazil
Rúrik Gíslason,68,CAM,,0,3.0,3,79,63,72,70,58,58,"184cm | 6'0""",0,-,-,Odense Boldklub,Iceland
Ross Forbes,68,CAM,,0,2.0,2,62,67,68,75,51,46,"185cm | 6'1""",0,-,-,Motherwell,Scotland
Danny Haynes,68,ST,,0,3.0,3,87,63,54,66,54,74,"180cm | 5'11""",0,-,-,Bristol City,England
Dramane Traore,68,ST,,0,3.0,3,79,60,45,65,53,72,"192cm | 6'4""",0,-,-,Lokomotiv Moskva,Mali
Victor Bernárdez,68,CB,,0,2.0,3,61,55,56,38,68,64,"187cm | 6'2""",0,-,-,RSC Anderlecht,Honduras
Nicolae Josan,68,CAM,,0,2.0,3,69,65,70,62,62,62,"176cm | 5'9""",0,-,-,Anzhi Makhachkala,Moldova
Randall Azofeifa,68,CM,,0,3.0,2,59,72,72,67,63,60,"182cm | 6'0""",0,-,-,KAA Gent,Costa Rica
Kenny Steppe,68,GK,,0,1.0,3,69,66,66,70,60,67,"182cm | 6'0""",0,-,-,sc Heerenveen,Belgium
Marcin Kowalczyk,68,RB,,0,2.0,4,69,55,70,58,61,63,"184cm | 6'0""",0,-,-,Dinamo Moskva,Poland
Winston Reid,68,CB,,0,2.0,2,70,38,48,48,64,72,"190cm | 6'3""",0,-,-,West Ham United,New Zealand
Adilson dos Santos,68,LB,,0,2.0,3,70,53,70,66,66,68,"182cm | 6'0""",0,-,-,FC Seoul,Brazil
Sun Tae Kwoun,68,GK,,0,1.0,2,70,63,65,65,39,71,"183cm | 6'0""",0,-,-,Jeonbuk Hyundai Motors,Korea Republic
Carmelo Valencia,68,ST,,0,4.0,4,80,66,57,71,48,56,"175cm | 5'9""",0,-,-,Ulsan Hyundai Horang-i,Colombia
Luiz Fernando Nunes Duarte,68,CB,,0,2.0,3,62,41,49,40,68,72,"181cm | 5'11""",0,-,-,Académica Coimbra,Brazil
Rafael de Miranda Moura,68,ST,,0,3.0,2,68,63,42,65,58,84,"189cm | 6'2""",0,-,-,Goiânia,Brazil
Marvin Emnes,68,RW,,0,4.0,4,84,60,58,65,58,48,"180cm | 5'11""",0,-,-,Middlesbrough,Netherlands
Adam Rooney,68,ST,,0,2.0,2,72,61,53,69,54,74,"178cm | 5'10""",0,-,-,Inverness Caledonian Thistle,Republic of Ireland
Haminu Draman,68,RM,,0,3.0,3,79,59,65,67,60,54,"173cm | 5'8""",0,-,-,Lokomotiv Moskva,Ghana
Fabian Lustenberger,68,CDM,,0,2.0,3,69,39,66,63,66,70,"180cm | 5'11""",0,-,-,Hertha BSC,Switzerland
Nuno Coelho,68,CDM,,0,3.0,3,67,44,62,57,69,70,"190cm | 6'3""",0,-,-,Académica Coimbra,Portugal
Ismaël Gace,68,CB,,0,2.0,3,68,32,47,42,67,66,"180cm | 5'11""",0,-,-,OGC Nice,France
Pape Paté Diouf,68,ST,,0,3.0,3,79,63,56,72,52,58,"180cm | 5'11""",0,-,-,Molde FK,Senegal
Ralph Gunesch,68,CB,,0,2.0,3,69,50,59,45,66,70,"190cm | 6'3""",0,-,-,FC St. Pauli,Germany
Larsen Touré,68,ST,,0,2.0,3,73,66,48,61,51,76,"184cm | 6'0""",0,-,-,Stade Brestois 29,Guinea
Patric Klandt,68,GK,,0,1.0,3,67,72,55,69,52,71,"185cm | 6'1""",0,-,-,FSV Frankfurt,Germany
Timothy Derijck,68,CB,,0,2.0,4,65,41,55,64,66,70,"185cm | 6'1""",0,-,-,ADO Den Haag,Belgium
Sepp De Roover,68,RWB,,0,3.0,3,76,66,67,66,64,63,"180cm | 5'11""",0,-,-,Sporting Lokeren OV,Belgium
Alessandro Sgrigna,68,LF,,0,3.0,3,75,67,60,71,56,60,"179cm | 5'10""",0,-,-,F. Torino,Italy
Everton Ramos da Silva,68,LW,,0,3.0,4,77,66,52,73,50,62,"177cm | 5'10""",0,-,-,Heracles Almelo,Brazil
Kévin Monnet-Paquet,68,CF,,0,3.0,3,77,62,58,72,46,59,"183cm | 6'0""",0,-,-,FC Lorient Bretagne Sud,France
Pär Hansson,68,GK,,0,1.0,2,74,64,75,72,35,62,"185cm | 6'1""",0,-,-,Helsingborgs IF,Sweden
Gaëtan Bong,68,LB,,0,2.0,3,72,40,67,53,70,59,"183cm | 6'0""",0,-,-,Valenciennes FC,Cameroon
Yves De Winter,68,GK,,0,1.0,2,70,66,65,71,51,67,"187cm | 6'2""",0,-,-,KVC Westerlo,Belgium
Ludovic Sylvestre,68,CM,,0,3.0,3,65,66,70,67,63,68,"182cm | 6'0""",0,-,-,Blackpool,France
Alberto Bueno Calvo,68,CF,,0,3.0,3,78,68,56,70,49,60,"178cm | 5'10""",0,-,-,Derby County,Spain
Tamás Priskin,68,ST,,0,3.0,3,65,66,50,55,65,80,"191cm | 6'3""",0,-,-,Ipswich Town,Hungary
Stephen Darby,68,RB,,0,2.0,3,70,36,58,57,67,65,"174cm | 5'9""",0,-,-,Liverpool,England
Antunes,68,LB,,0,3.0,3,75,65,66,67,66,60,"175cm | 5'9""",0,-,-,Roma,Portugal
Giuseppe Vives,68,CM,,0,2.0,4,68,66,67,62,70,56,"180cm | 5'11""",0,-,-,Lecce,Italy
Stefan Maierhofer,68,ST,,0,2.0,3,61,66,42,58,61,76,"202cm | 6'8""",0,-,-,MSV Duisburg,Austria
George Boyd,68,LW,,0,4.0,4,74,66,59,72,51,38,"186cm | 6'1""",0,-,-,Peterborough United,England
Hamdi Salihi,68,ST,,0,3.0,3,68,67,48,67,55,72,"185cm | 6'1""",0,-,-,SK Rapid Wien,Albania
Søren Rieks,68,LM,,0,2.0,4,76,62,65,67,53,52,"184cm | 6'0""",0,-,-,Esbjerg fB,Denmark
Chris Humphrey,68,RW,,0,3.0,2,85,51,57,67,45,41,"180cm | 5'11""",0,-,-,Motherwell,England
Marcel Heller,68,ST,,0,3.0,4,82,63,51,66,50,67,"173cm | 5'8""",0,-,-,Eintracht Frankfurt,Germany
Ragnar Sigurdsson,68,CB,,0,2.0,3,74,42,49,37,66,72,"187cm | 6'2""",0,-,-,IFK Göteborg,Iceland
Robbie Findley,68,ST,,0,3.0,3,89,64,44,69,53,63,"175cm | 5'9""",0,-,-,Real Salt Lake,United States
Miguel Ángel Nieto De la Calle,68,RM,,0,3.0,3,82,60,61,73,53,58,"183cm | 6'0""",0,-,-,Unión Deportiva Almería S.A.D.,Spain
Kevin Schindler,68,RW,,0,2.0,4,74,64,66,65,54,69,"191cm | 6'3""",0,-,-,Werder Bremen,Germany
Nick Carle,68,CAM,,0,4.0,3,67,60,68,75,56,48,"174cm | 5'9""",0,-,-,Sydney FC,Australia
František Rajtoral,68,RM,,0,3.0,3,74,62,68,68,63,58,"179cm | 5'10""",0,-,-,Viktoria Plzeň ,Czech Republic
Nordin Gerzic,68,CAM,,0,4.0,3,69,63,65,72,57,54,"175cm | 5'9""",0,-,-,Örebro SK,Bosnia Herzegovina
Róbert Zeher,68,RF,,0,3.0,4,76,62,59,71,62,66,"181cm | 5'11""",0,-,-,Baník Ostrava,Slovakia
Michal Švec,68,CDM,,0,2.0,3,69,48,63,61,65,66,"181cm | 5'11""",0,-,-,sc Heerenveen,Czech Republic
Emil Johansson,68,LWB,,0,3.0,2,79,59,62,66,68,48,"172cm | 5'8""",0,-,-,Molde FK,Sweden
Alexandru Epureanu,68,CB,,0,2.0,2,67,48,57,63,66,68,"187cm | 6'2""",0,-,-,Dinamo Moskva,Moldova
Martí Crespí Pascual,68,CB,,0,2.0,3,72,44,58,50,64,68,"180cm | 5'11""",0,-,-,Real Club Deportivo Mallorca S.A.D.,Spain
Hugo Eduardo dos Santos Morais,68,CM,,0,2.0,3,74,68,72,70,63,60,"184cm | 6'0""",0,-,-,Académica Coimbra,Portugal
Jan Morávek,68,CAM,,0,3.0,3,70,60,73,71,53,52,"180cm | 5'11""",0,-,-,1. FC Kaiserslautern,Czech Republic
Yohan Benalouane,68,CB,,0,2.0,3,65,42,54,32,65,70,"185cm | 6'1""",0,-,-,A.C. Cesena,France
Fin Bartels,68,RM,,0,3.0,4,78,57,63,72,53,54,"175cm | 5'9""",0,-,-,FC St. Pauli,Germany
Nicolò Cherubin,68,CB,,0,2.0,2,67,27,43,35,65,70,"188cm | 6'2""",0,-,-,Bologna,Italy
Christopher Schorch,68,CB,,0,1.0,4,74,34,58,59,69,74,"190cm | 6'3""",0,-,-,1. FC Köln,Germany
Nacer Barazite,68,CAM,,0,3.0,3,70,67,60,73,54,45,"188cm | 6'2""",0,-,-,Vitesse,Netherlands
Alexander Stolz,68,GK,,0,1.0,2,74,70,69,64,48,66,"189cm | 6'2""",0,-,-,VfB Stuttgart,Germany
Vincent Muratori,68,LB,,0,2.0,3,64,27,64,29,66,68,"178cm | 5'10""",0,-,-,AS Monaco FC,France
Angelo Ogbonna,68,CB,,0,2.0,3,71,41,52,38,68,72,"189cm | 6'2""",0,-,-,F. Torino,Italy
Nicolai Müller,68,LW,,0,2.0,3,77,58,60,71,39,56,"173cm | 5'8""",0,-,-,SpVgg Greuther Fürth,Germany
Donny Gorter,68,CAM,,0,3.0,4,72,66,67,72,63,60,"175cm | 5'9""",0,-,-,NAC Breda,Netherlands
Brayan Angulo,68,LWB,,0,2.0,3,84,51,62,70,70,60,"174cm | 5'9""",0,-,-,Rayo Vallecano de Madrid S.A.D.,Colombia
Ryan Koolwijk,68,CM,,0,2.0,3,66,61,67,66,68,60,"196cm | 6'5""",0,-,-,SBV Excelsior,Netherlands
Mix Diskerud,68,CM,,0,4.0,3,74,69,67,77,54,46,"184cm | 6'0""",0,-,-,Stabæk Fotball,United States
Younousse Sankharé,68,CDM,,0,4.0,3,75,59,65,78,69,58,"184cm | 6'0""",0,-,-,Dijon FCO,France
Jay Emmanuel-Thomas,68,CF,,0,3.0,2,77,60,60,68,60,74,"191cm | 6'3""",0,-,-,Arsenal,England
Sergio Tejera,68,CAM,,0,3.0,3,75,62,72,66,53,48,"181cm | 5'11""",0,-,-,Real Club Deportivo Mallorca S.A.D.,Spain
Adam Nemec,68,ST,,0,2.0,4,68,64,50,58,56,77,"190cm | 6'3""",0,-,-,1. FC Kaiserslautern,Slovakia
Wiljan Pluim,68,CAM,,0,3.0,4,67,58,66,70,58,66,"190cm | 6'3""",0,-,-,Vitesse,Netherlands
Michele Arcari,68,GK,,0,1.0,2,69,64,60,72,35,69,"184cm | 6'0""",0,-,-,Brescia,Italy
Mattia Mustacchio,68,RW,,0,4.0,3,80,64,60,66,58,60,"182cm | 6'0""",0,-,-,Varese,Italy
Chris Malonga Ntsayi,68,CAM,,0,2.0,3,78,71,66,75,50,70,"183cm | 6'0""",0,-,-,AS Monaco FC,Congo
André Ricardo Soares,68,RWB,,0,2.0,3,73,58,65,67,66,56,"173cm | 5'8""",0,-,-,1. FC Köln,Brazil
John Goossens,68,CAM,,0,4.0,4,73,75,65,72,52,40,"174cm | 5'9""",0,-,-,N.E.C.,Netherlands
Samuel Llorca Ripoll,68,CB,,0,2.0,3,68,28,40,43,68,66,"187cm | 6'2""",0,-,-,Elche Club de Fútbol S.A.D.,Spain
Ivan Bolado Palacios,68,ST,,0,3.0,3,69,67,56,67,56,74,"180cm | 5'11""",0,-,-,Real Racing Club S.A.D.,Spain
Thomas Rogne,68,CB,,0,2.0,3,67,24,53,54,65,72,"191cm | 6'3""",0,-,-,Celtic,Norway
Ivelin Popov,68,CAM,,0,3.0,3,70,65,53,65,63,64,"181cm | 5'11""",0,-,-,Gaziantepspor,Bulgaria
Batuhan Karadeniz,68,ST,,0,3.0,2,73,62,51,65,47,76,"192cm | 6'4""",0,-,-,Eskişehirspor,Turkey
Kyle Bartley,68,CB,,0,2.0,3,64,27,39,33,67,74,"191cm | 6'3""",0,-,-,Sheffield United,England
Nikola Pokrivač,68,CDM,,0,2.0,3,68,60,70,64,69,71,"184cm | 6'0""",0,-,-,FC Red Bull Salzburg,Croatia
Brown Ideye,68,ST,,0,2.0,3,71,66,56,68,55,57,"180cm | 5'11""",0,-,-,FC Sochaux-Montbéliard,Nigeria
Lars Stindl,68,CAM,,0,2.0,3,73,69,63,70,51,56,"180cm | 5'11""",0,-,-,Hannover 96,Germany
Freddie Sears,68,ST,,0,3.0,4,78,66,47,69,49,54,"170cm | 5'7""",0,-,-,West Ham United,England
Seung Yeoul Lee,68,CF,,0,3.0,4,77,60,60,69,52,66,"182cm | 6'0""",0,-,-,FC Seoul,Korea Republic
Jiloan Hamad,68,RW,,0,3.0,4,73,58,54,72,54,41,"170cm | 5'7""",0,-,-,Malmö FF,Sweden
Igor Smolnikov,68,RM,,0,2.0,3,78,46,65,67,68,60,"178cm | 5'10""",0,-,-,Lokomotiv Moskva,Russia
Kalú Gastelum,68,CDM,,0,2.0,3,69,56,64,67,65,59,"173cm | 5'8""",0,-,-,Monarcas Morelia,Mexico
Antônio Rogério Silva Oliveira,68,CAM,,0,4.0,3,75,67,70,75,50,64,"177cm | 5'10""",0,-,-,Chunnam Dragons,Brazil
Alexey Ionov,68,LM,,0,3.0,4,77,57,66,70,59,59,"177cm | 5'10""",0,-,-,Zenit St. Petersburg,Russia
Rafael Pires Monteiro,68,GK,,0,1.0,3,74,66,64,72,33,68,"192cm | 6'4""",0,-,-,Cruzeiro,Brazil
Daryl Janmaat,68,RWB,,0,3.0,4,75,54,63,75,67,56,"185cm | 6'1""",0,-,-,sc Heerenveen,Netherlands
Guyon Fernandez,68,ST,,0,3.0,3,86,64,52,67,58,58,"184cm | 6'0""",0,-,-,SBV Excelsior,Netherlands
Diogo Viana,68,RW,,0,4.0,4,76,58,62,69,45,42,"173cm | 5'8""",0,-,-,VVV-Venlo,Portugal
Kafoumba Coulibaly,68,CDM,,0,2.0,3,69,49,68,56,67,70,"179cm | 5'10""",0,-,-,OGC Nice,Ivory Coast
Joel Ekstrand,68,CB,,0,2.0,5,66,38,61,55,65,66,"188cm | 6'2""",0,-,-,Helsingborgs IF,Sweden
Michal Klesa,68,RM,,0,2.0,3,74,57,68,67,60,62,"184cm | 6'0""",0,-,-,1. FK Příbram,Czech Republic
Alex Bergantiños,68,CDM,,0,2.0,3,66,45,62,67,71,56,"176cm | 5'9""",0,-,-,Granada Club de Fútbol,Spain
Jaime Alfonso Ruiz,68,ST,,0,2.0,3,78,65,39,59,53,72,"184cm | 6'0""",0,-,-,KVC Westerlo,Colombia
Francisco José Sandaza Asensio,68,CF,,0,3.0,2,68,63,53,68,54,76,"182cm | 6'0""",0,-,-,Brighton &amp; Hove Albion,Spain
Jake Livermore,68,CM,,0,3.0,3,69,64,69,70,66,70,"180cm | 5'11""",0,-,-,Tottenham Hotspur,England
Jonjo Shelvey,68,CM,,0,2.0,3,69,64,65,70,64,60,"183cm | 6'0""",0,-,-,Liverpool,England
John Fleck,68,LM,,0,3.0,2,73,60,64,72,57,52,"169cm | 5'7""",0,-,-,Rangers,Scotland
Caiuby,68,ST,,0,2.0,4,76,62,46,71,52,72,"184cm | 6'0""",0,-,-,VfL Wolfsburg,Brazil
Jimmy Durmaz,68,LW,,0,4.0,2,74,62,60,72,48,56,"180cm | 5'11""",0,-,-,Malmö FF,Sweden
João Aurélio,68,RM,,0,3.0,4,75,64,64,69,68,73,"185cm | 6'1""",0,-,-,CD Nacional,Portugal
Jens Hegeler,68,CDM,,0,2.0,3,67,33,52,50,69,74,"193cm | 6'4""",0,-,-,1. FC Nürnberg,Germany
Tom Hateley,68,CM,,0,3.0,2,66,60,67,68,69,69,"183cm | 6'0""",0,-,-,Motherwell,England
Bastian Oczipka,68,LB,,0,2.0,3,74,52,68,68,68,66,"184cm | 6'0""",0,-,-,FC St. Pauli,Germany
Artur Sobiech,68,ST,,0,2.0,3,73,64,50,63,57,67,"184cm | 6'0""",0,-,-,Polonia Warszawa,Poland
Iborra,68,CM,,0,2.0,3,59,62,61,60,71,68,"190cm | 6'3""",0,-,-,Levante Unión Deportiva S.A.D.,Spain
Temitope Obadeyi,68,ST,,0,3.0,3,77,69,37,62,50,64,"186cm | 6'1""",0,-,-,Bolton Wanderers,England
Rivaldo Barbosa de Souza,68,CM,,0,3.0,3,75,64,71,69,64,56,"180cm | 5'11""",0,-,-,Palmeiras,Brazil
Kiko Femenía,68,RM,,0,3.0,3,82,48,62,73,59,47,"174cm | 5'9""",0,-,-,Hércules Club de Fútbol S.A.D.,Spain
David Templeton,68,RW,,0,2.0,3,71,69,58,74,56,59,"176cm | 5'9""",0,-,-,Heart of Midlothian,Scotland
Ezequiel Luna,68,CB,,0,2.0,3,73,33,46,51,65,68,"178cm | 5'10""",0,-,-,Club Deportivo Tenerife S.A.D.,Argentina
Eduardo Bedia Peláez,68,CM,,0,2.0,3,73,57,70,64,58,68,"184cm | 6'0""",0,-,-,Real Racing Club S.A.D.,Spain
Moïse Brou Apanga,68,CB,,0,2.0,3,66,23,52,28,65,72,"180cm | 5'11""",0,-,-,Stade Brestois 29,Gabon
Ozéia de Paula Maciel,68,CB,,0,2.0,3,65,55,51,46,69,74,"190cm | 6'3""",0,-,-,Grêmio,Brazil
Raúl Goni Bayo,68,CB,,0,2.0,3,70,25,58,51,65,66,"186cm | 6'1""",0,-,-,Real Madrid Club de Fútbol,Spain
Oier,68,RB,,0,2.0,3,73,41,56,56,70,68,"178cm | 5'10""",0,-,-,Club Atlético Osasuna,Spain
Léonard Kweuke,68,ST,,0,3.0,4,80,62,51,71,66,61,"188cm | 6'2""",0,-,-,Sparta Praha,Cameroon
Osvaldo Alonso,68,CDM,,0,2.0,4,75,54,68,64,67,64,"180cm | 5'11""",0,-,-,Seattle Sounders FC,Cuba
Wallyson R. Maciel Monteiro,68,ST,,0,5.0,4,83,64,47,76,53,58,"179cm | 5'10""",0,-,-,Cruzeiro,Brazil
Jóhann Berg Gudmundsson,68,LW,,0,3.0,3,77,64,56,71,49,52,"182cm | 6'0""",0,-,-,AZ Alkmaar,Iceland
Makhtar Thioune,68,CM,,0,3.0,3,76,66,64,75,64,65,"177cm | 5'10""",0,-,-,Molde FK,Senegal
Adrian Ropotan,68,CDM,,0,2.0,3,67,59,68,60,66,62,"183cm | 6'0""",0,-,-,Dinamo Moskva,Romania
Jhon Kennedy Hurtado,68,CB,,0,2.0,3,72,30,47,50,68,70,"181cm | 5'11""",0,-,-,Seattle Sounders FC,Colombia
Byeong Soo Yoo,68,ST,,0,3.0,4,69,70,60,65,49,66,"183cm | 6'0""",0,-,-,Incheon United FC,Korea Republic
Gilvan Gomes Vieira,68,LW,,0,4.0,2,80,68,57,71,60,62,"175cm | 5'9""",0,-,-,Sociedad Deportiva Huesca S.A.D.,Brazil
César Augusto Pereira Marques,68,CB,,0,2.0,2,67,46,51,48,68,74,"185cm | 6'1""",0,-,-,Vasco da Gama,Brazil
Mads Stokkelien,68,ST,,0,3.0,3,77,67,52,69,55,57,"182cm | 6'0""",0,-,-,IK Start,Norway
Kristoffer Nordfeldt,68,GK,,0,1.0,2,74,63,65,71,48,67,"190cm | 6'3""",0,-,-,IF Brommapojkarna,Sweden
Murray Davidson,68,CM,,0,3.0,3,64,60,65,70,69,68,"180cm | 5'11""",0,-,-,St. Johnstone FC,Scotland
Adam Matuschyk,68,CDM,,0,2.0,3,69,56,65,65,67,60,"183cm | 6'0""",0,-,-,1. FC Köln,Poland
Djalmir Vieira de Andrade,68,ST,,0,3.0,3,71,67,58,68,53,70,"183cm | 6'0""",0,-,-,S.C. Olhanense,Brazil
Sebastian Jung,68,RB,,0,2.0,4,73,50,59,53,65,60,"179cm | 5'10""",0,-,-,Eintracht Frankfurt,Germany
Jordi Figueras Montel,68,CB,,0,2.0,4,65,32,55,45,65,70,"185cm | 6'1""",0,-,-,Real Valladolid Club de Fútbol S.A.D.,Spain
Nassim Ben Khalifa,68,CF,,0,4.0,3,75,61,63,69,56,68,"183cm | 6'0""",0,-,-,VfL Wolfsburg,Switzerland
Galán,68,RB,,0,2.0,3,71,34,54,52,70,61,"181cm | 5'11""",0,-,-,R.C.D. Espanyol de Barcelona S.A.D.,Spain
Zequinha,68,LW,,0,4.0,2,75,66,63,69,57,68,"183cm | 6'0""",0,-,-,S.C. Olhanense,Portugal
Žarko Tomaševic,68,CB,,0,2.0,5,72,55,65,67,64,69,"188cm | 6'2""",0,-,-,CD Nacional,Montenegro
Damián Casalinuovo,68,ST,,0,4.0,3,66,67,48,66,52,74,"182cm | 6'0""",0,-,-,Hamilton Academicals,Argentina
Ivo Pekalski,68,CDM,,0,2.0,3,68,48,66,65,67,60,"183cm | 6'0""",0,-,-,Malmö FF,Sweden
Peniel Mlapa,68,ST,,0,3.0,3,76,64,62,65,61,70,"195cm | 6'5""",0,-,-,TSG 1899 Hoffenheim,Germany
Pavel Šultes,68,ST,,0,2.0,3,71,63,51,63,56,62,"180cm | 5'11""",0,-,-,Sigma Olomouc,Czech Republic
Sidnei Sciola Morais,68,LW,,0,3.0,3,76,64,62,69,53,60,"176cm | 5'9""",0,-,-,Rio Ave FC,Brazil
Daniel Didavi,68,LM,,0,3.0,3,71,67,68,68,57,50,"179cm | 5'10""",0,-,-,VfB Stuttgart,Germany
Flavio Paixão,68,RW,,0,4.0,4,74,51,69,72,52,56,"180cm | 5'11""",0,-,-,Hamilton Academicals,Portugal
Marco Filipe Lopes Paixão,68,LF,,0,3.0,3,71,64,53,73,51,63,"185cm | 6'1""",0,-,-,Hamilton Academicals,Portugal
Yuto Nagatomo,68,RB,,0,2.0,4,79,41,64,65,64,59,"170cm | 5'7""",0,-,-,A.C. Cesena,Japan
Gonzalo Jara,68,CDM,,0,2.0,3,70,45,62,44,67,68,"178cm | 5'10""",0,-,-,West Bromwich Albion,Chile
Tom Cairney,68,CM,,0,3.0,2,73,60,68,63,60,62,"175cm | 5'9""",0,-,-,Hull City,Scotland
Daniel Caligiuri,68,RM,,0,3.0,3,74,55,62,71,51,56,"182cm | 6'0""",0,-,-,SC Freiburg,Germany
Oliver Gill,68,CB,,0,2.0,3,62,36,50,29,69,72,"187cm | 6'2""",0,-,-,Manchester United,England
Leandro Bacuna,68,CAM,,0,3.0,4,74,65,64,69,64,60,"183cm | 6'0""",0,-,-,FC Groningen,Netherlands
Domagoj Vida,68,CB,,0,2.0,3,77,33,57,55,66,66,"182cm | 6'0""",0,-,-,Bayer 04 Leverkusen,Croatia
Alexandru Ionita,68,ST,,0,3.0,3,69,64,51,62,57,66,"185cm | 6'1""",0,-,-,1. FC Köln,Romania
Dušan Tadic,68,LW,,0,3.0,4,72,57,62,73,55,48,"181cm | 5'11""",0,-,-,FC Groningen,Serbia
John Guidetti,68,ST,,0,3.0,3,74,66,54,68,55,64,"181cm | 5'11""",0,-,-,Manchester City,Sweden
Josué,68,CAM,,0,4.0,2,80,62,69,72,43,54,"172cm | 5'8""",0,-,-,VVV-Venlo,Portugal
Mark Kennedy,67,LB,,0,3.0,2,65,60,75,60,67,60,"180cm | 5'11""",0,-,-,Ipswich Town,Republic of Ireland
Francesc Arnau Grabulosa,67,GK,,0,1.0,3,68,67,68,61,50,75,"185cm | 6'1""",0,-,-,Málaga Club de Fútbol S.A.D.,Spain
Jody Morris,67,CM,,0,3.0,3,67,50,62,73,69,37,"165cm | 5'5""",0,-,-,St. Johnstone FC,England
Pascal Cygan,67,CB,,0,2.0,3,49,42,51,44,67,62,"192cm | 6'4""",0,-,-,Fútbol Club Cartagena,France
Jason Euell,67,CF,,0,3.0,3,65,65,60,64,65,72,"180cm | 5'11""",0,-,-,Blackpool,Jamaica
Nolberto Solano,67,RM,,0,3.0,4,66,68,71,66,60,53,"174cm | 5'9""",0,-,-,Hull City,Peru
José Gaspar Silva Azevedo,67,CB,,0,2.0,3,61,33,46,30,65,68,"191cm | 6'3""",0,-,-,Rio Ave FC,Portugal
Jean-Sébastien Jaurès,67,LB,,0,3.0,3,73,50,64,66,64,61,"176cm | 5'9""",0,-,-,Borussia M'gladbach,France
Jamie Langfield,67,GK,,0,1.0,3,70,64,64,68,31,68,"193cm | 6'4""",0,-,-,Aberdeen,Scotland
Lars Winde,67,GK,,0,1.0,3,68,56,62,75,71,66,"185cm | 6'1""",0,-,-,Esbjerg fB,Denmark
Stein Huysegems,67,LF,,0,3.0,3,74,65,58,69,58,62,"186cm | 6'1""",0,-,-,Roda JC,Belgium
Mihai Tararache,67,CDM,,0,2.0,4,60,58,63,58,69,70,"180cm | 5'11""",0,-,-,MSV Duisburg,Romania
Sébastien Chabbert,67,GK,,0,1.0,3,66,70,57,66,35,70,"185cm | 6'1""",0,-,-,AS Monaco FC,France
Michael Mutzel,67,CDM,,0,3.0,3,70,57,66,61,60,69,"183cm | 6'0""",0,-,-,Karlsruher SC,Germany
Roman Wallner,67,ST,,0,3.0,3,69,69,62,66,55,62,"178cm | 5'10""",0,-,-,FC Red Bull Salzburg,Austria
Roberto Stellone,67,ST,,0,3.0,3,72,63,51,65,58,72,"185cm | 6'1""",0,-,-,Frosinone,Italy
Tom Caluwé,67,CAM,,0,3.0,3,65,68,62,64,51,67,"172cm | 5'8""",0,-,-,Sint-Truidense VV,Belgium
Tomasz Radzinski,67,ST,,0,3.0,3,76,66,61,66,55,63,"174cm | 5'9""",0,-,-,Lierse SK,Canada
Rogier Molhoek,67,LM,,0,3.0,3,66,56,69,69,64,66,"186cm | 6'1""",0,-,-,Vitesse,Netherlands
Omar Daf,67,RB,,0,2.0,4,74,39,51,46,69,68,"177cm | 5'10""",0,-,-,Stade Brestois 29,Senegal
Tomasz Frankowski,67,ST,,0,3.0,3,68,66,46,64,52,62,"172cm | 5'8""",0,-,-,Jagiellonia Białystok,Poland
Youssouf Hersi,67,CAM,,0,3.0,3,74,65,66,72,52,58,"173cm | 5'8""",0,-,-,De Graafschap,Netherlands
Gill Swerts,67,RWB,,0,3.0,3,72,53,64,65,68,70,"179cm | 5'10""",0,-,-,AZ Alkmaar,Belgium
Christoffer Andersson,67,LM,,0,2.0,4,68,70,64,64,65,66,"173cm | 5'8""",0,-,-,Helsingborgs IF,Sweden
Claudio López,67,CF,,0,3.0,3,70,70,69,65,52,54,"178cm | 5'10""",0,-,-,Colorado Rapids,Argentina
Christian Timm,67,RF,,0,3.0,4,81,62,57,70,55,60,"180cm | 5'11""",0,-,-,Karlsruher SC,Germany
Shane Higgs,67,GK,,0,1.0,3,64,66,73,71,52,65,"191cm | 6'3""",0,-,-,Leeds United,England
Michael McIndoe,67,LW,,0,3.0,4,72,62,60,69,54,41,"173cm | 5'8""",0,-,-,Coventry City,Scotland
Razundara Tjikuzu,67,RWB,,0,,3,76,56,61,62,70,62,"174cm | 5'9""",0,-,-,Kasımpaşa SK,Namibia
Nicolas Gillet,67,CB,,0,2.0,3,62,55,60,52,66,74,"188cm | 6'2""",0,-,-,Angers SCO,France
Stefan Selakovic,67,RM,,0,3.0,3,65,64,67,63,53,62,"179cm | 5'10""",0,-,-,IFK Göteborg,Sweden
Mario Frick,67,ST,,0,3.0,3,65,61,46,68,55,71,"183cm | 6'0""",0,-,-,FC St. Gallen,Liechtenstein
Stephen McPhail,67,CM,,0,3.0,4,68,62,69,64,69,70,"173cm | 5'8""",0,-,-,Cardiff City,Republic of Ireland
Rob van Dijk,67,GK,,0,1.0,2,62,74,69,60,34,75,"187cm | 6'2""",0,-,-,Feyenoord,Netherlands
Daniel Berg Hestad,67,CM,,0,2.0,3,71,66,66,51,69,72,"184cm | 6'0""",0,-,-,Molde FK,Norway
Peter van der Heyden,67,LB,,0,3.0,4,66,53,62,57,68,66,"183cm | 6'0""",0,-,-,Club Brugge KV,Belgium
Joe Cannon,67,GK,,0,1.0,3,65,65,68,67,58,72,"188cm | 6'2""",0,-,-,San Jose Earthquakes,United States
Remco Van der Schaaf,67,CM,,0,3.0,3,65,50,62,66,67,70,"186cm | 6'1""",0,-,-,Brøndby IF,Netherlands
Luke Steele,67,GK,,0,1.0,2,70,62,61,73,64,65,"188cm | 6'2""",0,-,-,Barnsley,England
Brian McBride,67,ST,,0,3.0,4,59,66,47,60,58,78,"183cm | 6'0""",0,-,-,Chicago Fire,United States
Gregg Berhalter,67,CB,,0,2.0,3,47,46,42,42,65,72,"186cm | 6'1""",0,-,-,Los Angeles Galaxy,United States
Frank Demouge,67,ST,,0,2.0,3,61,65,44,55,65,80,"189cm | 6'2""",0,-,-,FC Utrecht,Netherlands
Rui Orlando Ribeiro Santos Neto,67,CB,,0,2.0,4,66,52,52,44,69,70,"183cm | 6'0""",0,-,-,Académica Coimbra,Portugal
Hugo Miguel Fernandes Vieira,67,CB,,0,2.0,3,66,49,57,51,66,70,"182cm | 6'0""",0,-,-,SC Beira Mar,Portugal
Christian Vander,67,GK,,0,1.0,2,69,61,62,73,45,66,"195cm | 6'5""",0,-,-,Werder Bremen,Germany
Brian Priske,67,RB,,0,2.0,3,61,38,57,51,67,69,"188cm | 6'2""",0,-,-,FC Midtjylland,Denmark
Xavier Collin,67,LB,,0,2.0,3,70,44,61,50,66,64,"174cm | 5'9""",0,-,-,Montpellier Hérault Sport Club,France
Marek Nikl,67,LB,,0,2.0,3,73,45,50,54,71,72,"182cm | 6'0""",0,-,-,Bohemians 1905,Czech Republic
Naohiro Takahara,67,ST,,0,3.0,4,65,66,53,70,55,70,"180cm | 5'11""",0,-,-,Suwon Samsung Bluewings,Japan
Jon Knudsen,67,GK,,0,1.0,3,58,63,66,68,31,76,"185cm | 6'1""",0,-,-,Stabæk Fotball,Norway
Martin Retov,67,CDM,,0,2.0,3,63,62,66,64,68,48,"178cm | 5'10""",0,-,-,AC Horsens,Denmark
Ahmed Madouni,67,CB,,0,1.0,3,60,41,56,53,66,70,"192cm | 6'4""",0,-,-,1. FC Union Berliln,Algeria
Keith Lasley,67,CM,,0,3.0,3,65,47,69,66,69,64,"173cm | 5'8""",0,-,-,Motherwell,Scotland
Grégory Dufer,67,RM,,0,3.0,3,69,63,65,68,53,54,"176cm | 5'9""",0,-,-,Standard de Liège,Belgium
Morten Skoubo,67,ST,,0,3.0,4,70,63,60,62,60,74,"190cm | 6'3""",0,-,-,Roda JC,Denmark
Martin Ericsson,67,CAM,,0,3.0,3,70,63,67,71,47,40,"178cm | 5'10""",0,-,-,IF Elfsborg,Sweden
Hans Cornelis,67,RB,,0,2.0,3,66,60,65,62,64,62,"179cm | 5'10""",0,-,-,KSV Cercle Brugge,Belgium
Zurab Khizanishvili,67,CB,,0,2.0,3,60,45,52,43,62,74,"185cm | 6'1""",0,-,-,Reading,Georgia
Henrik Rydström,67,CDM,,0,2.0,2,60,39,64,57,65,58,"178cm | 5'10""",0,-,-,Kalmar FF,Sweden
Patrik Rosengren,67,CB,,0,2.0,3,45,31,46,34,65,66,"191cm | 6'3""",0,-,-,Mjällby AIF ,Sweden
Iñaki Muñoz Oroz,67,CDM,,0,2.0,3,63,61,61,57,71,55,"182cm | 6'0""",0,-,-,Fútbol Club Cartagena,Spain
Ander Murillo García,67,CB,,0,2.0,3,58,38,48,48,67,58,"184cm | 6'0""",0,-,-,Real Club Celta de Vigo S.A.D.,Spain
Olivier Auriac,67,CDM,,0,2.0,3,68,54,63,62,61,64,"172cm | 5'8""",0,-,-,Angers SCO,France
Jon Jönsson,67,CB,,0,3.0,4,54,63,62,48,64,76,"184cm | 6'0""",0,-,-,IF Elfsborg,Sweden
Jon Busch,67,GK,,0,1.0,2,70,63,74,68,63,66,"177cm | 5'10""",0,-,-,San Jose Earthquakes,United States
Martial Robin,67,LWB,,0,3.0,3,65,60,68,63,62,68,"175cm | 5'9""",0,-,-,FC Istres Ouest Provence,France
Francesco Bega,67,CB,,0,2.0,3,62,52,63,48,63,64,"175cm | 5'9""",0,-,-,Brescia,Italy
Jermaine Johnson,67,RM,,0,3.0,4,87,62,53,76,51,63,"185cm | 6'1""",0,-,-,Sheffield Wednesday,Jamaica
Jonas Kamper,67,RM,,0,3.0,3,81,70,61,66,55,42,"186cm | 6'1""",0,-,-,Randers FC,Denmark
Fredrik Stoor,67,RB,,0,2.0,4,81,50,63,59,67,58,"184cm | 6'0""",0,-,-,Fulham,Sweden
Justin Mapp,67,LM,,0,4.0,2,82,59,59,72,51,51,"185cm | 6'1""",0,-,-,Philadelphia Union,United States
Adam Johansson,67,RWB,,0,2.0,1,74,47,61,62,65,48,"182cm | 6'0""",0,-,-,IFK Göteborg,Sweden
Lee Hughes,67,ST,,0,3.0,4,65,67,50,59,57,71,"178cm | 5'10""",0,-,-,Notts County,England
Jamie Smith,67,RM,,0,3.0,4,77,63,61,66,53,44,"170cm | 5'7""",0,-,-,Colorado Rapids,Scotland
Danny Cadamarteri,67,CF,,0,3.0,3,79,63,53,68,59,54,"175cm | 5'9""",0,-,-,Dundee United,England
Wayne Brown,67,CB,,0,2.0,3,57,39,47,43,69,70,"183cm | 6'0""",0,-,-,Preston North End,England
Víctor Hugo Mareco,67,CB,,0,2.0,2,63,33,52,34,65,70,"189cm | 6'2""",0,-,-,Brescia,Paraguay
Michael Tonge,67,CM,,0,3.0,5,68,68,71,72,61,52,"183cm | 6'0""",0,-,-,Stoke City,England
Mike Pollitt,67,GK,,0,1.0,3,68,69,67,65,50,68,"193cm | 6'4""",0,-,-,Wigan Athletic,England
Nathan Tyson,67,ST,,0,3.0,3,82,60,61,68,56,63,"183cm | 6'0""",0,-,-,Nottingham Forest,England
Paul Rachubka,67,GK,,0,1.0,3,69,62,64,75,54,64,"185cm | 6'1""",0,-,-,Blackpool,United States
Richard Naylor,67,CB,,0,2.0,2,60,49,51,59,67,70,"185cm | 6'1""",0,-,-,Leeds United,England
Tommaso Berni,67,GK,,0,1.0,2,68,62,62,72,42,68,"185cm | 6'1""",0,-,-,Lazio,Italy
Martin Rowlands,67,CM,,0,3.0,4,63,60,66,66,65,58,"175cm | 5'9""",0,-,-,Queens Park Rangers,Republic of Ireland
Sascha Kirschstein,67,GK,,0,1.0,3,67,65,62,72,41,66,"196cm | 6'5""",0,-,-,FC Ingolstadt 04,Germany
Marco Engelhardt,67,CM,,0,3.0,3,61,65,62,67,69,70,"186cm | 6'1""",0,-,-,Karlsruher SC,Germany
Goran Šukalo,67,CDM,,0,2.0,3,63,60,62,57,69,72,"193cm | 6'4""",0,-,-,MSV Duisburg,Slovenia
Adam Drury,67,LB,,0,2.0,3,71,34,62,65,66,68,"180cm | 5'11""",0,-,-,Norwich City,England
Luca Belingheri,67,RM,,0,3.0,3,73,60,66,65,62,61,"182cm | 6'0""",0,-,-,F. Torino,Italy
John Oster,67,CM,,0,3.0,3,72,57,68,68,64,60,"175cm | 5'9""",0,-,-,Doncaster Rovers,Wales
Massimo Mutarelli,67,CM,,0,2.0,3,67,55,63,63,68,69,"177cm | 5'10""",0,-,-,Bologna,Italy
Karel Geraerts,67,CM,,0,2.0,3,62,65,62,55,73,74,"186cm | 6'1""",0,-,-,Club Brugge KV,Belgium
Giacomo Tedesco,67,CM,,0,3.0,4,75,66,67,66,67,62,"176cm | 5'9""",0,-,-,Reggina,Italy
Benjamin Genton,67,CB,,0,2.0,3,63,36,62,42,62,70,"188cm | 6'2""",0,-,-,Havre Athletic Club,France
Markus Bollmann,67,CB,,0,2.0,3,61,30,50,41,66,72,"190cm | 6'3""",0,-,-,Arminia Bielefeld,Germany
Christian Weber,67,RWB,,0,2.0,3,73,51,62,61,67,62,"175cm | 5'9""",0,-,-,Fortuna Düsseldorf,Germany
Mark Wilson,67,RB,,0,2.0,3,66,31,67,64,63,67,"178cm | 5'10""",0,-,-,Celtic,Scotland
Jofre Mateu González,67,LW,,0,3.0,3,70,61,63,72,48,54,"171cm | 5'7""",0,-,-,Real Valladolid Club de Fútbol S.A.D.,Spain
Alberto Marcos Rey,67,LB,,0,2.0,3,71,46,66,64,67,56,"175cm | 5'9""",0,-,-,Sociedad Deportiva Huesca S.A.D.,Spain
Abel Gómez Moreno,67,CM,,0,3.0,3,64,65,72,62,61,56,"182cm | 6'0""",0,-,-,Granada Club de Fútbol,Spain
José Moratón Taeño,67,CB,,0,2.0,3,57,39,48,48,65,68,"186cm | 6'1""",0,-,-,Unión Deportiva Salamanca S.A.D.,Spain
Luis García Conde,67,GK,,0,1.0,2,67,70,62,66,56,71,"185cm | 6'1""",0,-,-,Club Deportivo Tenerife S.A.D.,Spain
Antonio Jesús Vázquez Muñoz,67,CDM,,0,3.0,2,68,63,50,63,70,64,"182cm | 6'0""",0,-,-,R.C. Recreativo,Spain
Vicente Moreno Peris,67,CDM,,0,2.0,3,53,53,61,53,70,58,"188cm | 6'2""",0,-,-,Xerez Club Deportivo S.A.D.,Spain
Vlada Avramov,67,GK,,0,1.0,1,65,68,63,70,63,70,"188cm | 6'2""",0,-,-,Fiorentina,Serbia
Luis Prieto Z.,67,CB,,0,2.0,3,56,49,52,49,67,64,"181cm | 5'11""",0,-,-,Sociedad Deportiva Ponferradina S.A.D,Spain
Victoriano Rivas Álvaro,67,CB,,0,2.0,3,60,43,54,52,65,64,"185cm | 6'1""",0,-,-,Levante Unión Deportiva S.A.D.,Spain
Christian Wetklo,67,GK,,0,1.0,3,70,65,73,67,45,61,"190cm | 6'3""",0,-,-,1. FSV Mainz 05,Germany
Benjamin Nicaise,67,CDM,,0,3.0,3,69,64,64,59,67,70,"184cm | 6'0""",0,-,-,Lierse SK,France
François Pantxi Sirieix,67,CM,,0,2.0,3,64,60,63,62,67,65,"180cm | 5'11""",0,-,-,Toulouse FC,France
Christophe Marichez,67,GK,,0,1.0,3,72,64,62,65,58,71,"182cm | 6'0""",0,-,-,FC Metz,France
Danny Webber,67,ST,,0,3.0,4,80,60,46,70,51,62,"174cm | 5'9""",0,-,-,Portsmouth,England
Richard Wellens,67,CM,,0,2.0,3,62,63,69,69,67,55,"175cm | 5'9""",0,-,-,Leicester City,England
Luigi Riccio,67,CM,,0,2.0,3,69,58,65,65,64,66,"176cm | 5'9""",0,-,-,Sassuolo,Italy
Oliver Barth,67,CB,,0,2.0,3,60,38,57,43,67,72,"188cm | 6'2""",0,-,-,SC Freiburg,Germany
Benjamin De Ceulaer,67,RW,,0,3.0,3,73,65,60,71,47,51,"175cm | 5'9""",0,-,-,Sporting Lokeren OV,Belgium
Milorad Pekovic,67,CDM,,0,2.0,3,62,60,57,59,71,70,"189cm | 6'2""",0,-,-,SpVgg Greuther Fürth,Montenegro
Francis Dickoh,67,CB,,0,2.0,3,62,33,42,41,69,77,"188cm | 6'2""",0,-,-,Hibernian,Ghana
Rasmus Würtz,67,CDM,,0,2.0,3,61,61,61,64,69,66,"179cm | 5'10""",0,-,-,Aalborg BK,Denmark
Sofian Chahed,67,RWB,,0,2.0,4,73,51,63,64,65,52,"178cm | 5'10""",0,-,-,Hannover 96,Tunisia
Marco Christ,67,CAM,,0,3.0,4,65,62,70,67,56,50,"170cm | 5'7""",0,-,-,Fortuna Düsseldorf,Germany
Adriano Pereira da Silva,67,CB,,0,2.0,3,73,52,55,49,64,60,"180cm | 5'11""",0,-,-,AS Monaco FC,Brazil
Claiton Alberto Fontoura dos Santos,67,CDM,,0,3.0,2,64,57,66,73,69,63,"179cm | 5'10""",0,-,-,Atlético Paranaense,Brazil
Francisco David Sousa Franquelo,67,CAM,,0,3.0,4,61,61,68,66,57,56,"174cm | 5'9""",0,-,-,Albacete Balompié S.A.D.,Spain
Jonas Ivens,67,CB,,0,2.0,3,61,42,52,42,67,72,"188cm | 6'2""",0,-,-,FC Groningen,Belgium
Brian Carroll,67,CDM,,0,2.0,3,71,48,50,61,66,68,"178cm | 5'10""",0,-,-,Columbus Crew,United States
Walter Bressan,67,GK,,0,1.0,2,65,65,60,70,35,70,"185cm | 6'1""",0,-,-,Sassuolo,Italy
Andrea Pisanu,67,LW,,0,3.0,3,73,61,61,69,54,58,"173cm | 5'8""",0,-,-,Bologna,Italy
Thomas Hervé Job Iyock,67,RM,,0,3.0,3,78,61,61,66,56,53,"175cm | 5'9""",0,-,-,Cittadella,Cameroon
Callsen-Bracker,67,CB,,0,2.0,3,63,34,50,41,65,70,"189cm | 6'2""",0,-,-,Borussia M'gladbach,Germany
Souleymane Diamoutene,67,CB,,0,2.0,2,73,45,48,51,65,68,"184cm | 6'0""",0,-,-,Lecce,Mali
Jürgen Gjasula,67,CAM,,0,3.0,3,68,66,64,69,58,58,"186cm | 6'1""",0,-,-,FSV Frankfurt,Germany
Torsten Mattuschka,67,CAM,,0,2.0,4,69,69,69,67,63,54,"186cm | 6'1""",0,-,-,1. FC Union Berliln,Germany
Florian Dick,67,RWB,,0,2.0,4,73,61,63,61,69,68,"184cm | 6'0""",0,-,-,1. FC Kaiserslautern,Germany
Yann Jouffre,67,CM,,0,3.0,3,70,63,69,70,61,64,"175cm | 5'9""",0,-,-,FC Lorient Bretagne Sud,France
Nat Borchers,67,CB,,0,2.0,4,66,43,48,54,66,66,"189cm | 6'2""",0,-,-,Real Salt Lake,United States
Zak Whitbread,67,CB,,0,2.0,3,61,36,46,49,66,74,"188cm | 6'2""",0,-,-,Norwich City,United States
Pat Onstad,67,GK,,0,1.0,3,61,67,68,67,53,75,"193cm | 6'4""",0,-,-,Houston Dynamo,Canada
Patrick McCarthy,67,CB,,0,2.0,3,65,32,35,37,69,76,"185cm | 6'1""",0,-,-,Crystal Palace,Republic of Ireland
Babacar Gueye,67,ST,,0,3.0,4,73,65,62,68,60,68,"186cm | 6'1""",0,-,-,Alemannia Aachen,Senegal
Danny Buijs,67,CM,,0,3.0,3,69,56,69,65,68,69,"182cm | 6'0""",0,-,-,ADO Den Haag,Netherlands
Nico Herzig,67,CB,,0,2.0,3,64,41,46,49,70,72,"187cm | 6'2""",0,-,-,Alemannia Aachen,Germany
Bryan Bergougnoux,67,LF,,0,3.0,3,65,64,72,73,55,52,"178cm | 5'10""",0,-,-,Lecce,France
Nicola Pavarini,67,GK,,0,1.0,2,71,60,61,63,30,72,"188cm | 6'2""",0,-,-,Parma,Italy
Sergio Bernal,67,GK,,0,1.0,2,70,65,68,71,40,60,"188cm | 6'2""",0,-,-,U.N.A.M.,Mexico
Israel López,67,CDM,,0,2.0,3,65,66,65,65,64,60,"166cm | 5'5""",0,-,-,Necaxa,Mexico
Manuel José Azevedo Vieira,67,RM,,0,3.0,3,74,49,64,67,66,57,"176cm | 5'9""",0,-,-,Paços Ferreira,Portugal
Jesús Arellano,67,RW,,0,4.0,5,69,61,67,66,53,62,"171cm | 5'7""",0,-,-,Monterrey,Mexico
Brian Howard,67,CAM,,0,3.0,3,72,72,62,65,54,54,"173cm | 5'8""",0,-,-,Reading,England
Lucien Aubey,67,LB,,0,2.0,3,67,47,66,55,67,70,"182cm | 6'0""",0,-,-,Stade de Reims,Congo
Adnan Mravac,67,CB,,0,2.0,3,61,40,51,48,67,66,"192cm | 6'4""",0,-,-,KVC Westerlo,Bosnia Herzegovina
Jonathan Stead,67,ST,,0,3.0,3,66,68,49,60,54,78,"191cm | 6'3""",0,-,-,Bristol City,England
Kyoung Youl You,67,CB,,0,2.0,3,55,33,37,46,64,64,"182cm | 6'0""",0,-,-,Ulsan Hyundai Horang-i,Korea Republic
Greg Halford,67,RB,,0,2.0,4,68,65,75,62,66,70,"194cm | 6'4""",0,-,-,Wolverhampton Wanderers,England
Dean Gerken,67,GK,,0,1.0,3,70,60,65,72,56,62,"183cm | 6'0""",0,-,-,Bristol City,England
Olivier Davidas,67,LM,,0,3.0,3,68,51,70,67,61,61,"174cm | 5'9""",0,-,-,Nîmes Olympique,France
Marvin Cabrera,67,RB,,0,2.0,3,73,51,63,60,65,62,"173cm | 5'8""",0,-,-,Jaguares de Chiapas,Mexico
Riccardo Bonetto,67,LWB,,0,2.0,3,70,56,67,66,66,64,"177cm | 5'10""",0,-,-,Lazio,Italy
Steven MacLean,67,ST,,0,3.0,3,65,64,50,66,65,64,"180cm | 5'11""",0,-,-,Plymouth Argyle,Scotland
Ismaël Bouzid,67,CB,,0,2.0,3,62,36,45,50,64,72,"190cm | 6'3""",0,-,-,Heart of Midlothian,France
Stanislav Ivanov,67,CM,,0,3.0,3,67,63,67,70,64,60,"183cm | 6'0""",0,-,-,FC Rostov,Moldova
Reynald Lemaître,67,LB,,0,3.0,3,68,53,63,63,62,72,"175cm | 5'9""",0,-,-,A.S. Nancy Lorraine,France
Sinan Kaloğlu,67,CF,,0,3.0,3,67,64,54,69,54,70,"187cm | 6'2""",0,-,-,Vitesse,Turkey
Emiliano Dudar,67,CB,,0,2.0,3,63,44,45,46,67,70,"191cm | 6'3""",0,-,-,BSC Young Boys,Argentina
Tayfun Cora,67,RWB,,0,2.0,2,75,49,66,61,68,69,"182cm | 6'0""",0,-,-,Trabzonspor,Turkey
Niyazi Serhat Hikmet Akin,67,ST,,0,3.0,4,76,62,60,74,52,62,"178cm | 5'10""",0,-,-,Karlsruher SC,Turkey
Alioum Saidou,67,CDM,,0,,3,67,54,63,64,67,65,"182cm | 6'0""",0,-,-,Sivasspor,Cameroon
Murat Şahin,67,GK,,0,1.0,1,72,64,63,68,36,68,"184cm | 6'0""",0,-,-,Kasımpaşa SK,Turkey
Pablo Sicilia Roig,67,CB,,0,2.0,3,68,31,59,49,70,61,"182cm | 6'0""",0,-,-,Club Deportivo Tenerife S.A.D.,Spain
Raúl Navas Paul,67,GK,,0,1.0,3,73,65,62,68,46,64,"179cm | 5'10""",0,-,-,Córdoba Club de Fútbol S.A.D.,Spain
Jorge García,67,CB,,0,2.0,3,59,44,53,47,67,68,"185cm | 6'1""",0,-,-,Real Sporting de Gijón S.A.D.,Spain
Guillermo Vallori,67,CB,,0,2.0,3,59,31,52,42,67,76,"191cm | 6'3""",0,-,-,Grasshopper-Club,Spain
Fco. Javier García Guerrero,67,ST,,0,3.0,3,63,68,64,72,51,60,"176cm | 5'9""",0,-,-,Unión Deportiva Las Palmas S.A.D.,Spain
Carlos González Peña,67,LB,,0,2.0,3,75,36,62,60,66,63,"181cm | 5'11""",0,-,-,Real Valladolid Club de Fútbol S.A.D.,Spain
Andrey Karyaka,67,LM,,0,3.0,4,69,70,63,69,62,46,"179cm | 5'10""",0,-,-,Saturn Ramenskoye,Russia
Júlio César da Silva Sousa,67,ST,,0,3.0,3,70,68,57,71,56,58,"177cm | 5'10""",0,-,-,Gaziantepspor,Brazil
Samir Muratović,67,CAM,,0,3.0,4,63,66,64,68,64,66,"185cm | 6'1""",0,-,-,SK Sturm Graz,Bosnia Herzegovina
Nicolae Dică,67,CAM,,0,4.0,4,65,69,67,68,58,57,"181cm | 5'11""",0,-,-,Manisaspor,Romania
Elvir Rahimić,67,CDM,,0,2.0,3,55,57,63,60,66,70,"191cm | 6'3""",0,-,-,CSKA Moskva,Bosnia Herzegovina
Mariusz Pawełek,67,GK,,0,1.0,4,73,56,72,72,35,69,"185cm | 6'1""",0,-,-,Wisła Kraków,Poland
Brian Vandenbussche,67,GK,,0,1.0,1,69,62,67,69,58,67,"196cm | 6'5""",0,-,-,sc Heerenveen,Belgium
André Danielsen,67,CM,,0,3.0,3,74,52,60,60,65,60,"173cm | 5'8""",0,-,-,Viking FK,Norway
Tobias Grahn,67,CAM,,0,3.0,4,76,57,60,74,56,58,"189cm | 6'2""",0,-,-,Mjällby AIF ,Sweden
Pa-Madou Kah,67,CB,,0,2.0,3,70,41,52,55,65,80,"183cm | 6'0""",0,-,-,Roda JC,Norway
Brian van Loo,67,GK,,0,1.0,3,64,65,69,67,32,69,"198cm | 6'6""",0,-,-,FC Groningen,Netherlands
Koen van de Laak,67,CAM,,0,2.0,2,74,64,66,69,64,67,"182cm | 6'0""",0,-,-,FC Groningen,Netherlands
Csaba Fehér,67,CM,,0,3.0,3,61,63,69,65,68,66,"180cm | 5'11""",0,-,-,NAC Breda,Hungary
Daniele De Vezze,67,CM,,0,3.0,2,70,56,71,63,63,50,"173cm | 5'8""",0,-,-,F. Torino,Italy
Francesco Magnanelli,67,CM,,0,3.0,3,73,58,65,69,61,64,"177cm | 5'10""",0,-,-,Sassuolo,Italy
Björn Runström,67,CF,,0,3.0,2,72,63,54,70,53,66,"186cm | 6'1""",0,-,-,Molde FK,Sweden
Antonio Buscè,67,RM,,0,3.0,3,76,61,66,65,67,59,"182cm | 6'0""",0,-,-,Bologna,Italy
Marcos de Paula,67,ST,,0,3.0,3,73,62,48,65,60,70,"186cm | 6'1""",0,-,-,Chievo Verona,Brazil
Daryl Murphy,67,ST,,0,2.0,3,66,64,60,63,58,80,"189cm | 6'2""",0,-,-,Celtic,Republic of Ireland
Dante López,67,ST,,0,3.0,2,71,66,56,68,63,72,"185cm | 6'1""",0,-,-,U.N.A.M.,Paraguay
Thierry Debès,67,GK,,0,1.0,3,69,60,67,72,46,67,"185cm | 6'1""",0,-,-,AC Ajaccio,France
Leonhard Haas,67,CAM,,0,3.0,3,71,65,67,69,58,62,"182cm | 6'0""",0,-,-,SpVgg Greuther Fürth,Germany
Romain Sartre,67,CB,,0,2.0,3,58,39,50,30,65,68,"185cm | 6'1""",0,-,-,Tours FC,France
Roni Porokara,67,LW,,0,4.0,3,75,58,56,73,51,54,"183cm | 6'0""",0,-,-,Örebro SK,Finland
Paul Parry,67,LM,,0,3.0,5,79,63,64,66,59,59,"180cm | 5'11""",0,-,-,Preston North End,Wales
Kolja Afriyie,67,RB,,0,2.0,3,75,42,59,61,72,68,"188cm | 6'2""",0,-,-,Energie Cottbus,Germany
Rajko Lekic,67,ST,,0,3.0,3,70,64,49,71,58,62,"187cm | 6'2""",0,-,-,Silkeborg IF,Denmark
Turgay Bahadir,67,ST,,0,3.0,2,73,59,68,68,62,77,"190cm | 6'3""",0,-,-,Bursaspor,Austria
Franz Schiemer,67,CDM,,0,2.0,4,67,54,57,61,70,76,"185cm | 6'1""",0,-,-,FC Red Bull Salzburg,Austria
Kelvin Davis,67,GK,,0,1.0,3,65,67,65,69,61,66,"185cm | 6'1""",0,-,-,Southampton,England
Ole Martin Årst,67,CF,,0,2.0,4,72,65,57,58,62,79,"190cm | 6'3""",0,-,-,IK Start,Norway
Danny Pugh,67,LM,,0,3.0,2,71,54,70,67,64,68,"183cm | 6'0""",0,-,-,Stoke City,England
Bradley Orr,67,RB,,0,2.0,3,72,49,61,68,69,64,"183cm | 6'0""",0,-,-,Queens Park Rangers,England
Adriano Duarte Mansur,67,CB,,0,2.0,3,60,47,59,65,65,60,"184cm | 6'0""",0,-,-,KAA Gent,Brazil
Troy Perkins,67,GK,,0,1.0,3,70,65,77,68,55,65,"188cm | 6'2""",0,-,-,D.C. United,United States
Dean Marney,67,RM,,0,2.0,3,70,65,64,69,69,73,"183cm | 6'0""",0,-,-,Burnley,England
Matt Pickens,67,GK,,0,1.0,3,72,64,67,70,35,62,"184cm | 6'0""",0,-,-,Colorado Rapids,United States
Francisco Medina Luna,67,ST,,0,3.0,4,74,74,57,65,55,54,"174cm | 5'9""",0,-,-,Rayo Vallecano de Madrid S.A.D.,Spain
Leon Clarke,67,CF,,0,3.0,4,76,65,54,60,57,70,"188cm | 6'2""",0,-,-,Queens Park Rangers,England
Martin Ørnskov Nielsen,67,CM,,0,2.0,2,57,58,68,65,67,66,"184cm | 6'0""",0,-,-,Silkeborg IF,Denmark
Wojciech Łobodziński,67,RW,,0,3.0,3,70,63,63,70,54,52,"188cm | 6'2""",0,-,-,Wisła Kraków,Poland
Pablo Ruiz Barrero,67,CB,,0,2.0,3,60,39,57,50,66,65,"186cm | 6'1""",0,-,-,Fútbol Club Cartagena,Spain
Andy Dorman,67,CM,,0,3.0,3,77,66,61,69,66,61,"183cm | 6'0""",0,-,-,Crystal Palace,England
Eñaut Zubikarai Goñi,67,GK,,0,1.0,2,71,61,50,75,42,64,"185cm | 6'1""",0,-,-,Real Sociedad de Fútbol S.A.D.,Spain
Markel Bergara,67,CM,,0,2.0,3,65,58,65,68,62,65,"180cm | 5'11""",0,-,-,Real Sociedad de Fútbol S.A.D.,Spain
Matthew Mills,67,CB,,0,2.0,3,64,36,49,37,65,70,"191cm | 6'3""",0,-,-,Reading,England
Seyi Olajengbesi,67,CB,,0,2.0,3,70,27,46,43,68,72,"192cm | 6'4""",0,-,-,Alemannia Aachen,Nigeria
Juan Carlos Medina,67,RM,,0,3.0,4,67,67,70,66,62,58,"170cm | 5'7""",0,-,-,San Luis,Mexico
Thomas Gebauer,67,GK,,0,1.0,3,68,67,60,71,59,63,"191cm | 6'3""",0,-,-,SV Josko Fenst. Ried,Germany
Richard Wood,67,CB,,0,2.0,3,69,31,44,41,66,75,"191cm | 6'3""",0,-,-,Coventry City,England
Rodrigo Bonifácio da Rocha,67,ST,,0,3.0,2,79,64,56,67,49,62,"177cm | 5'10""",0,-,-,Terek Grozny,Brazil
Stephen Elliott,67,ST,,0,3.0,3,76,63,58,68,51,66,"176cm | 5'9""",0,-,-,Heart of Midlothian,Republic of Ireland
Mario Carevič,67,CAM,,0,3.0,4,61,69,71,67,58,52,"186cm | 6'1""",0,-,-,KV Kortrijk,Croatia
Christoph Saurer,67,LM,,0,3.0,4,72,59,65,69,52,58,"175cm | 5'9""",0,-,-,SK Rapid Wien,Austria
Marco Ramos,67,LB,,0,2.0,2,69,40,64,59,65,65,"172cm | 5'8""",0,-,-,Racing Club de Lens,Portugal
Angelo Rea,67,CB,,0,2.0,3,69,39,57,35,65,68,"185cm | 6'1""",0,-,-,Sassuolo,Italy
Matthias Langkamp,67,CB,,0,2.0,3,69,38,45,41,64,70,"191cm | 6'3""",0,-,-,Karlsruher SC,Germany
Mario Sonnleitner,67,CB,,0,2.0,3,77,37,45,47,63,68,"182cm | 6'0""",0,-,-,SK Rapid Wien,Austria
Julien Gorius,67,CAM,,0,2.0,3,65,69,67,65,60,59,"182cm | 6'0""",0,-,-,KV Mechelen,France
André-Joël Sami,67,CB,,0,2.0,3,61,44,48,45,63,66,"190cm | 6'3""",0,-,-,A.S. Nancy Lorraine,DR Congo
Collins John,67,ST,,0,3.0,4,70,64,46,68,54,64,"182cm | 6'0""",0,-,-,Chicago Fire,Netherlands
Anthony Gerrard,67,CB,,0,2.0,3,66,34,46,57,62,73,"188cm | 6'2""",0,-,-,Hull City,England
Hugo Colace,67,CM,,0,2.0,3,65,56,67,70,65,58,"172cm | 5'8""",0,-,-,Barnsley,Argentina
Davide Zoboli,67,CB,,0,2.0,2,63,43,59,37,65,70,"190cm | 6'3""",0,-,-,Brescia,Italy
Manuel Coppola,67,CDM,,0,2.0,3,72,53,67,61,66,58,"172cm | 5'8""",0,-,-,Lecce,Italy
Andreu Guerao Mayoral,67,CM,,0,3.0,3,71,59,69,65,69,59,"180cm | 5'11""",0,-,-,Polonia Warszawa,Spain
Tom Soares,67,CM,,0,3.0,4,70,62,68,68,64,58,"183cm | 6'0""",0,-,-,Stoke City,England
Eugene Galekovic,67,GK,,0,1.0,4,72,62,62,69,58,63,"187cm | 6'2""",0,-,-,Adelaide United,Australia
Sergey Dadu,67,ST,,0,3.0,3,58,67,34,69,49,65,"184cm | 6'0""",0,-,-,Alaniya Vladikavkaz,Moldova
Pablo Bárzola,67,RB,,0,2.0,3,74,45,68,54,64,57,"175cm | 5'9""",0,-,-,Stade Malherbe Caen,Argentina
Mattia Notari,67,CB,,0,2.0,3,61,45,47,55,66,74,"190cm | 6'3""",0,-,-,Lierse SK,Italy
Fernando Usero Toledano,67,CM,,0,2.0,4,64,65,67,56,66,58,"178cm | 5'10""",0,-,-,Córdoba Club de Fútbol S.A.D.,Spain
Radek Hochmeister,67,CDM,,0,2.0,4,72,58,71,53,64,71,"191cm | 6'3""",0,-,-,FC Hradec Králové,Czech Republic
Joseba Garmendia Elorriaga,67,CAM,,0,3.0,3,71,62,65,68,57,56,"182cm | 6'0""",0,-,-,Club Deportivo Numancia de Soria S.A.D. ,Spain
Ghislain Gimbert,67,ST,,0,2.0,4,61,71,58,60,53,62,"182cm | 6'0""",0,-,-,Stade Lavallois Mayenne FC,France
Nick van der Velden,67,RW,,0,2.0,2,67,60,67,66,67,70,"187cm | 6'2""",0,-,-,AZ Alkmaar,Netherlands
Scott Cuthbert,67,CB,,0,2.0,3,66,37,48,56,68,72,"188cm | 6'2""",0,-,-,Swindon Town,Scotland
Steve Colpaert,67,CB,,0,2.0,4,69,46,58,47,61,66,"176cm | 5'9""",0,-,-,SV Zulte-Waregem,Belgium
Branko Ilič,67,RB,,0,2.0,3,64,57,63,49,65,72,"187cm | 6'2""",0,-,-,Lokomotiv Moskva,Slovenia
Zahari Sirakov,67,RB,,0,2.0,4,60,36,64,51,66,61,"181cm | 5'11""",0,-,-,Amkar Perm,Bulgaria
Lasse Heinze,67,GK,,0,1.0,3,72,63,60,71,40,62,"184cm | 6'0""",0,-,-,Silkeborg IF,Denmark
Neil Kilkenny,67,CM,,0,3.0,3,61,60,64,68,62,46,"173cm | 5'8""",0,-,-,Leeds United,Australia
Ferne Snoyl,67,LB,,0,3.0,3,73,54,64,63,69,60,"177cm | 5'10""",0,-,-,NAC Breda,Netherlands
Andrew Davies,67,CB,,0,2.0,3,69,31,46,47,65,70,"188cm | 6'2""",0,-,-,Stoke City,England
James Morrison,67,RM,,0,3.0,3,75,52,63,72,55,47,"178cm | 5'10""",0,-,-,West Bromwich Albion,Scotland
Danielson Ferreira Trindade,67,CB,,0,2.0,3,66,45,43,48,65,74,"186cm | 6'1""",0,-,-,CD Nacional,Brazil
Tom Heaton,67,GK,,0,1.0,3,70,67,57,68,35,66,"185cm | 6'1""",0,-,-,Cardiff City,England
Andres Del Campo Santos,67,LM,,0,4.0,3,70,59,62,79,50,72,"176cm | 5'9""",0,-,-,Elche Club de Fútbol S.A.D.,Spain
Sašo Fornezzi,67,GK,,0,1.0,3,69,67,60,72,49,62,"191cm | 6'3""",0,-,-,SC Magna Wiener Neustadt,Slovenia
Andrew Crofts,67,CM,,0,2.0,3,75,57,63,64,62,66,"175cm | 5'9""",0,-,-,Norwich City,Wales
Paul Robinson,67,CB,,0,2.0,3,66,40,49,40,67,72,"185cm | 6'1""",0,-,-,Millwall,England
John Ruddy,67,GK,,0,1.0,3,66,68,62,70,63,67,"193cm | 6'4""",0,-,-,Norwich City,England
Jonny Hayes,67,LW,,0,2.0,3,73,58,60,70,58,40,"170cm | 5'7""",0,-,-,Inverness Caledonian Thistle,Republic of Ireland
Luis Ángel Landín,67,ST,,0,4.0,3,72,66,48,67,53,71,"185cm | 6'1""",0,-,-,Atlante,Mexico
Julien Féret,67,CAM,,0,3.0,4,73,63,69,69,52,59,"187cm | 6'2""",0,-,-,A.S. Nancy Lorraine,France
Maceo Rigters,67,ST,,0,3.0,3,72,61,54,66,52,73,"179cm | 5'10""",0,-,-,Willem II,Netherlands
David Cobeño Iglesias,67,GK,,0,1.0,3,64,71,75,65,48,72,"185cm | 6'1""",0,-,-,Rayo Vallecano de Madrid S.A.D.,Spain
Jorge Alonso Martín,67,CM,,0,2.0,3,68,56,70,68,65,66,"178cm | 5'10""",0,-,-,Real Valladolid Club de Fútbol S.A.D.,Spain
Adam Varadi,67,ST,,0,2.0,3,69,67,63,65,56,66,"182cm | 6'0""",0,-,-,Baník Ostrava,Czech Republic
Graziano Pellè,67,ST,,0,3.0,4,65,66,46,52,58,75,"193cm | 6'4""",0,-,-,AZ Alkmaar,Italy
Chris Wondolowski,67,ST,,0,2.0,3,74,64,53,62,56,65,"185cm | 6'1""",0,-,-,San Jose Earthquakes,United States
Will Johnson,67,LM,,0,3.0,4,81,59,60,67,61,61,"178cm | 5'10""",0,-,-,Real Salt Lake,Canada
Jeff Larentowicz,67,CDM,,0,2.0,3,69,64,53,58,68,65,"185cm | 6'1""",0,-,-,Colorado Rapids,United States
Thomas Kristensen,67,CM,,0,3.0,4,69,62,71,68,62,54,"188cm | 6'2""",0,-,-,FC København,Denmark
José Roberto Rodrigues Mota,67,ST,,0,3.0,3,63,61,54,67,52,68,"190cm | 6'3""",0,-,-,Suwon Samsung Bluewings,Brazil
Steven Smith,67,LB,,0,2.0,3,71,36,66,66,65,68,"178cm | 5'10""",0,-,-,Norwich City,Scotland
Stefán Gíslason,67,CDM,,0,2.0,3,59,56,57,50,70,68,"196cm | 6'5""",0,-,-,Brøndby IF,Iceland
Rafael Jordá Ruiz de Asín,67,ST,,0,3.0,3,65,65,44,61,64,72,"192cm | 6'4""",0,-,-,Levante Unión Deportiva S.A.D.,Spain
Mamadou Diallo,67,ST,,0,3.0,2,68,63,54,69,53,74,"179cm | 5'10""",0,-,-,Havre Athletic Club,Mali
Peter Ramage,67,CB,,0,2.0,3,65,41,54,53,64,74,"185cm | 6'1""",0,-,-,Queens Park Rangers,England
Cyril Théréau,67,ST,,0,3.0,3,67,65,60,62,58,69,"189cm | 6'2""",0,-,-,Chievo Verona,France
Bobby Boswell,67,CB,,0,2.0,3,56,34,46,50,65,72,"188cm | 6'2""",0,-,-,Houston Dynamo,United States
Hamdi Kasraoui,67,GK,,0,1.0,3,75,66,61,69,58,59,"192cm | 6'4""",0,-,-,Racing Club de Lens,Tunisia
Claudiu Keserü,67,ST,,0,3.0,2,64,75,57,68,53,48,"178cm | 5'10""",0,-,-,Angers SCO,Romania
Jae Sung Kim,67,CM,,0,2.0,4,69,67,69,65,63,62,"179cm | 5'10""",0,-,-,Pohang Steelers,Korea Republic
Jang Eun Oh,67,CM,,0,3.0,2,63,57,67,72,60,42,"175cm | 5'9""",0,-,-,Ulsan Hyundai Horang-i,Korea Republic
Hyo Jin Choi,67,RWB,,0,2.0,3,73,56,65,67,67,61,"172cm | 5'8""",0,-,-,FC Seoul,Korea Republic
Molinero,67,RB,,0,2.0,3,79,50,63,59,66,68,"175cm | 5'9""",0,-,-,Sociedad Deportiva Huesca S.A.D.,Spain
Alexey Solosin,67,GK,,0,1.0,3,68,61,67,72,43,70,"189cm | 6'2""",0,-,-,Sibir Novosibirsk,Russia
Joey O'Brien,67,CM,,0,2.0,3,71,55,65,60,70,70,"180cm | 5'11""",0,-,-,Bolton Wanderers,Republic of Ireland
Tiago Coelho Branco Calvano,67,CB,,0,2.0,3,64,50,62,57,68,68,"188cm | 6'2""",0,-,-,Fortuna Düsseldorf,Brazil
Tomislav Mikulic,67,CB,,0,2.0,3,65,49,60,53,66,70,"186cm | 6'1""",0,-,-,Germinal Beerschot,Croatia
Jean-Jacques Mandrichi,67,ST,,0,3.0,3,63,66,52,57,55,68,"184cm | 6'0""",0,-,-,Grenoble Foot 38,France
Tomáš Lovásik,67,GK,,0,1.0,2,66,67,59,69,57,68,"191cm | 6'3""",0,-,-,Sigma Olomouc,Slovakia
Juri Judt,67,RB,,0,2.0,3,74,37,60,61,67,48,"173cm | 5'8""",0,-,-,1. FC Nürnberg,Kazakhstan
Tim Vincken,67,RW,,0,3.0,3,81,63,61,63,50,59,"174cm | 5'9""",0,-,-,SBV Excelsior,Netherlands
Alex Bruce,67,CB,,0,2.0,2,63,33,48,41,64,68,"180cm | 5'11""",0,-,-,Leeds United,Republic of Ireland
Freddy Eastwood,67,ST,,0,3.0,3,74,68,51,67,53,53,"180cm | 5'11""",0,-,-,Coventry City,Wales
Daniele Quadrini,67,RW,,0,3.0,3,68,61,66,68,57,54,"173cm | 5'8""",0,-,-,Sassuolo,Italy
Yann Kermorgant,67,CF,,0,2.0,3,63,69,57,59,57,70,"183cm | 6'0""",0,-,-,AC Arles Avignon,France
David Rodríguez,67,ST,,0,3.0,3,71,64,49,67,51,70,"178cm | 5'10""",0,-,-,Real Club Celta de Vigo S.A.D.,Spain
Dennis Grote,67,LM,,0,3.0,2,83,53,63,70,50,48,"183cm | 6'0""",0,-,-,VfL Bochum,Germany
Tim Krul,67,GK,,0,1.0,2,71,66,68,69,50,66,"188cm | 6'2""",0,-,-,Newcastle United,Netherlands
Daniel Fernández Artola,67,RWB,,0,3.0,3,74,49,64,69,64,58,"181cm | 5'11""",0,-,-,Feyenoord,Spain
Cristian Portilla Rodríguez,67,CM,,0,3.0,3,70,64,71,65,59,54,"180cm | 5'11""",0,-,-,Real Sporting de Gijón S.A.D.,Spain
Óscar Díaz González,67,RM,,0,3.0,3,72,58,63,74,55,59,"185cm | 6'1""",0,-,-,Xerez Club Deportivo S.A.D.,Spain
Jehu Chiapas,67,CDM,,0,2.0,2,70,60,69,65,66,64,"174cm | 5'9""",0,-,-,U.N.A.M.,Mexico
Mehdi Taouil,67,CM,,0,3.0,4,73,58,66,72,59,53,"173cm | 5'8""",0,-,-,Kilmarnock,France
Ahmed Ahahaoui,67,LW,,0,3.0,4,76,65,55,69,48,52,"179cm | 5'10""",0,-,-,VVV-Venlo,Netherlands
Dawid Janczyk,67,ST,,0,3.0,4,72,66,57,67,55,66,"184cm | 6'0""",0,-,-,Germinal Beerschot,Poland
Liam Craig,67,CM,,0,3.0,3,70,60,70,69,68,62,"183cm | 6'0""",0,-,-,St. Johnstone FC,Scotland
Daniel Estrada A.,67,RM,,0,3.0,3,74,60,64,66,65,56,"177cm | 5'10""",0,-,-,Real Sociedad de Fútbol S.A.D.,Spain
Ritchie Kitoko,67,CDM,,0,2.0,3,73,56,58,61,70,62,"177cm | 5'10""",0,-,-,Granada Club de Fútbol,Belgium
Eggert Jónsson,67,RB,,0,3.0,3,67,37,62,65,66,70,"188cm | 6'2""",0,-,-,Heart of Midlothian,Iceland
Ahmed Kantari,67,CB,,0,2.0,3,69,35,53,48,65,65,"185cm | 6'1""",0,-,-,Stade Brestois 29,Morocco
Natalio Lorenzo Poquet,67,CF,,0,3.0,4,72,64,60,74,50,56,"176cm | 5'9""",0,-,-,Club Deportivo Tenerife S.A.D.,Spain
Njogu Demba-Nyrén,67,ST,,0,3.0,3,75,61,32,64,60,70,"187cm | 6'2""",0,-,-,Odense Boldklub,Gambia
Giles Coke,67,CM,,0,3.0,4,83,66,63,67,64,62,"183cm | 6'0""",0,-,-,Sheffield Wednesday,England
Adrian Mariappa,67,CB,,0,2.0,3,76,28,45,51,67,74,"180cm | 5'11""",0,-,-,Watford,England
Antonino Barillà,67,CM,,0,3.0,3,79,62,64,63,70,62,"180cm | 5'11""",0,-,-,Reggina,Italy
Manuel Reina Rodríguez,67,GK,,0,1.0,3,71,62,63,73,44,63,"185cm | 6'1""",0,-,-,Levante Unión Deportiva S.A.D.,Spain
Lewin Nyatanga,67,CB,,0,2.0,3,72,25,40,49,66,74,"188cm | 6'2""",0,-,-,Bristol City,Wales
Giles Barnes,67,LW,,0,3.0,4,77,55,61,66,56,52,"182cm | 6'0""",0,-,-,West Bromwich Albion,England
Rhys Williams,67,CB,,0,2.0,4,70,53,65,52,67,67,"187cm | 6'2""",0,-,-,Middlesbrough,Australia
Patryk Malecki,67,ST,,0,2.0,5,76,63,63,70,50,63,"170cm | 5'7""",0,-,-,Wisła Kraków,Poland
Felix Borja,67,CF,,0,3.0,3,74,64,60,66,57,80,"180cm | 5'11""",0,-,-,1. FSV Mainz 05,Ecuador
Giancarlo Maldonado,67,ST,,0,3.0,3,70,69,45,65,54,62,"173cm | 5'8""",0,-,-,Club Deportivo Chivas USA,Venezuela
Birkir Bjarnason,67,CM,,0,3.0,4,74,63,66,75,57,56,"182cm | 6'0""",0,-,-,Viking FK,Iceland
Daniel Halfar,67,CAM,,0,3.0,3,81,60,65,70,54,50,"173cm | 5'8""",0,-,-,TSV 1860 München,Germany
Sven Kums,67,CM,,0,3.0,4,64,67,68,67,57,56,"176cm | 5'9""",0,-,-,KV Kortrijk,Belgium
Bart Buysse,67,LB,,0,2.0,3,72,47,62,63,64,62,"178cm | 5'10""",0,-,-,FC Twente,Belgium
Nebojša Pavlović,67,CDM,,0,2.0,3,61,54,55,51,70,68,"189cm | 6'2""",0,-,-,KV Kortrijk,Serbia
Jelle Vossen,67,ST,,0,3.0,3,63,70,63,64,52,62,"177cm | 5'10""",0,-,-,KRC Genk,Belgium
Ki Hun Yeom,67,LW,,0,3.0,2,72,65,66,66,55,48,"182cm | 6'0""",0,-,-,Suwon Samsung Bluewings,Korea Republic
Blažej Vaščák,67,CAM,,0,3.0,3,66,60,72,68,60,62,"185cm | 6'1""",0,-,-,Polonia Bytom,Slovakia
Änis Ben-Hatira,67,LM,,0,3.0,4,79,57,63,72,55,60,"181cm | 5'11""",0,-,-,Hamburger SV,Germany
Luboš Loučka,67,CDM,,0,2.0,4,65,52,67,55,66,63,"176cm | 5'9""",0,-,-,FK Baumit Jablonec,Czech Republic
Stefan Aigner,67,RM,,0,3.0,5,80,57,64,67,54,54,"185cm | 6'1""",0,-,-,TSV 1860 München,Germany
Benedikt Fernandez,67,GK,,0,1.0,2,70,62,60,73,54,61,"184cm | 6'0""",0,-,-,Bayer 04 Leverkusen,Germany
Cyriaque Louvion,67,CB,,0,2.0,3,57,45,60,44,64,68,"185cm | 6'1""",0,-,-,Lemans FC,France
Arnhold Rivas,67,CAM,,0,4.0,5,72,63,68,67,49,58,"172cm | 5'8""",0,-,-,América,Mexico
Ángel,67,CF,,0,3.0,3,80,60,54,71,49,59,"172cm | 5'8""",0,-,-,Elche Club de Fútbol S.A.D.,Spain
Andreas Nordvik,67,LB,,0,2.0,4,76,48,65,57,66,70,"184cm | 6'0""",0,-,-,Vålerenga Fotball,Norway
Sebastian Schachten,67,RB,,0,2.0,3,73,42,64,62,68,60,"190cm | 6'3""",0,-,-,Borussia M'gladbach,Germany
Moreno Costanzo,67,CAM,,0,2.0,3,70,64,57,74,58,48,"181cm | 5'11""",0,-,-,BSC Young Boys,Switzerland
Mário Jorge Quintas Felgueiras,67,GK,,0,1.0,3,66,67,67,67,40,68,"187cm | 6'2""",0,-,-,Rio Ave FC,Portugal
Milan Kopic,67,CB,,0,2.0,3,66,53,55,54,66,68,"187cm | 6'2""",0,-,-,sc Heerenveen,Czech Republic
Marko Lomić,67,LB,,0,3.0,4,66,44,73,61,67,60,"187cm | 6'2""",0,-,-,Dinamo Moskva,Serbia
Mahamadou Habib Habibou,67,ST,,0,2.0,3,74,66,44,63,54,66,"192cm | 6'4""",0,-,-,SV Zulte-Waregem,France
Mohamed Dahmane,67,CF,,0,3.0,4,73,65,61,69,50,62,"180cm | 5'11""",0,-,-,Bucaspor,Algeria
Romain Danzé,67,RM,,0,2.0,2,63,59,70,65,64,64,"184cm | 6'0""",0,-,-,Stade Rennais FC,France
Miguel Layún,67,RWB,,0,2.0,3,71,52,63,66,63,63,"180cm | 5'11""",0,-,-,América,Mexico
Abdou Razack Traoré,67,LW,,0,4.0,3,78,60,60,72,55,51,"170cm | 5'7""",0,-,-,Lechia Gdańsk,Ivory Coast
Hassane Alla,67,LM,,0,3.0,2,69,62,66,67,55,62,"180cm | 5'11""",0,-,-,Havre Athletic Club,Morocco
Ruud Vormer,67,CDM,,0,2.0,3,68,41,62,56,67,55,"178cm | 5'10""",0,-,-,Roda JC,Netherlands
Nicolas Frey,67,CB,,0,2.0,3,71,32,55,48,70,68,"184cm | 6'0""",0,-,-,Chievo Verona,France
Alessandro Pellicori,67,ST,,0,3.0,2,71,66,46,62,52,70,"181cm | 5'11""",0,-,-,F. Torino,Italy
Mosquera,67,CM,,0,3.0,3,69,58,68,67,58,54,"183cm | 6'0""",0,-,-,Getafe Club de Fútbol S.A.D.,Spain
Robbie Rogers,67,LM,,0,3.0,5,82,66,58,72,54,57,"178cm | 5'10""",0,-,-,Columbus Crew,United States
Sam Vokes,67,ST,,0,3.0,3,69,62,54,66,61,80,"188cm | 6'2""",0,-,-,Bristol City,Wales
Lorenzo Davids,67,CM,,0,2.0,3,72,61,63,65,68,68,"180cm | 5'11""",0,-,-,N.E.C.,Suriname
Rydell Poepon,67,ST,,0,3.0,4,76,66,52,67,55,56,"182cm | 6'0""",0,-,-,De Graafschap,Netherlands
Thomas Kraft,67,GK,,0,1.0,3,66,67,59,74,56,62,"185cm | 6'1""",0,-,-,Bayern München,Germany
Luiz Marcelo Morais dos Reis,67,CAM,,0,4.0,3,78,59,62,77,48,46,"170cm | 5'7""",0,-,-,S.C. Olhanense,Brazil
Petr Šíma,67,LM,,0,2.0,3,82,60,62,61,72,69,"181cm | 5'11""",0,-,-,Dynamo České Budějovice,Czech Republic
Adam Lallana,67,CAM,,0,3.0,4,70,64,65,71,52,50,"173cm | 5'8""",0,-,-,Southampton,England
David Střihavka,67,ST,,0,3.0,2,66,63,56,64,57,73,"195cm | 6'5""",0,-,-,Viktoria Plzeň ,Czech Republic
Tomáš Sedláček,67,RF,,0,3.0,2,76,69,64,63,54,50,"186cm | 6'1""",0,-,-,Dynamo České Budějovice,Czech Republic
Jan Riegel,67,RM,,0,2.0,3,68,53,74,61,66,70,"193cm | 6'4""",0,-,-,Dynamo České Budějovice,Czech Republic
Tomáš Jirsák,67,LM,,0,3.0,3,68,66,62,67,70,61,"172cm | 5'8""",0,-,-,Wisła Kraków,Czech Republic
Jan Trousil,67,CB,,0,2.0,3,42,51,50,56,64,68,"192cm | 6'4""",0,-,-,1. FC Brno,Czech Republic
Milan Petržela,67,RM,,0,3.0,4,82,58,67,64,58,51,"171cm | 5'7""",0,-,-,Viktoria Plzeň ,Czech Republic
Adam Hloušek,67,LM,,0,2.0,2,72,63,67,66,61,63,"188cm | 6'2""",0,-,-,Slavia Praha,Czech Republic
Michal Vorel,67,GK,,0,1.0,3,63,67,59,64,59,77,"196cm | 6'5""",0,-,-,Mladá Boleslav,Czech Republic
David Hubáček,67,LB,,0,2.0,2,71,59,58,64,68,62,"174cm | 5'9""",0,-,-,Slavia Praha,Czech Republic
David Carney,67,LWB,,0,3.0,3,74,65,65,72,67,48,"181cm | 5'11""",0,-,-,Blackpool,Australia
Johann Ramaré,67,CDM,,0,2.0,3,67,49,66,60,70,59,"181cm | 5'11""",0,-,-,Stade de Reims,France
Ivan Radeljić,67,CB,,0,2.0,4,62,33,53,41,65,74,"190cm | 6'3""",0,-,-,Medical Park Antalyaspor,Bosnia Herzegovina
Nikita Rukavytsya,67,LF,,0,3.0,3,86,60,58,71,55,54,"183cm | 6'0""",0,-,-,Hertha BSC,Australia
Mahamane Traoré,67,CAM,,0,3.0,3,71,65,68,72,45,57,"176cm | 5'9""",0,-,-,FC Metz,Mali
Sebastian De Maio,67,CB,,0,2.0,3,70,40,48,30,65,68,"190cm | 6'3""",0,-,-,Brescia,France
Nana Attakora,67,CB,,0,2.0,3,77,36,48,56,67,64,"185cm | 6'1""",0,-,-,Toronto FC,Canada
Vítor Hugo Gomes Paços,67,CM,,0,3.0,3,75,63,67,57,70,66,"187cm | 6'2""",0,-,-,Eskişehirspor,Portugal
Jose Holebas,67,LWB,,0,3.0,3,72,54,55,67,65,65,"184cm | 6'0""",0,-,-,Olympiakos CFP,Germany
Nikola Petković,67,LB,,0,2.0,2,66,39,60,52,66,72,"185cm | 6'1""",0,-,-,Tom Tomsk,Serbia
Kelvin Etuhu,67,RW,,0,3.0,3,81,48,62,71,55,44,"185cm | 6'1""",0,-,-,Manchester City,Nigeria
Fabio Morena,67,CB,,0,2.0,4,59,46,59,49,65,70,"180cm | 5'11""",0,-,-,FC St. Pauli,Germany
Georges Mandjeck,67,CDM,,0,2.0,4,73,39,62,70,67,58,"183cm | 6'0""",0,-,-,Stade Rennais FC,Cameroon
Matteo Rubin,67,LB,,0,2.0,3,74,45,67,60,66,66,"183cm | 6'0""",0,-,-,Bologna,Italy
Loris Arnaud,67,ST,,0,3.0,3,76,60,53,73,60,60,"182cm | 6'0""",0,-,-,Angers SCO,France
Kayke Machado Rodrigues,67,ST,,0,3.0,2,76,66,55,65,55,68,"182cm | 6'0""",0,-,-,Tromsø IL,Brazil
Dominique Sosso Malonga,67,ST,,0,3.0,3,73,66,51,64,60,68,"185cm | 6'1""",0,-,-,A.C. Cesena,France
Christopher Drazan,67,LM,,0,3.0,3,78,57,65,67,48,60,"184cm | 6'0""",0,-,-,SK Rapid Wien,Austria
Mandla Masango,67,CAM,,0,4.0,3,72,64,71,71,48,54,"165cm | 5'5""",0,-,-,Kaizer Chiefs,South Africa
Aarón Ñíguez,67,LF,,0,3.0,3,76,65,59,70,52,64,"170cm | 5'7""",0,-,-,R.C. Recreativo,Spain
Mitchell Donald,67,CM,,0,3.0,3,66,60,63,67,68,62,"183cm | 6'0""",0,-,-,Ajax,Netherlands
Teddy Chevalier,67,ST,,0,3.0,4,79,65,62,60,53,69,"180cm | 5'11""",0,-,-,SV Zulte-Waregem,France
Ricardo da Silva dos Santos,67,ST,,0,2.0,3,67,62,50,65,64,67,"187cm | 6'2""",0,-,-,Kalmar FF,Brazil
Calvin Jong-A-Pin,67,LB,,0,2.0,2,76,34,51,59,68,62,"183cm | 6'0""",0,-,-,sc Heerenveen,Netherlands
Chris Basham,67,CDM,,0,2.0,3,69,61,66,59,59,64,"180cm | 5'11""",0,-,-,Blackpool,England
Dorian Dervite,67,CB,,0,2.0,3,63,30,46,30,67,66,"192cm | 6'4""",0,-,-,Villarreal Club de Fútbol “B” S.A.D.,France
John Bostock,67,CM,,0,3.0,4,76,72,66,74,58,58,"179cm | 5'10""",0,-,-,Hull City,England
Ion Echaide Sola,67,CB,,0,2.0,3,73,43,47,55,66,72,"183cm | 6'0""",0,-,-,Sociedad Deportiva Huesca S.A.D.,Spain
Jaílson Alex Alves dos Santos,67,ST,,0,3.0,3,77,60,52,69,51,62,"176cm | 5'9""",0,-,-,Vitória de Setúbal,Brazil
Chris Martin,67,ST,,0,3.0,4,77,70,29,69,55,56,"178cm | 5'10""",0,-,-,Norwich City,England
Fabiano Medina Da Silva,67,CB,,0,2.0,2,62,48,55,35,66,73,"189cm | 6'2""",0,-,-,Lecce,Brazil
Joshua King,67,ST,,0,2.0,2,85,60,48,78,54,56,"182cm | 6'0""",0,-,-,Preston North End,Norway
Henri Lansbury,67,CM,,0,2.0,3,73,60,66,67,63,50,"183cm | 6'0""",0,-,-,Arsenal,England
Ched Evans,67,ST,,0,3.0,2,75,66,53,64,60,70,"183cm | 6'0""",0,-,-,Sheffield United,Wales
Matty James,67,CM,,0,3.0,4,73,65,60,65,61,60,"179cm | 5'10""",0,-,-,Preston North End,England
Aaron Doran,67,RM,,0,3.0,4,72,67,63,68,50,59,"170cm | 5'7""",0,-,-,Blackburn Rovers,Republic of Ireland
Gavin Gunning,67,CB,,0,2.0,3,61,36,46,37,67,66,"183cm | 6'0""",0,-,-,Blackburn Rovers,Republic of Ireland
Vegar Eggen Hedenstad,67,RB,,0,2.0,3,77,52,72,64,67,56,"178cm | 5'10""",0,-,-,Stabæk Fotball,Norway
Gianluca Nijholt,67,CM,,0,3.0,3,70,66,69,65,62,61,"181cm | 5'11""",0,-,-,FC Utrecht,Netherlands
Tim Breukers,67,RB,,0,2.0,2,69,44,64,62,67,63,"183cm | 6'0""",0,-,-,Heracles Almelo,Netherlands
Sean Franklin,67,RB,,0,3.0,2,83,50,61,63,67,70,"178cm | 5'10""",0,-,-,Los Angeles Galaxy,United States
Geoff Cameron,67,CDM,,0,3.0,3,80,61,59,64,69,72,"191cm | 6'3""",0,-,-,Houston Dynamo,United States
Kiko Olivas,67,CB,,0,2.0,3,61,36,50,47,70,68,"189cm | 6'2""",0,-,-,Villarreal Club de Fútbol S.A.D.,Spain
Albert Adomah,67,RW,,0,3.0,3,85,52,58,70,53,58,"185cm | 6'1""",0,-,-,Bristol City,England
Thiago Carleto,67,LWB,,0,3.0,3,79,62,62,73,64,54,"172cm | 5'8""",0,-,-,São Paulo,Brazil
Alexandr Stavpets,67,ST,,0,3.0,4,68,65,56,70,58,72,"175cm | 5'9""",0,-,-,Krylya Sovetov Samara,Russia
Justin Braun,67,ST,,0,2.0,3,71,61,53,64,58,75,"191cm | 6'3""",0,-,-,Club Deportivo Chivas USA,United States
Juan Carlos Escobar,67,CM,,0,3.0,3,63,67,67,67,70,64,"184cm | 6'0""",0,-,-,Krylya Sovetov Samara,Colombia
Barry Maguire,67,CM,,0,2.0,2,71,48,64,70,65,65,"180cm | 5'11""",0,-,-,FC Utrecht,Netherlands
Júnior Díaz,67,LWB,,0,2.0,4,75,58,63,64,68,64,"185cm | 6'1""",0,-,-,Club Brugge KV,Costa Rica
Alberto Pomini,67,GK,,0,1.0,2,65,65,60,70,50,70,"187cm | 6'2""",0,-,-,Sassuolo,Italy
Aislan Paulo Lotici Back,67,CB,,0,2.0,2,70,34,33,42,69,78,"193cm | 6'4""",0,-,-,G. Campinas,Brazil
Wellington Aparecido Martins,67,CF,,0,4.0,3,83,61,62,74,57,58,"173cm | 5'8""",0,-,-,São Paulo,Brazil
Felipe,67,CB,,0,2.0,3,63,41,52,47,67,67,"193cm | 6'4""",0,-,-,Standard de Liège,Brazil
Mike Terranova,67,ST,,0,3.0,3,68,65,53,64,51,65,"172cm | 5'8""",0,-,-,Rot-Weiß Oberhausen,Italy
Jordi Xumetra Feliu,67,RW,,0,3.0,3,81,54,57,70,56,58,"172cm | 5'8""",0,-,-,Elche Club de Fútbol S.A.D.,Spain
Luca Siligardi,67,RW,,0,3.0,3,74,52,60,70,55,51,"179cm | 5'10""",0,-,-,Bologna,Italy
Jonathas de Jesus Maurício,67,ST,,0,3.0,3,71,66,45,57,58,69,"190cm | 6'3""",0,-,-,AZ Alkmaar,Brazil
Bruno Fornaroli,67,ST,,0,4.0,4,76,65,55,64,55,66,"176cm | 5'9""",0,-,-,Sampdoria,Uruguay
Bastian Schulz,67,CDM,,0,2.0,4,71,36,55,51,68,70,"182cm | 6'0""",0,-,-,1. FC Kaiserslautern,Germany
Marcus Nilsson,67,CB,,0,2.0,3,73,35,37,38,68,69,"194cm | 6'4""",0,-,-,Helsingborgs IF,Sweden
Michael Görlitz,67,RW,,0,3.0,3,73,52,63,71,55,50,"172cm | 5'8""",0,-,-,Halmstads BK,Germany
Daniel Candeias,67,RF,,0,3.0,3,78,58,58,74,48,58,"177cm | 5'10""",0,-,-,Portimão,Portugal
Elton Divino Célio,67,LB,,0,3.0,2,80,64,70,77,66,60,"172cm | 5'8""",0,-,-,A. Florianópolis,Brazil
Fausto Rossi,67,RM,,0,3.0,3,74,54,66,68,56,50,"175cm | 5'9""",0,-,-,Vicenza,Italy
Pablo de Barros Paulino,67,LWB,,0,2.0,4,78,54,68,73,62,55,"178cm | 5'10""",0,-,-,Cruzeiro,Brazil
Simen Wangberg,67,CB,,0,2.0,3,69,40,51,40,64,70,"187cm | 6'2""",0,-,-,Rosenborg BK,Norway
Mehmet Ekici,67,CM,,0,3.0,4,75,61,64,72,63,52,"180cm | 5'11""",0,-,-,1. FC Nürnberg,Germany
Federico Casarini,67,RM,,0,2.0,3,76,58,65,64,65,53,"181cm | 5'11""",0,-,-,Bologna,Italy
Éder,67,ST,,0,2.0,3,75,60,48,66,60,74,"188cm | 6'2""",0,-,-,Académica Coimbra,Guinea Bissau
James Wallace,67,CAM,,0,3.0,3,66,61,66,64,66,62,"180cm | 5'11""",0,-,-,Everton,England
Carlos Lázaro Vallejo,67,CM,,0,3.0,3,69,55,66,68,64,62,"179cm | 5'10""",0,-,-,Real Valladolid Club de Fútbol S.A.D.,Spain
Marian Kello,67,GK,,0,1.0,1,70,67,61,69,36,67,"188cm | 6'2""",0,-,-,Heart of Midlothian,Slovakia
Paul Coutts,67,CM,,0,2.0,3,71,60,67,67,65,64,"183cm | 6'0""",0,-,-,Preston North End,Scotland
Rodolph Austin,67,CM,,0,3.0,3,76,67,60,61,67,68,"184cm | 6'0""",0,-,-,SK Brann,Jamaica
Oscar Sielva Moreno,67,CM,,0,3.0,4,63,56,70,65,54,51,"177cm | 5'10""",0,-,-,R.C.D. Espanyol de Barcelona S.A.D.,Spain
Fellipe Ramos Ignez Bastos,67,CDM,,0,2.0,3,72,65,63,69,63,62,"176cm | 5'9""",0,-,-,Vasco da Gama,Brazil
Hugo Bargas,67,LW,,0,3.0,3,75,67,63,67,52,62,"176cm | 5'9""",0,-,-,De Graafschap,Argentina
Ousman Jallow,67,ST,,0,3.0,3,80,58,44,71,49,52,"181cm | 5'11""",0,-,-,Brøndby IF,Gambia
Nathaniel Clyne,67,RB,,0,3.0,3,85,48,61,70,66,61,"175cm | 5'9""",0,-,-,Crystal Palace,England
Lauri Dalla Valle,67,ST,,0,3.0,4,69,65,50,68,53,66,"183cm | 6'0""",0,-,-,Fulham,Finland
Pavel Černý,67,CF,,0,4.0,4,79,68,41,67,53,66,"184cm | 6'0""",0,-,-,FC Hradec Králové,Czech Republic
Mikhail Sivakov,67,CM,,0,3.0,3,68,62,68,66,65,64,"187cm | 6'2""",0,-,-,Cagliari,Belarus
Cyriac Gohi Bi Zoro,67,ST,,0,3.0,4,76,64,53,68,50,68,"174cm | 5'9""",0,-,-,Standard de Liège,Ivory Coast
Samba Sow,67,CDM,,0,2.0,3,75,32,61,58,71,59,"185cm | 6'1""",0,-,-,Racing Club de Lens,Mali
Alejandro Bedoya,67,CAM,,0,2.0,4,80,56,61,66,62,51,"178cm | 5'10""",0,-,-,Örebro SK,United States
Andreas Lambertz,67,RM,,0,2.0,3,70,65,67,62,65,57,"175cm | 5'9""",0,-,-,Fortuna Düsseldorf,Germany
Bóveda,67,RB,,0,2.0,3,75,35,58,62,68,61,"180cm | 5'11""",0,-,-,Athletic Club de Bilbao,Spain
Rene Krhin,67,CM,,0,3.0,4,71,59,68,68,66,59,"189cm | 6'2""",0,-,-,Bologna,Slovenia
Yaşin Pehlivan,67,CDM,,0,3.0,4,65,56,56,65,66,66,"183cm | 6'0""",0,-,-,SK Rapid Wien,Austria
Christopher Buchtmann,67,LM,,0,4.0,4,75,68,61,72,58,54,"175cm | 5'9""",0,-,-,1. FC Köln,Germany
Manuel Torres Caturla,67,LB,,0,2.0,2,79,43,61,61,66,60,"186cm | 6'1""",0,-,-,Málaga Club de Fútbol S.A.D.,Spain
José Carlos Fernández Vázquez,67,CF,,0,3.0,3,72,66,67,71,51,63,"177cm | 5'10""",0,-,-,Sevilla Fútbol Club S.A.D.,Spain
Héctor Rodas,67,CB,,0,2.0,3,64,52,58,48,70,62,"190cm | 6'3""",0,-,-,Levante Unión Deportiva S.A.D.,Spain
Shane Duffy,67,CB,,0,2.0,3,51,34,44,30,66,68,"194cm | 6'4""",0,-,-,Everton,Republic of Ireland
Leandro Cabrera,67,CB,,0,2.0,3,71,32,57,39,63,69,"187cm | 6'2""",0,-,-,R.C. Recreativo,Uruguay
Ghilherme de Aguiar Camacho,67,CAM,,0,3.0,4,75,61,68,73,50,64,"181cm | 5'11""",0,-,-,Flamengo,Brazil
Vid Belec,67,GK,,0,1.0,2,67,67,59,72,56,66,"193cm | 6'4""",0,-,-,Grosseto,Serbia
Nick Viergever,67,CDM,,0,3.0,3,72,41,64,64,65,60,"182cm | 6'0""",0,-,-,AZ Alkmaar,Netherlands
Dario Vujicevic,67,CAM,,0,3.0,4,73,67,63,67,55,46,"180cm | 5'11""",0,-,-,FC Twente,Germany
Steven Saunders,67,CB,,0,3.0,2,67,21,43,60,66,65,"187cm | 6'2""",0,-,-,Motherwell,Scotland
Frank Nouble,67,ST,,0,3.0,3,78,64,44,65,56,65,"187cm | 6'2""",0,-,-,West Ham United,England
Adam Matthews,67,RB,,0,2.0,3,74,57,64,64,68,64,"178cm | 5'10""",0,-,-,Cardiff City,Wales
Filip Ðuricic,67,CAM,,0,3.0,5,77,64,66,73,45,40,"176cm | 5'9""",0,-,-,sc Heerenveen,Serbia
Pablo Herrera,67,RWB,,0,4.0,4,79,60,61,74,67,48,"167cm | 5'6""",0,-,-,Aalesunds FK,Costa Rica
Luca Marrone,67,CDM,,0,3.0,3,68,42,63,61,68,71,"186cm | 6'1""",0,-,-,Siena,Italy
Andros Townsend,67,LM,,0,3.0,3,84,55,60,71,49,49,"183cm | 6'0""",0,-,-,Ipswich Town,England
Tiago Pinto,67,LB,,0,2.0,2,76,55,65,65,68,66,"177cm | 5'10""",0,-,-,Rio Ave FC,Portugal
David Amoo,67,RW,,0,3.0,3,84,57,54,69,50,56,"179cm | 5'10""",0,-,-,Liverpool,England
Ibrahima Baldé,67,ST,,0,3.0,2,76,65,34,58,61,76,"187cm | 6'2""",0,-,-,Club Deportivo Numancia de Soria S.A.D. ,Senegal
Vitor Gomes Pereira,67,CAM,,0,3.0,3,74,66,62,68,48,49,"170cm | 5'7""",0,-,-,Los Angeles Galaxy,Brazil
Patrick Herrmann,67,RM,,0,4.0,4,82,57,59,75,46,50,"177cm | 5'10""",0,-,-,Borussia M'gladbach,Germany
Tim Ream,67,CB,,0,2.0,4,69,39,65,59,64,70,"185cm | 6'1""",0,-,-,New York Red Bulls,United States
Anthony Ujah,67,ST,,0,3.0,3,73,66,46,67,54,56,"183cm | 6'0""",0,-,-,Lillestrøm SK,Nigeria
Josh McEachran,67,LM,,0,3.0,3,73,64,69,70,41,50,"178cm | 5'10""",0,-,-,Chelsea,England
Glynor Plet,67,ST,,0,3.0,3,67,64,49,66,55,72,"194cm | 6'4""",0,-,-,Heracles Almelo,Netherlands
Almog Cohen,67,CDM,,0,2.0,3,70,52,65,60,64,56,"169cm | 5'7""",0,-,-,1. FC Nürnberg,Israel
Sam Walker,67,GK,,0,1.0,3,70,69,46,71,50,66,"197cm | 6'6""",0,-,-,Chelsea,England
Manuel Herrera Yagüe,66,GK,,0,1.0,2,64,62,60,72,41,66,"182cm | 6'0""",0,-,-,Agrupación Deportiva Alcorcón,Spain
Alexander Zickler,66,ST,,0,3.0,5,74,64,50,66,51,66,"189cm | 6'2""",0,-,-,LASK Linz,Germany
David Wright,66,RB,,0,2.0,3,73,38,53,57,65,70,"180cm | 5'11""",0,-,-,Crystal Palace,England
Stephen Foster,66,CB,,0,2.0,3,60,30,40,36,62,76,"180cm | 5'11""",0,-,-,Barnsley,England
Barry Nicholson,66,CM,,0,3.0,3,71,63,68,67,61,60,"170cm | 5'7""",0,-,-,Preston North End,Scotland
Timo Achenbach,66,LB,,0,2.0,4,74,67,67,66,66,64,"185cm | 6'1""",0,-,-,Alemannia Aachen,Germany
Marco Zanchi,66,CB,,0,2.0,3,68,52,52,50,62,72,"177cm | 5'10""",0,-,-,Vicenza,Italy
Steven Milne,66,ST,,0,3.0,4,72,62,48,64,52,66,"170cm | 5'7""",0,-,-,St. Johnstone FC,Scotland
Stephen Hughes,66,CM,,0,3.0,4,72,62,69,67,62,54,"180cm | 5'11""",0,-,-,Norwich City,Scotland
Andy Todd,66,CB,,0,2.0,3,50,36,38,32,65,69,"178cm | 5'10""",0,-,-,Perth Glory FC,England
Jon Parkin,66,ST,,0,3.0,3,67,62,43,62,67,71,"193cm | 6'4""",0,-,-,Preston North End,England
Matthew Oakley,66,CM,,0,3.0,3,66,62,69,61,63,65,"178cm | 5'10""",0,-,-,Leicester City,England
Godfried Aduobe,66,CDM,,0,2.0,3,64,47,60,53,67,66,"178cm | 5'10""",0,-,-,Karlsruher SC,Ghana
Sergio Volpi,66,CM,,0,3.0,4,67,64,70,62,61,54,"175cm | 5'9""",0,-,-,Piacenza,Italy
Luke Chadwick,66,RM,,0,3.0,3,73,50,59,68,56,62,"180cm | 5'11""",0,-,-,Milton Keynes Dons,England
Daniel Klewer,66,GK,,0,1.0,3,63,66,64,71,69,64,"192cm | 6'4""",0,-,-,1. FC Nürnberg,Germany
Cédric Barbosa,66,CM,,0,3.0,4,74,64,71,66,61,62,"179cm | 5'10""",0,-,-,Evian Thonon Gaillard FC,France
Rudy Riou,66,GK,,0,1.0,3,63,68,67,70,30,68,"185cm | 6'1""",0,-,-,Olympique de Marseille,France
Jurgen Cavens,66,CF,,0,3.0,4,61,66,64,67,58,65,"188cm | 6'2""",0,-,-,Lierse SK,Belgium
Raimund Hedl,66,GK,,0,1.0,3,63,70,68,66,54,65,"188cm | 6'2""",0,-,-,SK Rapid Wien,Austria
Nicolas Goussé,66,ST,,0,3.0,3,59,66,56,57,53,68,"182cm | 6'0""",0,-,-,Evian Thonon Gaillard FC,France
Yoann Bigné,66,CM,,0,2.0,3,66,50,70,66,61,44,"168cm | 5'6""",0,-,-,Stade Brestois 29,France
Kevin Lisbie,66,ST,,0,3.0,3,73,61,42,70,53,72,"178cm | 5'10""",0,-,-,Millwall,Jamaica
Eurípedes Adão Amoreirinha,66,CB,,0,2.0,2,70,44,57,56,67,67,"183cm | 6'0""",0,-,-,Académica Coimbra,Portugal
René Aufhauser,66,CDM,,0,3.0,3,65,60,57,61,68,76,"187cm | 6'2""",0,-,-,LASK Linz,Austria
Philippe Clement,66,CB,,0,2.0,3,43,53,58,36,64,68,"191cm | 6'3""",0,-,-,Germinal Beerschot,Belgium
Carlo Nash,66,GK,,0,1.0,3,62,69,63,66,55,67,"182cm | 6'0""",0,-,-,Stoke City,England
Thomas Myhre,66,GK,,0,1.0,4,58,58,67,75,69,67,"193cm | 6'4""",0,-,-,Kongsvinger IL Toppfotball,Norway
Richie Foran,66,ST,,0,2.0,3,63,62,58,67,51,68,"185cm | 6'1""",0,-,-,Inverness Caledonian Thistle,Republic of Ireland
Lee Johnson,66,CM,,0,3.0,3,71,63,70,67,61,53,"168cm | 5'6""",0,-,-,Bristol City,England
Bruno Amaro de Sousa Barros,66,CM,,0,3.0,3,62,70,70,62,66,56,"181cm | 5'11""",0,-,-,CD Nacional,Portugal
Massimilian Porcello,66,CM,,0,3.0,4,63,67,67,66,67,62,"184cm | 6'0""",0,-,-,Karlsruher SC,Italy
Carlos Varela,66,RM,,0,,3,76,60,59,67,61,58,"177cm | 5'10""",0,-,-,D.C. United,Spain
Jeff Cunningham,66,ST,,0,3.0,4,84,63,42,68,49,56,"173cm | 5'8""",0,-,-,FC Dallas,United States
Daniel Imhof,66,CDM,,0,2.0,3,68,49,56,54,65,66,"177cm | 5'10""",0,-,-,FC St. Gallen,Canada
Tommy Svindal Larsen,66,CM,,0,3.0,3,65,61,67,65,65,58,"172cm | 5'8""",0,-,-,Odd Grenland,Norway
Cláudio Zelito Fernandes,66,LF,,0,3.0,3,76,63,60,71,52,56,"169cm | 5'7""",0,-,-,Portimão,Cape Verde Islands
Martin Albrechtsen,66,CB,,0,2.0,4,73,47,52,52,66,70,"186cm | 6'1""",0,-,-,FC Midtjylland,Denmark
Fernando José Sales de los Cobos,66,RW,,0,3.0,3,64,62,68,72,47,49,"171cm | 5'7""",0,-,-,Agrupación Deportiva Alcorcón,Spain
Mile Sterjovski,66,RW,,0,3.0,4,68,66,61,66,64,62,"180cm | 5'11""",0,-,-,Perth Glory FC,Australia
Jan-Paul Saeijs,66,CB,,0,2.0,3,59,53,49,46,66,74,"190cm | 6'3""",0,-,-,De Graafschap,Netherlands
Amdy Faye,66,CDM,,0,,3,66,50,59,56,67,72,"184cm | 6'0""",0,-,-,Leeds United,Senegal
Anel Dzaka,66,CAM,,0,3.0,5,67,67,60,68,56,62,"179cm | 5'10""",0,-,-,1. FC Kaiserslautern,Germany
Luciano Zavagno,66,LB,,0,2.0,3,66,48,61,46,65,68,"182cm | 6'0""",0,-,-,F. Torino,Argentina
Davy De Beule,66,CAM,,0,3.0,3,72,65,64,69,56,54,"180cm | 5'11""",0,-,-,KV Kortrijk,Belgium
Samuele Dalla Bona,66,CAM,,0,3.0,4,60,64,64,59,67,68,"185cm | 6'1""",0,-,-,A. Bergamo,Italy
Julio Arca,66,CDM,,0,3.0,3,75,66,76,72,64,66,"178cm | 5'10""",0,-,-,Middlesbrough,Argentina
Danny Califf,66,CB,,0,2.0,3,52,39,45,39,71,66,"185cm | 6'1""",0,-,-,Philadelphia Union,United States
Kevin Vandenbergh,66,ST,,0,3.0,3,66,69,48,65,40,61,"178cm | 5'10""",0,-,-,KAS Eupen,Belgium
Jan Kristiansen,66,LM,,0,3.0,4,65,68,62,64,61,46,"180cm | 5'11""",0,-,-,Brøndby IF,Denmark
Santino Quaranta,66,RM,,0,3.0,3,75,63,61,65,54,64,"183cm | 6'0""",0,-,-,D.C. United,United States
Jesper Mikkelsen,66,CDM,,0,2.0,3,66,39,56,47,65,60,"183cm | 6'0""",0,-,-,Silkeborg IF,Denmark
Kevin Begois,66,GK,,0,1.0,2,65,67,64,67,55,67,"184cm | 6'0""",0,-,-,VVV-Venlo,Belgium
Roberto Peragón Lacalle,66,CF,,0,3.0,3,71,64,48,69,57,60,"169cm | 5'7""",0,-,-,Girona Fútbol Club S.A.D. ,Spain
Mario Kienzl,66,CM,,0,3.0,3,65,51,68,66,68,58,"178cm | 5'10""",0,-,-,SK Sturm Graz,Austria
Mikkel Bischoff,66,CB,,0,2.0,4,70,29,50,47,65,71,"193cm | 6'4""",0,-,-,Brøndby IF,Denmark
Taylor Twellman,66,ST,,0,3.0,3,70,62,41,62,56,74,"180cm | 5'11""",0,-,-,New England Revolution,United States
Alain Nef,66,RB,,0,2.0,3,68,38,57,53,69,70,"190cm | 6'3""",0,-,-,BSC Young Boys,Switzerland
Richard Garcia,66,RM,,0,3.0,4,65,65,62,71,62,64,"181cm | 5'11""",0,-,-,Hull City,Australia
Neil Sullivan,66,GK,,0,1.0,3,61,71,69,61,57,72,"191cm | 6'3""",0,-,-,Doncaster Rovers,Scotland
Michael Duberry,66,CB,,0,2.0,3,62,33,39,50,69,74,"191cm | 6'3""",0,-,-,St. Johnstone FC,England
David De Freitas,66,CM,,0,3.0,3,67,63,68,68,63,59,"180cm | 5'11""",0,-,-,Angers SCO,France
Björn Schlicke,66,CB,,0,2.0,3,56,46,52,45,66,71,"193cm | 6'4""",0,-,-,FSV Frankfurt,Germany
Nelson Ferreira,66,LM,,0,3.0,4,65,67,64,65,62,58,"175cm | 5'9""",0,-,-,FC Luzern,Portugal
Grant McCann,66,CM,,0,2.0,3,66,60,71,57,57,67,"178cm | 5'10""",0,-,-,Peterborough United,Northern Ireland
Nicky Weaver,66,GK,,0,1.0,3,65,67,68,68,52,64,"193cm | 6'4""",0,-,-,Sheffield Wednesday,England
Mark McLaughlin,66,CB,,0,2.0,3,58,30,49,55,70,71,"187cm | 6'2""",0,-,-,Hamilton Academicals,Scotland
Tom Soetaers,66,LM,,0,3.0,3,70,66,65,65,51,53,"174cm | 5'9""",0,-,-,KV Mechelen,Belgium
Lee Naylor,66,LB,,0,2.0,2,71,34,56,63,63,62,"178cm | 5'10""",0,-,-,Cardiff City,England
Nicolai Høgh,66,CB,,0,2.0,4,69,39,42,38,68,72,"190cm | 6'3""",0,-,-,Esbjerg fB,Denmark
Mijat Maric,66,CB,,0,2.0,4,56,56,57,43,65,61,"188cm | 6'2""",0,-,-,Sporting Lokeren OV,Switzerland
Mariusz Jop,66,CB,,0,2.0,3,60,54,56,64,64,66,"188cm | 6'2""",0,-,-,Górnik Zabrze,Poland
Espen Bugge Pettersen,66,GK,,0,1.0,2,65,55,57,75,48,66,"189cm | 6'2""",0,-,-,Molde FK,Norway
Alain Rochat,66,LB,,0,2.0,3,73,38,62,56,65,73,"182cm | 6'0""",0,-,-,FC Zürich,Switzerland
Mario Cassano,66,GK,,0,1.0,2,66,60,60,72,50,66,"185cm | 6'1""",0,-,-,Piacenza,Italy
Martin Lejsal,66,GK,,0,1.0,3,64,63,58,71,54,68,"198cm | 6'6""",0,-,-,1. FC Brno,Czech Republic
Fabien Laurenti,66,RB,,0,2.0,2,66,40,62,41,63,72,"181cm | 5'11""",0,-,-,AC Arles Avignon,France
Guillaume Lacour,66,CDM,,0,2.0,3,66,60,72,71,62,58,"173cm | 5'8""",0,-,-,Evian Thonon Gaillard FC,France
Daniel Sjölund,66,CM,,0,3.0,3,68,63,67,67,60,58,"178cm | 5'10""",0,-,-,Djurgårdens IF,Finland
James Harper,66,CM,,0,3.0,3,76,64,67,64,69,68,"178cm | 5'10""",0,-,-,Hull City,England
Billy Paynter,66,ST,,0,2.0,3,67,61,54,62,57,72,"183cm | 6'0""",0,-,-,Leeds United,England
Mark Hudson,66,CB,,0,2.0,3,56,39,39,44,63,79,"185cm | 6'1""",0,-,-,Cardiff City,England
Logan Pause,66,CDM,,0,2.0,4,69,53,59,62,65,64,"178cm | 5'10""",0,-,-,Chicago Fire,United States
Shaun Derry,66,CDM,,0,2.0,3,64,50,58,48,70,67,"183cm | 6'0""",0,-,-,Queens Park Rangers,England
Stuart Parnaby,66,RB,,0,2.0,3,72,49,56,49,66,72,"178cm | 5'10""",0,-,-,Birmingham City,England
José Saez,66,CM,,0,3.0,4,63,62,65,61,67,60,"170cm | 5'7""",0,-,-,Valenciennes FC,France
Danny Coles,66,CB,,0,2.0,3,66,32,33,34,64,70,"185cm | 6'1""",0,-,-,Bristol Rovers,England
Danny Fuchs,66,LM,,0,3.0,5,63,63,64,69,53,40,"178cm | 5'10""",0,-,-,1. FC Kaiserslautern,Germany
Jens Langeneke,66,CB,,0,2.0,3,64,40,49,41,65,66,"185cm | 6'1""",0,-,-,Fortuna Düsseldorf,Germany
Darel Russell,66,CDM,,0,2.0,3,67,50,63,64,67,66,"178cm | 5'10""",0,-,-,Preston North End,England
Ranisav Jovanovic,66,LF,,0,3.0,3,78,64,49,59,56,66,"191cm | 6'3""",0,-,-,Fortuna Düsseldorf,Serbia
Stephan Loboué,66,GK,,0,1.0,3,71,64,62,68,39,61,"194cm | 6'4""",0,-,-,Rot-Weiß Oberhausen,Ivory Coast
Daniel Tortolero Núñez,66,CB,,0,2.0,3,59,49,54,52,66,64,"184cm | 6'0""",0,-,-,Girona Fútbol Club S.A.D. ,Spain
Davide Brivio,66,LB,,0,2.0,2,76,50,66,64,65,58,"185cm | 6'1""",0,-,-,Lecce,Italy
Veroljub Salatic,66,CDM,,0,2.0,3,63,49,61,55,68,60,"185cm | 6'1""",0,-,-,Grasshopper-Club,Switzerland
David Generelo Miranda,66,CM,,0,3.0,4,64,61,70,60,67,54,"183cm | 6'0""",0,-,-,Elche Club de Fútbol S.A.D.,Spain
Jorge Pina Roldán,66,LW,,0,3.0,3,74,62,54,70,53,58,"174cm | 5'9""",0,-,-,Albacete Balompié S.A.D.,Spain
Paul Connolly,66,RB,,0,2.0,3,58,38,64,60,67,67,"183cm | 6'0""",0,-,-,Leeds United,England
Sebastián Corona Nacarino,66,CB,,0,2.0,3,58,43,47,45,64,62,"182cm | 6'0""",0,-,-,Sociedad Deportiva Huesca S.A.D.,Spain
Aïmen Demai,66,RB,,0,2.0,3,69,45,58,59,68,66,"181cm | 5'11""",0,-,-,Alemannia Aachen,Tunisia
Julien Cardy,66,CDM,,0,2.0,3,69,52,72,68,57,66,"176cm | 5'9""",0,-,-,Tours FC,France
Mohammed El Yaagoubi,66,LW,,0,3.0,3,72,63,64,66,61,52,"170cm | 5'7""",0,-,-,Girona Fútbol Club S.A.D. ,Morocco
Mario Alberto Rosas Montero,66,CAM,,0,3.0,4,62,65,65,69,53,54,"167cm | 5'6""",0,-,-,Unión Deportiva Salamanca S.A.D.,Spain
Reto Zanni,66,RB,,0,2.0,3,69,59,53,58,67,70,"188cm | 6'2""",0,-,-,FC Basel 1893,Switzerland
Mathieu Béda,66,CB,,0,2.0,4,62,43,49,50,68,72,"188cm | 6'2""",0,-,-,TSV 1860 München,France
Jermaine Easter,66,ST,,0,3.0,3,77,61,49,63,54,62,"175cm | 5'9""",0,-,-,Milton Keynes Dons,Wales
Ronny König,66,ST,,0,3.0,3,62,65,47,52,58,72,"190cm | 6'3""",0,-,-,Rot-Weiß Oberhausen,Germany
Abdullah Elyasa Süme,66,CB,,0,2.0,2,63,41,56,44,64,66,"184cm | 6'0""",0,-,-,Gaziantepspor,Germany
Sergiy Serebrennikov,66,CM,,0,3.0,4,57,61,66,60,62,63,"186cm | 6'1""",0,-,-,KSV Cercle Brugge,Ukraine
Mehmet Çoğum,66,CB,,0,2.0,3,63,37,51,47,65,72,"182cm | 6'0""",0,-,-,Kardemir Karabükspor,Turkey
Cihan Haspolatlı,66,CDM,,0,2.0,2,71,54,66,62,70,74,"184cm | 6'0""",0,-,-,İstanbul  BB,Turkey
Orhan Ak,66,LB,,0,3.0,2,62,41,60,61,64,66,"179cm | 5'10""",0,-,-,Bucaspor,Turkey
Adem Koçak,66,LM,,0,3.0,2,70,49,65,66,65,58,"178cm | 5'10""",0,-,-,MKE Ankaragücü,Turkey
Almir Lopes de Luna,66,CAM,,0,3.0,4,77,66,61,73,62,60,"177cm | 5'10""",0,-,-,Pohang Steelers,Brazil
Niki Mäenpää,66,GK,,0,1.0,3,68,67,73,67,53,63,"192cm | 6'4""",0,-,-,Willem II,Finland
Héctor Font Romero,66,CAM,,0,3.0,3,65,61,70,68,56,53,"170cm | 5'7""",0,-,-,Xerez Club Deportivo S.A.D.,Spain
Andy Gray,66,ST,,0,3.0,4,64,64,49,57,62,84,"185cm | 6'1""",0,-,-,Barnsley,Scotland
Killian Overmeire,66,CM,,0,3.0,4,64,58,66,62,66,64,"188cm | 6'2""",0,-,-,Sporting Lokeren OV,Belgium
Dong Jin Kim,66,LWB,,0,3.0,2,69,62,65,67,68,68,"183cm | 6'0""",0,-,-,Ulsan Hyundai Horang-i,Korea Republic
Chi Gon Kim,66,CB,,0,2.0,4,59,51,57,49,64,68,"183cm | 6'0""",0,-,-,Ulsan Hyundai Horang-i,Korea Republic
Petr Johana,66,CB,,0,2.0,3,53,39,48,42,66,69,"189cm | 6'2""",0,-,-,Mladá Boleslav,Czech Republic
Tomás Guzman,66,CF,,0,3.0,3,68,64,63,65,56,62,"177cm | 5'10""",0,-,-,Piacenza,Paraguay
Björn Brunnemann,66,RM,,0,3.0,3,79,64,60,66,56,58,"183cm | 6'0""",0,-,-,1. FC Union Berliln,Germany
Jeroen Verhoeven,66,GK,,0,1.0,2,61,68,72,72,42,64,"194cm | 6'4""",0,-,-,Ajax,Netherlands
Gijs Luirink,66,CB,,0,,3,63,42,60,39,65,66,"189cm | 6'2""",0,-,-,AZ Alkmaar,Netherlands
Valerio Di Cesare,66,CB,,0,2.0,3,66,39,39,38,67,70,"187cm | 6'2""",0,-,-,F. Torino,Italy
Jordan Lotiès,66,CB,,0,2.0,3,59,50,56,48,64,72,"187cm | 6'2""",0,-,-,A.S. Nancy Lorraine,France
Jamal Campbell-Ryce,66,LW,,0,3.0,3,79,62,48,71,48,56,"170cm | 5'7""",0,-,-,Bristol City,Jamaica
Kevin Stuhr-Ellegaard,66,GK,,0,1.0,2,60,70,68,70,50,67,"196cm | 6'5""",0,-,-,sc Heerenveen,Denmark
Lloyd Dyer,66,LW,,0,2.0,3,83,51,66,66,48,48,"173cm | 5'8""",0,-,-,Leicester City,England
Tamika Mkandawire,66,CB,,0,2.0,3,73,13,21,30,69,68,"183cm | 6'0""",0,-,-,Millwall,England
Todd Dunivant,66,LB,,0,2.0,3,72,54,61,63,66,62,"183cm | 6'0""",0,-,-,Los Angeles Galaxy,United States
Pedro José Pinazo Arias,66,LM,,0,3.0,3,72,60,57,80,50,53,"182cm | 6'0""",0,-,-,Unión Deportiva Salamanca S.A.D.,Spain
James McEveley,66,LB,,0,2.0,3,68,55,62,58,64,70,"183cm | 6'0""",0,-,-,Barnsley,Scotland
Ben Williams,66,GK,,0,1.0,3,66,61,59,74,54,62,"188cm | 6'2""",0,-,-,Colchester United,England
Ismael Íñiguez,66,RF,,0,3.0,3,71,64,62,67,55,62,"168cm | 5'6""",0,-,-,Necaxa,Mexico
Moustapha Salifou,66,CAM,,0,3.0,3,75,59,61,73,58,58,"180cm | 5'11""",0,-,-,Aston Villa,Togo
Sang Sik Kim,66,CDM,,0,2.0,3,66,49,64,65,66,72,"184cm | 6'0""",0,-,-,Jeonbuk Hyundai Motors,Korea Republic
Won Hee Cho,66,CDM,,0,2.0,3,73,60,62,66,65,62,"177cm | 5'10""",0,-,-,Suwon Samsung Bluewings,Korea Republic
Francisco Torres,66,RM,,0,3.0,4,73,68,58,73,49,52,"171cm | 5'7""",0,-,-,Santos Laguna,Mexico
Jamie McAllister,66,LB,,0,2.0,3,69,35,61,51,66,60,"178cm | 5'10""",0,-,-,Bristol City,Scotland
Mark-Jan Fledderus,66,CM,,0,3.0,3,68,67,64,65,67,53,"178cm | 5'10""",0,-,-,Heracles Almelo,Netherlands
Jawhar Mnari,66,CDM,,0,2.0,3,59,55,63,54,69,64,"184cm | 6'0""",0,-,-,FSV Frankfurt,Tunisia
Melvin Brown,66,CB,,0,2.0,3,66,50,54,44,64,65,"175cm | 5'9""",0,-,-,Puebla,Mexico
Sergio Amaury Ponce,66,RM,,0,2.0,3,68,64,66,61,63,64,"179cm | 5'10""",0,-,-,San Luis,Mexico
José Francisco Fonseca,66,ST,,0,3.0,3,72,62,66,62,54,65,"187cm | 6'2""",0,-,-,Tigres U.A.N.L.,Mexico
Billy Mehmet,66,ST,,0,2.0,3,63,61,49,63,53,72,"185cm | 6'1""",0,-,-,Gençlerbirliği SK,Republic of Ireland
Paul Quinn,66,CB,,0,2.0,3,59,31,50,50,62,72,"185cm | 6'1""",0,-,-,Cardiff City,Scotland
Daniel Bogdanovic,66,ST,,0,3.0,4,62,66,55,70,51,64,"187cm | 6'2""",0,-,-,Sheffield United,Malta
Karol Kisel,66,RM,,0,2.0,4,67,69,66,66,64,57,"173cm | 5'8""",0,-,-,Slavia Praha,Slovakia
Ricardo Alberto Medeiros Chaves,66,CM,,0,3.0,3,66,63,66,61,67,71,"182cm | 6'0""",0,-,-,Rio Ave FC,Portugal
Bartosz Bosacki,66,CB,,0,2.0,2,68,32,49,38,67,64,"189cm | 6'2""",0,-,-,Lech Poznań,Poland
Rubén Palazuelos García,66,CM,,0,3.0,3,65,59,61,68,64,72,"185cm | 6'1""",0,-,-,Heart of Midlothian,Spain
Giani Kirita,66,CDM,,0,2.0,3,65,57,61,55,66,67,"182cm | 6'0""",0,-,-,Bursaspor,Romania
Michael Petkovic,66,GK,,0,1.0,2,70,66,55,74,57,60,"190cm | 6'3""",0,-,-,Melbourne Victory FC,Australia
Mehmet Hilmi Yılmaz,66,ST,,0,3.0,2,66,61,60,65,57,71,"185cm | 6'1""",0,-,-,Gaziantepspor,Turkey
Darío Sala,66,GK,,0,1.0,3,68,67,82,69,52,55,"190cm | 6'3""",0,-,-,FC Dallas,Argentina
Olcan Adın,66,LM,,0,2.0,2,69,52,62,72,61,52,"173cm | 5'8""",0,-,-,Gaziantepspor,Turkey
Serdar Kurtuluş,66,CDM,,0,2.0,2,69,46,70,64,67,66,"184cm | 6'0""",0,-,-,Gaziantepspor,Turkey
İbrahim Üzülmez,66,LWB,,0,3.0,1,68,54,65,64,71,44,"175cm | 5'9""",0,-,-,Beşiktaş JK,Turkey
Mustafa Keçeli,66,LM,,0,3.0,3,75,50,65,68,59,54,"177cm | 5'10""",0,-,-,Bursaspor,Turkey
Paulo Menezes Kuru,66,RWB,,0,2.0,3,77,49,60,67,61,54,"172cm | 5'8""",0,-,-,Grasshopper-Club,Brazil
Cristian-Florin Ianu,66,ST,,0,3.0,3,76,62,60,67,50,55,"177cm | 5'10""",0,-,-,FC Luzern,Romania
Fredrik Björck,66,CB,,0,2.0,3,61,46,53,48,60,71,"188cm | 6'2""",0,-,-,Tromsø IL,Sweden
Marcus Sahlman,66,GK,,0,1.0,3,67,50,58,73,54,75,"197cm | 6'6""",0,-,-,Tromsø IL,Sweden
Dorca,66,CDM,,0,2.0,3,62,53,61,51,67,59,"182cm | 6'0""",0,-,-,Girona Fútbol Club S.A.D. ,Spain
Sergio Martínez Mantecón,66,CM,,0,2.0,4,66,61,61,57,67,60,"177cm | 5'10""",0,-,-,Elche Club de Fútbol S.A.D.,Spain
José Francisco Mora Aldava,66,CB,,0,2.0,3,60,44,57,52,68,66,"186cm | 6'1""",0,-,-,R.C. Recreativo,Spain
Jordi Matamala Muntadas,66,CM,,0,3.0,3,59,57,70,62,62,46,"182cm | 6'0""",0,-,-,R.C. Recreativo,Spain
David García,66,CB,,0,2.0,3,63,47,50,55,65,63,"182cm | 6'0""",0,-,-,Unión Deportiva Las Palmas S.A.D.,Spain
Mikel Rico,66,RM,,0,3.0,3,72,62,64,61,69,65,"178cm | 5'10""",0,-,-,Granada Club de Fútbol,Spain
Mikel Álvaro Salazar,66,RW,,0,3.0,4,80,62,54,69,55,54,"176cm | 5'9""",0,-,-,Club Deportivo Numancia de Soria S.A.D. ,Spain
Pedro Sta. Cecilia García,66,RM,,0,3.0,3,67,60,70,70,58,52,"180cm | 5'11""",0,-,-,Albacete Balompié S.A.D.,Spain
Javi Fuego,66,CM,,0,3.0,3,67,61,62,63,65,60,"181cm | 5'11""",0,-,-,Rayo Vallecano de Madrid S.A.D.,Spain
Gorka Larrea García,66,CM,,0,2.0,3,68,57,61,60,68,60,"182cm | 6'0""",0,-,-,Levante Unión Deportiva S.A.D.,Spain
Susaeta,66,RM,,0,3.0,3,72,69,64,72,51,50,"177cm | 5'10""",0,-,-,Rayo Vallecano de Madrid S.A.D.,Spain
Iban Zubiaurre Urrutia,66,RB,,0,2.0,4,73,45,63,61,64,60,"177cm | 5'10""",0,-,-,Albacete Balompié S.A.D.,Spain
Rubén Pérez Chueca,66,GK,,0,1.0,3,68,67,77,67,51,61,"185cm | 6'1""",0,-,-,Gimnàstic de Tarragona S.A.D.,Spain
Sergio Ortega González,66,CB,,0,2.0,3,59,43,57,49,66,62,"182cm | 6'0""",0,-,-,Real Club Celta de Vigo S.A.D.,Spain
Jordi López,66,CDM,,0,2.0,4,65,53,68,66,66,68,"182cm | 6'0""",0,-,-,Swansea City,Spain
Javier Tarantino Uriarte,66,LB,,0,2.0,3,74,51,59,51,65,68,"182cm | 6'0""",0,-,-,Albacete Balompié S.A.D.,Spain
Jorge Larena Avellaneda,66,CAM,,0,3.0,3,64,59,68,71,53,52,"182cm | 6'0""",0,-,-,Unión Deportiva Las Palmas S.A.D.,Spain
Unai Expósito Medina,66,RB,,0,2.0,4,73,60,60,62,64,59,"176cm | 5'9""",0,-,-,Fútbol Club Cartagena,Spain
Alexandr Antipenko,66,ST,,0,3.0,3,69,65,46,60,57,74,"194cm | 6'4""",0,-,-,Sibir Novosibirsk,Russia
Tomas Cizek,66,RM,,0,3.0,5,65,63,62,65,63,59,"175cm | 5'9""",0,-,-,Sibir Novosibirsk,Czech Republic
Alexandr Belozyorov,66,CB,,0,2.0,3,64,41,63,49,65,66,"184cm | 6'0""",0,-,-,Krylya Sovetov Samara,Russia
Dmitry Bulykin,66,ST,,0,2.0,3,66,63,48,53,56,66,"193cm | 6'4""",0,-,-,ADO Den Haag,Russia
Igor Strelkov,66,ST,,0,3.0,3,72,65,41,66,53,68,"182cm | 6'0""",0,-,-,Anzhi Makhachkala,Russia
Ivan Cherenchikov,66,CB,,0,2.0,4,69,53,63,57,65,62,"187cm | 6'2""",0,-,-,Amkar Perm,Russia
Andrzej Niedzielan,66,ST,,0,3.0,3,73,64,55,63,47,50,"180cm | 5'11""",0,-,-,Korona Kielce,Poland
Mark Looms,66,LB,,0,2.0,1,66,25,49,59,68,68,"192cm | 6'4""",0,-,-,Heracles Almelo,Netherlands
Loïc Loval,66,RM,,0,3.0,4,78,52,64,67,56,62,"174cm | 5'9""",0,-,-,Vannes OC,France
Michele Fini,66,RM,,0,4.0,4,61,57,70,65,58,50,"183cm | 6'0""",0,-,-,Siena,Italy
Luis Helguera Bujía,66,CDM,,0,2.0,3,56,59,61,52,66,58,"181cm | 5'11""",0,-,-,Sociedad Deportiva Huesca S.A.D.,Spain
Dekel Keinan,66,CB,,0,2.0,3,62,45,54,50,62,68,"186cm | 6'1""",0,-,-,Blackpool,Israel
Fabrice Do Marcolino,66,ST,,0,2.0,3,66,61,48,63,45,65,"185cm | 6'1""",0,-,-,Stade Lavallois Mayenne FC,Gabon
Charlie MacDonald,66,ST,,0,2.0,3,64,63,50,60,52,64,"175cm | 5'9""",0,-,-,Brentford,England
Aaron McLean,66,ST,,0,3.0,3,75,63,40,67,58,64,"171cm | 5'7""",0,-,-,Peterborough United,England
James Coppinger,66,RM,,0,3.0,3,75,48,64,67,55,56,"170cm | 5'7""",0,-,-,Doncaster Rovers,England
Christopher Poulsen,66,LB,,0,3.0,4,70,55,68,66,65,56,"184cm | 6'0""",0,-,-,Silkeborg IF,Denmark
Ludwin Van Nieuwenhuyze,66,CDM,,0,2.0,4,59,56,61,50,67,61,"185cm | 6'1""",0,-,-,SV Zulte-Waregem,Belgium
Koen Persoons,66,CM,,0,3.0,5,69,62,66,64,63,62,"179cm | 5'10""",0,-,-,Sporting Lokeren OV,Belgium
Børre Steenslid,66,CB,,0,2.0,3,76,56,58,55,67,66,"185cm | 6'1""",0,-,-,Viking FK,Norway
Jacob Burns,66,CDM,,0,2.0,3,59,58,57,57,70,48,"178cm | 5'10""",0,-,-,Perth Glory FC,Australia
Darren Ward,66,CB,,0,2.0,3,54,37,41,35,66,82,"191cm | 6'3""",0,-,-,Millwall,England
Martin Woods,66,CM,,0,3.0,5,73,65,66,66,60,60,"175cm | 5'9""",0,-,-,Doncaster Rovers,Scotland
Lee Barnard,66,ST,,0,3.0,3,69,64,44,61,55,70,"178cm | 5'10""",0,-,-,Southampton,England
Andy Griffin,66,RB,,0,2.0,4,66,33,55,49,68,70,"173cm | 5'8""",0,-,-,Reading,England
Jae Won Hwang,66,CB,,0,2.0,3,63,38,47,47,64,72,"186cm | 6'1""",0,-,-,Suwon Samsung Bluewings,Korea Republic
Gunnar Nielsen,66,GK,,0,1.0,3,67,69,60,66,65,67,"193cm | 6'4""",0,-,-,Tranmere Rovers,Faroe Islands
Chi Woo Kim,66,LM,,0,2.0,2,72,63,70,58,57,61,"175cm | 5'9""",0,-,-,FC Seoul,Korea Republic
Michael Umaña,66,CB,,0,2.0,3,74,47,52,44,66,63,"180cm | 5'11""",0,-,-,Club Deportivo Chivas USA,Costa Rica
Casto,66,GK,,0,1.0,3,70,66,56,72,36,62,"182cm | 6'0""",0,-,-,Real Betis Balompié S.A.D. ,Spain
Fredy Bareiro,66,ST,,0,3.0,2,71,64,56,62,50,70,"180cm | 5'11""",0,-,-,Estudiantes Tecos,Paraguay
Martin Cranie,66,RB,,0,2.0,3,72,41,62,52,69,65,"183cm | 6'0""",0,-,-,Coventry City,England
Serge N'Gal,66,RW,,0,3.0,4,81,57,54,69,54,61,"173cm | 5'8""",0,-,-,"União de Leiria, SAD",Cameroon
Radhi Jaidi,66,CB,,0,2.0,3,56,29,41,37,66,73,"189cm | 6'2""",0,-,-,Southampton,Tunisia
Adrián García Arias,66,CB,,0,2.0,3,66,50,56,50,64,66,"182cm | 6'0""",0,-,-,Monarcas Morelia,Mexico
Alejandro Lago,66,CB,,0,2.0,3,68,43,49,54,64,74,"187cm | 6'2""",0,-,-,Rosenborg BK,Uruguay
Balázs Tóth,66,CDM,,0,2.0,3,64,56,54,52,68,64,"174cm | 5'9""",0,-,-,VVV-Venlo,Hungary
Adam Barrett,66,CB,,0,2.0,4,53,25,33,34,65,76,"178cm | 5'10""",0,-,-,Crystal Palace,England
Tomasz Bobel,66,GK,,0,1.0,3,68,68,56,68,56,65,"187cm | 6'2""",0,-,-,Bayer 04 Leverkusen,Poland
Jan Mauersberger,66,CB,,0,2.0,4,58,26,46,29,65,64,"193cm | 6'4""",0,-,-,SpVgg Greuther Fürth,Germany
Edmond Kapllani,66,ST,,0,3.0,4,69,61,57,66,58,64,"185cm | 6'1""",0,-,-,SC Paderborn 07,Albania
Alan Tate,66,RB,,0,2.0,3,57,46,57,52,69,68,"185cm | 6'1""",0,-,-,Swansea City,England
Lorenzo Squizzi,66,GK,,0,1.0,2,64,66,63,67,52,66,"191cm | 6'3""",0,-,-,Chievo Verona,Italy
Enis Alushi,66,CM,,0,3.0,3,73,58,65,69,63,50,"180cm | 5'11""",0,-,-,SC Paderborn 07,Germany
Philipp Tschauner,66,GK,,0,1.0,3,70,64,60,69,53,62,"196cm | 6'5""",0,-,-,TSV 1860 München,Germany
Federico Nieto,66,ST,,0,3.0,3,68,63,45,63,59,72,"190cm | 6'3""",0,-,-,Atlético Paranaense,Argentina
Kasper Hämäläinen,66,CM,,0,3.0,3,71,60,64,66,61,62,"187cm | 6'2""",0,-,-,Djurgårdens IF,Finland
Stéphane Noro,66,CM,,0,3.0,3,63,72,65,64,67,54,"173cm | 5'8""",0,-,-,Havre Athletic Club,France
Geoffrey Doumeng,66,CAM,,0,3.0,3,74,61,65,69,49,44,"168cm | 5'6""",0,-,-,Racing Club de Lens,France
Dean Shiels,66,CAM,,0,3.0,3,73,60,60,73,51,46,"180cm | 5'11""",0,-,-,Doncaster Rovers,Northern Ireland
Craig Bryson,66,CAM,,0,3.0,3,71,59,63,67,56,56,"170cm | 5'7""",0,-,-,Kilmarnock,Scotland
Enrico Guarna,66,GK,,0,1.0,2,68,67,66,69,47,67,"185cm | 6'1""",0,-,-,Ascoli,Italy
Agostino Garofalo,66,LB,,0,2.0,2,72,53,67,61,63,63,"178cm | 5'10""",0,-,-,F. Torino,Italy
Krzysztof Łągiewka,66,CB,,0,2.0,4,62,55,58,58,65,62,"194cm | 6'4""",0,-,-,Krylya Sovetov Samara,Poland
José Rivas,66,LB,,0,2.0,3,68,48,56,50,69,72,"187cm | 6'2""",0,-,-,Tigres U.A.N.L.,Mexico
Mario Méndez,66,RB,,0,2.0,3,73,59,66,62,66,55,"177cm | 5'10""",0,-,-,Toluca,Mexico
Joan Tomás Campasol,66,CF,,0,3.0,3,74,63,58,69,54,60,"167cm | 5'6""",0,-,-,Real Club Celta de Vigo S.A.D.,Spain
Christian Martínez,66,GK,,0,1.0,3,65,65,63,66,49,65,"182cm | 6'0""",0,-,-,Estudiantes Tecos,Mexico
Mark Bunn,66,GK,,0,1.0,3,64,67,68,74,48,59,"183cm | 6'0""",0,-,-,Blackburn Rovers,England
Andrea Guatelli,66,GK,,0,1.0,2,69,65,73,66,34,63,"197cm | 6'6""",0,-,-,FC Zürich,Italy
Remko Pasveer,66,GK,,0,1.0,4,63,67,63,65,46,67,"188cm | 6'2""",0,-,-,Heracles Almelo,Netherlands
Julian Jenner,66,RW,,0,3.0,4,75,59,59,68,51,64,"188cm | 6'2""",0,-,-,Vitesse,Netherlands
Milan Jovanović,66,CB,,0,2.0,3,67,42,47,40,65,64,"188cm | 6'2""",0,-,-,Spartak Nalchik,Montenegro
David Yelldell,66,GK,,0,1.0,3,65,64,60,72,61,63,"194cm | 6'4""",0,-,-,MSV Duisburg,United States
Marcus Williams,66,LB,,0,2.0,3,77,28,58,63,68,64,"173cm | 5'8""",0,-,-,Reading,England
Fernando Morales,66,LW,,0,3.0,2,71,60,60,67,57,60,"174cm | 5'9""",0,-,-,U.N.A.M.,Mexico
Arturo Lupoli,66,ST,,0,3.0,3,73,65,47,67,49,62,"175cm | 5'9""",0,-,-,Ascoli,Italy
Danny Graham,66,ST,,0,2.0,3,76,63,39,61,56,66,"185cm | 6'1""",0,-,-,Watford,England
Nathan Doyle,66,CDM,,0,2.0,3,66,55,58,59,66,65,"180cm | 5'11""",0,-,-,Barnsley,England
Francesco Cosenza,66,CB,,0,2.0,2,63,39,48,45,64,68,"187cm | 6'2""",0,-,-,Reggina,Italy
Gaëtan Krebs,66,CAM,,0,3.0,4,75,57,67,73,39,50,"165cm | 5'5""",0,-,-,Karlsruher SC,France
Simeon Jackson,66,ST,,0,2.0,3,80,61,41,65,51,58,"173cm | 5'8""",0,-,-,Norwich City,Canada
Marc Tierney,66,LB,,0,2.0,3,69,36,62,56,70,47,"183cm | 6'0""",0,-,-,Colchester United,England
Jimmy Mainfroi,66,RB,,0,2.0,3,64,33,62,41,65,62,"172cm | 5'8""",0,-,-,Grenoble Foot 38,France
Michele Troiano,66,LW,,0,2.0,3,66,65,70,61,67,55,"187cm | 6'2""",0,-,-,Sassuolo,Italy
Marcel de Jong,66,LB,,0,2.0,2,71,47,61,64,66,63,"174cm | 5'9""",0,-,-,FC Augsburg,Canada
Ivan Sproule,66,RW,,0,3.0,3,88,55,53,66,57,56,"173cm | 5'8""",0,-,-,Bristol City,Northern Ireland
Michael Parkhurst,66,CB,,0,2.0,3,64,39,51,48,64,65,"182cm | 6'0""",0,-,-,FC Nordsjælland,United States
Miguel Pérez Cuesta,66,CM,,0,3.0,3,64,58,64,60,67,64,"185cm | 6'1""",0,-,-,Real Club Celta de Vigo S.A.D.,Spain
David Gigliotti,66,ST,,0,3.0,3,73,66,48,64,47,70,"176cm | 5'9""",0,-,-,Nîmes Olympique,France
Matheus Coradini Vivian,66,CB,,0,2.0,3,61,40,54,45,62,63,"188cm | 6'2""",0,-,-,FC Nantes,Italy
Ebrahima Sawaneh,66,ST,,0,3.0,4,79,64,61,67,48,62,"178cm | 5'10""",0,-,-,KV Kortrijk,Gambia
Hyeung Bum Kim,66,RW,,0,3.0,3,65,66,68,65,48,36,"174cm | 5'9""",0,-,-,Jeonbuk Hyundai Motors,Korea Republic
Tinashe Nengomasha,66,CM,,0,2.0,3,60,53,55,56,64,54,"175cm | 5'9""",0,-,-,Kaizer Chiefs,Zimbabwe
Federico Almerares,66,ST,,0,3.0,3,61,63,60,63,58,74,"183cm | 6'0""",0,-,-,FC Basel 1893,Argentina
Diego Jiménez,66,CB,,0,2.0,3,70,44,52,44,65,60,"185cm | 6'1""",0,-,-,Estudiantes Tecos,Mexico
Emilio López,66,LM,,0,3.0,3,73,55,67,64,64,36,"167cm | 5'6""",0,-,-,Querétaro,Mexico
Mate Ghvinianidze,66,CB,,0,2.0,3,65,38,50,52,64,66,"189cm | 6'2""",0,-,-,TSV 1860 München,Georgia
Mario Martínez Rubio,66,LM,,0,3.0,3,72,62,65,66,51,64,"173cm | 5'8""",0,-,-,Club Deportivo Numancia de Soria S.A.D. ,Spain
Mario Fillinger,66,LM,,0,3.0,4,72,62,63,68,59,55,"182cm | 6'0""",0,-,-,FSV Frankfurt,Germany
Omar Kalabane,66,CB,,0,3.0,3,56,32,47,31,63,81,"187cm | 6'2""",0,-,-,Manisaspor,Guinea
Thorsten Stuckmann,66,GK,,0,1.0,3,72,64,51,69,46,62,"199cm | 6'6""",0,-,-,Alemannia Aachen,Germany
Daniel Adlung,66,LM,,0,3.0,4,79,56,60,66,47,47,"175cm | 5'9""",0,-,-,Energie Cottbus,Germany
Muslu Nalbantoglu,66,RB,,0,3.0,3,69,45,65,58,66,57,"174cm | 5'9""",0,-,-,De Graafschap,Netherlands
Darren Randolph,66,GK,,0,1.0,3,64,64,72,66,61,66,"185cm | 6'1""",0,-,-,Motherwell,Republic of Ireland
Jack Cork,66,CM,,0,2.0,4,63,53,64,61,68,72,"183cm | 6'0""",0,-,-,Burnley,England
Dany N'Guessan,66,LW,,0,3.0,4,79,53,59,73,50,59,"185cm | 6'1""",0,-,-,Leicester City,France
Marc Stein,66,LB,,0,2.0,4,73,56,64,66,64,59,"184cm | 6'0""",0,-,-,FSV Frankfurt,Germany
Sebastian Tyrala,66,CAM,,0,3.0,4,77,61,62,74,54,52,"171cm | 5'7""",0,-,-,VfL Osnabrück,Poland
Marvin Ogunjimi,66,ST,,0,2.0,3,70,63,56,62,54,66,"184cm | 6'0""",0,-,-,KRC Genk,Belgium
David Forde,66,GK,,0,1.0,3,69,58,71,71,47,64,"188cm | 6'2""",0,-,-,Millwall,Republic of Ireland
Steve De Ridder,66,RW,,0,3.0,3,81,58,61,67,50,52,"179cm | 5'10""",0,-,-,De Graafschap,Belgium
Juan Quero Barraso,66,RW,,0,3.0,4,86,59,53,67,41,54,"160cm | 5'3""",0,-,-,Elche Club de Fútbol S.A.D.,Spain
Vilmos Vanczák,66,CB,,0,2.0,3,63,43,52,38,66,64,"187cm | 6'2""",0,-,-,FC Sion,Hungary
Rafael Figueroa,66,CB,,0,2.0,3,67,44,54,55,64,70,"171cm | 5'7""",0,-,-,Santos Laguna,Mexico
Linares,66,ST,,0,3.0,3,66,65,44,61,54,66,"176cm | 5'9""",0,-,-,Elche Club de Fútbol S.A.D.,Spain
Ferdi Elmas,66,LW,,0,3.0,2,77,53,66,66,56,56,"173cm | 5'8""",0,-,-,Kardemir Karabükspor,Turkey
Kyel Reid,66,LW,,0,3.0,1,78,55,62,66,50,54,"178cm | 5'10""",0,-,-,Charlton Athletic,England
Isaac Promise,66,ST,,0,3.0,4,77,61,58,67,52,66,"182cm | 6'0""",0,-,-,Manisaspor,Nigeria
Jade North,66,CB,,0,2.0,2,58,48,54,56,65,68,"180cm | 5'11""",0,-,-,Wellington Phoenix,Australia
David Edgar,66,LB,,0,2.0,3,69,51,66,53,67,69,"188cm | 6'2""",0,-,-,Burnley,Canada
Joona Toivio,66,CB,,0,2.0,3,64,40,52,44,65,68,"186cm | 6'1""",0,-,-,Djurgårdens IF,Finland
Isaiah Osbourne,66,CM,,0,3.0,3,67,57,66,64,70,75,"188cm | 6'2""",0,-,-,Aston Villa,England
Nicki Bille Nielsen,66,ST,,0,3.0,3,71,64,54,74,53,64,"181cm | 5'11""",0,-,-,Villarreal Club de Fútbol “B” S.A.D.,Denmark
James Brown,66,ST,,0,3.0,3,71,66,40,63,46,64,"180cm | 5'11""",0,-,-,Hartlepool United,England
Mark Randall,66,CM,,0,3.0,3,71,64,67,71,51,56,"182cm | 6'0""",0,-,-,Arsenal,England
Roberto Lago Soto,66,LWB,,0,3.0,3,78,54,61,62,64,60,"178cm | 5'10""",0,-,-,Real Club Celta de Vigo S.A.D.,Spain
Stephen Quinn,66,CM,,0,3.0,2,66,66,64,63,66,64,"168cm | 5'6""",0,-,-,Sheffield United,Republic of Ireland
Neal Eardley,66,RB,,0,2.0,3,74,67,69,64,65,64,"180cm | 5'11""",0,-,-,Blackpool,Wales
Sunday Stephen Obayan,66,CDM,,0,2.0,3,73,52,60,62,67,66,"180cm | 5'11""",0,-,-,Valencia Club de Fútbol S.A.D.,Spain
Honour Gombami,66,RM,,0,3.0,3,81,60,58,66,57,62,"175cm | 5'9""",0,-,-,KSV Cercle Brugge,Zimbabwe
Adama Tamboura,66,LWB,,0,2.0,3,73,58,70,66,67,65,"172cm | 5'8""",0,-,-,FC Metz,Mali
Kei Kamara,66,ST,,0,3.0,3,80,59,49,66,51,70,"188cm | 6'2""",0,-,-,Kansas City Wizards,Sierra Leone
Eduardo Pereira Gomes,66,ST,,0,3.0,2,67,61,46,64,55,72,"190cm | 6'3""",0,-,-,Bucaspor,Cape Verde Islands
Dax McCarty,66,CM,,0,3.0,3,63,61,68,65,59,56,"175cm | 5'9""",0,-,-,FC Dallas,United States
Joachim Mununga,66,RM,,0,2.0,2,82,60,56,71,56,68,"179cm | 5'10""",0,-,-,KV Mechelen,Belgium
Seung Hyon Lee,66,RW,,0,3.0,3,81,48,60,68,52,44,"175cm | 5'9""",0,-,-,Busan I'Park,Korea Republic
Rawez Lawan,66,CF,,0,3.0,3,81,60,42,69,50,53,"178cm | 5'10""",0,-,-,FC Nordsjælland,Sweden
Lukas Jutkiewicz,66,ST,,0,3.0,4,75,65,44,62,48,72,"185cm | 6'1""",0,-,-,Coventry City,England
Malaury Martin,66,CDM,,0,2.0,4,62,56,65,49,62,60,"178cm | 5'10""",0,-,-,Blackpool,France
Adam Bodzek,66,CDM,,0,2.0,3,73,59,65,62,68,62,"184cm | 6'0""",0,-,-,MSV Duisburg,Germany
Oscar Razo,66,LB,,0,3.0,2,69,54,63,61,68,56,"179cm | 5'10""",0,-,-,Jaguares de Chiapas,Mexico
Pierre de Wit,66,CM,,0,3.0,4,72,68,65,68,62,58,"172cm | 5'8""",0,-,-,1. FC Kaiserslautern,Germany
Ludovic Baal,66,LWB,,0,2.0,3,71,53,66,50,64,62,"176cm | 5'9""",0,-,-,Lemans FC,France
Chris Taylor,66,RW,,0,4.0,4,75,59,63,68,55,54,"183cm | 6'0""",0,-,-,Oldham Athletic,England
Valdet Rama,66,RW,,0,2.0,5,73,58,57,71,52,63,"182cm | 6'0""",0,-,-,Hannover 96,Albania
Bellvis,66,LWB,,0,3.0,2,81,48,62,70,64,58,"169cm | 5'7""",0,-,-,Club Deportivo Tenerife S.A.D.,Spain
Fabricio,66,GK,,0,1.0,3,68,65,63,70,46,64,"180cm | 5'11""",0,-,-,R.C. Recreativo,Spain
Daniel García Rodríguez,66,LM,,0,3.0,3,80,59,56,71,51,58,"173cm | 5'8""",0,-,-,Unión Deportiva Salamanca S.A.D.,Spain
Kamil Grosicki,66,LW,,0,3.0,3,87,50,52,70,48,52,"177cm | 5'10""",0,-,-,Jagiellonia Białystok,Poland
Paulo Sérgio Ferreira Gomes,66,CDM,,0,2.0,3,67,49,60,63,70,62,"182cm | 6'0""",0,-,-,"União de Leiria, SAD",Brazil
Jonathan Wilmet,66,RW,,0,3.0,4,75,68,61,64,49,61,"183cm | 6'0""",0,-,-,KV Mechelen,Belgium
Michael Orozco,66,CB,,0,2.0,3,68,38,52,62,64,68,"179cm | 5'10""",0,-,-,Philadelphia Union,United States
Tijani Belaïd,66,RM,,0,3.0,4,70,61,64,67,58,60,"180cm | 5'11""",0,-,-,Slavia Praha,Tunisia
Kévin Anin,66,RM,,0,2.0,4,68,45,67,63,69,62,"189cm | 6'2""",0,-,-,FC Sochaux-Montbéliard,France
Antonio Narciso,66,GK,,0,1.0,2,61,65,71,65,30,76,"185cm | 6'1""",0,-,-,Grosseto,Italy
Alberto Giuliatto,66,LWB,,0,3.0,3,73,55,68,62,67,48,"180cm | 5'11""",0,-,-,Lecce,Italy
Tomasz Cywka,66,ST,,0,2.0,3,69,66,65,67,61,60,"171cm | 5'7""",0,-,-,Derby County,Poland
David Destorme,66,CAM,,0,2.0,3,63,64,63,58,64,62,"188cm | 6'2""",0,-,-,KV Mechelen,Belgium
Nikolay Dimitrov,66,LM,,0,3.0,4,67,61,61,70,56,55,"172cm | 5'8""",0,-,-,Kasımpaşa SK,Bulgaria
Mario Gavranović,66,ST,,0,3.0,3,74,59,55,73,57,56,"175cm | 5'9""",0,-,-,FC Schalke 04,Switzerland
Adigun Taofeek Salami,66,CDM,,0,3.0,3,67,52,59,61,66,58,"172cm | 5'8""",0,-,-,FC Midtjylland,Nigeria
Zoltán Stieber,66,LM,,0,3.0,3,66,64,64,70,51,56,"176cm | 5'9""",0,-,-,Alemannia Aachen,Hungary
Dane Richards,66,RW,,0,3.0,2,89,62,51,65,45,48,"170cm | 5'7""",0,-,-,New York Red Bulls,Jamaica
Krisztián Tímár,66,CB,,0,2.0,3,64,22,55,34,68,69,"190cm | 6'3""",0,-,-,Plymouth Argyle,Hungary
Cidimar Rodrigues da Silva,66,ST,,0,2.0,3,68,64,50,65,54,68,"184cm | 6'0""",0,-,-,FSV Frankfurt,Brazil
Helbert Frederi Carreiro da Silva,66,CAM,,0,3.0,3,72,65,61,65,56,60,"173cm | 5'8""",0,-,-,Philadelphia Union,Brazil
Moses Lamidi,66,RW,,0,4.0,3,82,47,53,77,38,38,"177cm | 5'10""",0,-,-,Rot-Weiß Oberhausen,Germany
Iriome,66,RW,,0,3.0,4,77,56,60,70,52,64,"186cm | 6'1""",0,-,-,Club Deportivo Tenerife S.A.D.,Spain
Craig Cathcart,66,CB,,0,2.0,2,63,32,37,38,63,68,"188cm | 6'2""",0,-,-,Blackpool,Northern Ireland
Jiří Kladrubský,66,CDM,,0,2.0,4,65,57,64,59,65,63,"187cm | 6'2""",0,-,-,Sparta Praha,Czech Republic
Takahito Soma,66,LB,,0,3.0,3,79,57,64,70,64,50,"176cm | 5'9""",0,-,-,Energie Cottbus,Japan
David Kalivoda,66,RM,,0,3.0,4,65,68,66,68,57,58,"179cm | 5'10""",0,-,-,FK Teplice,Czech Republic
Tomáš Hrdlička,66,CDM,,0,2.0,3,63,67,66,64,65,67,"184cm | 6'0""",0,-,-,Mladá Boleslav,Czech Republic
Kebba Ceesay,66,RB,,0,2.0,2,82,47,64,62,65,65,"178cm | 5'10""",0,-,-,Djurgårdens IF,Sweden
Luboš Hušek,66,CDM,,0,2.0,3,70,56,62,60,64,71,"186cm | 6'1""",0,-,-,Sparta Praha,Czech Republic
Anthony Lecointe,66,RB,,0,2.0,3,68,51,63,61,62,66,"170cm | 5'7""",0,-,-,U.S. Boulogne Cote D'Opale,France
Jasmin Handanovič,66,GK,,0,1.0,2,64,65,60,67,50,69,"196cm | 6'5""",0,-,-,Empoli,Slovenia
Tomislav Pacovski,66,GK,,0,1.0,2,71,61,58,67,62,64,"186cm | 6'1""",0,-,-,Germinal Beerschot,FYR Macedonia
Martin Männel,66,GK,,0,1.0,3,69,62,64,70,69,59,"184cm | 6'0""",0,-,-,FC Erzgebirge Aue,Germany
Brian Sarmiento,66,LM,,0,3.0,3,83,57,55,77,45,42,"163cm | 5'4""",0,-,-,Unión Deportiva Salamanca S.A.D.,Argentina
Thorsten Kirschbaum,66,GK,,0,1.0,3,65,66,77,67,60,64,"194cm | 6'4""",0,-,-,Energie Cottbus,Germany
Christian Ribeiro,66,RB,,0,2.0,3,75,41,60,61,66,67,"181cm | 5'11""",0,-,-,Bristol City,Wales
Luigi Consonni,66,LM,,0,2.0,3,73,53,72,48,61,54,"183cm | 6'0""",0,-,-,Grosseto,Italy
Max Gradel,66,RW,,0,3.0,4,87,59,49,71,48,43,"178cm | 5'10""",0,-,-,Leeds United,Ivory Coast
Heinrich Schmidtgal,66,LM,,0,3.0,3,76,55,62,68,62,56,"174cm | 5'9""",0,-,-,Rot-Weiß Oberhausen,Kazakhstan
Fabian Boll,66,CDM,,0,2.0,3,65,65,65,59,70,74,"193cm | 6'4""",0,-,-,FC St. Pauli,Germany
Jiří Rychlík,66,LM,,0,3.0,3,73,57,64,63,62,58,"181cm | 5'11""",0,-,-,Bohemians 1905,Czech Republic
Jonny Howson,66,CM,,0,3.0,4,68,64,65,66,61,44,"180cm | 5'11""",0,-,-,Leeds United,England
Marek Štech,66,GK,,0,1.0,3,69,72,66,75,50,57,"186cm | 6'1""",0,-,-,West Ham United,Czech Republic
Kevin van Diermen,66,CB,,0,2.0,4,60,19,47,47,65,70,"186cm | 6'1""",0,-,-,Vitesse,Netherlands
Jordan Spence,66,CB,,0,2.0,3,67,42,45,39,63,63,"177cm | 5'10""",0,-,-,West Ham United,England
Johannes van den Bergh,66,LWB,,0,2.0,3,76,45,61,62,66,58,"182cm | 6'0""",0,-,-,Fortuna Düsseldorf,Germany
Jordy Buijs,66,CB,,0,2.0,4,65,56,58,58,65,68,"182cm | 6'0""",0,-,-,De Graafschap,Netherlands
Sebastian Langkamp,66,CB,,0,2.0,3,68,29,50,41,63,70,"190cm | 6'3""",0,-,-,Karlsruher SC,Germany
Martyn Waghorn,66,ST,,0,3.0,3,71,64,58,62,48,62,"177cm | 5'10""",0,-,-,Leicester City,England
Alphousseyni Keita,66,CDM,,0,2.0,3,64,46,51,48,72,72,"180cm | 5'11""",0,-,-,Nîmes Olympique,Mali
Onismor Bhasera,66,LW,,0,2.0,2,78,51,73,60,60,54,"173cm | 5'8""",0,-,-,Plymouth Argyle,Zimbabwe
Gabriele Perico,66,RB,,0,2.0,3,73,60,60,62,65,62,"183cm | 6'0""",0,-,-,Cagliari,Italy
Vusumuzi Prince Nyoni,66,LM,,0,3.0,3,76,56,62,71,59,54,"177cm | 5'10""",0,-,-,Germinal Beerschot,Zimbabwe
Matteo Darmian,66,RB,,0,2.0,3,76,43,56,53,65,66,"182cm | 6'0""",0,-,-,Palermo,Italy
Nicky Kuiper,66,LB,,0,2.0,2,73,48,62,64,68,62,"182cm | 6'0""",0,-,-,FC Twente,Netherlands
Daniele Magliocchetti,66,RB,,0,2.0,2,71,32,59,42,64,64,"183cm | 6'0""",0,-,-,Cagliari,Italy
Nick Blackman,66,CF,,0,2.0,3,70,66,58,64,55,66,"188cm | 6'2""",0,-,-,Motherwell,England
Stephen McGinn,66,CAM,,0,3.0,2,77,63,66,69,56,49,"175cm | 5'9""",0,-,-,Watford,Scotland
Joe Allen,66,CM,,0,2.0,3,67,53,70,64,61,46,"168cm | 5'6""",0,-,-,Swansea City,Wales
Pedro Roberto Silva Botelho,66,LWB,,0,3.0,2,79,63,58,69,63,61,"186cm | 6'1""",0,-,-,Fútbol Club Cartagena,Brazil
Fabian Espindola,66,ST,,0,3.0,4,80,66,46,69,53,60,"175cm | 5'9""",0,-,-,Real Salt Lake,Argentina
Enrique Sola Clemente,66,ST,,0,3.0,3,73,63,55,68,51,65,"184cm | 6'0""",0,-,-,Club Atlético Osasuna,Spain
Vasco Fernandes,66,RB,,0,2.0,3,79,45,58,63,66,65,"181cm | 5'11""",0,-,-,Elche Club de Fútbol S.A.D.,Portugal
Sulejman Smajić,66,RM,,0,3.0,4,73,62,59,69,49,48,"172cm | 5'8""",0,-,-,Sporting Lokeren OV,Bosnia Herzegovina
Cameron Stewart,66,RM,,0,3.0,4,84,60,58,68,40,48,"178cm | 5'10""",0,-,-,Yeovil Town,England
Craig Eastmond,66,CDM,,0,2.0,3,72,40,68,52,62,59,"180cm | 5'11""",0,-,-,Arsenal,England
Patrick van Aanholt,66,LB,,0,3.0,3,75,53,65,73,63,56,"175cm | 5'9""",0,-,-,Chelsea,Netherlands
Mitar Novaković,66,CM,,0,3.0,4,66,60,71,65,62,56,"189cm | 6'2""",0,-,-,Amkar Perm,Montenegro
Martin Zeman,66,LM,,0,2.0,2,80,58,61,63,57,60,"174cm | 5'9""",0,-,-,Sparta Praha,Czech Republic
Tom Hiariej,66,CDM,,0,2.0,3,75,52,55,67,63,61,"178cm | 5'10""",0,-,-,FC Groningen,Netherlands
Jan-Arie van der Heijden,66,CM,,0,2.0,3,67,63,67,66,65,62,"185cm | 6'1""",0,-,-,Willem II,Netherlands
Patrick Nyarko,66,RW,,0,3.0,4,84,54,53,66,45,59,"183cm | 6'0""",0,-,-,Chicago Fire,Ghana
Anele Ngcongca,66,CB,,0,2.0,3,70,51,61,64,65,64,"180cm | 5'11""",0,-,-,KRC Genk,South Africa
Ivan Radovanovic,66,CDM,,0,2.0,3,65,55,67,63,65,54,"186cm | 6'1""",0,-,-,Bologna,Serbia
Tamás Kádár,66,CB,,0,2.0,2,63,33,54,44,60,67,"188cm | 6'2""",0,-,-,Newcastle United,Hungary
Ezequiel Orozco,66,ST,,0,3.0,3,71,62,52,66,53,66,"174cm | 5'9""",0,-,-,Necaxa,Mexico
Dougie Imrie,66,LF,,0,3.0,2,73,60,58,75,52,48,"178cm | 5'10""",0,-,-,Hamilton Academicals,Scotland
Jim O'Brien,66,RW,,0,3.0,3,73,59,63,69,46,49,"178cm | 5'10""",0,-,-,Barnsley,Republic of Ireland
Fabio Daprelà,66,LB,,0,2.0,3,71,39,61,70,64,57,"180cm | 5'11""",0,-,-,Brescia,Switzerland
Alexander Büttner,66,LW,,0,3.0,2,80,53,54,70,54,62,"174cm | 5'9""",0,-,-,Vitesse,Netherlands
Emmanuel Ekpo,66,RM,,0,4.0,2,81,59,60,73,49,57,"187cm | 6'2""",0,-,-,Columbus Crew,Nigeria
Raúl Nava,66,ST,,0,2.0,3,72,62,59,66,52,71,"183cm | 6'0""",0,-,-,Toluca,Mexico
Agon Mehmeti,66,ST,,0,2.0,3,71,67,46,62,48,58,"182cm | 6'0""",0,-,-,Malmö FF,Sweden
Vladimir Granat,66,LB,,0,2.0,3,62,45,55,67,63,60,"184cm | 6'0""",0,-,-,Dinamo Moskva,Russia
Rens van Eijden,66,CB,,0,2.0,2,67,31,56,51,66,68,"188cm | 6'2""",0,-,-,N.E.C.,Netherlands
Stéphane Auvray,66,CDM,,0,2.0,3,65,55,55,61,69,65,"174cm | 5'9""",0,-,-,Kansas City Wizards,France
Marco Piccioni,66,CB,,0,2.0,3,48,28,37,26,64,68,"181cm | 5'11""",0,-,-,Sassuolo,Italy
Vitaliy Fedoriv,66,LB,,0,2.0,3,55,29,49,53,66,66,"180cm | 5'11""",0,-,-,Amkar Perm,Ukraine
Tommy Oar,66,LM,,0,3.0,2,86,55,60,72,46,33,"170cm | 5'7""",0,-,-,FC Utrecht,Australia
Lex Immers,66,ST,,0,2.0,3,69,58,61,66,65,76,"187cm | 6'2""",0,-,-,ADO Den Haag,Netherlands
Davide Carteri,66,CM,,0,2.0,3,71,62,63,65,66,68,"180cm | 5'11""",0,-,-,Cittadella,Italy
Alberto Marchesan,66,LWB,,0,2.0,3,74,55,59,62,63,63,"185cm | 6'1""",0,-,-,Cittadella,Italy
Clemens Walch,66,CAM,,0,3.0,4,75,59,66,68,51,57,"181cm | 5'11""",0,-,-,1. FC Kaiserslautern,Austria
Michael Morrison,66,CB,,0,2.0,3,63,34,53,36,63,70,"183cm | 6'0""",0,-,-,Leicester City,England
Viktor Noring,66,GK,,0,1.0,2,67,70,59,72,53,59,"196cm | 6'5""",0,-,-,Trelleborgs FF,Sweden
Emilio José Sánchez Cuevas,66,CM,,0,3.0,3,67,61,72,72,51,52,"176cm | 5'9""",0,-,-,R.C. Recreativo,Spain
Aidin Mahmutović,66,RF,,0,2.0,3,73,64,58,67,53,64,"180cm | 5'11""",0,-,-,FK Teplice,Bosnia Herzegovina
Aron Gunnarsson,66,CM,,0,2.0,3,73,59,64,66,63,56,"177cm | 5'10""",0,-,-,Coventry City,Iceland
Jean-Eudes Maurice,66,ST,,0,3.0,3,76,61,53,64,51,70,"180cm | 5'11""",0,-,-,Paris Saint-Germain,France
Tunay Torun,66,CF,,0,3.0,4,74,60,60,71,45,51,"181cm | 5'11""",0,-,-,Hamburger SV,Turkey
Gabriele Angella,66,CB,,0,2.0,3,69,44,40,44,66,68,"190cm | 6'3""",0,-,-,Udinese,Italy
Etrit Berisha,66,GK,,0,1.0,1,66,74,51,65,28,68,"194cm | 6'4""",0,-,-,Kalmar FF,Albania
Dominic Peitz,66,CDM,,0,2.0,4,66,60,59,62,73,70,"196cm | 6'5""",0,-,-,1. FC Union Berliln,Germany
Georgiy Gabulov,66,CAM,,0,2.0,3,67,74,62,60,55,58,"189cm | 6'2""",0,-,-,Alaniya Vladikavkaz,Russia
Rasmus Jönsson,66,CF,,0,2.0,4,70,63,58,66,56,59,"192cm | 6'4""",0,-,-,Helsingborgs IF,Sweden
Julian Baumgartlinger,66,CDM,,0,2.0,4,68,43,57,63,64,64,"181cm | 5'11""",0,-,-,FK Austria Wien,Austria
Javan Vidal,66,RB,,0,2.0,3,71,42,68,56,68,51,"183cm | 6'0""",0,-,-,Manchester City,England
Csaba Horváth,66,CB,,0,2.0,3,66,44,45,49,66,78,"192cm | 6'4""",0,-,-,Zagłębie Lubin,Slovakia
Samuel Armenteros,66,ST,,0,3.0,3,73,61,50,70,53,59,"179cm | 5'10""",0,-,-,Heracles Almelo,Sweden
Gianluigi Bianco,66,LWB,,0,2.0,3,74,45,61,61,66,66,"184cm | 6'0""",0,-,-,Sassuolo,Italy
Daniele Gasparetto,66,CB,,0,2.0,2,67,38,47,48,67,68,"195cm | 6'5""",0,-,-,Cittadella,Italy
Alberto López Arteseros,66,CM,,0,3.0,3,76,60,70,71,60,67,"180cm | 5'11""",0,-,-,Real Club Deportivo Mallorca S.A.D.,Spain
Remi Johansen,66,RM,,0,3.0,3,71,57,65,60,61,62,"183cm | 6'0""",0,-,-,Tromsø IL,Norway
Solomon James Owello,66,CM,,0,3.0,3,76,59,59,69,67,62,"170cm | 5'7""",0,-,-,IK Start,Nigeria
Nathan Eccleston,66,ST,,0,3.0,3,79,64,48,68,48,64,"178cm | 5'10""",0,-,-,Liverpool,England
Björn Bergmann Sigurdarson,66,ST,,0,2.0,3,76,60,45,58,50,75,"186cm | 6'1""",0,-,-,Lillestrøm SK,Iceland
Yasin Öztekin,66,CAM,,0,3.0,4,77,61,63,76,59,48,"178cm | 5'10""",0,-,-,Borussia Dortmund,Germany
Jan Kirchhoff,66,CB,,0,1.0,3,62,40,64,44,64,73,"195cm | 6'5""",0,-,-,1. FSV Mainz 05,Germany
Juraj Kucka,66,CM,,0,3.0,3,68,63,61,64,69,60,"186cm | 6'1""",0,-,-,Sparta Praha,Slovakia
George John,66,CB,,0,2.0,3,64,40,47,47,63,66,"193cm | 6'4""",0,-,-,FC Dallas,United States
Andreas Laudrup,66,LW,,0,4.0,4,73,59,49,74,45,52,"175cm | 5'9""",0,-,-,FC Nordsjælland,Denmark
Gökhan Töre,66,CAM,,0,3.0,4,72,66,68,70,57,64,"176cm | 5'9""",0,-,-,Chelsea,Turkey
Gianmarco Zigoni,66,ST,,0,3.0,4,68,60,43,64,58,74,"188cm | 6'2""",0,-,-,Genoa,Italy
Igor Đurić,66,CB,,0,3.0,2,62,38,38,29,67,74,"192cm | 6'4""",0,-,-,sc Heerenveen,Serbia
Yong Gi Lee,66,RB,,0,2.0,3,67,44,56,55,65,65,"189cm | 6'2""",0,-,-,GyeongNam FC,Korea Republic
Ruben Lima,66,LB,,0,2.0,2,75,55,64,66,67,62,"176cm | 5'9""",0,-,-,SC Beira Mar,Portugal
Ciro Immobile,66,ST,,0,3.0,3,77,63,57,62,56,60,"184cm | 6'0""",0,-,-,Siena,Italy
Andrey Vasyanovich,66,CB,,0,2.0,3,76,25,43,52,65,64,"183cm | 6'0""",0,-,-,Spartak Nalchik,Russia
Łukasz Derbich,66,CB,,0,2.0,2,52,37,29,20,67,65,"187cm | 6'2""",0,-,-,Ruch Chorzów,Poland
Alejandro Cruz Rodríguez,66,RW,,0,4.0,4,77,57,56,72,44,57,"173cm | 5'8""",0,-,-,Gimnàstic de Tarragona S.A.D.,Spain
Stephan Salger,66,LB,,0,2.0,3,75,37,62,63,66,61,"184cm | 6'0""",0,-,-,1. FC Köln,Germany
Fabian Giefer,66,GK,,0,1.0,3,68,66,54,69,45,62,"196cm | 6'5""",0,-,-,Bayer 04 Leverkusen,Germany
Ruud Boymans,66,ST,,0,2.0,3,65,63,50,60,53,74,"188cm | 6'2""",0,-,-,VVV-Venlo,Netherlands
Burak Kaplan,66,RM,,0,3.0,4,75,53,61,72,41,38,"168cm | 5'6""",0,-,-,Bayer 04 Leverkusen,Turkey
Aitor Salvador Núñez Martín,66,RWB,,0,2.0,4,78,46,62,64,65,58,"178cm | 5'10""",0,-,-,Club Deportivo Tenerife S.A.D.,Spain
Kelvin Leerdam,66,CDM,,0,3.0,3,78,56,62,68,65,68,"178cm | 5'10""",0,-,-,Feyenoord,Suriname
Samir Fazli,66,ST,,0,2.0,3,74,60,46,62,57,70,"185cm | 6'1""",0,-,-,sc Heerenveen,FYR Macedonia
Andreas Weimann,66,CF,,0,2.0,3,72,65,48,64,52,64,"179cm | 5'10""",0,-,-,Aston Villa,Austria
Max Grün,66,GK,,0,1.0,3,67,64,60,67,51,66,"190cm | 6'3""",0,-,-,SpVgg Greuther Fürth,Germany
Jukka Raitala,66,LB,,0,2.0,3,66,28,60,59,66,74,"181cm | 5'11""",0,-,-,SC Paderborn 07,Finland
Ivan Ivanov,66,CB,,0,2.0,4,69,26,32,39,66,64,"187cm | 6'2""",0,-,-,Alaniya Vladikavkaz,Bulgaria
Hyun Jun Suk,66,ST,,0,3.0,3,75,59,43,66,57,70,"188cm | 6'2""",0,-,-,Ajax,Korea Republic
David Alaba,66,LM,,0,3.0,3,75,50,61,71,54,54,"174cm | 5'9""",0,-,-,Bayern München,Austria
Gerardo Bruna,66,CAM,,0,3.0,2,70,62,69,72,47,50,"175cm | 5'9""",0,-,-,Liverpool,Argentina
Jan Šebek,66,GK,,0,1.0,3,65,63,65,68,50,72,"198cm | 6'6""",0,-,-,Chelsea,Czech Republic
Jens Toornstra,66,CM,,0,3.0,3,67,54,65,67,61,53,"177cm | 5'10""",0,-,-,ADO Den Haag,Netherlands
Andreas Ludwig,66,CAM,,0,3.0,3,73,66,63,68,60,52,"172cm | 5'8""",0,-,-,TSG 1899 Hoffenheim,Germany
Celso Ortíz,66,CDM,,0,2.0,3,76,58,64,67,66,51,"175cm | 5'9""",0,-,-,AZ Alkmaar,Paraguay
Róbert Mak,66,ST,,0,3.0,3,79,62,48,71,46,55,"179cm | 5'10""",0,-,-,1. FC Nürnberg,Slovakia
Petar Sliskovic,66,ST,,0,2.0,3,70,61,58,62,56,66,"193cm | 6'4""",0,-,-,1. FSV Mainz 05,Croatia
Borja Gómez Pérez,66,CB,,0,2.0,3,66,40,47,40,65,66,"183cm | 6'0""",0,-,-,Rayo Vallecano de Madrid S.A.D.,Spain
Marcus Ekenberg,66,ST,,0,2.0,3,60,65,50,56,62,74,"188cm | 6'2""",0,-,-,Mjällby AIF ,Sweden
Chul Hong,66,LWB,,0,2.0,4,71,56,66,62,68,57,"176cm | 5'9""",0,-,-,Seongnam Ilhwa Chunma,Korea Republic
Dong Won Ji,66,ST,,0,3.0,3,72,58,53,68,56,70,"187cm | 6'2""",0,-,-,Chunnam Dragons,Korea Republic
Roman Fischer,66,CM,,0,4.0,4,70,65,69,69,58,58,"175cm | 5'9""",0,-,-,FC Hradec Králové,Czech Republic
Jorge Miguel Feijoca Chula,66,LW,,0,4.0,4,77,59,62,68,40,38,"171cm | 5'7""",0,-,-,VVV-Venlo,Portugal
Rouven Sattelmaier,66,GK,,0,1.0,3,69,63,63,67,38,65,"187cm | 6'2""",0,-,-,Bayern München,Germany
Nicolai Jørgensen,66,CF,,0,2.0,3,79,53,49,75,54,70,"190cm | 6'3""",0,-,-,Bayer 04 Leverkusen,Denmark
Roly Bonevacia,66,CDM,,0,2.0,3,78,47,56,66,66,66,"171cm | 5'7""",0,-,-,Ajax,Netherlands
Christian Rahn,65,LWB,,0,3.0,3,73,71,65,65,67,62,"185cm | 6'1""",0,-,-,SpVgg Greuther Fürth,Germany
John Thorrington,65,CM,,0,3.0,4,70,64,60,64,63,63,"173cm | 5'8""",0,-,-,Chicago Fire,United States
Carlos Miguel Brandão Fernandes,65,LB,,0,2.0,3,68,53,63,50,65,62,"188cm | 6'2""",0,-,-,S.C. Olhanense,Portugal
Kewullay Conteh,65,CB,,0,2.0,3,74,31,45,45,64,67,"185cm | 6'1""",0,-,-,Piacenza,Sierra Leone
Callum Davidson,65,LB,,0,2.0,2,64,52,57,62,66,64,"178cm | 5'10""",0,-,-,Preston North End,Scotland
Nuno Miguel Frechaut Barreto,65,RB,,0,2.0,3,75,60,63,61,66,63,"185cm | 6'1""",0,-,-,FC Metz,Portugal
Darren Purse,65,CB,,0,2.0,3,58,28,26,24,68,74,"188cm | 6'2""",0,-,-,Sheffield Wednesday,England
Arek Radomski,65,CDM,,0,2.0,3,63,56,64,53,62,62,"179cm | 5'10""",0,-,-,Cracovia Kraków,Poland
Thomas Holm,65,CM,,0,2.0,3,67,49,64,43,70,66,"181cm | 5'11""",0,-,-,Molde FK,Norway
Jean-Joël Perrier Doumbé,65,RB,,0,2.0,3,75,32,56,45,64,70,"180cm | 5'11""",0,-,-,Toulouse FC,Cameroon
Nicola Mora,65,LB,,0,2.0,2,70,44,60,48,63,60,"173cm | 5'8""",0,-,-,Grosseto,Italy
Roar Strand,65,RM,,0,3.0,3,63,66,64,63,66,64,"179cm | 5'10""",0,-,-,Rosenborg BK,Norway
Peter Madsen,65,ST,,0,3.0,3,64,66,55,62,59,75,"183cm | 6'0""",0,-,-,Brøndby IF,Denmark
Teddy Lucic,65,CB,,0,2.0,4,52,46,53,41,58,64,"180cm | 5'11""",0,-,-,IF Elfsborg,Sweden
Michaël Isabey,65,CAM,,0,3.0,3,74,62,66,70,52,53,"169cm | 5'7""",0,-,-,Dijon FCO,France
Ian Harte,65,LB,,0,2.0,3,61,73,69,63,65,70,"177cm | 5'10""",0,-,-,Reading,Republic of Ireland
Thomas Stehle,65,CB,,0,2.0,3,63,49,59,53,64,70,"180cm | 5'11""",0,-,-,Alemannia Aachen,Germany
Emiliano Bonazzoli,65,ST,,0,2.0,3,69,59,50,58,63,79,"192cm | 6'4""",0,-,-,Reggina,Italy
Mattias Asper,65,GK,,0,1.0,3,71,53,52,74,35,65,"198cm | 6'6""",0,-,-,Mjällby AIF ,Sweden
Rubén Navarro Méndez,65,ST,,0,3.0,4,63,67,46,58,59,70,"180cm | 5'11""",0,-,-,Gimnàstic de Tarragona S.A.D.,Spain
Gerard López Segú,65,CM,,0,2.0,3,55,62,65,61,60,64,"185cm | 6'1""",0,-,-,Girona Fútbol Club S.A.D. ,Spain
Jon Harley,65,LB,,0,2.0,2,69,53,62,59,66,64,"173cm | 5'8""",0,-,-,Notts County,England
Bernt Evens,65,LB,,0,2.0,3,59,48,60,45,68,64,"193cm | 6'4""",0,-,-,KSV Cercle Brugge,Belgium
Andy Warrington,65,GK,,0,1.0,3,67,65,61,66,55,63,"191cm | 6'3""",0,-,-,Rotherham United,England
Pascal Bosschaart,65,CB,,0,2.0,2,64,48,61,62,63,64,"183cm | 6'0""",0,-,-,ADO Den Haag,Netherlands
Geert De Vlieger,65,GK,,0,1.0,3,62,67,65,60,50,75,"186cm | 6'1""",0,-,-,Club Brugge KV,Belgium
Andy Williams,65,CAM,,0,3.0,4,69,61,62,65,53,46,"173cm | 5'8""",0,-,-,Real Salt Lake,Jamaica
Jim van Fessem,65,GK,,0,1.0,2,63,69,68,66,64,65,"192cm | 6'4""",0,-,-,NAC Breda,Netherlands
Carlos Bossio,65,GK,,0,1.0,3,67,62,75,65,46,64,"195cm | 6'5""",0,-,-,Querétaro,Argentina
Jaime Moreno,65,CF,,0,3.0,4,61,68,68,64,54,56,"175cm | 5'9""",0,-,-,D.C. United,Bolivia
Aleksandar Rankovic,65,CDM,,0,2.0,3,61,51,59,63,62,61,"173cm | 5'8""",0,-,-,ADO Den Haag,Serbia
Reuben Hazell,65,CB,,0,2.0,3,68,28,23,42,62,72,"180cm | 5'11""",0,-,-,Oldham Athletic,England
Paddy Kenny,65,GK,,0,1.0,2,64,66,70,62,60,66,"185cm | 6'1""",0,-,-,Queens Park Rangers,Republic of Ireland
Mark Allott,65,CM,,0,2.0,3,59,48,67,57,62,54,"180cm | 5'11""",0,-,-,Chesterfield,England
Arnar Vidarsson,65,CDM,,0,2.0,3,63,46,57,47,64,62,"179cm | 5'10""",0,-,-,KSV Cercle Brugge,Iceland
Carl Fletcher,65,CDM,,0,2.0,3,66,57,63,52,66,70,"178cm | 5'10""",0,-,-,Plymouth Argyle,Wales
Gaëtan Englebert,65,CM,,0,3.0,3,71,64,66,65,60,62,"179cm | 5'10""",0,-,-,FC Metz,Belgium
Steve Brooker,65,ST,,0,2.0,3,69,61,41,57,52,70,"183cm | 6'0""",0,-,-,Doncaster Rovers,England
Wouter Vrancken,65,CM,,0,2.0,3,59,59,64,51,69,68,"185cm | 6'1""",0,-,-,KV Kortrijk,Belgium
Dime Jankulovski,65,GK,,0,1.0,3,63,68,54,70,29,67,"188cm | 6'2""",0,-,-,GAIS,Sweden
Samuel Wowoah,65,LWB,,0,3.0,4,70,65,67,67,63,63,"175cm | 5'9""",0,-,-,Örebro SK,Sweden
Patrik Anttonen,65,RB,,0,3.0,4,74,53,64,63,60,54,"178cm | 5'10""",0,-,-,Örebro SK,Sweden
Jim Paterson,65,LW,,0,3.0,3,71,58,62,67,55,54,"180cm | 5'11""",0,-,-,Plymouth Argyle,Scotland
Eirik Bakke,65,CM,,0,3.0,3,67,59,62,56,69,74,"188cm | 6'2""",0,-,-,SK Brann,Norway
Chris Albright,65,RB,,0,2.0,3,64,56,62,58,64,68,"185cm | 6'1""",0,-,-,New York Red Bulls,United States
Jonas Henriksson,65,RM,,0,2.0,3,71,63,61,63,64,58,"175cm | 5'9""",0,-,-,BK Häcken,Sweden
Indridi Sigurdsson,65,CB,,0,2.0,3,68,49,56,48,67,66,"185cm | 6'1""",0,-,-,Viking FK,Iceland
Archie Thompson,65,ST,,0,4.0,3,76,62,49,72,51,40,"174cm | 5'9""",0,-,-,Melbourne Victory FC,Australia
Andreas Drugge,65,CF,,0,3.0,3,70,59,62,65,62,58,"185cm | 6'1""",0,-,-,Trelleborgs FF,Sweden
Peter Delorge,65,CDM,,0,2.0,2,66,46,56,49,64,64,"178cm | 5'10""",0,-,-,Sint-Truidense VV,Belgium
Mattias Jonson,65,ST,,0,3.0,4,62,64,65,66,65,73,"179cm | 5'10""",0,-,-,Djurgårdens IF,Sweden
Steven Thompson,65,ST,,0,3.0,3,58,66,47,49,60,83,"188cm | 6'2""",0,-,-,Burnley,Scotland
Tony Sergeant,65,CM,,0,3.0,4,59,65,64,58,60,66,"182cm | 6'0""",0,-,-,KSV Cercle Brugge,Belgium
Koen Daerden,65,LM,,0,3.0,3,62,66,66,60,68,66,"192cm | 6'4""",0,-,-,Standard de Liège,Belgium
Christian Kalvenes,65,LB,,0,2.0,4,66,40,55,28,66,71,"180cm | 5'11""",0,-,-,SK Brann,Norway
Thomas Augustinussen,65,CDM,,0,2.0,3,58,42,48,53,71,76,"192cm | 6'4""",0,-,-,FC Red Bull Salzburg,Denmark
Armand Deumi,65,CB,,0,2.0,3,63,46,57,57,64,66,"180cm | 5'11""",0,-,-,Kardemir Karabükspor,Cameroon
Joachim Standfest,65,RB,,0,3.0,2,68,51,59,59,62,64,"180cm | 5'11""",0,-,-,SK Sturm Graz,Austria
Tobias Carlsson,65,CB,,0,2.0,3,58,29,39,36,64,78,"190cm | 6'3""",0,-,-,Kalmar FF,Sweden
Eddie Robinson,65,CB,,0,2.0,3,61,35,48,44,63,66,"185cm | 6'1""",0,-,-,Houston Dynamo,United States
Marc Schneider,65,LB,,0,2.0,2,66,52,50,54,63,66,"180cm | 5'11""",0,-,-,FC Thun,Switzerland
Mauro Lustrinelli,65,ST,,0,3.0,3,64,62,52,65,55,60,"173cm | 5'8""",0,-,-,AC Bellinzona,Switzerland
Goran Obradovic,65,CM,,0,3.0,3,66,62,69,65,55,62,"185cm | 6'1""",0,-,-,FC Sion,Serbia
Mamadou Diabang,65,ST,,0,3.0,5,74,60,51,62,55,68,"180cm | 5'11""",0,-,-,VfL Osnabrück,Senegal
Joey Guðjónsson,65,CM,,0,3.0,3,68,66,59,58,71,64,"173cm | 5'8""",0,-,-,Huddersfield Town,Iceland
Alexandre Hauw,65,CM,,0,3.0,3,73,58,66,66,62,66,"176cm | 5'9""",0,-,-,Naval 1° de Maio,France
Pablo Piñones-Arce,65,ST,,0,3.0,3,78,63,51,71,49,56,"178cm | 5'10""",0,-,-,IF Brommapojkarna,Sweden
Justice Wamfor,65,CDM,,0,2.0,3,67,49,58,56,69,63,"175cm | 5'9""",0,-,-,Germinal Beerschot,Cameroon
Darren Carter,65,CM,,0,3.0,3,68,64,64,65,65,67,"188cm | 6'2""",0,-,-,Millwall,England
Damien Johnson,65,CM,,0,3.0,3,69,66,60,68,68,62,"175cm | 5'9""",0,-,-,Huddersfield Town,Northern Ireland
Martin Canning,65,CB,,0,2.0,3,62,25,52,35,63,70,"188cm | 6'2""",0,-,-,Hamilton Academicals,Scotland
Francesco Pratali,65,CB,,0,2.0,3,62,48,55,41,63,68,"180cm | 5'11""",0,-,-,F. Torino,Italy
James Chambers,65,RB,,0,2.0,3,76,51,58,63,66,66,"178cm | 5'10""",0,-,-,Doncaster Rovers,England
Grégory Christ,65,RM,,0,3.0,4,62,63,67,66,62,59,"174cm | 5'9""",0,-,-,Sint-Truidense VV,France
Henrik Hansen,65,CAM,,0,3.0,4,70,57,62,69,53,45,"179cm | 5'10""",0,-,-,SønderjyskE,Denmark
Davy Arnaud,65,CAM,,0,3.0,3,71,68,58,63,52,60,"183cm | 6'0""",0,-,-,Kansas City Wizards,United States
Geir Ludvig Fevang,65,CAM,,0,3.0,3,65,66,60,67,60,68,"179cm | 5'10""",0,-,-,Sporting Lokeren OV,Norway
Thomas Rasmussen,65,LB,,0,2.0,2,72,68,68,66,68,52,"181cm | 5'11""",0,-,-,Brøndby IF,Denmark
Dennis Sørensen,65,CM,,0,2.0,3,71,59,62,63,70,76,"193cm | 6'4""",0,-,-,Energie Cottbus,Denmark
David Catalá Jiménez,65,CB,,0,2.0,3,67,44,52,57,63,66,"185cm | 6'1""",0,-,-,Real Club Celta de Vigo S.A.D.,Spain
Darren Moore,65,CB,,0,2.0,3,53,24,32,38,64,78,"191cm | 6'3""",0,-,-,Burton Albion,Jamaica
Paulo Roberto de Castillho,65,ST,,0,4.0,3,74,59,59,65,53,58,"182cm | 6'0""",0,-,-,Örebro SK,Brazil
Alan Lee,65,ST,,0,3.0,3,63,61,42,52,60,76,"188cm | 6'2""",0,-,-,Huddersfield Town,Republic of Ireland
Joost Terol,65,GK,,0,1.0,3,65,65,66,65,60,67,"193cm | 6'4""",0,-,-,De Graafschap,Netherlands
Danny Butterfield,65,RB,,0,2.0,3,64,56,54,53,66,67,"180cm | 5'11""",0,-,-,Southampton,England
Ben Burgess,65,ST,,0,2.0,4,64,64,50,55,60,74,"191cm | 6'3""",0,-,-,Notts County,Republic of Ireland
Glen Little,65,CAM,,0,3.0,3,66,62,65,73,56,60,"191cm | 6'3""",0,-,-,Aldershot Town,England
Nate Jaqua,65,ST,,0,2.0,2,64,65,52,62,56,74,"191cm | 6'3""",0,-,-,Seattle Sounders FC,United States
John Eustace,65,CM,,0,3.0,3,70,64,65,57,66,66,"178cm | 5'10""",0,-,-,Watford,England
Julian Gray,65,LW,,0,3.0,2,79,59,53,71,53,54,"185cm | 6'1""",0,-,-,Walsall,England
Leigh Bromby,65,CB,,0,2.0,3,67,31,50,35,65,72,"183cm | 6'0""",0,-,-,Leeds United,England
Bobby Hassell,65,RB,,0,2.0,4,60,39,60,48,63,70,"178cm | 5'10""",0,-,-,Barnsley,England
Marc Richards,65,ST,,0,3.0,3,68,61,50,65,51,68,"180cm | 5'11""",0,-,-,Port Vale,England
Martin Petras,65,CB,,0,2.0,2,66,38,49,41,66,66,"186cm | 6'1""",0,-,-,A.C. Cesena,Slovakia
Frederik Boi,65,RB,,0,2.0,3,63,65,63,58,62,64,"185cm | 6'1""",0,-,-,KSV Cercle Brugge,Belgium
David Noble,65,CM,,0,3.0,3,66,56,66,67,61,54,"183cm | 6'0""",0,-,-,Exeter City,Scotland
Dominic Foley,65,ST,,0,3.0,2,53,66,57,58,62,69,"185cm | 6'1""",0,-,-,KSV Cercle Brugge,Republic of Ireland
Nicoló Consolini,65,RB,,0,2.0,3,61,47,49,45,66,60,"180cm | 5'11""",0,-,-,Sassuolo,Italy
Michael Ratajczak,65,GK,,0,1.0,3,62,63,59,69,40,66,"187cm | 6'2""",0,-,-,Fortuna Düsseldorf,Germany
Mathias Abel,65,RB,,0,2.0,3,64,40,53,48,71,68,"188cm | 6'2""",0,-,-,1. FC Kaiserslautern,Germany
Giuseppe Greco,65,ST,,0,3.0,4,72,62,49,66,58,62,"182cm | 6'0""",0,-,-,Grosseto,Italy
Bernd Rauw,65,CB,,0,2.0,3,67,42,51,55,66,65,"183cm | 6'0""",0,-,-,1. FC Union Berliln,Belgium
Marco Malagó,65,RB,,0,2.0,3,69,42,59,37,66,64,"184cm | 6'0""",0,-,-,Trieste,Italy
Alexander Goikoetxea Urkiaga,65,CB,,0,2.0,3,64,35,45,41,65,68,"178cm | 5'10""",0,-,-,Unión Deportiva Salamanca S.A.D.,Spain
Michael Langer,65,GK,,0,1.0,3,64,65,58,69,51,65,"193cm | 6'4""",0,-,-,FSV Frankfurt,Austria
Kristian Nicht,65,GK,,0,1.0,3,65,63,58,66,56,64,"196cm | 6'5""",0,-,-,Karlsruher SC,Germany
Frankie Hejduk,65,RB,,0,3.0,2,71,53,51,54,65,63,"173cm | 5'8""",0,-,-,Columbus Crew,United States
Wim De Decker,65,CDM,,0,2.0,3,64,52,56,51,66,66,"186cm | 6'1""",0,-,-,Germinal Beerschot,Belgium
Sergio Pelegrín López,65,CB,,0,2.0,3,59,40,45,50,66,61,"184cm | 6'0""",0,-,-,Elche Club de Fútbol S.A.D.,Spain
Daniel Mallo Castro,65,GK,,0,1.0,3,67,63,56,67,41,63,"186cm | 6'1""",0,-,-,Girona Fútbol Club S.A.D. ,Spain
Miguel Ángel Lozano Ayala,65,CDM,,0,2.0,4,66,59,66,58,67,61,"183cm | 6'0""",0,-,-,Sociedad Deportiva Ponferradina S.A.D,Spain
Eduard Albácar Gallego,65,LWB,,0,2.0,2,75,59,64,64,67,58,"177cm | 5'10""",0,-,-,Elche Club de Fútbol S.A.D.,Spain
Iñaki Lafuente Sancha,65,GK,,0,1.0,3,63,70,65,56,49,75,"186cm | 6'1""",0,-,-,Club Deportivo Numancia de Soria S.A.D. ,Spain
Stefan Buck,65,CB,,0,2.0,3,67,43,49,52,64,74,"189cm | 6'2""",0,-,-,TSV 1860 München,Germany
Miguel Ángel Tena García,65,CB,,0,2.0,3,61,42,46,50,65,74,"184cm | 6'0""",0,-,-,Córdoba Club de Fútbol S.A.D.,Spain
Alejandro Castro Fernández,65,CAM,,0,3.0,4,74,66,56,62,53,64,"175cm | 5'9""",0,-,-,Girona Fútbol Club S.A.D. ,Spain
Pablo Redondo Martínez,65,RM,,0,3.0,3,72,61,62,65,56,61,"175cm | 5'9""",0,-,-,Xerez Club Deportivo S.A.D.,Spain
Hocine Ragued,65,CDM,,0,2.0,3,69,51,61,59,65,62,"182cm | 6'0""",0,-,-,Slavia Praha,Tunisia
Sergio Boris González Monteagudo,65,CB,,0,2.0,3,56,48,61,49,65,64,"185cm | 6'1""",0,-,-,Club Deportivo Numancia de Soria S.A.D. ,Spain
Christian Mayrleb,65,ST,,0,3.0,4,66,66,50,62,57,68,"176cm | 5'9""",0,-,-,LASK Linz,Austria
Nabil Taïder,65,CDM,,0,2.0,3,65,54,62,69,60,68,"182cm | 6'0""",0,-,-,Sivasspor,Tunisia
Fousseni Diawara,65,CB,,0,2.0,3,67,35,54,46,59,65,"185cm | 6'1""",0,-,-,AC Ajaccio,Mali
Rafael Clavero Prados,65,LB,,0,2.0,3,74,38,60,57,65,58,"175cm | 5'9""",0,-,-,Fútbol Club Cartagena,Spain
Egoitz Jaio Gabiola,65,CB,,0,2.0,3,57,37,45,41,67,64,"186cm | 6'1""",0,-,-,Club Deportivo Numancia de Soria S.A.D. ,Spain
Samuel Baños Cardín,65,CDM,,0,3.0,3,59,59,60,52,66,58,"175cm | 5'9""",0,-,-,Agrupación Deportiva Alcorcón,Spain
David Bauzá Francés,65,CDM,,0,2.0,3,58,52,60,60,64,52,"188cm | 6'2""",0,-,-,Sociedad Deportiva Huesca S.A.D.,Spain
Robbie Russell,65,RB,,0,2.0,3,85,46,54,55,66,62,"180cm | 5'11""",0,-,-,Real Salt Lake,United States
Bruno Berner,65,LB,,0,2.0,3,60,49,59,59,62,68,"185cm | 6'1""",0,-,-,Leicester City,Switzerland
Pedro Vega Rodríguez,65,LW,,0,3.0,2,70,69,64,63,51,47,"168cm | 5'6""",0,-,-,Unión Deportiva Las Palmas S.A.D.,Spain
Mathias Kouo-Doumbé,65,CB,,0,2.0,3,72,35,47,46,64,70,"185cm | 6'1""",0,-,-,Milton Keynes Dons,France
Daniel Göhlert,65,CB,,0,2.0,3,63,38,45,49,65,69,"186cm | 6'1""",0,-,-,1. FC Union Berliln,Germany
Gledson Da Silva Menezes,65,CB,,0,2.0,3,60,48,44,43,66,72,"190cm | 6'3""",0,-,-,FSV Frankfurt,Brazil
Mathias Florén,65,LB,,0,2.0,3,69,48,66,64,66,66,"179cm | 5'10""",0,-,-,IF Elfsborg,Sweden
Dean Hammond,65,CM,,0,2.0,3,65,58,62,63,67,62,"183cm | 6'0""",0,-,-,Southampton,England
Simon Lappin,65,LM,,0,2.0,3,60,57,69,62,62,59,"180cm | 5'11""",0,-,-,Norwich City,Scotland
Rémi Mareval,65,LWB,,0,3.0,3,73,54,63,63,63,64,"182cm | 6'0""",0,-,-,SV Zulte-Waregem,France
Keith Southern,65,CM,,0,2.0,2,66,63,66,59,67,69,"178cm | 5'10""",0,-,-,Blackpool,England
Daniel Ziebig,65,LB,,0,3.0,3,74,53,61,62,67,58,"183cm | 6'0""",0,-,-,Energie Cottbus,Germany
Ryan Stevenson,65,CAM,,0,3.0,4,64,62,64,65,68,62,"180cm | 5'11""",0,-,-,Heart of Midlothian,Scotland
Jimmy Hempte,65,LWB,,0,2.0,2,66,61,66,55,63,56,"180cm | 5'11""",0,-,-,Roda JC,Belgium
Bram Verbist,65,GK,,0,1.0,3,63,64,73,66,63,63,"183cm | 6'0""",0,-,-,KSV Cercle Brugge,Belgium
Antoni Łukasiewicz,65,CB,,0,2.0,3,65,49,54,45,59,65,"188cm | 6'2""",0,-,-,Śląsk Wrocław,Poland
Ibrahim Öztürk,65,CB,,0,2.0,3,58,50,47,52,62,68,"186cm | 6'1""",0,-,-,Bursaspor,Turkey
Gökhan Tokgöz,65,GK,,0,1.0,2,68,69,60,64,65,63,"188cm | 6'2""",0,-,-,Konyaspor,Turkey
Björn Lindemann,65,CAM,,0,3.0,3,57,68,60,67,58,58,"182cm | 6'0""",0,-,-,VfL Osnabrück,Germany
Veli Lampi,65,RB,,0,2.0,3,73,52,60,58,64,54,"182cm | 6'0""",0,-,-,Willem II,Finland
Casper Ankergren,65,GK,,0,1.0,1,67,55,53,74,55,59,"191cm | 6'3""",0,-,-,Brighton &amp; Hove Albion,Denmark
Patrick Milchraum,65,LM,,0,3.0,3,83,63,55,66,60,53,"174cm | 5'9""",0,-,-,FC Erzgebirge Aue,Germany
Enrique Martín Sánchez,65,LF,,0,3.0,3,61,70,66,65,54,56,"173cm | 5'8""",0,-,-,Unión Deportiva Salamanca S.A.D.,Spain
Benjamin Baltes,65,RM,,0,,3,73,57,65,63,56,66,"178cm | 5'10""",0,-,-,SBV Excelsior,Germany
Shung Hoon Jeong,65,ST,,0,3.0,3,61,63,50,63,57,72,"187cm | 6'2""",0,-,-,Busan I'Park,Korea Republic
Jo Gook Jung,65,ST,,0,3.0,4,63,65,58,64,51,70,"185cm | 6'1""",0,-,-,FC Seoul,Korea Republic
Young Min Hyun,65,LWB,,0,3.0,5,69,60,66,67,61,61,"179cm | 5'10""",0,-,-,FC Seoul,Korea Republic
Tae Uk Choi,65,RW,,0,3.0,4,75,59,56,67,54,44,"173cm | 5'8""",0,-,-,FC Seoul,Korea Republic
Gábor Gyepes,65,CB,,0,2.0,3,66,29,45,35,63,70,"191cm | 6'3""",0,-,-,Cardiff City,Hungary
Riccardo Colombo,65,RWB,,0,2.0,3,74,44,61,57,66,66,"183cm | 6'0""",0,-,-,Reggina,Italy
Cristian Bucchi,65,ST,,0,3.0,3,68,64,54,61,63,70,"186cm | 6'1""",0,-,-,Napoli,Italy
Boy Waterman,65,GK,,0,1.0,3,69,62,69,70,62,59,"188cm | 6'2""",0,-,-,De Graafschap,Netherlands
Marcel Eger,65,CB,,0,2.0,3,63,52,59,46,64,72,"190cm | 6'3""",0,-,-,FC St. Pauli,Germany
Jesper Jørgensen,65,CM,,0,2.0,4,63,67,58,65,58,48,"184cm | 6'0""",0,-,-,Esbjerg fB,Denmark
Josh Saunders,65,GK,,0,1.0,3,67,65,77,65,53,63,"193cm | 6'4""",0,-,-,Los Angeles Galaxy,United States
Nadjim Abdou,65,CM,,0,3.0,3,79,50,62,67,63,64,"180cm | 5'11""",0,-,-,Millwall,France
Vladan Kujovic,65,GK,,0,1.0,3,63,65,66,65,62,65,"185cm | 6'1""",0,-,-,Lierse SK,Serbia
Eric Addo,65,CB,,0,2.0,3,70,38,53,49,63,73,"182cm | 6'0""",0,-,-,Roda JC,Ghana
Ken Leemans,65,CDM,,0,2.0,3,67,48,51,61,65,68,"186cm | 6'1""",0,-,-,VVV-Venlo,Belgium
Ahmed Ammi,65,RWB,,0,2.0,3,74,40,60,67,65,60,"179cm | 5'10""",0,-,-,ADO Den Haag,Morocco
Niels Wellenberg,65,RB,,0,2.0,2,69,53,58,63,64,64,"179cm | 5'10""",0,-,-,N.E.C.,Netherlands
Vincent Péricard,65,ST,,0,3.0,3,70,61,55,63,55,74,"186cm | 6'1""",0,-,-,Swindon Town,Cameroon
Billy Jones,65,RB,,0,2.0,4,68,48,62,57,66,66,"180cm | 5'11""",0,-,-,Preston North End,England
Dean Lewington,65,LB,,0,2.0,3,70,42,60,42,69,61,"180cm | 5'11""",0,-,-,Milton Keynes Dons,England
Vincenzo Sicignano,65,GK,,0,1.0,2,68,59,65,69,58,60,"185cm | 6'1""",0,-,-,Frosinone,Italy
Hee Ju Kwak,65,CB,,0,2.0,4,66,51,51,44,62,64,"184cm | 6'0""",0,-,-,Suwon Samsung Bluewings,Korea Republic
Rafael Medina,65,LWB,,0,3.0,5,71,61,67,63,61,50,"177cm | 5'10""",0,-,-,Estudiantes Tecos,Mexico
Davide Callà,65,RM,,0,3.0,3,73,43,63,65,47,50,"174cm | 5'9""",0,-,-,Grasshopper-Club,Switzerland
Rory Fallon,65,CF,,0,2.0,3,62,65,60,56,57,71,"188cm | 6'2""",0,-,-,Plymouth Argyle,New Zealand
Gino Padula,65,LB,,0,2.0,2,64,53,65,61,66,62,"179cm | 5'10""",0,-,-,Columbus Crew,Argentina
Marcus Bean,65,CM,,0,2.0,3,68,59,64,56,71,63,"181cm | 5'11""",0,-,-,Brentford,England
James McPake,65,CB,,0,2.0,3,64,41,44,33,64,78,"189cm | 6'2""",0,-,-,Coventry City,Scotland
Gavin Rae,65,CM,,0,3.0,3,68,52,66,65,67,61,"181cm | 5'11""",0,-,-,Cardiff City,Scotland
John Rankin,65,CAM,,0,3.0,3,72,63,62,67,59,50,"173cm | 5'8""",0,-,-,Hibernian,Scotland
Marcel Seip,65,RB,,0,2.0,3,66,36,49,51,71,74,"182cm | 6'0""",0,-,-,Plymouth Argyle,Netherlands
Kurt Van Dooren,65,CB,,0,2.0,3,55,43,44,41,64,65,"183cm | 6'0""",0,-,-,Lierse SK,Belgium
Mohamed Messoudi,65,CAM,,0,3.0,3,68,60,63,71,57,62,"177cm | 5'10""",0,-,-,KV Kortrijk,Belgium
Kenny Thompson,65,LB,,0,2.0,3,76,56,57,46,65,70,"183cm | 6'0""",0,-,-,KAA Gent,Belgium
Baye Ali Ibra Kébé,65,CB,,0,2.0,3,56,43,53,48,64,70,"185cm | 6'1""",0,-,-,Anzhi Makhachkala,Senegal
Alan Gow,65,CF,,0,3.0,3,73,62,61,73,49,46,"183cm | 6'0""",0,-,-,Motherwell,Scotland
Morten Berre,65,ST,,0,3.0,3,75,58,54,76,62,66,"181cm | 5'11""",0,-,-,Vålerenga Fotball,Norway
Leon Britton,65,CM,,0,3.0,3,73,42,66,74,66,33,"168cm | 5'6""",0,-,-,Sheffield United,England
Andy Robinson,65,LW,,0,3.0,4,67,65,67,66,57,40,"173cm | 5'8""",0,-,-,Leeds United,England
Sébastien Renouard,65,CAM,,0,3.0,4,73,58,65,74,59,58,"177cm | 5'10""",0,-,-,Angers SCO,France
Milan Dudić,65,CB,,0,2.0,4,59,28,48,55,63,74,"184cm | 6'0""",0,-,-,FC Red Bull Salzburg,Serbia
Blagoy Georgiev,65,CM,,0,2.0,3,62,69,64,68,57,62,"184cm | 6'0""",0,-,-,Terek Grozny,Bulgaria
Petr Voříšek,65,CDM,,0,3.0,3,68,52,64,64,62,60,"185cm | 6'1""",0,-,-,FK Austria Wien,Czech Republic
José Antonio García Rabasco,65,CM,,0,2.0,4,59,62,75,59,59,54,"182cm | 6'0""",0,-,-,Albacete Balompié S.A.D.,Spain
David Medina Díaz López,65,CB,,0,2.0,3,66,42,58,50,65,68,"175cm | 5'9""",0,-,-,Gimnàstic de Tarragona S.A.D.,Spain
Christian Schwegler,65,RB,,0,2.0,4,69,46,60,62,63,58,"177cm | 5'10""",0,-,-,FC Red Bull Salzburg,Switzerland
Bekir Ozan Has,65,CDM,,0,2.0,3,73,51,66,62,63,60,"175cm | 5'9""",0,-,-,Bursaspor,Turkey
Pedro Mairata Gual,65,CB,,0,2.0,3,55,42,48,46,67,72,"189cm | 6'2""",0,-,-,Gimnàstic de Tarragona S.A.D.,Spain
Manuel Martínez Lara,65,CB,,0,2.0,3,54,47,52,47,65,62,"183cm | 6'0""",0,-,-,R.C. Recreativo,Spain
Marcos Márquez Lebrero,65,ST,,0,2.0,3,58,64,50,54,57,80,"186cm | 6'1""",0,-,-,Unión Deportiva Salamanca S.A.D.,Spain
David Cerrajería Rubio,65,RB,,0,2.0,4,71,45,57,55,65,56,"177cm | 5'10""",0,-,-,Levante Unión Deportiva S.A.D.,Spain
Albert Serra Figueras,65,CB,,0,2.0,3,59,33,45,47,65,70,"186cm | 6'1""",0,-,-,Girona Fútbol Club S.A.D. ,Spain
Rafael Barber Rodríguez,65,CDM,,0,2.0,2,66,56,51,61,68,62,"183cm | 6'0""",0,-,-,Xerez Club Deportivo S.A.D.,Spain
Héctor Sánchez Cabrera,65,LB,,0,2.0,2,72,26,52,49,65,66,"175cm | 5'9""",0,-,-,Villarreal Club de Fútbol “B” S.A.D.,Spain
Antonio López Álvarez,65,LM,,0,3.0,3,63,69,68,65,61,50,"173cm | 5'8""",0,-,-,Albacete Balompié S.A.D.,Spain
Íñigo Vélez de Mendizábal,65,ST,,0,2.0,3,58,67,50,57,58,76,"193cm | 6'4""",0,-,-,Club Deportivo Numancia de Soria S.A.D. ,Spain
Alexey Popov,65,CB,,0,2.0,4,66,47,56,50,64,68,"188cm | 6'2""",0,-,-,Amkar Perm,Russia
Sergey Volkov,65,CF,,0,2.0,3,70,64,54,61,50,70,"175cm | 5'9""",0,-,-,Amkar Perm,Russia
Andrey Topchu,65,RW,,0,3.0,4,70,59,67,60,59,50,"181cm | 5'11""",0,-,-,Amkar Perm,Russia
Igor Shevchenko,65,ST,,0,3.0,3,68,64,47,63,59,68,"180cm | 5'11""",0,-,-,Sibir Novosibirsk,Russia
Dario Passoni,65,CDM,,0,2.0,3,66,52,58,64,69,68,"183cm | 6'0""",0,-,-,A. Leffe,Italy
Maxim Astafyev,65,RM,,0,3.0,3,73,56,67,65,65,52,"169cm | 5'7""",0,-,-,Sibir Novosibirsk,Russia
Florin Lovin,65,CDM,,0,2.0,3,63,48,62,60,64,65,"190cm | 6'3""",0,-,-,TSV 1860 München,Romania
Sebastian Przyrowski,65,GK,,0,1.0,2,67,64,59,71,48,58,"193cm | 6'4""",0,-,-,Polonia Warszawa,Poland
Marcin Zając,65,RM,,0,3.0,2,80,56,59,65,52,44,"180cm | 5'11""",0,-,-,Ruch Chorzów,Poland
Ricky van den Bergh,65,CAM,,0,3.0,4,64,69,66,67,55,52,"176cm | 5'9""",0,-,-,ADO Den Haag,Netherlands
Erik Mjelde,65,RM,,0,3.0,4,74,71,59,66,49,74,"180cm | 5'11""",0,-,-,SK Brann,Norway
Dariusz Dudka,65,CDM,,0,2.0,3,76,45,62,64,63,70,"182cm | 6'0""",0,-,-,AJ Auxerre,Poland
Francesco Scardina,65,CB,,0,2.0,3,66,29,50,43,61,66,"180cm | 5'11""",0,-,-,Cittadella,Italy
Owen Heary,65,RB,,0,2.0,2,62,41,60,51,64,61,"176cm | 5'9""",0,-,-,Bohemians FC,Republic of Ireland
Dimitrios Papadopoulos,65,ST,,0,3.0,3,77,63,46,65,60,66,"177cm | 5'10""",0,-,-,Real Club Celta de Vigo S.A.D.,Greece
Michael Delura,65,RM,,0,2.0,3,77,59,60,65,53,64,"191cm | 6'3""",0,-,-,Arminia Bielefeld,Germany
René Klingbeil,65,LB,,0,2.0,3,68,44,58,57,67,66,"180cm | 5'11""",0,-,-,FC Erzgebirge Aue,Germany
Benedikt Pliquett,65,GK,,0,1.0,3,66,67,59,67,39,61,"199cm | 6'6""",0,-,-,FC St. Pauli,Germany
Bajram Fetai,65,LF,,0,3.0,3,78,58,46,65,56,56,"180cm | 5'11""",0,-,-,FC Nordsjælland,Denmark
Jonas Troest,65,CB,,0,2.0,3,68,26,48,29,63,65,"185cm | 6'1""",0,-,-,Odense Boldklub,Denmark
Stijn Minne,65,RB,,0,2.0,4,72,45,58,44,62,62,"171cm | 5'7""",0,-,-,SV Zulte-Waregem,Belgium
Marcel Schreter,65,ST,,0,3.0,3,73,67,59,61,59,57,"178cm | 5'10""",0,-,-,FC Wacker Innsbruck,Austria
Enrico Kern,65,ST,,0,3.0,3,71,61,47,61,58,70,"189cm | 6'2""",0,-,-,FC Erzgebirge Aue,Germany
Andreas Lasnik,65,CAM,,0,3.0,3,68,64,72,66,53,58,"183cm | 6'0""",0,-,-,Willem II,Austria
Mattias Moström,65,RW,,0,2.0,3,78,59,59,61,50,42,"179cm | 5'10""",0,-,-,Molde FK,Sweden
Bradley Johnson,65,CM,,0,3.0,3,68,66,64,62,63,70,"180cm | 5'11""",0,-,-,Leeds United,England
Paul Reid,65,CB,,0,2.0,3,62,31,42,42,67,76,"188cm | 6'2""",0,-,-,Colchester United,England
Peter Leven,65,CM,,0,3.0,3,69,61,69,64,61,64,"180cm | 5'11""",0,-,-,Milton Keynes Dons,Scotland
Mark Yeates,65,RM,,0,3.0,3,71,65,60,73,49,44,"175cm | 5'9""",0,-,-,Sheffield United,Republic of Ireland
Grzegorz Wojtkowiak,65,LB,,0,2.0,4,66,40,56,50,63,69,"184cm | 6'0""",0,-,-,Lech Poznań,Poland
Virgile Reset,65,RM,,0,3.0,4,75,39,56,69,50,40,"176cm | 5'9""",0,-,-,Vannes OC,France
Joseba del Olmo García,65,RM,,0,3.0,3,75,56,60,70,62,60,"172cm | 5'8""",0,-,-,Sociedad Deportiva Ponferradina S.A.D,Spain
Sergio Alejandro Díaz,65,CB,,0,2.0,3,53,50,56,44,66,74,"194cm | 6'4""",0,-,-,Gimnàstic de Tarragona S.A.D.,Spain
Craig Mackail-Smith,65,ST,,0,2.0,3,74,62,52,66,52,58,"178cm | 5'10""",0,-,-,Peterborough United,England
You Hwan Lim,65,CB,,0,2.0,3,65,41,49,52,62,68,"185cm | 6'1""",0,-,-,Jeonbuk Hyundai Motors,Korea Republic
Peter Nymann,65,RM,,0,3.0,3,85,54,65,62,58,49,"179cm | 5'10""",0,-,-,Esbjerg fB,Denmark
Dong Hyun Kim,65,ST,,0,2.0,2,56,62,45,59,62,84,"188cm | 6'2""",0,-,-,Gwangju Sangmu FC,Korea Republic
Johannes Ertl,65,CDM,,0,2.0,3,68,32,53,67,67,72,"188cm | 6'2""",0,-,-,Sheffield United,Austria
Kenny Van Hoevelen,65,CB,,0,2.0,3,65,37,50,48,63,65,"184cm | 6'0""",0,-,-,KV Mechelen,Belgium
Graeme Smith,65,GK,,0,1.0,3,68,67,62,69,43,64,"188cm | 6'2""",0,-,-,Hibernian,Scotland
Tuomo Turunen,65,CB,,0,2.0,3,66,42,57,47,61,68,"183cm | 6'0""",0,-,-,Trelleborgs FF,Finland
Felipe Ayala,65,CDM,,0,2.0,3,64,66,66,60,61,68,"177cm | 5'10""",0,-,-,Puebla,Mexico
Marcus Nwambo Mokaké,65,ST,,0,3.0,3,76,64,51,70,45,52,"168cm | 5'6""",0,-,-,CS Sedan Ardennes,Cameroon
Elgabry Rangel,65,CDM,,0,2.0,2,72,55,64,62,65,54,"165cm | 5'5""",0,-,-,Estudiantes Tecos,Mexico
Grégory Lorenzi,65,CB,,0,2.0,3,62,51,60,42,61,74,"186cm | 6'1""",0,-,-,Stade Brestois 29,France
Tobias Eriksson,65,CM,,0,3.0,4,70,62,64,63,62,53,"178cm | 5'10""",0,-,-,Kalmar FF,Sweden
Daniel Alcántar,65,RWB,,0,2.0,3,71,50,63,60,61,57,"169cm | 5'7""",0,-,-,San Luis,Mexico
Killian Brennan,65,LM,,0,3.0,2,68,66,66,69,44,50,"180cm | 5'11""",0,-,-,Bohemians FC,Republic of Ireland
Shelton Martis,65,CB,,0,2.0,3,64,40,41,54,66,70,"185cm | 6'1""",0,-,-,Doncaster Rovers,Netherlands Antilles
Thomas Prager,65,CAM,,0,2.0,4,69,57,59,69,68,57,"174cm | 5'9""",0,-,-,FC Luzern,Austria
Julian Bennett,65,LB,,0,2.0,3,74,34,63,56,63,66,"185cm | 6'1""",0,-,-,Crystal Palace,England
Uwe Hünemeier,65,CB,,0,2.0,3,67,39,49,49,64,72,"189cm | 6'2""",0,-,-,Energie Cottbus,Germany
Besart Berisha,65,ST,,0,3.0,4,78,61,46,66,50,56,"184cm | 6'0""",0,-,-,Arminia Bielefeld,Albania
Andrea Manucci,65,RB,,0,2.0,2,73,53,59,59,63,62,"174cm | 5'9""",0,-,-,Cittadella,Italy
Christian Demirtas,65,RB,,0,2.0,4,73,51,58,64,63,64,"173cm | 5'8""",0,-,-,Karlsruher SC,Germany
Michael Parensen,65,LM,,0,2.0,3,73,55,63,63,64,54,"180cm | 5'11""",0,-,-,1. FC Union Berliln,Germany
Frank van Kouwen,65,CB,,0,2.0,3,68,55,54,47,62,67,"178cm | 5'10""",0,-,-,VVV-Venlo,Netherlands
Xavier Chen,65,RB,,0,2.0,3,70,49,64,58,61,63,"175cm | 5'9""",0,-,-,KV Mechelen,Taiwan
Antonio Giosa,65,CB,,0,2.0,2,68,46,50,52,65,66,"185cm | 6'1""",0,-,-,Reggina,Italy
Adaílton José dos Santos Filho,65,CB,,0,2.0,2,68,48,52,48,67,70,"190cm | 6'3""",0,-,-,FC Sion,Brazil
David Edwards,65,CAM,,0,3.0,3,69,57,68,67,65,60,"185cm | 6'1""",0,-,-,Wolverhampton Wanderers,Wales
Rey Volpato,65,CF,,0,3.0,3,69,62,48,70,57,62,"186cm | 6'1""",0,-,-,Livorno,Italy
Manuel Weber,65,CM,,0,2.0,3,65,52,63,66,64,62,"184cm | 6'0""",0,-,-,SK Sturm Graz,Austria
Florian Stahel,65,RB,,0,2.0,3,76,51,54,57,65,64,"183cm | 6'0""",0,-,-,FC Zürich,Switzerland
Ian Black,65,CM,,0,3.0,3,64,55,63,67,68,56,"173cm | 5'8""",0,-,-,Heart of Midlothian,Scotland
Ian Goodison,65,CB,,0,2.0,3,53,28,46,39,61,74,"185cm | 6'1""",0,-,-,Tranmere Rovers,Jamaica
Alejandro Argüello,65,CDM,,0,2.0,3,68,60,65,61,64,60,"174cm | 5'9""",0,-,-,Tigres U.A.N.L.,Mexico
Diego De la Torre,65,CF,,0,3.0,3,69,62,61,66,57,64,"178cm | 5'10""",0,-,-,San Luis,Mexico
Elliott Ward,65,CB,,0,2.0,3,61,45,46,38,65,70,"185cm | 6'1""",0,-,-,Norwich City,England
Bruno Herrero Arias,65,CM,,0,3.0,3,66,66,72,61,61,52,"176cm | 5'9""",0,-,-,Xerez Club Deportivo S.A.D.,Spain
David Bell,65,RM,,0,3.0,4,75,56,61,63,53,46,"178cm | 5'10""",0,-,-,Coventry City,Republic of Ireland
Frank van der Struijk,65,CB,,0,2.0,5,67,36,52,56,64,62,"183cm | 6'0""",0,-,-,Vitesse,Netherlands
Jeroen Drost,65,LB,,0,2.0,3,63,52,52,52,63,60,"184cm | 6'0""",0,-,-,Vitesse,Netherlands
Graham Gartland,65,CB,,0,2.0,3,56,20,39,58,62,62,"188cm | 6'2""",0,-,-,St. Johnstone FC,Republic of Ireland
Colin Doyle,65,GK,,0,1.0,3,70,65,61,71,50,60,"196cm | 6'5""",0,-,-,Birmingham City,Republic of Ireland
Kevan Hurst,65,LM,,0,3.0,4,67,41,68,65,53,52,"178cm | 5'10""",0,-,-,Carlisle United,England
Claude Davis,65,CB,,0,2.0,4,68,35,41,37,68,82,"191cm | 6'3""",0,-,-,Crystal Palace,Jamaica
Richard Keogh,65,RB,,0,2.0,3,63,15,65,42,66,74,"188cm | 6'2""",0,-,-,Coventry City,Republic of Ireland
Carl Dickinson,65,LB,,0,2.0,2,65,33,52,45,65,72,"185cm | 6'1""",0,-,-,Portsmouth,England
Frankie Simek,65,RB,,0,2.0,3,72,52,62,63,66,70,"183cm | 6'0""",0,-,-,Carlisle United,United States
Gary Roberts,65,CM,,0,2.0,3,67,58,74,55,59,54,"173cm | 5'8""",0,-,-,Port Vale,England
Davide Moro,65,CM,,0,3.0,2,71,52,65,58,68,66,"176cm | 5'9""",0,-,-,Empoli,Italy
Jake Cole,65,GK,,0,1.0,3,64,58,70,73,55,63,"190cm | 6'3""",0,-,-,Barnet,England
David Mirfin,65,CB,,0,2.0,3,63,26,34,35,68,66,"185cm | 6'1""",0,-,-,Scunthorpe United,England
Leon Barnett,65,CB,,0,2.0,3,60,27,40,50,64,75,"185cm | 6'1""",0,-,-,Norwich City,England
Craig Morgan,65,CB,,0,2.0,3,66,31,45,41,67,68,"187cm | 6'2""",0,-,-,Preston North End,Wales
Filippo Antonelli Agomeri,65,RM,,0,3.0,4,70,54,62,66,53,56,"172cm | 5'8""",0,-,-,Trieste,Italy
Maurizio Lauro,65,CB,,0,2.0,2,66,33,41,44,64,64,"180cm | 5'11""",0,-,-,A.C. Cesena,Italy
Therry Racon,65,CDM,,0,3.0,4,74,64,64,65,65,70,"178cm | 5'10""",0,-,-,Charlton Athletic,France
Josef Dvorník,65,CB,,0,2.0,2,57,39,44,33,66,74,"190cm | 6'3""",0,-,-,1. FC Brno,Czech Republic
Dan Kennedy,65,GK,,0,1.0,2,69,64,65,66,58,63,"185cm | 6'1""",0,-,-,Club Deportivo Chivas USA,United States
Clyde Simms,65,CDM,,0,2.0,3,72,57,54,59,67,61,"175cm | 5'9""",0,-,-,D.C. United,United States
Drew Moor,65,CB,,0,2.0,3,70,36,53,55,61,71,"183cm | 6'0""",0,-,-,Colorado Rapids,United States
Ugo Ihemelu,65,CB,,0,2.0,3,80,40,51,49,64,66,"183cm | 6'0""",0,-,-,FC Dallas,United States
Danny O'Rourke,65,CDM,,0,2.0,3,72,50,59,59,65,66,"183cm | 6'0""",0,-,-,Columbus Crew,United States
Chad Barrett,65,ST,,0,3.0,4,72,64,50,64,56,66,"180cm | 5'11""",0,-,-,Toronto FC,United States
Calum Elliot,65,ST,,0,3.0,3,63,63,59,65,54,64,"183cm | 6'0""",0,-,-,Heart of Midlothian,Scotland
Iván Carril Regueiro,65,RW,,0,3.0,3,70,65,60,62,46,52,"184cm | 6'0""",0,-,-,SV Josko Fenst. Ried,Spain
Cássio,65,GK,,0,1.0,2,68,62,59,67,39,62,"184cm | 6'0""",0,-,-,Paços Ferreira,Brazil
Beom Seok Oh,65,RWB,,0,2.0,4,67,50,66,61,64,55,"181cm | 5'11""",0,-,-,Ulsan Hyundai Horang-i,Korea Republic
Jaime Peters,65,RM,,0,3.0,4,85,50,55,67,59,49,"170cm | 5'7""",0,-,-,Ipswich Town,Canada
Róbert Waltner,65,ST,,0,2.0,4,64,62,52,61,57,72,"184cm | 6'0""",0,-,-,SV Mattersburg,Hungary
Axel Bellinghausen,65,LB,,0,2.0,3,75,63,66,59,67,62,"182cm | 6'0""",0,-,-,FC Augsburg,Germany
Mario Rodríguez,65,GK,,0,1.0,3,63,68,62,69,46,61,"182cm | 6'0""",0,-,-,Estudiantes Tecos,Mexico
Ivan Taranov,65,CB,,0,2.0,3,62,48,52,56,63,59,"184cm | 6'0""",0,-,-,Krylya Sovetov Samara,Russia
Kirill Nababkin,65,RB,,0,3.0,4,59,45,60,63,62,68,"176cm | 5'9""",0,-,-,CSKA Moskva,Russia
Matthew Connolly,65,CB,,0,2.0,3,63,38,42,54,66,71,"188cm | 6'2""",0,-,-,Queens Park Rangers,England
David Robertson,65,CM,,0,3.0,4,65,64,62,63,64,60,"178cm | 5'10""",0,-,-,Dundee United,Scotland
Chavdar Yankov,65,CM,,0,3.0,3,66,68,66,65,63,59,"176cm | 5'9""",0,-,-,FC Rostov,Bulgaria
Rob Elliot,65,GK,,0,1.0,2,67,64,64,66,47,67,"190cm | 6'3""",0,-,-,Charlton Athletic,Republic of Ireland
Danny Grainger,65,LB,,0,2.0,3,63,40,66,45,62,73,"183cm | 6'0""",0,-,-,St. Johnstone FC,England
Maxime Josse,65,RB,,0,2.0,3,71,45,58,44,65,67,"184cm | 6'0""",0,-,-,FC Sochaux-Montbéliard,France
Grégory Beranger,65,LB,,0,2.0,2,78,51,61,63,61,63,"174cm | 5'9""",0,-,-,Club Deportivo Tenerife S.A.D.,France
Daniel Lopes Cruz,65,LWB,,0,2.0,2,75,54,60,66,66,62,"181cm | 5'11""",0,-,-,Naval 1° de Maio,Brazil
Jeanvion Yulu-Matondo,65,RW,,0,3.0,3,76,60,57,65,54,62,"178cm | 5'10""",0,-,-,Roda JC,Belgium
Andreas Ulmer,65,LWB,,0,2.0,3,71,50,60,65,65,57,"175cm | 5'9""",0,-,-,FC Red Bull Salzburg,Austria
Stephan Schröck,65,RB,,0,3.0,4,84,44,64,65,64,52,"169cm | 5'7""",0,-,-,SpVgg Greuther Fürth,Germany
Michael O'Connor,65,CDM,,0,2.0,3,67,63,66,58,60,62,"185cm | 6'1""",0,-,-,Scunthorpe United,Northern Ireland
Jonathan Grounds,65,LB,,0,2.0,3,71,35,56,46,62,58,"185cm | 6'1""",0,-,-,Hibernian,England
Jay Rodriguez,65,ST,,0,2.0,3,74,58,42,62,54,76,"183cm | 6'0""",0,-,-,Burnley,England
Owain Fôn Williams,65,GK,,0,1.0,3,65,58,59,76,63,58,"193cm | 6'4""",0,-,-,Stockport County,Wales
Luke Summerfield,65,CM,,0,3.0,3,67,53,65,69,64,53,"183cm | 6'0""",0,-,-,Plymouth Argyle,England
Rory McArdle,65,CB,,0,2.0,3,66,21,42,35,65,72,"185cm | 6'1""",0,-,-,Aberdeen,Northern Ireland
Mirko Casper,65,CB,,0,2.0,4,70,43,60,54,67,66,"183cm | 6'0""",0,-,-,Alemannia Aachen,Germany
Roy O'Donovan,65,ST,,0,3.0,3,78,61,52,60,48,57,"169cm | 5'7""",0,-,-,Coventry City,Republic of Ireland
Pablo Sánchez Alberto,65,CF,,0,3.0,3,76,58,53,65,46,62,"173cm | 5'8""",0,-,-,R.C. Recreativo,Spain
Sergio Gustavo Suárez Arteaga,65,LM,,0,3.0,4,72,52,59,70,53,64,"180cm | 5'11""",0,-,-,Unión Deportiva Las Palmas S.A.D.,Spain
Roy Miller,65,LB,,0,2.0,3,76,48,64,48,71,68,"187cm | 6'2""",0,-,-,New York Red Bulls,Costa Rica
Chus Herrero,65,CB,,0,2.0,3,67,38,49,35,66,63,"183cm | 6'0""",0,-,-,Fútbol Club Cartagena,Spain
Christian Holst,65,CF,,0,2.0,3,65,63,57,63,62,54,"179cm | 5'10""",0,-,-,Silkeborg IF,Faroe Islands
Magnus Wikström,65,CB,,0,2.0,3,56,28,47,29,65,71,"195cm | 6'5""",0,-,-,Örebro SK,Sweden
Réginal Goreux,65,RM,,0,3.0,3,73,65,61,65,59,58,"174cm | 5'9""",0,-,-,Standard de Liège,Belgium
Patrick Kristensen,65,CAM,,0,2.0,4,69,61,66,65,54,52,"173cm | 5'8""",0,-,-,Aalborg BK,Denmark
Gabriele Paonessa,65,CAM,,0,3.0,4,75,65,62,71,53,57,"172cm | 5'8""",0,-,-,A.C. Cesena,Italy
Brett Pitman,65,ST,,0,3.0,3,70,66,54,62,50,60,"183cm | 6'0""",0,-,-,Bristol City,England
Darcy Blake,65,CB,,0,2.0,4,70,48,62,61,63,68,"165cm | 5'5""",0,-,-,Cardiff City,Wales
Branimir Bajić,65,CB,,0,2.0,3,60,33,36,33,66,64,"187cm | 6'2""",0,-,-,MSV Duisburg,Bosnia Herzegovina
Paul Caddis,65,RB,,0,2.0,2,66,35,63,71,62,64,"170cm | 5'7""",0,-,-,Swindon Town,Scotland
Michael Spillane,65,CB,,0,2.0,3,63,37,57,53,65,70,"191cm | 6'3""",0,-,-,Brentford,Republic of Ireland
Carlos Valdez,65,CB,,0,2.0,2,72,44,42,47,65,70,"184cm | 6'0""",0,-,-,Siena,Uruguay
Rene Mihelič,65,CM,,0,3.0,4,57,64,65,71,52,52,"187cm | 6'2""",0,-,-,CD Nacional,Slovenia
Erton Fejzullahu,65,RW,,0,3.0,3,70,58,56,68,54,68,"181cm | 5'11""",0,-,-,N.E.C.,Sweden
Abdul Gafar Mamah,65,LB,,0,3.0,5,69,41,58,49,62,67,"178cm | 5'10""",0,-,-,Alaniya Vladikavkaz,Togo
Xiaoting Feng,65,CB,,0,2.0,3,66,42,39,51,66,68,"180cm | 5'11""",0,-,-,Jeonbuk Hyundai Motors,China PR
Karim Belhocine,65,CDM,,0,2.0,3,64,59,64,50,66,59,"188cm | 6'2""",0,-,-,KV Kortrijk,France
Sascha Dum,65,LM,,0,3.0,2,84,59,59,65,59,58,"189cm | 6'2""",0,-,-,Fortuna Düsseldorf,Germany
Colin Clark,65,LM,,0,3.0,3,81,56,55,68,55,53,"183cm | 6'0""",0,-,-,Colorado Rapids,United States
Chul Soon Choi,65,LB,,0,2.0,3,69,33,63,55,65,54,"173cm | 5'8""",0,-,-,Jeonbuk Hyundai Motors,Korea Republic
Chang Soo Kim,65,RB,,0,2.0,3,74,56,65,57,65,66,"178cm | 5'10""",0,-,-,Busan I'Park,Korea Republic
Sang Ho Lee,65,CAM,,0,3.0,3,74,64,66,69,59,48,"173cm | 5'8""",0,-,-,Suwon Samsung Bluewings,Korea Republic
John Jairo Mosquera,65,ST,,0,3.0,3,69,60,49,63,54,68,"192cm | 6'4""",0,-,-,1. FC Union Berliln,Colombia
Guillaume Loriot,65,CDM,,0,3.0,4,70,58,69,61,64,58,"188cm | 6'2""",0,-,-,Valenciennes FC,France
Chinedu Ede,65,LM,,0,3.0,4,84,58,59,69,45,52,"179cm | 5'10""",0,-,-,1. FC Union Berliln,Germany
Morgan Schneiderlin,65,CM,,0,2.0,3,68,56,61,63,68,70,"181cm | 5'11""",0,-,-,Southampton,France
Alexander Stephan,65,GK,,0,1.0,3,62,68,59,66,61,67,"189cm | 6'2""",0,-,-,1. FC Nürnberg,Germany
Bernd Nehrig,65,RM,,0,2.0,4,74,62,59,66,48,62,"180cm | 5'11""",0,-,-,SpVgg Greuther Fürth,Germany
Kai Bülow,65,CB,,0,2.0,4,68,33,54,53,64,66,"188cm | 6'2""",0,-,-,TSV 1860 München,Germany
Michel Simplício Rosseto,65,ST,,0,3.0,3,71,67,57,64,48,62,"180cm | 5'11""",0,-,-,Naval 1° de Maio,Brazil
Bischoff,65,CM,,0,3.0,3,71,58,67,69,57,54,"176cm | 5'9""",0,-,-,Académica Coimbra,Portugal
Yann Sommer,65,GK,,0,1.0,3,70,63,56,69,46,62,"183cm | 6'0""",0,-,-,FC Basel 1893,Switzerland
Laurent Agouazi,65,CAM,,0,2.0,3,64,58,68,64,60,66,"184cm | 6'0""",0,-,-,U.S. Boulogne Cote D'Opale,France
Nicola Madonna,65,RM,,0,2.0,3,70,57,62,66,54,44,"182cm | 6'0""",0,-,-,Vicenza,Italy
Francesco Della Rocca,65,CAM,,0,3.0,3,74,58,63,68,54,54,"182cm | 6'0""",0,-,-,Bologna,Italy
Yoni Buyens,65,CM,,0,3.0,3,67,57,64,62,63,66,"182cm | 6'0""",0,-,-,KV Mechelen,Belgium
Chris Kum,65,CB,,0,2.0,3,69,42,57,58,62,63,"183cm | 6'0""",0,-,-,ADO Den Haag,Germany
Robert Zwinkels,65,GK,,0,1.0,2,64,67,68,68,39,64,"186cm | 6'1""",0,-,-,ADO Den Haag,Netherlands
Jirès Kembo-Ekoko,65,ST,,0,3.0,3,76,59,59,69,47,59,"178cm | 5'10""",0,-,-,Stade Rennais FC,DR Congo
Davide Bassi,65,GK,,0,1.0,2,64,60,60,69,58,67,"190cm | 6'3""",0,-,-,F. Torino,Italy
Flavio Lazzari,65,CAM,,0,3.0,3,72,60,63,67,62,66,"186cm | 6'1""",0,-,-,Empoli,Italy
Andrea Luci,65,CM,,0,2.0,3,65,60,63,62,61,46,"172cm | 5'8""",0,-,-,Livorno,Italy
Federico Viviani,65,CB,,0,2.0,3,63,29,41,40,65,67,"182cm | 6'0""",0,-,-,Grosseto,Italy
Tijan Jaiteh,65,CM,,0,3.0,3,74,53,58,67,65,64,"188cm | 6'2""",0,-,-,SK Brann,Gambia
Kévin Olimpa,65,GK,,0,1.0,2,68,65,66,64,29,68,"186cm | 6'1""",0,-,-,Girondins de Bordeaux,France
Anthony Pilkington,65,LF,,0,3.0,5,71,60,55,71,54,55,"183cm | 6'0""",0,-,-,Huddersfield Town,Republic of Ireland
Lubomír Michalík,65,CB,,0,2.0,3,56,55,47,41,62,80,"193cm | 6'4""",0,-,-,Carlisle United,Slovakia
Hyung Il Kim,65,CB,,0,2.0,3,57,40,43,34,65,70,"187cm | 6'2""",0,-,-,Pohang Steelers,Korea Republic
Stevica Ristic,65,ST,,0,3.0,3,61,65,49,61,55,68,"188cm | 6'2""",0,-,-,Amkar Perm,FYR Macedonia
Rodrigo Vargas,65,CB,,0,2.0,3,55,43,45,44,66,71,"181cm | 5'11""",0,-,-,Melbourne Victory FC,Australia
Adrian Leijer,65,CB,,0,2.0,2,59,46,56,52,64,73,"186cm | 6'1""",0,-,-,Melbourne Victory FC,Australia
David McGoldrick,65,ST,,0,2.0,3,76,62,50,67,51,63,"185cm | 6'1""",0,-,-,Nottingham Forest,England
Tomáš Marek,65,CDM,,0,2.0,4,71,58,60,62,66,61,"177cm | 5'10""",0,-,-,Baník Ostrava,Czech Republic
Petr Tomašák,65,LW,,0,2.0,4,78,55,65,61,61,55,"179cm | 5'10""",0,-,-,FC Hradec Králové,Czech Republic
David Horejš,65,CB,,0,2.0,3,60,48,60,54,61,67,"185cm | 6'1""",0,-,-,Dynamo České Budějovice,Czech Republic
Aleš Škerle,65,CB,,0,2.0,3,70,49,50,43,59,68,"188cm | 6'2""",0,-,-,Sigma Olomouc,Czech Republic
Pär Asp,65,CB,,0,2.0,2,71,37,42,35,66,75,"181cm | 5'11""",0,-,-,IF Brommapojkarna,Sweden
Andreas Landgren,65,CDM,,0,2.0,3,69,48,60,56,65,66,"176cm | 5'9""",0,-,-,Willem II,Sweden
Carlos Eduardo de Castro Lourenco,65,CB,,0,2.0,3,68,29,45,38,63,70,"186cm | 6'1""",0,-,-,Chievo Verona,Brazil
Jonas Lantto,65,RM,,0,3.0,3,80,57,57,65,55,49,"169cm | 5'7""",0,-,-,Gefle IF,Sweden
Gaetano Berardi,65,CB,,0,2.0,3,72,42,54,42,63,64,"179cm | 5'10""",0,-,-,Brescia,Switzerland
Mark Beevers,65,CB,,0,3.0,2,67,36,38,49,60,81,"193cm | 6'4""",0,-,-,Sheffield Wednesday,England
Mitchell Langerak,65,GK,,0,1.0,1,67,60,63,72,45,58,"192cm | 6'4""",0,-,-,Borussia Dortmund,Australia
Manuel Hartmann,65,CDM,,0,2.0,4,64,58,58,59,68,66,"188cm | 6'2""",0,-,-,FC Ingolstadt 04,Germany
Dragan Paljić,65,CAM,,0,3.0,4,72,64,55,70,51,64,"175cm | 5'9""",0,-,-,Wisła Kraków,Serbia
Kazenga LuaLua,65,RM,,0,3.0,3,83,66,61,75,43,59,"180cm | 5'11""",0,-,-,Brighton &amp; Hove Albion,DR Congo
Kieran Agard,65,ST,,0,2.0,4,75,60,42,67,45,48,"180cm | 5'11""",0,-,-,Everton,England
Ondřej Kušnír,65,RB,,0,3.0,3,68,57,66,67,63,62,"186cm | 6'1""",0,-,-,Sparta Praha,Czech Republic
Roman Prokoph,65,RF,,0,2.0,3,81,57,55,65,46,52,"183cm | 6'0""",0,-,-,VfL Bochum,Germany
Timo Schultz,65,CM,,0,2.0,3,65,60,64,56,68,70,"183cm | 6'0""",0,-,-,FC St. Pauli,Germany
Steven Mouyokolo,65,CB,,0,2.0,3,75,37,49,27,67,70,"190cm | 6'3""",0,-,-,Wolverhampton Wanderers,France
Francesco Lunardini,65,CM,,0,3.0,2,70,54,68,61,62,60,"172cm | 5'8""",0,-,-,Trieste,Italy
Gaetano Manno,65,CF,,0,3.0,4,74,60,59,70,48,54,"176cm | 5'9""",0,-,-,SC Paderborn 07,Italy
Emanuele Terranova,65,CB,,0,2.0,3,69,37,52,48,64,69,"180cm | 5'11""",0,-,-,Frosinone,Italy
Georg Margreitter,65,CB,,0,2.0,3,65,25,39,42,67,64,"186cm | 6'1""",0,-,-,FK Austria Wien,Austria
Rolf Feltscher,65,RB,,0,2.0,3,78,45,58,57,67,57,"181cm | 5'11""",0,-,-,Parma,Switzerland
Ludovic Genest,65,CF,,0,3.0,3,74,63,50,62,45,57,"174cm | 5'9""",0,-,-,Stade Lavallois Mayenne FC,France
Federico Bessone,65,LB,,0,2.0,3,70,46,65,64,66,69,"179cm | 5'10""",0,-,-,Leeds United,Argentina
Shkodran Metaj,65,LM,,0,2.0,3,67,58,62,64,65,57,"180cm | 5'11""",0,-,-,FC Groningen,Netherlands
Ángel Martínez Cervera,65,CM,,0,3.0,3,63,56,65,65,65,54,"176cm | 5'9""",0,-,-,Girona Fútbol Club S.A.D. ,Spain
Sal Zizzo,65,RM,,0,3.0,3,69,63,64,68,54,58,"180cm | 5'11""",0,-,-,Club Deportivo Chivas USA,United States
Funso Ojo,65,CDM,,0,2.0,3,74,39,62,63,64,64,"178cm | 5'10""",0,-,-,PSV,Belgium
Kolbeinn Sigþórsson,65,ST,,0,3.0,3,74,63,50,67,51,60,"181cm | 5'11""",0,-,-,AZ Alkmaar,Iceland
Jan-Philipp Kalla,65,LB,,0,2.0,3,73,46,58,55,63,70,"180cm | 5'11""",0,-,-,FC St. Pauli,Germany
Michelangelo Albertazzi,65,LB,,0,2.0,3,66,25,53,38,65,62,"185cm | 6'1""",0,-,-,Milan,Italy
Sang Hup Lee,65,CF,,0,3.0,2,71,66,66,62,56,60,"178cm | 5'10""",0,-,-,Jeju United FC,Korea Republic
Ádám Bogdán,65,GK,,0,1.0,3,69,62,59,70,42,62,"194cm | 6'4""",0,-,-,Bolton Wanderers,Hungary
Fouad Idabdelhay,65,ST,,0,4.0,3,75,60,54,73,52,54,"180cm | 5'11""",0,-,-,NAC Breda,Netherlands
Daniel Silva Rossi,65,CDM,,0,3.0,3,65,62,63,66,59,64,"185cm | 6'1""",0,-,-,Sigma Olomouc,Brazil
Yannick Anister Sagbo-Latte,65,ST,,0,3.0,2,75,64,38,53,45,64,"183cm | 6'0""",0,-,-,Evian Thonon Gaillard FC,France
David Hubert,65,CDM,,0,2.0,3,66,46,60,56,65,65,"182cm | 6'0""",0,-,-,KRC Genk,Belgium
Maciej Sadlok,65,CB,,0,2.0,2,62,44,58,34,62,60,"183cm | 6'0""",0,-,-,Ruch Chorzów,Poland
Grzegorz Baran,65,CB,,0,2.0,3,57,30,53,46,63,61,"186cm | 6'1""",0,-,-,GKS Bełchatów,Poland
Jan Koprivec,65,GK,,0,1.0,1,63,62,59,71,50,64,"187cm | 6'2""",0,-,-,Udinese,Slovenia
Adil Auassar,65,CDM,,0,3.0,3,67,58,63,63,68,64,"187cm | 6'2""",0,-,-,Feyenoord,Netherlands
Vincenzo Fiorillo,65,GK,,0,1.0,2,63,62,60,68,50,66,"190cm | 6'3""",0,-,-,Sampdoria,Italy
Eke Uzoma,65,CDM,,0,2.0,3,70,56,61,66,64,65,"168cm | 5'6""",0,-,-,TSV 1860 München,Nigeria
Demar Phillips,65,LB,,0,2.0,3,78,54,57,74,64,52,"168cm | 5'6""",0,-,-,Aalesunds FK,Jamaica
Mihkel Aksalu,65,GK,,0,1.0,3,66,58,65,76,26,66,"194cm | 6'4""",0,-,-,Sheffield United,Estonia
Macauley Chrisantus,65,ST,,0,3.0,4,78,60,48,70,47,60,"183cm | 6'0""",0,-,-,Karlsruher SC,Nigeria
Jordon Mutch,65,CM,,0,2.0,2,66,56,68,54,65,65,"184cm | 6'0""",0,-,-,Watford,England
Manuel Pamić,65,LB,,0,2.0,4,71,28,57,61,66,68,"175cm | 5'9""",0,-,-,Sparta Praha,Croatia
David Hohs,65,GK,,0,1.0,3,66,65,63,66,63,66,"185cm | 6'1""",0,-,-,Alemannia Aachen,Germany
Andy King,65,CM,,0,2.0,3,62,64,67,59,64,68,"183cm | 6'0""",0,-,-,Leicester City,Wales
Andy Iro,65,CB,,0,2.0,2,56,30,39,42,63,74,"196cm | 6'5""",0,-,-,Columbus Crew,England
Roger Espinoza,65,LWB,,0,3.0,3,77,61,60,67,63,54,"179cm | 5'10""",0,-,-,Kansas City Wizards,Honduras
Eric Brunner,65,CB,,0,2.0,3,66,37,43,43,62,74,"193cm | 6'4""",0,-,-,Columbus Crew,United States
Andrés Lamas,65,CB,,0,2.0,2,64,37,41,41,65,71,"187cm | 6'2""",0,-,-,R.C. Recreativo,Uruguay
Raphael Wolf,65,GK,,0,1.0,3,67,64,60,69,51,62,"190cm | 6'3""",0,-,-,KSV Superfund,Germany
Mohamed Abdel Wahed,65,CAM,,0,3.0,4,66,66,64,66,53,50,"175cm | 5'9""",0,-,-,Lierse SK,Egypt
David Meyler,65,CM,,0,2.0,3,67,58,67,60,65,70,"190cm | 6'3""",0,-,-,Sunderland,Republic of Ireland
Foued Kadir,65,RM,,0,2.0,4,70,54,60,67,50,56,"180cm | 5'11""",0,-,-,Valenciennes FC,Algeria
Francesco Bolzoni,65,CDM,,0,2.0,2,68,49,65,59,64,60,"180cm | 5'11""",0,-,-,Siena,Italy
Markus Kaya,65,CM,,0,2.0,3,62,56,66,63,62,54,"180cm | 5'11""",0,-,-,Rot-Weiß Oberhausen,Germany
Florian Müller,65,RM,,0,3.0,3,79,53,62,61,60,62,"180cm | 5'11""",0,-,-,Alemannia Aachen,Germany
Stijn Wuytens,65,CM,,0,2.0,3,69,48,66,64,59,56,"183cm | 6'0""",0,-,-,PSV,Belgium
Manuel Iori,65,CAM,,0,2.0,3,61,58,69,63,58,60,"182cm | 6'0""",0,-,-,Livorno,Italy
Jakub Štochl,65,CB,,0,2.0,3,70,33,35,38,63,65,"191cm | 6'3""",0,-,-,1. FK Příbram,Czech Republic
Kevin Conboy,65,LB,,0,2.0,3,71,41,60,58,69,62,"185cm | 6'1""",0,-,-,Esbjerg fB,Denmark
Ngwat Mahop,65,RW,,0,3.0,3,84,59,48,68,50,56,"183cm | 6'0""",0,-,-,FC Red Bull Salzburg,Cameroon
Luka Vučko,65,CB,,0,2.0,2,64,26,51,35,66,76,"197cm | 6'6""",0,-,-,Eskişehirspor,Croatia
Daniel Brosinski,65,RM,,0,3.0,3,71,60,62,67,57,48,"178cm | 5'10""",0,-,-,1. FC Köln,Germany
Francesco Caputo,65,ST,,0,3.0,2,73,59,30,66,46,66,"178cm | 5'10""",0,-,-,Bari,Italy
Eloy Room,65,GK,,0,1.0,2,63,70,66,64,64,65,"188cm | 6'2""",0,-,-,Vitesse,Netherlands
Daniel Nordmark,65,CM,,0,3.0,4,66,53,63,66,60,60,"183cm | 6'0""",0,-,-,IF Elfsborg,Sweden
Jasmin Sudić,65,CB,,0,2.0,2,69,26,45,51,65,64,"188cm | 6'2""",0,-,-,Malmö FF,Sweden
Amine Chermiti,65,ST,,0,4.0,3,72,65,48,73,46,50,"176cm | 5'9""",0,-,-,FC Zürich,Tunisia
Olcay Sahan,65,LM,,0,3.0,4,76,58,61,67,56,59,"177cm | 5'10""",0,-,-,MSV Duisburg,Turkey
Luca Di Laura,65,RB,,0,2.0,3,67,41,63,40,64,66,"189cm | 6'2""",0,-,-,Cagliari,Italy
Víctor Vázquez,65,CF,,0,3.0,3,74,64,53,67,49,60,"178cm | 5'10""",0,-,-,Fútbol Club Barcelona “B”,Spain
David Henrique dos Santos,65,CM,,0,3.0,4,69,59,67,70,55,60,"177cm | 5'10""",0,-,-,Feyenoord,Brazil
Vito Wormgoor,65,CB,,0,3.0,3,67,37,57,53,62,66,"188cm | 6'2""",0,-,-,De Graafschap,Netherlands
Norichio Nieveld,65,CB,,0,2.0,3,71,43,52,37,65,74,"185cm | 6'1""",0,-,-,SBV Excelsior,Netherlands
Dani Castellano,65,LM,,0,2.0,3,75,55,53,73,53,52,"175cm | 5'9""",0,-,-,Real Club Deportivo Mallorca S.A.D.,Spain
Jokin Arcaya Esparza,65,RM,,0,3.0,3,78,58,56,73,52,52,"177cm | 5'10""",0,-,-,Sociedad Deportiva Huesca S.A.D.,Spain
Miro Varvodic,65,GK,,0,1.0,3,70,56,64,73,55,59,"191cm | 6'3""",0,-,-,1. FC Köln,Croatia
John Brayford,65,RB,,0,2.0,3,70,48,63,59,66,66,"173cm | 5'8""",0,-,-,Derby County,England
Steven Irwin,65,CM,,0,3.0,4,68,53,64,66,65,60,"173cm | 5'8""",0,-,-,Liverpool,England
Mac Kandji,65,ST,,0,4.0,4,79,58,51,70,54,69,"193cm | 6'4""",0,-,-,Colorado Rapids,Senegal
Etxeita,65,CB,,0,2.0,3,65,32,42,47,66,66,"185cm | 6'1""",0,-,-,Elche Club de Fútbol S.A.D.,Spain
Ike Opara,65,CB,,0,2.0,2,80,39,35,44,66,76,"188cm | 6'2""",0,-,-,San Jose Earthquakes,United States
Miguel Palanca Fernández,65,RF,,0,3.0,3,77,63,54,68,57,58,"178cm | 5'10""",0,-,-,Elche Club de Fútbol S.A.D.,Spain
Kevin Alston,65,RB,,0,2.0,3,80,49,48,58,66,64,"173cm | 5'8""",0,-,-,New England Revolution,United States
Baggio Hušidic,65,CAM,,0,3.0,3,64,62,60,64,52,62,"185cm | 6'1""",0,-,-,Chicago Fire,United States
Juha Hakola,65,RW,,0,3.0,3,76,62,50,71,49,54,"176cm | 5'9""",0,-,-,Willem II,Finland
Jonathan Obika,65,ST,,0,3.0,3,73,63,36,62,53,60,"183cm | 6'0""",0,-,-,Crystal Palace,England
Manuel Gulde,65,CB,,0,2.0,3,67,41,58,48,63,64,"183cm | 6'0""",0,-,-,TSG 1899 Hoffenheim,Germany
Stefan Strandberg,65,CB,,0,2.0,4,65,44,57,42,64,65,"189cm | 6'2""",0,-,-,Vålerenga Fotball,Norway
Tolgay Arslan,65,CF,,0,3.0,4,70,63,54,73,42,48,"180cm | 5'11""",0,-,-,Alemannia Aachen,Germany
Mushaga Bakenga,65,ST,,0,3.0,4,77,58,31,74,54,48,"182cm | 6'0""",0,-,-,Rosenborg BK,Norway
Alberto Perea,65,CF,,0,3.0,3,78,58,45,71,49,58,"174cm | 5'9""",0,-,-,Club Atlético de Madrid S.A.D.,Spain
Connor Wickham,65,ST,,0,2.0,4,73,58,29,71,59,57,"191cm | 6'3""",0,-,-,Ipswich Town,England
Khaleem Hyland,65,CM,,0,3.0,3,67,59,62,64,69,67,"186cm | 6'1""",0,-,-,SV Zulte-Waregem,Trinidad &amp; Tobago
Emil Salomonsson,65,RM,,0,2.0,3,75,56,57,64,62,52,"184cm | 6'0""",0,-,-,Halmstads BK,Sweden
Péter Kurucz,65,GK,,0,1.0,3,67,69,63,69,50,63,"185cm | 6'1""",0,-,-,West Ham United,Hungary
Marcus Astvald,65,RW,,0,2.0,4,69,58,65,63,60,58,"188cm | 6'2""",0,-,-,Örebro SK,Sweden
Diego Arismendi,65,CM,,0,3.0,3,65,53,62,67,60,62,"189cm | 6'2""",0,-,-,Barnsley,Uruguay
Wesley Barbosa De Morais,65,LM,,0,2.0,2,70,62,59,71,50,45,"175cm | 5'9""",0,-,-,Presidente Prudente,Brazil
Paulinho,65,LF,,0,3.0,4,72,64,57,71,50,56,"173cm | 5'8""",0,-,-,BK Häcken,Brazil
Dominic Chatto,65,CDM,,0,2.0,3,65,50,58,56,70,60,"183cm | 6'0""",0,-,-,BK Häcken,Nigeria
Branimir Petrović,65,CAM,,0,3.0,4,68,68,63,65,62,62,"185cm | 6'1""",0,-,-,Krylya Sovetov Samara,Serbia
Shkodran Mustafi,65,CB,,0,2.0,3,68,51,49,36,66,75,"184cm | 6'0""",0,-,-,Everton,Germany
John Chibuike,65,CF,,0,4.0,2,77,56,45,75,48,52,"180cm | 5'11""",0,-,-,BK Häcken,Nigeria
Pawel Wojciechowski,65,ST,,0,3.0,4,73,64,52,66,51,56,"177cm | 5'10""",0,-,-,Willem II,Poland
Ibrahima Gueye,65,CB,,0,2.0,3,61,39,49,38,66,62,"190cm | 6'3""",0,-,-,Sporting Lokeren OV,Senegal
Jagoba Beobide Larrañaga,65,CDM,,0,2.0,3,72,41,60,52,65,52,"177cm | 5'10""",0,-,-,Córdoba Club de Fútbol S.A.D.,Spain
Andreas Luthe,65,GK,,0,1.0,2,68,62,61,69,45,61,"194cm | 6'4""",0,-,-,VfL Bochum,Germany
Benjamin Vomáčka,65,CB,,0,2.0,3,57,50,53,42,64,67,"186cm | 6'1""",0,-,-,Slavia Praha,Czech Republic
Alexandr Marenich,65,LW,,0,2.0,3,66,69,67,62,48,62,"174cm | 5'9""",0,-,-,Alaniya Vladikavkaz,Russia
Charlison Benschop,65,RW,,0,3.0,2,77,60,50,69,60,70,"191cm | 6'3""",0,-,-,AZ Alkmaar,Netherlands
Marvin Zeegelaar,65,LW,,0,3.0,3,78,58,49,73,62,58,"186cm | 6'1""",0,-,-,Ajax,Netherlands
Nemanja Gudelj,65,CDM,,0,3.0,3,68,44,61,58,64,61,"177cm | 5'10""",0,-,-,NAC Breda,Serbia
Christopher Trimmel,65,RF,,0,4.0,3,81,60,60,65,48,62,"189cm | 6'2""",0,-,-,SK Rapid Wien,Austria
Roberto Soriano,65,CM,,0,3.0,3,75,62,65,62,63,58,"182cm | 6'0""",0,-,-,Empoli,Italy
Koke,65,CM,,0,3.0,4,65,58,65,63,58,48,"178cm | 5'10""",0,-,-,Club Atlético de Madrid S.A.D.,Spain
Armin Bačinovič,65,CM,,0,2.0,3,70,61,60,63,68,60,"183cm | 6'0""",0,-,-,Palermo,Slovenia
Laguardia,65,CB,,0,2.0,3,70,32,44,41,66,66,"185cm | 6'1""",0,-,-,Real Zaragoza S.A.D.,Spain
Vagiz Galiullin,65,CM,,0,2.0,3,71,53,70,72,56,60,"175cm | 5'9""",0,-,-,Sibir Novosibirsk,Uzbekistan
Maicon dos Santos Corrêa,65,ST,,0,2.0,4,71,62,57,67,57,64,"185cm | 6'1""",0,-,-,Toronto FC,Brazil
Bill Hamid,65,GK,,0,1.0,2,69,60,72,66,36,61,"191cm | 6'3""",0,-,-,D.C. United,United States
Fransérgio,65,CM,,0,3.0,2,79,59,58,72,64,66,"186cm | 6'1""",0,-,-,Atlético Paranaense,Brazil
Eugen Gopko,65,CDM,,0,2.0,3,75,48,68,64,61,55,"168cm | 5'6""",0,-,-,1. FSV Mainz 05,Germany
Patrick Osiako,65,CDM,,0,2.0,3,63,55,61,61,64,64,"176cm | 5'9""",0,-,-,Mjällby AIF ,Kenya
Lars Sætra,65,CB,,0,1.0,3,68,39,52,38,65,71,"195cm | 6'5""",0,-,-,Strømsgodset IF,Norway
Danny Mwanga,65,ST,,0,3.0,3,73,62,37,67,49,66,"188cm | 6'2""",0,-,-,Philadelphia Union,DR Congo
Kennedy Igboananike,65,ST,,0,2.0,4,83,59,53,67,56,72,"175cm | 5'9""",0,-,-,Djurgårdens IF,Nigeria
Mark van der Maarel,65,RB,,0,3.0,3,73,44,50,60,66,44,"177cm | 5'10""",0,-,-,FC Utrecht,Netherlands
Johan Larsson,65,RW,,0,2.0,3,74,57,56,69,41,43,"178cm | 5'10""",0,-,-,IF Elfsborg,Sweden
Bibras Natcho,65,CM,,0,3.0,4,69,53,67,71,55,58,"175cm | 5'9""",0,-,-,Rubin Kazan,Israel
João Pedro Pereira Silva,65,ST,,0,3.0,3,64,64,30,68,49,70,"189cm | 6'2""",0,-,-,Everton,Portugal
Grant Hanley,65,CB,,0,2.0,3,61,34,53,36,67,56,"188cm | 6'2""",0,-,-,Blackburn Rovers,Scotland
Nico Klotz,65,RW,,0,3.0,3,80,54,57,68,42,44,"173cm | 5'8""",0,-,-,SC Paderborn 07,Germany
Marc Hensel,65,CM,,0,2.0,3,73,60,64,62,69,68,"189cm | 6'2""",0,-,-,FC Erzgebirge Aue,Germany
David Löfquist,65,LW,,0,2.0,3,67,62,60,69,56,66,"189cm | 6'2""",0,-,-,Mjällby AIF ,Sweden
Kevin Wattamaleo,65,CDM,,0,2.0,3,67,49,60,60,69,60,"181cm | 5'11""",0,-,-,SBV Excelsior,Netherlands
Renato Neto,65,CM,,0,3.0,4,68,60,63,66,63,64,"184cm | 6'0""",0,-,-,KSV Cercle Brugge,Brazil
Frantisek Kubik,65,LW,,0,3.0,2,77,56,59,66,54,58,"183cm | 6'0""",0,-,-,ADO Den Haag,Slovakia
Joseph-Désiré Job,64,CF,,0,3.0,3,70,61,51,65,49,64,"178cm | 5'10""",0,-,-,Lierse SK,Cameroon
Danny Schofield,64,LM,,0,3.0,5,67,55,62,67,50,52,"178cm | 5'10""",0,-,-,Millwall,England
Luigi Sala,64,CB,,0,2.0,3,60,36,44,44,65,69,"184cm | 6'0""",0,-,-,A. Leffe,Italy
Darren Dods,64,CB,,0,2.0,4,49,28,43,37,60,66,"185cm | 6'1""",0,-,-,Dundee United,Scotland
Tommy Miller,64,CM,,0,3.0,3,61,63,65,65,62,50,"185cm | 6'1""",0,-,-,Sheffield Wednesday,England
Luigi Piangerelli,64,CDM,,0,2.0,3,68,41,60,61,64,59,"175cm | 5'9""",0,-,-,A.C. Cesena,Italy
Josip Skoko,64,CM,,0,2.0,3,57,56,63,47,68,64,"177cm | 5'10""",0,-,-,Melbourne Heart FC,Australia
Arild Sundgot,64,ST,,0,2.0,3,66,62,44,44,59,75,"190cm | 6'3""",0,-,-,Lillestrøm SK,Norway
Carsten Cullmann,64,CB,,0,1.0,3,53,40,45,33,65,72,"187cm | 6'2""",0,-,-,1. FC Köln,Germany
Benjamin Lense,64,RB,,0,2.0,3,61,38,49,49,67,68,"190cm | 6'3""",0,-,-,Arminia Bielefeld,Germany
Andrew Sinkala,64,CDM,,0,2.0,3,68,48,58,58,63,66,"175cm | 5'9""",0,-,-,FC Augsburg,Zambia
Fabian Gerber,64,LM,,0,2.0,5,75,64,58,66,51,54,"183cm | 6'0""",0,-,-,FC Ingolstadt 04,Germany
Giorgio Frezzolini,64,GK,,0,1.0,1,61,55,58,72,42,69,"186cm | 6'1""",0,-,-,A. Bergamo,Italy
Vincenzo Italiano,64,CM,,0,3.0,3,72,67,60,60,64,60,"175cm | 5'9""",0,-,-,Padua,Italy
Robin Nelisse,64,ST,,0,2.0,3,65,60,46,55,55,72,"186cm | 6'1""",0,-,-,FC Red Bull Salzburg,Netherlands Antilles
Domingo Nagore Arbizu,64,CDM,,0,2.0,4,51,55,60,46,67,52,"182cm | 6'0""",0,-,-,Club Deportivo Numancia de Soria S.A.D. ,Spain
José María Movilla Cubero,64,CDM,,0,2.0,3,56,56,71,54,61,51,"171cm | 5'7""",0,-,-,Rayo Vallecano de Madrid S.A.D.,Spain
Matthew Spring,64,CM,,0,2.0,3,62,67,70,61,56,52,"183cm | 6'0""",0,-,-,Leyton Orient,England
Shane Duff,64,CB,,0,2.0,4,58,24,22,29,65,72,"185cm | 6'1""",0,-,-,Bradford City,Northern Ireland
Jamie McCombe,64,CB,,0,2.0,3,51,28,41,28,66,76,"196cm | 6'5""",0,-,-,Huddersfield Town,England
Jérémy Hénin,64,RB,,0,2.0,3,62,26,60,47,64,76,"186cm | 6'1""",0,-,-,Angers SCO,France
Gary Alexander,64,ST,,0,2.0,4,72,65,39,54,59,74,"183cm | 6'0""",0,-,-,Brentford,England
Peter Murphy,64,CB,,0,2.0,3,62,32,52,49,62,74,"183cm | 6'0""",0,-,-,Carlisle United,Republic of Ireland
Stefan Lexa,64,RM,,0,3.0,3,70,62,59,65,55,56,"180cm | 5'11""",0,-,-,SV Josko Fenst. Ried,Austria
Mario Haas,64,ST,,0,3.0,4,69,65,57,62,56,60,"183cm | 6'0""",0,-,-,SK Sturm Graz,Austria
David Connolly,64,ST,,0,3.0,3,65,63,45,59,52,65,"175cm | 5'9""",0,-,-,Southampton,Republic of Ireland
Gary Teale,64,RM,,0,3.0,3,75,48,60,62,54,58,"178cm | 5'10""",0,-,-,Sheffield Wednesday,Scotland
Paul Thirlwell,64,CDM,,0,2.0,4,61,36,66,47,64,63,"180cm | 5'11""",0,-,-,Carlisle United,England
Eddie Lewis,64,LM,,0,3.0,3,65,61,64,61,60,55,"178cm | 5'10""",0,-,-,Los Angeles Galaxy,United States
Tyrone Marshall,64,CB,,0,2.0,3,68,42,48,44,63,66,"188cm | 6'2""",0,-,-,Seattle Sounders FC,Jamaica
Steinar Pedersen,64,RB,,0,2.0,3,67,56,57,37,67,69,"180cm | 5'11""",0,-,-,Lillestrøm SK,Norway
Gonzague Vandooren,64,LB,,0,2.0,3,63,60,60,58,65,66,"193cm | 6'4""",0,-,-,Lierse SK,Belgium
Helgi Valur Danielsson,64,CDM,,0,2.0,3,61,43,61,35,64,66,"186cm | 6'1""",0,-,-,A. Solna,Iceland
Mike Petke,64,CB,,0,2.0,3,56,42,42,46,63,66,"188cm | 6'2""",0,-,-,New York Red Bulls,United States
Ian Sharps,64,CB,,0,2.0,3,61,29,35,32,66,75,"191cm | 6'3""",0,-,-,Shrewsbury,England
Chris Coyne,64,CB,,0,2.0,3,57,15,41,38,64,72,"185cm | 6'1""",0,-,-,Perth Glory FC,Australia
Chris Armstrong,64,LB,,0,2.0,2,72,37,64,50,61,55,"177cm | 5'10""",0,-,-,Reading,England
Danny Allsopp,64,ST,,0,3.0,4,64,64,38,60,55,64,"185cm | 6'1""",0,-,-,D.C. United,Australia
James Hayter,64,ST,,0,3.0,3,71,61,56,65,49,64,"175cm | 5'9""",0,-,-,Doncaster Rovers,England
Graeme Lee,64,CB,,0,2.0,3,62,37,40,32,64,72,"188cm | 6'2""",0,-,-,Notts County,England
C.J. Brown,64,CB,,0,2.0,4,53,43,39,37,63,68,"183cm | 6'0""",0,-,-,Chicago Fire,United States
José Paulo Sousa da Silva,64,CDM,,0,2.0,3,62,53,65,55,63,56,"175cm | 5'9""",0,-,-,Paços Ferreira,Portugal
Gerry Koning,64,RB,,0,2.0,3,66,34,63,47,61,56,"180cm | 5'11""",0,-,-,sc Heerenveen,Netherlands
Loris Reina,64,LB,,0,2.0,4,66,61,62,57,62,65,"180cm | 5'11""",0,-,-,KV Kortrijk,France
Joris Van Hout,64,CB,,0,2.0,3,62,59,54,55,65,70,"187cm | 6'2""",0,-,-,KVC Westerlo,Belgium
Andrius Skerla,64,CB,,0,2.0,3,55,36,38,38,63,66,"185cm | 6'1""",0,-,-,Jagiellonia Białystok,Lithuania
Eul Yong Lee,64,CM,,0,3.0,3,62,59,72,60,63,40,"176cm | 5'9""",0,-,-,Gangwon FC,Korea Republic
Nils-Eric Johansson,64,LB,,0,2.0,3,62,32,49,42,67,72,"187cm | 6'2""",0,-,-,A. Solna,Sweden
Víctor Salas Baños,64,CAM,,0,3.0,4,67,58,66,65,56,50,"180cm | 5'11""",0,-,-,Sociedad Deportiva Ponferradina S.A.D,Spain
Alexander Ødegaard,64,ST,,0,2.0,4,81,59,54,65,51,60,"180cm | 5'11""",0,-,-,Viking FK,Norway
George Mourad,64,ST,,0,3.0,3,66,60,56,68,58,70,"189cm | 6'2""",0,-,-,Tromsø IL,Sweden
Jef Delen,64,LB,,0,2.0,3,65,51,60,56,62,63,"176cm | 5'9""",0,-,-,KVC Westerlo,Belgium
Johnny Lundberg,64,CB,,0,2.0,3,63,42,47,46,62,72,"189cm | 6'2""",0,-,-,Halmstads BK,Sweden
Brian Mullan,64,RM,,0,3.0,3,78,57,55,64,61,58,"173cm | 5'8""",0,-,-,Houston Dynamo,United States
Francisco Gallardo León,64,RM,,0,3.0,3,70,57,61,71,52,50,"172cm | 5'8""",0,-,-,Sociedad Deportiva Huesca S.A.D.,Spain
Deniz Barış,64,CDM,,0,2.0,3,67,52,62,46,66,68,"184cm | 6'0""",0,-,-,Medical Park Antalyaspor,Turkey
Daniel Mobaeck,64,CDM,,0,2.0,3,72,49,59,60,63,56,"184cm | 6'0""",0,-,-,IF Elfsborg,Sweden
Markus Katzer,64,LB,,0,3.0,4,67,36,63,60,66,62,"186cm | 6'1""",0,-,-,SK Rapid Wien,Austria
Silvan Aegerter,64,CM,,0,3.0,3,68,63,70,69,57,65,"178cm | 5'10""",0,-,-,FC Zürich,Switzerland
David Mackay,64,CB,,0,3.0,3,58,26,54,55,67,69,"186cm | 6'1""",0,-,-,St. Johnstone FC,Scotland
Valéry Mézague,64,CM,,0,3.0,4,72,63,65,63,62,70,"183cm | 6'0""",0,-,-,Vannes OC,Cameroon
Gabriel Petrovic,64,CDM,,0,2.0,3,49,57,66,61,64,58,"184cm | 6'0""",0,-,-,IF Brommapojkarna,Sweden
Alejandro Moreno,64,ST,,0,3.0,2,67,60,49,62,56,69,"180cm | 5'11""",0,-,-,Philadelphia Union,Venezuela
Pieterjan Monteyne,64,LB,,0,3.0,3,68,62,66,58,61,58,"176cm | 5'9""",0,-,-,Germinal Beerschot,Belgium
Michael Mörz,64,LM,,0,3.0,4,66,64,62,68,59,62,"175cm | 5'9""",0,-,-,SV Mattersburg,Austria
Øyvind Storflor,64,RW,,0,3.0,4,79,57,50,65,55,58,"180cm | 5'11""",0,-,-,Strømsgodset IF,Norway
Peter Clarke,64,CB,,0,2.0,3,58,35,39,36,65,76,"183cm | 6'0""",0,-,-,Huddersfield Town,England
Carl Cort,64,ST,,0,2.0,3,62,60,42,60,58,74,"193cm | 6'4""",0,-,-,Brentford,England
John Potter,64,CB,,0,2.0,3,57,17,42,43,63,66,"185cm | 6'1""",0,-,-,St. Mirren,Scotland
Denis Viane,64,CB,,0,2.0,3,66,48,56,47,62,65,"179cm | 5'10""",0,-,-,KSV Cercle Brugge,Belgium
Purrel Fränkel,64,LB,,0,2.0,3,72,45,60,68,64,63,"170cm | 5'7""",0,-,-,De Graafschap,Netherlands
Sean Gregan,64,CB,,0,2.0,3,50,47,54,47,60,71,"185cm | 6'1""",0,-,-,Oldham Athletic,England
Steven Robb,64,LW,,0,2.0,3,66,52,64,67,51,45,"168cm | 5'6""",0,-,-,St. Mirren,Scotland
Alan Quinn,64,CM,,0,3.0,3,68,61,58,70,66,62,"175cm | 5'9""",0,-,-,Ipswich Town,Republic of Ireland
Anthony McNamee,64,LW,,0,4.0,4,83,37,55,71,39,32,"168cm | 5'6""",0,-,-,Norwich City,England
Carl Robinson,64,CM,,0,3.0,3,68,53,58,63,64,68,"178cm | 5'10""",0,-,-,New York Red Bulls,Wales
Dan Harding,64,LB,,0,2.0,3,68,47,58,54,66,66,"183cm | 6'0""",0,-,-,Southampton,England
Darren Byfield,64,ST,,0,3.0,3,75,60,49,63,52,64,"180cm | 5'11""",0,-,-,Walsall,Jamaica
Matt Sparrow,64,CM,,0,2.0,4,63,48,63,52,61,60,"180cm | 5'11""",0,-,-,Brighton &amp; Hove Albion,England
Gordon Greer,64,CB,,0,2.0,3,59,23,38,29,66,70,"188cm | 6'2""",0,-,-,Brighton &amp; Hove Albion,Scotland
Jonathan Macken,64,ST,,0,2.0,3,66,64,43,46,51,73,"178cm | 5'10""",0,-,-,Walsall,Republic of Ireland
Richard Chaplow,64,CM,,0,3.0,2,69,54,63,66,55,58,"175cm | 5'9""",0,-,-,Preston North End,England
Nicky Forster,64,ST,,0,3.0,3,67,61,51,72,53,66,"175cm | 5'9""",0,-,-,Brentford,England
Pablo Gonzalez Couñago,64,ST,,0,3.0,3,62,59,46,63,56,70,"183cm | 6'0""",0,-,-,Crystal Palace,Spain
Sergiu Radu,64,ST,,0,3.0,3,73,58,47,64,55,61,"182cm | 6'0""",0,-,-,Energie Cottbus,Romania
Wayne Henderson,64,GK,,0,1.0,2,64,64,63,66,37,65,"180cm | 5'11""",0,-,-,Preston North End,Republic of Ireland
Paul Smith,64,GK,,0,1.0,3,65,62,55,67,41,62,"193cm | 6'4""",0,-,-,Nottingham Forest,England
Gareth Owen,64,CB,,0,2.0,3,68,19,50,47,61,68,"185cm | 6'1""",0,-,-,Port Vale,Wales
Rolf-Christel Guié-Mien,64,RM,,0,3.0,3,68,54,59,70,51,50,"177cm | 5'10""",0,-,-,SC Paderborn 07,Congo
Emmanuel Krontiris,64,LF,,0,3.0,4,75,60,52,67,52,58,"180cm | 5'11""",0,-,-,Rot-Weiß Oberhausen,Germany
Klaus Salmutter,64,CAM,,0,3.0,3,65,62,63,66,54,54,"177cm | 5'10""",0,-,-,SK Sturm Graz,Austria
Jack Lester,64,ST,,0,2.0,3,57,64,38,58,56,68,"175cm | 5'9""",0,-,-,Chesterfield,England
Óscar López Hernández,64,RB,,0,2.0,4,72,59,67,60,61,58,"180cm | 5'11""",0,-,-,Club Deportivo Numancia de Soria S.A.D. ,Spain
Pascal Grünwald,64,GK,,0,1.0,3,61,61,64,68,53,64,"188cm | 6'2""",0,-,-,FC Wacker Innsbruck,Austria
Borja Oubiña Meléndez,64,CM,,0,3.0,3,59,57,68,68,49,48,"181cm | 5'11""",0,-,-,Real Club Celta de Vigo S.A.D.,Spain
Daniel Bautista Pina,64,LB,,0,2.0,2,75,52,64,59,64,64,"177cm | 5'10""",0,-,-,Girona Fútbol Club S.A.D. ,Spain
Liam Feeney,64,RM,,0,3.0,3,71,50,64,67,53,56,"176cm | 5'9""",0,-,-,Bournemouth,England
Sébastien Grax,64,ST,,0,3.0,3,66,63,55,69,51,59,"180cm | 5'11""",0,-,-,A.S. Saint-Etienne,France
Jaime Asensio Fuente,64,ST,,0,3.0,3,65,66,48,59,49,65,"180cm | 5'11""",0,-,-,Albacete Balompié S.A.D.,Spain
Thomas Dossevi,64,CF,,0,3.0,3,70,62,61,62,57,63,"183cm | 6'0""",0,-,-,Swindon Town,Togo
Jose Jesús Perera López,64,ST,,0,3.0,3,61,64,43,62,50,60,"176cm | 5'9""",0,-,-,Elche Club de Fútbol S.A.D.,Spain
Massimo Margiotta,64,ST,,0,3.0,3,62,65,49,61,59,68,"187cm | 6'2""",0,-,-,Vicenza,Venezuela
Gorka Pintado,64,ST,,0,3.0,3,67,60,54,64,49,74,"184cm | 6'0""",0,-,-,Swansea City,Spain
Gaizka Saizar Lekuona,64,ST,,0,3.0,3,71,62,58,63,60,59,"175cm | 5'9""",0,-,-,Sociedad Deportiva Ponferradina S.A.D,Spain
Emilio Rentería,64,CF,,0,4.0,3,78,65,48,63,60,62,"175cm | 5'9""",0,-,-,Columbus Crew,Venezuela
David Martin,64,GK,,0,1.0,3,67,52,67,73,50,62,"188cm | 6'2""",0,-,-,Milton Keynes Dons,England
Olivier Blondel,64,GK,,0,1.0,3,70,64,59,61,51,66,"187cm | 6'2""",0,-,-,ESTAC,France
Collin Samuel,64,ST,,0,3.0,3,83,61,58,69,48,42,"175cm | 5'9""",0,-,-,St. Johnstone FC,Trinidad &amp; Tobago
Lee Williamson,64,CM,,0,3.0,3,73,55,66,59,66,64,"178cm | 5'10""",0,-,-,Sheffield United,Jamaica
Ilco Naumoski,64,ST,,0,3.0,3,65,62,48,66,59,66,"191cm | 6'3""",0,-,-,SV Mattersburg,FYR Macedonia
Tosin Dosunmu,64,ST,,0,3.0,3,84,60,57,63,48,63,"178cm | 5'10""",0,-,-,Germinal Beerschot,Nigeria
Sanharib Malki Sabah,64,ST,,0,3.0,2,74,61,49,60,53,68,"180cm | 5'11""",0,-,-,Sporting Lokeren OV,Syria
Doğa Kaya,64,CDM,,0,2.0,2,66,58,57,64,67,54,"177cm | 5'10""",0,-,-,Eskişehirspor,Turkey
Daniel Martín Alexandre,64,CF,,0,3.0,3,64,60,44,69,51,61,"178cm | 5'10""",0,-,-,R.C. Recreativo,Spain
Tomas Zvirgzdauskas,64,CB,,0,2.0,3,52,49,53,48,64,74,"186cm | 6'1""",0,-,-,Halmstads BK,Lithuania
Mark Otten,64,CB,,0,2.0,3,67,44,46,49,62,63,"180cm | 5'11""",0,-,-,N.E.C.,Netherlands
Ivan Saraiva de Souza,64,LB,,0,2.0,3,77,57,69,62,58,68,"176cm | 5'9""",0,-,-,Gaziantepspor,Brazil
Chang Hyun Ko,64,CAM,,0,3.0,3,63,61,69,64,47,41,"171cm | 5'7""",0,-,-,Ulsan Hyundai Horang-i,Korea Republic
Marco Gorzegno,64,LB,,0,2.0,3,68,42,60,57,66,68,"188cm | 6'2""",0,-,-,Empoli,Italy
Pierre Giorgio Regonesi,64,LWB,,0,2.0,3,71,55,49,59,63,53,"186cm | 6'1""",0,-,-,A. Leffe,Italy
Mirco Gasparetto,64,ST,,0,3.0,3,65,61,52,54,61,72,"188cm | 6'2""",0,-,-,Chievo Verona,Italy
Francesco Parravicini,64,CDM,,0,2.0,3,67,52,57,50,66,62,"175cm | 5'9""",0,-,-,Livorno,Italy
David Sauget,64,LB,,0,3.0,3,65,38,64,61,58,61,"175cm | 5'9""",0,-,-,FC Sochaux-Montbéliard,France
Vittorio Micolucci,64,CB,,0,2.0,3,64,38,50,43,58,66,"183cm | 6'0""",0,-,-,Ascoli,Italy
Matteo Paro,64,CM,,0,3.0,4,65,57,65,63,59,58,"179cm | 5'10""",0,-,-,Vicenza,Italy
Giuseppe Abruzzese,64,LB,,0,2.0,1,67,47,44,49,67,72,"180cm | 5'11""",0,-,-,Grosseto,Italy
Jan Glinker,64,GK,,0,1.0,3,66,62,60,65,45,64,"187cm | 6'2""",0,-,-,1. FC Union Berliln,Germany
Benjamin Reichert,64,CB,,0,2.0,3,63,35,50,48,64,62,"180cm | 5'11""",0,-,-,Rot-Weiß Oberhausen,Germany
Darren Potter,64,CM,,0,2.0,3,71,64,64,55,60,64,"185cm | 6'1""",0,-,-,Sheffield Wednesday,Republic of Ireland
Antonio Amaya Carazo,64,CB,,0,2.0,3,57,25,51,39,68,70,"192cm | 6'4""",0,-,-,Rayo Vallecano de Madrid S.A.D.,Spain
Alberto Aguilar Leiva,64,CM,,0,2.0,3,63,53,62,58,68,73,"185cm | 6'1""",0,-,-,Córdoba Club de Fútbol S.A.D.,Spain
Yoann Folly,64,CM,,0,2.0,3,71,44,63,65,67,69,"175cm | 5'9""",0,-,-,Aberdeen,Togo
Daniel Nardiello,64,ST,,0,3.0,3,71,56,43,64,53,67,"180cm | 5'11""",0,-,-,Exeter City,England
Álvaro Ortíz,64,CB,,0,2.0,4,65,67,62,61,62,64,"179cm | 5'10""",0,-,-,Puebla,Mexico
Fabrizio Zambrella,64,RM,,0,3.0,4,71,52,60,69,59,55,"182cm | 6'0""",0,-,-,FC Sion,Switzerland
Eduardo Adelino da Silva,64,ST,,0,3.0,3,66,62,50,65,58,72,"183cm | 6'0""",0,-,-,San Jose Earthquakes,Brazil
Gareth Ainsworth,64,RW,,0,3.0,3,68,62,59,64,54,39,"178cm | 5'10""",0,-,-,Wycombe Wanderers,England
Kwan Woo Lee,64,CAM,,0,3.0,3,61,68,64,66,46,40,"175cm | 5'9""",0,-,-,Suwon Samsung Bluewings,Korea Republic
Thomas Helveg,64,RB,,0,2.0,3,34,38,70,57,64,64,"181cm | 5'11""",0,-,-,Odense Boldklub,Denmark
Lee Mair,64,CB,,0,2.0,3,59,20,52,55,62,70,"184cm | 6'0""",0,-,-,St. Mirren,Scotland
Mark De Man,64,CB,,0,2.0,3,67,48,60,56,60,65,"179cm | 5'10""",0,-,-,Germinal Beerschot,Belgium
Mark Paston,64,GK,,0,1.0,3,69,59,52,66,31,63,"194cm | 6'4""",0,-,-,Wellington Phoenix,New Zealand
David Clarkson,64,ST,,0,3.0,3,66,61,52,63,58,62,"178cm | 5'10""",0,-,-,Bristol City,Scotland
Martin Hudec,64,CB,,0,2.0,4,62,49,52,47,62,68,"186cm | 6'1""",0,-,-,1. FC Brno,Czech Republic
René Muzola Makondele,64,LW,,0,3.0,4,72,55,54,71,47,52,"178cm | 5'10""",0,-,-,BK Häcken,DR Congo
Rowin van Zaanen,64,LF,,0,2.0,3,73,57,53,72,64,66,"176cm | 5'9""",0,-,-,Willem II,Netherlands
Michael Nelson,64,CB,,0,2.0,2,55,29,37,44,64,68,"188cm | 6'2""",0,-,-,Norwich City,England
Cliff Byrne,64,RB,,0,2.0,3,67,19,42,55,67,62,"183cm | 6'0""",0,-,-,Scunthorpe United,Republic of Ireland
Otar Khizaneishvili,64,CB,,0,2.0,3,64,31,42,26,64,70,"185cm | 6'1""",0,-,-,Anzhi Makhachkala,Georgia
Václav Koloušek,64,CAM,,0,3.0,4,65,62,53,64,56,68,"174cm | 5'9""",0,-,-,SC Magna Wiener Neustadt,Czech Republic
Gavin Williams,64,CM,,0,2.0,4,64,60,66,64,62,56,"178cm | 5'10""",0,-,-,Yeovil Town,Wales
Juan Luis Fernández Redondo,64,RB,,0,2.0,3,71,51,66,55,64,56,"177cm | 5'10""",0,-,-,Xerez Club Deportivo S.A.D.,Spain
Germano Vailati,64,GK,,0,1.0,3,70,60,52,66,62,64,"186cm | 6'1""",0,-,-,FC St. Gallen,Switzerland
Jair Benítez,64,LB,,0,2.0,2,82,49,61,63,64,61,"170cm | 5'7""",0,-,-,FC Dallas,Colombia
David Zibung,64,GK,,0,1.0,2,66,59,61,71,41,62,"188cm | 6'2""",0,-,-,FC Luzern,Switzerland
Fredrik Risp,64,CB,,0,2.0,3,75,37,62,47,64,74,"180cm | 5'11""",0,-,-,Esbjerg fB,Sweden
Eduardo Navarro Soriano,64,GK,,0,1.0,3,65,69,59,67,45,58,"180cm | 5'11""",0,-,-,Club Deportivo Numancia de Soria S.A.D. ,Spain
Rodrigo Gimeno Molina,64,CDM,,0,2.0,3,60,52,56,54,64,62,"180cm | 5'11""",0,-,-,Gimnàstic de Tarragona S.A.D.,Spain
José Luis Sánchez Capdevila,64,LM,,0,3.0,3,67,63,61,67,51,49,"180cm | 5'11""",0,-,-,Xerez Club Deportivo S.A.D.,Spain
Stéphane Pignol,64,RB,,0,2.0,3,66,47,60,60,63,56,"184cm | 6'0""",0,-,-,Unión Deportiva Las Palmas S.A.D.,France
Raúl Cámara,64,RB,,0,3.0,4,77,54,57,64,63,56,"171cm | 5'7""",0,-,-,R.C. Recreativo,Spain
Antonio Guayre Betancort,64,CAM,,0,3.0,4,70,63,63,71,50,56,"176cm | 5'9""",0,-,-,Unión Deportiva Las Palmas S.A.D.,Spain
Dani Giménez,64,GK,,0,1.0,3,68,56,54,75,61,58,"182cm | 6'0""",0,-,-,Rayo Vallecano de Madrid S.A.D.,Spain
Rafael Ramos Lozano,64,RM,,0,3.0,3,79,55,57,62,62,56,"170cm | 5'7""",0,-,-,R.C. Recreativo,Spain
Asier Goiria Etxeberría,64,ST,,0,2.0,3,57,62,46,56,57,72,"182cm | 6'0""",0,-,-,Fútbol Club Cartagena,Spain
Sergey Budylin,64,LB,,0,3.0,4,64,65,59,72,57,57,"174cm | 5'9""",0,-,-,Krylya Sovetov Samara,Russia
Sorin Ghionea,64,CB,,0,2.0,3,70,47,56,44,63,62,"187cm | 6'2""",0,-,-,FC Rostov,Romania
Rafał Grzelak,64,LM,,0,4.0,2,70,51,62,67,56,42,"176cm | 5'9""",0,-,-,Widzewa Łódź,Poland
Radosław Matusiak,64,ST,,0,3.0,3,66,56,58,69,53,62,"184cm | 6'0""",0,-,-,Cracovia Kraków,Poland
Jarosław Bieniuk,64,CB,,0,2.0,2,56,43,56,50,62,66,"192cm | 6'4""",0,-,-,Widzewa Łódź,Poland
Yuri Rose,64,CAM,,0,2.0,3,62,61,59,60,69,72,"187cm | 6'2""",0,-,-,De Graafschap,Netherlands
Luigi Andrea Della Rocca,64,ST,,0,2.0,3,69,62,44,56,58,69,"185cm | 6'1""",0,-,-,Trieste,Italy
Jason Byrne,64,ST,,0,3.0,4,60,61,46,63,55,74,"181cm | 5'11""",0,-,-,Bohemians FC,Republic of Ireland
Tomasz Bandrowski,64,CM,,0,3.0,4,68,54,64,64,64,62,"176cm | 5'9""",0,-,-,Lech Poznań,Poland
Florian Lechner,64,RWB,,0,2.0,3,71,58,66,62,62,66,"179cm | 5'10""",0,-,-,FC St. Pauli,Germany
Patrick Kohlmann,64,LB,,0,2.0,3,73,43,57,59,64,60,"182cm | 6'0""",0,-,-,1. FC Union Berliln,Republic of Ireland
Jérémy Perbet,64,ST,,0,3.0,3,62,61,46,57,53,64,"184cm | 6'0""",0,-,-,Sporting Lokeren OV,France
Frank Hansen,64,RB,,0,2.0,3,81,49,59,60,62,56,"175cm | 5'9""",0,-,-,Silkeborg IF,Denmark
Ben Davies,64,CAM,,0,2.0,4,68,63,61,66,58,56,"170cm | 5'7""",0,-,-,Notts County,England
Akpo Sodje,64,CF,,0,3.0,3,79,60,49,60,61,76,"188cm | 6'2""",0,-,-,Charlton Athletic,England
Garry Thompson,64,RM,,0,3.0,3,77,53,67,65,55,58,"180cm | 5'11""",0,-,-,Scunthorpe United,England
Anthony Portier,64,CB,,0,2.0,3,63,50,50,34,64,65,"183cm | 6'0""",0,-,-,KSV Cercle Brugge,Belgium
Wouter Biebauw,64,GK,,0,1.0,3,67,61,55,71,45,61,"188cm | 6'2""",0,-,-,KV Mechelen,Belgium
Martijn Monteyne,64,RB,,0,2.0,3,70,49,62,53,61,60,"176cm | 5'9""",0,-,-,Germinal Beerschot,Belgium
David Vandenbroeck,64,CB,,0,2.0,3,57,40,54,47,64,64,"187cm | 6'2""",0,-,-,SV Zulte-Waregem,Belgium
Peter Degn,64,RM,,0,2.0,2,62,60,66,59,54,42,"178cm | 5'10""",0,-,-,Silkeborg IF,Denmark
Kasper Lorentzen,64,CAM,,0,4.0,5,75,61,61,71,50,42,"180cm | 5'11""",0,-,-,Randers FC,Denmark
Sanel Kuljic,64,ST,,0,3.0,3,59,65,53,60,51,68,"178cm | 5'10""",0,-,-,Neuchâtel Xamax,Austria
Gabriel Zakuani,64,CB,,0,2.0,3,79,19,33,40,64,62,"185cm | 6'1""",0,-,-,Peterborough United,DR Congo
Jonathan Douglas,64,CDM,,0,2.0,3,61,44,68,61,62,48,"180cm | 5'11""",0,-,-,Swindon Town,Republic of Ireland
Michael Doyle,64,CDM,,0,3.0,3,65,57,58,56,62,54,"178cm | 5'10""",0,-,-,Coventry City,Republic of Ireland
Chris Wingert,64,RB,,0,2.0,4,69,47,55,52,66,63,"180cm | 5'11""",0,-,-,Real Salt Lake,United States
Ryan Cochrane,64,CB,,0,2.0,3,64,40,41,51,61,62,"185cm | 6'1""",0,-,-,Houston Dynamo,United States
Darryl Flahavan,64,GK,,0,1.0,3,60,62,65,64,52,70,"180cm | 5'11""",0,-,-,Portsmouth,England
Aleksander Ptak,64,GK,,0,1.0,2,71,64,46,57,56,67,"186cm | 6'1""",0,-,-,Zagłębie Lubin,Poland
Dariusz Pawlusiński,64,RW,,0,3.0,3,76,52,57,64,49,48,"175cm | 5'9""",0,-,-,Cracovia Kraków,Poland
Luca Ariatti,64,LM,,0,3.0,3,72,58,57,62,65,64,"182cm | 6'0""",0,-,-,Pescara,Italy
Hwa Yong Shin,64,GK,,0,1.0,2,67,54,61,66,54,66,"183cm | 6'0""",0,-,-,Pohang Steelers,Korea Republic
Seung Yong Kim,64,RW,,0,3.0,3,70,54,64,61,51,52,"181cm | 5'11""",0,-,-,Jeonbuk Hyundai Motors,Korea Republic
Jae Ho Jeon,64,LM,,0,3.0,3,70,49,66,54,66,36,"168cm | 5'6""",0,-,-,Incheon United FC,Korea Republic
Joong Yong Lim,64,CB,,0,2.0,3,65,54,59,50,63,66,"184cm | 6'0""",0,-,-,Incheon United FC,Korea Republic
Ronald Gercaliu,64,LB,,0,2.0,3,66,52,59,59,67,64,"181cm | 5'11""",0,-,-,FC Ingolstadt 04,Austria
Cornell Glen,64,ST,,0,3.0,3,77,59,36,64,54,67,"175cm | 5'9""",0,-,-,San Jose Earthquakes,Trinidad &amp; Tobago
Adam El-Abd,64,CB,,0,2.0,3,52,40,38,43,65,60,"178cm | 5'10""",0,-,-,Brighton &amp; Hove Albion,England
Mariano Trujillo,64,RWB,,0,3.0,4,71,54,61,62,62,61,"172cm | 5'8""",0,-,-,Club Deportivo Chivas USA,Mexico
Nicky Adler,64,RW,,0,3.0,3,79,61,50,68,50,63,"183cm | 6'0""",0,-,-,VfL Osnabrück,Germany
Chris Birchall,64,CM,,0,2.0,3,72,60,60,62,63,62,"175cm | 5'9""",0,-,-,Los Angeles Galaxy,Trinidad &amp; Tobago
Abasse Ba,64,CB,,0,2.0,2,61,38,47,36,61,74,"187cm | 6'2""",0,-,-,Havre Athletic Club,France
José De la Cuesta,64,CB,,0,2.0,3,59,47,53,51,63,72,"184cm | 6'0""",0,-,-,Albacete Balompié S.A.D.,Colombia
Benjamin Siegert,64,RM,,0,2.0,3,81,50,61,58,58,52,"176cm | 5'9""",0,-,-,VfL Osnabrück,Germany
Giuseppe Rossini,64,ST,,0,2.0,3,61,59,40,55,62,70,"193cm | 6'4""",0,-,-,KV Kortrijk,Belgium
Vincenzo Sommese,64,RM,,0,3.0,3,71,53,56,72,51,42,"174cm | 5'9""",0,-,-,Ascoli,Italy
Sören Pirson,64,GK,,0,1.0,3,63,64,54,63,49,67,"194cm | 6'4""",0,-,-,Rot-Weiß Oberhausen,Germany
Gaetano Caridi,64,CM,,0,2.0,3,72,52,60,67,56,48,"176cm | 5'9""",0,-,-,Grosseto,Italy
Florian Mohr,64,CB,,0,2.0,3,63,29,38,32,64,66,"182cm | 6'0""",0,-,-,SC Paderborn 07,Germany
Manuel Bölstler,64,CDM,,0,2.0,4,67,57,53,60,68,64,"183cm | 6'0""",0,-,-,Arminia Bielefeld,Germany
Vincenzo Santoruvo,64,ST,,0,3.0,3,68,62,51,56,56,64,"180cm | 5'11""",0,-,-,Frosinone,Italy
Francisco David González Borges,64,CAM,,0,3.0,4,60,55,59,74,55,56,"171cm | 5'7""",0,-,-,Unión Deportiva Las Palmas S.A.D.,Spain
Niels Fleuren,64,LB,,0,2.0,3,69,40,60,50,62,60,"176cm | 5'9""",0,-,-,VVV-Venlo,Netherlands
Marco Schneuwly,64,ST,,0,2.0,3,64,63,52,62,61,58,"181cm | 5'11""",0,-,-,BSC Young Boys,Switzerland
Carlos Pinto,64,RM,,0,2.0,3,70,58,65,61,63,54,"168cm | 5'6""",0,-,-,Querétaro,Mexico
Paulo Sérgio Gonçalves,64,LW,,0,3.0,3,73,60,60,65,53,60,"168cm | 5'6""",0,-,-,S.C. Olhanense,Portugal
Roberto Garcia Cabello,64,ST,,0,2.0,4,57,61,43,59,64,75,"190cm | 6'3""",0,-,-,Sociedad Deportiva Huesca S.A.D.,Spain
Abraham González,64,CM,,0,3.0,3,61,64,68,61,59,50,"178cm | 5'10""",0,-,-,Gimnàstic de Tarragona S.A.D.,Spain
Ólafur Skúlason,64,CDM,,0,2.0,5,66,57,61,56,66,64,"183cm | 6'0""",0,-,-,SønderjyskE,Iceland
Gennaro Volpe,64,RM,,0,2.0,3,70,46,64,63,57,62,"172cm | 5'8""",0,-,-,Cittadella,Italy
Emin Sulimani,64,LM,,0,3.0,4,69,57,61,68,43,46,"172cm | 5'8""",0,-,-,LASK Linz,Austria
Andreas Dahlén,64,LWB,,0,2.0,3,75,59,63,58,66,58,"182cm | 6'0""",0,-,-,FSV Frankfurt,Sweden
Anthony Straker,64,LM,,0,3.0,3,80,51,54,67,57,54,"175cm | 5'9""",0,-,-,Aldershot Town,Barbados
Travis Dodd,64,RW,,0,3.0,3,69,62,60,66,54,58,"177cm | 5'10""",0,-,-,Adelaide United,Australia
Saulo dos Santos,64,RW,,0,3.0,4,80,58,51,66,54,58,"176cm | 5'9""",0,-,-,Rio Ave FC,Brazil
Michael Thwaite,64,CB,,0,2.0,3,71,47,57,39,64,63,"190cm | 6'3""",0,-,-,Gold Coast United,Australia
David Elebert,64,CB,,0,2.0,2,67,24,50,56,63,68,"185cm | 6'1""",0,-,-,Hamilton Academicals,Republic of Ireland
Rachid Farssi,64,LM,,0,2.0,4,71,55,64,64,62,60,"180cm | 5'11""",0,-,-,KVC Westerlo,Morocco
Gabriel Ribas Ródenas,64,GK,,0,1.0,3,69,66,72,60,39,59,"190cm | 6'3""",0,-,-,Unión Deportiva Salamanca S.A.D.,Spain
Joel Porter,64,ST,,0,2.0,3,63,61,63,62,56,62,"174cm | 5'9""",0,-,-,Gold Coast United,Australia
Tony Craig,64,LB,,0,2.0,3,72,28,59,53,62,66,"183cm | 6'0""",0,-,-,Millwall,England
Tim Clancy,64,CB,,0,2.0,3,70,17,42,45,64,68,"180cm | 5'11""",0,-,-,Kilmarnock,Republic of Ireland
Mark Quigley,64,ST,,0,3.0,4,67,63,33,63,50,64,"178cm | 5'10""",0,-,-,Bohemians FC,Republic of Ireland
Chris Brown,64,ST,,0,2.0,3,69,60,30,63,57,68,"185cm | 6'1""",0,-,-,Preston North End,England
Anthony Scaramozzino,64,LB,,0,2.0,3,74,41,61,42,60,68,"180cm | 5'11""",0,-,-,La Berrichonne de Châteauroux,France
Stéphane Darbion,64,CAM,,0,3.0,4,70,63,64,63,60,58,"183cm | 6'0""",0,-,-,FC Nantes,France
Tyrone Loran,64,RB,,0,2.0,1,67,37,48,39,71,71,"188cm | 6'2""",0,-,-,NAC Breda,Netherlands Antilles
Marcos Tébar Ramiro,64,CM,,0,2.0,3,68,48,63,55,66,57,"185cm | 6'1""",0,-,-,Girona Fútbol Club S.A.D. ,Spain
Roberto Previtali,64,CM,,0,2.0,3,60,59,63,67,57,56,"170cm | 5'7""",0,-,-,A. Leffe,Italy
Emiliano Testini,64,LF,,0,3.0,3,76,58,61,68,56,52,"172cm | 5'8""",0,-,-,Trieste,Italy
Emmanuel Osei,64,CB,,0,2.0,3,69,50,53,56,63,68,"180cm | 5'11""",0,-,-,New England Revolution,Ghana
Lee Croft,64,RM,,0,3.0,3,71,52,54,63,64,64,"175cm | 5'9""",0,-,-,Huddersfield Town,England
Tony McMahon,64,RB,,0,2.0,3,68,40,52,53,65,66,"180cm | 5'11""",0,-,-,Middlesbrough,England
Alan Gordon,64,ST,,0,2.0,3,67,57,38,61,56,75,"191cm | 6'3""",0,-,-,Club Deportivo Chivas USA,United States
Jason Hernandez,64,CB,,0,2.0,3,72,43,50,52,64,65,"178cm | 5'10""",0,-,-,San Jose Earthquakes,United States
Owen Garvan,64,CM,,0,3.0,3,66,58,69,55,55,53,"183cm | 6'0""",0,-,-,Crystal Palace,Republic of Ireland
Stephen Ward,64,LB,,0,3.0,4,70,62,63,65,66,59,"185cm | 6'1""",0,-,-,Wolverhampton Wanderers,Republic of Ireland
Matthias Lepiller,64,CAM,,0,3.0,3,54,71,60,59,52,54,"180cm | 5'11""",0,-,-,KAS Eupen,France
Ji Yoon Hwang,64,CB,,0,2.0,3,65,47,42,42,62,66,"182cm | 6'0""",0,-,-,Daejeon Citizen,Korea Republic
Ji Hoon Baek,64,CM,,0,3.0,3,62,60,66,62,56,47,"175cm | 5'9""",0,-,-,Suwon Samsung Bluewings,Korea Republic
Jin Sung Hwang,64,CAM,,0,3.0,3,64,61,64,69,54,48,"177cm | 5'10""",0,-,-,Pohang Steelers,Korea Republic
Dong Gyun Yeuom,64,GK,,0,1.0,2,63,65,61,70,44,61,"188cm | 6'2""",0,-,-,Chunnam Dragons,Korea Republic
Kaizer Motaung Jr,64,ST,,0,3.0,4,63,61,46,64,50,66,"180cm | 5'11""",0,-,-,Kaizer Chiefs,South Africa
Bebé,64,ST,,0,2.0,3,69,58,52,60,54,68,"190cm | 6'3""",0,-,-,Manchester United,Portugal
Tomáš Abrahám,64,CDM,,0,2.0,3,66,57,68,64,67,64,"179cm | 5'10""",0,-,-,FC Wacker Innsbruck,Czech Republic
Preston Burpo,64,GK,,0,1.0,2,65,61,75,65,43,65,"191cm | 6'3""",0,-,-,New England Revolution,United States
Nicky Adams,64,RM,,0,2.0,3,69,56,63,63,51,49,"178cm | 5'10""",0,-,-,Brentford,Wales
Ivan Nagibin,64,CAM,,0,2.0,3,66,64,62,64,55,60,"176cm | 5'9""",0,-,-,Sibir Novosibirsk,Russia
Dmitriy Belorukov,64,CB,,0,2.0,3,61,39,53,52,63,67,"193cm | 6'4""",0,-,-,Amkar Perm,Russia
Carlos Mendes,64,CB,,0,2.0,3,65,44,50,50,63,64,"180cm | 5'11""",0,-,-,New York Red Bulls,United States
Oliver Fink,64,CM,,0,2.0,4,67,52,65,58,64,63,"187cm | 6'2""",0,-,-,Fortuna Düsseldorf,Germany
Christian Sánchez,64,SW,,0,2.0,3,68,46,42,50,63,70,"179cm | 5'10""",0,-,-,San Luis,Mexico
Samuel Ochoa,64,ST,,0,3.0,3,72,61,50,63,58,66,"182cm | 6'0""",0,-,-,Estudiantes Tecos,United States
Chris Maguire,64,CF,,0,3.0,3,75,60,55,64,44,60,"170cm | 5'7""",0,-,-,Aberdeen,Scotland
Matteo Teoldi,64,LWB,,0,3.0,3,74,57,59,63,65,65,"186cm | 6'1""",0,-,-,Cittadella,Italy
Raffaele Schiavi,64,CB,,0,2.0,2,61,40,45,38,63,67,"185cm | 6'1""",0,-,-,Vicenza,Italy
Boukary Dramé,64,LB,,0,2.0,4,71,41,52,44,65,64,"180cm | 5'11""",0,-,-,FC Sochaux-Montbéliard,Senegal
Alain Cantareil,64,LWB,,0,2.0,3,67,49,61,47,67,62,"178cm | 5'10""",0,-,-,OGC Nice,France
David Obua,64,LM,,0,3.0,3,69,63,60,65,58,74,"183cm | 6'0""",0,-,-,Heart of Midlothian,Uganda
Günther Vanaudenaerde,64,RB,,0,2.0,3,65,39,60,44,63,54,"178cm | 5'10""",0,-,-,KVC Westerlo,Belgium
Vit Valenta,64,CM,,0,3.0,4,73,62,64,66,60,62,"179cm | 5'10""",0,-,-,1. FC Slovácko,Czech Republic
Jan Tauer,64,LWB,,0,2.0,2,67,55,64,62,67,63,"190cm | 6'3""",0,-,-,VfL Osnabrück,Germany
Jean-Francois Kornetzky,64,GK,,0,1.0,3,65,66,58,64,54,63,"191cm | 6'3""",0,-,-,Karlsruher SC,France
Torsten Oehrl,64,ST,,0,2.0,3,67,61,45,55,50,64,"191cm | 6'3""",0,-,-,FC Augsburg,Germany
Joe Garner,64,ST,,0,3.0,3,78,59,45,55,55,58,"178cm | 5'10""",0,-,-,Huddersfield Town,England
Jarosław Fojut,64,CB,,0,2.0,3,63,34,36,32,65,63,"186cm | 6'1""",0,-,-,Śląsk Wrocław,Poland
David Gray,64,RB,,0,2.0,2,75,50,59,63,64,66,"183cm | 6'0""",0,-,-,Preston North End,Scotland
Kevin Thornton,64,CAM,,0,3.0,4,63,68,65,73,59,38,"170cm | 5'7""",0,-,-,Northampton Town,Republic of Ireland
Joel Grant,64,LW,,0,3.0,4,78,55,57,68,46,52,"183cm | 6'0""",0,-,-,Crewe Alexandra,Jamaica
Raffaele De Martino,64,CM,,0,2.0,3,69,53,62,61,64,68,"181cm | 5'11""",0,-,-,Grosseto,Italy
Paul Huntington,64,CB,,0,2.0,3,67,34,47,37,61,68,"191cm | 6'3""",0,-,-,Yeovil Town,England
Magne Simonsen,64,RB,,0,2.0,4,73,64,63,63,63,67,"182cm | 6'0""",0,-,-,Molde FK,Norway
Morike Sako,64,ST,,0,,3,62,59,53,60,64,68,"202cm | 6'8""",0,-,-,Arminia Bielefeld,France
James Wesolowski,64,CM,,0,2.0,3,67,52,63,63,66,59,"172cm | 5'8""",0,-,-,Peterborough United,Australia
Rasim Tagirbekov,64,CB,,0,2.0,3,68,56,58,60,63,62,"185cm | 6'1""",0,-,-,Anzhi Makhachkala,Russia
Juan José Expósito Ruiz,64,ST,,0,2.0,4,66,64,39,57,54,69,"187cm | 6'2""",0,-,-,Unión Deportiva Salamanca S.A.D.,Spain
Miklós Gaál,64,LB,,0,2.0,3,63,44,54,50,64,66,"182cm | 6'0""",0,-,-,Amkar Perm,Hungary
Riccardo Nardini,64,RM,,0,2.0,3,75,53,60,61,64,61,"185cm | 6'1""",0,-,-,Empoli,Italy
Michael Raynes,64,CB,,0,2.0,3,71,27,39,30,62,66,"193cm | 6'4""",0,-,-,Scunthorpe United,England
Ben Parker,64,LB,,0,2.0,3,66,49,66,63,65,58,"181cm | 5'11""",0,-,-,Leeds United,England
Wesley de Ruiter,64,GK,,0,1.0,2,65,65,60,70,38,60,"191cm | 6'3""",0,-,-,FC Utrecht,Netherlands
Jorn Vermeulen,64,RB,,0,2.0,3,65,59,63,61,66,62,"184cm | 6'0""",0,-,-,Club Brugge KV,Belgium
Tommy Spurr,64,LB,,0,2.0,3,72,55,61,50,67,74,"185cm | 6'1""",0,-,-,Sheffield Wednesday,England
José Semedo,64,CDM,,0,2.0,3,60,40,58,56,65,64,"183cm | 6'0""",0,-,-,Charlton Athletic,Portugal
David Martin,64,LW,,0,3.0,3,77,53,58,64,49,56,"175cm | 5'9""",0,-,-,Derby County,England
Jonas Portin,64,CB,,0,2.0,3,63,41,50,48,64,67,"190cm | 6'3""",0,-,-,Padua,Finland
Anders Randrup,64,RB,,0,2.0,4,70,32,63,54,65,52,"181cm | 5'11""",0,-,-,Brøndby IF,Denmark
Lino Marzoratti,64,CB,,0,2.0,3,69,41,50,44,63,69,"181cm | 5'11""",0,-,-,Empoli,Italy
Michael Collins,64,CM,,0,3.0,4,65,63,67,63,63,50,"183cm | 6'0""",0,-,-,Scunthorpe United,Republic of Ireland
Milano Koenders,64,RB,,0,2.0,2,75,33,56,62,61,64,"180cm | 5'11""",0,-,-,NAC Breda,Netherlands
Michael Timisela,64,RB,,0,3.0,3,73,48,56,64,61,61,"176cm | 5'9""",0,-,-,VVV-Venlo,Netherlands
Danny Livesey,64,CB,,0,2.0,3,60,30,33,50,62,73,"188cm | 6'2""",0,-,-,Carlisle United,England
Glenn Murray,64,ST,,0,2.0,3,56,61,48,59,51,76,"183cm | 6'0""",0,-,-,Brighton &amp; Hove Albion,England
Scott Donnelly,64,CM,,0,2.0,3,67,59,62,66,57,51,"173cm | 5'8""",0,-,-,Swansea City,England
Ivan Castiglia,64,CM,,0,2.0,3,74,58,65,62,69,65,"181cm | 5'11""",0,-,-,Reggina,Italy
Nicolas Viola,64,CM,,0,3.0,3,73,58,63,63,64,59,"181cm | 5'11""",0,-,-,Reggina,Italy
Nicola Donazzan,64,LB,,0,2.0,3,71,41,50,53,65,68,"185cm | 6'1""",0,-,-,Sassuolo,Italy
Andrea Rossi,64,LWB,,0,3.0,3,75,46,60,61,65,54,"177cm | 5'10""",0,-,-,Siena,Italy
Guilherme Madalena Siqueira,64,LM,,0,3.0,3,78,43,59,64,61,55,"184cm | 6'0""",0,-,-,Granada Club de Fútbol,Brazil
Jason Pearce,64,LB,,0,2.0,3,74,27,52,42,69,71,"185cm | 6'1""",0,-,-,Bournemouth,England
Hassan El Mouataz,64,LB,,0,3.0,3,72,52,63,60,65,62,"179cm | 5'10""",0,-,-,Sporting Lokeren OV,Morocco
Joeri Dequevy,64,RM,,0,2.0,4,75,57,58,69,45,47,"174cm | 5'9""",0,-,-,Lierse SK,Belgium
Wouter Corstjens,64,CB,,0,2.0,3,64,38,54,57,62,62,"185cm | 6'1""",0,-,-,KVC Westerlo,Belgium
Mehdi Ballouchy,64,CAM,,0,3.0,4,77,57,64,64,54,58,"180cm | 5'11""",0,-,-,New York Red Bulls,Morocco
Ryan Johnson,64,ST,,0,3.0,3,74,61,40,62,56,71,"185cm | 6'1""",0,-,-,San Jose Earthquakes,Jamaica
Marvell Wynne,64,RB,,0,2.0,2,92,51,47,54,67,68,"175cm | 5'9""",0,-,-,Colorado Rapids,United States
Rafał Grodzicki,64,CB,,0,2.0,2,59,37,50,35,65,65,"192cm | 6'4""",0,-,-,Ruch Chorzów,Poland
Tomasz Zahorski,64,ST,,0,2.0,2,70,59,49,60,51,63,"188cm | 6'2""",0,-,-,Górnik Zabrze,Poland
Jérôme Polenz,64,RB,,0,3.0,4,76,56,62,66,65,62,"183cm | 6'0""",0,-,-,1. FC Union Berliln,Germany
Jonathan Lacourt,64,CM,,0,3.0,3,65,41,61,63,65,60,"180cm | 5'11""",0,-,-,Valenciennes FC,France
Kamil Vacek,64,CM,,0,3.0,5,70,55,62,66,59,62,"184cm | 6'0""",0,-,-,Sparta Praha,Czech Republic
Julien Toudic,64,ST,,0,2.0,3,70,62,52,67,41,58,"172cm | 5'8""",0,-,-,Stade de Reims,France
Daniel Chávez,64,ST,,0,3.0,5,71,61,58,74,52,58,"176cm | 5'9""",0,-,-,KVC Westerlo,Peru
Mattias Östberg,64,CB,,0,2.0,3,45,27,38,34,68,66,"190cm | 6'3""",0,-,-,BK Häcken,Sweden
Emin Nouri,64,RWB,,0,2.0,4,77,46,59,65,61,50,"181cm | 5'11""",0,-,-,Kalmar FF,Sweden
Nicolás Medina,64,CF,,0,3.0,3,74,59,48,71,48,61,"180cm | 5'11""",0,-,-,Club Atlético Osasuna,Chile
Ederson Tormena,64,CM,,0,3.0,2,58,58,56,63,65,65,"186cm | 6'1""",0,-,-,Royal Charleroi SC,Brazil
Leon Benko,64,LF,,0,3.0,3,73,59,51,62,58,64,"182cm | 6'0""",0,-,-,KV Kortrijk,Croatia
Kevin Schlitte,64,RM,,0,2.0,4,78,57,61,62,65,60,"184cm | 6'0""",0,-,-,FC Erzgebirge Aue,Germany
Jesús Padilla,64,CF,,0,3.0,4,71,61,62,65,59,59,"180cm | 5'11""",0,-,-,Club Deportivo Chivas USA,Mexico
Benjamin Kern,64,RM,,0,2.0,4,73,60,60,66,50,57,"168cm | 5'6""",0,-,-,MSV Duisburg,Germany
Lasse Nielsen,64,CB,,0,2.0,3,59,32,51,42,62,64,"185cm | 6'1""",0,-,-,Aalborg BK,Denmark
Daniel Brinkmann,64,CM,,0,2.0,3,67,55,63,61,69,71,"193cm | 6'4""",0,-,-,FC Augsburg,Germany
Issah Ahmed,64,CB,,0,2.0,1,67,30,39,48,60,72,"177cm | 5'10""",0,-,-,Randers FC,Ghana
Faton Toski,64,LM,,0,3.0,3,64,48,66,67,58,56,"185cm | 6'1""",0,-,-,VfL Bochum,Germany
Xavier Hochstrasser,64,CDM,,0,2.0,3,65,58,58,66,69,64,"180cm | 5'11""",0,-,-,BSC Young Boys,Switzerland
Heinz Barmettler,64,CB,,0,2.0,2,62,32,52,40,65,70,"182cm | 6'0""",0,-,-,FC Zürich,Switzerland
Ikpe Ekong,64,CDM,,0,2.0,3,60,59,59,63,67,65,"179cm | 5'10""",0,-,-,Djurgårdens IF,Nigeria
Antonio Ghomsi,64,LB,,0,2.0,2,72,45,60,55,65,62,"180cm | 5'11""",0,-,-,KV Mechelen,Cameroon
Maxime Brillault,64,CB,,0,2.0,2,61,38,47,40,64,62,"188cm | 6'2""",0,-,-,Royal Charleroi SC,France
Thomas Hinum,64,CDM,,0,2.0,3,68,48,60,63,64,64,"184cm | 6'0""",0,-,-,SK Rapid Wien,Austria
Jean-Baptiste Pierazzi,64,CDM,,0,2.0,3,61,47,56,49,61,58,"185cm | 6'1""",0,-,-,AC Ajaccio,France
Dejan Kelhar,64,CB,,0,2.0,3,60,36,49,34,65,61,"188cm | 6'2""",0,-,-,KSV Cercle Brugge,Slovenia
Andrea Costa,64,LB,,0,2.0,3,75,47,53,62,65,66,"184cm | 6'0""",0,-,-,Reggina,Italy
Jens Janse,64,RWB,,0,2.0,2,73,29,66,63,64,58,"185cm | 6'1""",0,-,-,NAC Breda,Netherlands
Arjan Swinkels,64,CB,,0,2.0,3,64,33,51,37,62,74,"184cm | 6'0""",0,-,-,Willem II,Netherlands
Karamoko Cissé,64,ST,,0,2.0,3,78,61,50,59,57,60,"184cm | 6'0""",0,-,-,A. Leffe,Guinea
Arnaud Sutchuin-Djoum,64,RM,,0,3.0,3,74,53,58,66,66,58,"183cm | 6'0""",0,-,-,Roda JC,Cameroon
Scott Arfield,64,CM,,0,3.0,3,66,59,60,70,62,64,"178cm | 5'10""",0,-,-,Huddersfield Town,Scotland
Pietro Marino,64,GK,,0,1.0,1,64,62,58,65,56,64,"202cm | 6'8""",0,-,-,Reggina,Italy
Manuel Pavón Castro,64,CB,,0,2.0,3,64,46,53,49,62,66,"187cm | 6'2""",0,-,-,Club Deportivo Numancia de Soria S.A.D. ,Spain
Gianluca Musacci,64,CM,,0,2.0,3,75,59,65,56,61,63,"176cm | 5'9""",0,-,-,Empoli,Italy
Cristian Gilioli,64,RW,,0,3.0,4,74,56,54,68,50,50,"177cm | 5'10""",0,-,-,Modena,Italy
Alex Pearce,64,CB,,0,2.0,3,59,30,50,35,64,64,"188cm | 6'2""",0,-,-,Reading,England
Chris Seitz,64,GK,,0,1.0,3,66,64,67,69,64,60,"193cm | 6'4""",0,-,-,Philadelphia Union,United States
Sinisa Ubiparipovic,64,CAM,,0,3.0,3,73,60,63,64,59,58,"175cm | 5'9""",0,-,-,New York Red Bulls,Serbia
Mike Banner,64,LM,,0,3.0,3,82,51,54,65,55,50,"175cm | 5'9""",0,-,-,Chicago Fire,United States
Nick LaBrocca,64,CM,,0,2.0,3,71,61,64,61,62,61,"178cm | 5'10""",0,-,-,Toronto FC,United States
Luis Robles,64,GK,,0,1.0,2,64,63,61,65,53,63,"185cm | 6'1""",0,-,-,Karlsruher SC,United States
Mathias Ranégie,64,ST,,0,2.0,3,68,59,46,63,62,74,"196cm | 6'5""",0,-,-,BK Häcken,Sweden
Maykel Galindo,64,ST,,0,3.0,4,79,61,46,65,49,58,"178cm | 5'10""",0,-,-,Club Deportivo Chivas USA,Cuba
Tommy Elphick,64,CB,,0,2.0,2,65,38,49,46,60,70,"188cm | 6'2""",0,-,-,Brighton &amp; Hove Albion,England
Kosuke Kimura,64,RB,,0,2.0,3,76,44,54,59,63,56,"175cm | 5'9""",0,-,-,Colorado Rapids,Japan
Kyle Reynish,64,GK,,0,1.0,3,64,64,69,67,41,63,"191cm | 6'3""",0,-,-,Real Salt Lake,United States
Andrew Durante,64,CB,,0,2.0,3,63,40,49,32,63,64,"182cm | 6'0""",0,-,-,Wellington Phoenix,Australia
Jan Kysela,64,RW,,0,2.0,2,73,58,62,66,58,60,"178cm | 5'10""",0,-,-,Mladá Boleslav,Czech Republic
Zbyněk Hauzr,64,GK,,0,1.0,2,67,61,52,71,52,59,"189cm | 6'2""",0,-,-,Slovan Liberec,Czech Republic
Lukáš Pleško,64,LB,,0,2.0,3,73,60,59,63,63,60,"175cm | 5'9""",0,-,-,1. FK Příbram,Czech Republic
Imad Chhadeh,64,CDM,,0,2.0,4,55,52,68,55,66,50,"180cm | 5'11""",0,-,-,IF Brommapojkarna,Syria
Stefan Larsson,64,LB,,0,3.0,4,75,48,57,62,62,64,"183cm | 6'0""",0,-,-,Kalmar FF,Sweden
Erik Sundin,64,ST,,0,2.0,3,77,60,58,59,52,53,"172cm | 5'8""",0,-,-,Helsingborgs IF,Sweden
Paul Benson,64,ST,,0,2.0,3,69,61,48,54,53,66,"185cm | 6'1""",0,-,-,Charlton Athletic,England
Woo Yeon Sim,64,ST,,0,2.0,2,62,56,45,61,62,76,"195cm | 6'5""",0,-,-,Jeonbuk Hyundai Motors,Korea Republic
Ja Cheol Koo,64,CM,,0,3.0,3,66,59,67,65,56,52,"182cm | 6'0""",0,-,-,Jeju United FC,Korea Republic
Johan Oremo,64,ST,,0,3.0,3,68,61,49,62,59,66,"185cm | 6'1""",0,-,-,Djurgårdens IF,Sweden
Salvatore Pinna,64,GK,,0,1.0,2,62,62,60,64,52,66,"177cm | 5'10""",0,-,-,Pescara,Italy
Radek Sňozík,64,GK,,0,1.0,3,69,65,59,61,61,63,"185cm | 6'1""",0,-,-,Bohemians 1905,Czech Republic
Marcello Gazzola,64,RB,,0,2.0,3,75,57,63,62,64,56,"183cm | 6'0""",0,-,-,Ascoli,Italy
Chris Kamulete Makiese,64,ST,,0,2.0,3,72,60,48,62,52,66,"184cm | 6'0""",0,-,-,Stade Lavallois Mayenne FC,France
Torben Joneleit,64,CB,,0,2.0,2,61,32,55,42,66,68,"186cm | 6'1""",0,-,-,KRC Genk,Germany
Gavin Hoyte,64,RB,,0,2.0,3,81,35,55,57,63,59,"177cm | 5'10""",0,-,-,Arsenal,England
Shane Lowry,64,CB,,0,2.0,2,59,25,51,44,62,68,"187cm | 6'2""",0,-,-,Aston Villa,Australia
Leon McSweeney,64,RW,,0,2.0,3,65,56,65,60,58,58,"185cm | 6'1""",0,-,-,Hartlepool United,Republic of Ireland
Arne Feick,64,LB,,0,2.0,3,74,57,62,67,65,58,"180cm | 5'11""",0,-,-,Arminia Bielefeld,Germany
Sören Gonther,64,CB,,0,2.0,4,64,30,33,36,65,68,"186cm | 6'1""",0,-,-,SC Paderborn 07,Germany
Carl Baker,64,RW,,0,3.0,3,72,59,58,70,47,40,"188cm | 6'2""",0,-,-,Coventry City,England
Sascha Mölders,64,ST,,0,2.0,4,75,60,49,62,53,67,"187cm | 6'2""",0,-,-,FSV Frankfurt,Germany
Erik Israelsson,64,CM,,0,2.0,3,66,61,58,61,61,62,"183cm | 6'0""",0,-,-,Kalmar FF,Sweden
Enrique López Delgado,64,CF,,0,3.0,3,75,58,55,72,54,56,"169cm | 5'7""",0,-,-,Unión Deportiva Salamanca S.A.D.,Spain
Nayib Lagouireh,64,RW,,0,3.0,3,79,57,50,68,45,49,"171cm | 5'7""",0,-,-,SBV Excelsior,Belgium
Granddi Ngoyi,64,CDM,,0,2.0,2,71,37,58,47,68,54,"186cm | 6'1""",0,-,-,Stade Brestois 29,DR Congo
Luigi Giorgi,64,CAM,,0,2.0,4,68,54,65,67,42,56,"186cm | 6'1""",0,-,-,Ascoli,Italy
Alex Smithies,64,GK,,0,1.0,3,62,63,68,70,62,58,"185cm | 6'1""",0,-,-,Huddersfield Town,England
Eric Lichaj,64,RB,,0,2.0,3,65,41,65,37,63,56,"180cm | 5'11""",0,-,-,Aston Villa,United States
Hal Robson-Kanu,64,RW,,0,3.0,3,75,56,56,65,38,42,"183cm | 6'0""",0,-,-,Reading,England
Jem Karacan,64,CDM,,0,2.0,3,71,50,63,63,63,58,"175cm | 5'9""",0,-,-,Reading,Turkey
Róbert Feczesin,64,CF,,0,3.0,3,67,64,48,62,60,66,"187cm | 6'2""",0,-,-,Brescia,Hungary
Bart Biemans,64,CB,,0,3.0,3,66,29,51,48,61,74,"183cm | 6'0""",0,-,-,Willem II,Belgium
Vincent Bessat,64,LM,,0,3.0,3,65,61,65,68,62,58,"178cm | 5'10""",0,-,-,U.S. Boulogne Cote D'Opale,France
Kwang Hoon Shin,64,RWB,,0,2.0,3,69,48,65,66,64,44,"178cm | 5'10""",0,-,-,Pohang Steelers,Korea Republic
Radek Petr,64,GK,,0,1.0,1,63,71,63,63,53,64,"197cm | 6'6""",0,-,-,KAS Eupen,Czech Republic
Péter Gulácsi,64,GK,,0,1.0,3,63,67,58,66,60,64,"191cm | 6'3""",0,-,-,Liverpool,Hungary
Vegard Forren,64,CB,,0,2.0,3,68,42,68,47,64,62,"182cm | 6'0""",0,-,-,Molde FK,Norway
Danny Drinkwater,64,CM,,0,3.0,4,68,57,63,62,60,54,"175cm | 5'9""",0,-,-,Cardiff City,England
Ron-Robert Zieler,64,GK,,0,1.0,2,72,59,57,68,52,55,"188cm | 6'2""",0,-,-,Hannover 96,Germany
Roman Neustädter,64,CDM,,0,2.0,3,72,51,63,60,64,66,"190cm | 6'3""",0,-,-,Borussia M'gladbach,Germany
Tommy Smith,64,CB,,0,2.0,3,72,33,62,35,65,65,"186cm | 6'1""",0,-,-,Ipswich Town,New Zealand
Adam Clayton,64,CM,,0,2.0,2,67,61,59,66,57,40,"175cm | 5'9""",0,-,-,Leeds United,England
Matt Ritchie,64,LW,,0,3.0,2,72,54,48,71,52,46,"173cm | 5'8""",0,-,-,Portsmouth,England
Sean Scannell,64,ST,,0,4.0,3,78,57,58,72,49,42,"175cm | 5'9""",0,-,-,Crystal Palace,Republic of Ireland
Josh Magennis,64,ST,,0,2.0,3,79,57,42,60,57,71,"188cm | 6'2""",0,-,-,Aberdeen,Northern Ireland
John-Joe O'Toole,64,CM,,0,3.0,3,66,52,58,61,63,74,"186cm | 6'1""",0,-,-,Colchester United,Republic of Ireland
Elliott Bennett,64,RM,,0,2.0,3,84,48,58,65,52,46,"175cm | 5'9""",0,-,-,Brighton &amp; Hove Albion,England
Hogan Ephraim,64,CAM,,0,3.0,3,79,53,64,77,52,40,"175cm | 5'9""",0,-,-,Queens Park Rangers,England
Mathías Cardacio,64,CM,,0,2.0,3,74,53,63,63,62,62,"175cm | 5'9""",0,-,-,Atlante,Uruguay
Nikola Gulan,64,CDM,,0,3.0,3,76,54,59,57,65,66,"185cm | 6'1""",0,-,-,Fiorentina,Serbia
Alain Junior Ollé Ollé,64,LM,,0,3.0,3,80,46,58,68,50,41,"177cm | 5'10""",0,-,-,SC Freiburg,Cameroon
Will Buckley,64,ST,,0,2.0,2,83,57,49,68,51,60,"183cm | 6'0""",0,-,-,Watford,England
Hyun Bem Park,64,CDM,,0,3.0,3,61,55,62,59,66,68,"194cm | 6'4""",0,-,-,Jeju United FC,Korea Republic
Young Woo Kim,64,LM,,0,2.0,4,68,53,65,65,49,50,"176cm | 5'9""",0,-,-,GyeongNam FC,Korea Republic
Hyung Min Shin,64,CDM,,0,2.0,3,73,57,64,66,70,62,"182cm | 6'0""",0,-,-,Pohang Steelers,Korea Republic
Amadou Jawo,64,CF,,0,3.0,4,75,62,58,64,58,51,"175cm | 5'9""",0,-,-,IF Elfsborg,Sweden
Anel Raskaj,64,CM,,0,2.0,3,63,54,64,69,56,49,"180cm | 5'11""",0,-,-,Halmstads BK,Sweden
Gaetano Masucci,64,ST,,0,3.0,3,70,61,51,63,49,68,"172cm | 5'8""",0,-,-,Sassuolo,Italy
Nemanja Rnic,64,RB,,0,2.0,2,68,45,58,55,64,61,"180cm | 5'11""",0,-,-,RSC Anderlecht,Serbia
George Friend,64,LB,,0,2.0,2,73,57,60,63,64,68,"185cm | 6'1""",0,-,-,Doncaster Rovers,England
Dean Moxey,64,LB,,0,2.0,3,67,56,64,62,64,59,"188cm | 6'2""",0,-,-,Derby County,England
Gerson Sheotahul,64,ST,,0,3.0,4,75,62,50,69,52,57,"183cm | 6'0""",0,-,-,Willem II,Netherlands
Roberto Musso,64,CAM,,0,2.0,3,65,61,63,65,59,54,"181cm | 5'11""",0,-,-,Cittadella,Italy
Volkan Babacan,64,GK,,0,1.0,2,60,68,65,69,35,63,"192cm | 6'4""",0,-,-,Kayserispor,Turkey
Daniel Carril Freire,64,LB,,0,2.0,3,74,47,59,57,62,65,"182cm | 6'0""",0,-,-,Unión Deportiva Las Palmas S.A.D.,Spain
Said Husejinovic,64,CAM,,0,3.0,4,78,55,63,75,49,48,"178cm | 5'10""",0,-,-,Werder Bremen,Bosnia Herzegovina
Alexander Bittroff,64,RB,,0,3.0,3,76,42,56,62,65,64,"186cm | 6'1""",0,-,-,Energie Cottbus,Germany
Mirko Valdifiori,64,CM,,0,2.0,3,72,58,65,60,61,65,"180cm | 5'11""",0,-,-,Empoli,Italy
Atdhe Nuhiu,64,ST,,0,2.0,4,65,61,37,62,56,70,"196cm | 6'5""",0,-,-,SK Rapid Wien,Austria
Francesco Renzetti,64,LWB,,0,3.0,3,78,53,61,61,65,62,"174cm | 5'9""",0,-,-,Padua,Italy
Paul Hanlon,64,LB,,0,2.0,3,67,26,56,47,65,59,"180cm | 5'11""",0,-,-,Hibernian,Scotland
Serdar Aziz,64,CB,,0,2.0,3,65,32,54,41,60,68,"183cm | 6'0""",0,-,-,Bursaspor,Turkey
Robin Söder,64,LF,,0,2.0,3,75,58,57,67,46,57,"177cm | 5'10""",0,-,-,IFK Göteborg,Sweden
Garath McCleary,64,RW,,0,3.0,4,72,60,51,68,58,67,"188cm | 6'2""",0,-,-,Nottingham Forest,England
Sascha Bigalke,64,RM,,0,3.0,4,72,47,61,70,43,37,"167cm | 5'6""",0,-,-,Hertha BSC,Germany
Philip Hellquist,64,CAM,,0,2.0,3,75,60,61,58,62,56,"184cm | 6'0""",0,-,-,Djurgårdens IF,Sweden
Francis Coquelin,64,CDM,,0,2.0,3,70,50,56,68,64,48,"178cm | 5'10""",0,-,-,FC Lorient Bretagne Sud,France
Alessandro Vinci,64,RB,,0,2.0,2,70,48,57,58,64,67,"183cm | 6'0""",0,-,-,Empoli,Italy
Bruno Gallo,64,CM,,0,3.0,3,68,54,66,66,58,50,"179cm | 5'10""",0,-,-,Vitória de Setúbal,Brazil
Ruslan Kambolov,64,RB,,0,3.0,4,61,71,61,55,65,52,"180cm | 5'11""",0,-,-,Lokomotiv Moskva,Russia
Manuel Schäffler,64,ST,,0,2.0,3,72,60,48,63,50,62,"186cm | 6'1""",0,-,-,MSV Duisburg,Germany
Ben Mee,64,CB,,0,2.0,3,69,44,51,46,69,48,"180cm | 5'11""",0,-,-,Manchester City,England
Tabaré Viudez,64,CAM,,0,4.0,4,76,56,64,67,45,46,"164cm | 5'5""",0,-,-,Necaxa,Uruguay
Arnór Smárason,64,RW,,0,2.0,4,73,66,57,63,59,69,"185cm | 6'1""",0,-,-,Esbjerg fB,Iceland
Francesco Di Tacchio,64,CDM,,0,2.0,3,69,51,58,60,65,72,"185cm | 6'1""",0,-,-,Frosinone,Italy
José Luis Colman,64,CB,,0,2.0,2,65,24,41,43,58,67,"185cm | 6'1""",0,-,-,Cittadella,Paraguay
Ross Jenkins,64,CM,,0,2.0,3,67,53,68,65,54,56,"180cm | 5'11""",0,-,-,Watford,England
Thimothée Kolodziejczak,64,LB,,0,2.0,3,76,33,61,28,66,60,"185cm | 6'1""",0,-,-,Olympique Lyonnais,France
Gianluca Nocentini,64,CB,,0,2.0,3,64,34,37,46,62,71,"185cm | 6'1""",0,-,-,Cittadella,Italy
Dominic Adiyiah,64,ST,,0,3.0,3,80,60,50,62,53,60,"172cm | 5'8""",0,-,-,Reggina,Ghana
Juan Estiven Vélez,64,LB,,0,2.0,3,66,24,66,57,67,54,"172cm | 5'8""",0,-,-,Ulsan Hyundai Horang-i,Colombia
Dalil Benyahia,64,RW,,0,4.0,4,74,47,53,75,47,33,"174cm | 5'9""",0,-,-,IF Brommapojkarna,Sweden
Reynaldo Dos Santos Silva,64,CAM,,0,4.0,4,78,57,58,74,42,50,"172cm | 5'8""",0,-,-,KSV Cercle Brugge,Brazil
Tony Jantschke,64,CDM,,0,2.0,3,72,50,65,61,60,58,"177cm | 5'10""",0,-,-,Borussia M'gladbach,Germany
Marcus Tracy,64,CF,,0,2.0,3,79,59,34,65,54,74,"185cm | 6'1""",0,-,-,Aalborg BK,United States
Chris Pontius,64,ST,,0,3.0,4,71,62,53,64,59,70,"183cm | 6'0""",0,-,-,D.C. United,United States
Sam Cronin,64,CM,,0,3.0,3,66,58,61,60,62,66,"178cm | 5'10""",0,-,-,San Jose Earthquakes,United States
Michael Stephens,64,CAM,,0,3.0,3,69,59,63,63,56,58,"175cm | 5'9""",0,-,-,Los Angeles Galaxy,United States
Oli Johnson,64,ST,,0,3.0,3,71,57,47,71,54,55,"180cm | 5'11""",0,-,-,Norwich City,England
Mike Grella,64,ST,,0,3.0,3,70,60,48,68,50,58,"180cm | 5'11""",0,-,-,Leeds United,United States
Michail Antonio,64,RW,,0,3.0,3,83,58,55,60,55,57,"180cm | 5'11""",0,-,-,Reading,England
Sean Johnson,64,GK,,0,1.0,2,69,57,61,67,47,60,"190cm | 6'3""",0,-,-,Chicago Fire,United States
Haris Vučkić,64,CF,,0,3.0,3,71,61,53,62,47,62,"188cm | 6'2""",0,-,-,Newcastle United,Slovenia
Petr Jiráček,64,LM,,0,3.0,3,67,50,67,63,58,52,"180cm | 5'11""",0,-,-,Viktoria Plzeň ,Czech Republic
A.J. DeLaGarza,64,RB,,0,2.0,3,73,48,58,62,63,62,"173cm | 5'8""",0,-,-,Los Angeles Galaxy,United States
Darius Barnes,64,CB,,0,2.0,3,75,42,45,50,63,68,"188cm | 6'2""",0,-,-,New England Revolution,United States
Miljan Mutavdžić,64,CDM,,0,3.0,3,66,57,60,42,65,74,"191cm | 6'3""",0,-,-,Malmö FF,Serbia
Dejan Jaković,64,CB,,0,2.0,3,65,34,42,40,63,67,"188cm | 6'2""",0,-,-,D.C. United,Canada
Karim Benyamina,64,ST,,0,3.0,3,75,59,50,63,54,72,"178cm | 5'10""",0,-,-,1. FC Union Berliln,Germany
Claus Costa,64,CDM,,0,2.0,3,67,40,46,45,68,72,"190cm | 6'3""",0,-,-,Fortuna Düsseldorf,Germany
Sören Brandy,64,RM,,0,2.0,3,71,64,59,65,55,62,"182cm | 6'0""",0,-,-,SC Paderborn 07,Germany
Genaro Snijders,64,LW,,0,3.0,4,83,55,44,72,44,48,"168cm | 5'6""",0,-,-,Vitesse,Netherlands
Young Hoo Kim,64,ST,,0,3.0,4,71,57,52,63,46,56,"183cm | 6'0""",0,-,-,Gangwon FC,Korea Republic
Fabian Bäcker,64,ST,,0,3.0,3,74,60,52,68,48,58,"180cm | 5'11""",0,-,-,Borussia M'gladbach,Germany
Manuel Salz,64,GK,,0,1.0,3,64,63,61,67,53,64,"185cm | 6'1""",0,-,-,SC Freiburg,Germany
Kevin Kratz,64,CDM,,0,2.0,5,72,61,62,63,63,55,"173cm | 5'8""",0,-,-,Alemannia Aachen,Germany
Loïc Abenzoar,64,CB,,0,2.0,3,62,36,54,53,63,63,"183cm | 6'0""",0,-,-,AC Arles Avignon,France
Moritz Hartmann,64,ST,,0,2.0,4,74,62,48,59,49,62,"181cm | 5'11""",0,-,-,FC Ingolstadt 04,Germany
Edgar Prib,64,LM,,0,3.0,3,80,51,62,61,53,47,"180cm | 5'11""",0,-,-,SpVgg Greuther Fürth,Germany
Danny Mayor,64,RM,,0,3.0,2,74,50,54,69,41,44,"183cm | 6'0""",0,-,-,Preston North End,England
Christian Supusepa,64,LWB,,0,2.0,3,67,37,62,60,60,53,"183cm | 6'0""",0,-,-,ADO Den Haag,Netherlands
Christian Clemens,64,CM,,0,2.0,3,73,60,65,65,51,58,"180cm | 5'11""",0,-,-,1. FC Köln,Germany
Diogo S. Bittencourt,64,LB,,0,3.0,2,75,59,61,71,64,58,"176cm | 5'9""",0,-,-,São Paulo,Brazil
Charlton Vicento,64,LW,,0,3.0,3,82,57,52,66,50,55,"181cm | 5'11""",0,-,-,ADO Den Haag,Netherlands
Sebastian Mielitz,64,GK,,0,1.0,2,64,61,56,68,39,64,"188cm | 6'2""",0,-,-,Werder Bremen,Germany
Anton Fink,64,CF,,0,2.0,3,69,61,51,64,48,58,"171cm | 5'7""",0,-,-,Karlsruher SC,Germany
Paul Slane,64,RW,,0,4.0,2,69,55,59,66,61,50,"173cm | 5'8""",0,-,-,Celtic,Scotland
Shaun Hutchinson,64,CB,,0,3.0,2,65,34,56,59,61,68,"188cm | 6'2""",0,-,-,Motherwell,England
Arvydas Novikovas,64,CF,,0,4.0,2,78,57,58,66,47,55,"179cm | 5'10""",0,-,-,Heart of Midlothian,Lithuania
Portillo,64,LW,,0,3.0,3,76,51,59,66,42,46,"169cm | 5'7""",0,-,-,Málaga Club de Fútbol S.A.D.,Spain
Patrick Funk,64,CM,,0,2.0,3,68,61,66,63,61,66,"178cm | 5'10""",0,-,-,VfB Stuttgart,Germany
Jack Colback,64,CM,,0,3.0,3,62,63,64,67,59,60,"176cm | 5'9""",0,-,-,Sunderland,England
Roger de Oliveira,64,CB,,0,3.0,3,66,52,65,65,64,64,"185cm | 6'1""",0,-,-,Energie Cottbus,Brazil
Craig Thomson,64,RB,,0,3.0,3,66,61,60,66,62,60,"178cm | 5'10""",0,-,-,Heart of Midlothian,Scotland
Simone Verdi,64,RW,,0,4.0,5,77,57,49,67,46,51,"171cm | 5'7""",0,-,-,Milan,Italy
Andrea Seculin,64,GK,,0,1.0,3,63,64,53,72,45,62,"185cm | 6'1""",0,-,-,Fiorentina,Italy
Jacopo Sala,64,RM,,0,2.0,3,65,61,64,60,52,58,"183cm | 6'0""",0,-,-,Chelsea,Italy
Jakob Orlov,64,ST,,0,2.0,3,69,61,47,55,53,72,"181cm | 5'11""",0,-,-,Gefle IF,Sweden
Ellinton Costa,64,CF,,0,3.0,4,73,63,55,63,49,56,"180cm | 5'11""",0,-,-,KVC Westerlo,Brazil
Esteban Alvarado,64,GK,,0,1.0,3,68,70,64,62,45,59,"193cm | 6'4""",0,-,-,AZ Alkmaar,Costa Rica
Marco Höger,64,RM,,0,2.0,3,71,51,62,57,66,58,"186cm | 6'1""",0,-,-,Alemannia Aachen,Germany
Onur Ayik,64,CAM,,0,3.0,3,73,60,62,62,50,56,"180cm | 5'11""",0,-,-,Werder Bremen,Turkey
Alexander Bannink,64,CDM,,0,3.0,3,67,48,56,58,66,66,"187cm | 6'2""",0,-,-,Heracles Almelo,Netherlands
Michael Uchebo,64,ST,,0,2.0,2,73,61,39,65,56,66,"194cm | 6'4""",0,-,-,VVV-Venlo,Nigeria
Stefan Bell,64,CB,,0,1.0,2,60,48,58,45,65,69,"192cm | 6'4""",0,-,-,TSV 1860 München,Germany
Uroš Cosic,64,CB,,0,2.0,2,65,53,36,45,61,59,"187cm | 6'2""",0,-,-,CSKA Moskva,Serbia
Haris Radetinac,64,RM,,0,3.0,2,68,51,63,72,48,35,"187cm | 6'2""",0,-,-,Åtvidabergs FF ,Sweden
Jerson Anes Ribeiro,64,LM,,0,4.0,3,66,67,72,67,48,58,"170cm | 5'7""",0,-,-,SBV Excelsior,Cape Verde Islands
Jens Wissing,64,LB,,0,2.0,3,73,42,62,50,66,64,"183cm | 6'0""",0,-,-,Borussia M'gladbach,Germany
Shabir Isoufi,64,RW,,0,3.0,4,77,58,52,66,41,54,"173cm | 5'8""",0,-,-,SBV Excelsior,Netherlands
Miquel Nelom,64,LB,,0,2.0,2,76,59,61,65,64,64,"174cm | 5'9""",0,-,-,SBV Excelsior,Netherlands
Konstantinos Lamprou,64,GK,,0,1.0,3,61,57,67,73,57,60,"180cm | 5'11""",0,-,-,SBV Excelsior,Greece
Kaj Ramsteijn,64,CB,,0,2.0,3,61,19,52,34,67,54,"197cm | 6'6""",0,-,-,SBV Excelsior,Netherlands
Aras Özbiliz,64,LW,,0,3.0,4,78,59,43,76,44,38,"176cm | 5'9""",0,-,-,Ajax,Netherlands
Jérémy Hélan,64,LM,,0,2.0,3,69,54,62,71,60,56,"183cm | 6'0""",0,-,-,Manchester City,France
Dwayne Mattis,63,CDM,,0,2.0,5,71,47,57,53,66,60,"183cm | 6'0""",0,-,-,Chesterfield,Republic of Ireland
Nathan Clarke,63,CB,,0,2.0,3,61,26,40,35,66,68,"185cm | 6'1""",0,-,-,Huddersfield Town,England
Alan Mahon,63,LM,,0,2.0,2,63,58,59,64,56,54,"170cm | 5'7""",0,-,-,Tranmere Rovers,Republic of Ireland
Kevin Ellison,63,LW,,0,2.0,3,64,63,52,66,61,68,"183cm | 6'0""",0,-,-,Rotherham United,England
Michael Bridges,63,ST,,0,3.0,4,62,64,30,52,50,64,"185cm | 6'1""",0,-,-,Newcastle United Jets FC,England
Leo Bertos,63,RM,,0,3.0,3,78,53,58,62,55,42,"177cm | 5'10""",0,-,-,Wellington Phoenix,New Zealand
Gary Naysmith,63,LB,,0,2.0,3,70,56,58,55,64,72,"178cm | 5'10""",0,-,-,Huddersfield Town,Scotland
Alan Combe,63,GK,,0,1.0,2,62,64,58,63,21,66,"185cm | 6'1""",0,-,-,Kilmarnock,Scotland
Yves Deroff,63,RWB,,0,2.0,3,63,43,62,60,64,62,"175cm | 5'9""",0,-,-,Angers SCO,France
Graham Stack,63,GK,,0,1.0,3,63,66,60,62,37,66,"188cm | 6'2""",0,-,-,Hibernian,Republic of Ireland
Pascal Zuberbühler,63,GK,,0,1.0,2,60,61,68,59,50,70,"197cm | 6'6""",0,-,-,Fulham,Switzerland
Massimo Colomba,63,GK,,0,1.0,2,60,62,57,65,56,64,"191cm | 6'3""",0,-,-,FC Basel 1893,Switzerland
Michael Hart,63,RB,,0,2.0,3,68,44,59,56,62,60,"178cm | 5'10""",0,-,-,Hibernian,Scotland
Steve Elliott,63,CB,,0,2.0,3,60,22,25,22,65,71,"188cm | 6'2""",0,-,-,Cheltenham Town,England
Resit Schuurman,63,RWB,,0,3.0,3,67,59,65,66,62,54,"177cm | 5'10""",0,-,-,Heracles Almelo,Netherlands
Roudolphe Douala,63,RW,,0,3.0,3,70,57,58,65,53,56,"176cm | 5'9""",0,-,-,Lierse SK,Cameroon
David McCracken,63,CB,,0,2.0,3,59,32,52,43,64,72,"188cm | 6'2""",0,-,-,Brentford,Scotland
Óscar De Paula Gamero,63,ST,,0,2.0,3,57,65,46,51,63,74,"182cm | 6'0""",0,-,-,Sociedad Deportiva Ponferradina S.A.D,Spain
Benjamin Kibebe,63,CB,,0,2.0,3,67,42,44,32,61,70,"187cm | 6'2""",0,-,-,FC Luzern,Sweden
Martin Devaney,63,RW,,0,2.0,4,68,54,60,67,48,46,"178cm | 5'10""",0,-,-,Barnsley,England
Adam Lockwood,63,CB,,0,2.0,3,61,31,44,55,64,66,"183cm | 6'0""",0,-,-,Doncaster Rovers,England
Grant Munro,63,CB,,0,2.0,3,54,18,40,52,63,66,"183cm | 6'0""",0,-,-,Inverness Caledonian Thistle,Scotland
Julien Baudet,63,CB,,0,2.0,3,60,42,42,33,63,71,"191cm | 6'3""",0,-,-,Colorado Rapids,France
Leon McKenzie,63,ST,,0,,4,66,60,48,67,50,58,"175cm | 5'9""",0,-,-,Northampton Town,England
Gareth Roberts,63,LB,,0,2.0,3,63,49,62,52,64,53,"173cm | 5'8""",0,-,-,Derby County,Wales
Sam Collins,63,CB,,0,2.0,3,55,29,26,30,65,66,"188cm | 6'2""",0,-,-,Hartlepool United,England
Graham Kavanagh,63,CM,,0,2.0,3,53,54,66,50,67,64,"178cm | 5'10""",0,-,-,Carlisle United,Republic of Ireland
Warren Feeney,63,ST,,0,3.0,4,71,65,53,56,51,60,"178cm | 5'10""",0,-,-,Oldham Athletic,Northern Ireland
Dieter Dekelver,63,ST,,0,3.0,4,72,62,57,57,58,62,"181cm | 5'11""",0,-,-,KVC Westerlo,Belgium
Milan Fukal,63,CB,,0,2.0,3,58,47,53,50,62,68,"188cm | 6'2""",0,-,-,KSV Superfund,Czech Republic
Ramiro Corrales,63,LB,,0,2.0,3,65,60,60,62,65,66,"182cm | 6'0""",0,-,-,San Jose Earthquakes,United States
Adam Boyd,63,ST,,0,2.0,3,51,67,45,53,49,60,"175cm | 5'9""",0,-,-,Hartlepool United,England
Martinho Martins Mocana,63,LWB,,0,3.0,4,86,52,60,63,53,52,"172cm | 5'8""",0,-,-,Neuchâtel Xamax,Mozambique
Vincent Lachambre,63,LB,,0,2.0,3,64,46,51,48,60,66,"177cm | 5'10""",0,-,-,Roda JC,Belgium
Tomasz Kos,63,CB,,0,1.0,3,62,35,47,46,64,67,"191cm | 6'3""",0,-,-,FC Erzgebirge Aue,Poland
Freddy dos Santos,63,RB,,0,2.0,4,76,55,49,47,66,58,"180cm | 5'11""",0,-,-,Vålerenga Fotball,Norway
Hans Berggren,63,ST,,0,2.0,3,52,67,57,58,58,69,"187cm | 6'2""",0,-,-,Gefle IF,Sweden
Anders Rambekk,63,CB,,0,2.0,3,72,51,58,33,67,52,"190cm | 6'3""",0,-,-,Odd Grenland,Norway
Peter Enckelman,63,GK,,0,1.0,3,65,59,51,60,55,71,"188cm | 6'2""",0,-,-,St. Johnstone FC,Finland
Bart Deelkens,63,GK,,0,1.0,2,62,65,63,64,56,65,"189cm | 6'2""",0,-,-,KVC Westerlo,Belgium
Jon Conway,63,GK,,0,1.0,3,62,62,69,60,55,66,"198cm | 6'6""",0,-,-,Toronto FC,United States
Robbie Neilson,63,RB,,0,2.0,3,56,35,60,57,63,66,"183cm | 6'0""",0,-,-,Leicester City,Scotland
Antonio Bocchetti,63,LB,,0,2.0,3,72,44,59,57,67,72,"183cm | 6'0""",0,-,-,Frosinone,Italy
Patrick Zoundi,63,RM,,0,3.0,3,83,47,52,69,46,45,"175cm | 5'9""",0,-,-,Fortuna Düsseldorf,Burkina Faso
César Vinício Cervo de Luca,63,CB,,0,2.0,3,68,37,39,42,64,68,"183cm | 6'0""",0,-,-,Padua,Brazil
Ante Čović,63,GK,,0,1.0,2,65,59,56,67,39,62,"192cm | 6'4""",0,-,-,IF Elfsborg,Australia
Cory Gibbs,63,CB,,0,2.0,3,71,45,51,51,61,62,"190cm | 6'3""",0,-,-,New England Revolution,United States
Jacob Sørensen,63,RM,,0,2.0,3,85,50,59,56,43,28,"176cm | 5'9""",0,-,-,FK Haugesund,Denmark
Massimiliano Fusani,63,CM,,0,3.0,3,65,64,60,63,66,53,"176cm | 5'9""",0,-,-,Sassuolo,Italy
Christian Dailly,63,CB,,0,2.0,3,49,32,48,49,63,72,"183cm | 6'0""",0,-,-,Charlton Athletic,Scotland
Markus Schuler,63,LB,,0,2.0,3,61,46,64,62,60,65,"183cm | 6'0""",0,-,-,Arminia Bielefeld,Germany
Jiri Kaufman,63,CM,,0,4.0,3,74,64,63,67,56,61,"179cm | 5'10""",0,-,-,Bohemians 1905,Czech Republic
Neil Harris,63,ST,,0,2.0,3,59,64,35,58,52,67,"180cm | 5'11""",0,-,-,Millwall,England
Håkon Opdal,63,GK,,0,1.0,2,60,58,70,77,54,52,"187cm | 6'2""",0,-,-,SK Brann,Norway
Thorsten Burkhardt,63,CM,,0,2.0,3,70,63,58,59,61,61,"186cm | 6'1""",0,-,-,Alemannia Aachen,Germany
Michael Melka,63,GK,,0,1.0,3,62,59,54,71,47,63,"195cm | 6'5""",0,-,-,Fortuna Düsseldorf,Germany
Jovan Kirovski,63,CAM,,0,2.0,2,64,63,55,62,52,60,"185cm | 6'1""",0,-,-,Los Angeles Galaxy,United States
Ben Chorley,63,CB,,0,2.0,3,60,28,50,45,61,78,"191cm | 6'3""",0,-,-,Leyton Orient,England
Chris Barker,63,LB,,0,2.0,3,60,40,57,54,66,63,"188cm | 6'2""",0,-,-,Southend United,England
Chris Sedgwick,63,RW,,0,3.0,3,65,48,59,67,50,35,"182cm | 6'0""",0,-,-,Sheffield Wednesday,England
Jason Crowe,63,RWB,,0,2.0,3,68,37,59,58,63,60,"175cm | 5'9""",0,-,-,Leeds United,England
Jerel Ifil,63,CB,,0,2.0,3,63,27,40,43,61,70,"185cm | 6'1""",0,-,-,Aberdeen,St Lucia
Mikele Leigertwood,63,CDM,,0,2.0,3,65,43,55,48,64,70,"188cm | 6'2""",0,-,-,Queens Park Rangers,Antigua &amp; Barbuda
Phil Jevons,63,ST,,0,3.0,4,69,60,51,60,52,66,"180cm | 5'11""",0,-,-,Morecambe,England
Simon Ford,63,CB,,0,2.0,3,55,14,34,44,62,70,"180cm | 5'11""",0,-,-,Chesterfield,Jamaica
Steve Kabba,63,ST,,0,2.0,3,85,57,33,52,62,67,"178cm | 5'10""",0,-,-,Barnet,England
Pawel Abbott,63,ST,,0,2.0,3,59,62,49,52,57,80,"187cm | 6'2""",0,-,-,Charlton Athletic,Poland
Brynjar Gunnarsson,63,CM,,0,2.0,3,64,54,54,64,69,75,"183cm | 6'0""",0,-,-,Reading,Iceland
Wayne Thomas,63,CB,,0,2.0,3,62,29,48,35,67,64,"188cm | 6'2""",0,-,-,Doncaster Rovers,England
James O'Connor,63,CM,,0,2.0,3,67,50,61,58,71,62,"173cm | 5'8""",0,-,-,Sheffield Wednesday,Republic of Ireland
Monsef Zerka,63,CF,,0,3.0,3,69,60,59,64,55,62,"183cm | 6'0""",0,-,-,FC Nantes,Morocco
Patrick Platins,63,GK,,0,1.0,2,64,63,54,69,41,59,"190cm | 6'3""",0,-,-,Arminia Bielefeld,Germany
Angelo Barletta,63,CB,,0,2.0,3,55,40,44,46,66,64,"180cm | 5'11""",0,-,-,VfL Osnabrück,Italy
David Lucas,63,GK,,0,1.0,2,58,65,64,68,54,62,"185cm | 6'1""",0,-,-,Swindon Town,England
Stefan Leitl,63,CM,,0,3.0,4,68,65,61,66,63,55,"178cm | 5'10""",0,-,-,FC Ingolstadt 04,Germany
Matt Hill,63,LB,,0,2.0,2,59,34,44,43,67,61,"173cm | 5'8""",0,-,-,Wolverhampton Wanderers,England
Tommy Doherty,63,CDM,,0,2.0,3,61,40,57,57,65,61,"173cm | 5'8""",0,-,-,Bradford City,Northern Ireland
Craig Woodman,63,LB,,0,2.0,3,63,26,54,41,64,52,"175cm | 5'9""",0,-,-,Brentford,England
Alan Dunne,63,RB,,0,2.0,3,70,53,61,58,65,56,"178cm | 5'10""",0,-,-,Millwall,Republic of Ireland
John Anders Bjørkøy,63,CM,,0,2.0,3,69,56,65,56,61,68,"180cm | 5'11""",0,-,-,Odd Grenland,Norway
David Prutton,63,CM,,0,3.0,3,61,55,64,57,60,51,"185cm | 6'1""",0,-,-,Swindon Town,England
Sven Müller,63,RM,,0,2.0,3,66,60,62,56,70,68,"191cm | 6'3""",0,-,-,FSV Frankfurt,Germany
Bjarni Ólafur Eiríksson,63,CB,,0,1.0,3,65,37,52,42,65,60,"190cm | 6'3""",0,-,-,Stabæk Fotball,Iceland
Endika Bordas Losada,63,CM,,0,3.0,3,64,61,66,59,60,58,"176cm | 5'9""",0,-,-,Unión Deportiva Salamanca S.A.D.,Spain
Federico Agliardi,63,GK,,0,1.0,1,62,60,55,65,50,64,"190cm | 6'3""",0,-,-,Padua,Italy
Markus Krösche,63,CDM,,0,2.0,3,60,47,48,37,68,68,"180cm | 5'11""",0,-,-,SC Paderborn 07,Germany
Markus Daun,63,ST,,0,3.0,3,72,62,57,61,51,62,"185cm | 6'1""",0,-,-,Alemannia Aachen,Germany
Gerardo García León,63,RB,,0,2.0,4,66,55,65,60,61,59,"172cm | 5'8""",0,-,-,Córdoba Club de Fútbol S.A.D.,Spain
Baldassare di Gregorio,63,CB,,0,,3,46,34,44,42,63,64,"180cm | 5'11""",0,-,-,Arminia Bielefeld,Germany
Florian Jarjat,63,LB,,0,2.0,3,65,44,59,47,61,71,"181cm | 5'11""",0,-,-,ESTAC,France
Frazer Richardson,63,RB,,0,2.0,3,66,35,53,52,65,62,"178cm | 5'10""",0,-,-,Southampton,England
Shane Cansdell-Sherriff,63,CB,,0,2.0,2,68,33,61,58,63,68,"182cm | 6'0""",0,-,-,Shrewsbury,Australia
Ibán Javier Cuadrado Alonso,63,CB,,0,2.0,2,57,33,47,42,63,58,"188cm | 6'2""",0,-,-,Sociedad Deportiva Ponferradina S.A.D,Spain
Gerardo Antonio Noriega Santoveña,63,RW,,0,3.0,4,74,57,55,66,49,52,"173cm | 5'8""",0,-,-,Gimnàstic de Tarragona S.A.D.,Spain
Francisco Noguerol Freijedo,63,CB,,0,2.0,4,53,43,50,46,62,56,"183cm | 6'0""",0,-,-,Girona Fútbol Club S.A.D. ,Spain
Ignacio Rodríguez Ortiz,63,LF,,0,3.0,3,71,54,53,67,49,62,"180cm | 5'11""",0,-,-,SV Josko Fenst. Ried,Spain
Iñaki Bea Jáuregi,63,CB,,0,2.0,3,59,41,49,44,62,56,"185cm | 6'1""",0,-,-,FC Wacker Innsbruck,Spain
Cristian García Ramos,63,RWB,,0,2.0,3,74,46,62,63,57,60,"169cm | 5'7""",0,-,-,Sociedad Deportiva Ponferradina S.A.D,Spain
Nicolas Marin,63,RW,,0,3.0,3,66,64,62,60,49,43,"171cm | 5'7""",0,-,-,FC Sion,France
Malte Metzelder,63,CDM,,0,2.0,3,59,54,50,45,68,72,"195cm | 6'5""",0,-,-,FC Ingolstadt 04,Germany
Macchambes Younga-Mouhani,63,CDM,,0,2.0,3,65,54,60,65,62,58,"180cm | 5'11""",0,-,-,1. FC Union Berliln,Congo
Christoffer Källqvist,63,GK,,0,1.0,3,57,63,66,69,23,63,"193cm | 6'4""",0,-,-,BK Häcken,Sweden
Leon Johnson,63,CB,,0,2.0,2,77,20,31,24,66,66,"183cm | 6'0""",0,-,-,Wycombe Wanderers,England
Peter Abelsson,63,CB,,0,2.0,3,58,38,37,35,62,78,"188cm | 6'2""",0,-,-,Trelleborgs FF,Sweden
Hugh Murray,63,CM,,0,2.0,3,62,43,66,65,65,68,"178cm | 5'10""",0,-,-,St. Mirren,Scotland
Lukas Kruse,63,GK,,0,1.0,3,67,65,55,65,45,57,"185cm | 6'1""",0,-,-,SC Paderborn 07,Germany
Dennis Melander,63,RB,,0,2.0,3,67,43,57,50,66,60,"183cm | 6'0""",0,-,-,Trelleborgs FF,Sweden
Bülent Ataman,63,GK,,0,1.0,2,67,60,71,62,53,63,"190cm | 6'3""",0,-,-,Kardemir Karabükspor,Turkey
Aleksandar Kotuljac,63,ST,,0,2.0,3,71,59,47,46,57,56,"180cm | 5'11""",0,-,-,VfL Osnabrück,Germany
Skerdilaid Curri,63,LM,,0,3.0,3,68,57,64,64,45,40,"166cm | 5'5""",0,-,-,FC Erzgebirge Aue,Albania
Carles Domingo Pladevall,63,LB,,0,2.0,3,71,45,62,49,63,60,"178cm | 5'10""",0,-,-,Gimnàstic de Tarragona S.A.D.,Spain
Dean Bowditch,63,CF,,0,3.0,1,75,61,42,62,54,62,"180cm | 5'11""",0,-,-,Yeovil Town,England
Jan Frederiksen,63,LB,,0,2.0,3,78,42,67,50,66,58,"184cm | 6'0""",0,-,-,Brøndby IF,Denmark
Simon Francis,63,RB,,0,2.0,4,65,42,60,51,63,65,"183cm | 6'0""",0,-,-,Charlton Athletic,England
Jin Sub Park,63,RWB,,0,2.0,4,68,59,63,65,61,48,"179cm | 5'10""",0,-,-,Busan I'Park,Korea Republic
Yong Ho Park,63,CB,,0,2.0,2,64,38,50,50,60,66,"183cm | 6'0""",0,-,-,FC Seoul,Korea Republic
Sang Rok Kim,63,CAM,,0,3.0,4,66,62,61,67,38,40,"173cm | 5'8""",0,-,-,Busan I'Park,Korea Republic
Josh Wolff,63,ST,,0,3.0,3,72,61,53,63,48,60,"173cm | 5'8""",0,-,-,Kansas City Wizards,United States
Paolo Acerbis,63,GK,,0,1.0,2,60,60,55,65,50,65,"202cm | 6'8""",0,-,-,Vicenza,Italy
Mike Magee,63,CF,,0,3.0,4,71,61,58,64,51,60,"175cm | 5'9""",0,-,-,Los Angeles Galaxy,United States
Pat Noonan,63,CF,,0,3.0,4,64,61,60,63,54,64,"183cm | 6'0""",0,-,-,Seattle Sounders FC,United States
Swen König,63,GK,,0,1.0,2,58,63,64,68,59,62,"188cm | 6'2""",0,-,-,Grasshopper-Club,Switzerland
Salvador Funet Sardina,63,CB,,0,2.0,3,65,23,43,47,60,66,"183cm | 6'0""",0,-,-,Rayo Vallecano de Madrid S.A.D.,Spain
Christian Stuff,63,CB,,0,2.0,3,61,49,47,56,66,69,"199cm | 6'6""",0,-,-,1. FC Union Berliln,Germany
Davino Verhulst,63,GK,,0,1.0,3,65,62,63,64,54,62,"191cm | 6'3""",0,-,-,Willem II,Belgium
John Welsh,63,CM,,0,2.0,4,62,58,63,66,64,62,"170cm | 5'7""",0,-,-,Tranmere Rovers,England
Darren Mackie,63,ST,,0,2.0,3,81,59,46,60,53,62,"175cm | 5'9""",0,-,-,Aberdeen,Scotland
Richard Foster,63,RB,,0,2.0,4,84,36,54,63,58,68,"175cm | 5'9""",0,-,-,Rangers,Scotland
Gino Coutinho,63,GK,,0,1.0,2,62,61,66,66,43,61,"180cm | 5'11""",0,-,-,ADO Den Haag,Netherlands
David Fox,63,CM,,0,2.0,4,62,56,66,60,56,42,"175cm | 5'9""",0,-,-,Norwich City,England
Leandre Griffit,63,CAM,,0,3.0,4,68,57,64,71,47,48,"172cm | 5'8""",0,-,-,Columbus Crew,France
Nicola Princivalli,63,CM,,0,3.0,3,74,57,65,60,57,56,"180cm | 5'11""",0,-,-,Trieste,Italy
Daniele Di Donato,63,CDM,,0,2.0,3,63,40,50,43,62,66,"173cm | 5'8""",0,-,-,Ascoli,Italy
Davide Succi,63,ST,,0,3.0,3,74,59,50,60,57,66,"184cm | 6'0""",0,-,-,Padua,Italy
Daniel Lopar,63,GK,,0,1.0,3,64,59,55,65,45,66,"185cm | 6'1""",0,-,-,FC St. Gallen,Switzerland
Antony Kay,63,CDM,,0,2.0,3,62,58,54,51,64,72,"180cm | 5'11""",0,-,-,Huddersfield Town,England
Robbie Williams,63,LB,,0,2.0,3,65,58,49,50,66,63,"178cm | 5'10""",0,-,-,Stockport County,England
Byung Jun No,63,CF,,0,3.0,3,70,55,61,66,51,60,"177cm | 5'10""",0,-,-,Ulsan Hyundai Horang-i,Korea Republic
Jung Kyum Kim,63,LWB,,0,2.0,3,69,54,58,53,55,54,"176cm | 5'9""",0,-,-,Pohang Steelers,Korea Republic
Kyung Ho Chung,63,LW,,0,3.0,3,70,60,59,64,52,56,"179cm | 5'10""",0,-,-,Gangwon FC,Korea Republic
Seung Bum Oh,63,CM,,0,2.0,2,68,64,64,66,64,58,"174cm | 5'9""",0,-,-,Jeju United FC,Korea Republic
Kyung Sun Jin,63,LM,,0,2.0,3,70,62,65,55,67,60,"178cm | 5'10""",0,-,-,Jeonbuk Hyundai Motors,Korea Republic
Alessandro Cordaro,63,CAM,,0,3.0,3,65,57,62,68,47,54,"170cm | 5'7""",0,-,-,Royal Charleroi SC,Belgium
Michele Anaclerio,63,RB,,0,2.0,3,66,50,51,47,65,63,"184cm | 6'0""",0,-,-,Piacenza,Italy
Michael Modubi,63,CDM,,0,2.0,3,63,46,58,56,64,60,"176cm | 5'9""",0,-,-,KVC Westerlo,South Africa
Neil Mellor,63,ST,,0,2.0,2,64,62,51,64,49,68,"184cm | 6'0""",0,-,-,Sheffield Wednesday,England
Mikkel Jensen,63,CDM,,0,2.0,3,59,55,58,43,65,60,"186cm | 6'1""",0,-,-,IF Brommapojkarna,Denmark
João Miguel da Cunha Teixeira,63,CDM,,0,2.0,4,63,52,55,54,65,70,"181cm | 5'11""",0,-,-,Leicester City,Portugal
Richard Duffy,63,RB,,0,2.0,3,76,32,54,55,60,66,"181cm | 5'11""",0,-,-,Exeter City,Wales
Jake Buxton,63,CB,,0,2.0,3,62,17,44,26,61,66,"180cm | 5'11""",0,-,-,Derby County,England
Matej Mavrič,63,CB,,0,2.0,3,61,50,46,33,64,69,"187cm | 6'2""",0,-,-,KSV Superfund,Slovenia
Glen Crowe,63,ST,,0,3.0,3,60,64,51,52,54,69,"178cm | 5'10""",0,-,-,Sporting Fingal,Republic of Ireland
Marcos Gelabert,63,CM,,0,2.0,3,65,56,60,64,65,58,"176cm | 5'9""",0,-,-,Neuchâtel Xamax,Argentina
Cristian Zurita,63,CDM,,0,2.0,3,69,55,60,58,68,56,"178cm | 5'10""",0,-,-,Gaziantepspor,Argentina
Erman Güraçar,63,CB,,0,2.0,2,64,36,49,43,62,68,"182cm | 6'0""",0,-,-,Bucaspor,Turkey
Thomas Olsson,63,CM,,0,2.0,4,52,49,65,58,63,59,"178cm | 5'10""",0,-,-,IFK Göteborg,Sweden
Miguel Angel Llera Garzón,63,CB,,0,2.0,3,66,55,57,45,63,69,"193cm | 6'4""",0,-,-,Charlton Athletic,Spain
Óscar Pérez Bovela,63,CM,,0,3.0,3,62,57,66,62,58,52,"178cm | 5'10""",0,-,-,Granada Club de Fútbol,Spain
Atiba Harris,63,RM,,0,3.0,3,76,59,53,60,64,66,"191cm | 6'3""",0,-,-,FC Dallas,St Kitts Nevis
Miguel Angel González González,63,CB,,0,2.0,3,60,45,36,48,65,65,"185cm | 6'1""",0,-,-,Girona Fútbol Club S.A.D. ,Spain
David Córcoles Alcaraz,63,RB,,0,2.0,3,74,51,55,63,64,57,"185cm | 6'1""",0,-,-,R.C. Recreativo,Spain
Cristian Bustos Costa,63,CDM,,0,2.0,3,63,49,50,58,68,52,"175cm | 5'9""",0,-,-,Real Club Celta de Vigo S.A.D.,Spain
Miguel Ángel Sánchez Muñoz,63,LM,,0,3.0,4,59,60,68,61,54,54,"174cm | 5'9""",0,-,-,Rayo Vallecano de Madrid S.A.D.,Spain
Alexandr Alkhazov,63,ST,,0,2.0,3,69,59,48,60,51,60,"184cm | 6'0""",0,-,-,Alaniya Vladikavkaz,Russia
Bartosz Ślusarski,63,ST,,0,3.0,2,60,62,49,53,60,76,"186cm | 6'1""",0,-,-,Cracovia Kraków,Poland
Wojciech Grzyb,63,RWB,,0,2.0,3,66,60,66,59,60,50,"175cm | 5'9""",0,-,-,Ruch Chorzów,Poland
Michał Stasiak,63,SW,,0,2.0,3,60,35,49,44,65,60,"188cm | 6'2""",0,-,-,Zagłębie Lubin,Poland
Dawid Kucharski,63,CB,,0,2.0,4,65,51,52,47,56,64,"184cm | 6'0""",0,-,-,Heart of Midlothian,Poland
Peter Reekers,63,CB,,0,3.0,3,57,37,52,50,65,62,"183cm | 6'0""",0,-,-,Heracles Almelo,Netherlands
Berry Powel,63,ST,,0,3.0,3,68,62,46,55,61,71,"187cm | 6'2""",0,-,-,Gimnàstic de Tarragona S.A.D.,Netherlands
Samuele Olivi,63,CB,,0,2.0,2,65,31,36,44,64,67,"183cm | 6'0""",0,-,-,Pescara,Italy
Armando Perna,63,CB,,0,2.0,3,70,36,38,39,64,64,"184cm | 6'0""",0,-,-,Modena,Italy
Mitchell Piqué,63,LWB,,0,2.0,3,70,42,62,65,64,58,"171cm | 5'7""",0,-,-,ADO Den Haag,Netherlands
Dan Murray,63,CB,,0,2.0,3,58,37,52,25,61,60,"189cm | 6'2""",0,-,-,Shamrock Rovers,England
Nikos Kounenakis,63,CB,,0,2.0,3,62,41,43,49,64,65,"185cm | 6'1""",0,-,-,Kansas City Wizards,South Africa
Thomas Paulus,63,CB,,0,1.0,3,65,35,32,43,65,68,"191cm | 6'3""",0,-,-,FC Erzgebirge Aue,Germany
Andreas Schäfer,63,LB,,0,2.0,3,75,52,60,63,61,62,"178cm | 5'10""",0,-,-,Karlsruher SC,Germany
Tobias Nickenig,63,CB,,0,2.0,3,63,35,50,42,67,68,"190cm | 6'3""",0,-,-,VfL Osnabrück,Germany
Ryan Lowe,63,ST,,0,2.0,3,65,61,54,57,52,56,"180cm | 5'11""",0,-,-,Bury,England
Luke Rodgers,63,ST,,0,3.0,3,74,61,51,63,56,60,"173cm | 5'8""",0,-,-,Notts County,England
Boris Rotenberg,63,CB,,0,2.0,2,51,40,53,46,61,62,"189cm | 6'2""",0,-,-,Alaniya Vladikavkaz,Finland
Niklas Tarvajärvi,63,ST,,0,3.0,4,60,63,45,63,53,71,"185cm | 6'1""",0,-,-,Karlsruher SC,Finland
Matt Duke,63,GK,,0,1.0,2,61,65,72,66,61,59,"196cm | 6'5""",0,-,-,Hull City,England
Michael Stryger,63,RM,,0,2.0,3,73,44,58,59,61,48,"175cm | 5'9""",0,-,-,SønderjyskE,Denmark
Jens Berthel Askou,63,CB,,0,2.0,3,61,23,29,24,64,78,"190cm | 6'3""",0,-,-,Norwich City,Denmark
Jürgen Patocka,63,CB,,0,2.0,2,52,38,40,35,62,67,"192cm | 6'4""",0,-,-,SK Rapid Wien,Austria
Kevin Geudens,63,CDM,,0,2.0,3,58,46,58,55,62,62,"185cm | 6'1""",0,-,-,KV Mechelen,Belgium
Kayode Odejayi,63,ST,,0,2.0,3,84,54,36,56,55,78,"191cm | 6'3""",0,-,-,Colchester United,Nigeria
Jason Puncheon,63,LM,,0,3.0,4,70,63,60,68,50,54,"173cm | 5'8""",0,-,-,Southampton,England
Nicky Wroe,63,CM,,0,4.0,3,59,46,68,74,54,50,"180cm | 5'11""",0,-,-,Torquay United,England
Scott Flinders,63,GK,,0,1.0,3,65,62,63,64,64,58,"193cm | 6'4""",0,-,-,Hartlepool United,England
Shane Stefanutto,63,LWB,,0,2.0,3,72,48,62,54,64,54,"177cm | 5'10""",0,-,-,Brisbane Roar Football Club,Australia
Sean O'Hanlon,63,CB,,0,2.0,4,62,31,45,48,63,72,"185cm | 6'1""",0,-,-,Milton Keynes Dons,Republic of Ireland
Ned Grabavoy,63,CM,,0,2.0,4,71,54,62,65,58,54,"170cm | 5'7""",0,-,-,Real Salt Lake,United States
Vidar Nisja,63,CM,,0,3.0,3,74,58,57,71,56,70,"179cm | 5'10""",0,-,-,Viking FK,Norway
Paweł Sobolewski,63,LM,,0,4.0,4,73,56,60,64,47,42,"175cm | 5'9""",0,-,-,Korona Kielce,Poland
Jean-Louis Leca,63,GK,,0,1.0,3,58,62,52,71,44,68,"177cm | 5'10""",0,-,-,Valenciennes FC,France
Patrice Bernier,63,CDM,,0,2.0,3,72,56,64,55,63,66,"178cm | 5'10""",0,-,-,FC Nordsjælland,Canada
Min Soo Kang,63,CB,,0,2.0,3,66,41,47,49,60,64,"184cm | 6'0""",0,-,-,Suwon Samsung Bluewings,Korea Republic
Danny Olsen,63,RM,,0,3.0,3,72,62,59,68,57,63,"186cm | 6'1""",0,-,-,FC Midtjylland,Denmark
Yo Han Lee,63,CB,,0,2.0,2,65,40,55,50,60,62,"184cm | 6'0""",0,-,-,Jeonbuk Hyundai Motors,Korea Republic
Jib Kwon,63,CM,,0,2.0,2,62,60,70,64,52,46,"182cm | 6'0""",0,-,-,Daejeon Citizen,Korea Republic
Steven De Petter,63,CDM,,0,2.0,4,66,43,59,50,62,64,"181cm | 5'11""",0,-,-,KVC Westerlo,Belgium
Henrik Toft,63,ST,,0,2.0,4,56,54,44,46,63,72,"196cm | 6'5""",0,-,-,Odense Boldklub,Denmark
Leonardo González,63,LB,,0,2.0,2,69,48,56,56,64,62,"186cm | 6'1""",0,-,-,Seattle Sounders FC,Costa Rica
Stephen Henderson,63,GK,,0,1.0,3,65,62,73,63,50,60,"193cm | 6'4""",0,-,-,Bristol City,Republic of Ireland
Seth Stammler,63,CDM,,0,2.0,4,71,55,59,62,62,64,"178cm | 5'10""",0,-,-,New York Red Bulls,United States
Andrea Orlandi,63,CM,,0,3.0,2,66,61,66,67,53,52,"180cm | 5'11""",0,-,-,Swansea City,Spain
Juan Domínguez Otaegi,63,CF,,0,3.0,3,71,62,52,58,58,67,"174cm | 5'9""",0,-,-,Gimnàstic de Tarragona S.A.D.,Spain
Hannu Patronen,63,CB,,0,2.0,3,65,50,48,50,59,68,"184cm | 6'0""",0,-,-,Helsingborgs IF,Finland
Adebayo Akinfenwa,63,ST,,0,2.0,2,56,59,37,58,57,66,"180cm | 5'11""",0,-,-,Gillingham,England
Wouter Gudde,63,CB,,0,2.0,3,66,33,51,39,63,66,"187cm | 6'2""",0,-,-,SBV Excelsior,Netherlands
Rick Kruys,63,CM,,0,2.0,3,64,62,61,62,63,54,"177cm | 5'10""",0,-,-,Malmö FF,Netherlands
Andrew Considine,63,CB,,0,2.0,3,60,24,45,34,60,68,"183cm | 6'0""",0,-,-,Aberdeen,Scotland
Piotr Giza,63,CM,,0,3.0,3,57,56,62,62,58,50,"179cm | 5'10""",0,-,-,Legia Warszawa,Poland
Paul Thomik,63,RB,,0,2.0,4,80,57,62,66,62,58,"178cm | 5'10""",0,-,-,1. FC Union Berliln,Germany
Cleveland Taylor,63,RW,,0,3.0,3,80,48,54,67,47,42,"180cm | 5'11""",0,-,-,St. Johnstone FC,England
Thiago Rockenbach da Silva,63,CM,,0,3.0,3,68,56,60,64,61,54,"180cm | 5'11""",0,-,-,Fortuna Düsseldorf,Brazil
Landry Mulemo,63,LWB,,0,3.0,4,79,52,54,64,63,61,"177cm | 5'10""",0,-,-,Bucaspor,Belgium
Weifeng Li,63,CB,,0,2.0,3,56,52,52,51,62,68,"184cm | 6'0""",0,-,-,Suwon Samsung Bluewings,China PR
Massimo Ganci,63,CF,,0,3.0,4,78,61,50,61,55,64,"172cm | 5'8""",0,-,-,Pescara,Italy
Gianluca Galasso,63,RB,,0,2.0,4,72,50,65,58,62,60,"182cm | 6'0""",0,-,-,Bari,Italy
Andrea Giallombardo,63,LB,,0,2.0,3,71,46,60,57,61,52,"175cm | 5'9""",0,-,-,Ascoli,Italy
Richard Hinds,63,CB,,0,2.0,3,57,28,32,26,62,72,"188cm | 6'2""",0,-,-,Sheffield Wednesday,England
Joan Hartock,63,GK,,0,1.0,3,61,64,61,67,55,65,"190cm | 6'3""",0,-,-,Olympique Lyonnais,France
Unai Alba Padagadizábal,63,GK,,0,1.0,3,67,62,57,61,36,67,"190cm | 6'3""",0,-,-,Hércules Club de Fútbol S.A.D.,Spain
Miguel Ángel García Tebar,63,CDM,,0,2.0,2,63,55,56,52,67,62,"178cm | 5'10""",0,-,-,Unión Deportiva Salamanca S.A.D.,Spain
Niklas Hoheneder,63,CB,,0,2.0,3,56,36,45,44,59,73,"190cm | 6'3""",0,-,-,Sparta Praha,Austria
Daniele Vantaggiato,63,ST,,0,3.0,3,71,61,50,61,62,65,"177cm | 5'10""",0,-,-,Padua,Italy
Kenan Sahin,63,ST,,0,2.0,4,71,59,55,64,57,60,"184cm | 6'0""",0,-,-,1. FC Union Berliln,Turkey
Valerio Foglio,63,LB,,0,2.0,2,70,53,63,62,60,60,"180cm | 5'11""",0,-,-,A. Leffe,Italy
Håkon Skogseid,63,RB,,0,2.0,4,73,48,56,56,64,68,"186cm | 6'1""",0,-,-,Viking FK,Norway
Kevin Larsen,63,LW,,0,3.0,4,69,64,65,61,54,66,"184cm | 6'0""",0,-,-,Tromsø IL,Norway
Simon Walton,63,CDM,,0,2.0,3,72,39,54,56,67,67,"186cm | 6'1""",0,-,-,Plymouth Argyle,England
Russell Martin,63,RB,,0,2.0,3,67,49,58,59,64,65,"183cm | 6'0""",0,-,-,Norwich City,England
Sebastian Svärd,63,CDM,,0,2.0,3,65,50,55,56,66,70,"185cm | 6'1""",0,-,-,Roda JC,Denmark
Mat Sadler,63,LB,,0,2.0,3,67,52,60,60,63,63,"180cm | 5'11""",0,-,-,Shrewsbury,England
Jonathan Forte,63,ST,,0,2.0,3,84,54,48,65,48,50,"183cm | 6'0""",0,-,-,Scunthorpe United,Barbados
Andy Jackson,63,ST,,0,2.0,3,65,58,51,64,48,58,"178cm | 5'10""",0,-,-,St. Johnstone FC,Scotland
Murat Selvi,63,LB,,0,2.0,2,71,32,62,57,67,66,"176cm | 5'9""",0,-,-,Kardemir Karabükspor,Belgium
Peter Franquart,63,CDM,,0,2.0,3,57,48,60,46,61,62,"182cm | 6'0""",0,-,-,Royal Charleroi SC,France
Jugoslav Lazic,63,GK,,0,1.0,3,62,63,54,64,36,66,"197cm | 6'6""",0,-,-,Sporting Lokeren OV,Serbia
Momar N'Diaye,63,ST,,0,2.0,3,76,58,52,65,51,64,"180cm | 5'11""",0,-,-,FSV Frankfurt,Senegal
Fatih Atik,63,CM,,0,3.0,3,63,58,65,70,60,51,"175cm | 5'9""",0,-,-,U.S. Boulogne Cote D'Opale,France
Chris Dagnall,63,ST,,0,3.0,3,71,64,47,61,47,56,"173cm | 5'8""",0,-,-,Scunthorpe United,England
Charles,63,CF,,0,3.0,3,71,63,47,67,55,66,"179cm | 5'10""",0,-,-,Córdoba Club de Fútbol S.A.D.,Brazil
Bradley Wright-Phillips,63,ST,,0,3.0,3,76,61,46,69,45,48,"173cm | 5'8""",0,-,-,Plymouth Argyle,England
James Riley,63,RB,,0,2.0,4,77,42,51,56,62,55,"178cm | 5'10""",0,-,-,Seattle Sounders FC,United States
Joel Lynch,63,CB,,0,2.0,3,70,35,51,56,62,70,"185cm | 6'1""",0,-,-,Nottingham Forest,England
Javier Acuña,63,ST,,0,2.0,3,74,60,51,70,48,71,"177cm | 5'10""",0,-,-,R.C. Recreativo,Paraguay
Espen Børufsen,63,CM,,0,3.0,4,73,59,64,62,54,65,"178cm | 5'10""",0,-,-,IK Start,Norway
Billy Clarke,63,CF,,0,3.0,2,69,63,45,60,54,60,"170cm | 5'7""",0,-,-,Blackpool,Republic of Ireland
Sang Min Yang,63,LWB,,0,2.0,1,69,58,66,58,60,59,"181cm | 5'11""",0,-,-,Suwon Samsung Bluewings,Korea Republic
Jong Gun Noh,63,CDM,,0,2.0,3,57,40,50,59,70,52,"175cm | 5'9""",0,-,-,Incheon United FC,Korea Republic
Jung Ho Lee,63,CB,,0,2.0,3,65,51,50,48,58,78,"186cm | 6'1""",0,-,-,Busan I'Park,Korea Republic
János Balogh,63,GK,,0,1.0,2,66,63,57,66,45,64,"192cm | 6'4""",0,-,-,Heart of Midlothian,Hungary
Joey Gjertsen,63,RM,,0,3.0,3,70,62,58,61,51,62,"175cm | 5'9""",0,-,-,San Jose Earthquakes,United States
Petter Bruer Hanssen,63,CM,,0,2.0,3,68,59,67,54,60,62,"187cm | 6'2""",0,-,-,IK Start,Norway
Alexandr Krivoruchko,63,GK,,0,1.0,4,65,71,67,56,46,65,"191cm | 6'3""",0,-,-,Lokomotiv Moskva,Russia
Lucas Thwala,63,LB,,0,2.0,3,55,38,56,48,62,54,"171cm | 5'7""",0,-,-,Orlando Pirates,South Africa
Jamie Hamill,63,CDM,,0,2.0,3,64,33,59,57,63,64,"173cm | 5'8""",0,-,-,Kilmarnock,Scotland
Seïd Khiter,63,RF,,0,3.0,3,67,59,56,62,47,54,"171cm | 5'7""",0,-,-,Valenciennes FC,France
Giuseppe Scurto,63,CB,,0,2.0,3,63,37,50,37,63,68,"191cm | 6'3""",0,-,-,Trieste,Italy
Markus Karl,63,CM,,0,3.0,3,61,62,58,56,68,70,"193cm | 6'4""",0,-,-,FC Ingolstadt 04,Germany
Lee Martin,63,LW,,0,3.0,4,75,52,53,66,42,54,"178cm | 5'10""",0,-,-,Charlton Athletic,England
Kelly Youga,63,LB,,0,2.0,2,75,39,49,60,66,70,"185cm | 6'1""",0,-,-,Charlton Athletic,Central African Rep.
Emmanuel Cascione,63,CDM,,0,3.0,3,70,53,60,57,64,64,"187cm | 6'2""",0,-,-,Pescara,Italy
Timo Staffeldt,63,CM,,0,3.0,3,67,47,61,64,65,64,"175cm | 5'9""",0,-,-,Karlsruher SC,Germany
Theódór Elmar Bjarnason,63,LM,,0,3.0,3,67,60,61,63,57,60,"183cm | 6'0""",0,-,-,IFK Göteborg,Iceland
Eddie Nolan,63,RB,,0,2.0,5,72,40,61,61,64,68,"185cm | 6'1""",0,-,-,Scunthorpe United,Republic of Ireland
Andy Barcham,63,LW,,0,3.0,4,77,50,57,64,47,44,"175cm | 5'9""",0,-,-,Gillingham,England
Youssef Adnane,63,ST,,0,2.0,3,71,60,46,59,42,58,"178cm | 5'10""",0,-,-,Evian Thonon Gaillard FC,France
Ben Turner,63,CB,,0,2.0,3,64,30,36,34,64,78,"193cm | 6'4""",0,-,-,Coventry City,England
Chris Zebroski,63,ST,,0,3.0,3,78,55,51,65,54,56,"185cm | 6'1""",0,-,-,Torquay United,England
Theo Robinson,63,ST,,0,3.0,3,83,55,38,65,54,44,"174cm | 5'9""",0,-,-,Millwall,England
Mark Little,63,RB,,0,2.0,4,76,26,54,40,66,66,"185cm | 6'1""",0,-,-,Peterborough United,England
Peter Jungschläger,63,CDM,,0,2.0,3,65,49,57,61,61,65,"182cm | 6'0""",0,-,-,De Graafschap,Netherlands
Maxime Biset,63,CB,,0,2.0,3,59,47,52,50,65,60,"193cm | 6'4""",0,-,-,KV Mechelen,Belgium
Sastre,63,CM,,0,2.0,4,62,53,65,52,61,57,"175cm | 5'9""",0,-,-,Sociedad Deportiva Huesca S.A.D.,Spain
Samuel San José Fernández,63,CB,,0,2.0,3,65,43,48,47,61,64,"175cm | 5'9""",0,-,-,Unión Deportiva Las Palmas S.A.D.,Spain
Anthony Wordsworth,63,CM,,0,2.0,4,70,63,60,62,55,70,"185cm | 6'1""",0,-,-,Colchester United,England
Guy Stephane Essame,63,CDM,,0,3.0,3,66,47,56,59,68,50,"178cm | 5'10""",0,-,-,Terek Grozny,Cameroon
Calvin Andrew,63,ST,,0,2.0,3,74,49,55,62,55,78,"183cm | 6'0""",0,-,-,Crystal Palace,England
Adam Moffat,63,CM,,0,3.0,3,70,66,58,62,64,64,"182cm | 6'0""",0,-,-,Columbus Crew,Scotland
Enrico Alfonso,63,GK,,0,1.0,1,60,50,55,75,50,65,"191cm | 6'3""",0,-,-,Modena,Italy
James Tunnicliffe,63,CB,,0,2.0,3,59,17,32,35,59,72,"193cm | 6'4""",0,-,-,Bristol Rovers,England
Lionel Ainsworth,63,RW,,0,2.0,3,80,46,59,60,46,46,"175cm | 5'9""",0,-,-,Shrewsbury,England
Jonathan Vila Pereira,63,CM,,0,2.0,3,59,48,63,53,66,58,"186cm | 6'1""",0,-,-,Real Club Celta de Vigo S.A.D.,Spain
Alejandro Zamora Barbero,63,CB,,0,2.0,4,64,50,54,46,64,64,"185cm | 6'1""",0,-,-,Unión Deportiva Salamanca S.A.D.,Spain
Tshinyama Tshilola,63,CDM,,0,2.0,3,67,48,56,50,63,62,"175cm | 5'9""",0,-,-,Sporting Lokeren OV,DR Congo
Ibrahim Gnanou,63,LB,,0,2.0,5,71,34,56,44,64,71,"185cm | 6'1""",0,-,-,Alaniya Vladikavkaz,Burkina Faso
Samir Ujkani,63,GK,,0,1.0,2,60,60,55,66,56,65,"186cm | 6'1""",0,-,-,Novara,Albania
Hervé Kage,63,CM,,0,3.0,4,70,48,60,64,57,59,"178cm | 5'10""",0,-,-,Royal Charleroi SC,Belgium
Patrick Ianni,63,CB,,0,2.0,3,69,33,52,47,60,70,"185cm | 6'1""",0,-,-,Seattle Sounders FC,United States
Nathan Sturgis,63,CDM,,0,2.0,4,66,55,63,60,60,65,"178cm | 5'10""",0,-,-,Seattle Sounders FC,United States
Miran Burgič,63,ST,,0,3.0,3,64,59,51,59,50,72,"181cm | 5'11""",0,-,-,FC Wacker Innsbruck,Slovenia
Anthony Van Loo,63,RB,,0,2.0,3,71,41,59,50,60,59,"177cm | 5'10""",0,-,-,KV Mechelen,Belgium
Geun Chol Kim,63,CM,,0,3.0,3,69,67,63,67,59,58,"177cm | 5'10""",0,-,-,Busan I'Park,Korea Republic
Myung Jung Kim,63,LF,,0,3.0,2,67,65,54,63,49,61,"182cm | 6'0""",0,-,-,Chunnam Dragons,Korea Republic
In Ho Kim,63,RB,,0,2.0,3,69,36,56,47,66,61,"184cm | 6'0""",0,-,-,Jeju United FC,Korea Republic
Scott Sutter,63,RM,,0,2.0,3,69,49,61,59,68,60,"181cm | 5'11""",0,-,-,BSC Young Boys,Switzerland
Jean-Sylvain Babin,63,CB,,0,2.0,3,67,37,42,36,66,72,"182cm | 6'0""",0,-,-,Agrupación Deportiva Alcorcón,France
Cem Atan,63,RM,,0,3.0,3,73,58,59,66,47,50,"185cm | 6'1""",0,-,-,Gençlerbirliği SK,Austria
Trésor Kandol,63,ST,,0,,4,81,53,31,58,52,68,"185cm | 6'1""",0,-,-,Albacete Balompié S.A.D.,DR Congo
Andy Gruenebaum,63,GK,,0,1.0,2,68,64,63,63,51,59,"185cm | 6'1""",0,-,-,Columbus Crew,United States
Assimiou Touré,63,RB,,0,2.0,4,74,37,58,64,59,68,"178cm | 5'10""",0,-,-,Arminia Bielefeld,Togo
Gary Roberts,63,LW,,0,2.0,3,73,57,62,56,50,52,"178cm | 5'10""",0,-,-,Huddersfield Town,England
Manuel Konrad,63,CDM,,0,2.0,4,68,56,59,57,64,68,"187cm | 6'2""",0,-,-,FSV Frankfurt,Germany
Leandro Vitiello,63,CM,,0,3.0,2,70,46,59,65,60,49,"180cm | 5'11""",0,-,-,Grosseto,Italy
Beñat,63,CM,,0,2.0,3,65,63,54,64,58,56,"175cm | 5'9""",0,-,-,Real Betis Balompié S.A.D. ,Spain
Daniel Freire Mendes,63,LW,,0,3.0,4,72,59,54,63,56,54,"175cm | 5'9""",0,-,-,Kalmar FF,Brazil
Jesús Rodríguez Tato,63,CF,,0,3.0,2,76,57,50,62,60,62,"179cm | 5'10""",0,-,-,Albacete Balompié S.A.D.,Spain
Hyun Jin Lee,63,RF,,0,3.0,3,76,56,60,66,53,49,"184cm | 6'0""",0,-,-,Suwon Samsung Bluewings,Korea Republic
Orestes Júnior Alves,63,CB,,0,2.0,3,58,30,43,50,61,66,"182cm | 6'0""",0,-,-,Naval 1° de Maio,Brazil
Cristian Altinier,63,CF,,0,3.0,3,69,59,51,66,47,56,"176cm | 5'9""",0,-,-,Portogruaro,Italy
Adán,63,GK,,0,1.0,2,64,68,47,63,47,62,"191cm | 6'3""",0,-,-,Real Madrid Club de Fútbol,Spain
Tommy Fraser,63,CM,,0,2.0,3,66,55,64,55,62,64,"183cm | 6'0""",0,-,-,Port Vale,England
Radja Nainggolan,63,CAM,,0,2.0,4,76,63,67,66,46,52,"175cm | 5'9""",0,-,-,Cagliari,Belgium
Simon Church,63,ST,,0,2.0,2,62,58,60,64,56,59,"181cm | 5'11""",0,-,-,Reading,Wales
Liam Trotter,63,CM,,0,2.0,1,68,56,58,61,65,64,"188cm | 6'2""",0,-,-,Millwall,England
Emil Angelov,63,ST,,0,3.0,3,59,62,49,58,57,52,"183cm | 6'0""",0,-,-,Kardemir Karabükspor,Bulgaria
Elliot Omozusi,63,RB,,0,2.0,3,73,24,54,58,64,66,"180cm | 5'11""",0,-,-,Leyton Orient,England
Moses Adams,63,CAM,,0,2.0,2,67,57,63,66,50,60,"183cm | 6'0""",0,-,-,KVC Westerlo,Nigeria
Thorbjørn Holst Rasmussen,63,CB,,0,2.0,4,63,37,46,33,66,54,"187cm | 6'2""",0,-,-,Silkeborg IF,Denmark
Wells Thompson,63,RM,,0,3.0,4,74,56,59,63,53,49,"178cm | 5'10""",0,-,-,Colorado Rapids,United States
Mariel Everton Cosmo da Silva,63,CM,,0,3.0,2,69,57,61,64,64,64,"180cm | 5'11""",0,-,-,Kardemir Karabükspor,Brazil
David Perkins,63,CM,,0,3.0,3,72,52,54,65,62,52,"168cm | 5'6""",0,-,-,Colchester United,England
Reuben Reid,63,RW,,0,2.0,3,79,56,53,68,50,54,"183cm | 6'0""",0,-,-,Walsall,England
Simon Gillett,63,CM,,0,2.0,3,63,56,60,63,62,57,"168cm | 5'6""",0,-,-,Doncaster Rovers,England
Szymon Pawłowski,63,RM,,0,3.0,3,72,59,56,66,43,49,"176cm | 5'9""",0,-,-,Zagłębie Lubin,Poland
Tally Hall,63,GK,,0,1.0,3,64,65,69,64,31,61,"193cm | 6'4""",0,-,-,Houston Dynamo,United States
Björn Kopplin,63,RB,,0,3.0,3,79,33,48,63,62,64,"184cm | 6'0""",0,-,-,VfL Bochum,Germany
Antun Dunkovic,63,CAM,,0,3.0,3,58,59,66,66,48,48,"167cm | 5'6""",0,-,-,KV Mechelen,Croatia
Nils Schouterden,63,LW,,0,3.0,3,66,60,61,64,55,56,"177cm | 5'10""",0,-,-,Sint-Truidense VV,Belgium
Tomáš Mičola,63,LM,,0,2.0,5,72,63,65,60,52,62,"178cm | 5'10""",0,-,-,Stade Brestois 29,Czech Republic
Pavel Kučera,63,GK,,0,1.0,3,71,58,62,62,62,60,"191cm | 6'3""",0,-,-,Dynamo České Budějovice,Czech Republic
Josef Kaufman,63,RB,,0,2.0,3,59,56,63,57,65,72,"187cm | 6'2""",0,-,-,Slavia Praha,Czech Republic
Corey Ashe,63,LM,,0,3.0,3,85,47,56,64,51,52,"168cm | 5'6""",0,-,-,Houston Dynamo,United States
Brad Knighton,63,GK,,0,1.0,2,66,60,61,67,43,64,"187cm | 6'2""",0,-,-,Philadelphia Union,United States
André Hainault,63,RB,,0,2.0,3,69,48,53,55,64,68,"183cm | 6'0""",0,-,-,Houston Dynamo,Canada
Marek Střeštík,63,LM,,0,3.0,3,64,62,60,66,52,60,"188cm | 6'2""",0,-,-,1. FC Brno,Czech Republic
Olof Guterstam,63,ST,,0,3.0,3,65,56,48,61,57,69,"188cm | 6'2""",0,-,-,IF Brommapojkarna,Sweden
Petr Janda,63,RM,,0,2.0,4,64,63,64,63,53,62,"184cm | 6'0""",0,-,-,Slavia Praha,Czech Republic
Jakub Navrátil,63,CB,,0,2.0,2,62,48,56,46,64,64,"193cm | 6'4""",0,-,-,Viktoria Plzeň ,Czech Republic
Fredrik Jensen,63,ST,,0,2.0,3,80,58,52,49,60,64,"184cm | 6'0""",0,-,-,Trelleborgs FF,Sweden
Ryan Guy,63,RM,,0,2.0,3,79,56,58,62,45,62,"171cm | 5'7""",0,-,-,St. Patrick's Athletic,United States
Sam Hird,63,CB,,0,2.0,3,72,29,59,40,62,67,"183cm | 6'0""",0,-,-,Doncaster Rovers,England
Yoo Gul Song,63,GK,,0,1.0,2,63,63,61,63,48,64,"187cm | 6'2""",0,-,-,Incheon United FC,Korea Republic
Rachid Ofrany,63,RW,,0,3.0,3,74,52,47,71,53,48,"183cm | 6'0""",0,-,-,VVV-Venlo,Netherlands
Ferry De Regt,63,CB,,0,2.0,3,70,30,43,45,62,70,"190cm | 6'3""",0,-,-,VVV-Venlo,Netherlands
Daniel Gordon,63,CDM,,0,2.0,4,67,53,59,59,67,71,"194cm | 6'4""",0,-,-,Rot-Weiß Oberhausen,Germany
Joe Mattock,63,LB,,0,3.0,3,69,45,57,54,61,62,"181cm | 5'11""",0,-,-,West Bromwich Albion,England
Sébastien Bruzzese,63,GK,,0,1.0,5,63,63,64,63,61,64,"184cm | 6'0""",0,-,-,KAA Gent,Belgium
Krystian Pearce,63,CB,,0,2.0,3,71,26,38,48,62,70,"185cm | 6'1""",0,-,-,Notts County,England
Pavel Lukáš,63,CB,,0,2.0,3,58,42,44,36,61,62,"185cm | 6'1""",0,-,-,Bohemians 1905,Czech Republic
Henri Saivet,63,ST,,0,3.0,3,71,61,51,68,36,59,"173cm | 5'8""",0,-,-,Girondins de Bordeaux,France
Benjamin Schwarz,63,LWB,,0,2.0,3,68,37,52,55,64,62,"180cm | 5'11""",0,-,-,TSV 1860 München,Germany
Laionel Silva Ramalho,63,RW,,0,3.0,3,75,56,52,67,44,48,"173cm | 5'8""",0,-,-,Académica Coimbra,Brazil
Ivan Benito,63,GK,,0,1.0,2,63,58,61,62,56,68,"182cm | 6'0""",0,-,-,Grasshopper-Club,Switzerland
James Henry,63,RW,,0,3.0,3,67,63,60,62,41,52,"182cm | 6'0""",0,-,-,Millwall,England
Vincenzo Rennella,63,ST,,0,3.0,3,68,57,42,63,52,58,"188cm | 6'2""",0,-,-,Grasshopper-Club,Italy
Aram Khalili,63,ST,,0,2.0,3,73,54,32,53,50,74,"181cm | 5'11""",0,-,-,GAIS,Norway
Rui Fonte,63,ST,,0,3.0,3,76,63,45,72,50,54,"183cm | 6'0""",0,-,-,R.C.D. Espanyol de Barcelona S.A.D.,Portugal
Jimmy Smith,63,CAM,,0,3.0,3,75,61,65,66,53,38,"184cm | 6'0""",0,-,-,Leyton Orient,England
Christopher Herd,63,CM,,0,3.0,2,72,53,65,57,55,40,"173cm | 5'8""",0,-,-,Aston Villa,Australia
Tino Berbig,63,GK,,0,1.0,2,61,56,61,60,53,73,"191cm | 6'3""",0,-,-,VfL Osnabrück,Germany
Fabián Yantorno,63,CM,,0,3.0,3,63,50,64,70,54,49,"173cm | 5'8""",0,-,-,Hartlepool United,Uruguay
Fabio Catacchini,63,RWB,,0,2.0,3,73,57,63,61,65,53,"185cm | 6'1""",0,-,-,Frosinone,Italy
Tobias Feisthammel,63,CB,,0,2.0,3,66,35,49,39,61,68,"188cm | 6'2""",0,-,-,Alemannia Aachen,Germany
Anthony Griffith,63,CDM,,0,2.0,2,67,44,54,58,68,66,"183cm | 6'0""",0,-,-,Port Vale,England
Nils Fischer,63,CB,,0,2.0,3,68,33,48,44,60,65,"183cm | 6'0""",0,-,-,Arminia Bielefeld,Germany
Nicky Featherstone,63,RM,,0,2.0,3,75,60,61,69,49,50,"170cm | 5'7""",0,-,-,Hull City,England
Michael Zullo,63,LW,,0,3.0,2,83,52,48,65,38,37,"170cm | 5'7""",0,-,-,FC Utrecht,Australia
Ryan Bennett,63,CB,,0,2.0,2,69,13,41,37,64,70,"183cm | 6'0""",0,-,-,Peterborough United,England
Rogier Meijer,63,CM,,0,3.0,3,68,56,63,62,62,63,"186cm | 6'1""",0,-,-,De Graafschap,Netherlands
James Frempong,63,LW,,0,3.0,3,74,53,53,65,44,42,"175cm | 5'9""",0,-,-,Gefle IF,Sweden
Daan Bovenberg,63,RB,,0,2.0,3,62,30,59,34,60,72,"183cm | 6'0""",0,-,-,SBV Excelsior,Netherlands
Dimitri Daeseleire,63,RWB,,0,2.0,3,71,42,61,58,62,66,"169cm | 5'7""",0,-,-,KRC Genk,Belgium
Nill De Pauw,63,CF,,0,2.0,4,72,56,62,66,56,62,"180cm | 5'11""",0,-,-,Sporting Lokeren OV,Belgium
Lukas Van Eenoo,63,CAM,,0,2.0,3,66,60,60,65,48,58,"175cm | 5'9""",0,-,-,KSV Cercle Brugge,Belgium
Jin Hyung Song,63,CAM,,0,3.0,5,69,62,63,67,44,34,"176cm | 5'9""",0,-,-,Tours FC,Korea Republic
Radek Mezlík,63,CB,,0,2.0,3,59,29,38,25,67,55,"183cm | 6'0""",0,-,-,1. FC Slovácko,Czech Republic
Tomasz Kupisz,63,CM,,0,2.0,3,72,53,66,63,57,52,"182cm | 6'0""",0,-,-,Jagiellonia Białystok,Poland
Yohann Thuram,63,GK,,0,1.0,3,67,70,59,66,29,59,"187cm | 6'2""",0,-,-,Tours FC,France
Neal Trotman,63,CB,,0,2.0,3,67,28,49,37,64,68,"188cm | 6'2""",0,-,-,Preston North End,England
Kwang Suk Kim,63,RB,,0,2.0,3,80,41,52,53,66,58,"182cm | 6'0""",0,-,-,Pohang Steelers,Korea Republic
Raúl Fuster Arnao,63,LB,,0,2.0,3,77,31,54,53,65,62,"177cm | 5'10""",0,-,-,Gimnàstic de Tarragona S.A.D.,Spain
Kristof Van Hout,63,GK,,0,1.0,3,64,66,60,62,35,64,208,0,-,-,Standard de Liège,Belgium
Yegor Filipenko,63,CB,,0,2.0,3,65,30,45,21,62,68,"190cm | 6'3""",0,-,-,Sibir Novosibirsk,Belarus
James Chester,63,CB,,0,2.0,2,53,35,53,41,64,62,"186cm | 6'1""",0,-,-,Carlisle United,England
Thomas Cruise,63,CB,,0,2.0,3,56,50,43,23,63,73,"186cm | 6'1""",0,-,-,Arsenal,England
Thierry Doubai,63,CDM,,0,2.0,3,75,51,60,65,65,64,"179cm | 5'10""",0,-,-,BSC Young Boys,Ivory Coast
Kieran Trippier,63,RB,,0,3.0,3,70,47,59,63,63,58,"179cm | 5'10""",0,-,-,Barnsley,England
Dusan Veskovac,63,CB,,0,2.0,3,62,46,49,50,64,66,"187cm | 6'2""",0,-,-,FC Luzern,Serbia
Fabián Monzón,63,LB,,0,2.0,2,67,57,60,59,63,64,"179cm | 5'10""",0,-,-,Boca Juniors,Argentina
Steven Lenhart,63,ST,,0,2.0,3,71,57,41,57,60,78,"185cm | 6'1""",0,-,-,Columbus Crew,United States
Lynel Kitambala,63,ST,,0,2.0,3,76,59,37,64,49,50,"177cm | 5'10""",0,-,-,FC Lorient Bretagne Sud,France
David Pisot,63,CB,,0,2.0,3,65,51,54,57,65,66,"185cm | 6'1""",0,-,-,FC Ingolstadt 04,Germany
James Holland,63,CM,,0,3.0,3,69,60,56,67,58,52,"180cm | 5'11""",0,-,-,AZ Alkmaar,Australia
Benjamin Tembe Mokulu,63,ST,,0,3.0,3,70,55,54,63,56,66,"185cm | 6'1""",0,-,-,Sporting Lokeren OV,Belgium
Ranko Despotović,63,ST,,0,3.0,3,69,59,43,58,53,65,"185cm | 6'1""",0,-,-,Girona Fútbol Club S.A.D. ,Serbia
Ho Jun Kim,63,GK,,0,1.0,3,62,61,65,66,54,64,"189cm | 6'2""",0,-,-,Jeju United FC,Korea Republic
Hee Do Park,63,LW,,0,2.0,2,70,55,64,62,46,46,"181cm | 5'11""",0,-,-,Busan I'Park,Korea Republic
Oleg Samsonov,63,LM,,0,2.0,5,76,50,63,53,68,56,"174cm | 5'9""",0,-,-,Krylya Sovetov Samara,Russia
Lens Nadjem Annab,63,CM,,0,3.0,4,65,50,60,71,59,56,"183cm | 6'0""",0,-,-,KVC Westerlo,Belgium
Yussif Chibsah,63,CM,,0,2.0,3,64,59,62,62,61,60,"178cm | 5'10""",0,-,-,Gefle IF,Ghana
Eric Magloire Bassombeng,63,RW,,0,2.0,3,74,57,58,63,58,55,"181cm | 5'11""",0,-,-,Örebro SK,Cameroon
Clément Grenier,63,RW,,0,3.0,4,62,58,52,73,46,66,"186cm | 6'1""",0,-,-,Olympique Lyonnais,France
Marcel Höttecke,63,GK,,0,1.0,2,63,59,64,66,40,60,"199cm | 6'6""",0,-,-,1. FC Union Berliln,Germany
Marvin Morgan,63,ST,,0,3.0,3,80,54,47,63,60,68,"193cm | 6'4""",0,-,-,Aldershot Town,England
Matt Phillips,63,RW,,0,2.0,3,77,42,58,63,46,43,"183cm | 6'0""",0,-,-,Blackpool,England
Kheli Dube,63,ST,,0,3.0,3,84,60,46,65,46,56,"185cm | 6'1""",0,-,-,New England Revolution,Zimbabwe
Brian Easton,63,LB,,0,2.0,3,68,19,56,34,64,72,"183cm | 6'0""",0,-,-,Burnley,Scotland
Thomas Schlieter,63,CB,,0,2.0,3,59,48,44,41,68,72,"192cm | 6'4""",0,-,-,Rot-Weiß Oberhausen,Germany
Orhan Mustafi,63,ST,,0,3.0,4,66,57,49,58,58,70,"190cm | 6'3""",0,-,-,Arminia Bielefeld,Switzerland
Senad Lulic,63,LW,,0,3.0,3,69,60,51,71,49,59,"183cm | 6'0""",0,-,-,BSC Young Boys,Bosnia Herzegovina
Joachim De Gasperi,63,ST,,0,3.0,3,67,64,51,65,45,57,"175cm | 5'9""",0,-,-,Cittadella,Italy
Daniel Tarczal,63,CAM,,0,2.0,3,70,58,63,63,61,62,"175cm | 5'9""",0,-,-,1. FK Příbram,Czech Republic
Katuku Tshimanga,63,LWB,,0,3.0,3,81,54,60,61,59,66,"176cm | 5'9""",0,-,-,Sporting Lokeren OV,Belgium
Victor Wanyama,63,CDM,,0,2.0,3,70,57,59,68,66,66,"188cm | 6'2""",0,-,-,Germinal Beerschot,Kenya
Sascha Burchert,63,GK,,0,1.0,2,57,67,63,61,48,69,"188cm | 6'2""",0,-,-,Hertha BSC,Germany
Francesco Luoni,63,CB,,0,2.0,2,63,33,39,44,62,66,"180cm | 5'11""",0,-,-,A. Leffe,Italy
Sercan Sararer,63,LM,,0,3.0,4,76,59,58,66,56,55,"180cm | 5'11""",0,-,-,SpVgg Greuther Fürth,Spain
Sebastian Eriksson,63,CDM,,0,2.0,4,67,47,57,58,63,58,"185cm | 6'1""",0,-,-,IFK Göteborg,Sweden
Saúl Berjón,63,CF,,0,3.0,3,75,59,50,63,54,62,"178cm | 5'10""",0,-,-,Fútbol Club Barcelona “B”,Spain
Marc Gallego,63,RM,,0,2.0,3,69,62,62,61,56,56,"177cm | 5'10""",0,-,-,FSV Frankfurt,Germany
Michael Paton,63,ST,,0,2.0,2,72,61,40,62,46,66,"178cm | 5'10""",0,-,-,Aberdeen,Scotland
Korey Smith,63,CM,,0,2.0,3,70,52,63,58,65,44,"183cm | 6'0""",0,-,-,Norwich City,England
Pim Balkestein,63,CB,,0,2.0,1,69,45,54,35,64,67,"191cm | 6'3""",0,-,-,Brentford,Netherlands
Marek Plašil,63,RB,,0,2.0,3,74,37,57,56,59,56,"185cm | 6'1""",0,-,-,1. FK Příbram,Czech Republic
Zdenek Ondrášek,63,CF,,0,3.0,2,78,54,55,64,45,54,"185cm | 6'1""",0,-,-,Dynamo České Budějovice,Czech Republic
Manuel Pascali,63,CDM,,0,2.0,2,62,48,58,60,68,68,"185cm | 6'1""",0,-,-,Kilmarnock,Italy
Soufian El Hassnaoui,63,ST,,0,3.0,3,76,59,55,64,43,53,"183cm | 6'0""",0,-,-,De Graafschap,Netherlands
Markus Felfernig,63,LM,,0,2.0,4,76,56,61,64,50,58,"172cm | 5'8""",0,-,-,KSV Superfund,Austria
Janusz Gancarczyk,63,LM,,0,2.0,4,82,62,54,64,50,48,"179cm | 5'10""",0,-,-,Polonia Warszawa,Poland
Matteo Piccinni,63,LWB,,0,3.0,3,67,39,63,49,67,68,"187cm | 6'2""",0,-,-,A. Leffe,Italy
Nikola Valentic,63,LB,,0,2.0,2,65,48,49,50,66,66,"180cm | 5'11""",0,-,-,Sibir Novosibirsk,Serbia
Aidan White,63,LW,,0,2.0,3,82,33,61,65,58,60,"175cm | 5'9""",0,-,-,Leeds United,England
Amadou Sidibe,63,LM,,0,3.0,3,67,60,64,63,53,62,"173cm | 5'8""",0,-,-,AJ Auxerre,Mali
Mario Fernández Cuesta,63,GK,,0,1.0,2,62,65,54,67,46,63,"184cm | 6'0""",0,-,-,Real Racing Club S.A.D.,Spain
Hope Akpan,63,CDM,,0,2.0,3,63,48,51,46,66,59,"185cm | 6'1""",0,-,-,Everton,Nigeria
Tristan Bowen,63,ST,,0,3.0,2,80,60,35,67,46,61,"180cm | 5'11""",0,-,-,Los Angeles Galaxy,United States
Christian Dorda,63,LB,,0,3.0,3,71,34,56,50,62,62,"182cm | 6'0""",0,-,-,Borussia M'gladbach,Germany
Tanju Kayhan,63,RB,,0,3.0,3,75,29,54,64,64,62,"172cm | 5'8""",0,-,-,SK Rapid Wien,Austria
Rodney Strasser,63,CDM,,0,3.0,3,74,60,66,67,62,57,"178cm | 5'10""",0,-,-,Milan,Sierra Leone
Ashley Sammons,63,CM,,0,3.0,3,68,52,62,65,53,46,"174cm | 5'9""",0,-,-,Birmingham City,England
Marvin Pourié,63,ST,,0,3.0,4,70,58,43,61,49,67,"183cm | 6'0""",0,-,-,FC Schalke 04,Germany
Markus Holgersson,63,RB,,0,2.0,2,73,32,56,47,66,60,"190cm | 6'3""",0,-,-,Helsingborgs IF,Sweden
Marc Hornschuh,63,CDM,,0,2.0,4,68,45,57,42,61,63,"188cm | 6'2""",0,-,-,Borussia Dortmund,Germany
Luciano Civelli,63,LM,,0,3.0,3,72,61,60,68,48,51,"185cm | 6'1""",0,-,-,Ipswich Town,Argentina
François Affolter,63,RB,,0,2.0,3,68,42,56,59,63,62,"186cm | 6'1""",0,-,-,BSC Young Boys,Switzerland
Paulo Roberto da Costa Regula,63,CM,,0,3.0,3,71,65,62,64,58,56,"184cm | 6'0""",0,-,-,Vitória de Setúbal,Portugal
Felix Kroos,63,ST,,0,3.0,3,73,60,58,67,42,50,"184cm | 6'0""",0,-,-,Werder Bremen,Germany
Roguy Méyé,63,ST,,0,3.0,2,74,59,46,61,50,55,"177cm | 5'10""",0,-,-,MKE Ankaragücü,Gabon
Omar Jawo,63,CB,,0,2.0,3,60,41,43,51,63,69,"187cm | 6'2""",0,-,-,Gefle IF,Sweden
Márkó Futács,63,ST,,0,3.0,3,67,60,48,55,53,70,"196cm | 6'5""",0,-,-,FC Ingolstadt 04,Hungary
Sebastian Heidinger,63,LM,,0,2.0,4,80,55,57,65,51,58,"174cm | 5'9""",0,-,-,Arminia Bielefeld,Germany
Mats Rits,63,CAM,,0,3.0,4,68,57,64,68,49,50,"180cm | 5'11""",0,-,-,Germinal Beerschot,Belgium
Tae Wook Kim,63,RM,,0,3.0,3,69,49,65,56,56,56,"182cm | 6'0""",0,-,-,GyeongNam FC,Korea Republic
Ho Young Song,63,RW,,0,3.0,3,74,56,62,65,53,52,"175cm | 5'9""",0,-,-,Seongnam Ilhwa Chunma,Korea Republic
Shin Wook Kim,63,ST,,0,3.0,3,67,50,41,63,66,72,"196cm | 6'5""",0,-,-,Ulsan Hyundai Horang-i,Korea Republic
ChangHyun Ryu,63,ST,,0,3.0,3,68,56,64,64,49,63,"181cm | 5'11""",0,-,-,Pohang Steelers,Korea Republic
Min Kyun Kim,63,CAM,,0,3.0,3,63,56,60,65,49,47,"173cm | 5'8""",0,-,-,Daegu FC,Korea Republic
Chris Wood,63,ST,,0,3.0,3,61,61,47,56,51,73,"191cm | 6'3""",0,-,-,West Bromwich Albion,New Zealand
Josh Payne,63,CDM,,0,2.0,3,73,65,58,65,63,59,"183cm | 6'0""",0,-,-,Doncaster Rovers,England
Erik Friberg,63,CM,,0,2.0,3,64,52,66,63,59,52,"180cm | 5'11""",0,-,-,BK Häcken,Sweden
Tom Söderberg,63,CB,,0,2.0,3,63,23,40,23,64,72,"199cm | 6'6""",0,-,-,BK Häcken,Sweden
Marc-André ter Stegen,63,GK,,0,1.0,3,66,65,53,66,60,55,"185cm | 6'1""",0,-,-,Borussia M'gladbach,Germany
Marco Stiepermann,63,CF,,0,3.0,2,72,61,61,64,51,53,"190cm | 6'3""",0,-,-,Borussia Dortmund,Germany
Héctor Yuste Cantón,63,CM,,0,3.0,4,65,48,62,54,63,58,"178cm | 5'10""",0,-,-,Unión Deportiva Salamanca S.A.D.,Spain
Bienvenue Basala-Mazana,63,RB,,0,2.0,4,74,50,60,60,65,57,"184cm | 6'0""",0,-,-,1. FC Köln,Germany
Timo Perthel,63,LB,,0,2.0,3,69,56,63,66,62,62,"183cm | 6'0""",0,-,-,SK Sturm Graz,Germany
Jorge Galán Anaut,63,ST,,0,3.0,3,72,64,47,63,50,62,"173cm | 5'8""",0,-,-,Sociedad Deportiva Huesca S.A.D.,Spain
Mohammed Ahamed,63,ST,,0,3.0,3,78,60,52,65,46,62,"177cm | 5'10""",0,-,-,Tromsø IL,Somalia
Astrit Ajdarevic,63,CAM,,0,2.0,1,70,63,58,66,57,65,"186cm | 6'1""",0,-,-,Örebro SK,Sweden
Dennis Marshall,63,LB,,0,2.0,3,73,38,54,50,63,71,"189cm | 6'2""",0,-,-,Aalborg BK,Costa Rica
Rick ten Voorde,63,ST,,0,2.0,3,69,56,33,70,54,67,"187cm | 6'2""",0,-,-,N.E.C.,Netherlands
Bruno Gabriel Soares,63,CB,,0,2.0,3,62,27,40,43,65,68,"194cm | 6'4""",0,-,-,MSV Duisburg,Brazil
Lorenzo Piqué,63,RB,,0,3.0,3,73,39,57,62,60,60,"180cm | 5'11""",0,-,-,ADO Den Haag,Netherlands
Thomas Delaney,63,CM,,0,2.0,4,60,60,57,63,60,44,"182cm | 6'0""",0,-,-,FC København,Denmark
Julian Koch,63,RB,,0,2.0,3,76,30,55,47,65,63,"184cm | 6'0""",0,-,-,MSV Duisburg,Germany
Lee Hodson,63,RB,,0,3.0,3,69,51,58,59,60,56,"180cm | 5'11""",0,-,-,Watford,England
Sebastián Gallegos,63,CAM,,0,3.0,3,62,66,60,67,35,50,"172cm | 5'8""",0,-,-,Club Atlético de Madrid S.A.D.,Uruguay
Fraser Fyvie,63,CM,,0,2.0,3,65,52,62,63,62,56,"172cm | 5'8""",0,-,-,Aberdeen,Scotland
Henrique Dinis Oliveira Dias,63,CM,,0,3.0,3,66,50,62,57,63,61,"183cm | 6'0""",0,-,-,Vitória de Guimarães,Portugal
Pedro Trigueira,63,GK,,0,1.0,3,63,65,60,63,45,63,"189cm | 6'2""",0,-,-,Rio Ave FC,Portugal
Adam Forshaw,63,RM,,0,2.0,3,65,54,63,55,49,40,"178cm | 5'10""",0,-,-,Everton,England
Stipe Lapić,63,CB,,0,2.0,2,64,39,48,51,63,61,"186cm | 6'1""",0,-,-,Gangwon FC,Croatia
Lasse Sobiech,63,CB,,0,2.0,3,59,48,46,34,65,74,"196cm | 6'5""",0,-,-,Borussia Dortmund,Germany
Nils Pichinot,63,ST,,0,3.0,4,71,56,39,59,50,60,"180cm | 5'11""",0,-,-,FC St. Pauli,Germany
May Mahlangu,63,CM,,0,2.0,3,76,42,57,65,65,57,"173cm | 5'8""",0,-,-,Helsingborgs IF,South Africa
Hugo Mallo,63,RB,,0,2.0,3,75,30,59,54,62,57,"180cm | 5'11""",0,-,-,Real Club Celta de Vigo S.A.D.,Spain
Danny Ward,63,ST,,0,3.0,3,74,58,57,62,49,56,"180cm | 5'11""",0,-,-,Coventry City,England
N'Gala,63,CB,,0,2.0,3,68,50,46,44,66,64,"183cm | 6'0""",0,-,-,Plymouth Argyle,England
Sven Krause,63,ST,,0,2.0,4,60,63,46,58,54,64,"183cm | 6'0""",0,-,-,SC Paderborn 07,Germany
Dmitriy Sokolov,63,CM,,0,2.0,3,62,45,63,68,60,62,"181cm | 5'11""",0,-,-,Amkar Perm,Russia
Marek Bakoš,63,ST,,0,3.0,4,62,62,50,52,51,71,"184cm | 6'0""",0,-,-,Viktoria Plzeň ,Slovakia
Marlon Pereira,63,CDM,,0,3.0,2,69,29,58,55,64,55,"177cm | 5'10""",0,-,-,Willem II,Netherlands
Daniel Kofi Agyei,63,CM,,0,3.0,2,69,50,65,63,60,49,"178cm | 5'10""",0,-,-,Fiorentina,Ghana
Teal Bunbury,63,ST,,0,3.0,3,80,61,43,63,51,68,"188cm | 6'2""",0,-,-,Kansas City Wizards,Canada
Bogdan Müller,63,ST,,0,2.0,3,87,55,44,64,49,58,"184cm | 6'0""",0,-,-,FC Schalke 04,Germany
Erixon Danso,63,LW,,0,3.0,2,74,61,48,69,45,39,"175cm | 5'9""",0,-,-,FC Utrecht,Netherlands
Alex Nkume,63,CB,,0,2.0,3,76,45,43,64,64,62,"185cm | 6'1""",0,-,-,VVV-Venlo,Nigeria
Mattias Adelstam,63,RF,,0,2.0,3,62,65,53,61,49,62,"185cm | 6'1""",0,-,-,Trelleborgs FF,Sweden
Diogo da Costa Oliveira,63,RM,,0,4.0,3,75,59,48,72,46,48,"179cm | 5'10""",0,-,-,Stabæk Fotball,Brazil
Josip Knežević,63,RM,,0,2.0,3,67,54,63,65,48,48,"185cm | 6'1""",0,-,-,Amkar Perm,Croatia
Joakim Våge Nilsen,63,LB,,0,3.0,3,72,59,63,62,63,62,"177cm | 5'10""",0,-,-,FK Haugesund,Norway
Roger Torres,63,CAM,,0,3.0,4,74,63,57,72,44,50,"167cm | 5'6""",0,-,-,Philadelphia Union,Colombia
Jan Hochscheidt,63,CM,,0,2.0,4,75,62,64,64,58,56,"179cm | 5'10""",0,-,-,FC Erzgebirge Aue,Germany
Young Sun Yun,63,CB,,0,2.0,4,70,32,43,42,67,51,"185cm | 6'1""",0,-,-,Seongnam Ilhwa Chunma,Korea Republic
Halil Savran,63,CF,,0,3.0,4,76,59,52,64,55,60,"181cm | 5'11""",0,-,-,1. FC Union Berliln,Germany
Hyung Ho Kim,63,LM,,0,3.0,3,66,55,63,62,64,62,"185cm | 6'1""",0,-,-,Chunnam Dragons,Korea Republic
Vlastimil Karal,63,CDM,,0,3.0,3,70,48,63,58,64,60,"184cm | 6'0""",0,-,-,FC Hradec Králové,Czech Republic
Tomáš Rezek,63,LM,,0,3.0,5,74,53,59,67,55,54,"171cm | 5'7""",0,-,-,FC Hradec Králové,Czech Republic
Samil Cinaz,63,CDM,,0,2.0,3,65,57,57,54,66,68,"187cm | 6'2""",0,-,-,FSV Frankfurt,Germany
Maikel Kieftenbeld,63,RWB,,0,2.0,3,68,42,64,64,60,58,"179cm | 5'10""",0,-,-,FC Groningen,Netherlands
Emmanuel Emenike,63,ST,,0,3.0,3,76,57,52,61,46,61,"182cm | 6'0""",0,-,-,Kardemir Karabükspor,Nigeria
Ali Messaoud,63,CAM,,0,3.0,3,71,69,53,72,53,56,"183cm | 6'0""",0,-,-,AZ Alkmaar,Netherlands
Dragan Georgiev,63,ST,,0,2.0,3,74,60,57,65,46,53,"170cm | 5'7""",0,-,-,SC Paderborn 07,FYR Macedonia
Marko Mitrovic,63,ST,,0,2.0,3,55,66,42,64,57,60,"186cm | 6'1""",0,-,-,Chelsea,Sweden
Birahim Diop,63,ST,,0,2.0,4,66,59,46,59,64,72,"191cm | 6'3""",0,-,-,Kansas City Wizards,Senegal
Nick Barmby,62,CM,,0,3.0,4,55,63,63,65,54,56,"170cm | 5'7""",0,-,-,Hull City,England
Stefani Miglioranzi,62,CM,,0,2.0,4,67,55,57,62,60,62,"185cm | 6'1""",0,-,-,Philadelphia Union,Italy
Nicola Ventola,62,ST,,0,3.0,3,74,60,55,53,56,68,"185cm | 6'1""",0,-,-,Novara,Italy
Kevin Muscat,62,CB,,0,2.0,4,49,52,58,45,64,57,"180cm | 5'11""",0,-,-,Melbourne Victory FC,Australia
Steven McGarry,62,CM,,0,3.0,3,61,58,56,64,56,58,"178cm | 5'10""",0,-,-,Perth Glory FC,Scotland
Dean Holden,62,RB,,0,2.0,3,45,19,54,51,61,72,"185cm | 6'1""",0,-,-,Shrewsbury,England
John Aloisi,62,ST,,0,2.0,3,56,62,52,58,55,70,"183cm | 6'0""",0,-,-,Melbourne Heart FC,Australia
Craig Dargo,62,ST,,0,3.0,3,69,60,44,66,46,53,"168cm | 5'6""",0,-,-,St. Mirren,Scotland
Filippo Cristante,62,CB,,0,2.0,3,63,36,45,44,62,67,"186cm | 6'1""",0,-,-,Portogruaro,Italy
Juan Manuel Peña,62,CB,,0,3.0,3,57,49,50,48,61,62,"183cm | 6'0""",0,-,-,D.C. United,Bolivia
Michael Flynn,62,CM,,0,2.0,4,64,58,56,61,70,64,"178cm | 5'10""",0,-,-,Bradford City,Wales
Thomas Butler,62,RM,,0,3.0,3,65,49,59,69,55,52,"170cm | 5'7""",0,-,-,Swansea City,Republic of Ireland
Clive Platt,62,ST,,0,2.0,3,57,56,32,52,57,78,"193cm | 6'4""",0,-,-,Coventry City,England
Mark Gower,62,CDM,,0,2.0,3,57,58,68,61,61,52,"180cm | 5'11""",0,-,-,Swansea City,England
Russell Duncan,62,CDM,,0,2.0,3,62,45,57,60,60,65,"175cm | 5'9""",0,-,-,Inverness Caledonian Thistle,Scotland
Ross Tokely,62,RB,,0,2.0,3,57,17,47,46,66,74,"191cm | 6'3""",0,-,-,Inverness Caledonian Thistle,Scotland
Stuart Golabek,62,CB,,0,3.0,3,60,42,57,46,59,65,"178cm | 5'10""",0,-,-,Inverness Caledonian Thistle,Scotland
Chris Klein,62,RM,,0,2.0,3,69,63,59,61,63,62,"185cm | 6'1""",0,-,-,Los Angeles Galaxy,United States
Dema Kovalenko,62,CDM,,0,2.0,4,71,64,51,57,67,61,"173cm | 5'8""",0,-,-,Los Angeles Galaxy,Ukraine
Garry Hay,62,LB,,0,2.0,3,57,17,61,45,61,58,"173cm | 5'8""",0,-,-,Kilmarnock,Scotland
Danny Invincibile,62,CF,,0,3.0,3,64,54,55,66,48,65,"183cm | 6'0""",0,-,-,Kilmarnock,Australia
Jo Kuffour,62,ST,,0,3.0,3,81,59,37,61,52,60,"170cm | 5'7""",0,-,-,Bristol Rovers,Ghana
Sam Parkin,62,ST,,0,2.0,4,54,62,41,45,56,70,"188cm | 6'2""",0,-,-,St. Johnstone FC,England
Victor Sikora,62,LW,,0,3.0,4,65,61,59,63,48,47,"173cm | 5'8""",0,-,-,Perth Glory FC,Netherlands
Karl Duguid,62,RM,,0,3.0,4,64,53,61,57,65,60,"180cm | 5'11""",0,-,-,Plymouth Argyle,England
Kemal Izzet,62,CDM,,0,2.0,3,66,41,53,57,63,72,"173cm | 5'8""",0,-,-,Colchester United,England
Steve Mildenhall,62,GK,,0,1.0,3,63,64,66,53,56,67,"193cm | 6'4""",0,-,-,Millwall,England
Richard Mulrooney,62,CDM,,0,2.0,3,63,59,55,59,64,64,"175cm | 5'9""",0,-,-,Houston Dynamo,United States
Craig Disley,62,CM,,0,2.0,3,67,45,64,58,59,67,"180cm | 5'11""",0,-,-,Shrewsbury,England
Chris Hackett,62,RW,,0,2.0,3,82,46,56,62,51,46,"183cm | 6'0""",0,-,-,Millwall,England
Ricardo Filipe Santos Esteves,62,RB,,0,2.0,3,68,58,61,55,65,65,"173cm | 5'8""",0,-,-,C. Funchal,Portugal
Mark Brown,62,GK,,0,1.0,3,61,64,58,66,34,61,"185cm | 6'1""",0,-,-,Hibernian,Scotland
Daniel Nannskog,62,ST,,0,3.0,4,75,62,40,58,46,57,"180cm | 5'11""",0,-,-,Stabæk Fotball,Sweden
Johan Karlsson,62,RB,,0,2.0,4,55,38,57,43,64,61,"176cm | 5'9""",0,-,-,IF Elfsborg,Sweden
Gylfi Einarsson,62,CM,,0,3.0,4,70,60,54,65,58,74,"181cm | 5'11""",0,-,-,SK Brann,Iceland
John Pelu,62,RW,,0,3.0,3,78,59,48,58,50,58,"174cm | 5'9""",0,-,-,FK Haugesund,Sweden
Joachim Lantz,62,CB,,0,2.0,2,67,30,33,32,65,66,"195cm | 6'5""",0,-,-,Kalmar FF,Sweden
Magnus Andersson,62,CM,,0,2.0,3,61,62,62,55,60,58,"181cm | 5'11""",0,-,-,Trelleborgs FF,Sweden
Martin Fribrock,62,LM,,0,2.0,4,65,56,61,61,47,48,"180cm | 5'11""",0,-,-,Esbjerg fB,Sweden
Hjálmar Jónsson,62,LB,,0,3.0,1,64,50,56,53,60,68,"182cm | 6'0""",0,-,-,IFK Göteborg,Iceland
Mark Wilson,62,CM,,0,2.0,3,63,57,59,57,63,66,"180cm | 5'11""",0,-,-,Doncaster Rovers,England
Thomas Gaardsøe,62,CB,,0,2.0,4,54,38,33,38,62,72,"188cm | 6'2""",0,-,-,Esbjerg fB,Denmark
Gary Doherty,62,CB,,0,2.0,3,51,41,36,39,64,74,"188cm | 6'2""",0,-,-,Charlton Athletic,Republic of Ireland
Martin Hardie,62,CAM,,0,3.0,3,60,50,60,62,63,70,"183cm | 6'0""",0,-,-,St. Johnstone FC,Scotland
Radostin Kishishev,62,CDM,,0,2.0,3,55,42,52,51,67,60,"178cm | 5'10""",0,-,-,Brighton &amp; Hove Albion,Bulgaria
Scott Dobie,62,ST,,0,2.0,3,70,58,54,57,50,68,"185cm | 6'1""",0,-,-,St. Johnstone FC,Scotland
Steve Lovell,62,ST,,0,3.0,3,64,61,52,58,55,68,"180cm | 5'11""",0,-,-,Bournemouth,England
Andy Hughes,62,CM,,0,2.0,4,61,49,60,58,63,62,"180cm | 5'11""",0,-,-,Leeds United,England
Andy Monkhouse,62,LW,,0,3.0,3,61,42,66,72,46,32,"188cm | 6'2""",0,-,-,Hartlepool United,England
Alan Navarro,62,CDM,,0,2.0,3,61,47,58,51,60,64,"178cm | 5'10""",0,-,-,Brighton &amp; Hove Albion,England
Ian Westlake,62,LM,,0,2.0,3,61,59,62,60,56,42,"178cm | 5'10""",0,-,-,Wycombe Wanderers,England
Mark Wright,62,RW,,0,3.0,2,76,47,58,62,50,49,"180cm | 5'11""",0,-,-,Shrewsbury,England
Matt Richards,62,LB,,0,2.0,3,65,57,65,53,64,56,"173cm | 5'8""",0,-,-,Walsall,England
Patrick Agyemang,62,ST,,0,3.0,3,70,58,35,59,58,69,"185cm | 6'1""",0,-,-,Queens Park Rangers,England
Rob Kozluk,62,RB,,0,2.0,4,72,46,46,51,64,69,"173cm | 5'8""",0,-,-,Sheffield United,England
Tom Williams,62,LB,,0,2.0,4,69,50,48,59,65,66,"180cm | 5'11""",0,-,-,Bristol City,Cyprus
Jay Tabb,62,CM,,0,3.0,4,71,59,66,64,58,46,"170cm | 5'7""",0,-,-,Reading,Republic of Ireland
Najeh Braham,62,ST,,0,2.0,3,65,60,47,57,54,69,"186cm | 6'1""",0,-,-,FC Erzgebirge Aue,Tunisia
Ralf Keidel,62,RB,,0,2.0,4,63,68,65,56,66,64,"180cm | 5'11""",0,-,-,FC Ingolstadt 04,Germany
Marlon Broomes,62,CB,,0,2.0,3,59,24,51,42,58,68,"183cm | 6'0""",0,-,-,Tranmere Rovers,England
Mahamet Diagouraga,62,CB,,0,2.0,2,72,42,57,33,62,60,"188cm | 6'2""",0,-,-,Modena,France
Barry Roche,62,GK,,0,1.0,3,61,64,57,65,60,60,"193cm | 6'4""",0,-,-,Morecambe,Republic of Ireland
Anders Østli,62,CB,,0,2.0,3,50,47,53,52,61,62,"185cm | 6'1""",0,-,-,SønderjyskE,Norway
Aleksandar Vuković,62,CDM,,0,2.0,3,55,55,64,54,59,60,"186cm | 6'1""",0,-,-,Korona Kielce,Serbia
Piotr Brożek,62,LM,,0,3.0,4,67,50,59,62,55,48,"178cm | 5'10""",0,-,-,Wisła Kraków,Poland
Andrew Frampton,62,LB,,0,2.0,3,55,46,66,51,61,68,"180cm | 5'11""",0,-,-,Leyton Orient,England
Gianluca Pegolo,62,GK,,0,1.0,1,57,68,58,66,47,60,"182cm | 6'0""",0,-,-,Siena,Italy
René Renno,62,GK,,0,1.0,3,63,58,61,61,55,64,"186cm | 6'1""",0,-,-,Energie Cottbus,Germany
Juan Cruz Ochoa López,62,CB,,0,2.0,3,54,42,50,44,59,60,"191cm | 6'3""",0,-,-,Sociedad Deportiva Huesca S.A.D.,Spain
José Joaquín Moreno Verdú,62,CDM,,0,2.0,3,51,48,63,55,63,48,"177cm | 5'10""",0,-,-,Unión Deportiva Las Palmas S.A.D.,Spain
Simon Ramsden,62,RB,,0,2.0,3,67,42,49,55,67,64,"183cm | 6'0""",0,-,-,Bradford City,England
C. Emilio Torres Ruiz,62,RB,,0,2.0,3,67,56,62,55,63,52,"180cm | 5'11""",0,-,-,Gimnàstic de Tarragona S.A.D.,Spain
Jérémy Stinat,62,RB,,0,2.0,4,69,46,63,53,64,54,"172cm | 5'8""",0,-,-,Stade Lavallois Mayenne FC,France
Romain Larrieu,62,GK,,0,1.0,3,62,65,63,60,35,63,"188cm | 6'2""",0,-,-,Plymouth Argyle,France
Michel Renggli,62,CDM,,0,2.0,3,65,58,58,64,64,63,"180cm | 5'11""",0,-,-,FC Luzern,Switzerland
Eduardo Moya Castillo,62,RB,,0,2.0,4,74,50,59,60,61,54,"175cm | 5'9""",0,-,-,Xerez Club Deportivo S.A.D.,Spain
Matthias Heidrich,62,CDM,,0,2.0,3,63,52,55,57,63,66,"186cm | 6'1""",0,-,-,VfL Osnabrück,Germany
Marco Kurth,62,CDM,,0,2.0,3,70,54,60,61,62,50,"178cm | 5'10""",0,-,-,Energie Cottbus,Germany
Ian Henderson,62,RW,,0,3.0,4,72,58,48,67,49,48,"179cm | 5'10""",0,-,-,Colchester United,England
Stefan Ålander,62,CDM,,0,2.0,3,63,50,52,48,65,66,"186cm | 6'1""",0,-,-,Kalmar FF,Sweden
Christian Müller,62,RWB,,0,2.0,4,81,59,62,62,58,61,"183cm | 6'0""",0,-,-,FSV Frankfurt,Germany
Anthony Obodai,62,CDM,,0,2.0,3,73,51,54,58,61,64,"170cm | 5'7""",0,-,-,Houston Dynamo,Ghana
Alberto Maria Fontana,62,GK,,0,1.0,1,63,64,42,63,55,63,"188cm | 6'2""",0,-,-,Novara,Italy
David Gutiérrez de Coz,62,RB,,0,2.0,3,72,43,51,42,61,57,"179cm | 5'10""",0,-,-,Córdoba Club de Fútbol S.A.D.,Spain
Marcus Hall,62,LB,,0,2.0,2,49,39,56,53,64,58,"185cm | 6'1""",0,-,-,Northampton Town,England
Eric Marester,62,RB,,0,2.0,3,71,61,63,64,54,62,"172cm | 5'8""",0,-,-,ESTAC,France
Do Namkung,62,ST,,0,2.0,3,61,60,45,57,52,66,"186cm | 6'1""",0,-,-,Seongnam Ilhwa Chunma,Korea Republic
Sebastian Hofmann,62,ST,,0,2.0,4,67,59,48,61,55,64,"186cm | 6'1""",0,-,-,FC Ingolstadt 04,Germany
Carlo Luisi,62,CM,,0,3.0,3,71,52,62,62,61,45,"177cm | 5'10""",0,-,-,Modena,Italy
Thomas Burgstaller,62,CB,,0,2.0,3,58,42,39,37,60,70,"192cm | 6'4""",0,-,-,SK Sturm Graz,Austria
Shavar Thomas,62,CB,,0,2.0,3,69,37,38,50,61,66,"185cm | 6'1""",0,-,-,Kansas City Wizards,Jamaica
Jack Jewsbury,62,CM,,0,2.0,3,72,57,61,61,63,62,"183cm | 6'0""",0,-,-,Kansas City Wizards,United States
Chris Clark,62,LM,,0,3.0,4,73,55,61,57,58,40,"180cm | 5'11""",0,-,-,Plymouth Argyle,Scotland
Kevin Rutkiewicz,62,CB,,0,3.0,3,57,22,39,47,62,64,"185cm | 6'1""",0,-,-,St. Johnstone FC,Scotland
Ryan Esson,62,GK,,0,1.0,3,61,66,58,61,31,63,"188cm | 6'2""",0,-,-,Inverness Caledonian Thistle,Scotland
Arron Davies,62,RW,,0,3.0,4,73,52,52,65,49,52,"175cm | 5'9""",0,-,-,Peterborough United,Wales
Ángel Sánchez Martín,62,LB,,0,2.0,3,63,37,56,58,62,56,"180cm | 5'11""",0,-,-,Agrupación Deportiva Alcorcón,Spain
David van Zanten,62,RWB,,0,2.0,2,64,35,65,57,60,64,"178cm | 5'10""",0,-,-,St. Mirren,Republic of Ireland
Loïc Guillon,62,CB,,0,2.0,3,55,47,52,48,61,70,"186cm | 6'1""",0,-,-,Vannes OC,France
Chris O'Grady,62,ST,,0,3.0,2,72,58,38,58,55,68,"191cm | 6'3""",0,-,-,Rochdale,England
Ji Hyuk Kim,62,GK,,0,1.0,2,61,64,49,62,54,62,"187cm | 6'2""",0,-,-,Gwangju Sangmu FC,Korea Republic
Roberto Vitiello,62,RB,,0,2.0,3,68,44,55,40,60,66,"176cm | 5'9""",0,-,-,Siena,Italy
Julien Viale,62,ST,,0,3.0,3,63,60,41,57,49,62,"180cm | 5'11""",0,-,-,AC Ajaccio,France
Pat Baldwin,62,CB,,0,2.0,3,64,31,46,57,62,69,"183cm | 6'0""",0,-,-,Colchester United,England
Graeme Smith,62,GK,,0,1.0,3,59,66,61,64,47,63,"188cm | 6'2""",0,-,-,St. Johnstone FC,Scotland
Jon-Paul McGovern,62,RM,,0,3.0,3,59,47,63,67,51,52,"173cm | 5'8""",0,-,-,Swindon Town,Scotland
Dzhambulad Bazaev,62,RM,,0,3.0,3,59,65,59,65,59,52,"179cm | 5'10""",0,-,-,Alaniya Vladikavkaz,Russia
Florin Cernat,62,CM,,0,3.0,3,61,66,72,62,56,40,"168cm | 5'6""",0,-,-,Kardemir Karabükspor,Romania
Martin Stocklasa,62,CB,,0,2.0,3,56,33,45,30,63,66,"191cm | 6'3""",0,-,-,SV Josko Fenst. Ried,Liechtenstein
Erman Özgür,62,CDM,,0,2.0,3,70,53,65,61,63,60,"180cm | 5'11""",0,-,-,Gaziantepspor,Turkey
Yavuz Özkan,62,GK,,0,1.0,1,62,61,56,67,39,58,"190cm | 6'3""",0,-,-,Bursaspor,Turkey
Kristian Bergström,62,CM,,0,2.0,3,48,68,76,66,50,38,"175cm | 5'9""",0,-,-,Åtvidabergs FF ,Sweden
Alessandro Iandoli,62,LWB,,0,2.0,3,70,57,58,65,63,51,"181cm | 5'11""",0,-,-,KAS Eupen,Switzerland
Marco Navas González,62,RW,,0,3.0,3,77,53,53,63,51,55,"175cm | 5'9""",0,-,-,Sociedad Deportiva Huesca S.A.D.,Spain
Babis Stefanidis,62,RM,,0,3.0,3,65,48,57,69,51,56,"179cm | 5'10""",0,-,-,IF Brommapojkarna,Sweden
Vicente Pérez Madrid,62,LM,,0,3.0,3,65,61,64,60,54,56,"179cm | 5'10""",0,-,-,Gimnàstic de Tarragona S.A.D.,Spain
Rubén Vega Fuentes,62,CAM,,0,3.0,3,60,64,57,61,54,56,"186cm | 6'1""",0,-,-,Sociedad Deportiva Ponferradina S.A.D,Spain
Francisco Flores Gómez,62,RM,,0,2.0,3,72,53,55,64,60,57,"175cm | 5'9""",0,-,-,Girona Fútbol Club S.A.D. ,Spain
Luis Castro Rodríguez,62,RB,,0,2.0,3,74,42,58,55,59,61,"174cm | 5'9""",0,-,-,Unión Deportiva Salamanca S.A.D.,Spain
José Luis Cabrera Cava,62,CDM,,0,2.0,3,55,46,59,55,67,52,"193cm | 6'4""",0,-,-,Córdoba Club de Fútbol S.A.D.,Spain
Hipólito Fernández Serrano,62,LB,,0,2.0,2,58,40,57,48,60,70,"185cm | 6'1""",0,-,-,R.C. Recreativo,Spain
Igor Usminskiy,62,GK,,0,1.0,2,64,59,64,66,46,61,"187cm | 6'2""",0,-,-,Amkar Perm,Russia
Francisco J. Lledó Llano,62,GK,,0,1.0,2,62,61,67,62,56,62,"186cm | 6'1""",0,-,-,Xerez Club Deportivo S.A.D.,Spain
Tomas Vychodil,62,CB,,0,2.0,3,59,42,41,43,67,56,"184cm | 6'0""",0,-,-,Sibir Novosibirsk,Czech Republic
Aslan Mashukov,62,CDM,,0,2.0,3,62,56,65,51,65,62,"182cm | 6'0""",0,-,-,Alaniya Vladikavkaz,Russia
Martin Horak,62,CB,,0,3.0,3,62,42,57,56,59,68,"185cm | 6'1""",0,-,-,Sibir Novosibirsk,Czech Republic
Pål Steffen Andresen,62,CB,,0,2.0,4,76,46,41,36,61,67,"188cm | 6'2""",0,-,-,Lillestrøm SK,Norway
Magnus Kihlberg,62,CDM,,0,2.0,4,49,62,58,46,62,62,"181cm | 5'11""",0,-,-,Örebro SK,Sweden
Garry De Graef,62,LB,,0,2.0,3,62,47,58,61,60,55,"170cm | 5'7""",0,-,-,Lierse SK,Belgium
Mattia Graffiedi,62,ST,,0,3.0,3,63,60,47,64,55,64,"180cm | 5'11""",0,-,-,Piacenza,Italy
Jason McGuinness,62,CB,,0,2.0,3,59,45,47,50,62,65,"185cm | 6'1""",0,-,-,Bohemians FC,Republic of Ireland
Alan Bennett,62,CB,,0,2.0,3,47,28,35,29,61,64,"187cm | 6'2""",0,-,-,Wycombe Wanderers,Republic of Ireland
Jean-François Rivière,62,ST,,0,2.0,4,65,58,66,58,45,60,"180cm | 5'11""",0,-,-,AC Ajaccio,France
Jérôme Lafourcade,62,ST,,0,2.0,3,62,62,51,54,48,64,"184cm | 6'0""",0,-,-,La Berrichonne de Châteauroux,France
Markus Halsti,62,CB,,0,2.0,3,60,39,59,50,59,62,"184cm | 6'0""",0,-,-,Malmö FF,Finland
Kenneth Fabricius,62,CF,,0,3.0,3,73,59,49,58,55,54,"182cm | 6'0""",0,-,-,SønderjyskE,Denmark
Dominique Taboga,62,CB,,0,2.0,4,66,32,45,45,61,66,"187cm | 6'2""",0,-,-,KSV Superfund,Austria
Hannes Aigner,62,ST,,0,2.0,3,64,59,48,54,51,70,"185cm | 6'1""",0,-,-,SC Magna Wiener Neustadt,Austria
Hans Åge Yndestad,62,LB,,0,2.0,3,77,48,58,50,60,60,"175cm | 5'9""",0,-,-,Tromsø IL,Norway
Liam Chilvers,62,CB,,0,2.0,3,65,31,48,36,63,66,"185cm | 6'1""",0,-,-,Notts County,England
Steven Thomson,62,CM,,0,2.0,3,63,49,62,65,67,43,"173cm | 5'8""",0,-,-,St. Mirren,Scotland
Danny Murphy,62,LB,,0,2.0,3,60,46,60,47,57,56,"168cm | 5'6""",0,-,-,Shamrock Rovers,Republic of Ireland
Omar Daley,62,RM,,0,2.0,3,86,50,55,62,47,50,"175cm | 5'9""",0,-,-,Bradford City,Jamaica
Johnnie Jackson,62,CM,,0,3.0,3,64,65,65,56,58,72,"185cm | 6'1""",0,-,-,Charlton Athletic,England
Sang Ho Lee,62,RB,,0,2.0,3,74,49,50,56,64,60,"175cm | 5'9""",0,-,-,Jeju United FC,Korea Republic
Chul Joon Ma,62,CDM,,0,2.0,2,71,46,58,56,60,50,"180cm | 5'11""",0,-,-,Jeju United FC,Korea Republic
Alfredo Cariello,62,LM,,0,3.0,3,66,54,60,62,60,59,"177cm | 5'10""",0,-,-,Frosinone,Italy
Olav Tuelo Johannesen,62,ST,,0,3.0,4,75,60,55,67,45,55,"179cm | 5'10""",0,-,-,Kongsvinger IL Toppfotball,Norway
Tae Su Kim,62,CM,,0,2.0,3,67,54,63,56,62,59,"180cm | 5'11""",0,-,-,Pohang Steelers,Korea Republic
Lance Davids,62,RB,,0,3.0,3,76,51,62,62,63,52,"174cm | 5'9""",0,-,-,Lierse SK,South Africa
Carl Ikeme,62,GK,,0,1.0,3,62,64,57,68,50,52,"188cm | 6'2""",0,-,-,Wolverhampton Wanderers,England
Jin Ho Lee,62,ST,,0,3.0,3,62,54,49,67,55,67,"184cm | 6'0""",0,-,-,Pohang Steelers,Korea Republic
Kevin McBride,62,CM,,0,3.0,2,75,45,62,63,65,60,"178cm | 5'10""",0,-,-,Hibernian,Scotland
Shaun Cooper,62,RB,,0,2.0,3,73,29,62,48,61,50,"178cm | 5'10""",0,-,-,Bournemouth,England
Lewis Buxton,62,RB,,0,2.0,3,69,35,38,38,65,72,"185cm | 6'1""",0,-,-,Sheffield Wednesday,England
Daniel McBreen,62,ST,,0,2.0,3,62,57,23,53,58,76,"186cm | 6'1""",0,-,-,Central Coast Mariners FC,Australia
Yvan Bourgis,62,RB,,0,2.0,3,63,36,58,40,60,56,"169cm | 5'7""",0,-,-,Stade Brestois 29,France
Charles Diers,62,CAM,,0,3.0,4,67,55,62,68,49,55,"185cm | 6'1""",0,-,-,Angers SCO,France
Yohan Eudeline,62,RM,,0,2.0,3,65,58,64,60,52,60,"181cm | 5'11""",0,-,-,CS Sedan Ardennes,France
Ricardo Álvarez Puig,62,CB,,0,2.0,3,54,32,48,38,64,56,"184cm | 6'0""",0,-,-,Córdoba Club de Fútbol S.A.D.,Spain
Sean Dillon,62,RB,,0,2.0,4,60,38,59,46,64,65,"183cm | 6'0""",0,-,-,Dundee United,Republic of Ireland
Rutger Worm,62,CF,,0,3.0,3,77,60,48,63,51,60,"180cm | 5'11""",0,-,-,Melbourne Heart FC,Netherlands
Enoch Showunmi,62,ST,,0,3.0,3,75,57,39,65,61,61,"196cm | 6'5""",0,-,-,Tranmere Rovers,Nigeria
Jérémy De Vriendt,62,GK,,0,1.0,3,63,62,62,63,49,61,"186cm | 6'1""",0,-,-,KV Mechelen,Belgium
Mark Edusei,62,CDM,,0,2.0,2,57,56,59,58,64,62,"177cm | 5'10""",0,-,-,AC Bellinzona,Ghana
Thomas Bröker,62,ST,,0,2.0,3,81,59,44,55,57,64,"186cm | 6'1""",0,-,-,Fortuna Düsseldorf,Germany
Morten Bertolt,62,CM,,0,2.0,3,64,53,66,55,56,54,"187cm | 6'2""",0,-,-,Lyngby BK,Denmark
Roberto Colombo,62,GK,,0,1.0,1,60,60,55,65,50,65,"190cm | 6'3""",0,-,-,Trieste,Italy
René Gartler,62,ST,,0,2.0,3,71,57,47,63,52,65,"181cm | 5'11""",0,-,-,SK Rapid Wien,Austria
Orlando Dos Santos Costa,62,LF,,0,3.0,4,69,55,55,71,59,59,"187cm | 6'2""",0,-,-,Royal Charleroi SC,Brazil
Marc Fitzpatrick,62,CM,,0,3.0,2,68,54,65,68,58,50,"183cm | 6'0""",0,-,-,Motherwell,Scotland
Seweryn Gancarczyk,62,LB,,0,2.0,2,71,50,55,55,67,49,"181cm | 5'11""",0,-,-,Lech Poznań,Poland
Veliče Šhumulikoski,62,CDM,,0,2.0,3,63,57,60,60,60,62,"182cm | 6'0""",0,-,-,Sibir Novosibirsk,FYR Macedonia
Yacine Hima,62,CM,,0,2.0,3,65,60,64,62,59,59,"179cm | 5'10""",0,-,-,KAS Eupen,Algeria
Benoît Benvegnu,62,GK,,0,1.0,3,65,59,71,62,52,61,"184cm | 6'0""",0,-,-,Vannes OC,France
Andreas Dober,62,RB,,0,2.0,2,73,53,54,59,65,62,"182cm | 6'0""",0,-,-,SK Rapid Wien,Austria
David Ousted,62,GK,,0,1.0,3,70,64,55,66,57,51,"192cm | 6'4""",0,-,-,Randers FC,Denmark
Pablo Gallardo Zurera,62,CB,,0,2.0,3,65,39,42,47,63,66,"184cm | 6'0""",0,-,-,R.C. Recreativo,Spain
Timothy Dreesen,62,CB,,0,2.0,3,51,45,57,47,63,60,"190cm | 6'3""",0,-,-,Lierse SK,Belgium
Radoslaw Cierzniak,62,GK,,0,1.0,2,59,62,51,68,56,64,"187cm | 6'2""",0,-,-,Korona Kielce,Poland
Paweł Sasin,62,RM,,0,3.0,3,71,45,57,62,60,42,"177cm | 5'10""",0,-,-,Cracovia Kraków,Poland
Magnus Okuonghae,62,CB,,0,2.0,3,75,32,47,40,64,70,"191cm | 6'3""",0,-,-,Colchester United,Nigeria
Matthew Bates,62,CB,,0,2.0,3,68,37,35,50,59,68,"178cm | 5'10""",0,-,-,Middlesbrough,England
Alan McCormack,62,CM,,0,2.0,4,65,62,65,61,56,46,"173cm | 5'8""",0,-,-,Charlton Athletic,Republic of Ireland
Matty Robson,62,LW,,0,2.0,3,73,50,60,62,54,54,"175cm | 5'9""",0,-,-,Carlisle United,England
Michael Higdon,62,ST,,0,2.0,3,59,58,52,62,51,74,"185cm | 6'1""",0,-,-,St. Mirren,England
Michael Kleppe Jamtfall,62,LW,,0,2.0,3,78,56,42,64,49,50,"183cm | 6'0""",0,-,-,Rosenborg BK,Norway
Steve Banks,62,GK,,0,1.0,3,62,63,61,64,45,61,"183cm | 6'0""",0,-,-,Dundee United,England
Abdoulaye Baldé,62,ST,,0,3.0,3,73,59,52,60,52,60,"183cm | 6'0""",0,-,-,La Berrichonne de Châteauroux,France
Steven Gillespie,62,ST,,0,3.0,3,73,64,33,64,45,46,"175cm | 5'9""",0,-,-,Colchester United,England
Joe Anyinsah,62,RW,,0,3.0,4,79,55,54,59,52,57,"178cm | 5'10""",0,-,-,Charlton Athletic,England
John McCombe,62,CB,,0,2.0,3,66,32,45,33,61,70,"188cm | 6'2""",0,-,-,Port Vale,England
Andrea Cristiano,62,CAM,,0,2.0,3,70,58,60,59,53,64,"182cm | 6'0""",0,-,-,Ascoli,Italy
Anselmo Tadeu Silva do Nascimento,62,ST,,0,2.0,3,66,58,46,61,53,61,"182cm | 6'0""",0,-,-,Halmstads BK,Brazil
Henrich Bencik,62,ST,,0,3.0,3,64,59,37,60,48,63,"188cm | 6'2""",0,-,-,VfL Osnabrück,Slovakia
Hunter Freeman,62,RWB,,0,2.0,3,74,52,64,59,63,54,"180cm | 5'11""",0,-,-,IK Start,United States
Tim Ward,62,RB,,0,3.0,4,69,54,59,59,63,61,"183cm | 6'0""",0,-,-,San Jose Earthquakes,United States
Craig Davies,62,ST,,0,2.0,3,75,55,32,54,52,82,"188cm | 6'2""",0,-,-,Chesterfield,Wales
Florian Marange,62,LWB,,0,2.0,2,75,42,57,59,59,68,"176cm | 5'9""",0,-,-,Girondins de Bordeaux,France
Emanuele Pesoli,62,CB,,0,2.0,3,59,38,49,39,61,65,"187cm | 6'2""",0,-,-,Varese,Italy
Frazer Wright,62,CB,,0,2.0,3,60,34,57,54,62,64,"178cm | 5'10""",0,-,-,Kilmarnock,Scotland
Marcin Drzymont,62,CB,,0,2.0,3,58,50,53,45,64,62,"188cm | 6'2""",0,-,-,GKS Bełchatów,Poland
Jason Kennedy,62,CM,,0,2.0,3,71,55,60,59,63,60,"185cm | 6'1""",0,-,-,Rochdale,England
Sung Yo Hong,62,CB,,0,2.0,3,60,30,48,32,58,66,"185cm | 6'1""",0,-,-,Busan I'Park,Korea Republic
Woo Hyun Park,62,CB,,0,2.0,3,62,43,42,42,63,60,"179cm | 5'10""",0,-,-,Busan I'Park,Korea Republic
Kwang Jin Jeon,62,CDM,,0,3.0,3,63,50,61,53,61,52,"179cm | 5'10""",0,-,-,Seongnam Ilhwa Chunma,Korea Republic
Tim Brown,62,CM,,0,2.0,3,65,52,58,53,68,64,"185cm | 6'1""",0,-,-,Wellington Phoenix,New Zealand
Scott Palguta,62,CB,,0,2.0,3,67,27,37,39,59,66,"188cm | 6'2""",0,-,-,Colorado Rapids,United States
Barry Murphy,62,GK,,0,1.0,2,60,62,60,68,34,61,"180cm | 5'11""",0,-,-,Bohemians FC,Republic of Ireland
David Sencar,62,CAM,,0,3.0,3,68,58,60,65,60,56,"176cm | 5'9""",0,-,-,KSV Superfund,Austria
James Keene,62,ST,,0,2.0,3,73,58,55,46,61,59,"179cm | 5'10""",0,-,-,IF Elfsborg,England
Dmitriy Ivanov,62,LM,,0,2.0,4,67,50,59,65,60,56,"182cm | 6'0""",0,-,-,Anzhi Makhachkala,Russia
Alexey Aravin,62,RM,,0,2.0,4,64,53,60,63,57,47,"185cm | 6'1""",0,-,-,Sibir Novosibirsk,Russia
Cameron Bell,62,GK,,0,1.0,2,62,62,54,66,24,61,"180cm | 5'11""",0,-,-,Kilmarnock,Scotland
Anthony Grant,62,CDM,,0,2.0,3,72,48,55,58,68,64,"178cm | 5'10""",0,-,-,Southend United,England
Danijel Milicevic,62,CAM,,0,3.0,4,66,58,63,63,41,46,"171cm | 5'7""",0,-,-,KAS Eupen,Switzerland
David Barron,62,RB,,0,2.0,3,60,20,56,53,61,66,"178cm | 5'10""",0,-,-,St. Mirren,Scotland
Frank Fielding,62,GK,,0,1.0,2,71,58,53,66,53,52,"185cm | 6'1""",0,-,-,Blackburn Rovers,England
Lee Peltier,62,RB,,0,3.0,3,70,35,60,66,60,62,"178cm | 5'10""",0,-,-,Huddersfield Town,England
Harry Worley,62,CB,,0,2.0,2,61,32,43,39,56,72,"194cm | 6'4""",0,-,-,Oxford United FC,England
Niels Hansen,62,CDM,,0,2.0,3,60,38,50,48,64,68,"186cm | 6'1""",0,-,-,VfL Osnabrück,Germany
Steffen Wohlfarth,62,ST,,0,3.0,4,65,61,54,64,55,63,"186cm | 6'1""",0,-,-,FC Ingolstadt 04,Germany
Ryan Shotton,62,CB,,0,2.0,3,63,27,40,36,57,63,"191cm | 6'3""",0,-,-,Stoke City,England
Stephen Gleeson,62,CM,,0,2.0,4,74,49,63,54,61,52,"175cm | 5'9""",0,-,-,Milton Keynes Dons,Republic of Ireland
Jon-Paul Pittman,62,CF,,0,3.0,3,81,55,48,60,49,52,"176cm | 5'9""",0,-,-,Wycombe Wanderers,United States
Elliot Benyon,62,ST,,0,3.0,4,67,63,39,53,45,56,"175cm | 5'9""",0,-,-,Torquay United,England
Francis N'Ganga,62,LB,,0,2.0,2,71,46,60,48,64,55,"176cm | 5'9""",0,-,-,Tours FC,Congo
Jamie MacDonald,62,GK,,0,1.0,1,60,61,61,67,22,64,"185cm | 6'1""",0,-,-,Heart of Midlothian,Scotland
Marc Heitmeier,62,CB,,0,2.0,4,63,51,47,45,62,66,"185cm | 6'1""",0,-,-,FSV Frankfurt,Germany
Shaun MacDonald,62,RM,,0,2.0,3,69,52,59,68,48,46,"185cm | 6'1""",0,-,-,Yeovil Town,Wales
Mikkel Andersen,62,GK,,0,1.0,3,64,59,61,63,37,63,"196cm | 6'5""",0,-,-,Bristol Rovers,Denmark
Andrea Mengoni,62,CB,,0,2.0,3,69,40,35,44,64,66,"178cm | 5'10""",0,-,-,Pescara,Italy
Jussi Kujala,62,CM,,0,3.0,4,65,53,61,59,61,61,"183cm | 6'0""",0,-,-,De Graafschap,Finland
Kevin Lejeune,62,LM,,0,2.0,2,66,53,61,66,53,50,"181cm | 5'11""",0,-,-,Tours FC,France
Baptiste Martin,62,CB,,0,2.0,3,57,38,48,35,62,60,"186cm | 6'1""",0,-,-,KV Kortrijk,France
Louis Dodds,62,ST,,0,3.0,4,68,58,54,63,51,65,"178cm | 5'10""",0,-,-,Port Vale,England
James Troisi,62,CAM,,0,3.0,4,74,60,53,65,52,52,"178cm | 5'10""",0,-,-,Kayserispor,Australia
Mikel Dañobeitia Martín,62,RM,,0,3.0,4,69,62,54,71,48,49,"179cm | 5'10""",0,-,-,Córdoba Club de Fútbol S.A.D.,Spain
Miguel Dachelet,62,CB,,0,2.0,3,65,34,51,44,60,61,"182cm | 6'0""",0,-,-,SV Zulte-Waregem,Belgium
Crespo,62,RB,,0,2.0,3,75,45,54,57,62,64,"183cm | 6'0""",0,-,-,Padua,Spain
Marcos Painter,62,LB,,0,2.0,3,60,29,57,51,63,62,"183cm | 6'0""",0,-,-,Brighton &amp; Hove Albion,Republic of Ireland
Alberto Frison,62,GK,,0,1.0,2,61,60,59,64,50,64,"190cm | 6'3""",0,-,-,Vicenza,Italy
Alessio Manzoni,62,CM,,0,3.0,3,65,56,60,62,55,56,"177cm | 5'10""",0,-,-,A. Leffe,Italy
Francesco Volpe,62,ST,,0,2.0,3,64,56,50,60,57,54,"180cm | 5'11""",0,-,-,Livorno,Italy
Jeff Hughes,62,LM,,0,3.0,2,72,53,62,64,49,54,"183cm | 6'0""",0,-,-,Bristol Rovers,Northern Ireland
Trevor Trevisan,62,CB,,0,2.0,3,69,36,43,43,65,70,"186cm | 6'1""",0,-,-,Padua,Italy
Lloyd James,62,CM,,0,2.0,3,69,35,67,51,62,59,"178cm | 5'10""",0,-,-,Colchester United,Wales
Ben Amos,62,GK,,0,1.0,2,62,63,65,74,50,54,"187cm | 6'2""",0,-,-,Manchester United,England
Neil Taylor,62,LB,,0,2.0,2,67,41,59,55,63,62,"173cm | 5'8""",0,-,-,Swansea City,Wales
Wayne Brown,62,CAM,,0,3.0,2,70,61,58,70,44,56,"166cm | 5'5""",0,-,-,Bristol Rovers,England
Chris Martin,62,GK,,0,1.0,3,61,62,61,63,65,65,"183cm | 6'0""",0,-,-,Port Vale,England
Sam Baldock,62,ST,,0,2.0,3,76,58,43,61,50,54,"170cm | 5'7""",0,-,-,Milton Keynes Dons,England
Steven Old,62,CB,,0,2.0,3,56,24,45,53,63,70,"191cm | 6'3""",0,-,-,Kilmarnock,New Zealand
Glen Moss,62,GK,,0,1.0,3,64,60,52,68,59,56,"187cm | 6'2""",0,-,-,Gold Coast United,New Zealand
Ibrahima Sory Camara,62,LB,,0,2.0,4,75,40,69,61,61,64,"169cm | 5'7""",0,-,-,KAS Eupen,Guinea
Lewis Stevenson,62,LB,,0,2.0,4,57,23,51,65,55,60,"170cm | 5'7""",0,-,-,Hibernian,Scotland
Rene Gilmartin,62,GK,,0,1.0,3,70,54,54,65,52,58,"196cm | 6'5""",0,-,-,Watford,Republic of Ireland
Lovre Vulin,62,LB,,0,2.0,3,66,52,58,60,62,63,"187cm | 6'2""",0,-,-,Slovan Liberec,Croatia
Rafal Boguski,62,CF,,0,2.0,3,68,58,58,59,57,52,"173cm | 5'8""",0,-,-,Wisła Kraków,Poland
Calen Carr,62,ST,,0,3.0,3,80,57,46,65,50,59,"183cm | 6'0""",0,-,-,Chicago Fire,United States
Rasmus Hansen,62,CDM,,0,2.0,3,56,50,58,51,64,62,"183cm | 6'0""",0,-,-,SønderjyskE,Denmark
Nam Seok Jang,62,CF,,0,2.0,4,54,63,49,58,52,59,"180cm | 5'11""",0,-,-,Daegu FC,Korea Republic
Dong Chan Kim,62,CF,,0,2.0,3,71,56,53,64,55,64,"168cm | 5'6""",0,-,-,GyeongNam FC,Korea Republic
Ki Jong Bae,62,ST,,0,3.0,3,73,59,56,64,47,52,"180cm | 5'11""",0,-,-,Jeju United FC,Korea Republic
Hee Chul Park,62,LM,,0,2.0,3,71,50,64,57,59,54,"179cm | 5'10""",0,-,-,Pohang Steelers,Korea Republic
Benny Lekström,62,GK,,0,1.0,2,63,64,54,67,39,57,"191cm | 6'3""",0,-,-,IF Brommapojkarna,Sweden
Edward Ofere,62,ST,,0,2.0,4,71,59,48,55,63,68,"189cm | 6'2""",0,-,-,Lecce,Nigeria
Liam Dickinson,62,ST,,0,2.0,3,63,62,43,53,57,72,"193cm | 6'4""",0,-,-,Barnsley,England
Robert Fleßers,62,CDM,,0,2.0,4,63,49,54,49,62,64,"188cm | 6'2""",0,-,-,FC Ingolstadt 04,Germany
Patrick Mölzl,62,CDM,,0,2.0,3,64,61,61,59,62,59,"176cm | 5'9""",0,-,-,FC Ingolstadt 04,Germany
Robert Strauß,62,ST,,0,2.0,3,75,58,53,62,52,64,"174cm | 5'9""",0,-,-,FC Erzgebirge Aue,Germany
Daniel Masuch,62,GK,,0,1.0,3,59,63,60,62,45,62,"190cm | 6'3""",0,-,-,SC Paderborn 07,Germany
Stephan Fürstner,62,CM,,0,2.0,4,65,47,59,60,62,54,"178cm | 5'10""",0,-,-,SpVgg Greuther Fürth,Germany
Robert Åhman Persson,62,CDM,,0,2.0,1,66,49,58,58,59,61,"188cm | 6'2""",0,-,-,A. Solna,Sweden
Dominic Oduro,62,ST,,0,3.0,3,91,55,34,58,46,59,"183cm | 6'0""",0,-,-,Houston Dynamo,Ghana
Andrea Milani,62,RB,,0,2.0,2,77,43,58,55,63,62,"174cm | 5'9""",0,-,-,Modena,Italy
Josh Wright,62,CM,,0,2.0,3,63,56,61,66,63,54,"185cm | 6'1""",0,-,-,Scunthorpe United,England
Peter Brezovan,62,GK,,0,1.0,2,66,63,57,72,21,54,"198cm | 6'6""",0,-,-,Brighton &amp; Hove Albion,Slovakia
Kiko Casilla,62,GK,,0,1.0,2,62,65,61,61,46,60,"192cm | 6'4""",0,-,-,Fútbol Club Cartagena,Spain
Jéfferson Andrade Siqueira,62,ST,,0,3.0,3,67,59,44,60,54,63,"189cm | 6'2""",0,-,-,KAS Eupen,Brazil
David Da Costa,62,GK,,0,1.0,2,62,59,54,65,53,62,"184cm | 6'0""",0,-,-,FC Thun,Switzerland
Mikkel Vendelbo,62,RM,,0,2.0,3,66,58,60,64,59,57,"185cm | 6'1""",0,-,-,Esbjerg fB,Denmark
Salvatore Foti,62,ST,,0,3.0,4,66,57,50,61,55,67,"192cm | 6'4""",0,-,-,Empoli,Italy
Alain Traoré,62,RW,,0,2.0,2,69,62,53,60,44,64,"176cm | 5'9""",0,-,-,AJ Auxerre,Burkina Faso
Diego Sehnem Viana,62,ST,,0,3.0,4,68,60,40,61,52,62,"182cm | 6'0""",0,-,-,SC Magna Wiener Neustadt,Brazil
David Williams,62,ST,,0,3.0,3,71,63,40,69,44,33,"177cm | 5'10""",0,-,-,North Queensland Fury FC,Australia
Daniel O'Donnell,62,CB,,0,2.0,3,60,30,36,33,64,70,"188cm | 6'2""",0,-,-,Shrewsbury,England
Jordan Harvey,62,LB,,0,2.0,3,70,45,52,58,64,59,"180cm | 5'11""",0,-,-,Philadelphia Union,United States
Cesare Gianf. Rickler Del Mare,62,CB,,0,2.0,3,68,33,43,44,62,68,"196cm | 6'5""",0,-,-,Piacenza,Italy
Umut Koçin,62,LM,,0,3.0,3,72,60,60,62,62,54,"183cm | 6'0""",0,-,-,KSV Superfund,Turkey
Davide Petrachi,62,GK,,0,1.0,2,65,58,71,63,37,62,"184cm | 6'0""",0,-,-,Lecce,Italy
Cheikh Matar Gueye,62,RB,,0,2.0,3,71,27,56,28,64,53,"180cm | 5'11""",0,-,-,FC Metz,Senegal
Roel van Hemert,62,CB,,0,2.0,4,60,36,44,34,62,58,"183cm | 6'0""",0,-,-,Lierse SK,Netherlands
Krzysztof Król,62,LB,,0,2.0,3,64,48,53,55,64,60,"183cm | 6'0""",0,-,-,Chicago Fire,Poland
Marcel Kimemba Mbayo,62,CAM,,0,3.0,3,73,59,58,71,44,44,"168cm | 5'6""",0,-,-,Sporting Lokeren OV,DR Congo
Danny Hollands,62,CM,,0,2.0,3,71,56,64,57,63,57,"180cm | 5'11""",0,-,-,Bournemouth,England
Amaechi Igwe,62,LB,,0,2.0,3,75,54,57,60,61,57,"182cm | 6'0""",0,-,-,FC Ingolstadt 04,United States
Gary Sawyer,62,LB,,0,2.0,3,55,24,57,30,59,68,"183cm | 6'0""",0,-,-,Bristol Rovers,England
Adilson Tavares Varela,62,CDM,,0,2.0,3,70,46,56,58,62,62,"181cm | 5'11""",0,-,-,FC Basel 1893,Switzerland
Frédéric Frans,62,CB,,0,2.0,4,60,39,46,41,64,63,"193cm | 6'4""",0,-,-,Lierse SK,Belgium
Petr Trapp,62,CDM,,0,3.0,3,58,47,52,55,62,57,"185cm | 6'1""",0,-,-,Slavia Praha,Czech Republic
Michael Theoklitos,62,GK,,0,1.0,3,65,58,63,66,45,59,"186cm | 6'1""",0,-,-,Brisbane Roar Football Club,Australia
Mark Bridge,62,ST,,0,3.0,3,66,65,38,60,57,44,"180cm | 5'11""",0,-,-,Sydney FC,Australia
Ondřej Kúdela,62,CDM,,0,2.0,3,69,55,57,58,64,66,"183cm | 6'0""",0,-,-,Mladá Boleslav,Czech Republic
Petr Čoupek,62,LB,,0,2.0,3,64,55,62,55,64,66,"178cm | 5'10""",0,-,-,1. FC Brno,Czech Republic
Jay O'Shea,62,RW,,0,3.0,3,72,58,52,62,46,46,"174cm | 5'9""",0,-,-,Birmingham City,Republic of Ireland
František Ševinský,62,RB,,0,2.0,3,62,40,59,44,62,67,"187cm | 6'2""",0,-,-,Viktoria Plzeň ,Slovakia
Adam Cristman,62,ST,,0,3.0,4,68,58,38,61,53,68,"183cm | 6'0""",0,-,-,D.C. United,United States
Billy Celeski,62,CM,,0,3.0,3,69,53,60,69,58,36,"176cm | 5'9""",0,-,-,Melbourne Victory FC,Australia
Tomáš Janotka,62,RM,,0,2.0,3,68,55,59,63,58,52,"182cm | 6'0""",0,-,-,Sigma Olomouc,Czech Republic
Martin Švejnoha,62,CB,,0,2.0,3,58,53,52,61,60,64,"180cm | 5'11""",0,-,-,FC Wacker Innsbruck,Czech Republic
Christer Youssef,62,LW,,0,3.0,3,64,60,60,66,50,52,"176cm | 5'9""",0,-,-,Djurgårdens IF,Sweden
Lukáš Killar,62,CB,,0,2.0,2,46,38,32,50,63,55,"191cm | 6'3""",0,-,-,Polonia Bytom,Czech Republic
Alex Wilkinson,62,CB,,0,2.0,4,61,47,50,42,61,60,"187cm | 6'2""",0,-,-,Central Coast Mariners FC,Australia
Shaun Batt,62,RW,,0,2.0,3,76,53,55,60,53,59,"191cm | 6'3""",0,-,-,Millwall,England
Gary Deegan,62,CM,,0,2.0,3,70,52,58,52,65,62,"176cm | 5'9""",0,-,-,Coventry City,Republic of Ireland
Kristijan Ipša,62,CB,,0,2.0,3,65,47,55,51,60,62,"186cm | 6'1""",0,-,-,FC Midtjylland,Croatia
Erling Knudtzon,62,RM,,0,3.0,3,89,51,51,66,39,40,"178cm | 5'10""",0,-,-,Lillestrøm SK,Norway
Matthew Kemp,62,RB,,0,2.0,3,66,38,58,55,67,46,"175cm | 5'9""",0,-,-,Melbourne Victory FC,Australia
Florian Bague,62,GK,,0,1.0,2,61,64,56,68,32,60,"180cm | 5'11""",0,-,-,U.S. Boulogne Cote D'Opale,France
Rafal Grzyb,62,CM,,0,2.0,3,61,48,64,54,62,48,"175cm | 5'9""",0,-,-,Jagiellonia Białystok,Poland
Birkir Már Sævarsson,62,RB,,0,2.0,3,82,46,56,59,60,67,"187cm | 6'2""",0,-,-,SK Brann,Iceland
Troy Deeney,62,ST,,0,3.0,3,79,55,41,67,53,46,"180cm | 5'11""",0,-,-,Watford,England
Artim Položani,62,CAM,,0,3.0,4,62,59,57,64,39,50,"180cm | 5'11""",0,-,-,Krylya Sovetov Samara,FYR Macedonia
Davide Di Gennaro,62,CAM,,0,4.0,4,75,60,57,63,57,57,"180cm | 5'11""",0,-,-,Padua,Italy
Rihairo Meulens,62,RW,,0,3.0,2,76,54,49,67,48,44,"185cm | 6'1""",0,-,-,Roda JC,Netherlands
Christian Strohdiek,62,CB,,0,1.0,3,60,21,36,37,65,64,"192cm | 6'4""",0,-,-,SC Paderborn 07,Germany
Tayfun Pektürk,62,LW,,0,3.0,5,75,55,48,68,44,50,"176cm | 5'9""",0,-,-,SpVgg Greuther Fürth,Germany
Kevin McCann,62,RB,,0,2.0,3,62,37,56,57,54,62,"178cm | 5'10""",0,-,-,Inverness Caledonian Thistle,Scotland
Mark Howard,62,GK,,0,1.0,3,62,62,54,64,36,63,"183cm | 6'0""",0,-,-,Aberdeen,England
Silvije Čavlina,62,GK,,0,1.0,3,64,62,60,63,47,58,"190cm | 6'3""",0,-,-,SK Sturm Graz,Croatia
Daniel Reiche,62,CB,,0,2.0,3,63,27,38,41,61,70,"189cm | 6'2""",0,-,-,MSV Duisburg,Germany
Davide Bottone,62,CM,,0,2.0,2,70,49,62,59,62,54,"183cm | 6'0""",0,-,-,Frosinone,Italy
Andrej Rendla,62,ST,,0,2.0,3,67,61,44,62,50,67,"188cm | 6'2""",0,-,-,Heracles Almelo,Slovakia
Marvin Bartley,62,CDM,,0,2.0,2,72,48,58,63,63,58,"180cm | 5'11""",0,-,-,Bournemouth,England
Jo Coppens,62,GK,,0,1.0,4,65,62,63,67,47,56,"190cm | 6'3""",0,-,-,KSV Cercle Brugge,Belgium
Marco Schönbächler,62,RM,,0,2.0,3,75,48,51,66,41,42,"171cm | 5'7""",0,-,-,FC Zürich,Switzerland
Tomáš Pekhart,62,ST,,0,3.0,2,68,57,37,59,52,67,"188cm | 6'2""",0,-,-,FK Baumit Jablonec,Czech Republic
Alberto Cossentino,62,CB,,0,2.0,2,65,35,46,45,60,66,"186cm | 6'1""",0,-,-,Novara,Italy
Alan Judge,62,RW,,0,2.0,2,70,61,52,65,49,42,"184cm | 6'0""",0,-,-,Notts County,Republic of Ireland
Ömer Sismanoglu,62,ST,,0,2.0,4,71,53,48,61,43,64,"185cm | 6'1""",0,-,-,Kayserispor,Germany
Jonathan Franks,62,ST,,0,2.0,2,74,57,49,59,42,58,"170cm | 5'7""",0,-,-,Middlesbrough,England
Ilie Pavel Cebanu,62,GK,,0,1.0,3,67,60,63,72,45,52,"189cm | 6'2""",0,-,-,Rubin Kazan,Moldova
Robbie Simpson,62,ST,,0,2.0,3,66,59,45,58,53,66,"185cm | 6'1""",0,-,-,Brentford,England
Lukáš Bajer,62,CM,,0,2.0,2,61,52,64,60,61,46,"178cm | 5'10""",0,-,-,Sigma Olomouc,Czech Republic
Fernando Tobias de Carvalho,62,RM,,0,2.0,3,75,52,62,53,47,52,"172cm | 5'8""",0,-,-,Dynamo České Budějovice,Brazil
Pablo Gil Sarrion,62,RB,,0,2.0,2,73,27,51,45,63,64,"175cm | 5'9""",0,-,-,Real Madrid Club de Fútbol,Spain
Marco Sansovini,62,CF,,0,2.0,3,74,62,50,58,52,60,"170cm | 5'7""",0,-,-,Pescara,Italy
Richard Eckersley,62,RB,,0,2.0,2,70,30,56,43,63,63,"183cm | 6'0""",0,-,-,Burnley,England
Milan Černý,62,RM,,0,2.0,4,72,55,51,66,49,47,"174cm | 5'9""",0,-,-,Slavia Praha,Czech Republic
Joel Ward,62,CB,,0,2.0,3,63,22,29,22,67,58,"188cm | 6'2""",0,-,-,Portsmouth,England
Tony Beltran,62,RB,,0,2.0,3,84,52,53,58,59,56,"175cm | 5'9""",0,-,-,Real Salt Lake,United States
Samuel Di Carmine,62,ST,,0,3.0,2,66,60,35,63,49,59,"185cm | 6'1""",0,-,-,Frosinone,Italy
Pavol Stano,62,CB,,0,2.0,3,60,28,50,44,65,65,"191cm | 6'3""",0,-,-,Korona Kielce,Slovakia
Dom Cervi,62,GK,,0,1.0,1,66,62,56,65,37,61,"198cm | 6'6""",0,-,-,Celtic,United States
Andrew Jacobson,62,CM,,0,2.0,3,66,55,57,61,60,56,"188cm | 6'2""",0,-,-,Philadelphia Union,United States
Rauwshan McKenzie,62,CB,,0,2.0,3,67,32,43,47,60,63,"185cm | 6'1""",0,-,-,Real Salt Lake,United States
Montoro,62,CM,,0,3.0,3,64,51,59,59,61,64,"182cm | 6'0""",0,-,-,Valencia Club de Fútbol S.A.D.,Spain
Brandon McDonald,62,CDM,,0,2.0,3,69,51,52,59,64,65,"185cm | 6'1""",0,-,-,San Jose Earthquakes,United States
Shea Salinas,62,RM,,0,3.0,2,81,53,51,65,56,56,"178cm | 5'10""",0,-,-,Philadelphia Union,United States
Edgar Çani,62,ST,,0,3.0,3,69,58,41,51,57,72,"192cm | 6'4""",0,-,-,Modena,Albania
Ashley Barnes,62,ST,,0,2.0,3,61,58,43,64,58,67,"183cm | 6'0""",0,-,-,Brighton &amp; Hove Albion,Austria
Stephan Hain,62,ST,,0,2.0,4,74,56,48,61,45,62,"178cm | 5'10""",0,-,-,FC Augsburg,Germany
Abiola Dauda,62,RW,,0,3.0,3,82,61,46,62,52,52,"180cm | 5'11""",0,-,-,Kalmar FF,Nigeria
Yong Tae Cho,62,RF,,0,3.0,3,69,59,59,60,48,50,"180cm | 5'11""",0,-,-,Gwangju Sangmu FC,Korea Republic
Jung Jin Seo,62,LW,,0,3.0,3,69,53,67,63,44,39,"175cm | 5'9""",0,-,-,Jeonbuk Hyundai Motors,Korea Republic
Sebastian Rajalakso,62,RW,,0,2.0,2,71,69,53,59,53,57,"186cm | 6'1""",0,-,-,Djurgårdens IF,Sweden
Alex dos Santos Cazumba,62,LM,,0,2.0,1,70,53,56,60,63,59,"182cm | 6'0""",0,-,-,Los Angeles Galaxy,Brazil
Artur Rylov,62,RM,,0,2.0,2,64,53,66,60,61,59,"181cm | 5'11""",0,-,-,Spartak Nalchik,Russia
Andreas Buchner,62,LM,,0,2.0,5,71,56,59,64,44,48,"168cm | 5'6""",0,-,-,FC Ingolstadt 04,Germany
Emir Kujovic,62,ST,,0,2.0,4,63,60,59,60,59,69,"194cm | 6'4""",0,-,-,Halmstads BK,Sweden
James Gibson,62,LB,,0,2.0,2,67,25,61,54,63,65,"178cm | 5'10""",0,-,-,Hamilton Academicals,Scotland
Stefan Hickl,62,RB,,0,2.0,3,63,52,60,47,65,69,"189cm | 6'2""",0,-,-,FSV Frankfurt,Germany
Marinko Miletic,62,CB,,0,2.0,3,61,30,43,43,63,68,"193cm | 6'4""",0,-,-,Rot-Weiß Oberhausen,Germany
Thomas Kaminski,62,GK,,0,1.0,3,65,59,56,69,62,52,"184cm | 6'0""",0,-,-,Germinal Beerschot,Belgium
Diego Santos Oliveira,62,CAM,,0,2.0,4,73,56,60,68,56,53,"174cm | 5'9""",0,-,-,Vicenza,Brazil
Emmanuel Ledesma,62,CAM,,0,4.0,3,73,57,58,65,57,61,"180cm | 5'11""",0,-,-,Grosseto,Argentina
Milan Mišůn,62,LB,,0,2.0,3,66,26,59,59,59,66,"186cm | 6'1""",0,-,-,Celtic,Czech Republic
Jørgen Skjelvik,62,LM,,0,3.0,4,85,52,52,67,47,45,"178cm | 5'10""",0,-,-,Stabæk Fotball,Norway
Kevin Trapp,62,GK,,0,1.0,3,63,64,65,62,56,59,"189cm | 6'2""",0,-,-,1. FC Kaiserslautern,Germany
Shervin Radjabali-Fardi,62,LWB,,0,2.0,2,72,38,58,51,57,56,"175cm | 5'9""",0,-,-,Hertha BSC,Germany
Pálmi Rafn Pálmason,62,CM,,0,2.0,3,75,59,60,52,64,52,"185cm | 6'1""",0,-,-,Stabæk Fotball,Iceland
Robert Taylor,62,LM,,0,2.0,3,77,54,60,59,57,64,"183cm | 6'0""",0,-,-,Port Vale,England
Simone Esposito,62,RW,,0,3.0,3,71,49,56,67,49,40,"171cm | 5'7""",0,-,-,Ascoli,Italy
Jeroen Veldmate,62,CB,,0,2.0,3,65,36,46,40,61,64,"187cm | 6'2""",0,-,-,FC Groningen,Netherlands
Joe Sise,62,ST,,0,2.0,3,75,58,50,65,52,54,"193cm | 6'4""",0,-,-,Halmstads BK,Sweden
Simone Salviato,62,RB,,0,2.0,3,75,47,52,56,66,68,"187cm | 6'2""",0,-,-,Livorno,Italy
Ryan Donaldson,62,ST,,0,3.0,3,72,61,36,61,40,67,"181cm | 5'11""",0,-,-,Newcastle United,England
Jamie Devitt,62,RM,,0,3.0,4,73,53,59,65,50,50,"177cm | 5'10""",0,-,-,Hull City,Republic of Ireland
Mirko Eramo,62,RM,,0,3.0,3,66,48,58,64,51,51,"180cm | 5'11""",0,-,-,Grosseto,Italy
Martyn Woolford,62,LW,,0,3.0,3,71,59,57,64,49,52,"183cm | 6'0""",0,-,-,Scunthorpe United,England
Václav Kadlec,62,ST,,0,2.0,3,69,58,55,68,47,60,"179cm | 5'10""",0,-,-,Sparta Praha,Czech Republic
Nicholas Guidi,62,CB,,0,2.0,2,66,42,52,46,62,64,"187cm | 6'2""",0,-,-,Frosinone,Italy
Dennis Telgenkamp,62,GK,,0,1.0,2,65,67,56,63,49,60,"192cm | 6'4""",0,-,-,Heracles Almelo,Netherlands
Freddy Mombongo-Dues,62,ST,,0,3.0,3,58,58,36,48,58,64,"188cm | 6'2""",0,-,-,KAS Eupen,DR Congo
Juvhel Tsoumou,62,ST,,0,3.0,3,71,56,42,61,50,64,"186cm | 6'1""",0,-,-,Alemannia Aachen,Germany
Andrew Haworth,62,RW,,0,3.0,4,77,58,52,58,45,43,"180cm | 5'11""",0,-,-,Bury,England
Jeremy Hall,62,RM,,0,2.0,5,82,58,49,64,62,62,"180cm | 5'11""",0,-,-,New York Red Bulls,United States
Rodney Wallace,62,LWB,,0,2.0,2,81,56,49,65,61,64,"180cm | 5'11""",0,-,-,D.C. United,Costa Rica
Michael Rabušic,62,ST,,0,3.0,3,74,60,50,60,51,64,"184cm | 6'0""",0,-,-,1. FC Brno,Czech Republic
Gastón Sauro,62,CB,,0,2.0,3,67,19,35,33,57,66,"190cm | 6'3""",0,-,-,Boca Juniors,Argentina
O'Brian White,62,ST,,0,3.0,3,77,59,32,62,50,62,"185cm | 6'1""",0,-,-,Toronto FC,Jamaica
Jeroen Zoet,62,GK,,0,1.0,2,61,61,58,65,34,61,"189cm | 6'2""",0,-,-,PSV,Netherlands
Marcus Sandberg,62,GK,,0,1.0,2,60,66,55,67,44,59,"191cm | 6'3""",0,-,-,IFK Göteborg,Sweden
Mikael Dyrestam,62,CB,,0,2.0,4,65,32,56,59,58,64,"185cm | 6'1""",0,-,-,IFK Göteborg,Sweden
Edwin Eziyodawe,62,ST,,0,4.0,3,79,54,35,73,48,50,"184cm | 6'0""",0,-,-,Lillestrøm SK,Nigeria
Christoph Menz,62,CDM,,0,2.0,3,71,47,57,60,62,62,"185cm | 6'1""",0,-,-,1. FC Union Berliln,Germany
Jens Wemmer,62,RM,,0,2.0,3,75,52,62,56,59,58,"185cm | 6'1""",0,-,-,SC Paderborn 07,Germany
Sung Hwan Kim,62,CDM,,0,2.0,3,65,44,64,48,66,65,"184cm | 6'0""",0,-,-,Seongnam Ilhwa Chunma,Korea Republic
Ju Young Kim,62,CB,,0,2.0,3,67,41,40,43,60,62,"184cm | 6'0""",0,-,-,GyeongNam FC,Korea Republic
Jun Heong Jeon,62,CB,,0,2.0,3,68,56,56,62,62,64,"181cm | 5'11""",0,-,-,GyeongNam FC,Korea Republic
Seung Jo Kang,62,CM,,0,3.0,3,67,51,65,65,60,56,"182cm | 6'0""",0,-,-,Jeonbuk Hyundai Motors,Korea Republic
Suk Young Yun,62,LB,,0,2.0,4,66,59,65,64,57,52,"182cm | 6'0""",0,-,-,Chunnam Dragons,Korea Republic
Mauricio Albornoz,62,CDM,,0,2.0,2,63,46,52,53,64,64,"184cm | 6'0""",0,-,-,IF Brommapojkarna,Sweden
Vinicius Silva Lopes Souto,62,ST,,0,3.0,3,68,56,48,70,54,66,"184cm | 6'0""",0,-,-,BK Häcken,Brazil
Gary Gardner,62,CM,,0,3.0,3,71,59,63,59,60,71,"188cm | 6'2""",0,-,-,Aston Villa,England
Alessandro Riedle,62,ST,,0,3.0,3,68,56,63,65,54,60,"179cm | 5'10""",0,-,-,Grasshopper-Club,Germany
Dani Schahin,62,ST,,0,2.0,4,70,58,37,56,49,62,"187cm | 6'2""",0,-,-,SpVgg Greuther Fürth,Germany
Viktor Svezhov,62,CM,,0,3.0,3,62,50,68,68,51,56,"176cm | 5'9""",0,-,-,Tom Tomsk,Russia
Jasper Waalkens,62,RM,,0,3.0,2,73,43,64,63,50,58,"179cm | 5'10""",0,-,-,Willem II,Netherlands
Oliver Petersch,62,RM,,0,2.0,3,70,58,61,67,44,52,"174cm | 5'9""",0,-,-,Rot-Weiß Oberhausen,Germany
Moussa Traoré,62,ST,,0,3.0,3,75,58,46,58,57,64,"184cm | 6'0""",0,-,-,SV Zulte-Waregem,Ivory Coast
Davidson Drobo-Ampem,62,LB,,0,2.0,3,75,42,50,52,63,70,"189cm | 6'2""",0,-,-,FC St. Pauli,Ghana
Andrew Dykstra,62,GK,,0,1.0,1,68,58,68,65,35,57,"193cm | 6'4""",0,-,-,Chicago Fire,United States
Sebastian Zielinsky,62,LF,,0,2.0,4,82,59,51,64,50,60,"183cm | 6'0""",0,-,-,FC Ingolstadt 04,Germany
Maximilian Beister,62,CF,,0,2.0,3,71,56,49,64,53,60,"180cm | 5'11""",0,-,-,Fortuna Düsseldorf,Germany
Václav Ondřejka,62,ST,,0,3.0,3,74,66,35,48,50,53,"178cm | 5'10""",0,-,-,1. FC Slovácko,Czech Republic
Hannes Stiller,62,ST,,0,2.0,3,56,62,49,57,51,80,"180cm | 5'11""",0,-,-,IFK Göteborg,Sweden
Mehmet Hetemaj,62,CM,,0,3.0,3,73,56,65,58,60,60,"185cm | 6'1""",0,-,-,A. Leffe,Finland
Kai-Fabian Schulz,62,CB,,0,1.0,3,59,47,54,43,62,67,"190cm | 6'3""",0,-,-,FSV Frankfurt,Germany
Edu Ramos,62,CDM,,0,3.0,3,70,50,66,61,59,42,"176cm | 5'9""",0,-,-,Málaga Club de Fútbol S.A.D.,Spain
Borja Viguera,62,ST,,0,3.0,4,64,59,51,63,48,56,"184cm | 6'0""",0,-,-,Real Sociedad de Fútbol S.A.D.,Spain
Nelson González,62,LM,,0,3.0,3,73,58,53,61,53,58,"167cm | 5'6""",0,-,-,Real Salt Lake,Argentina
Mustapha Dumbuya,62,RB,,0,2.0,3,72,36,58,39,63,59,"180cm | 5'11""",0,-,-,Doncaster Rovers,England
Marvin Chávez,62,RM,,0,3.0,4,83,56,52,61,47,58,"165cm | 5'5""",0,-,-,FC Dallas,Honduras
Junior Livramento,62,CDM,,0,3.0,3,66,32,61,61,62,47,"181cm | 5'11""",0,-,-,Willem II,Netherlands
Olivier ter Horst,62,CB,,0,3.0,2,68,35,47,56,60,56,"183cm | 6'0""",0,-,-,Heracles Almelo,Netherlands
Geoffry Hairemans,62,LM,,0,3.0,3,65,54,63,63,51,50,"184cm | 6'0""",0,-,-,De Graafschap,Belgium
Besart Ibraimi,62,ST,,0,3.0,4,65,59,40,57,50,60,"182cm | 6'0""",0,-,-,FC Schalke 04,FYR Macedonia
Lennard Adjetey Sowah,62,LB,,0,2.0,3,76,50,65,61,63,55,"180cm | 5'11""",0,-,-,Hamburger SV,Germany
Leonardo,62,CB,,0,2.0,3,63,32,44,54,61,72,"188cm | 6'2""",0,-,-,Los Angeles Galaxy,Brazil
Adam Straith,62,CB,,0,2.0,2,67,39,47,47,63,68,"188cm | 6'2""",0,-,-,Energie Cottbus,Canada
Gjermund Åsen,62,CM,,0,3.0,3,71,62,61,64,50,61,"182cm | 6'0""",0,-,-,Rosenborg BK,Norway
Ferhat Korkmaz,62,CB,,0,2.0,3,59,20,34,24,65,65,"186cm | 6'1""",0,-,-,IF Brommapojkarna,Sweden
Darryl Lachman,62,CB,,0,2.0,2,74,42,49,57,64,64,"189cm | 6'2""",0,-,-,FC Groningen,Netherlands
Irving Garcia,62,RM,,0,3.0,4,71,59,57,61,42,55,"165cm | 5'5""",0,-,-,New York Red Bulls,United States
Abdul Majeed Waris,62,RW,,0,2.0,3,83,54,50,63,48,58,"170cm | 5'7""",0,-,-,BK Häcken,Ghana
Keanu Marsh-Brown,62,RM,,0,3.0,3,74,54,59,58,56,46,"178cm | 5'10""",0,-,-,Fulham,England
Wilfried Zaha,62,ST,,0,4.0,3,83,54,52,66,52,53,"175cm | 5'9""",0,-,-,Crystal Palace,Ivory Coast
Pierre le Beau,62,RB,,0,2.0,3,73,40,55,54,63,66,"186cm | 6'1""",0,-,-,FC Erzgebirge Aue,Germany
Henrik Gustavsson,62,GK,,0,1.0,3,65,62,62,61,21,64,"181cm | 5'11""",0,-,-,Åtvidabergs FF ,Sweden
Manuel Riemann,62,GK,,0,1.0,3,63,59,56,66,53,62,"186cm | 6'1""",0,-,-,VfL Osnabrück,Germany
Mike Wunderlich,62,CAM,,0,2.0,3,65,61,64,63,49,54,"184cm | 6'0""",0,-,-,FSV Frankfurt,Germany
Fabian Koch,62,RM,,0,3.0,3,80,47,59,66,57,50,"176cm | 5'9""",0,-,-,FC Wacker Innsbruck,Austria
Bryan Linssen,62,CAM,,0,2.0,3,72,51,61,67,62,59,"170cm | 5'7""",0,-,-,VVV-Venlo,Netherlands
Tobias Kempe,62,LM,,0,2.0,3,75,54,60,61,53,60,"184cm | 6'0""",0,-,-,FC Erzgebirge Aue,Germany
Andréa Fileccia,62,ST,,0,2.0,3,66,58,47,56,54,74,"194cm | 6'4""",0,-,-,SBV Excelsior,Belgium
Vjekoslav Tomic,62,GK,,0,1.0,1,65,61,64,62,39,63,"190cm | 6'3""",0,-,-,Kardemir Karabükspor,Croatia
Ensar Baykan,62,RM,,0,2.0,3,71,52,57,62,50,56,"167cm | 5'6""",0,-,-,Arminia Bielefeld,Turkey
Muhamed Bešic,62,CB,,0,2.0,3,68,37,51,37,64,58,"177cm | 5'10""",0,-,-,Hamburger SV,Bosnia Herzegovina
Dietmar Hamann,61,CM,,0,2.0,3,42,56,64,42,65,72,"189cm | 6'2""",0,-,-,Milton Keynes Dons,Germany
Terrell Forbes,61,CB,,0,2.0,3,69,18,24,23,61,66,"183cm | 6'0""",0,-,-,Leyton Orient,England
Efetobore Sodje,61,CB,,0,2.0,3,55,34,33,40,65,82,"185cm | 6'1""",0,-,-,Bury,Nigeria
Craig Easton,61,CM,,0,2.0,3,61,46,64,60,63,60,"178cm | 5'10""",0,-,-,Southend United,Scotland
Jérôme Colinet,61,LM,,0,3.0,3,68,51,57,61,59,53,"183cm | 6'0""",0,-,-,KAS Eupen,Belgium
Paulus Roiha,61,ST,,0,2.0,3,72,61,40,53,45,60,"184cm | 6'0""",0,-,-,Åtvidabergs FF ,Finland
Andy Welsh,61,LM,,0,3.0,3,69,54,55,63,51,56,"173cm | 5'8""",0,-,-,Yeovil Town,Scotland
Edgaras Jankauskas,61,ST,,0,3.0,3,63,60,40,59,55,69,"192cm | 6'4""",0,-,-,New England Revolution,Lithuania
Pascal Delhommeau,61,CB,,0,2.0,2,49,38,53,33,59,72,"190cm | 6'3""",0,-,-,Vannes OC,France
Colin Healy,61,CDM,,0,2.0,3,63,54,47,52,62,68,"180cm | 5'11""",0,-,-,Ipswich Town,Republic of Ireland
Kevin Betsy,61,RM,,0,3.0,3,72,47,54,68,46,44,"185cm | 6'1""",0,-,-,Wycombe Wanderers,England
Matteo Guardalben,61,GK,,0,1.0,2,60,61,55,61,50,64,"188cm | 6'2""",0,-,-,Modena,Italy
Erik Wahlstedt,61,RWB,,0,2.0,3,66,52,52,58,59,62,"178cm | 5'10""",0,-,-,Helsingborgs IF,Sweden
Michael Boulding,61,ST,,0,2.0,4,74,59,47,49,45,54,"178cm | 5'10""",0,-,-,Barnsley,England
Marcus Lindberg,61,CB,,0,2.0,3,61,38,49,47,61,68,"186cm | 6'1""",0,-,-,Kalmar FF,Sweden
Steve Jones,61,CF,,0,3.0,4,74,58,51,66,42,76,"178cm | 5'10""",0,-,-,Walsall,Northern Ireland
Mark Arber,61,CB,,0,2.0,4,65,41,45,36,62,64,"185cm | 6'1""",0,-,-,Dagenham and Redbridge,South Africa
André Hanssen,61,CDM,,0,2.0,3,72,56,57,57,59,59,"186cm | 6'1""",0,-,-,Strømsgodset IF,Norway
Matthew Gill,61,CM,,0,2.0,3,61,52,69,57,57,60,"180cm | 5'11""",0,-,-,Norwich City,England
Ante Jazic,61,LB,,0,2.0,3,68,44,58,56,61,56,"178cm | 5'10""",0,-,-,Club Deportivo Chivas USA,Canada
Will Haining,61,CB,,0,2.0,3,62,24,37,33,60,66,"183cm | 6'0""",0,-,-,Morecambe,Scotland
Nick Fenton,61,CB,,0,2.0,3,61,25,37,32,66,72,"191cm | 6'3""",0,-,-,Rotherham United,England
Paul Heffernan,61,ST,,0,3.0,3,63,57,33,64,51,60,"178cm | 5'10""",0,-,-,Sheffield Wednesday,Republic of Ireland
Luke Guttridge,61,CM,,0,3.0,3,62,53,60,69,58,49,"169cm | 5'7""",0,-,-,Aldershot Town,England
Billy Jones,61,LB,,0,2.0,3,71,54,66,52,58,71,"185cm | 6'1""",0,-,-,Exeter City,England
Marc Hendrikx,61,RM,,0,3.0,4,58,63,62,56,62,51,"184cm | 6'0""",0,-,-,KAS Eupen,Belgium
Andreas Klarström,61,LB,,0,3.0,4,75,50,60,65,62,50,"174cm | 5'9""",0,-,-,IF Elfsborg,Sweden
Jonas Bjurström,61,CDM,,0,2.0,3,66,43,50,39,60,66,"177cm | 5'10""",0,-,-,BK Häcken,Sweden
Thomas Bælum,61,CB,,0,2.0,3,57,40,43,31,61,60,"185cm | 6'1""",0,-,-,Silkeborg IF,Denmark
Derek Young,61,RM,,0,3.0,3,70,59,50,62,56,56,"175cm | 5'9""",0,-,-,Aberdeen,Scotland
Peter Vagenas,61,CM,,0,2.0,4,66,54,55,58,59,61,"173cm | 5'8""",0,-,-,Seattle Sounders FC,United States
Tommy Knarvik,61,CM,,0,3.0,3,68,54,64,64,51,48,"175cm | 5'9""",0,-,-,Tromsø IL,Norway
Petter Wastå,61,GK,,0,1.0,3,59,57,54,66,36,63,"186cm | 6'1""",0,-,-,Kalmar FF,Sweden
Peter MacDonald,61,ST,,0,3.0,3,62,56,45,61,50,57,"178cm | 5'10""",0,-,-,St. Johnstone FC,Scotland
Helge Haugen,61,CM,,0,3.0,3,66,57,62,49,61,68,"183cm | 6'0""",0,-,-,Tromsø IL,Norway
Thomas Borenitsch,61,GK,,0,1.0,3,54,62,60,59,59,67,"193cm | 6'4""",0,-,-,SV Mattersburg,Austria
Matt Heath,61,CB,,0,2.0,2,62,28,36,33,62,78,"193cm | 6'4""",0,-,-,Colchester United,England
Stuart Duff,61,CDM,,0,,3,69,38,63,58,58,58,"180cm | 5'11""",0,-,-,Inverness Caledonian Thistle,Scotland
Adam Bolder,61,CM,,0,3.0,3,61,57,51,67,60,64,"175cm | 5'9""",0,-,-,Burton Albion,England
Abdelnasser Ouadah,61,CAM,,0,3.0,3,55,56,64,61,48,50,"175cm | 5'9""",0,-,-,FC Istres Ouest Provence,Algeria
Paul Scott,61,RB,,0,2.0,3,66,34,52,43,63,64,"180cm | 5'11""",0,-,-,Morecambe,England
Adam Virgo,61,CB,,0,2.0,3,46,45,52,44,64,74,"188cm | 6'2""",0,-,-,Yeovil Town,Scotland
Brian Shelley,61,RB,,0,2.0,3,70,39,56,36,59,60,"183cm | 6'0""",0,-,-,Bohemians FC,Republic of Ireland
Ian Thomas-Moore,61,ST,,0,2.0,3,62,59,50,57,58,57,"180cm | 5'11""",0,-,-,Tranmere Rovers,England
Jamie Vincent,61,LB,,0,2.0,3,65,42,52,45,62,68,"178cm | 5'10""",0,-,-,Aldershot Town,England
Lee Holmes,61,LM,,0,2.0,2,68,51,57,65,47,45,"173cm | 5'8""",0,-,-,Southampton,England
Lewis Price,61,GK,,0,1.0,2,63,64,60,62,51,56,"191cm | 6'3""",0,-,-,Crystal Palace,Wales
Richard Lee,61,GK,,0,1.0,3,67,57,79,61,56,51,"183cm | 6'0""",0,-,-,Brentford,England
Wilko de Vogt,61,GK,,0,1.0,2,62,62,61,53,53,67,"190cm | 6'3""",0,-,-,FC Twente,Netherlands
Steve Phillips,61,GK,,0,1.0,3,46,65,76,71,31,61,"185cm | 6'1""",0,-,-,Crewe Alexandra,England
Kevin Amankwaah,61,RB,,0,2.0,3,68,15,39,49,68,62,"185cm | 6'1""",0,-,-,Swindon Town,Ghana
Kenneth Høie,61,GK,,0,1.0,3,57,53,56,71,35,62,"188cm | 6'2""",0,-,-,IK Start,Norway
Alan Mannus,61,GK,,0,1.0,2,65,60,56,65,32,60,"188cm | 6'2""",0,-,-,Shamrock Rovers,Northern Ireland
Paul Wotton,61,CDM,,0,3.0,3,62,50,52,46,64,62,"180cm | 5'11""",0,-,-,Southampton,England
Hassan El Fakiri,61,RB,,0,2.0,4,66,41,58,65,64,58,"181cm | 5'11""",0,-,-,SK Brann,Norway
Joaquín Sorribas Ariño,61,CDM,,0,2.0,3,56,43,56,49,65,48,"179cm | 5'10""",0,-,-,Sociedad Deportiva Huesca S.A.D.,Spain
Chris Greenacre,61,ST,,0,2.0,3,61,59,42,57,56,64,"180cm | 5'11""",0,-,-,Wellington Phoenix,England
Peter Gitselov,61,RW,,0,2.0,3,63,56,55,68,49,53,"181cm | 5'11""",0,-,-,Mjällby AIF ,Sweden
Kristian Haynes,61,CM,,0,3.0,4,60,60,59,63,60,56,"179cm | 5'10""",0,-,-,Trelleborgs FF,Sweden
Gunter Thiebaut,61,ST,,0,3.0,2,60,61,49,47,54,66,"185cm | 6'1""",0,-,-,Lierse SK,Belgium
Jesper Hansen,61,GK,,0,1.0,3,59,63,60,64,32,57,"188cm | 6'2""",0,-,-,FC Nordsjælland,Denmark
Jonas Gudni Sævarsson,61,CDM,,0,2.0,3,65,51,54,56,60,58,"170cm | 5'7""",0,-,-,Halmstads BK,Iceland
Jesper Westerberg,61,RB,,0,2.0,4,66,50,60,55,61,58,"181cm | 5'11""",0,-,-,Mjällby AIF ,Sweden
Johan Svensson,61,LM,,0,3.0,4,65,39,58,66,58,42,"180cm | 5'11""",0,-,-,Mjällby AIF ,Sweden
Chris Millar,61,RM,,0,3.0,3,64,36,60,62,60,43,"175cm | 5'9""",0,-,-,St. Johnstone FC,Scotland
Seung Jun Son,61,CB,,0,2.0,3,64,47,47,58,61,58,"186cm | 6'1""",0,-,-,Jeonbuk Hyundai Motors,Korea Republic
Matteo Centurioni,61,CB,,0,2.0,3,73,40,50,41,58,70,"190cm | 6'3""",0,-,-,Novara,Italy
Domenico Giampá,61,RM,,0,3.0,3,74,52,53,61,52,45,"168cm | 5'6""",0,-,-,Modena,Italy
Aurélien Faivre,61,LB,,0,2.0,3,69,34,56,46,59,55,"180cm | 5'11""",0,-,-,Vannes OC,France
Rocco Sabato,61,LWB,,0,3.0,3,73,57,54,45,64,62,"184cm | 6'0""",0,-,-,Trieste,Italy
Brian Wilson,61,RB,,0,2.0,4,74,49,62,49,57,62,"178cm | 5'10""",0,-,-,Colchester United,England
Chris Shuker,61,RM,,0,3.0,3,69,56,56,62,51,59,"165cm | 5'5""",0,-,-,Morecambe,England
Dean Brill,61,GK,,0,1.0,3,62,59,56,64,31,58,"188cm | 6'2""",0,-,-,Oldham Athletic,England
Massimo Bonanni,61,LM,,0,3.0,3,72,56,56,59,62,67,"181cm | 5'11""",0,-,-,Pescara,Italy
Tom Kennedy,61,LB,,0,2.0,3,63,42,64,63,55,59,"180cm | 5'11""",0,-,-,Leicester City,England
Andy Holdsworth,61,RB,,0,2.0,3,60,34,63,58,56,60,"175cm | 5'9""",0,-,-,Oldham Athletic,England
Soon Hak Hong,61,CM,,0,3.0,4,67,59,61,61,60,58,"179cm | 5'10""",0,-,-,Suwon Samsung Bluewings,Korea Republic
Ju Il Yoon,61,RM,,0,3.0,3,67,58,60,62,49,50,"176cm | 5'9""",0,-,-,Busan I'Park,Korea Republic
Ho Jin Park,61,GK,,0,1.0,2,60,59,60,60,36,63,"190cm | 6'3""",0,-,-,Suwon Samsung Bluewings,Korea Republic
Matt Harrold,61,ST,,0,2.0,3,65,55,43,64,51,62,"185cm | 6'1""",0,-,-,Shrewsbury,England
Gary McDonald,61,CM,,0,3.0,2,66,49,57,61,67,61,"185cm | 6'1""",0,-,-,Hamilton Academicals,Scotland
Garry Brady,61,CM,,0,2.0,4,58,45,60,60,65,67,"178cm | 5'10""",0,-,-,St. Mirren,Scotland
Frank Boeckx,61,GK,,0,1.0,3,61,60,62,61,56,62,"183cm | 6'0""",0,-,-,KAA Gent,Belgium
Karim Djellabi,61,LM,,0,2.0,2,65,48,62,53,66,54,"169cm | 5'7""",0,-,-,Angers SCO,France
Carl Medjani,61,CB,,0,2.0,3,55,37,50,39,59,57,"183cm | 6'0""",0,-,-,AC Ajaccio,France
Pablo Chinchilla,61,CB,,0,2.0,3,62,39,55,49,62,62,"185cm | 6'1""",0,-,-,LASK Linz,Costa Rica
Neill Collins,61,CB,,0,2.0,2,63,36,44,47,62,72,"190cm | 6'3""",0,-,-,Leeds United,Scotland
Pablo Campos,61,ST,,0,2.0,3,60,60,41,55,57,67,"188cm | 6'2""",0,-,-,Real Salt Lake,Brazil
Søren Christensen,61,CAM,,0,2.0,4,71,58,61,62,57,48,"174cm | 5'9""",0,-,-,FC Nordsjælland,Denmark
Stuart Drummond,61,CM,,0,2.0,3,64,60,56,58,61,64,"188cm | 6'2""",0,-,-,Morecambe,England
Daniel López Menéndez,61,LWB,,0,3.0,2,70,50,58,59,58,54,"171cm | 5'7""",0,-,-,Club Deportivo Numancia de Soria S.A.D. ,Spain
Karl Svensson,61,CB,,0,2.0,3,64,40,42,51,61,70,"190cm | 6'3""",0,-,-,IFK Göteborg,Sweden
Odirlei de Souza Gaspar,61,ST,,0,3.0,4,61,57,49,65,45,54,"178cm | 5'10""",0,-,-,AC Bellinzona,Brazil
Vyacheslav Kalashnikov,61,CB,,0,2.0,4,63,38,50,35,59,60,"190cm | 6'3""",0,-,-,Amkar Perm,Russia
Lars Kristian Eriksen,61,RB,,0,2.0,4,70,52,59,57,63,64,"180cm | 5'11""",0,-,-,Lillestrøm SK,Norway
Andrea Soncin,61,ST,,0,3.0,3,77,57,44,53,59,60,"174cm | 5'9""",0,-,-,Grosseto,Italy
Colin Hawkins,61,CB,,0,2.0,3,55,32,39,33,55,66,"185cm | 6'1""",0,-,-,Sporting Fingal,Republic of Ireland
Ken Oman,61,CB,,0,2.0,3,56,31,43,29,58,60,"187cm | 6'2""",0,-,-,Bohemians FC,Republic of Ireland
Gary Rogers,61,GK,,0,1.0,3,59,59,58,66,35,61,"193cm | 6'4""",0,-,-,St. Patrick's Athletic,Republic of Ireland
Philipp Heithölter,61,LM,,0,3.0,3,70,63,59,58,52,58,"180cm | 5'11""",0,-,-,SC Paderborn 07,Germany
Michael Lejan,61,LM,,0,2.0,3,65,53,56,68,50,63,"181cm | 5'11""",0,-,-,VfL Osnabrück,Belgium
Jean-Paul Kalala,61,CDM,,0,2.0,3,59,42,47,44,68,48,"178cm | 5'10""",0,-,-,Yeovil Town,DR Congo
Terry McFlynn,61,CDM,,0,2.0,3,51,55,52,39,63,40,"177cm | 5'10""",0,-,-,Sydney FC,Northern Ireland
Nikki Bull,61,GK,,0,1.0,2,61,62,51,63,50,61,"188cm | 6'2""",0,-,-,Wycombe Wanderers,England
Anthony Charles,61,CB,,0,2.0,2,74,52,39,47,62,70,"185cm | 6'1""",0,-,-,Aldershot Town,England
Henrik Kildentoft,61,CB,,0,2.0,3,78,41,40,40,62,62,"183cm | 6'0""",0,-,-,FC Nordsjælland,Denmark
Hannes Eder,61,CB,,0,2.0,3,64,38,46,42,59,66,"180cm | 5'11""",0,-,-,SK Rapid Wien,Austria
Oliver Glasner,61,CB,,0,2.0,4,53,49,54,46,58,72,"181cm | 5'11""",0,-,-,SV Josko Fenst. Ried,Austria
John White,61,RB,,0,2.0,4,63,32,45,47,59,63,"183cm | 6'0""",0,-,-,Colchester United,England
Calvin Zola,61,ST,,0,2.0,2,68,54,42,57,60,74,"191cm | 6'3""",0,-,-,Crewe Alexandra,DR Congo
Andreas Eriksson,61,CAM,,0,2.0,2,73,55,62,69,52,52,"186cm | 6'1""",0,-,-,IF Brommapojkarna,Sweden
Jack Smith,61,RB,,0,2.0,3,67,30,55,48,61,58,"180cm | 5'11""",0,-,-,Millwall,England
Ki Gu Ko,61,ST,,0,2.0,3,60,55,52,55,60,70,"187cm | 6'2""",0,-,-,Daejeon Citizen,Korea Republic
Przemysław Kulig,61,RB,,0,2.0,3,67,46,50,54,59,74,"181cm | 5'11""",0,-,-,Cracovia Kraków,Poland
Enrique Tortosa García,61,RB,,0,2.0,3,72,42,56,57,62,58,"176cm | 5'9""",0,-,-,Albacete Balompié S.A.D.,Spain
Francesco Marianini,61,CM,,0,3.0,3,67,48,62,52,62,64,"185cm | 6'1""",0,-,-,Novara,Italy
Massimo Melucci,61,CB,,0,2.0,3,59,45,40,37,63,68,"193cm | 6'4""",0,-,-,Grosseto,Italy
Nikola Mijailović,61,LB,,0,3.0,3,74,45,66,66,67,58,"185cm | 6'1""",0,-,-,Korona Kielce,Serbia
Chul Ho Kim,61,CDM,,0,2.0,2,68,52,59,63,62,44,"177cm | 5'10""",0,-,-,Seongnam Ilhwa Chunma,Korea Republic
Sang Hong Lee,61,LB,,0,2.0,3,70,37,64,46,63,56,"178cm | 5'10""",0,-,-,Chunnam Dragons,Korea Republic
Jae Soo Choi,61,LM,,0,3.0,4,62,45,60,62,48,50,"174cm | 5'9""",0,-,-,Ulsan Hyundai Horang-i,Korea Republic
Jin Yong Kim,61,ST,,0,2.0,3,62,59,56,63,56,68,"182cm | 6'0""",0,-,-,Seongnam Ilhwa Chunma,Korea Republic
Seung Hwan Bang,61,ST,,0,3.0,3,64,59,47,58,53,56,"185cm | 6'1""",0,-,-,FC Seoul,Korea Republic
Marcin Cabaj,61,GK,,0,1.0,2,70,61,59,61,50,56,"190cm | 6'3""",0,-,-,Cracovia Kraków,Poland
Darryl Duffy,61,ST,,0,2.0,4,66,60,27,51,49,64,"180cm | 5'11""",0,-,-,Hibernian,Scotland
Ville Jalasto,61,RB,,0,2.0,3,63,43,57,41,63,62,"183cm | 6'0""",0,-,-,Aalesunds FK,Finland
Joel Perovuo,61,CDM,,0,2.0,3,64,44,59,61,61,50,"185cm | 6'1""",0,-,-,Djurgårdens IF,Finland
Will Hoskins,61,ST,,0,3.0,4,68,58,49,63,43,62,"175cm | 5'9""",0,-,-,Bristol Rovers,England
Jake Robinson,61,ST,,0,3.0,4,76,59,50,63,47,56,"175cm | 5'9""",0,-,-,Shrewsbury,England
Scott Vernon,61,ST,,0,2.0,3,64,60,42,48,56,69,"185cm | 6'1""",0,-,-,Aberdeen,England
Alexandre Barbier,61,CB,,0,2.0,3,52,31,42,37,59,60,"180cm | 5'11""",0,-,-,Stade de Reims,France
Jamie Harris,61,CB,,0,2.0,3,55,46,45,46,56,69,"188cm | 6'2""",0,-,-,Drogheda United,Wales
Zoltán Hercegfalvi,61,ST,,0,2.0,3,69,57,40,63,53,60,"178cm | 5'10""",0,-,-,Kansas City Wizards,Hungary
Emiliano Tarana,61,RM,,0,2.0,3,71,59,57,61,56,56,"178cm | 5'10""",0,-,-,Portogruaro,Italy
Dominik Werling,61,LB,,0,2.0,3,73,57,56,49,59,53,"173cm | 5'8""",0,-,-,Hereford,Germany
Yohann Rivière,61,CF,,0,2.0,4,62,64,50,51,51,68,"185cm | 6'1""",0,-,-,Vannes OC,France
Stefano Botta,61,LM,,0,2.0,3,65,49,59,62,55,48,"173cm | 5'8""",0,-,-,Vicenza,Switzerland
Clayton Donaldson,61,ST,,0,3.0,3,74,60,45,61,52,60,"185cm | 6'1""",0,-,-,Crewe Alexandra,England
Stevan Bates,61,CB,,0,2.0,3,60,47,43,39,60,74,"190cm | 6'3""",0,-,-,Tromsø IL,Serbia
Lewis Guy,61,ST,,0,2.0,3,73,51,44,56,55,64,"175cm | 5'9""",0,-,-,Milton Keynes Dons,England
Arran Lee-Barrett,61,GK,,0,1.0,3,70,49,60,72,56,48,"188cm | 6'2""",0,-,-,Ipswich Town,England
Byron Anthony,61,CB,,0,2.0,3,68,19,30,31,60,66,"180cm | 5'11""",0,-,-,Bristol Rovers,Wales
Curtis Weston,61,CM,,0,2.0,3,77,59,64,54,55,56,"180cm | 5'11""",0,-,-,Gillingham,England
Ben Herd,61,RB,,0,2.0,3,73,44,54,55,63,58,"175cm | 5'9""",0,-,-,Aldershot Town,England
Mohamed Chakouri,61,CB,,0,2.0,3,63,51,53,56,58,60,"181cm | 5'11""",0,-,-,Royal Charleroi SC,France
Tomasz Brzyski,61,LWB,,0,2.0,3,58,67,63,60,57,60,"170cm | 5'7""",0,-,-,Polonia Warszawa,Poland
Mattia Biso,61,CM,,0,3.0,3,61,57,62,61,55,56,"177cm | 5'10""",0,-,-,Frosinone,Italy
Aleš Neuwirth,61,CB,,0,2.0,3,55,39,46,45,62,68,"190cm | 6'3""",0,-,-,Baník Ostrava,Czech Republic
Claudio Pani,61,CM,,0,3.0,3,73,53,63,59,59,58,"178cm | 5'10""",0,-,-,Trieste,Italy
Daniel Theorin,61,CB,,0,2.0,3,66,45,48,43,63,64,"192cm | 6'4""",0,-,-,Gefle IF,Sweden
John Spicer,61,CM,,0,3.0,3,67,53,60,59,61,58,"180cm | 5'11""",0,-,-,Notts County,England
Hermes Neves Soares,61,CDM,,0,2.0,4,65,46,60,57,59,55,"168cm | 5'6""",0,-,-,Jagiellonia Białystok,Brazil
Gary Dicker,61,CM,,0,2.0,4,66,48,66,59,56,60,"183cm | 6'0""",0,-,-,Brighton &amp; Hove Albion,Republic of Ireland
Dong Sik Lee,61,CDM,,0,2.0,2,63,58,62,54,61,63,"183cm | 6'0""",0,-,-,Suwon Samsung Bluewings,Korea Republic
Dong Won Lee,61,CB,,0,2.0,3,60,26,36,30,63,72,"189cm | 6'2""",0,-,-,Ulsan Hyundai Horang-i,Korea Republic
Byung Gyu Park,61,CB,,0,2.0,3,60,37,54,58,62,54,"178cm | 5'10""",0,-,-,Gwangju Sangmu FC,Korea Republic
Dong Hyen Yang,61,ST,,0,2.0,3,56,59,45,55,51,62,"186cm | 6'1""",0,-,-,Busan I'Park,Korea Republic
Denis Bukhryakov,61,CB,,0,2.0,3,62,35,32,39,60,64,"187cm | 6'2""",0,-,-,Sibir Novosibirsk,Russia
Mark Bradley,61,CM,,0,2.0,3,68,38,61,54,63,66,"183cm | 6'0""",0,-,-,Rotherham United,Wales
Stephane Besle,61,CB,,0,2.0,3,58,36,45,46,65,65,"188cm | 6'2""",0,-,-,Neuchâtel Xamax,France
Guillaume Rippert,61,LB,,0,2.0,3,64,41,53,42,60,57,"180cm | 5'11""",0,-,-,Evian Thonon Gaillard FC,France
Gavin Skelton,61,LM,,0,3.0,3,68,49,59,61,52,42,"178cm | 5'10""",0,-,-,Hamilton Academicals,England
Debatik Curri,61,CB,,0,3.0,3,60,32,50,37,61,64,"188cm | 6'2""",0,-,-,Gençlerbirliği SK,Albania
Dario Damjanović,61,CDM,,0,2.0,3,58,43,52,46,66,65,"189cm | 6'2""",0,-,-,1. FC Kaiserslautern,Bosnia Herzegovina
Dave Hibbert,61,ST,,0,2.0,2,67,55,43,52,53,69,"188cm | 6'2""",0,-,-,Peterborough United,England
Tobias Fink,61,LB,,0,2.0,4,71,55,61,60,59,60,"178cm | 5'10""",0,-,-,FC Ingolstadt 04,Germany
Alan Sheehan,61,LB,,0,2.0,3,61,55,64,59,60,57,"180cm | 5'11""",0,-,-,Swindon Town,Republic of Ireland
Tony Kane,61,RB,,0,2.0,2,67,43,53,40,60,66,"183cm | 6'0""",0,-,-,Carlisle United,Northern Ireland
Kieran Lee,61,RM,,0,2.0,3,71,43,65,54,52,60,"185cm | 6'1""",0,-,-,Oldham Athletic,England
Gary Liddle,61,CM,,0,2.0,3,64,34,68,62,60,64,"185cm | 6'1""",0,-,-,Hartlepool United,England
Billy Dennehy,61,LM,,0,2.0,2,72,51,59,61,41,46,"173cm | 5'8""",0,-,-,Shamrock Rovers,Republic of Ireland
Charlie Lee,61,CM,,0,2.0,4,66,55,57,61,62,66,"175cm | 5'9""",0,-,-,Peterborough United,England
Liam Bridcutt,61,CDM,,0,2.0,3,66,41,56,44,63,44,"175cm | 5'9""",0,-,-,Brighton &amp; Hove Albion,England
Badara Sène,61,CDM,,0,2.0,3,65,31,53,44,64,64,"190cm | 6'3""",0,-,-,FC Sochaux-Montbéliard,Senegal
Scott Davies,61,CM,,0,2.0,3,74,61,60,61,56,54,"180cm | 5'11""",0,-,-,Wycombe Wanderers,Republic of Ireland
Scott Rendell,61,CF,,0,2.0,3,67,63,37,55,52,65,"180cm | 5'11""",0,-,-,Wycombe Wanderers,England
Daniel Jones,61,LM,,0,2.0,3,75,45,60,57,62,56,"188cm | 6'2""",0,-,-,Sheffield Wednesday,England
Eric Odhiambo,61,ST,,0,2.0,3,71,59,43,65,45,48,"181cm | 5'11""",0,-,-,Inverness Caledonian Thistle,England
Federico Piovaccari,61,ST,,0,2.0,3,60,56,46,51,56,70,"181cm | 5'11""",0,-,-,Cittadella,Italy
Jason Thomson,61,RB,,0,2.0,3,62,21,62,45,61,62,"180cm | 5'11""",0,-,-,Heart of Midlothian,Scotland
Jani Lyyski,61,CB,,0,2.0,4,49,50,57,38,57,72,"192cm | 6'4""",0,-,-,Djurgårdens IF,Finland
Íñigo López Montaña,61,CB,,0,2.0,3,61,29,46,40,62,70,"185cm | 6'1""",0,-,-,Granada Club de Fútbol,Spain
Javier Flores Santacruz,61,CF,,0,2.0,3,74,53,54,67,44,54,"170cm | 5'7""",0,-,-,Córdoba Club de Fútbol S.A.D.,Spain
Owain Tudur-Jones,61,CM,,0,2.0,3,59,50,51,62,63,67,"191cm | 6'3""",0,-,-,Norwich City,Wales
Francisco Suárez Arteaga,61,CM,,0,3.0,3,63,46,59,61,48,70,"181cm | 5'11""",0,-,-,Sociedad Deportiva Ponferradina S.A.D,Spain
Shane O'Connor,61,RB,,0,2.0,4,69,39,63,50,63,60,"176cm | 5'9""",0,-,-,Ipswich Town,Republic of Ireland
Evan Horwood,61,LB,,0,2.0,3,68,44,66,51,58,62,"183cm | 6'0""",0,-,-,Hartlepool United,England
Barry Corr,61,ST,,0,2.0,3,64,54,41,52,60,71,"191cm | 6'3""",0,-,-,Southend United,Republic of Ireland
Stephen O'Halloran,61,LB,,0,2.0,3,72,38,60,61,62,60,"180cm | 5'11""",0,-,-,Coventry City,Republic of Ireland
Lewis Grabban,61,ST,,0,3.0,3,79,60,44,66,44,58,"183cm | 6'0""",0,-,-,Millwall,England
Rhoys Wiggins,61,LB,,0,2.0,3,68,40,50,55,62,54,"173cm | 5'8""",0,-,-,Bournemouth,Wales
Ian Morris,61,LM,,0,2.0,3,62,45,68,52,58,64,"183cm | 6'0""",0,-,-,Chesterfield,Republic of Ireland
Josh Walker,61,CM,,0,2.0,3,65,55,64,56,64,54,"181cm | 5'11""",0,-,-,Watford,England
Manuel Ruz Baños,61,RB,,0,2.0,3,77,46,58,55,61,52,"169cm | 5'7""",0,-,-,Gimnàstic de Tarragona S.A.D.,Spain
Paul McGowan,61,CF,,0,2.0,3,65,60,40,62,48,44,"170cm | 5'7""",0,-,-,St. Mirren,Scotland
Pablo de Lucas Torres,61,CAM,,0,3.0,3,72,56,56,65,50,52,"179cm | 5'10""",0,-,-,Rayo Vallecano de Madrid S.A.D.,Spain
Mantas Savenas,61,CAM,,0,2.0,3,61,59,63,63,52,58,"178cm | 5'10""",0,-,-,Sibir Novosibirsk,Lithuania
Fernando Maria Neves,61,LB,,0,3.0,3,62,48,53,53,66,60,"185cm | 6'1""",0,-,-,Baník Ostrava,Cape Verde Islands
Jason Garey,61,ST,,0,2.0,3,65,57,52,59,53,68,"183cm | 6'0""",0,-,-,Columbus Crew,United States
Tyson Wahl,61,LB,,0,2.0,3,72,45,56,52,59,60,"188cm | 6'2""",0,-,-,Seattle Sounders FC,United States
Dae Sung Ha,61,CM,,0,2.0,3,66,52,60,61,56,61,"180cm | 5'11""",0,-,-,FC Seoul,Korea Republic
Jung Rae Lee,61,GK,,0,1.0,2,68,62,61,56,38,58,"185cm | 6'1""",0,-,-,GyeongNam FC,Korea Republic
Myung Hwan Kim,61,RB,,0,2.0,3,66,53,51,65,68,51,"174cm | 5'9""",0,-,-,Jeju United FC,Korea Republic
Seung Min Baek,61,CAM,,0,2.0,3,67,50,64,62,58,51,"172cm | 5'8""",0,-,-,Chunnam Dragons,Korea Republic
Young Sam Kim,61,CDM,,0,2.0,3,69,48,56,54,63,49,"174cm | 5'9""",0,-,-,Gwangju Sangmu FC,Korea Republic
Robert Milsom,61,LW,,0,2.0,2,69,32,56,67,48,26,"179cm | 5'10""",0,-,-,Fulham,England
Dasan Robinson,61,CB,,0,2.0,3,69,39,50,54,61,56,"180cm | 5'11""",0,-,-,Chicago Fire,United States
Marcus Pode,61,RW,,0,3.0,3,74,52,52,59,60,56,"187cm | 6'2""",0,-,-,Trelleborgs FF,Sweden
Fredrik Lundgren,61,CB,,0,2.0,3,62,43,54,50,62,59,"187cm | 6'2""",0,-,-,GAIS,Sweden
Dean Heffernan,61,LB,,0,2.0,3,77,55,58,63,61,57,"186cm | 6'1""",0,-,-,Melbourne Heart FC,Australia
Toni Wachsmuth,61,RB,,0,2.0,3,73,29,49,33,64,62,"182cm | 6'0""",0,-,-,SC Paderborn 07,Germany
Stéphane Zubar,61,CB,,0,2.0,3,61,35,44,38,61,62,"189cm | 6'2""",0,-,-,Plymouth Argyle,France
Pedro Beltrán,61,RM,,0,2.0,3,71,54,58,64,49,54,"177cm | 5'10""",0,-,-,Atlante,Mexico
Dean Furman,61,CM,,0,3.0,3,63,59,66,64,59,45,"175cm | 5'9""",0,-,-,Oldham Athletic,South Africa
Pierluigi Frattali,61,GK,,0,1.0,1,62,61,59,63,52,60,"185cm | 6'1""",0,-,-,Frosinone,Italy
Nick Ward,61,CAM,,0,3.0,3,68,58,60,61,52,51,"183cm | 6'0""",0,-,-,Wellington Phoenix,Australia
Goran Ljubojević,61,ST,,0,3.0,3,50,64,46,53,60,74,"190cm | 6'3""",0,-,-,A. Solna,Croatia
Oscar Vega Salinas,61,CF,,0,3.0,3,72,58,40,61,50,56,"175cm | 5'9""",0,-,-,Sociedad Deportiva Huesca S.A.D.,Spain
Manuel Junglas,61,CF,,0,2.0,4,70,56,58,58,56,64,"187cm | 6'2""",0,-,-,Alemannia Aachen,Germany
Marcos Landeira Álvarez,61,CM,,0,2.0,3,62,57,57,57,62,59,"182cm | 6'0""",0,-,-,Real Sporting de Gijón S.A.D.,Spain
Mike Jones,61,LM,,0,2.0,3,71,44,58,65,50,29,"183cm | 6'0""",0,-,-,Bury,England
Jim McNulty,61,LB,,0,2.0,3,60,48,54,62,62,64,"183cm | 6'0""",0,-,-,Scunthorpe United,Scotland
Dong Hyun Seo,61,ST,,0,3.0,3,60,57,51,60,52,67,"188cm | 6'2""",0,-,-,Gangwon FC,Korea Republic
Rayco García Dauta,61,CF,,0,3.0,3,81,57,46,68,46,62,"165cm | 5'5""",0,-,-,Rayo Vallecano de Madrid S.A.D.,Spain
Dean Cox,61,RM,,0,3.0,4,72,51,60,59,46,42,"163cm | 5'4""",0,-,-,Leyton Orient,England
Michael Harrington,61,LB,,0,2.0,4,74,58,51,59,62,62,"183cm | 6'0""",0,-,-,Kansas City Wizards,United States
Gianluca Freddi,61,CB,,0,2.0,3,68,26,35,32,62,50,"185cm | 6'1""",0,-,-,Grosseto,Italy
Tae Goon Ha,61,ST,,0,2.0,3,63,58,45,61,49,65,"187cm | 6'2""",0,-,-,Suwon Samsung Bluewings,Korea Republic
Abdul-Yakuni Iddi,61,CAM,,0,3.0,4,65,57,58,68,48,56,"173cm | 5'8""",0,-,-,KV Mechelen,Ghana
Bobby Burling,61,CB,,0,2.0,2,58,42,46,47,62,59,"196cm | 6'5""",0,-,-,San Jose Earthquakes,United States
Stuart Musialik,61,CDM,,0,2.0,4,42,56,53,52,59,46,"175cm | 5'9""",0,-,-,Sydney FC,Australia
Tando Velaphi,61,GK,,0,1.0,2,67,54,59,67,58,55,"185cm | 6'1""",0,-,-,Perth Glory FC,Australia
Michal Valenta,61,CB,,0,2.0,3,67,42,56,42,59,66,"187cm | 6'2""",0,-,-,FK Ústí nad Labem,Czech Republic
Jakub Řezníček,61,ST,,0,2.0,3,67,59,53,61,54,56,"186cm | 6'1""",0,-,-,Mladá Boleslav,Czech Republic
Josef Jindřišek,61,RB,,0,2.0,3,64,53,58,62,58,60,"178cm | 5'10""",0,-,-,Bohemians 1905,Czech Republic
Tomáš Bureš,61,GK,,0,1.0,3,75,61,42,51,50,61,"187cm | 6'2""",0,-,-,1. FC Brno,Czech Republic
Bořek Dočkal,61,RM,,0,3.0,4,60,59,57,65,55,60,"181cm | 5'11""",0,-,-,Konyaspor,Czech Republic
Kim Odelius,61,LB,,0,2.0,3,71,24,51,44,59,68,"181cm | 5'11""",0,-,-,IF Brommapojkarna,Sweden
Joakim Runnemo,61,ST,,0,2.0,3,80,56,56,57,57,52,"180cm | 5'11""",0,-,-,IF Brommapojkarna,Sweden
Pierre Bengtsson,61,LWB,,0,2.0,3,69,61,63,61,60,50,"176cm | 5'9""",0,-,-,FC Nordsjælland,Sweden
Jakob Johansson,61,CM,,0,2.0,2,58,49,56,62,63,64,"187cm | 6'2""",0,-,-,IFK Göteborg,Sweden
John Hutchinson,61,LM,,0,2.0,5,68,66,54,57,54,22,"179cm | 5'10""",0,-,-,Central Coast Mariners FC,Malta
Tom Pondeljak,61,CAM,,0,3.0,4,56,57,55,61,55,47,"177cm | 5'10""",0,-,-,Melbourne Victory FC,Australia
Attila Filkor,61,LF,,0,3.0,3,76,54,60,61,57,58,"181cm | 5'11""",0,-,-,Trieste,Hungary
Fabian Müller,61,RB,,0,2.0,4,80,51,61,65,62,52,"175cm | 5'9""",0,-,-,FC Erzgebirge Aue,Germany
Chris Whelpdale,61,RM,,0,2.0,2,72,49,57,58,48,56,"184cm | 6'0""",0,-,-,Peterborough United,England
Matt Simon,61,ST,,0,2.0,2,63,54,40,58,59,70,"188cm | 6'2""",0,-,-,Central Coast Mariners FC,Australia
Steven Lang,61,RM,,0,2.0,3,71,55,57,61,55,54,"174cm | 5'9""",0,-,-,Grasshopper-Club,Switzerland
Fabian Frei,61,RM,,0,2.0,3,68,60,61,54,61,48,"181cm | 5'11""",0,-,-,FC St. Gallen,Switzerland
Danny Earls,61,LB,,0,2.0,2,74,48,54,64,59,62,"175cm | 5'9""",0,-,-,Colorado Rapids,Republic of Ireland
Patrick Kavanagh,61,RW,,0,3.0,2,71,48,54,67,39,46,"173cm | 5'8""",0,-,-,Shamrock Rovers,Republic of Ireland
Andreas Bjelland,61,CB,,0,2.0,4,66,52,56,55,63,56,"188cm | 6'2""",0,-,-,FC Nordsjælland,Denmark
Zlatan Azinovic,61,GK,,0,1.0,2,57,54,53,69,52,64,"183cm | 6'0""",0,-,-,Kalmar FF,Sweden
Kim Falkenberg,61,RWB,,0,2.0,3,78,21,50,56,60,60,"180cm | 5'11""",0,-,-,SpVgg Greuther Fürth,Germany
Dennis Schmidt,61,ST,,0,2.0,3,69,57,46,63,43,59,"188cm | 6'2""",0,-,-,VfL Osnabrück,Germany
Miloš Bosančić,61,CAM,,0,4.0,3,68,57,60,63,59,61,"182cm | 6'0""",0,-,-,Slovan Liberec,Serbia
Cyprien Baguette,61,GK,,0,1.0,3,63,58,60,66,54,54,"188cm | 6'2""",0,-,-,Royal Charleroi SC,Belgium
Jean-Yves Mvoto,61,CB,,0,2.0,3,65,28,34,30,62,68,"193cm | 6'4""",0,-,-,Oldham Athletic,France
Kevin Wolze,61,CM,,0,2.0,3,70,51,59,61,62,65,"175cm | 5'9""",0,-,-,VfL Wolfsburg,Germany
Diogo Tavares,61,ST,,0,2.0,3,71,56,54,61,56,60,"185cm | 6'1""",0,-,-,Frosinone,Portugal
Jan Lecjaks,61,LB,,0,2.0,2,66,50,58,58,61,60,"185cm | 6'1""",0,-,-,RSC Anderlecht,Czech Republic
Riccardo Maniero,61,ST,,0,2.0,3,69,59,46,59,55,66,"185cm | 6'1""",0,-,-,Pescara,Italy
James Bailey,61,CM,,0,2.0,5,68,52,61,63,56,51,"183cm | 6'0""",0,-,-,Derby County,England
Simone Gozzi,61,CB,,0,2.0,3,63,37,40,36,63,63,"188cm | 6'2""",0,-,-,Modena,Italy
Jordan Rhodes,61,ST,,0,2.0,3,73,58,37,62,52,62,"185cm | 6'1""",0,-,-,Huddersfield Town,England
Donovan Deekman,61,RW,,0,3.0,4,78,50,51,64,42,47,"182cm | 6'0""",0,-,-,Sporting Lokeren OV,Netherlands
Ryan Dickson,61,LB,,0,2.0,3,71,38,57,59,63,59,"178cm | 5'10""",0,-,-,Southampton,England
Michal Pazdan,61,CB,,0,2.0,3,52,38,50,52,59,59,"180cm | 5'11""",0,-,-,Górnik Zabrze,Poland
Yoel,61,GK,,0,1.0,3,60,61,60,65,50,57,"185cm | 6'1""",0,-,-,Real Club Celta de Vigo S.A.D.,Spain
Sainey Nyassi,61,RM,,0,3.0,3,89,55,51,64,48,46,"173cm | 5'8""",0,-,-,New England Revolution,Gambia
Hamza Cakir,61,CB,,0,2.0,4,62,25,35,28,61,64,"181cm | 5'11""",0,-,-,Kayserispor,Turkey
Dmitriy Molosh,61,LB,,0,2.0,3,66,64,44,37,63,62,"174cm | 5'9""",0,-,-,Sibir Novosibirsk,Belarus
Daniel Galbraith,61,LW,,0,3.0,3,72,47,57,61,48,44,"175cm | 5'9""",0,-,-,Hibernian,Scotland
Rhys Murphy,61,ST,,0,2.0,3,75,53,40,61,42,54,"177cm | 5'10""",0,-,-,Arsenal,England
Luke Ayling,61,CB,,0,2.0,4,60,24,35,38,60,74,"180cm | 5'11""",0,-,-,Yeovil Town,England
Ian Joyce,61,GK,,0,1.0,2,59,69,52,69,40,55,"191cm | 6'3""",0,-,-,Colorado Rapids,United States
Seth Nana Ofori-Twumasi,61,RB,,0,2.0,3,78,44,46,32,64,69,"173cm | 5'8""",0,-,-,Peterborough United,England
Beg Ferati,61,CB,,0,2.0,3,64,48,55,58,60,61,"186cm | 6'1""",0,-,-,FC Basel 1893,Switzerland
Liam Kelly,61,RM,,0,2.0,3,61,48,61,64,55,48,"176cm | 5'9""",0,-,-,Kilmarnock,England
Mustapha Carayol,61,LW,,0,4.0,4,83,29,46,78,42,36,"174cm | 5'9""",0,-,-,Lincoln City,England
Eric Avila,61,CF,,0,3.0,4,72,60,53,62,52,53,"175cm | 5'9""",0,-,-,FC Dallas,United States
Scott Wagstaff,61,RW,,0,2.0,4,69,52,58,60,48,48,"175cm | 5'9""",0,-,-,Charlton Athletic,England
Angelo Balanta,61,LW,,0,3.0,3,74,56,53,60,48,52,"179cm | 5'10""",0,-,-,Milton Keynes Dons,England
Alex Costa dos Santos,61,CB,,0,2.0,3,59,39,51,41,62,56,"190cm | 6'3""",0,-,-,KAS Eupen,Brazil
Alberto,61,GK,,0,1.0,3,65,57,56,65,58,58,"182cm | 6'0""",0,-,-,Córdoba Club de Fútbol S.A.D.,Spain
Gilles Augustin Binya,61,CM,,0,2.0,4,69,50,58,59,67,60,"176cm | 5'9""",0,-,-,Neuchâtel Xamax,Cameroon
Julius James,61,CB,,0,2.0,4,78,40,38,42,60,70,"183cm | 6'0""",0,-,-,D.C. United,Trinidad &amp; Tobago
Bobby Grant,61,ST,,0,2.0,3,72,60,56,64,51,52,"180cm | 5'11""",0,-,-,Scunthorpe United,England
Sean Morrison,61,CB,,0,2.0,3,68,21,30,34,59,69,"185cm | 6'1""",0,-,-,Swindon Town,England
Jared Jeffrey,61,CM,,0,2.0,3,72,52,56,61,58,62,"178cm | 5'10""",0,-,-,1. FSV Mainz 05,United States
Jarno Molenberghs,61,RM,,0,2.0,3,68,55,58,57,53,56,"176cm | 5'9""",0,-,-,KVC Westerlo,Belgium
Sang Min Seo,61,CAM,,0,3.0,3,69,62,62,63,63,58,"175cm | 5'9""",0,-,-,GyeongNam FC,Korea Republic
Jae Joon Ahn,61,CB,,0,2.0,2,65,26,42,46,62,58,"186cm | 6'1""",0,-,-,Incheon United FC,Korea Republic
Dong Gun Cho,61,ST,,0,3.0,3,66,52,53,62,49,65,"180cm | 5'11""",0,-,-,Seongnam Ilhwa Chunma,Korea Republic
Ho Jun You,61,CM,,0,2.0,3,63,55,62,66,59,56,"183cm | 6'0""",0,-,-,Busan I'Park,Korea Republic
Bertin Samuel Zé Ndille,61,CB,,0,2.0,4,67,35,41,39,60,76,"194cm | 6'4""",0,-,-,Örebro SK,Cameroon
William Jidayi,61,CM,,0,3.0,3,73,57,55,53,68,76,"188cm | 6'2""",0,-,-,Padua,Italy
Leon Balogun,61,CB,,0,2.0,4,67,31,36,36,65,66,"190cm | 6'3""",0,-,-,Werder Bremen,Germany
Aziz Bouhaddouz,61,ST,,0,3.0,4,71,58,41,61,45,62,"188cm | 6'2""",0,-,-,FSV Frankfurt,Morocco
Dimitrios Pappas,61,CB,,0,2.0,3,64,32,42,41,62,63,"180cm | 5'11""",0,-,-,Rot-Weiß Oberhausen,Greece
Marcel Landers,61,RM,,0,2.0,3,82,51,61,54,63,60,"183cm | 6'0""",0,-,-,Rot-Weiß Oberhausen,Germany
Andrea Pierobon,61,GK,,0,1.0,1,67,62,65,50,25,70,"183cm | 6'0""",0,-,-,Cittadella,Italy
Simone Villanova,61,GK,,0,1.0,1,60,60,55,62,50,62,"185cm | 6'1""",0,-,-,Cittadella,Italy
Jose Martinez Cervera,61,RB,,0,2.0,3,71,27,46,50,66,58,"175cm | 5'9""",0,-,-,Girona Fútbol Club S.A.D. ,Spain
Samuel Geoffroy Camille,61,LB,,0,2.0,3,82,35,49,63,65,60,"176cm | 5'9""",0,-,-,Córdoba Club de Fútbol S.A.D.,France
Hólmar Örn Eyjólfsson,61,CB,,0,2.0,3,60,43,55,48,61,62,"188cm | 6'2""",0,-,-,West Ham United,Iceland
Lennart Hartmann,61,CM,,0,3.0,2,67,57,59,62,60,56,"173cm | 5'8""",0,-,-,Hertha BSC,Germany
Niklas Andersen,61,LB,,0,2.0,3,65,37,52,48,63,64,"191cm | 6'3""",0,-,-,Werder Bremen,Germany
Jesper Florén,61,RM,,0,3.0,3,75,55,46,65,47,56,"178cm | 5'10""",0,-,-,GAIS,Sweden
Mohamed Amsif,61,GK,,0,1.0,4,64,56,44,73,47,54,"187cm | 6'2""",0,-,-,FC Augsburg,Germany
Mikhail Bakaev,61,CM,,0,2.0,4,62,54,61,63,58,60,"178cm | 5'10""",0,-,-,Anzhi Makhachkala,Russia
Rodriguez Lombán,61,CB,,0,2.0,3,62,56,45,48,62,66,"185cm | 6'1""",0,-,-,Xerez Club Deportivo S.A.D.,Spain
Kieran Djilali,61,RW,,0,3.0,4,81,55,53,60,52,53,"191cm | 6'3""",0,-,-,Crystal Palace,England
Quique,61,ST,,0,3.0,3,68,63,45,64,46,50,"175cm | 5'9""",0,-,-,Real Valladolid Club de Fútbol S.A.D.,Spain
Lorenzo Del Prete,61,RWB,,0,2.0,2,75,40,63,53,62,62,"176cm | 5'9""",0,-,-,Pescara,Italy
Boubacar D. Diabang,61,LW,,0,3.0,3,69,57,52,63,46,56,"179cm | 5'10""",0,-,-,KV Mechelen,Bosnia Herzegovina
Kai van Hese,61,LB,,0,3.0,3,67,38,59,63,60,58,"173cm | 5'8""",0,-,-,ADO Den Haag,Netherlands
Ángel Bernabé Acosta,61,GK,,0,1.0,3,61,66,56,64,40,58,"191cm | 6'3""",0,-,-,Unión Deportiva Salamanca S.A.D.,Spain
Dawda Leigh,61,RW,,0,4.0,3,74,57,47,66,51,55,"185cm | 6'1""",0,-,-,Vålerenga Fotball,Norway
Admir Raščić,61,ST,,0,2.0,3,70,57,38,61,50,64,"192cm | 6'4""",0,-,-,Sandefjord Fotball,Bosnia Herzegovina
Victor Pálsson,61,CM,,0,2.0,4,68,53,58,62,55,58,"185cm | 6'1""",0,-,-,Liverpool,Iceland
Danny Cruz,61,RM,,0,3.0,2,80,53,53,55,49,56,"173cm | 5'8""",0,-,-,Houston Dynamo,United States
Jean-Marc Alexandre,61,CDM,,0,2.0,2,63,54,50,60,65,62,"180cm | 5'11""",0,-,-,Real Salt Lake,Haiti
Rémi Pillot,61,GK,,0,1.0,3,61,65,69,65,26,56,"182cm | 6'0""",0,-,-,A.S. Nancy Lorraine,France
Cam Weaver,61,ST,,0,2.0,3,66,60,32,56,53,73,"193cm | 6'4""",0,-,-,Houston Dynamo,United States
Tobias Sana,61,RW,,0,3.0,4,65,47,55,71,45,45,"174cm | 5'9""",0,-,-,IFK Göteborg,Sweden
Srdjan Pavlov,61,ST,,0,1.0,4,65,58,42,53,49,70,"190cm | 6'3""",0,-,-,KSV Superfund,Serbia
Hyuk Jeong,61,CAM,,0,3.0,3,64,58,66,66,61,54,"175cm | 5'9""",0,-,-,Incheon United FC,Korea Republic
Valon Berisha,61,CAM,,0,3.0,3,76,57,49,67,44,48,"177cm | 5'10""",0,-,-,Viking FK,Norway
Jong Eun Lim,61,CB,,0,2.0,3,52,36,43,50,62,67,"192cm | 6'4""",0,-,-,Ulsan Hyundai Horang-i,Korea Republic
Ik Hyun Kim,61,RM,,0,3.0,3,62,48,61,64,53,48,"176cm | 5'9""",0,-,-,Busan I'Park,Korea Republic
Jung Hae Park,61,CB,,0,2.0,3,55,46,42,49,58,62,"183cm | 6'0""",0,-,-,Daejeon Citizen,Korea Republic
Dae Jong Bang,61,CB,,0,2.0,3,66,44,36,40,57,66,"184cm | 6'0""",0,-,-,Daegu FC,Korea Republic
Hrvoje Milić,61,LM,,0,3.0,1,71,50,56,62,49,48,"183cm | 6'0""",0,-,-,Djurgårdens IF,Croatia
Niklas Hult,61,LM,,0,2.0,4,71,41,59,63,46,36,"173cm | 5'8""",0,-,-,IF Elfsborg,Sweden
Tim Björkström,61,CB,,0,2.0,2,60,30,48,26,60,64,"180cm | 5'11""",0,-,-,IF Brommapojkarna,Sweden
Miiko Albornoz,61,LB,,0,3.0,2,80,57,62,71,60,44,"180cm | 5'11""",0,-,-,IF Brommapojkarna,Sweden
Emil Wahlström,61,CB,,0,2.0,3,56,36,49,39,60,69,"183cm | 6'0""",0,-,-,BK Häcken,Sweden
Chukwudi Chijindu,61,ST,,0,3.0,3,66,59,41,66,51,66,"175cm | 5'9""",0,-,-,Club Deportivo Chivas USA,United States
Daniel Ginczek,61,ST,,0,2.0,3,70,57,37,59,54,66,"190cm | 6'3""",0,-,-,Borussia Dortmund,Germany
Dilly Duka,61,CAM,,0,3.0,4,66,59,57,66,55,55,"175cm | 5'9""",0,-,-,Columbus Crew,United States
Matthias Zimmermann,61,RB,,0,2.0,4,74,37,56,54,58,46,"176cm | 5'9""",0,-,-,Karlsruher SC,Germany
Vicente Flor Bustos,61,GK,,0,1.0,2,61,58,71,64,47,57,"183cm | 6'0""",0,-,-,Villarreal Club de Fútbol “B” S.A.D.,Spain
Martin Cseh,61,CB,,0,2.0,3,62,29,46,38,58,58,"185cm | 6'1""",0,-,-,Bohemians 1905,Slovakia
Aziz Ibragimov,61,CF,,0,3.0,3,62,62,51,61,50,62,"182cm | 6'0""",0,-,-,Bohemians 1905,Uzbekistan
Leon Legge,61,CB,,0,2.0,3,51,21,31,27,61,72,"185cm | 6'1""",0,-,-,Brentford,England
Jaume Costa,61,LM,,0,3.0,3,73,48,58,62,56,54,"172cm | 5'8""",0,-,-,Villarreal Club de Fútbol “B” S.A.D.,Spain
Ashley Richards,61,CM,,0,3.0,4,70,47,63,64,60,53,"185cm | 6'1""",0,-,-,Swansea City,Wales
Gaby Jallo,61,LWB,,0,3.0,3,73,50,61,64,61,54,"175cm | 5'9""",0,-,-,Heracles Almelo,Syria
Tomáš Wágner,61,CF,,0,3.0,3,72,60,38,55,53,52,"187cm | 6'2""",0,-,-,1. FK Příbram,Czech Republic
Tiago da Silva Dutra,61,CM,,0,3.0,3,64,58,57,65,63,58,"178cm | 5'10""",0,-,-,Villarreal Club de Fútbol “B” S.A.D.,Brazil
Oliver Baumann,61,GK,,0,1.0,2,68,62,62,59,52,54,"187cm | 6'2""",0,-,-,SC Freiburg,Germany
David Wotherspoon,61,RM,,0,3.0,3,67,46,60,60,60,65,"181cm | 5'11""",0,-,-,Hibernian,Scotland
Benjamin Pintol,61,RM,,0,2.0,3,67,58,54,63,51,62,"188cm | 6'2""",0,-,-,FSV Frankfurt,Germany
Jeffrey Rijsdijk,61,RM,,0,2.0,3,69,59,57,65,49,46,"176cm | 5'9""",0,-,-,FC Groningen,Netherlands
James Collins,61,ST,,0,2.0,3,59,62,29,59,55,68,"183cm | 6'0""",0,-,-,Aston Villa,Republic of Ireland
James Spray,61,ST,,0,3.0,3,70,65,40,51,43,58,"183cm | 6'0""",0,-,-,Wolverhampton Wanderers,England
Ashley Eastham,61,CB,,0,2.0,2,66,24,41,41,58,64,"191cm | 6'3""",0,-,-,Blackpool,England
Jonas Sakuwaha,61,ST,,0,3.0,3,66,56,66,58,51,64,"182cm | 6'0""",0,-,-,Havre Athletic Club,Zambia
Sergey Andrianov,61,CAM,,0,2.0,2,63,62,52,60,48,54,"192cm | 6'4""",0,-,-,Krylya Sovetov Samara,Russia
Nika Piliev,61,CM,,0,2.0,3,71,57,72,54,54,62,"176cm | 5'9""",0,-,-,Amkar Perm,Russia
Joel Robles,61,GK,,0,1.0,2,61,57,62,60,49,64,"193cm | 6'4""",0,-,-,Club Atlético de Madrid S.A.D.,Spain
Sergio Rodríguez Sánchez,61,CB,,0,2.0,3,68,25,45,36,59,66,"177cm | 5'10""",0,-,-,Real Club Celta de Vigo S.A.D.,Spain
Osael Romero,61,CAM,,0,3.0,4,72,64,55,64,49,48,"168cm | 5'6""",0,-,-,Club Deportivo Chivas USA,El Salvador
Corben Bone,61,CAM,,0,3.0,4,72,58,60,60,52,61,"175cm | 5'9""",0,-,-,Chicago Fire,United States
Blair Gavin,61,CDM,,0,2.0,3,71,60,53,67,61,64,"183cm | 6'0""",0,-,-,Club Deportivo Chivas USA,United States
Santy Hulst,61,ST,,0,3.0,3,71,58,45,61,50,60,"182cm | 6'0""",0,-,-,ADO Den Haag,Netherlands
Eric Alexander,61,CM,,0,2.0,3,67,56,56,60,59,62,"185cm | 6'1""",0,-,-,FC Dallas,United States
Collen Warner,61,RM,,0,2.0,3,73,54,52,61,49,51,"178cm | 5'10""",0,-,-,Real Salt Lake,United States
Alon Abelski,61,CAM,,0,2.0,4,74,56,59,67,45,54,"173cm | 5'8""",0,-,-,Arminia Bielefeld,Germany
Shaun Francis,61,LB,,0,2.0,2,79,37,54,61,61,60,"183cm | 6'0""",0,-,-,Columbus Crew,Jamaica
Philipp Wollscheid,61,CB,,0,1.0,4,65,27,38,43,63,65,"194cm | 6'4""",0,-,-,1. FC Nürnberg,Germany
Conor Chinn,61,ST,,0,2.0,3,73,56,38,58,49,66,"183cm | 6'0""",0,-,-,New York Red Bulls,United States
Sergey Panov,61,GK,,0,1.0,2,58,65,65,67,45,60,"189cm | 6'2""",0,-,-,Dinamo Moskva,Russia
Kyle Nakazawa,61,CM,,0,3.0,3,69,63,59,65,58,62,"180cm | 5'11""",0,-,-,Philadelphia Union,United States
Paulus Arajuuri,61,CB,,0,2.0,3,60,25,35,44,65,70,"192cm | 6'4""",0,-,-,Kalmar FF,Sweden
Alexandr Kolomeytsev,61,CM,,0,2.0,3,61,51,65,62,59,69,"183cm | 6'0""",0,-,-,Amkar Perm,Russia
Thanos Petsos,61,RB,,0,2.0,3,60,30,47,41,56,65,"184cm | 6'0""",0,-,-,1. FC Kaiserslautern,Greece
Robin Cederberg,61,LB,,0,2.0,3,64,49,62,39,62,54,"188cm | 6'2""",0,-,-,Mjällby AIF ,Sweden
Steven Ruprecht,61,CB,,0,2.0,3,63,50,54,54,61,66,"191cm | 6'3""",0,-,-,FC Ingolstadt 04,Germany
Moise Bambara,61,RM,,0,2.0,3,71,60,58,62,57,56,"185cm | 6'1""",0,-,-,FC Ingolstadt 04,Germany
Mathias Wittek,61,CB,,0,2.0,3,63,46,49,45,63,65,"193cm | 6'4""",0,-,-,FC Ingolstadt 04,Germany
Tobias Waisapy,61,LB,,0,3.0,3,74,43,55,62,62,56,"167cm | 5'6""",0,-,-,SBV Excelsior,Netherlands
Sefa Yilmaz,61,RM,,0,2.0,5,66,53,61,62,52,49,"183cm | 6'0""",0,-,-,MSV Duisburg,Germany
Marcel Lenz,61,GK,,0,1.0,3,61,58,56,64,51,61,"187cm | 6'2""",0,-,-,MSV Duisburg,Germany
Tolga Cigerci,61,CDM,,0,2.0,3,71,40,56,59,59,64,"185cm | 6'1""",0,-,-,VfL Wolfsburg,Turkey
Kenny Lunt,60,CM,,0,3.0,3,55,38,68,51,48,50,"180cm | 5'11""",0,-,-,Hereford,England
Andreas Neuendorf,60,CM,,0,3.0,4,56,54,60,63,57,50,"178cm | 5'10""",0,-,-,Hertha BSC,Germany
Aaron Wilbraham,60,ST,,0,2.0,3,63,57,43,46,56,77,"191cm | 6'3""",0,-,-,Milton Keynes Dons,England
Aaron Lescott,60,RB,,0,2.0,4,75,18,38,26,60,68,"173cm | 5'8""",0,-,-,Walsall,England
Chris Innes,60,CB,,0,2.0,2,52,18,38,29,59,66,"183cm | 6'0""",0,-,-,Inverness Caledonian Thistle,Scotland
Jeffrey Aubynn,60,LM,,0,3.0,2,56,64,63,59,57,52,"183cm | 6'0""",0,-,-,Malmö FF,Sweden
Fredrik Berglund,60,CF,,0,3.0,3,71,63,44,48,48,60,"177cm | 5'10""",0,-,-,IF Elfsborg,Sweden
Frédéric Page,60,RB,,0,2.0,2,60,52,57,55,61,62,"184cm | 6'0""",0,-,-,Neuchâtel Xamax,Switzerland
Mike Edwards,60,CB,,0,2.0,3,61,28,41,29,61,68,"183cm | 6'0""",0,-,-,Notts County,England
Peter Gain,60,CM,,0,2.0,3,65,57,61,58,58,56,"175cm | 5'9""",0,-,-,Dagenham and Redbridge,Republic of Ireland
Danny Whitaker,60,CM,,0,3.0,3,59,64,57,59,54,54,"178cm | 5'10""",0,-,-,Chesterfield,England
Roy McBain,60,CDM,,0,2.0,4,57,40,58,52,58,66,"180cm | 5'11""",0,-,-,Inverness Caledonian Thistle,Scotland
Carey Talley,60,RB,,0,2.0,3,57,61,56,54,62,63,"188cm | 6'2""",0,-,-,D.C. United,United States
Ian Breckin,60,CB,,0,2.0,3,46,23,30,25,65,74,"180cm | 5'11""",0,-,-,Chesterfield,England
Danny Harrison,60,CM,,0,2.0,3,65,57,58,52,61,59,"180cm | 5'11""",0,-,-,Rotherham United,England
Scott McGleish,60,ST,,0,2.0,3,62,56,38,37,53,77,"175cm | 5'9""",0,-,-,Leyton Orient,England
Marc Bridge-Wilkinson,60,CM,,0,3.0,4,64,55,62,68,53,54,"173cm | 5'8""",0,-,-,Carlisle United,England
Fredrik Nordback,60,CM,,0,2.0,3,60,42,62,43,60,54,"181cm | 5'11""",0,-,-,Örebro SK,Finland
Peter Westman,60,GK,,0,1.0,3,58,56,44,65,35,61,"185cm | 6'1""",0,-,-,Örebro SK,Sweden
Per Morten Kristiansen,60,GK,,0,1.0,3,49,63,63,73,64,60,"185cm | 6'1""",0,-,-,FK Haugesund,Norway
Nick Garcia,60,CB,,0,2.0,3,56,42,47,49,59,58,"178cm | 5'10""",0,-,-,Toronto FC,United States
James Fowler,60,CM,,0,2.0,3,62,17,64,60,64,64,"175cm | 5'9""",0,-,-,Kilmarnock,Scotland
Fernando Troyansky,60,RB,,0,2.0,5,67,32,41,61,61,62,"179cm | 5'10""",0,-,-,FK Austria Wien,Argentina
Daniel Forsell,60,CB,,0,2.0,3,63,39,47,47,57,70,"178cm | 5'10""",0,-,-,BK Häcken,Sweden
Marcus Jarlegren,60,LB,,0,2.0,3,60,49,54,59,60,55,"176cm | 5'9""",0,-,-,BK Häcken,Sweden
Christian Järdler,60,LB,,0,2.0,3,65,58,56,53,63,66,"184cm | 6'0""",0,-,-,Halmstads BK,Sweden
Kasper Jensen,60,GK,,0,1.0,2,62,65,56,58,61,57,"193cm | 6'4""",0,-,-,FC Midtjylland,Denmark
Joseph Elanga,60,LB,,0,2.0,1,69,45,61,58,60,48,"181cm | 5'11""",0,-,-,Malmö FF,Cameroon
Morten Skjønsberg,60,CB,,0,2.0,3,65,45,55,44,61,70,"181cm | 5'11""",0,-,-,Stabæk Fotball,Norway
Alessandro Mangiarratti,60,CB,,0,2.0,3,58,24,41,31,60,62,"182cm | 6'0""",0,-,-,AC Bellinzona,Switzerland
Derek Lyle,60,ST,,0,2.0,3,65,59,51,58,53,56,"173cm | 5'8""",0,-,-,Hamilton Academicals,Scotland
Willy Guéret,60,GK,,0,1.0,3,61,45,66,66,35,58,"185cm | 6'1""",0,-,-,Milton Keynes Dons,France
Peter Nyström,60,CDM,,0,2.0,3,54,48,57,54,64,76,"195cm | 6'5""",0,-,-,BK Häcken,Sweden
Stefan Kulovits,60,CDM,,0,2.0,3,68,50,54,53,59,60,"178cm | 5'10""",0,-,-,SK Rapid Wien,Austria
Gary Twigg,60,CF,,0,2.0,2,63,59,44,58,48,62,"179cm | 5'10""",0,-,-,Shamrock Rovers,Scotland
Jonathan Fortune,60,CB,,0,2.0,3,70,44,52,50,61,64,"188cm | 6'2""",0,-,-,Charlton Athletic,England
Matt Bloomfield,60,CM,,0,2.0,3,67,39,56,55,60,60,"173cm | 5'8""",0,-,-,Wycombe Wanderers,England
Robert Page,60,CB,,0,2.0,3,41,28,25,36,65,69,"183cm | 6'0""",0,-,-,Chesterfield,Wales
Simon Royce,60,GK,,0,1.0,3,53,65,61,55,56,64,"188cm | 6'2""",0,-,-,Brentford,England
Marcin Malinowski,60,CDM,,0,2.0,3,58,54,45,47,61,58,"179cm | 5'10""",0,-,-,Ruch Chorzów,Poland
Mark Phillips,60,CB,,0,2.0,3,62,32,40,44,62,69,"188cm | 6'2""",0,-,-,Southend United,England
Juri Tamburini,60,LM,,0,3.0,3,59,62,60,58,58,71,"181cm | 5'11""",0,-,-,Modena,Italy
Rubén Sanz Alonso,60,CM,,0,2.0,3,62,58,57,54,66,55,"183cm | 6'0""",0,-,-,Agrupación Deportiva Alcorcón,Spain
Alexander Schnetzler,60,RWB,,0,2.0,3,65,46,54,60,58,60,"173cm | 5'8""",0,-,-,VfL Osnabrück,Germany
Stephen Purches,60,LB,,0,2.0,4,62,30,37,45,64,55,"180cm | 5'11""",0,-,-,Bournemouth,England
Daniel Coid,60,RB,,0,2.0,4,65,50,61,53,56,64,"180cm | 5'11""",0,-,-,Blackpool,England
Marco Sejna,60,GK,,0,1.0,3,66,62,45,58,41,57,"190cm | 6'3""",0,-,-,Hertha BSC,Germany
Denis Godeas,60,ST,,0,3.0,3,54,60,38,35,58,75,"187cm | 6'2""",0,-,-,Trieste,Italy
Giuseppe Gemiti,60,LWB,,0,3.0,4,71,42,58,52,60,64,"176cm | 5'9""",0,-,-,Novara,Germany
Ersin Demir,60,LF,,0,3.0,4,66,58,44,62,43,55,"174cm | 5'9""",0,-,-,FC Ingolstadt 04,Turkey
Cássio José de Abreu Oliveira,60,LWB,,0,3.0,3,67,64,61,66,62,32,"168cm | 5'6""",0,-,-,Adelaide United,Brazil
Won Kwon Choi,60,RWB,,0,2.0,3,68,47,60,47,61,38,"176cm | 5'9""",0,-,-,Gwangju Sangmu FC,Korea Republic
Joon Young Lee,60,CF,,0,3.0,3,63,56,53,61,50,56,"177cm | 5'10""",0,-,-,Incheon United FC,Korea Republic
Jong Min Lee,60,RB,,0,2.0,4,77,55,59,68,59,54,"174cm | 5'9""",0,-,-,FC Seoul,Korea Republic
Hyun Choi,60,GK,,0,1.0,2,59,54,49,65,38,64,"192cm | 6'4""",0,-,-,Busan I'Park,Korea Republic
Dae Eui Kim,60,LWB,,0,3.0,3,68,63,62,66,56,43,"174cm | 5'9""",0,-,-,Suwon Samsung Bluewings,Korea Republic
Joon Ho Cho,60,GK,,0,1.0,2,62,61,58,55,38,60,"183cm | 6'0""",0,-,-,Daegu FC,Korea Republic
Jamal Alioui,60,CB,,0,2.0,3,63,42,58,52,58,57,"178cm | 5'10""",0,-,-,Kardemir Karabükspor,Morocco
Ruben Garlini,60,CB,,0,2.0,3,44,42,50,40,55,60,"184cm | 6'0""",0,-,-,A. Leffe,Italy
Matteo Gritti,60,GK,,0,1.0,2,65,56,54,67,41,50,"185cm | 6'1""",0,-,-,AC Bellinzona,Italy
Ernst Öbster,60,CAM,,0,3.0,3,71,58,52,67,49,50,"178cm | 5'10""",0,-,-,FC Wacker Innsbruck,Austria
Arnaud Maire,60,CB,,0,2.0,3,60,42,44,38,61,60,"181cm | 5'11""",0,-,-,AC Ajaccio,France
Erminio Rullo,60,LWB,,0,3.0,2,70,55,57,60,60,58,"179cm | 5'10""",0,-,-,Napoli,Italy
Joao Paulo di Fabio,60,LB,,0,2.0,3,59,44,49,54,57,62,"185cm | 6'1""",0,-,-,Portimão,Italy
Necat Aygün,60,CB,,0,2.0,3,50,35,35,38,59,66,"190cm | 6'3""",0,-,-,TSV 1860 München,Turkey
Nicklas Carlsson,60,CB,,0,2.0,3,58,48,52,48,57,63,"182cm | 6'0""",0,-,-,IFK Göteborg,Sweden
Jon Otsemobor,60,RB,,0,2.0,2,86,36,52,62,64,62,"178cm | 5'10""",0,-,-,Sheffield Wednesday,England
Arnaud Bühler,60,LWB,,0,2.0,3,65,43,56,49,61,60,"187cm | 6'2""",0,-,-,FC Sion,Switzerland
Stéphen Drouin,60,CB,,0,2.0,3,66,45,49,48,61,68,"186cm | 6'1""",0,-,-,ESTAC,France
Evans Soligo,60,CM,,0,2.0,2,71,59,58,60,62,56,"176cm | 5'9""",0,-,-,Vicenza,Italy
Luke Oliver,60,CB,,0,2.0,3,58,29,19,22,61,76,"201cm | 6'7""",0,-,-,Bradford City,England
Kris Taylor,60,LB,,0,3.0,3,68,32,53,60,64,60,"175cm | 5'9""",0,-,-,Port Vale,England
Min Chul Baek,60,GK,,0,1.0,2,65,50,56,66,53,57,"185cm | 6'1""",0,-,-,Daegu FC,Korea Republic
Ricky Ravenhill,60,CM,,0,3.0,3,66,53,55,60,65,66,"178cm | 5'10""",0,-,-,Notts County,England
Gary Jones,60,CM,,0,2.0,3,64,48,64,49,65,64,"178cm | 5'10""",0,-,-,Rochdale,England
Hwa Sung Do,60,CAM,,0,3.0,4,66,60,62,55,54,50,"177cm | 5'10""",0,-,-,Incheon United FC,Korea Republic
Jung Hyun Song,60,CAM,,0,2.0,3,63,51,62,58,55,42,"175cm | 5'9""",0,-,-,Chunnam Dragons,Korea Republic
Hyo Il Kim,60,CDM,,0,2.0,3,65,54,56,61,61,54,"180cm | 5'11""",0,-,-,Busan I'Park,Korea Republic
Kwang Yoon Ju,60,CF,,0,2.0,3,59,62,54,55,45,44,"177cm | 5'10""",0,-,-,Gwangju Sangmu FC,Korea Republic
Eun Sung Choi,60,GK,,0,1.0,2,62,60,58,57,43,62,"184cm | 6'0""",0,-,-,Daejeon Citizen,Korea Republic
Gary Borrowdale,60,LB,,0,2.0,3,65,42,56,56,60,64,"183cm | 6'0""",0,-,-,Queens Park Rangers,England
David Proctor,60,RWB,,0,2.0,3,61,23,51,52,60,68,"183cm | 6'0""",0,-,-,Inverness Caledonian Thistle,Scotland
Adam Rundle,60,LW,,0,3.0,3,70,50,54,63,46,50,"178cm | 5'10""",0,-,-,Morecambe,England
Davide Caremi,60,CM,,0,3.0,3,63,53,57,64,57,58,"180cm | 5'11""",0,-,-,Frosinone,Italy
Onur Bayramoğlu,60,CM,,0,3.0,3,63,59,66,66,48,56,"187cm | 6'2""",0,-,-,Beşiktaş JK,Turkey
Martin Andersson,60,CB,,0,2.0,3,62,32,47,49,61,69,"188cm | 6'2""",0,-,-,IF Elfsborg,Sweden
Jari Ilola,60,CDM,,0,2.0,3,55,52,61,65,59,52,"186cm | 6'1""",0,-,-,IF Elfsborg,Finland
Luis Roberto García Toral,60,RB,,0,2.0,4,61,35,59,53,58,54,"171cm | 5'7""",0,-,-,Sociedad Deportiva Huesca S.A.D.,Spain
José Vega Díaz,60,LM,,0,3.0,3,76,46,52,62,54,58,"176cm | 5'9""",0,-,-,Xerez Club Deportivo S.A.D.,Spain
Jesús Cabrero Mora,60,GK,,0,1.0,3,61,63,56,66,42,56,"184cm | 6'0""",0,-,-,Sociedad Deportiva Huesca S.A.D.,Spain
Rafael Carlos Santacruz Aragonés,60,CB,,0,2.0,3,71,37,50,45,57,66,"177cm | 5'10""",0,-,-,Albacete Balompié S.A.D.,Spain
Karen Oganyan,60,ST,,0,2.0,3,69,65,35,47,54,48,"178cm | 5'10""",0,-,-,Alaniya Vladikavkaz,Russia
Michał Goliński,60,CAM,,0,3.0,4,54,62,63,58,56,42,"186cm | 6'1""",0,-,-,Cracovia Kraków,Poland
Łukasz Madej,60,RM,,0,3.0,2,66,49,60,59,48,47,"176cm | 5'9""",0,-,-,Śląsk Wrocław,Poland
Tim Bakens,60,CB,,0,2.0,2,58,54,51,58,63,74,"196cm | 6'5""",0,-,-,FC St. Gallen,Netherlands
Alessandro Tulli,60,RF,,0,2.0,3,63,54,55,59,55,60,"186cm | 6'1""",0,-,-,Piacenza,Italy
Angelo Iorio,60,RB,,0,2.0,2,63,47,46,49,59,63,"180cm | 5'11""",0,-,-,Grosseto,Italy
Miroslav Filipko,60,GK,,0,1.0,3,60,63,59,58,49,62,"189cm | 6'2""",0,-,-,1. FC Slovácko,Slovakia
Barry Ryan,60,GK,,0,1.0,2,58,67,55,58,42,64,"184cm | 6'0""",0,-,-,Galway United,Republic of Ireland
Fabrice Levrat,60,CM,,0,2.0,3,60,49,59,61,58,55,"173cm | 5'8""",0,-,-,Stade Lavallois Mayenne FC,France
Anthony Elding,60,ST,,0,3.0,3,67,56,33,63,50,64,"185cm | 6'1""",0,-,-,Rochdale,England
Andrew Procter,60,CM,,0,2.0,3,65,58,56,59,60,60,"188cm | 6'2""",0,-,-,Accrington Stanley,England
Simon King,60,CB,,0,2.0,4,71,22,56,36,63,68,"183cm | 6'0""",0,-,-,Gillingham,England
Kevin McIntyre,60,CM,,0,2.0,3,65,51,60,55,63,64,"183cm | 6'0""",0,-,-,Shrewsbury,England
Rune Pedersen,60,GK,,0,1.0,3,58,57,56,61,54,60,"188cm | 6'2""",0,-,-,Lyngby BK,Denmark
Hubert Auer,60,GK,,0,1.0,3,60,55,49,61,43,66,"191cm | 6'3""",0,-,-,SV Josko Fenst. Ried,Austria
Dale Tonge,60,RB,,0,2.0,3,64,45,59,58,61,60,"178cm | 5'10""",0,-,-,Rotherham United,England
Alexander Prent,60,RF,,0,3.0,4,59,61,54,56,59,56,"186cm | 6'1""",0,-,-,Halmstads BK,Netherlands
Stuart Nelson,60,GK,,0,1.0,3,60,62,59,57,59,59,"185cm | 6'1""",0,-,-,Notts County,England
Jong Hyun Sung,60,RB,,0,2.0,2,69,41,60,63,60,52,"178cm | 5'10""",0,-,-,Jeonbuk Hyundai Motors,Korea Republic
Won Il Yoon,60,LM,,0,2.0,3,59,48,66,64,52,52,"176cm | 5'9""",0,-,-,Incheon United FC,Korea Republic
Sun Pil Hwang,60,CB,,0,2.0,3,64,38,47,50,57,60,"181cm | 5'11""",0,-,-,Gwangju Sangmu FC,Korea Republic
Hyo Sung Bae,60,CB,,0,2.0,2,54,35,44,30,60,60,"183cm | 6'0""",0,-,-,Gwangju Sangmu FC,Korea Republic
Hyun Kyoo Jang,60,CB,,0,2.0,4,63,35,45,55,56,64,"187cm | 6'2""",0,-,-,Gwangju Sangmu FC,Korea Republic
Olivier Vinamont,60,CDM,,0,2.0,4,67,44,54,47,61,60,"174cm | 5'9""",0,-,-,KAS Eupen,Belgium
Craig Samson,60,GK,,0,1.0,3,59,63,61,61,46,58,"188cm | 6'2""",0,-,-,St. Mirren,Scotland
Denis Behan,60,ST,,0,2.0,3,60,61,42,56,44,54,"183cm | 6'0""",0,-,-,Hartlepool United,Republic of Ireland
Gary MacKenzie,60,CB,,0,2.0,3,61,38,37,47,62,72,"191cm | 6'3""",0,-,-,Milton Keynes Dons,Scotland
Juska Savolainen,60,CM,,0,3.0,4,71,54,58,66,53,54,"173cm | 5'8""",0,-,-,FK Haugesund,Finland
Michael Poke,60,GK,,0,1.0,3,64,59,58,59,53,58,"185cm | 6'1""",0,-,-,Brighton &amp; Hove Albion,England
Kelvin Lomax,60,RB,,0,2.0,4,72,34,59,54,55,63,"180cm | 5'11""",0,-,-,Oldham Athletic,England
Adnan Alisic,60,CAM,,0,3.0,3,62,58,51,63,53,55,"180cm | 5'11""",0,-,-,SBV Excelsior,Netherlands
Ashley Vincent,60,RW,,0,2.0,3,76,49,52,58,41,41,"183cm | 6'0""",0,-,-,Colchester United,England
Angel Javier Hernández Pindado,60,GK,,0,1.0,2,59,54,63,60,52,65,"183cm | 6'0""",0,-,-,Unión Deportiva Las Palmas S.A.D.,Spain
Nicola Ascoli,60,LB,,0,3.0,3,67,47,50,56,63,63,"185cm | 6'1""",0,-,-,Frosinone,Italy
Claudio Lustenberger,60,LB,,0,2.0,3,69,49,60,62,63,62,"182cm | 6'0""",0,-,-,FC Luzern,Switzerland
Scott Barron,60,LB,,0,2.0,3,67,48,56,61,60,52,"175cm | 5'9""",0,-,-,Millwall,England
Jones Kusi-Asare,60,CF,,0,3.0,3,65,56,49,60,48,70,"178cm | 5'10""",0,-,-,Aalborg BK,Sweden
Patrik Haginge,60,RB,,0,2.0,3,61,53,62,48,60,59,"182cm | 6'0""",0,-,-,Djurgårdens IF,Sweden
Vegard Braaten,60,ST,,0,2.0,3,62,58,42,37,50,63,"189cm | 6'2""",0,-,-,Sporting Lokeren OV,Norway
Sam Togwell,60,CM,,0,2.0,4,66,45,57,55,63,60,"178cm | 5'10""",0,-,-,Scunthorpe United,England
Ewald Brenner,60,RM,,0,2.0,3,62,62,64,60,62,62,"183cm | 6'0""",0,-,-,SV Josko Fenst. Ried,Austria
Tomáš Hájovský,60,CB,,0,2.0,2,64,35,50,48,54,63,"196cm | 6'5""",0,-,-,FC Hradec Králové,Slovakia
Jiří Koubský,60,CB,,0,2.0,3,52,51,57,46,59,63,"195cm | 6'5""",0,-,-,Slavia Praha,Czech Republic
Kelvin Langmead,60,CB,,0,2.0,3,62,41,36,42,60,66,"185cm | 6'1""",0,-,-,Peterborough United,England
Kevin Moon,60,CM,,0,2.0,3,70,34,60,63,59,42,"178cm | 5'10""",0,-,-,St. Johnstone FC,Scotland
Stuart Fleetwood,60,ST,,0,3.0,3,67,59,48,59,45,56,"173cm | 5'8""",0,-,-,Hereford,Wales
Craig Rocastle,60,CAM,,0,3.0,3,68,53,54,58,62,62,"188cm | 6'2""",0,-,-,Kansas City Wizards,England
Lee Frecklington,60,CM,,0,2.0,3,64,55,60,54,59,55,"180cm | 5'11""",0,-,-,Peterborough United,England
Dean Beckwith,60,CB,,0,2.0,3,60,25,38,39,61,65,"191cm | 6'3""",0,-,-,Northampton Town,England
Dominic Blizzard,60,CDM,,0,2.0,3,63,26,68,52,57,64,"188cm | 6'2""",0,-,-,Bristol Rovers,England
Jamie Young,60,GK,,0,1.0,3,60,61,57,62,65,59,"180cm | 5'11""",0,-,-,Aldershot Town,England
Clayton Fortune,60,CB,,0,2.0,3,72,25,43,32,60,66,"191cm | 6'3""",0,-,-,Aldershot Town,England
Michael Rose,60,LB,,0,2.0,3,68,47,56,54,65,55,"180cm | 5'11""",0,-,-,Swindon Town,England
Sergio,60,GK,,0,1.0,3,61,59,60,62,46,61,"179cm | 5'10""",0,-,-,Real Club Celta de Vigo S.A.D.,Spain
Achille Coser,60,GK,,0,1.0,2,58,61,67,60,42,62,"185cm | 6'1""",0,-,-,Ascoli,Italy
Mamadou Alimou Diallo,60,CB,,0,2.0,2,63,47,56,46,55,67,"186cm | 6'1""",0,-,-,Sivasspor,Guinea
Stephen Dawson,60,CM,,0,2.0,4,69,38,57,54,66,50,"168cm | 5'6""",0,-,-,Leyton Orient,Republic of Ireland
Craig Sives,60,CB,,0,1.0,2,58,41,43,40,58,60,"191cm | 6'3""",0,-,-,Shamrock Rovers,Scotland
Johnny Mullins,60,RB,,0,2.0,3,66,30,56,60,59,60,"183cm | 6'0""",0,-,-,Rotherham United,England
Alan O'Brien,60,LW,,0,3.0,3,84,40,57,54,43,50,"178cm | 5'10""",0,-,-,Swindon Town,Republic of Ireland
Michael Timlin,60,CM,,0,2.0,3,66,32,67,55,55,59,"173cm | 5'8""",0,-,-,Swindon Town,Republic of Ireland
Josh Lillis,60,GK,,0,1.0,3,62,58,60,63,46,57,"183cm | 6'0""",0,-,-,Rochdale,England
Seong Won Yeo,60,ST,,0,3.0,3,65,61,45,55,47,62,"182cm | 6'0""",0,-,-,Suwon Samsung Bluewings,Korea Republic
Seung Hyun Kim,60,RW,,0,2.0,2,67,55,55,61,56,54,"182cm | 6'0""",0,-,-,Chunnam Dragons,Korea Republic
Daniel Bernhardsson,60,RB,,0,2.0,2,67,51,58,53,59,75,"182cm | 6'0""",0,-,-,Gefle IF,Sweden
Zdeněk Volek,60,LM,,0,3.0,4,71,65,58,52,53,70,"182cm | 6'0""",0,-,-,FK Ústí nad Labem,Czech Republic
Sofiane Zaaboub,60,LM,,0,2.0,3,76,34,57,61,63,71,"178cm | 5'10""",0,-,-,Southend United,France
Stefano Avogadri,60,RWB,,0,2.0,3,72,47,52,55,62,53,"183cm | 6'0""",0,-,-,Piacenza,Italy
Hemza Mihoubi,60,LB,,0,2.0,3,69,40,55,50,60,51,"170cm | 5'7""",0,-,-,AC Bellinzona,Algeria
Arunas Klimavicius,60,LB,,0,2.0,3,67,27,34,59,61,64,"187cm | 6'2""",0,-,-,Sibir Novosibirsk,Lithuania
Joakim Sjöhage,60,ST,,0,3.0,3,83,55,44,58,44,59,"185cm | 6'1""",0,-,-,Trelleborgs FF,Sweden
Josef Laštovka,60,RB,,0,2.0,2,70,47,60,60,58,58,"172cm | 5'8""",0,-,-,Dynamo České Budějovice,Czech Republic
Michael McGlinchey,60,CAM,,0,2.0,3,63,49,55,64,52,44,"175cm | 5'9""",0,-,-,Central Coast Mariners FC,New Zealand
Andy Taylor,60,LB,,0,2.0,2,64,41,52,54,60,59,"183cm | 6'0""",0,-,-,Sheffield United,England
Mark Hughes,60,CB,,0,2.0,3,65,40,38,33,57,74,"188cm | 6'2""",0,-,-,North Queensland Fury FC,England
Ritchie Jones,60,CM,,0,2.0,3,67,50,60,62,53,62,"183cm | 6'0""",0,-,-,Oldham Athletic,England
Myles Weston,60,LW,,0,2.0,4,71,58,44,68,48,44,"180cm | 5'11""",0,-,-,Brentford,England
Jonathan Tuffey,60,GK,,0,1.0,3,57,62,58,63,50,62,"185cm | 6'1""",0,-,-,Inverness Caledonian Thistle,Northern Ireland
Shaun Miller,60,ST,,0,2.0,3,77,54,38,62,47,48,"178cm | 5'10""",0,-,-,Crewe Alexandra,England
Jon Routledge,60,CDM,,0,2.0,3,70,47,60,48,61,52,"180cm | 5'11""",0,-,-,Hamilton Academicals,England
Joe Anyon,60,GK,,0,1.0,3,60,61,55,59,49,58,"188cm | 6'2""",0,-,-,Lincoln City,England
Richard Taundry,60,CDM,,0,2.0,4,72,46,64,51,59,58,"183cm | 6'0""",0,-,-,Walsall,England
Tommy Wirtanen,60,RM,,0,2.0,4,74,50,54,56,57,52,"177cm | 5'10""",0,-,-,Örebro SK,Finland
François Marque,60,CB,,0,2.0,3,59,47,47,43,57,66,"187cm | 6'2""",0,-,-,Grenoble Foot 38,France
Enrique Javier Carreño Salvago,60,ST,,0,3.0,3,62,54,42,56,50,70,"183cm | 6'0""",0,-,-,Académica Coimbra,Spain
James Walker,60,ST,,0,,3,77,57,44,68,47,60,"180cm | 5'11""",0,-,-,Leyton Orient,England
Conor Sammon,60,ST,,0,3.0,3,59,56,49,61,46,66,"178cm | 5'10""",0,-,-,Kilmarnock,Republic of Ireland
Anders Wikström,60,CB,,0,2.0,3,60,32,36,41,59,65,"181cm | 5'11""",0,-,-,IF Elfsborg,Sweden
Ashley Chambers,60,ST,,0,2.0,3,72,56,48,64,50,60,"178cm | 5'10""",0,-,-,Leicester City,England
Martin Christensen,60,RW,,0,3.0,3,66,50,52,63,53,46,"180cm | 5'11""",0,-,-,FK Haugesund,Denmark
Matti Lund Nielsen,60,CM,,0,2.0,5,74,64,56,60,54,52,"184cm | 6'0""",0,-,-,FC Nordsjælland,Denmark
Rossi Jarvis,60,CM,,0,2.0,3,70,47,61,49,57,63,"180cm | 5'11""",0,-,-,Barnet,England
Simon Hackney,60,LW,,0,3.0,3,79,45,50,64,40,34,"173cm | 5'8""",0,-,-,Colchester United,England
Toumani Diagouraga,60,CM,,0,2.0,3,72,39,54,53,67,72,"188cm | 6'2""",0,-,-,Brentford,France
Pietro Zammuto,60,LB,,0,2.0,3,73,36,56,57,62,61,"180cm | 5'11""",0,-,-,Piacenza,Italy
Peter Hackmair,60,CM,,0,2.0,3,72,56,59,64,57,50,"177cm | 5'10""",0,-,-,SV Josko Fenst. Ried,Austria
James Berrett,60,CM,,0,2.0,3,59,48,62,55,58,58,"178cm | 5'10""",0,-,-,Carlisle United,Republic of Ireland
Steven Leslie,60,LM,,0,3.0,2,72,50,54,60,52,52,"191cm | 6'3""",0,-,-,Shrewsbury,England
Mario Mutsch,60,LB,,0,2.0,4,60,55,63,59,62,58,"173cm | 5'8""",0,-,-,FC Metz,Luxemburg
Jed Zayner,60,RB,,0,2.0,3,71,45,52,58,62,62,"180cm | 5'11""",0,-,-,D.C. United,United States
Marc Burch,60,LB,,0,2.0,2,71,65,66,56,59,62,"188cm | 6'2""",0,-,-,D.C. United,United States
In Whan Jung,60,CB,,0,2.0,2,70,33,48,46,58,50,"187cm | 6'2""",0,-,-,Chunnam Dragons,Korea Republic
Kwang Hwan Jeon,60,RB,,0,2.0,3,67,40,49,54,56,44,"173cm | 5'8""",0,-,-,Gwangju Sangmu FC,Korea Republic
Seung Je Woo,60,RF,,0,2.0,3,64,57,56,61,50,50,"181cm | 5'11""",0,-,-,Daejeon Citizen,Korea Republic
Wan Lee,60,LWB,,0,2.0,2,66,47,62,64,56,58,"181cm | 5'11""",0,-,-,Chunnam Dragons,Korea Republic
Arnaud Brocard,60,GK,,0,1.0,3,60,65,63,62,42,56,"186cm | 6'1""",0,-,-,ESTAC,France
Devon McTavish,60,CB,,0,2.0,3,69,54,58,56,60,62,"180cm | 5'11""",0,-,-,D.C. United,United States
Kay Voser,60,RB,,0,2.0,3,73,38,57,61,58,54,"173cm | 5'8""",0,-,-,Grasshopper-Club,Switzerland
Markus Palionis,60,CB,,0,1.0,3,58,38,45,42,62,68,"193cm | 6'4""",0,-,-,SC Paderborn 07,Lithuania
Zdenek Zlámal,60,GK,,0,1.0,3,63,59,66,57,45,65,"193cm | 6'4""",0,-,-,Slavia Praha,Czech Republic
Jiří Jeslínek,60,ST,,0,3.0,3,71,56,50,60,49,48,"178cm | 5'10""",0,-,-,Sparta Praha,Czech Republic
Daniel Nicklasson,60,RM,,0,2.0,3,69,40,54,60,59,58,"175cm | 5'9""",0,-,-,Mjällby AIF ,Sweden
Jesper Arvidsson,60,LB,,0,2.0,4,66,42,53,47,60,56,"181cm | 5'11""",0,-,-,Åtvidabergs FF ,Sweden
Philipp Langen,60,LWB,,0,2.0,3,60,38,57,55,56,56,"183cm | 6'0""",0,-,-,SpVgg Greuther Fürth,Germany
Phil Edwards,60,CB,,0,2.0,3,65,30,39,37,61,66,"173cm | 5'8""",0,-,-,Accrington Stanley,England
Hakan Özmert,60,CDM,,0,2.0,2,65,56,56,61,62,52,"177cm | 5'10""",0,-,-,Kardemir Karabükspor,Turkey
Alessandro Bastrini,60,CB,,0,2.0,2,70,45,43,43,60,66,"186cm | 6'1""",0,-,-,Vicenza,Italy
Piotr Stawarczyk,60,CB,,0,2.0,2,58,22,41,28,64,55,"193cm | 6'4""",0,-,-,Ruch Chorzów,Poland
Şenol Can,60,LB,,0,2.0,2,67,26,54,51,63,61,"179cm | 5'10""",0,-,-,Gaziantepspor,Turkey
Federico Gerardi,60,ST,,0,3.0,3,71,57,45,52,53,60,"179cm | 5'10""",0,-,-,Portogruaro,Italy
Emmanuele Smith,60,CB,,0,2.0,3,74,33,43,46,56,68,"188cm | 6'2""",0,-,-,Walsall,England
Daniele Buzzegoli,60,CM,,0,2.0,3,70,51,60,57,57,59,"179cm | 5'10""",0,-,-,Varese,Italy
Nicolas Amodio,60,CM,,0,2.0,3,70,41,59,53,61,60,"180cm | 5'11""",0,-,-,Portogruaro,Uruguay
Luca Tognozzi,60,CM,,0,2.0,3,64,51,56,53,67,62,"184cm | 6'0""",0,-,-,Pescara,Italy
Alessandro Ciarrocchi,60,ST,,0,3.0,3,55,60,41,57,51,56,"190cm | 6'3""",0,-,-,AC Bellinzona,Switzerland
Timmi Johansen,60,LB,,0,2.0,2,65,28,56,41,63,56,"180cm | 5'11""",0,-,-,Odense Boldklub,Denmark
Kristian Brix,60,LM,,0,2.0,3,76,42,51,62,61,40,"175cm | 5'9""",0,-,-,Vålerenga Fotball,Norway
Amin Nouri,60,RB,,0,2.0,4,74,52,62,68,60,52,"180cm | 5'11""",0,-,-,Vålerenga Fotball,Norway
Tommy Rowe,60,LM,,0,3.0,3,67,49,59,61,56,46,"180cm | 5'11""",0,-,-,Peterborough United,England
Shwan Jalal,60,GK,,0,1.0,3,65,56,56,64,48,55,"188cm | 6'2""",0,-,-,Bournemouth,England
Anthony Wallace,60,LB,,0,2.0,3,76,47,51,57,63,66,"180cm | 5'11""",0,-,-,Colorado Rapids,United States
Oliver Bozanic,60,LM,,0,2.0,3,68,50,56,58,51,44,"175cm | 5'9""",0,-,-,Central Coast Mariners FC,Australia
Danny Woodards,60,RB,,0,2.0,3,72,31,65,47,62,53,"180cm | 5'11""",0,-,-,Milton Keynes Dons,England
Frank Feltscher,60,RM,,0,2.0,2,73,52,57,58,49,42,"180cm | 5'11""",0,-,-,AC Bellinzona,Switzerland
Michel Morganella,60,RB,,0,2.0,3,71,41,58,53,61,58,"183cm | 6'0""",0,-,-,Novara,Switzerland
Aidan Price,60,CB,,0,2.0,3,58,31,41,28,59,60,"180cm | 5'11""",0,-,-,Shamrock Rovers,Republic of Ireland
Tomáš Borek,60,CDM,,0,2.0,3,61,52,60,44,58,64,"184cm | 6'0""",0,-,-,1. FK Příbram,Czech Republic
Lukáš Kubáň,60,RB,,0,2.0,4,71,50,54,54,61,56,"176cm | 5'9""",0,-,-,1. FC Slovácko,Czech Republic
Radim Řezník,60,RB,,0,2.0,3,67,43,57,61,60,62,"180cm | 5'11""",0,-,-,Baník Ostrava,Czech Republic
Aaron Hohlbein,60,CB,,0,2.0,3,66,35,48,43,60,60,"183cm | 6'0""",0,-,-,Kansas City Wizards,United States
Leigh Broxham,60,CM,,0,2.0,2,66,53,57,49,67,46,"169cm | 5'7""",0,-,-,Melbourne Victory FC,Australia
Jamie Harnwell,60,CB,,0,2.0,2,53,49,37,53,65,68,"188cm | 6'2""",0,-,-,Perth Glory FC,Australia
Tomáš Hořava,60,CM,,0,2.0,4,60,54,60,59,53,54,"181cm | 5'11""",0,-,-,Sigma Olomouc,Czech Republic
Martin Kuncl,60,RB,,0,2.0,4,63,50,59,63,59,60,"184cm | 6'0""",0,-,-,1. FC Slovácko,Czech Republic
Stanislav Nohýnek,60,CB,,0,2.0,3,64,29,46,36,58,62,"183cm | 6'0""",0,-,-,1. FK Příbram,Czech Republic
Andreas Whilborg,60,LM,,0,2.0,4,65,55,54,57,60,58,"175cm | 5'9""",0,-,-,Trelleborgs FF,Sweden
Scott Griffiths,60,LB,,0,2.0,3,66,43,52,51,63,50,"175cm | 5'9""",0,-,-,Chesterfield,England
Sam Saunders,60,RM,,0,2.0,3,62,57,62,58,46,39,"175cm | 5'9""",0,-,-,Brentford,England
Sean McAllister,60,CM,,0,2.0,3,74,47,59,60,56,64,"173cm | 5'8""",0,-,-,Shrewsbury,England
Danny Carlton,60,ST,,0,2.0,2,66,55,38,52,52,70,"180cm | 5'11""",0,-,-,Bury,England
Hamza Bencherif,60,CB,,0,2.0,3,63,30,45,37,63,66,"180cm | 5'11""",0,-,-,Macclesfield Town,Algeria
Mattia Serafini,60,CB,,0,2.0,3,64,44,69,53,66,58,"194cm | 6'4""",0,-,-,A. Leffe,Italy
Andrea Gessa,60,RM,,0,3.0,3,73,55,56,56,59,61,"175cm | 5'9""",0,-,-,Pescara,Italy
Branko Jelić,60,ST,,0,3.0,3,58,58,48,56,46,58,"183cm | 6'0""",0,-,-,Perth Glory FC,Serbia
Marc Laird,60,CM,,0,3.0,4,68,52,64,65,55,49,"183cm | 6'0""",0,-,-,Millwall,Scotland
Edoardo Braiati,60,CM,,0,3.0,3,70,50,55,62,57,58,"177cm | 5'10""",0,-,-,Vicenza,Italy
Kaz Patafta,60,CAM,,0,3.0,4,66,50,57,67,33,26,"174cm | 5'9""",0,-,-,Newcastle United Jets FC,Australia
Sebastiaan van der Sman,60,GK,,0,1.0,2,61,66,68,54,67,57,"187cm | 6'2""",0,-,-,Vitesse,Netherlands
Sascha Kotysch,60,CB,,0,2.0,2,67,41,50,46,57,64,"188cm | 6'2""",0,-,-,Sint-Truidense VV,Germany
Joe Jacobson,60,LB,,0,2.0,3,68,26,53,60,64,66,"180cm | 5'11""",0,-,-,Oldham Athletic,Wales
Jeppe Mehl,60,RM,,0,2.0,3,67,48,64,53,49,40,"185cm | 6'1""",0,-,-,Esbjerg fB,Denmark
Jonathan Hogg,60,CM,,0,3.0,3,66,58,65,68,65,39,"170cm | 5'7""",0,-,-,Aston Villa,England
Christoph Kröpfl,60,RM,,0,3.0,3,74,54,54,61,45,48,"170cm | 5'7""",0,-,-,KSV Superfund,Austria
Robbie Threlfall,60,LB,,0,2.0,3,72,45,58,56,59,62,"183cm | 6'0""",0,-,-,Bradford City,England
Rick Verbeek,60,CM,,0,2.0,3,67,57,58,62,53,59,"180cm | 5'11""",0,-,-,VVV-Venlo,Netherlands
Stephan Flauder,60,GK,,0,1.0,2,64,58,57,64,50,56,"197cm | 6'6""",0,-,-,FC Erzgebirge Aue,Germany
Mame Cheikh Niang,60,ST,,0,2.0,3,72,58,46,55,52,78,"194cm | 6'4""",0,-,-,Kongsvinger IL Toppfotball,Senegal
Erik Paartalu,60,CM,,0,2.0,3,62,53,56,56,59,72,"193cm | 6'4""",0,-,-,Brisbane Roar Football Club,Australia
Jong Hoon Kim,60,CB,,0,2.0,3,66,31,60,31,58,60,"185cm | 6'1""",0,-,-,Busan I'Park,Korea Republic
Oladapo Olufemi,60,CDM,,0,2.0,4,65,38,50,52,62,70,"190cm | 6'3""",0,-,-,IK Start,Nigeria
Nejmeddin Daghfous,60,CF,,0,3.0,4,66,57,41,65,47,50,"178cm | 5'10""",0,-,-,SC Paderborn 07,Germany
Assani Lukimya-Mulongoti,60,CB,,0,2.0,3,60,31,41,41,61,64,"190cm | 6'3""",0,-,-,Fortuna Düsseldorf,DR Congo
Seung Min Park,60,LW,,0,3.0,3,73,48,47,65,57,55,"182cm | 6'0""",0,-,-,Gwangju Sangmu FC,Korea Republic
Martin Ticháček,60,GK,,0,1.0,1,64,59,57,61,44,58,"182cm | 6'0""",0,-,-,Viktoria Plzeň ,Czech Republic
Kenny Mansally,60,LM,,0,3.0,4,82,61,53,57,51,62,"175cm | 5'9""",0,-,-,New England Revolution,Gambia
John Akinde,60,ST,,0,2.0,3,72,58,30,45,52,72,"188cm | 6'2""",0,-,-,Bristol Rovers,England
Rhys Taylor,60,GK,,0,1.0,3,57,60,65,67,35,60,"188cm | 6'2""",0,-,-,Crewe Alexandra,Wales
Jacob Mellis,60,CAM,,0,3.0,4,62,60,64,55,54,59,"175cm | 5'9""",0,-,-,Chelsea,England
José Ramón Partida,60,LWB,,0,2.0,3,67,46,57,51,56,53,"171cm | 5'7""",0,-,-,Estudiantes Tecos,Mexico
Adem Güven,60,RW,,0,3.0,4,77,53,47,61,38,54,"183cm | 6'0""",0,-,-,Kongsvinger IL Toppfotball,Norway
Jonathan Page,60,RB,,0,3.0,2,67,27,55,55,57,59,"185cm | 6'1""",0,-,-,Motherwell,England
Josh Lambo,60,GK,,0,1.0,2,65,57,64,71,51,47,"185cm | 6'1""",0,-,-,FC Dallas,United States
Chance Myers,60,RWB,,0,2.0,4,81,53,52,59,62,60,"185cm | 6'1""",0,-,-,Kansas City Wizards,United States
Ademar Rodríguez,60,CDM,,0,2.0,3,67,42,54,47,62,52,"175cm | 5'9""",0,-,-,América,Mexico
Peter Lowry,60,CAM,,0,2.0,4,69,57,56,59,52,59,"180cm | 5'11""",0,-,-,Chicago Fire,United States
Luke Sassano,60,CDM,,0,2.0,3,69,47,50,58,62,61,"185cm | 6'1""",0,-,-,New York Red Bulls,United States
Pat Phelan,60,CDM,,0,2.0,3,63,48,54,54,61,68,"183cm | 6'0""",0,-,-,New England Revolution,United States
Ben Hutchinson,60,ST,,0,3.0,2,66,57,33,60,44,72,"180cm | 5'11""",0,-,-,Lincoln City,England
Innocent Emeghara,60,ST,,0,3.0,3,73,52,43,67,51,52,"170cm | 5'7""",0,-,-,Grasshopper-Club,Nigeria
Emmanuel Ukpai,60,ST,,0,2.0,4,69,57,42,61,47,55,"185cm | 6'1""",0,-,-,Esbjerg fB,Nigeria
Daniel Sikorski,60,CF,,0,3.0,4,76,54,43,61,42,50,"184cm | 6'0""",0,-,-,Górnik Zabrze,Austria
Eung Jin Kim,60,CB,,0,2.0,3,64,44,60,47,54,57,"183cm | 6'0""",0,-,-,Busan I'Park,Korea Republic
Hyun Sik Ahn,60,CB,,0,2.0,2,66,30,44,32,57,61,"183cm | 6'0""",0,-,-,Incheon United FC,Korea Republic
Jung Nam Hong,60,GK,,0,1.0,3,63,65,55,60,35,54,"186cm | 6'1""",0,-,-,Jeonbuk Hyundai Motors,Korea Republic
Jin Sub Hong,60,RW,,0,3.0,3,67,41,58,62,42,50,"180cm | 5'11""",0,-,-,Seongnam Ilhwa Chunma,Korea Republic
Fazli Kocabaş,60,CB,,0,2.0,2,57,35,42,39,61,57,"185cm | 6'1""",0,-,-,KAS Eupen,Belgium
Seul Ki Ko,60,CF,,0,2.0,2,60,53,65,64,49,63,"183cm | 6'0""",0,-,-,Ulsan Hyundai Horang-i,Korea Republic
Danleigh Borman,60,LWB,,0,2.0,3,84,50,50,60,57,54,"175cm | 5'9""",0,-,-,New York Red Bulls,South Africa
Michael Lutz,60,GK,,0,1.0,3,61,57,53,64,43,57,"193cm | 6'4""",0,-,-,FC Ingolstadt 04,Germany
Lukáš Fujerik,60,RM,,0,2.0,3,61,58,57,63,53,63,"177cm | 5'10""",0,-,-,1. FC Slovácko,Czech Republic
Sam Wood,60,LM,,0,2.0,3,64,44,62,63,52,50,"174cm | 5'9""",0,-,-,Brentford,England
Stefan Bliem,60,GK,,0,1.0,3,60,62,63,59,21,59,"192cm | 6'4""",0,-,-,SV Mattersburg,Austria
Geoffrey Tulasne,60,CM,,0,3.0,3,58,57,66,65,48,49,"177cm | 5'10""",0,-,-,FC Sochaux-Montbéliard,France
Steven Joseph-Monrose,60,RW,,0,2.0,2,75,50,60,53,41,52,"180cm | 5'11""",0,-,-,Racing Club de Lens,France
Jesper Kristoffersen,60,CB,,0,2.0,3,54,33,37,36,63,63,"195cm | 6'5""",0,-,-,SønderjyskE,Denmark
Igor Lewczuk,60,RB,,0,2.0,3,67,40,51,46,62,60,"187cm | 6'2""",0,-,-,Jagiellonia Białystok,Poland
Luke DeVere,60,CB,,0,2.0,3,63,40,42,35,60,62,"186cm | 6'1""",0,-,-,Brisbane Roar Football Club,Australia
Gary Glen,60,ST,,0,3.0,3,68,59,46,62,48,28,"170cm | 5'7""",0,-,-,Heart of Midlothian,Scotland
Matthias Schwarz,60,CM,,0,2.0,4,61,56,58,62,58,61,"180cm | 5'11""",0,-,-,VfB Stuttgart,Germany
Kjell Rune Sellin,60,ST,,0,2.0,3,83,54,38,56,42,46,"179cm | 5'10""",0,-,-,Kongsvinger IL Toppfotball,Norway
Andrea Conti,60,CAM,,0,3.0,3,67,54,57,65,50,48,"178cm | 5'10""",0,-,-,AC Bellinzona,Italy
Umberto Eusepi,60,CF,,0,3.0,3,75,60,32,59,43,50,"183cm | 6'0""",0,-,-,Varese,Italy
Alfred Sankoh,60,CM,,0,2.0,3,73,52,55,68,59,44,"180cm | 5'11""",0,-,-,Strømsgodset IF,Sierra Leone
Peter Grajciar,60,RM,,0,2.0,3,70,53,56,54,56,54,"182cm | 6'0""",0,-,-,Konyaspor,Slovakia
Francesco Dettori,60,CM,,0,3.0,3,72,57,55,58,60,64,"174cm | 5'9""",0,-,-,Chievo Verona,Italy
Kyle Davies,60,CB,,0,2.0,3,72,35,40,42,59,60,"185cm | 6'1""",0,-,-,FC Dallas,United States
Costa Nhamoinesu,60,LB,,0,2.0,3,64,34,48,52,58,56,"187cm | 6'2""",0,-,-,Zagłębie Lubin,Zimbabwe
Amara Karba Bangoura,60,RM,,0,3.0,3,62,46,58,67,52,40,"169cm | 5'7""",0,-,-,Valenciennes FC,Guinea
Nzuzi Toko,60,CAM,,0,3.0,2,76,48,56,67,50,48,"180cm | 5'11""",0,-,-,Grasshopper-Club,DR Congo
Dieter Elsneg,60,ST,,0,3.0,3,70,56,56,62,55,55,"176cm | 5'9""",0,-,-,KSV Superfund,Austria
Zurabi Arziani,60,RM,,0,2.0,4,62,52,58,58,50,54,"178cm | 5'10""",0,-,-,Anzhi Makhachkala,Russia
Alex Marrow,60,CM,,0,2.0,3,70,59,65,58,58,60,"184cm | 6'0""",0,-,-,Crystal Palace,England
Andrea Mei,60,CB,,0,2.0,4,61,38,46,44,61,54,"184cm | 6'0""",0,-,-,Piacenza,Italy
Chris Tierney,60,LM,,0,2.0,3,60,55,54,60,62,65,"183cm | 6'0""",0,-,-,New England Revolution,United States
Tom Taiwo,60,CM,,0,3.0,3,63,49,65,57,59,54,"173cm | 5'8""",0,-,-,Carlisle United,England
Sanna Nyassi,60,RM,,0,3.0,4,86,62,43,62,47,55,"173cm | 5'8""",0,-,-,Seattle Sounders FC,Gambia
Graham Zusi,60,RM,,0,2.0,4,65,64,55,58,49,60,"178cm | 5'10""",0,-,-,Kansas City Wizards,United States
Yoann Andreu,60,RB,,0,2.0,3,68,26,48,44,60,58,"175cm | 5'9""",0,-,-,A.S. Saint-Etienne,France
Stefan Hierländer,60,CF,,0,3.0,3,75,53,54,63,47,56,"180cm | 5'11""",0,-,-,FC Red Bull Salzburg,Austria
Ronald Spuller,60,CAM,,0,3.0,3,75,57,51,60,46,56,"179cm | 5'10""",0,-,-,SV Mattersburg,Austria
Michael Lahoud,60,CM,,0,3.0,4,76,56,57,63,55,60,"173cm | 5'8""",0,-,-,Club Deportivo Chivas USA,United States
Matt Besler,60,CB,,0,2.0,3,65,36,48,38,59,66,"183cm | 6'0""",0,-,-,Kansas City Wizards,United States
Lukáš Hrádecký,60,GK,,0,1.0,3,62,61,58,62,43,59,"187cm | 6'2""",0,-,-,Esbjerg fB,Finland
Romeo Van Dessel,60,CB,,0,2.0,3,63,40,45,42,60,62,"191cm | 6'3""",0,-,-,KV Mechelen,Belgium
Deni Alar,60,ST,,0,3.0,3,73,56,45,63,43,62,"185cm | 6'1""",0,-,-,KSV Superfund,Austria
Petter Björlund,60,CB,,0,2.0,3,52,35,45,43,60,61,"180cm | 5'11""",0,-,-,IFK Göteborg,Sweden
Erik Nilsson,60,CM,,0,2.0,3,64,52,63,59,51,51,"182cm | 6'0""",0,-,-,Örebro SK,Sweden
Bruno Camacho,60,LB,,0,2.0,3,63,48,55,54,65,60,"189cm | 6'2""",0,-,-,Lierse SK,Brazil
Soon Hyung Kwon,60,CDM,,0,2.0,3,61,42,59,47,61,52,"177cm | 5'10""",0,-,-,Gangwon FC,Korea Republic
Jong Jin Park,60,LM,,0,3.0,4,66,53,56,62,53,45,"178cm | 5'10""",0,-,-,Suwon Samsung Bluewings,Korea Republic
Kwang Sun Kwak,60,CB,,0,2.0,3,65,31,61,49,62,44,"186cm | 6'1""",0,-,-,Gangwon FC,Korea Republic
Jae Sung Lee,60,CB,,0,2.0,3,63,49,60,50,60,56,"187cm | 6'2""",0,-,-,Ulsan Hyundai Horang-i,Korea Republic
Chan Ho Cho,60,ST,,0,3.0,2,65,56,63,61,50,58,"170cm | 5'7""",0,-,-,Pohang Steelers,Korea Republic
Hyun Yoo,60,GK,,0,1.0,3,59,55,58,61,44,65,"184cm | 6'0""",0,-,-,Gangwon FC,Korea Republic
Won Keun Jeon,60,LB,,0,2.0,3,67,45,53,58,61,48,"177cm | 5'10""",0,-,-,Daegu FC,Korea Republic
Yong Rae Lee,60,CAM,,0,3.0,2,63,56,58,65,48,42,"175cm | 5'9""",0,-,-,GyeongNam FC,Korea Republic
Hun Lee,60,ST,,0,3.0,3,67,58,49,62,48,56,"176cm | 5'9""",0,-,-,GyeongNam FC,Korea Republic
Min Park,60,CB,,0,2.0,2,56,47,44,51,57,59,"184cm | 6'0""",0,-,-,GyeongNam FC,Korea Republic
Sang Wun Han,60,CM,,0,3.0,3,63,59,63,61,52,62,"182cm | 6'0""",0,-,-,Busan I'Park,Korea Republic
Hoon Jung,60,CDM,,0,2.0,3,65,53,64,60,58,44,"175cm | 5'9""",0,-,-,Jeonbuk Hyundai Motors,Korea Republic
Sung Hyun Choi,60,CM,,0,3.0,3,64,57,61,58,56,48,"172cm | 5'8""",0,-,-,Jeju United FC,Korea Republic
Sang Duk Lee,60,CB,,0,2.0,3,54,40,40,42,57,62,"175cm | 5'9""",0,-,-,Daegu FC,Korea Republic
Jun Yeon Jeong,60,RB,,0,2.0,3,68,36,62,46,63,56,"177cm | 5'10""",0,-,-,Chunnam Dragons,Korea Republic
Petter Gustafsson,60,LB,,0,2.0,3,70,46,62,56,60,52,"179cm | 5'10""",0,-,-,Djurgårdens IF,Sweden
Thibaut Courtois,60,GK,,0,1.0,2,59,57,53,66,59,59,"193cm | 6'4""",0,-,-,KRC Genk,Belgium
Pär Ericsson,60,ST,,0,2.0,4,69,54,36,59,54,62,"183cm | 6'0""",0,-,-,IFK Göteborg,Sweden
Josef Karlsson,60,CM,,0,2.0,3,65,61,60,53,58,50,"180cm | 5'11""",0,-,-,BK Häcken,Sweden
David Frölund,60,LB,,0,2.0,4,72,45,53,52,63,55,"172cm | 5'8""",0,-,-,BK Häcken,Sweden
Alassane N'Diaye,60,CM,,0,2.0,3,71,52,61,57,69,69,"193cm | 6'4""",0,-,-,Crystal Palace,France
Graham Carey,60,CM,,0,3.0,3,63,51,60,63,63,70,"183cm | 6'0""",0,-,-,Huddersfield Town,Republic of Ireland
Lee Novak,60,ST,,0,2.0,3,67,58,32,57,52,62,"183cm | 6'0""",0,-,-,Huddersfield Town,England
Reinhold Yabo,60,CM,,0,3.0,3,71,50,61,62,59,58,"175cm | 5'9""",0,-,-,1. FC Köln,Germany
Danny Stevens,60,RM,,0,3.0,4,79,43,56,63,41,43,"178cm | 5'10""",0,-,-,Torquay United,England
Armiche Ortega Medina,60,RW,,0,3.0,3,76,48,51,60,45,54,"176cm | 5'9""",0,-,-,Unión Deportiva Las Palmas S.A.D.,Spain
Adrián José Hernández Acosta,60,CDM,,0,2.0,2,65,41,50,40,66,57,"176cm | 5'9""",0,-,-,Unión Deportiva Las Palmas S.A.D.,Spain
Jack Payne,60,CDM,,0,2.0,3,71,52,55,56,61,56,"175cm | 5'9""",0,-,-,Gillingham,England
Fanol Perdedaj,60,CDM,,0,2.0,3,71,40,52,52,61,54,"172cm | 5'8""",0,-,-,Hertha BSC,Germany
Cenk Tosun,60,ST,,0,3.0,2,73,56,31,63,45,52,"183cm | 6'0""",0,-,-,Eintracht Frankfurt,Germany
Stuart Beavon,60,ST,,0,3.0,3,68,53,58,57,57,62,"171cm | 5'7""",0,-,-,Wycombe Wanderers,England
Yuriy Kirillov,60,LM,,0,2.0,3,61,58,61,66,49,46,"180cm | 5'11""",0,-,-,Alaniya Vladikavkaz,Russia
Gino Felixdaal,60,CDM,,0,2.0,2,68,32,57,63,58,55,"186cm | 6'1""",0,-,-,Vitesse,Netherlands
Alberto Gerbo,60,RF,,0,3.0,4,76,48,58,67,52,56,"179cm | 5'10""",0,-,-,Trieste,Italy
Dominik Schmidt,60,CB,,0,2.0,3,64,29,45,32,61,58,"187cm | 6'2""",0,-,-,Werder Bremen,Germany
Robert McHugh,60,ST,,0,3.0,2,63,58,45,60,47,65,"178cm | 5'10""",0,-,-,Motherwell,Scotland
Billy Kee,60,ST,,0,3.0,3,59,60,48,49,56,63,"175cm | 5'9""",0,-,-,Torquay United,Northern Ireland
Yannick De Winter,60,GK,,0,1.0,2,58,61,59,62,45,59,"188cm | 6'2""",0,-,-,KVC Westerlo,Belgium
Szymon Kapias,60,CB,,0,2.0,2,65,26,36,35,59,64,"182cm | 6'0""",0,-,-,Zagłębie Lubin,Poland
Alper Uludag,60,LM,,0,2.0,3,71,51,55,59,51,42,"180cm | 5'11""",0,-,-,Alemannia Aachen,Belgium
Kazunari Okayama,60,CB,,0,2.0,3,56,38,41,44,58,61,"187cm | 6'2""",0,-,-,Pohang Steelers,Japan
Alex-Ray Harvey,60,CDM,,0,2.0,3,63,46,56,59,61,68,"180cm | 5'11""",0,-,-,Burnley,England
Pontus Jansson,60,CB,,0,2.0,4,66,51,56,62,60,64,"190cm | 6'3""",0,-,-,Malmö FF,Sweden
Sergey Morozov,60,CB,,0,2.0,2,58,24,46,29,57,67,"193cm | 6'4""",0,-,-,Amkar Perm,Russia
Senah Mango,60,CB,,0,2.0,2,59,32,56,35,61,55,"181cm | 5'11""",0,-,-,Olympique de Marseille,Togo
Yamith Cuesta,60,CB,,0,2.0,3,71,32,44,44,60,66,"190cm | 6'3""",0,-,-,Club Deportivo Chivas USA,Colombia
Luke Hyam,60,CM,,0,2.0,3,75,49,64,51,60,54,"178cm | 5'10""",0,-,-,Ipswich Town,England
Borja Bastón,60,ST,,0,2.0,4,68,57,40,64,42,54,"186cm | 6'1""",0,-,-,Club Atlético de Madrid S.A.D.,Spain
Mirkan Aydin,60,RF,,0,2.0,4,64,59,50,65,48,52,"188cm | 6'2""",0,-,-,VfL Bochum,Germany
Aristote Nsiala,60,CB,,0,2.0,3,69,37,40,53,58,64,"188cm | 6'2""",0,-,-,Everton,Congo
Jack McInerney,60,ST,,0,3.0,2,72,57,42,62,49,59,"175cm | 5'9""",0,-,-,Philadelphia Union,United States
Felix Wiedwald,60,GK,,0,1.0,2,68,59,37,66,56,50,"190cm | 6'3""",0,-,-,Werder Bremen,Germany
Cedric Mabwati,60,LF,,0,3.0,2,83,54,50,64,46,58,"167cm | 5'6""",0,-,-,Club Deportivo Numancia de Soria S.A.D. ,DR Congo
Serge-Junior Ngouali,60,CM,,0,2.0,3,70,48,55,64,53,46,"173cm | 5'8""",0,-,-,IF Brommapojkarna,Sweden
Steven Kinney,60,RB,,0,2.0,2,67,42,53,48,58,70,"183cm | 6'0""",0,-,-,Chicago Fire,United States
Miloš Lačný,60,ST,,0,3.0,3,64,59,46,53,47,61,"184cm | 6'0""",0,-,-,Sparta Praha,Slovakia
Ralf Schneider,60,LM,,0,2.0,3,69,54,57,60,57,52,"180cm | 5'11""",0,-,-,FSV Frankfurt,Germany
Patrick Dulleck,60,RF,,0,2.0,3,70,56,40,62,47,56,"184cm | 6'0""",0,-,-,Karlsruher SC,Germany
Ismo Vorstermans,60,CB,,0,3.0,2,63,41,54,42,62,70,"184cm | 6'0""",0,-,-,FC Utrecht,Netherlands
Danny Williams,60,CDM,,0,2.0,3,67,38,54,59,61,68,"184cm | 6'0""",0,-,-,SC Freiburg,Germany
Scott Robinson,60,CF,,0,3.0,3,75,54,50,64,43,44,"168cm | 5'6""",0,-,-,Heart of Midlothian,Scotland
Carl-Erik Torp,60,CM,,0,2.0,4,73,57,53,65,64,51,"184cm | 6'0""",0,-,-,Kongsvinger IL Toppfotball,Norway
Nikola Ðurdic,60,ST,,0,4.0,3,66,57,49,66,51,58,"184cm | 6'0""",0,-,-,FK Haugesund,Serbia
Akwetey Mensah,60,CDM,,0,2.0,4,67,46,54,55,60,58,"173cm | 5'8""",0,-,-,Lierse SK,Ghana
Christopher Avevor,60,CB,,0,2.0,3,64,31,53,44,57,71,"184cm | 6'0""",0,-,-,Hannover 96,Germany
Igor Cheminava,60,CB,,0,2.0,2,62,25,37,48,63,54,"186cm | 6'1""",0,-,-,Zenit St. Petersburg,Russia
Adam Berner,60,CF,,0,3.0,2,84,56,50,55,43,57,"176cm | 5'9""",0,-,-,Mjällby AIF ,Sweden
Daniel Nilsson,60,RM,,0,2.0,3,66,49,58,53,60,52,"183cm | 6'0""",0,-,-,Mjällby AIF ,Sweden
Daniel Hallingström,60,CDM,,0,2.0,3,64,43,38,42,66,68,"184cm | 6'0""",0,-,-,Åtvidabergs FF ,Sweden
Oscar Möller,60,ST,,0,2.0,3,66,56,49,61,50,66,"190cm | 6'3""",0,-,-,Åtvidabergs FF ,Sweden
Prince Eboagwu,60,CDM,,0,2.0,3,56,45,50,42,67,76,"190cm | 6'3""",0,-,-,Åtvidabergs FF ,Nigeria
Roland Bergkamp,60,ST,,0,2.0,3,63,50,39,51,53,76,"194cm | 6'4""",0,-,-,SBV Excelsior,Netherlands
Jae Cheol Jo,60,RW,,0,3.0,3,69,56,61,54,51,49,"176cm | 5'9""",0,-,-,Seongnam Ilhwa Chunma,Korea Republic
Tomáš Košút,60,CB,,0,2.0,3,62,30,29,23,59,64,"189cm | 6'2""",0,-,-,1. FC Slovácko,Slovakia
Stefan Müller,60,ST,,0,2.0,5,67,59,51,60,44,60,"180cm | 5'11""",0,-,-,FC Ingolstadt 04,Germany
Pavel Němeček,60,CB,,0,2.0,3,63,21,39,19,59,59,"183cm | 6'0""",0,-,-,FC Hradec Králové,Czech Republic
Jiří Poděbradský,60,RB,,0,2.0,4,75,39,61,55,61,42,"168cm | 5'6""",0,-,-,FC Hradec Králové,Czech Republic
Václav Pilař,60,RF,,0,3.0,4,72,62,43,57,50,56,"169cm | 5'7""",0,-,-,FC Hradec Králové,Czech Republic
Pavel Dvořák,60,CF,,0,3.0,4,61,66,44,55,39,60,"186cm | 6'1""",0,-,-,FC Hradec Králové,Czech Republic
Benjamin Gorka,60,CB,,0,1.0,2,47,46,34,29,62,68,"195cm | 6'5""",0,-,-,VfL Osnabrück,Germany
Pavel Karlik,60,ST,,0,3.0,5,61,59,43,57,48,66,"199cm | 6'6""",0,-,-,FK Ústí nad Labem,Czech Republic
Peter Černák,60,CM,,0,3.0,3,69,52,60,61,53,56,"185cm | 6'1""",0,-,-,Dynamo České Budějovice,Czech Republic
Bernhard Janeczek,60,CB,,0,2.0,3,69,33,47,45,61,62,"185cm | 6'1""",0,-,-,Borussia M'gladbach,Austria
Felix Burmeister,60,CB,,0,2.0,3,59,30,55,40,61,56,"186cm | 6'1""",0,-,-,Hannover 96,Germany
Lars Unnerstall,60,GK,,0,1.0,3,63,54,57,63,32,58,"198cm | 6'6""",0,-,-,FC Schalke 04,Germany
Ardian Jevric,60,CF,,0,2.0,3,74,56,52,62,56,61,"183cm | 6'0""",0,-,-,SC Paderborn 07,Serbia
Benjamin Kauffmann,60,LM,,0,2.0,5,72,54,56,59,59,52,"173cm | 5'8""",0,-,-,FC Ingolstadt 04,Germany
Sebastian Rode,60,CM,,0,3.0,3,78,50,54,64,53,60,"179cm | 5'10""",0,-,-,Eintracht Frankfurt,Germany
Jason Lowe,60,CM,,0,2.0,3,65,64,63,51,61,61,"180cm | 5'11""",0,-,-,Blackburn Rovers,England
Tim Melia,60,GK,,0,1.0,2,65,57,79,61,39,53,"185cm | 6'1""",0,-,-,Real Salt Lake,United States
Milan Lalkovič,60,CF,,0,2.0,4,64,58,60,65,48,52,"171cm | 5'7""",0,-,-,Chelsea,Slovakia
Gennaro Scarlato,59,CB,,0,2.0,3,56,43,52,48,59,58,"182cm | 6'0""",0,-,-,Frosinone,Italy
Derek O'Brien,59,LM,,0,4.0,4,67,48,58,61,43,52,"184cm | 6'0""",0,-,-,Galway United,Republic of Ireland
John Curtis,59,RB,,0,2.0,3,63,28,42,38,57,60,"178cm | 5'10""",0,-,-,Gold Coast United,England
Wayne Carlisle,59,RM,,0,3.0,3,61,52,60,60,49,52,"170cm | 5'7""",0,-,-,Torquay United,Northern Ireland
Tommy Jönsson,59,CB,,0,2.0,3,53,63,49,48,58,61,"185cm | 6'1""",0,-,-,Halmstads BK,Sweden
Colin Larkin,59,ST,,0,3.0,4,68,55,48,66,44,56,"175cm | 5'9""",0,-,-,Hartlepool United,Republic of Ireland
Christian Steen,59,CB,,0,2.0,4,66,40,38,24,59,72,"191cm | 6'3""",0,-,-,Molde FK,Norway
Jim Goodwin,59,CB,,0,2.0,4,52,45,56,63,66,56,"175cm | 5'9""",0,-,-,Hamilton Academicals,Republic of Ireland
Andy Holt,59,LB,,0,2.0,3,47,47,50,48,62,82,"185cm | 6'1""",0,-,-,Northampton Town,England
Ben Futcher,59,CB,,0,2.0,1,53,31,42,39,60,77,"200cm | 6'7""",0,-,-,Bury,England
Phil Smith,59,GK,,0,1.0,3,65,52,63,61,21,58,"185cm | 6'1""",0,-,-,Swindon Town,England
Kevin Nicholson,59,LB,,0,3.0,3,58,23,51,45,60,56,"173cm | 5'8""",0,-,-,Torquay United,England
Garreth O'Connor,59,LM,,0,3.0,3,61,56,57,59,51,60,"178cm | 5'10""",0,-,-,St. Patrick's Athletic,Republic of Ireland
Alex Revell,59,ST,,0,2.0,3,66,58,42,53,47,60,"191cm | 6'3""",0,-,-,Leyton Orient,England
Clark Keltie,59,CM,,0,2.0,4,69,48,61,58,58,56,"180cm | 5'11""",0,-,-,Lincoln City,England
Ritchie Humphreys,59,CM,,0,2.0,2,56,44,66,66,58,58,"178cm | 5'10""",0,-,-,Hartlepool United,England
Anthony Šerič,59,LWB,,0,2.0,2,68,41,65,58,55,60,"180cm | 5'11""",0,-,-,Kardemir Karabükspor,Croatia
Liam Burns,59,CB,,0,2.0,3,57,40,38,44,56,63,"183cm | 6'0""",0,-,-,Dundalk FC,Northern Ireland
Raphaël Nuzzolo,59,LM,,0,2.0,4,71,55,55,59,60,55,"175cm | 5'9""",0,-,-,Neuchâtel Xamax,Switzerland
Mikael Rosén,59,CDM,,0,2.0,4,55,57,54,51,62,61,"186cm | 6'1""",0,-,-,Halmstads BK,Sweden
Éamon Zayed,59,ST,,0,2.0,3,70,56,50,57,45,54,"188cm | 6'2""",0,-,-,Sporting Fingal,Republic of Ireland
Tom Stenvoll,59,LM,,0,2.0,4,66,56,58,54,60,68,"174cm | 5'9""",0,-,-,Stabæk Fotball,Norway
Raffaele Cretaro,59,RM,,0,2.0,4,68,53,57,58,48,56,"165cm | 5'5""",0,-,-,Bohemians FC,Republic of Ireland
Michael Bemben,59,RWB,,0,2.0,3,63,59,58,51,56,54,"182cm | 6'0""",0,-,-,Górnik Zabrze,Germany
Per Johansson,59,LB,,0,2.0,4,50,48,54,43,59,63,"187cm | 6'2""",0,-,-,Halmstads BK,Sweden
Johan Lind,59,RB,,0,2.0,4,65,37,36,42,60,60,"175cm | 5'9""",0,-,-,BK Häcken,Sweden
Bernt Hulsker,59,ST,,0,3.0,4,72,56,50,58,52,64,"188cm | 6'2""",0,-,-,IK Start,Norway
Sean Hessey,59,CB,,0,2.0,3,62,26,35,36,58,65,"178cm | 5'10""",0,-,-,Accrington Stanley,England
Thomas Sørum,59,ST,,0,2.0,2,68,55,48,50,50,67,"185cm | 6'1""",0,-,-,FK Haugesund,Norway
Kristoffer Vatshaug,59,RB,,0,2.0,4,73,43,52,43,61,74,"177cm | 5'10""",0,-,-,Molde FK,Norway
Allan Olesen,59,RB,,0,2.0,3,77,25,43,41,55,55,"182cm | 6'0""",0,-,-,FK Haugesund,Denmark
Gürkan Sermeter,59,RM,,0,3.0,3,57,58,60,60,56,52,"181cm | 5'11""",0,-,-,AC Bellinzona,Switzerland
Milaim Rama,59,ST,,0,2.0,3,58,56,45,55,51,57,"185cm | 6'1""",0,-,-,FC Thun,Switzerland
Jacques Momha,59,LB,,0,2.0,3,75,38,55,38,56,54,"175cm | 5'9""",0,-,-,Manisaspor,Cameroon
Jamie Clapham,59,LB,,0,2.0,3,63,39,60,44,60,54,"175cm | 5'9""",0,-,-,Lincoln City,England
Johan Cavalli,59,CM,,0,3.0,3,62,55,62,64,53,54,"170cm | 5'7""",0,-,-,Nîmes Olympique,France
Adam Chambers,59,CM,,0,2.0,3,70,22,64,56,60,58,"178cm | 5'10""",0,-,-,Leyton Orient,England
Chris Pozniak,59,RB,,0,2.0,3,71,50,49,45,61,60,"180cm | 5'11""",0,-,-,FK Haugesund,Canada
Chris Leitch,59,RB,,0,2.0,4,78,47,45,46,57,62,"180cm | 5'11""",0,-,-,San Jose Earthquakes,United States
Chris Palmer,59,LM,,0,2.0,3,70,58,55,54,56,55,"170cm | 5'7""",0,-,-,Gillingham,England
Craig Stanley,59,CM,,0,2.0,3,66,53,55,59,56,48,"173cm | 5'8""",0,-,-,Morecambe,England
Danny Spiller,59,CM,,0,2.0,3,68,53,57,56,60,62,"173cm | 5'8""",0,-,-,Gillingham,England
Guy Branston,59,CB,,0,3.0,3,66,25,37,26,63,62,"185cm | 6'1""",0,-,-,Torquay United,England
Karl Hawley,59,ST,,0,2.0,3,67,54,48,57,49,64,"174cm | 5'9""",0,-,-,Notts County,England
Stuart Campbell,59,CM,,0,2.0,3,55,38,67,51,62,52,"178cm | 5'10""",0,-,-,Bristol Rovers,Scotland
Brian Barry-Murphy,59,CDM,,0,2.0,3,62,54,60,52,57,54,"185cm | 6'1""",0,-,-,Rochdale,Republic of Ireland
David Artell,59,CB,,0,2.0,3,57,27,38,37,62,66,"188cm | 6'2""",0,-,-,Crewe Alexandra,England
Kevin O'Connor,59,RB,,0,2.0,3,58,52,60,53,61,58,"180cm | 5'11""",0,-,-,Brentford,Republic of Ireland
Lewis Neal,59,LM,,0,3.0,3,63,44,57,61,54,59,"180cm | 5'11""",0,-,-,Shrewsbury,England
Kristján Örn Sigurdsson,59,CB,,0,2.0,3,80,37,50,33,55,66,"180cm | 5'11""",0,-,-,Hønefoss BK,Iceland
Carlo Zotti,59,GK,,0,1.0,1,58,55,58,61,47,64,"190cm | 6'3""",0,-,-,AC Bellinzona,Italy
Birger Madsen,59,CB,,0,1.0,3,72,42,47,37,61,71,"195cm | 6'5""",0,-,-,Vålerenga Fotball,Norway
Chris Doig,59,CB,,0,2.0,2,65,23,28,25,56,67,"188cm | 6'2""",0,-,-,Central Coast Mariners FC,Scotland
John Thompson,59,CB,,0,2.0,3,64,26,41,35,60,66,"183cm | 6'0""",0,-,-,Notts County,Republic of Ireland
Daniele Martinelli,59,RB,,0,2.0,3,59,52,62,62,59,62,"181cm | 5'11""",0,-,-,Vicenza,Italy
Łukasz Surma,59,CDM,,0,3.0,3,61,45,58,55,59,46,"173cm | 5'8""",0,-,-,Lechia Gdańsk,Poland
Mickaël Tacalfred,59,RB,,0,2.0,3,66,47,61,62,55,50,"175cm | 5'9""",0,-,-,Stade de Reims,France
Rhys Evans,59,GK,,0,1.0,3,73,50,56,51,43,57,"185cm | 6'1""",0,-,-,Southend United,England
Alejandro García Torre,59,GK,,0,1.0,3,58,64,54,60,56,61,"183cm | 6'0""",0,-,-,Sociedad Deportiva Ponferradina S.A.D,Spain
Jason Price,59,ST,,0,2.0,3,61,56,52,56,61,67,"188cm | 6'2""",0,-,-,Carlisle United,Wales
Laurent Pionnier,59,GK,,0,1.0,2,62,64,59,58,34,57,"184cm | 6'0""",0,-,-,Montpellier Hérault Sport Club,France
Lee Beevers,59,CB,,0,2.0,3,60,41,53,36,60,63,"186cm | 6'1""",0,-,-,Colchester United,Wales
Peter Sweeney,59,LM,,0,3.0,3,62,48,63,61,48,53,"183cm | 6'0""",0,-,-,Bury,Scotland
David Preece,59,GK,,0,1.0,2,66,72,52,53,57,51,"188cm | 6'2""",0,-,-,Barnsley,England
Gregor Robertson,59,LB,,0,2.0,3,69,25,51,56,63,59,"183cm | 6'0""",0,-,-,Chesterfield,Scotland
Yi Sub Kim,59,GK,,0,1.0,3,54,60,62,58,25,62,"185cm | 6'1""",0,-,-,Incheon United FC,Korea Republic
Gi Dong Kim,59,CM,,0,3.0,4,57,67,64,61,50,44,"171cm | 5'7""",0,-,-,Pohang Steelers,Korea Republic
Han Yoon Kim,59,CDM,,0,2.0,3,49,46,52,44,66,58,"185cm | 6'1""",0,-,-,FC Seoul,Korea Republic
Saidu Alade Adeshina,59,ST,,0,2.0,3,80,50,40,55,48,66,"184cm | 6'0""",0,-,-,FC Sion,Nigeria
Drissa Diarra,59,CM,,0,3.0,3,60,54,60,62,47,40,"183cm | 6'0""",0,-,-,AC Bellinzona,Mali
Antoine Buron,59,RM,,0,3.0,3,66,53,53,63,55,48,"170cm | 5'7""",0,-,-,FC Lorient Bretagne Sud,France
Roger Levesque,59,ST,,0,3.0,3,67,55,44,59,52,70,"188cm | 6'2""",0,-,-,Seattle Sounders FC,United States
Andy Whing,59,RB,,0,2.0,2,62,48,55,59,61,66,"183cm | 6'0""",0,-,-,Brighton &amp; Hove Albion,England
Fernando Morais Dinis,59,CDM,,0,2.0,4,63,43,55,50,57,60,"184cm | 6'0""",0,-,-,Zagłębie Lubin,Portugal
Neil Austin,59,RB,,0,2.0,3,69,24,45,44,61,63,"178cm | 5'10""",0,-,-,Hartlepool United,England
Dennis Oli,59,RW,,0,3.0,3,76,50,53,58,52,59,"183cm | 6'0""",0,-,-,Gillingham,England
Johnny Thomsen,59,CM,,0,2.0,3,61,41,61,49,61,60,"180cm | 5'11""",0,-,-,SønderjyskE,Denmark
Glenn Cronin,59,CDM,,0,2.0,3,57,39,54,35,59,54,"180cm | 5'11""",0,-,-,Bohemians FC,Republic of Ireland
Scott Kerr,59,CM,,0,2.0,4,64,39,55,63,62,52,"175cm | 5'9""",0,-,-,Lincoln City,England
Aleksander Kwiek,59,CDM,,0,2.0,3,61,56,59,62,56,52,"176cm | 5'9""",0,-,-,Górnik Zabrze,Poland
Muhammet Demir,59,ST,,0,3.0,2,71,53,56,62,47,52,"175cm | 5'9""",0,-,-,Bursaspor,Turkey
Fernando César de Souza,59,LB,,0,2.0,2,69,50,59,51,51,51,"176cm | 5'9""",0,-,-,FC St. Gallen,Brazil
Bülent Ertuğrul,59,CDM,,0,2.0,2,64,43,57,61,62,68,"181cm | 5'11""",0,-,-,Eskişehirspor,Turkey
Josip Colina,59,CDM,,0,2.0,3,52,48,55,52,63,44,"189cm | 6'2""",0,-,-,Grasshopper-Club,Croatia
Evgeniy Zinovyev,59,CM,,0,2.0,3,64,54,60,54,56,68,"183cm | 6'0""",0,-,-,Sibir Novosibirsk,Russia
Isah Abdulahi Eliakwu,59,LF,,0,3.0,3,74,54,46,60,57,54,"172cm | 5'8""",0,-,-,Anzhi Makhachkala,Nigeria
Gareth McGlynn,59,RW,,0,2.0,3,65,51,57,60,44,54,"173cm | 5'8""",0,-,-,Bohemians FC,Republic of Ireland
Gary O'Neill,59,ST,,0,2.0,3,61,58,46,50,54,56,"173cm | 5'8""",0,-,-,Sporting Fingal,Republic of Ireland
Malik Couturier,59,CB,,0,2.0,4,52,26,46,31,58,61,"185cm | 6'1""",0,-,-,Angers SCO,France
John Nutter,59,LB,,0,2.0,3,71,54,55,56,60,62,"188cm | 6'2""",0,-,-,Gillingham,England
Ben Strevens,59,ST,,0,2.0,3,62,58,30,58,44,58,"185cm | 6'1""",0,-,-,Wycombe Wanderers,England
Jim Bentley,59,CB,,0,2.0,3,59,24,31,33,58,66,"185cm | 6'1""",0,-,-,Morecambe,England
Tom Newey,59,LB,,0,2.0,3,66,22,50,41,61,62,"180cm | 5'11""",0,-,-,Rotherham United,England
Scott Bevan,59,GK,,0,1.0,3,58,59,64,58,27,59,"196cm | 6'5""",0,-,-,Torquay United,England
Jamie Cureton,59,ST,,0,3.0,3,64,60,51,54,54,70,"173cm | 5'8""",0,-,-,Exeter City,England
Paul Keegan,59,CM,,0,2.0,2,69,56,61,44,64,58,"180cm | 5'11""",0,-,-,Bohemians FC,Republic of Ireland
Marcelo Saragosa,59,CDM,,0,2.0,3,71,52,52,56,60,61,"182cm | 6'0""",0,-,-,Club Deportivo Chivas USA,Brazil
Michał Pulkowski,59,CM,,0,3.0,4,59,51,58,60,47,37,"178cm | 5'10""",0,-,-,Ruch Chorzów,Poland
Young Sung Shim,59,ST,,0,2.0,3,67,54,51,63,48,48,"178cm | 5'10""",0,-,-,Jeju United FC,Korea Republic
Tae You Han,59,CDM,,0,2.0,2,61,48,61,64,60,62,"186cm | 6'1""",0,-,-,FC Seoul,Korea Republic
Jung Yul Lee,59,LB,,0,2.0,3,52,45,55,53,58,62,"183cm | 6'0""",0,-,-,FC Seoul,Korea Republic
Danny Jackman,59,LB,,0,2.0,3,63,47,61,57,56,58,"163cm | 5'4""",0,-,-,Gillingham,England
Oscar Berglund,59,GK,,0,1.0,3,56,59,57,58,55,63,"200cm | 6'7""",0,-,-,Helsingborgs IF,Sweden
Stephen Rice,59,CM,,0,2.0,3,65,47,60,54,58,58,"170cm | 5'7""",0,-,-,Shamrock Rovers,Republic of Ireland
Ryan France,59,RM,,0,3.0,3,67,53,54,60,53,50,"180cm | 5'11""",0,-,-,Sheffield United,England
Josh Low,59,RM,,0,3.0,3,68,43,59,58,56,58,"185cm | 6'1""",0,-,-,Cheltenham Town,Wales
Florian Metz,59,CB,,0,2.0,2,69,42,59,60,59,56,"183cm | 6'0""",0,-,-,LASK Linz,Austria
Alan Julian,59,GK,,0,1.0,3,60,55,63,62,49,60,"188cm | 6'2""",0,-,-,Gillingham,Northern Ireland
Aksel Berget Skjølsvik,59,CF,,0,2.0,3,72,55,37,59,43,58,"181cm | 5'11""",0,-,-,Molde FK,Norway
Garry Richards,59,CB,,0,2.0,3,62,32,38,29,63,71,"191cm | 6'3""",0,-,-,Gillingham,England
Giorgio Gorgone,59,CM,,0,2.0,3,62,46,62,46,60,57,"176cm | 5'9""",0,-,-,Trieste,Italy
Laurence Wilson,59,LWB,,0,2.0,3,71,46,58,59,57,48,"178cm | 5'10""",0,-,-,Morecambe,England
Michael Symes,59,ST,,0,2.0,3,60,59,41,51,48,61,"191cm | 6'3""",0,-,-,Bournemouth,England
Barry Fuller,59,RB,,0,2.0,3,65,47,51,45,62,58,"178cm | 5'10""",0,-,-,Gillingham,England
Biagui Kamissoko,59,CDM,,0,2.0,4,58,62,57,56,59,54,"183cm | 6'0""",0,-,-,Vannes OC,France
Isaac Osbourne,59,CM,,0,2.0,3,70,46,56,51,62,66,"178cm | 5'10""",0,-,-,Coventry City,England
Jimmy Juan,59,CM,,0,2.0,3,58,50,65,60,50,60,"189cm | 6'2""",0,-,-,Grenoble Foot 38,France
David Leray,59,RB,,0,2.0,3,63,35,58,34,56,52,"181cm | 5'11""",0,-,-,Angers SCO,France
Trent McClenahan,59,RB,,0,3.0,3,68,32,60,56,60,62,"175cm | 5'9""",0,-,-,Scunthorpe United,Australia
Louie Soares,59,RM,,0,2.0,3,70,52,56,60,52,56,"180cm | 5'11""",0,-,-,Southend United,Barbados
Bakaye Traoré,59,CM,,0,2.0,3,72,60,55,58,58,66,"185cm | 6'1""",0,-,-,A.S. Nancy Lorraine,Mali
Peter Gilbert,59,LB,,0,2.0,3,73,34,32,37,61,64,"175cm | 5'9""",0,-,-,Southend United,Wales
Derek Niven,59,CM,,0,2.0,3,59,55,55,59,55,57,"185cm | 6'1""",0,-,-,Chesterfield,Scotland
Iacopo La Rocca,59,CB,,0,2.0,3,55,33,49,49,60,57,"181cm | 5'11""",0,-,-,AC Bellinzona,Italy
Jamie Coyne,59,RB,,0,2.0,3,42,39,55,33,60,68,"187cm | 6'2""",0,-,-,Perth Glory FC,Australia
Richard Offiong,59,ST,,0,3.0,3,72,54,51,58,42,64,"180cm | 5'11""",0,-,-,Carlisle United,England
Michael Pook,59,CM,,0,3.0,3,65,44,61,50,60,60,"180cm | 5'11""",0,-,-,Cheltenham Town,England
Jemal Johnson,59,ST,,0,3.0,4,80,57,50,69,45,54,"175cm | 5'9""",0,-,-,Milton Keynes Dons,United States
David Raven,59,RB,,0,2.0,3,64,34,42,44,60,67,"183cm | 6'0""",0,-,-,Shrewsbury,England
Michael Townsend,59,CB,,0,2.0,3,65,23,30,22,61,62,"188cm | 6'2""",0,-,-,Hereford,England
Jason Taylor,59,CM,,0,2.0,3,65,49,59,55,61,62,"185cm | 6'1""",0,-,-,Rotherham United,England
Paul Byrne,59,ST,,0,2.0,3,61,58,49,58,47,58,"183cm | 6'0""",0,-,-,St. Patrick's Athletic,Republic of Ireland
Gerald Sibeko,59,CM,,0,2.0,3,59,57,65,58,56,57,"189cm | 6'2""",0,-,-,Kaizer Chiefs,South Africa
David Mathebula,59,CAM,,0,3.0,3,52,57,70,62,55,50,"168cm | 5'6""",0,-,-,Kaizer Chiefs,South Africa
David Buchanan,59,LB,,0,2.0,1,70,32,58,57,59,62,"173cm | 5'8""",0,-,-,Hamilton Academicals,England
Chris Turner,59,CM,,0,2.0,3,62,58,58,57,58,58,"177cm | 5'10""",0,-,-,Shamrock Rovers,Northern Ireland
Carl Regan,59,RB,,0,2.0,4,62,32,41,38,63,58,"183cm | 6'0""",0,-,-,Bristol Rovers,England
Riccardo Gissi,59,CM,,0,2.0,3,69,30,62,52,60,51,"179cm | 5'10""",0,-,-,Trieste,Italy
Kristoffer Andersen,59,RB,,0,2.0,3,73,55,57,62,59,49,"184cm | 6'0""",0,-,-,VfL Osnabrück,Denmark
Mikael Dahlberg,59,CM,,0,2.0,3,61,52,55,54,62,69,"192cm | 6'4""",0,-,-,Gefle IF,Sweden
Rostyn Griffiths,59,CM,,0,2.0,3,62,43,60,52,58,68,"187cm | 6'2""",0,-,-,Central Coast Mariners FC,Australia
Charlie Daniels,59,LB,,0,2.0,4,64,23,42,36,60,52,"178cm | 5'10""",0,-,-,Leyton Orient,England
Shaun Cummings,59,RWB,,0,2.0,3,72,45,58,57,57,54,"183cm | 6'0""",0,-,-,Reading,England
Mark Carrington,59,CM,,0,2.0,4,64,50,64,57,48,50,"188cm | 6'2""",0,-,-,Milton Keynes Dons,England
Thomas Stewart,59,ST,,0,2.0,3,63,56,44,57,47,57,"180cm | 5'11""",0,-,-,Shamrock Rovers,Northern Ireland
Alex Nicholls,59,ST,,0,2.0,3,74,52,45,68,49,53,"178cm | 5'10""",0,-,-,Walsall,England
Luca Ferro,59,GK,,0,1.0,2,51,58,52,65,55,62,"193cm | 6'4""",0,-,-,Neuchâtel Xamax,Italy
Khaled Mouelhi,59,CM,,0,3.0,4,69,60,56,64,54,56,"180cm | 5'11""",0,-,-,Lillestrøm SK,Tunisia
Sean McDaid,59,LB,,0,2.0,3,66,27,46,50,57,62,"168cm | 5'6""",0,-,-,Carlisle United,Scotland
Miguel Martínez de Corta,59,GK,,0,1.0,3,58,64,48,62,38,60,"190cm | 6'3""",0,-,-,Albacete Balompié S.A.D.,Spain
Tobias Mikkelsen,59,CF,,0,3.0,4,86,45,55,67,49,40,"178cm | 5'10""",0,-,-,FC Nordsjælland,Denmark
Stefan Stam,59,CB,,0,2.0,3,53,20,34,47,61,70,"188cm | 6'2""",0,-,-,Yeovil Town,Netherlands
Tom Clarke,59,CB,,0,2.0,3,61,31,46,26,60,64,"180cm | 5'11""",0,-,-,Huddersfield Town,England
Luke Howell,59,CDM,,0,2.0,3,66,35,56,54,61,60,"173cm | 5'8""",0,-,-,Milton Keynes Dons,England
Luke Potter,59,CB,,0,2.0,3,62,23,35,26,57,70,"192cm | 6'4""",0,-,-,Barnsley,England
Deane Smalley,59,RW,,0,3.0,3,69,48,60,60,50,47,"180cm | 5'11""",0,-,-,Oldham Athletic,England
Joe Skarz,59,LB,,0,2.0,3,74,32,53,46,61,60,"183cm | 6'0""",0,-,-,Bury,England
Tae Yoon Kim,59,RB,,0,2.0,3,61,37,58,46,63,56,"182cm | 6'0""",0,-,-,Seongnam Ilhwa Chunma,Korea Republic
Hong Kyoo Cho,59,CB,,0,2.0,1,67,36,51,40,57,66,"185cm | 6'1""",0,-,-,Pohang Steelers,Korea Republic
Gil Hoon Lee,59,CAM,,0,2.0,3,62,56,59,57,56,52,"178cm | 5'10""",0,-,-,Busan I'Park,Korea Republic
Philipp Muntwiler,59,CM,,0,2.0,3,60,58,62,52,61,53,"180cm | 5'11""",0,-,-,FC St. Gallen,Switzerland
Franck Moussa,59,CM,,0,3.0,4,73,49,55,64,51,48,"173cm | 5'8""",0,-,-,Leicester City,Belgium
Marcel Silva Sacramento,59,CF,,0,3.0,2,66,55,49,63,50,51,"183cm | 6'0""",0,-,-,Kalmar FF,Brazil
Jonny Brain,59,GK,,0,1.0,2,68,48,47,57,49,65,"193cm | 6'4""",0,-,-,Walsall,England
Steven Thicot,59,CB,,0,2.0,3,59,32,53,52,55,64,"186cm | 6'1""",0,-,-,Hibernian,France
Mario Klinger,59,CDM,,0,2.0,3,64,43,55,53,61,60,"185cm | 6'1""",0,-,-,Rot-Weiß Oberhausen,Germany
Simone Grippo,59,CM,,0,2.0,3,68,54,54,55,62,59,"189cm | 6'2""",0,-,-,Frosinone,Italy
Mahmut Bezgin,59,GK,,0,1.0,1,59,58,64,64,51,53,"186cm | 6'1""",0,-,-,Gaziantepspor,Turkey
Dyron Daal,59,ST,,0,2.0,4,57,59,39,44,51,60,"193cm | 6'4""",0,-,-,North Queensland Fury FC,Netherlands Antilles
Paolo Ricchi,59,RB,,0,2.0,3,67,44,50,52,58,58,"173cm | 5'8""",0,-,-,Modena,Italy
Aaron Brown,59,CB,,0,2.0,3,72,22,34,43,62,66,"183cm | 6'0""",0,-,-,Leyton Orient,England
Martin Husár,59,LB,,0,2.0,3,73,48,52,54,57,50,"183cm | 6'0""",0,-,-,1. FC Brno,Slovakia
Georgi Sarmov,59,CAM,,0,3.0,3,56,55,53,62,59,52,"180cm | 5'11""",0,-,-,Kasımpaşa SK,Bulgaria
Hyuk Jin Kwon,59,RW,,0,3.0,2,60,47,59,62,49,46,"178cm | 5'10""",0,-,-,Daejeon Citizen,Korea Republic
Mark Rossiter,59,RB,,0,2.0,3,59,43,59,44,58,56,"181cm | 5'11""",0,-,-,Bohemians FC,Republic of Ireland
Reinaldo Elias da Costa,59,ST,,0,3.0,2,60,57,44,57,52,74,"192cm | 6'4""",0,-,-,Brisbane Roar Football Club,Brazil
Tarek Elrich,59,RWB,,0,3.0,1,78,61,49,69,52,34,"180cm | 5'11""",0,-,-,Newcastle United Jets FC,Australia
Naum Sekulovski,59,LB,,0,2.0,2,66,51,58,57,62,35,"182cm | 6'0""",0,-,-,Perth Glory FC,Australia
Martin Leština,59,LB,,0,2.0,3,71,44,47,53,63,49,"181cm | 5'11""",0,-,-,Dynamo České Budějovice,Czech Republic
Pavel Mezlík,59,CAM,,0,2.0,3,70,57,61,63,47,49,"180cm | 5'11""",0,-,-,Dynamo České Budějovice,Czech Republic
Jiří Valenta,59,CAM,,0,2.0,4,61,51,60,57,47,49,"177cm | 5'10""",0,-,-,1. FC Slovácko,Czech Republic
Michal Kordula,59,CM,,0,3.0,3,58,53,60,53,60,60,"182cm | 6'0""",0,-,-,1. FC Slovácko,Czech Republic
Tomáš Frejlach,59,CM,,0,2.0,3,58,60,61,56,51,47,"178cm | 5'10""",0,-,-,Baník Ostrava,Czech Republic
Marcel Gecov,59,CDM,,0,2.0,2,56,52,54,54,55,48,"180cm | 5'11""",0,-,-,Slovan Liberec,Czech Republic
Chris Robertson,59,CB,,0,3.0,3,60,46,39,45,59,70,"188cm | 6'2""",0,-,-,Torquay United,Scotland
Robert Cornthwaite,59,CB,,0,2.0,2,49,35,40,29,58,74,"197cm | 6'6""",0,-,-,Adelaide United,Australia
Danny Foster,59,RB,,0,2.0,3,59,30,51,56,58,56,"185cm | 6'1""",0,-,-,Wycombe Wanderers,England
Avni Pepa,59,CB,,0,1.0,4,66,34,52,25,58,62,"183cm | 6'0""",0,-,-,IK Start,Norway
Dale Stephens,59,CM,,0,2.0,3,62,38,61,55,57,60,"169cm | 5'7""",0,-,-,Oldham Athletic,England
Jamie Jones,59,GK,,0,1.0,3,64,47,52,68,32,57,"191cm | 6'3""",0,-,-,Leyton Orient,England
Dave Winfield,59,CB,,0,2.0,3,59,26,26,26,64,70,"191cm | 6'3""",0,-,-,Wycombe Wanderers,England
Lewis Montrose,59,CDM,,0,2.0,3,65,35,61,58,57,66,"183cm | 6'0""",0,-,-,Wycombe Wanderers,Scotland
Aleš Hruška,59,GK,,0,1.0,2,57,58,74,60,58,55,"192cm | 6'4""",0,-,-,1. FK Příbram,Czech Republic
Ben Sigmund,59,CB,,0,2.0,3,55,31,41,29,60,54,"180cm | 5'11""",0,-,-,Wellington Phoenix,New Zealand
Ashley Grimes,59,CAM,,0,2.0,3,71,55,53,60,44,42,"183cm | 6'0""",0,-,-,Millwall,Republic of Ireland
Seb Hines,59,CB,,0,2.0,3,67,24,45,24,56,66,"188cm | 6'2""",0,-,-,Middlesbrough,England
Tom Elliott,59,CF,,0,3.0,3,79,52,34,56,54,72,"191cm | 6'3""",0,-,-,Rotherham United,England
Yaw-Ihle Amankwah,59,CB,,0,2.0,3,70,30,32,24,63,54,"188cm | 6'2""",0,-,-,SK Brann,Norway
Abu Ogogo,59,CDM,,0,2.0,3,69,41,50,50,62,60,"177cm | 5'10""",0,-,-,Dagenham and Redbridge,England
Konstantin Engel,59,RB,,0,2.0,3,76,30,52,59,58,64,"178cm | 5'10""",0,-,-,VfL Osnabrück,Germany
Patrick Fabian,59,CB,,0,2.0,2,59,24,41,35,57,64,"193cm | 6'4""",0,-,-,VfL Bochum,Germany
Tim Krumpen,59,GK,,0,1.0,3,59,57,53,63,48,61,"183cm | 6'0""",0,-,-,Alemannia Aachen,Germany
Michael Cia,59,RM,,0,3.0,3,67,51,65,52,49,42,"175cm | 5'9""",0,-,-,A. Leffe,Italy
Christian Schneuwly,59,CAM,,0,3.0,3,68,47,58,67,47,46,"179cm | 5'10""",0,-,-,BSC Young Boys,Switzerland
Joe Holt,59,CM,,0,2.0,3,64,56,60,58,53,58,"178cm | 5'10""",0,-,-,Wigan Athletic,England
Erik Lund,59,RB,,0,2.0,3,65,33,54,41,60,56,"186cm | 6'1""",0,-,-,IFK Göteborg,Sweden
Denis Tonucci,59,CB,,0,2.0,2,73,37,30,43,60,64,"182cm | 6'0""",0,-,-,Vicenza,Italy
Matthew Briggs,59,CB,,0,2.0,3,63,21,45,21,54,50,"188cm | 6'2""",0,-,-,Fulham,England
Jorge Villafaña,59,LM,,0,2.0,3,72,56,48,60,53,52,"175cm | 5'9""",0,-,-,Club Deportivo Chivas USA,United States
Gary Madine,59,ST,,0,2.0,3,67,54,31,56,50,66,"191cm | 6'3""",0,-,-,Carlisle United,England
Kwang Hee Choi,59,RW,,0,2.0,3,70,50,58,56,50,57,"172cm | 5'8""",0,-,-,Busan I'Park,Korea Republic
Tommy Høiland,59,ST,,0,2.0,3,73,55,32,48,40,65,"186cm | 6'1""",0,-,-,Viking FK,Norway
Emile Sinclair,59,ST,,0,2.0,4,85,46,30,56,53,66,"182cm | 6'0""",0,-,-,Macclesfield Town,England
Lee Hills,59,LB,,0,2.0,3,78,38,53,64,59,58,"179cm | 5'10""",0,-,-,Crystal Palace,England
Lee Collins,59,CB,,0,2.0,4,68,22,50,39,59,56,"180cm | 5'11""",0,-,-,Port Vale,England
Gary Woods,59,GK,,0,1.0,2,63,56,54,58,35,56,"180cm | 5'11""",0,-,-,Doncaster Rovers,England
Henrik Ojamaa,59,ST,,0,2.0,2,75,54,34,51,47,58,"176cm | 5'9""",0,-,-,Alemannia Aachen,Estonia
Garry Breen,59,CB,,0,2.0,2,58,28,42,27,53,60,"190cm | 6'3""",0,-,-,Dundalk FC,Republic of Ireland
Christian Landu Landu,59,CM,,0,2.0,3,72,45,57,53,62,63,"182cm | 6'0""",0,-,-,Viking FK,Norway
Burim Kukeli,59,CM,,0,2.0,3,67,51,59,57,60,60,"180cm | 5'11""",0,-,-,FC Luzern,Serbia
Jimmy Ryan,59,CM,,0,2.0,3,67,59,57,61,53,50,"180cm | 5'11""",0,-,-,Accrington Stanley,Republic of Ireland
Solomon Taiwo,59,CDM,,0,2.0,3,62,49,53,57,59,54,"185cm | 6'1""",0,-,-,Cardiff City,Nigeria
Piotr Polczak,59,CB,,0,2.0,2,54,22,47,47,57,56,"192cm | 6'4""",0,-,-,Cracovia Kraków,Poland
Ryan Miller,59,RWB,,0,2.0,3,74,44,56,52,60,54,"180cm | 5'11""",0,-,-,Halmstads BK,United States
Jonathan Leathers,59,RB,,0,2.0,3,75,39,49,48,62,51,"173cm | 5'8""",0,-,-,Kansas City Wizards,United States
Luca Di Matteo,59,RW,,0,2.0,3,63,49,53,65,54,55,"179cm | 5'10""",0,-,-,Vicenza,Italy
Thomas Unger,59,GK,,0,1.0,3,62,59,51,61,53,57,"188cm | 6'2""",0,-,-,Alemannia Aachen,Germany
Nathan Smith,59,LB,,0,2.0,2,72,30,41,63,64,54,"179cm | 5'10""",0,-,-,Yeovil Town,England
Young Bin Kim,59,CB,,0,2.0,3,63,19,32,50,58,60,"185cm | 6'1""",0,-,-,Incheon United FC,Korea Republic
Chang Hun Park,59,RM,,0,2.0,3,65,53,59,53,48,60,"178cm | 5'10""",0,-,-,Incheon United FC,Korea Republic
Gerson Mayen,59,RM,,0,2.0,3,74,54,52,60,51,51,"170cm | 5'7""",0,-,-,Club Deportivo Chivas USA,United States
Adrian Nikci,59,RW,,0,2.0,3,71,50,54,58,43,43,"181cm | 5'11""",0,-,-,FC Zürich,Switzerland
Marcus Olsson,59,RW,,0,3.0,4,81,52,60,64,48,46,"180cm | 5'11""",0,-,-,Halmstads BK,Sweden
Adriano Pellegrino,59,RM,,0,2.0,4,60,59,58,55,63,42,"170cm | 5'7""",0,-,-,Perth Glory FC,Australia
Gabor Straka,59,CDM,,0,2.0,3,62,41,53,39,59,48,"180cm | 5'11""",0,-,-,Ruch Chorzów,Slovakia
Łukasz Hanzel,59,CM,,0,2.0,3,63,52,57,66,47,48,"182cm | 6'0""",0,-,-,Zagłębie Lubin,Poland
Tim Hofmann,59,CB,,0,2.0,2,65,41,49,44,58,58,"187cm | 6'2""",0,-,-,Hannover 96,Germany
Alexander Dercho,59,LWB,,0,2.0,3,75,36,45,45,57,56,"186cm | 6'1""",0,-,-,VfL Osnabrück,Germany
Andis Shala,59,ST,,0,3.0,3,62,56,49,58,48,52,"189cm | 6'2""",0,-,-,Dundee United,Germany
Serey Dié,59,CDM,,0,2.0,3,68,56,66,68,56,62,"179cm | 5'10""",0,-,-,FC Sion,Ivory Coast
Jason Steele,59,GK,,0,1.0,3,60,62,61,62,62,50,"188cm | 6'2""",0,-,-,Middlesbrough,England
Daniel Unal,59,CAM,,0,2.0,3,68,52,60,62,56,56,"176cm | 5'9""",0,-,-,FC Basel 1893,Switzerland
Matteo Lanzoni,59,CB,,0,2.0,2,68,39,44,43,60,66,"190cm | 6'3""",0,-,-,Portogruaro,Italy
Thiago Rangel Cionek,59,CB,,0,2.0,3,65,28,47,38,57,60,"184cm | 6'0""",0,-,-,Jagiellonia Białystok,Brazil
Tommi Vaiho,59,GK,,0,1.0,3,65,56,61,64,31,54,"189cm | 6'2""",0,-,-,Djurgårdens IF,Sweden
Mattias Johansson,59,RB,,0,2.0,3,74,39,43,45,62,52,"171cm | 5'7""",0,-,-,Kalmar FF,Sweden
Nicholas Bignall,59,ST,,0,2.0,4,84,48,42,54,53,58,"177cm | 5'10""",0,-,-,Reading,England
Dennis Daube,59,CM,,0,2.0,4,74,56,56,62,61,50,"185cm | 6'1""",0,-,-,FC St. Pauli,Germany
Antonín Fantiš,59,CAM,,0,2.0,3,64,58,54,61,47,46,"175cm | 5'9""",0,-,-,Baník Ostrava,Czech Republic
Ryan McGivern,59,LB,,0,2.0,3,72,42,54,49,62,64,"178cm | 5'10""",0,-,-,Walsall,Northern Ireland
Julio Santa Cruz,59,ST,,0,2.0,3,62,56,36,51,48,58,"185cm | 6'1""",0,-,-,Blackburn Rovers,Paraguay
Paddy Madden,59,ST,,0,2.0,3,69,55,25,57,41,48,"183cm | 6'0""",0,-,-,Bohemians FC,Republic of Ireland
Danzelle St. Louis-Hamilton,59,GK,,0,1.0,3,61,56,53,63,50,59,"197cm | 6'6""",0,-,-,Stoke City,England
Simone Guerra,59,CF,,0,3.0,2,74,52,43,59,51,54,"178cm | 5'10""",0,-,-,Piacenza,Italy
Karl-Johan Johnsson,59,GK,,0,1.0,2,55,60,54,61,37,62,"187cm | 6'2""",0,-,-,Halmstads BK,Sweden
Mostafa Abdellaoue,59,ST,,0,3.0,3,76,57,44,58,43,63,"185cm | 6'1""",0,-,-,Vålerenga Fotball,Norway
Stian Ringstad,59,LB,,0,3.0,3,72,53,50,62,55,58,"182cm | 6'0""",0,-,-,Lillestrøm SK,Norway
André Hansen,59,GK,,0,1.0,2,59,61,44,62,34,61,"194cm | 6'4""",0,-,-,Lillestrøm SK,Norway
Piotr Kieruzel,59,CB,,0,2.0,2,60,31,43,39,58,53,"187cm | 6'2""",0,-,-,Ruch Chorzów,Poland
Quincy Amarikwa,59,ST,,0,3.0,3,79,54,36,57,48,56,"175cm | 5'9""",0,-,-,Colorado Rapids,United States
Alexander Nilsson,59,CF,,0,2.0,3,73,55,42,55,53,49,"175cm | 5'9""",0,-,-,Malmö FF,Sweden
Tom Adeyemi,59,RM,,0,3.0,3,69,48,49,62,55,52,"177cm | 5'10""",0,-,-,Bradford City,England
Serkan Şahin,59,RWB,,0,3.0,3,64,45,60,63,53,50,"175cm | 5'9""",0,-,-,Konyaspor,Switzerland
Marcel Gaus,59,LF,,0,2.0,3,73,50,54,62,50,54,"181cm | 5'11""",0,-,-,Fortuna Düsseldorf,Germany
Ji Nam Lee,59,LB,,0,2.0,3,62,37,40,41,64,54,"183cm | 6'0""",0,-,-,GyeongNam FC,Korea Republic
Jong Soo Kim,59,CB,,0,2.0,3,63,44,49,40,57,53,"186cm | 6'1""",0,-,-,GyeongNam FC,Korea Republic
Bum Young Lee,59,GK,,0,1.0,2,58,63,60,59,32,58,"194cm | 6'4""",0,-,-,Busan I'Park,Korea Republic
Seul Gi Lee,59,CDM,,0,2.0,3,55,61,57,54,57,60,"186cm | 6'1""",0,-,-,Daegu FC,Korea Republic
Joakim Wulff,59,GK,,0,1.0,3,64,53,60,65,29,58,"185cm | 6'1""",0,-,-,IF Elfsborg,Sweden
Luke Garbutt,59,LB,,0,2.0,3,64,39,55,34,56,58,"176cm | 5'9""",0,-,-,Everton,England
Joël Tillema,59,RWB,,0,3.0,3,66,47,58,57,59,46,"179cm | 5'10""",0,-,-,ADO Den Haag,Netherlands
Soufiane Bidaoui,59,CF,,0,3.0,3,68,53,59,63,48,52,"176cm | 5'9""",0,-,-,KVC Westerlo,Belgium
Scott Neville,59,RB,,0,2.0,3,65,46,58,45,60,58,"184cm | 6'0""",0,-,-,Perth Glory FC,Australia
Leandro Montagud Balaguer,59,GK,,0,1.0,2,57,63,61,58,36,60,"186cm | 6'1""",0,-,-,Elche Club de Fútbol S.A.D.,Spain
Tomasz Welnicki,59,CB,,0,2.0,5,62,42,39,41,60,61,"185cm | 6'1""",0,-,-,1. FC Nürnberg,Poland
Roderick Gielisse,59,CB,,0,3.0,3,64,34,57,58,59,49,"175cm | 5'9""",0,-,-,ADO Den Haag,Netherlands
Kushtrim Lushtaku,59,ST,,0,2.0,5,65,55,48,59,44,58,"180cm | 5'11""",0,-,-,TSV 1860 München,Albania
Irakliy Logua,59,CF,,0,2.0,3,54,58,43,56,44,52,"173cm | 5'8""",0,-,-,Dinamo Moskva,Russia
O'Neil Thompson,59,CB,,0,3.0,3,65,59,45,59,64,69,"194cm | 6'4""",0,-,-,Hereford,Jamaica
Rafael Porcellis,59,ST,,0,2.0,3,55,61,48,60,49,60,"187cm | 6'2""",0,-,-,Helsingborgs IF,Brazil
Tom Parkes,59,CB,,0,2.0,3,66,34,44,42,56,66,"191cm | 6'3""",0,-,-,Leicester City,England
Nathaniel Mendez-Laing,59,RM,,0,2.0,3,75,48,57,56,50,58,"178cm | 5'10""",0,-,-,Peterborough United,England
Mathew Leckie,59,RW,,0,3.0,4,83,52,44,65,42,50,"180cm | 5'11""",0,-,-,Adelaide United,Australia
Danny Batth,59,CB,,0,2.0,3,53,22,32,33,57,67,"191cm | 6'3""",0,-,-,Wolverhampton Wanderers,England
Marlon Pack,59,CDM,,0,2.0,3,63,48,52,40,58,60,"188cm | 6'2""",0,-,-,Cheltenham Town,England
Jake Bidwell,59,LB,,0,2.0,2,65,39,62,42,60,43,"183cm | 6'0""",0,-,-,Everton,England
Clemens Fandrich,59,CAM,,0,2.0,3,76,52,54,67,46,46,"177cm | 5'10""",0,-,-,Energie Cottbus,Germany
Lars Vilsvik,59,LB,,0,2.0,5,77,49,60,52,58,44,"182cm | 6'0""",0,-,-,Strømsgodset IF,Germany
Toni Stahl,59,CDM,,0,2.0,2,66,49,52,59,58,71,"191cm | 6'3""",0,-,-,Philadelphia Union,Finland
Austin da Luz,59,LM,,0,2.0,2,62,58,57,57,49,57,"178cm | 5'10""",0,-,-,New York Red Bulls,United States
Brian Perk,59,GK,,0,1.0,1,62,59,68,56,39,57,"180cm | 5'11""",0,-,-,Los Angeles Galaxy,United States
Kamal Mustafa,59,CAM,,0,2.0,3,68,51,55,60,43,49,"173cm | 5'8""",0,-,-,IFK Göteborg,Sweden
Kwame Watson-Siriboe,59,CB,,0,2.0,2,61,23,35,38,60,66,"191cm | 6'3""",0,-,-,Chicago Fire,United States
Pichu Atienza,59,CB,,0,2.0,2,57,29,38,32,60,59,"190cm | 6'3""",0,-,-,Club Atlético de Madrid S.A.D.,Spain
Dominik Stahl,59,CDM,,0,2.0,5,64,49,53,41,61,58,"183cm | 6'0""",0,-,-,TSV 1860 München,Germany
Michael Blum,59,LWB,,0,2.0,2,67,52,57,56,63,50,"189cm | 6'2""",0,-,-,MSV Duisburg,Germany
Matjaz Rozman,59,GK,,0,1.0,3,56,58,54,64,54,59,"192cm | 6'4""",0,-,-,SpVgg Greuther Fürth,Slovenia
Giovanni Gravenbeek,59,LW,,0,2.0,3,78,57,45,60,48,45,"174cm | 5'9""",0,-,-,Willem II,Netherlands
Jaime Hernández López,59,LWB,,0,3.0,2,68,42,58,64,57,44,"177cm | 5'10""",0,-,-,Club Atlético de Madrid S.A.D.,Spain
Andrej Hodek,59,CF,,0,3.0,3,62,54,47,60,54,67,"182cm | 6'0""",0,-,-,1. FC Brno,Slovakia
Djedje Victorien,59,ST,,0,2.0,3,69,62,48,60,47,63,"183cm | 6'0""",0,-,-,FK Haugesund,Ivory Coast
Sten Ove Eike,59,ST,,0,2.0,3,59,57,50,60,54,63,"187cm | 6'2""",0,-,-,FK Haugesund,Norway
Oguzhan Kefkir,59,ST,,0,3.0,3,72,58,42,67,38,47,"175cm | 5'9""",0,-,-,VfL Bochum,Germany
Omar Jasseh,59,RM,,0,3.0,3,81,37,51,67,43,40,"171cm | 5'7""",0,-,-,San Jose Earthquakes,Gambia
Bailey Wright,59,CB,,0,2.0,3,58,23,34,25,61,64,"175cm | 5'9""",0,-,-,Preston North End,Australia
Vitaliy Komisov,59,CM,,0,2.0,3,54,48,64,64,49,60,"175cm | 5'9""",0,-,-,Dinamo Moskva,Russia
William Leandersson,59,LB,,0,2.0,2,66,41,56,55,61,52,"182cm | 6'0""",0,-,-,Mjällby AIF ,Sweden
Karim Mossaoui,59,CAM,,0,3.0,4,63,55,60,70,39,48,"176cm | 5'9""",0,-,-,SBV Excelsior,Netherlands
Jun A Yang,59,LM,,0,3.0,3,62,55,56,65,59,54,"188cm | 6'2""",0,-,-,Suwon Samsung Bluewings,Korea Republic
Valeriy Tskhovrebov,59,CB,,0,2.0,2,59,24,24,23,57,56,"187cm | 6'2""",0,-,-,Alaniya Vladikavkaz,Russia
Alexandr Degtyarev,59,CM,,0,2.0,3,67,58,62,59,60,59,"171cm | 5'7""",0,-,-,Sibir Novosibirsk,Russia
Jin Kyu Kang,59,CDM,,0,2.0,2,68,38,51,33,66,61,"175cm | 5'9""",0,-,-,Chunnam Dragons,Korea Republic
Guillém Martí Misut,59,ST,,0,2.0,3,66,58,34,55,46,61,"183cm | 6'0""",0,-,-,SV Josko Fenst. Ried,Spain
Oliver Stang,59,CB,,0,2.0,3,56,24,41,27,62,62,"194cm | 6'4""",0,-,-,VfL Osnabrück,Germany
Adli Lachheb,59,CB,,0,2.0,3,66,23,36,40,63,64,"194cm | 6'4""",0,-,-,FC Erzgebirge Aue,Tunisia
Piero Mingoia,59,RM,,0,3.0,3,67,48,65,57,43,42,"180cm | 5'11""",0,-,-,Watford,England
Milan Jurdík,59,ST,,0,3.0,3,69,60,41,52,49,59,"186cm | 6'1""",0,-,-,1. FK Příbram,Czech Republic
Marco van Ginkel,59,CDM,,0,3.0,3,70,48,55,65,56,51,"180cm | 5'11""",0,-,-,Vitesse,Netherlands
Maurice Exslager,59,ST,,0,2.0,3,66,60,39,50,51,54,"178cm | 5'10""",0,-,-,MSV Duisburg,Germany
Christoph Sauter,59,CM,,0,2.0,5,69,54,52,59,53,57,"189cm | 6'2""",0,-,-,1. FC Nürnberg,Germany
Daniel Batz,59,GK,,0,1.0,3,61,57,54,61,59,58,"190cm | 6'3""",0,-,-,1. FC Nürnberg,Germany
Sebastian Neumann,59,CB,,0,2.0,3,67,29,34,29,59,60,"185cm | 6'1""",0,-,-,Hertha BSC,Germany
Christ Kasela Mbona,59,RB,,0,2.0,3,72,33,49,56,60,60,"183cm | 6'0""",0,-,-,Arminia Bielefeld,Germany
Kingsley Onuegbu,59,ST,,0,2.0,3,65,56,43,58,49,62,"191cm | 6'3""",0,-,-,SpVgg Greuther Fürth,Nigeria
David Jansen,59,ST,,0,2.0,3,68,57,50,58,56,70,"192cm | 6'4""",0,-,-,SC Paderborn 07,Germany
Fabrice Lassonde,59,RM,,0,2.0,4,68,55,54,58,57,51,"180cm | 5'11""",0,-,-,FC Ingolstadt 04,Canada
J.T. Noone,59,RM,,0,2.0,2,67,58,53,59,52,53,"185cm | 6'1""",0,-,-,Philadelphia Union,United States
Chris Day,58,GK,,0,1.0,3,59,60,64,57,65,56,"183cm | 6'0""",0,-,-,Stevenage FC,England
Darren Currie,58,RW,,0,3.0,4,61,52,56,61,51,52,"180cm | 5'11""",0,-,-,Dagenham and Redbridge,England
Nat Brown,58,CB,,0,3.0,3,66,32,39,38,60,70,"188cm | 6'2""",0,-,-,Macclesfield Town,England
Marcus Andreasson,58,CB,,0,2.0,3,75,44,41,34,59,68,"191cm | 6'3""",0,-,-,Molde FK,Sweden
Lee Mansell,58,CM,,0,3.0,3,56,31,59,57,62,53,"175cm | 5'9""",0,-,-,Torquay United,England
Nathan Stanton,58,CB,,0,2.0,3,64,26,31,41,60,65,"175cm | 5'9""",0,-,-,Burton Albion,England
Steve Collis,58,GK,,0,1.0,3,64,52,59,61,55,55,"185cm | 6'1""",0,-,-,Peterborough United,England
Delroy Facey,58,CF,,0,2.0,3,59,60,32,49,57,79,"183cm | 6'0""",0,-,-,Lincoln City,England
Alan Maybury,58,RB,,0,2.0,3,61,36,52,46,66,60,"180cm | 5'11""",0,-,-,St. Johnstone FC,Republic of Ireland
Paul Boertien,58,LB,,0,2.0,3,66,30,49,46,60,60,"178cm | 5'10""",0,-,-,Burton Albion,England
Richard Jackson,58,RB,,0,2.0,4,67,35,50,48,60,66,"173cm | 5'8""",0,-,-,Burton Albion,England
Danny Swailes,58,CB,,0,2.0,3,60,17,29,24,59,72,"191cm | 6'3""",0,-,-,Stockport County,England
Paul Reid,58,CM,,0,2.0,3,58,42,57,46,57,42,"179cm | 5'10""",0,-,-,Adelaide United,Australia
Jason Jarrett,58,CM,,0,3.0,2,67,55,60,70,50,60,"183cm | 6'0""",0,-,-,Oldham Athletic,England
Dean Morgan,58,ST,,0,3.0,3,70,54,50,67,50,52,"183cm | 6'0""",0,-,-,Chesterfield,England
Saul Deeney,58,GK,,0,1.0,3,54,56,65,63,46,57,"185cm | 6'1""",0,-,-,Derby County,Republic of Ireland
Glenn Morris,58,GK,,0,1.0,3,59,44,65,67,62,56,"183cm | 6'0""",0,-,-,Southend United,England
Chris Westwood,58,CB,,0,2.0,3,69,25,31,26,57,62,"183cm | 6'0""",0,-,-,Wycombe Wanderers,England
Antony Sweeney,58,CAM,,0,2.0,4,65,50,64,56,64,69,"185cm | 6'1""",0,-,-,Hartlepool United,England
Mark Molesley,58,RM,,0,2.0,3,54,32,58,61,62,74,"185cm | 6'1""",0,-,-,Bournemouth,England
Espen Søgård,58,CM,,0,2.0,3,74,54,51,48,59,67,"183cm | 6'0""",0,-,-,Lillestrøm SK,Norway
Johan Sjöberg,58,CB,,0,2.0,3,57,32,40,42,54,59,"185cm | 6'1""",0,-,-,IF Elfsborg,Sweden
Lars Iver Strand,58,CAM,,0,3.0,4,70,62,48,60,46,55,"178cm | 5'10""",0,-,-,Vålerenga Fotball,Norway
Duncan Oughton,58,CM,,0,2.0,3,66,49,57,57,59,57,"175cm | 5'9""",0,-,-,Columbus Crew,New Zealand
Lukas Schenkel,58,CB,,0,2.0,3,52,37,25,37,60,54,"183cm | 6'0""",0,-,-,FC St. Gallen,Switzerland
Roland Bättig,58,CDM,,0,2.0,3,59,54,52,54,63,62,"180cm | 5'11""",0,-,-,FC Thun,Switzerland
Patrick Leugueun,58,CB,,0,2.0,3,52,30,43,32,60,58,"184cm | 6'0""",0,-,-,Vannes OC,Cameroon
Markus Schmidt,58,CDM,,0,2.0,3,61,43,53,49,62,64,"190cm | 6'3""",0,-,-,SV Mattersburg,Austria
Ian Pearce,58,CB,,0,3.0,3,43,21,19,24,64,72,"191cm | 6'3""",0,-,-,Lincoln City,England
Paul Gerrard,58,GK,,0,1.0,3,54,64,61,51,25,64,"188cm | 6'2""",0,-,-,Oldham Athletic,England
Warren Cummings,58,LB,,0,2.0,3,64,32,40,40,65,61,"175cm | 5'9""",0,-,-,Bournemouth,Scotland
Are Tronseth,58,CB,,0,2.0,3,60,43,48,31,56,70,"190cm | 6'3""",0,-,-,FK Haugesund,Norway
Joakim Austnes,58,LW,,0,4.0,5,68,62,47,61,46,44,"182cm | 6'0""",0,-,-,Viking FK,Norway
Øyvind Gjerde,58,CB,,0,2.0,3,64,44,44,31,56,61,"178cm | 5'10""",0,-,-,Molde FK,Norway
Chris McCready,58,CB,,0,2.0,4,66,21,34,36,57,66,"185cm | 6'1""",0,-,-,Morecambe,England
Paul Murray,58,CM,,0,3.0,3,63,46,63,52,59,46,"175cm | 5'9""",0,-,-,Hartlepool United,England
Lloyd Owusu,58,ST,,0,2.0,3,67,52,41,46,54,67,"188cm | 6'2""",0,-,-,Adelaide United,Ghana
Paul Warne,58,ST,,0,2.0,3,66,55,48,54,53,57,"175cm | 5'9""",0,-,-,Rotherham United,England
Stuart Green,58,CAM,,0,2.0,3,66,49,64,58,54,57,"178cm | 5'10""",0,-,-,Wycombe Wanderers,England
Alessandro Frara,58,CM,,0,2.0,3,69,53,65,53,58,51,"177cm | 5'10""",0,-,-,Varese,Italy
Brian Cash,58,RM,,0,2.0,3,60,49,53,60,44,43,"175cm | 5'9""",0,-,-,St. Patrick's Athletic,Republic of Ireland
Graham Coughlan,58,CB,,0,2.0,3,47,15,25,20,61,71,"188cm | 6'2""",0,-,-,Southend United,Republic of Ireland
Marc Giraudon,58,LB,,0,2.0,3,60,36,56,50,58,55,"182cm | 6'0""",0,-,-,La Berrichonne de Châteauroux,France
Daniel Embers,58,LB,,0,2.0,3,64,31,50,52,54,63,"183cm | 6'0""",0,-,-,Rot-Weiß Oberhausen,Germany
Yousef Fahkro,58,CB,,0,2.0,3,55,42,46,50,54,60,"182cm | 6'0""",0,-,-,Trelleborgs FF,Sweden
Gareth Edds,58,CM,,0,2.0,3,50,51,58,53,61,56,"183cm | 6'0""",0,-,-,North Queensland Fury FC,Australia
Taylor Graham,58,RB,,0,2.0,3,68,45,45,53,54,60,"193cm | 6'4""",0,-,-,Seattle Sounders FC,Puerto Rico
Graham Barrett,58,CF,,0,3.0,3,61,56,49,59,46,58,"178cm | 5'10""",0,-,-,Shamrock Rovers,Republic of Ireland
Kristian Nushi,58,RM,,0,2.0,4,70,52,56,58,57,48,"175cm | 5'9""",0,-,-,FC St. Gallen,Serbia
Dae Keon Kim,58,CB,,0,2.0,2,52,36,47,41,55,58,"183cm | 6'0""",0,-,-,Busan I'Park,Korea Republic
Luca Mazzoni,58,GK,,0,1.0,1,62,58,53,55,50,57,"186cm | 6'1""",0,-,-,Livorno,Italy
Goce Sedloski,58,CB,,0,2.0,3,61,48,48,52,60,65,"188cm | 6'2""",0,-,-,SV Mattersburg,FYR Macedonia
Ildefonso Lima Sola,58,CB,,0,1.0,3,54,45,46,50,61,68,"191cm | 6'3""",0,-,-,AC Bellinzona,Andorra
Johan Nilsson-Guiomar,58,RWB,,0,2.0,3,63,44,53,55,60,58,"187cm | 6'2""",0,-,-,Trelleborgs FF,Sweden
Jaime Jiménez Merlo,58,GK,,0,1.0,3,66,61,57,58,33,51,"188cm | 6'2""",0,-,-,Elche Club de Fútbol S.A.D.,Spain
David Sanz Pascual,58,ST,,0,2.0,3,53,57,36,45,66,68,"195cm | 6'5""",0,-,-,Agrupación Deportiva Alcorcón,Spain
Magomed Magomedov,58,CF,,0,2.0,3,69,54,44,59,50,56,"178cm | 5'10""",0,-,-,Anzhi Makhachkala,Russia
Błażej Telichowski,58,LB,,0,2.0,4,62,45,46,52,51,56,"187cm | 6'2""",0,-,-,Polonia Bytom,Poland
Marcin Radzewicz,58,LM,,0,2.0,2,63,51,54,55,58,43,"176cm | 5'9""",0,-,-,Polonia Bytom,Poland
Szymon Sawala,58,CM,,0,3.0,3,60,49,49,63,53,42,"184cm | 6'0""",0,-,-,Polonia Bytom,Poland
Abderrazzak Jadid,58,CAM,,0,3.0,3,69,60,60,68,43,36,"175cm | 5'9""",0,-,-,KAS Eupen,Morocco
Damian Lynch,58,RB,,0,2.0,4,59,41,48,36,60,58,"178cm | 5'10""",0,-,-,St. Patrick's Athletic,Republic of Ireland
Patrick Sullivan,58,RB,,0,2.0,4,60,36,56,38,55,56,"175cm | 5'9""",0,-,-,Shamrock Rovers,Republic of Ireland
Abderaouf Zarabi,58,LB,,0,2.0,3,53,39,53,34,57,57,"182cm | 6'0""",0,-,-,Nîmes Olympique,Algeria
Ian Dunbavin,58,GK,,0,1.0,3,56,61,51,60,58,58,"188cm | 6'2""",0,-,-,Accrington Stanley,England
Florian Mader,58,CM,,0,3.0,4,72,57,56,67,56,65,"180cm | 5'11""",0,-,-,SV Josko Fenst. Ried,Austria
Andreas Schrott,58,LB,,0,2.0,4,67,52,53,48,57,64,"179cm | 5'10""",0,-,-,FC Wacker Innsbruck,Austria
Ben Harding,58,CM,,0,2.0,4,63,48,61,47,54,65,"185cm | 6'1""",0,-,-,Aldershot Town,England
David Hunt,58,CM,,0,2.0,3,61,43,58,57,62,44,"180cm | 5'11""",0,-,-,Brentford,England
Christophe Coué,58,LB,,0,2.0,2,63,44,53,45,61,61,"183cm | 6'0""",0,-,-,Stade Lavallois Mayenne FC,France
Filip Burkhardt,58,LM,,0,3.0,3,64,54,52,61,41,49,"174cm | 5'9""",0,-,-,Arka Gdynia,Poland
Jin Soo Cho,58,ST,,0,2.0,3,58,54,50,51,58,68,"184cm | 6'0""",0,-,-,Ulsan Hyundai Horang-i,Korea Republic
Dawid Plizga,58,RF,,0,2.0,3,77,54,48,60,47,44,"174cm | 5'9""",0,-,-,Zagłębie Lubin,Poland
Yeo San Yoon,58,CB,,0,2.0,3,55,43,40,44,57,62,"185cm | 6'1""",0,-,-,Gwangju Sangmu FC,Korea Republic
Bartosz Bialkowski,58,GK,,0,1.0,3,57,59,51,60,59,57,"193cm | 6'4""",0,-,-,Southampton,Poland
Zesh Rehman,58,CB,,0,2.0,3,54,31,37,34,58,69,"189cm | 6'2""",0,-,-,Bradford City,Pakistan
Sebastiano Girelli,58,CB,,0,2.0,3,68,46,53,45,50,63,"180cm | 5'11""",0,-,-,Sassuolo,Italy
Anssi Jaakkola,58,GK,,0,1.0,1,61,49,62,65,58,53,"193cm | 6'4""",0,-,-,Slavia Praha,Finland
Scott Wiseman,58,RB,,0,2.0,3,66,29,51,50,59,58,"183cm | 6'0""",0,-,-,Rochdale,England
Conrad Logan,58,GK,,0,1.0,3,55,58,56,70,42,51,"188cm | 6'2""",0,-,-,Leicester City,Republic of Ireland
Iain Fyfe,58,CB,,0,2.0,3,46,45,48,39,60,64,"189cm | 6'2""",0,-,-,Adelaide United,Australia
Steven Schumacher,58,CM,,0,2.0,3,67,50,58,58,53,43,"183cm | 6'0""",0,-,-,Bury,England
Rubin Dantschotter,58,GK,,0,1.0,3,58,62,54,55,62,62,"185cm | 6'1""",0,-,-,KSV Cercle Brugge,Belgium
Phil Ifil,58,RB,,0,,4,76,42,52,64,62,28,"175cm | 5'9""",0,-,-,Dagenham and Redbridge,St Lucia
John Halls,58,CDM,,0,3.0,3,62,50,53,57,59,64,"183cm | 6'0""",0,-,-,Aldershot Town,Scotland
Ryan Garry,58,CB,,0,2.0,3,64,23,30,30,62,64,"188cm | 6'2""",0,-,-,Bournemouth,England
Tony Lochhead,58,LB,,0,2.0,2,67,41,54,54,60,46,"183cm | 6'0""",0,-,-,Wellington Phoenix,New Zealand
Darren Quigley,58,GK,,0,1.0,2,55,54,53,66,55,56,"186cm | 6'1""",0,-,-,Sporting Fingal,Republic of Ireland
Jin Ok Park,58,RM,,0,3.0,2,72,42,54,61,49,50,"170cm | 5'7""",0,-,-,Gwangju Sangmu FC,Korea Republic
Yoon Sung Jung,58,ST,,0,3.0,3,64,54,48,59,55,58,"184cm | 6'0""",0,-,-,Chunnam Dragons,Korea Republic
Young Chul Shin,58,CDM,,0,2.0,3,58,54,59,60,59,57,"176cm | 5'9""",0,-,-,Seongnam Ilhwa Chunma,Korea Republic
Zach Scott,58,LB,,0,2.0,3,68,45,45,51,60,67,"180cm | 5'11""",0,-,-,Seattle Sounders FC,United States
Mark Prettenthaler,58,LB,,0,2.0,3,65,43,50,56,63,60,"183cm | 6'0""",0,-,-,SV Josko Fenst. Ried,Austria
Karleigh Osborne,58,CB,,0,2.0,3,57,31,46,39,55,59,"188cm | 6'2""",0,-,-,Brentford,England
Daniel Westlin,58,ST,,0,2.0,3,63,55,54,57,50,58,"182cm | 6'0""",0,-,-,Gefle IF,Sweden
Engin Aktürk,58,RB,,0,3.0,2,66,35,53,43,60,62,"181cm | 5'11""",0,-,-,Kardemir Karabükspor,Turkey
Patrick Bürger,58,ST,,0,2.0,3,68,55,44,53,55,64,"187cm | 6'2""",0,-,-,SV Mattersburg,Austria
Peter Hartley,58,LB,,0,2.0,3,60,29,55,55,53,65,"184cm | 6'0""",0,-,-,Hartlepool United,England
Liam Davis,58,LW,,0,3.0,2,84,56,48,64,58,39,"175cm | 5'9""",0,-,-,Northampton Town,England
Damien Lahaye,58,GK,,0,1.0,3,59,54,56,64,43,57,"180cm | 5'11""",0,-,-,KV Kortrijk,Belgium
Krzysztof Nykiel,58,LB,,0,2.0,3,66,48,59,49,61,54,"186cm | 6'1""",0,-,-,Ruch Chorzów,Poland
Joe Colbeck,58,RM,,0,3.0,4,75,43,52,63,45,38,"180cm | 5'11""",0,-,-,Hereford,England
Scott Golbourne,58,LB,,0,2.0,3,64,30,53,54,60,63,"175cm | 5'9""",0,-,-,Exeter City,England
Frode Larsen,58,GK,,0,1.0,2,48,50,71,72,21,55,"184cm | 6'0""",0,-,-,Vålerenga Fotball,Norway
Harmen Kuperus,58,GK,,0,1.0,3,56,55,51,55,45,65,"191cm | 6'3""",0,-,-,Willem II,Netherlands
Drew Talbot,58,ST,,0,2.0,3,75,53,47,59,45,59,"178cm | 5'10""",0,-,-,Chesterfield,England
Sam Williams,58,ST,,0,2.0,3,69,58,41,51,56,58,"185cm | 6'1""",0,-,-,Yeovil Town,Wales
Andreas Granskov Hansen,58,ST,,0,2.0,4,69,53,51,52,53,54,"181cm | 5'11""",0,-,-,FC Nordsjælland,Denmark
Kirk Hudson,58,RW,,0,2.0,3,82,50,48,54,42,46,"173cm | 5'8""",0,-,-,Brentford,England
Francesco Bini,58,CB,,0,2.0,2,57,40,43,35,60,66,"190cm | 6'3""",0,-,-,Piacenza,Italy
Kevin Smith,58,ST,,0,3.0,3,69,54,42,57,48,62,"180cm | 5'11""",0,-,-,Notts County,Scotland
Jake Thomson,58,RM,,0,2.0,3,65,46,54,60,53,47,"182cm | 6'0""",0,-,-,Exeter City,Trinidad &amp; Tobago
Steven Lennon,58,ST,,0,4.0,3,71,52,50,63,42,48,"170cm | 5'7""",0,-,-,Dundalk FC,Scotland
Luke Joyce,58,CM,,0,2.0,3,65,49,57,58,63,62,"180cm | 5'11""",0,-,-,Accrington Stanley,England
John Sullivan,58,GK,,0,1.0,3,58,57,60,58,43,56,"188cm | 6'2""",0,-,-,Yeovil Town,England
Lewis Alessandra,58,ST,,0,3.0,3,67,51,52,65,52,44,"175cm | 5'9""",0,-,-,Oldham Athletic,England
Jørgen Horn,58,CB,,0,2.0,3,66,30,48,30,57,72,"187cm | 6'2""",0,-,-,Viking FK,Norway
Kyung Ho Jeong,58,CAM,,0,2.0,5,63,47,62,62,53,42,"168cm | 5'6""",0,-,-,Gwangju Sangmu FC,Korea Republic
Tae Eun Ahn,58,RWB,,0,2.0,3,67,46,56,56,59,62,"175cm | 5'9""",0,-,-,Pohang Steelers,Korea Republic
Dong Jin Han,58,GK,,0,1.0,2,61,61,55,54,50,60,"183cm | 6'0""",0,-,-,Jeju United FC,Korea Republic
John Mousinho,58,CDM,,0,2.0,3,60,46,55,57,57,62,"185cm | 6'1""",0,-,-,Stevenage FC,England
Byung Do Choi,58,RM,,0,2.0,3,52,35,62,65,58,60,"184cm | 6'0""",0,-,-,Incheon United FC,Korea Republic
Min Gook Seo,58,LM,,0,2.0,3,66,50,59,49,50,51,"174cm | 5'9""",0,-,-,Gwangju Sangmu FC,Korea Republic
Lee Molyneux,58,LB,,0,2.0,2,63,45,50,45,56,46,"186cm | 6'1""",0,-,-,Plymouth Argyle,England
Bobbie Friberg Da Cruz,58,RB,,0,3.0,3,68,46,56,60,62,61,"187cm | 6'2""",0,-,-,Kongsvinger IL Toppfotball,Sweden
Edier Frejd,58,CB,,0,2.0,3,61,37,45,46,59,72,"184cm | 6'0""",0,-,-,Kongsvinger IL Toppfotball,Sweden
Andy Sandell,58,LB,,0,3.0,3,63,55,55,59,60,66,"183cm | 6'0""",0,-,-,Wycombe Wanderers,England
Rob Purdie,58,CM,,0,3.0,3,70,43,61,65,53,53,"173cm | 5'8""",0,-,-,Oldham Athletic,England
Andy Williams,58,ST,,0,2.0,3,69,58,28,44,47,57,"180cm | 5'11""",0,-,-,Yeovil Town,England
Elie Dohin,58,RB,,0,2.0,3,65,52,61,53,56,50,"171cm | 5'7""",0,-,-,La Berrichonne de Châteauroux,France
Nedeljko Malic,58,CB,,0,2.0,4,64,36,44,39,61,58,"192cm | 6'4""",0,-,-,SV Mattersburg,Bosnia Herzegovina
Sebastian Senatore,58,LWB,,0,2.0,2,62,37,54,56,59,42,"180cm | 5'11""",0,-,-,Gefle IF,Sweden
Shkëlzen Gashi,58,LM,,0,3.0,2,70,50,52,67,54,54,"180cm | 5'11""",0,-,-,Neuchâtel Xamax,Switzerland
Gavin Tomlin,58,ST,,0,2.0,3,71,53,47,57,48,62,"183cm | 6'0""",0,-,-,Dagenham and Redbridge,England
Craig Lindfield,58,ST,,0,2.0,3,73,54,40,53,44,59,"183cm | 6'0""",0,-,-,Accrington Stanley,England
Eric Kronberg,58,GK,,0,1.0,2,61,58,54,54,47,61,"195cm | 6'5""",0,-,-,Kansas City Wizards,United States
Joe Thompson,58,RW,,0,2.0,3,78,42,52,57,45,44,"183cm | 6'0""",0,-,-,Rochdale,England
Ola Kamara,58,LW,,0,2.0,3,78,49,45,53,45,46,"178cm | 5'10""",0,-,-,Strømsgodset IF,Norway
Frankie Artus,58,CM,,0,2.0,3,65,40,60,50,55,56,"183cm | 6'0""",0,-,-,Cheltenham Town,England
Peter Winn,58,LW,,0,2.0,2,87,46,46,56,38,46,"183cm | 6'0""",0,-,-,Stevenage FC,England
Henrik Bødker,58,RM,,0,2.0,2,53,44,62,49,55,44,"180cm | 5'11""",0,-,-,SønderjyskE,Denmark
Pat Flynn,58,LB,,0,2.0,3,59,29,42,24,55,58,"180cm | 5'11""",0,-,-,Shamrock Rovers,Republic of Ireland
Conor Powell,58,LB,,0,2.0,2,63,34,55,47,55,53,"180cm | 5'11""",0,-,-,Bohemians FC,Republic of Ireland
Steve Pantelidis,58,CDM,,0,2.0,3,56,34,50,44,59,52,"182cm | 6'0""",0,-,-,Gold Coast United,Australia
Kurt Morsink,58,CDM,,0,2.0,3,67,50,51,57,62,54,"178cm | 5'10""",0,-,-,D.C. United,Costa Rica
Dino Djulbic,58,CB,,0,2.0,3,44,35,37,31,57,60,"194cm | 6'4""",0,-,-,Gold Coast United,Australia
Filip Rýdel,58,CDM,,0,2.0,3,58,52,55,56,57,60,"183cm | 6'0""",0,-,-,1. FC Brno,Czech Republic
Tomáš Okleštěk,58,LM,,0,2.0,2,66,50,56,61,54,54,"183cm | 6'0""",0,-,-,1. FC Brno,Czech Republic
Christoffer Karlsson,58,CDM,,0,3.0,3,71,52,57,59,62,56,"179cm | 5'10""",0,-,-,Åtvidabergs FF ,Sweden
Jimmie Augustsson,58,LWB,,0,3.0,3,67,51,59,64,58,49,"174cm | 5'9""",0,-,-,Kalmar FF,Sweden
Abdulkadir Özgen,58,LF,,0,3.0,4,61,59,53,63,44,49,"186cm | 6'1""",0,-,-,Kayserispor,Germany
Sean O'Connor,58,LW,,0,2.0,4,66,55,53,60,44,50,"178cm | 5'10""",0,-,-,Shamrock Rovers,Republic of Ireland
Erik Dahlin,58,GK,,0,1.0,2,58,54,53,66,64,54,"186cm | 6'1""",0,-,-,IFK Göteborg,Sweden
Darren Dennehy,58,CB,,0,2.0,3,63,35,45,31,59,72,"187cm | 6'2""",0,-,-,Barnet,Republic of Ireland
Danny Hylton,58,ST,,0,2.0,3,72,52,48,57,57,64,"183cm | 6'0""",0,-,-,Aldershot Town,England
Erik Mellevold Bråthen,58,GK,,0,1.0,2,65,61,54,63,35,51,"196cm | 6'5""",0,-,-,Rosenborg BK,Norway
Colin Daniel,58,LM,,0,2.0,2,83,36,58,55,44,40,"180cm | 5'11""",0,-,-,Macclesfield Town,England
Emmanuel Bourgaud,58,CAM,,0,3.0,3,68,58,52,62,55,57,"179cm | 5'10""",0,-,-,Angers SCO,France
Robert Bayly,58,CM,,0,2.0,2,69,54,53,52,59,54,"175cm | 5'9""",0,-,-,Shamrock Rovers,Republic of Ireland
Tor Marius Gromstad,58,CM,,0,2.0,3,70,49,57,59,62,69,"185cm | 6'1""",0,-,-,Stabæk Fotball,Norway
Jens Grahl,58,GK,,0,1.0,3,63,58,54,57,51,52,"193cm | 6'4""",0,-,-,TSG 1899 Hoffenheim,Germany
Kieran Charnock,58,CB,,0,2.0,3,65,24,27,26,59,64,"186cm | 6'1""",0,-,-,Torquay United,England
Oliver Lancashire,58,CB,,0,2.0,3,69,22,31,26,57,66,"186cm | 6'1""",0,-,-,Walsall,England
Milan Gajic,58,CM,,0,2.0,3,70,54,58,59,59,52,"182cm | 6'0""",0,-,-,FC Zürich,Serbia
Bilal Çubukçu,58,CM,,0,3.0,4,71,44,62,67,47,50,"174cm | 5'9""",0,-,-,Gençlerbirliği SK,Turkey
Rolf Daniel Vikstøl,58,LB,,0,2.0,3,72,46,47,51,60,48,"182cm | 6'0""",0,-,-,IK Start,Norway
Timothy Durwael,58,CB,,0,2.0,3,62,34,46,39,56,55,"173cm | 5'8""",0,-,-,KRC Genk,Belgium
Alain Wiss,58,CDM,,0,2.0,3,61,52,54,56,58,61,"180cm | 5'11""",0,-,-,FC Luzern,Switzerland
Yo Han Go,58,CM,,0,3.0,3,63,46,53,64,54,40,"170cm | 5'7""",0,-,-,FC Seoul,Korea Republic
Lukáš Vácha,58,CDM,,0,2.0,3,68,41,57,55,59,45,"176cm | 5'9""",0,-,-,Slovan Liberec,Czech Republic
Sjoerd Overgoor,58,CM,,0,2.0,3,67,48,55,58,52,50,"177cm | 5'10""",0,-,-,De Graafschap,Netherlands
Ben Tozer,58,CB,,0,2.0,3,63,12,18,19,56,64,"185cm | 6'1""",0,-,-,Newcastle United,England
Tomáš Stráský,58,CF,,0,3.0,2,67,57,48,53,46,53,"185cm | 6'1""",0,-,-,Dynamo České Budějovice,Czech Republic
Nicklas Bärkroth,58,RW,,0,2.0,3,77,52,43,63,42,44,"174cm | 5'9""",0,-,-,IFK Göteborg,Sweden
Corry Evans,58,CDM,,0,2.0,3,68,42,45,41,65,48,"181cm | 5'11""",0,-,-,Manchester United,Northern Ireland
Theodor Gebre Selassie,58,RB,,0,2.0,3,72,36,55,57,58,50,"182cm | 6'0""",0,-,-,Slovan Liberec,Czech Republic
Andrew Wright,58,CM,,0,2.0,3,66,34,60,58,62,54,"185cm | 6'1""",0,-,-,Scunthorpe United,England
Arild Østbø,58,GK,,0,1.0,2,60,59,63,55,26,61,"185cm | 6'1""",0,-,-,Viking FK,Norway
Josimar Lima,58,CB,,0,3.0,1,58,23,44,47,57,58,"191cm | 6'3""",0,-,-,Willem II,Netherlands
Nathaniel Wedderburn,58,CM,,0,2.0,3,52,48,59,54,65,63,"185cm | 6'1""",0,-,-,Northampton Town,England
Stephen King,58,CAM,,0,2.0,3,67,54,56,57,56,58,"170cm | 5'7""",0,-,-,D.C. United,United States
Won Jae Lee,58,CB,,0,2.0,3,66,26,54,34,58,66,"185cm | 6'1""",0,-,-,Pohang Steelers,Korea Republic
Grzegorz Sandomierski,58,GK,,0,1.0,2,66,51,54,64,45,49,"196cm | 6'5""",0,-,-,Jagiellonia Białystok,Poland
Bryan Jordan,58,ST,,0,3.0,3,78,53,47,55,56,64,"173cm | 5'8""",0,-,-,Los Angeles Galaxy,United States
Alexis Norambuena,58,RB,,0,2.0,4,65,38,62,58,60,47,"176cm | 5'9""",0,-,-,Jagiellonia Białystok,Chile
Abdoul Karim Yoda,58,LM,,0,2.0,3,68,51,56,60,54,56,"182cm | 6'0""",0,-,-,FC Sion,France
Alexis Theodosiadis,58,LWB,,0,2.0,3,72,54,56,58,59,62,"179cm | 5'10""",0,-,-,FSV Frankfurt,Greece
Kevin Burns,58,CDM,,0,2.0,3,64,44,47,57,59,64,"185cm | 6'1""",0,-,-,Columbus Crew,United States
Declan Rudd,58,GK,,0,1.0,3,62,62,52,54,44,57,"191cm | 6'3""",0,-,-,Norwich City,England
Jerry Vandam,58,RB,,0,2.0,3,62,32,50,37,64,52,"186cm | 6'1""",0,-,-,LOSC Lille Métropole,France
Isaka Cernak,58,CAM,,0,2.0,4,73,52,52,67,43,28,"179cm | 5'10""",0,-,-,North Queensland Fury FC,Australia
Lukáš Zich,58,GK,,0,1.0,3,53,57,59,62,39,62,"192cm | 6'4""",0,-,-,Sparta Praha,Czech Republic
Max Fuxberg,58,LB,,0,2.0,5,63,38,50,53,56,58,"179cm | 5'10""",0,-,-,Trelleborgs FF,Sweden
Ashley Westwood,58,CDM,,0,2.0,3,67,43,62,45,60,54,"175cm | 5'9""",0,-,-,Crewe Alexandra,England
Alex McCarthy,58,GK,,0,1.0,3,58,56,53,59,59,60,"193cm | 6'4""",0,-,-,Reading,England
Bruno Guarda,58,CM,,0,3.0,4,72,57,56,59,55,59,"173cm | 5'8""",0,-,-,FC Dallas,Brazil
Terry Gornell,58,ST,,0,3.0,4,61,52,49,55,55,66,"180cm | 5'11""",0,-,-,Accrington Stanley,England
Peter Hricko,58,RB,,0,2.0,4,60,36,34,38,63,56,"177cm | 5'10""",0,-,-,Polonia Bytom,Slovakia
Leroy Resodihardjo,58,CM,,0,3.0,3,60,41,56,62,60,59,"184cm | 6'0""",0,-,-,ADO Den Haag,Netherlands
Enrico Geroni,58,CM,,0,3.0,3,70,53,60,52,55,54,"186cm | 6'1""",0,-,-,A. Leffe,Italy
Mert Günok,58,GK,,0,1.0,2,63,60,44,64,57,52,"188cm | 6'2""",0,-,-,Fenerbahçe SK,Turkey
Mattia Minesso,58,RF,,0,3.0,3,61,55,53,60,49,52,"173cm | 5'8""",0,-,-,Vicenza,Italy
João Pedro de Lemos Paiva,58,ST,,0,3.0,3,66,58,53,65,41,41,"174cm | 5'9""",0,-,-,FC Luzern,Portugal
Mads Reginiussen,58,CM,,0,2.0,3,70,55,51,50,56,60,"175cm | 5'9""",0,-,-,Tromsø IL,Norway
Mathis Bolly,58,LW,,0,3.0,4,76,51,40,63,36,42,"181cm | 5'11""",0,-,-,Lillestrøm SK,Norway
Ruben Gabrielsen,58,RM,,0,2.0,3,72,51,52,54,59,70,"186cm | 6'1""",0,-,-,Lillestrøm SK,Norway
Peri Marosevic,58,ST,,0,2.0,3,72,56,40,57,46,59,"175cm | 5'9""",0,-,-,FC Dallas,United States
Kevin Kerr,58,CDM,,0,2.0,2,78,39,60,57,53,54,"178cm | 5'10""",0,-,-,Arminia Bielefeld,Scotland
Brandon Barklage,58,CAM,,0,3.0,3,73,50,55,61,54,56,"180cm | 5'11""",0,-,-,D.C. United,United States
Nick Zimmerman,58,RM,,0,3.0,3,71,55,49,62,55,60,"183cm | 6'0""",0,-,-,Philadelphia Union,United States
Brad Ring,58,CDM,,0,2.0,3,67,51,49,57,58,64,"178cm | 5'10""",0,-,-,San Jose Earthquakes,United States
Cody McDonald,58,ST,,0,2.0,3,75,55,30,56,41,58,"178cm | 5'10""",0,-,-,Gillingham,England
Josh Thompson,58,CB,,0,3.0,2,52,20,31,48,55,65,"193cm | 6'4""",0,-,-,Rochdale,England
Fredrik Liverstam,58,CB,,0,2.0,4,55,35,44,52,59,67,"193cm | 6'4""",0,-,-,Helsingborgs IF,Sweden
Gustaf Lundholm,58,CM,,0,2.0,3,59,56,58,56,61,53,"175cm | 5'9""",0,-,-,Örebro SK,Sweden
Emmanuel Gomez,58,CB,,0,,3,70,34,34,43,58,63,"191cm | 6'3""",0,-,-,Toronto FC,Gambia
Amadou Sanyang,58,CDM,,0,2.0,3,71,48,43,55,60,66,"183cm | 6'0""",0,-,-,Toronto FC,Gambia
Jin Soo Choi,58,RW,,0,3.0,3,68,49,50,56,53,58,"178cm | 5'10""",0,-,-,Ulsan Hyundai Horang-i,Korea Republic
Seung Gyu Kim,58,GK,,0,1.0,3,61,60,60,56,77,55,"187cm | 6'2""",0,-,-,Ulsan Hyundai Horang-i,Korea Republic
Jae Sung Ko,58,RB,,0,2.0,3,53,30,43,50,55,47,"175cm | 5'9""",0,-,-,Seongnam Ilhwa Chunma,Korea Republic
Dae Sung Moon,58,RM,,0,3.0,3,68,47,48,63,50,48,"173cm | 5'8""",0,-,-,Seongnam Ilhwa Chunma,Korea Republic
Bong Gyeom Kim,58,CB,,0,2.0,3,64,32,35,43,58,48,"177cm | 5'10""",0,-,-,Gangwon FC,Korea Republic
Hong Il Kim,58,CAM,,0,3.0,3,56,52,61,62,42,39,"178cm | 5'10""",0,-,-,Suwon Samsung Bluewings,Korea Republic
Young Sin Kim,58,RW,,0,3.0,2,65,57,55,56,46,50,"175cm | 5'9""",0,-,-,Jeju United FC,Korea Republic
Kyung Hyun Im,58,ST,,0,3.0,3,65,56,51,59,50,56,"181cm | 5'11""",0,-,-,Suwon Samsung Bluewings,Korea Republic
Sin Young Yoon,58,CB,,0,2.0,2,51,46,42,46,57,52,"184cm | 6'0""",0,-,-,Gwangju Sangmu FC,Korea Republic
Olof Mård,58,CB,,0,2.0,3,54,35,42,34,57,61,"192cm | 6'4""",0,-,-,Gefle IF,Sweden
Adam Sarota,58,CAM,,0,3.0,3,65,55,58,58,42,34,"182cm | 6'0""",0,-,-,FC Utrecht,Australia
Víctor Villa,58,ST,,0,2.0,2,68,52,45,57,53,56,"181cm | 5'11""",0,-,-,Querétaro,Mexico
Andrew Little,58,CF,,0,3.0,3,68,58,44,51,60,60,"184cm | 6'0""",0,-,-,Rangers,Northern Ireland
Paul Jatta,58,CDM,,0,2.0,3,66,29,58,46,58,43,"180cm | 5'11""",0,-,-,Brøndby IF,Gambia
Daniele Federici,58,CB,,0,2.0,3,67,36,41,33,60,62,"182cm | 6'0""",0,-,-,Grosseto,Italy
Patrick Schönfeld,58,ST,,0,2.0,3,65,56,46,65,46,60,"186cm | 6'1""",0,-,-,Rot-Weiß Oberhausen,Germany
Alex Smith,58,LB,,0,2.0,2,73,39,56,52,56,42,"175cm | 5'9""",0,-,-,Fulham,England
Scott Malone,58,LB,,0,2.0,3,74,46,53,56,60,46,"189cm | 6'2""",0,-,-,Wolverhampton Wanderers,England
Pim Bouwman,58,CAM,,0,3.0,3,74,52,60,63,41,44,"184cm | 6'0""",0,-,-,NAC Breda,Netherlands
Kevin Conrad,58,CB,,0,2.0,3,60,27,58,41,59,62,"181cm | 5'11""",0,-,-,TSG 1899 Hoffenheim,Germany
Bobby Shuttleworth,58,GK,,0,1.0,2,58,60,67,56,44,57,"188cm | 6'2""",0,-,-,New England Revolution,United States
Thomas Schrammel,58,LWB,,0,2.0,3,73,44,56,51,58,58,"175cm | 5'9""",0,-,-,SV Josko Fenst. Ried,Austria
Pascal Schürpf,58,LM,,0,2.0,3,63,53,55,55,59,50,"188cm | 6'2""",0,-,-,FC Basel 1893,Switzerland
Kevin Fickentscher,58,GK,,0,1.0,3,57,53,55,64,56,56,"181cm | 5'11""",0,-,-,FC Sion,Switzerland
Rafael Gómez Llorens,58,CF,,0,2.0,3,67,54,50,61,44,57,"179cm | 5'10""",0,-,-,Elche Club de Fútbol S.A.D.,Spain
Todd Howarth,58,LM,,0,2.0,3,66,50,55,51,66,64,"186cm | 6'1""",0,-,-,Perth Glory FC,Australia
Martin Nešpor,58,ST,,0,3.0,3,72,57,41,62,40,54,"178cm | 5'10""",0,-,-,Bohemians 1905,Czech Republic
Marcos Álvarez,58,RF,,0,3.0,3,63,57,46,62,41,57,"179cm | 5'10""",0,-,-,Eintracht Frankfurt,Germany
Tarik Camdal,58,LM,,0,2.0,3,67,49,52,60,44,51,"172cm | 5'8""",0,-,-,TSV 1860 München,Germany
Kai Schwertfeger,58,LB,,0,2.0,4,67,35,44,35,56,61,"188cm | 6'2""",0,-,-,Fortuna Düsseldorf,Germany
Aaron Wildig,58,CM,,0,3.0,3,66,53,66,64,58,54,"175cm | 5'9""",0,-,-,Cardiff City,England
Stefano Russo,58,GK,,0,1.0,2,56,62,70,56,30,58,"185cm | 6'1""",0,-,-,Parma,Italy
Juraj Križko,58,CB,,0,2.0,3,53,34,39,32,57,59,"188cm | 6'2""",0,-,-,1. FC Brno,Slovakia
Kevin Grund,58,LB,,0,2.0,3,68,45,59,56,56,54,"177cm | 5'10""",0,-,-,MSV Duisburg,Germany
Samuel Atrous,58,GK,,0,1.0,3,67,59,62,62,30,48,"190cm | 6'3""",0,-,-,Racing Club de Lens,France
Alan Chochiev,58,CAM,,0,2.0,4,57,53,58,64,54,54,"180cm | 5'11""",0,-,-,Lokomotiv Moskva,Russia
Pedro Orfila Artime,58,RB,,0,2.0,3,73,32,53,56,58,47,"175cm | 5'9""",0,-,-,Real Sporting de Gijón S.A.D.,Spain
Rafal Gikiewicz,58,GK,,0,1.0,2,61,46,57,64,26,58,"190cm | 6'3""",0,-,-,Jagiellonia Białystok,Poland
Eugen Klukin,58,CB,,0,2.0,2,59,20,32,30,62,62,"182cm | 6'0""",0,-,-,SC Paderborn 07,Germany
Marian Jarabica,58,CB,,0,2.0,2,62,27,40,20,58,64,"192cm | 6'4""",0,-,-,Cracovia Kraków,Slovakia
Quincy Antipas,58,ST,,0,2.0,3,60,52,42,50,49,62,"181cm | 5'11""",0,-,-,SønderjyskE,Zimbabwe
Mohamed Elgabas,58,RM,,0,3.0,4,66,52,54,59,49,36,"181cm | 5'11""",0,-,-,Lierse SK,Egypt
Andrew Wiedeman,58,ST,,0,3.0,3,68,57,36,56,48,67,"180cm | 5'11""",0,-,-,FC Dallas,United States
Andre Akpan,58,ST,,0,3.0,3,64,54,39,60,49,67,"185cm | 6'1""",0,-,-,Colorado Rapids,United States
Amobi Okugo,58,CDM,,0,3.0,3,72,54,48,56,60,68,"183cm | 6'0""",0,-,-,Philadelphia Union,United States
Olivier Mukendi Mulaya,58,ST,,0,3.0,3,71,55,38,54,61,59,"194cm | 6'4""",0,-,-,KSV Cercle Brugge,Belgium
Chris Schuler,58,CB,,0,2.0,2,63,35,35,31,59,66,"193cm | 6'4""",0,-,-,Real Salt Lake,United States
David Estrada,58,CF,,0,3.0,3,73,57,45,60,39,48,"173cm | 5'8""",0,-,-,Seattle Sounders FC,United States
Mike Seamon,58,CM,,0,3.0,3,67,54,54,59,60,62,"185cm | 6'1""",0,-,-,Seattle Sounders FC,United States
Johannes Focher,58,GK,,0,1.0,1,63,53,52,56,44,61,"197cm | 6'6""",0,-,-,Borussia Dortmund,Germany
George Thorne,58,CM,,0,2.0,3,55,49,58,52,51,52,"188cm | 6'2""",0,-,-,West Bromwich Albion,England
Aaron Greene,58,ST,,0,3.0,2,63,55,50,62,43,56,"180cm | 5'11""",0,-,-,Bohemians FC,Republic of Ireland
Robin Neupert,58,CB,,0,2.0,3,59,32,48,44,58,62,"185cm | 6'1""",0,-,-,TSG 1899 Hoffenheim,Germany
Eirik Vespestad Mæland,58,CM,,0,2.0,3,65,55,52,54,55,50,"175cm | 5'9""",0,-,-,FK Haugesund,Norway
Mitchell Megginson,58,ST,,0,3.0,3,69,53,30,55,47,62,"180cm | 5'11""",0,-,-,Aberdeen,Scotland
Thomas Birk,58,LB,,0,2.0,3,74,49,56,56,58,53,"176cm | 5'9""",0,-,-,FC Erzgebirge Aue,Germany
Manuel Hiemer,58,LM,,0,2.0,3,68,49,56,58,53,56,"182cm | 6'0""",0,-,-,FC Erzgebirge Aue,Germany
Sebastian Glasner,58,ST,,0,2.0,3,63,55,35,53,52,66,"187cm | 6'2""",0,-,-,FC Erzgebirge Aue,Germany
Daniel Ivanovski,58,RB,,0,2.0,3,61,37,49,44,62,57,"184cm | 6'0""",0,-,-,Mjällby AIF ,FYR Macedonia
Erik Moberg,58,CB,,0,2.0,3,55,23,29,23,58,72,"183cm | 6'0""",0,-,-,Åtvidabergs FF ,Sweden
Dejan Doslic,58,ST,,0,2.0,3,66,54,42,57,51,62,"187cm | 6'2""",0,-,-,Åtvidabergs FF ,Sweden
Alberis Sérgio Ângelo da Silva,58,CB,,0,2.0,3,59,23,31,30,58,58,"186cm | 6'1""",0,-,-,Åtvidabergs FF ,Brazil
Chang Ho Song,58,CM,,0,3.0,3,69,60,62,51,50,58,"180cm | 5'11""",0,-,-,Pohang Steelers,Korea Republic
Cha Won Ko,58,LF,,0,3.0,3,62,61,44,55,51,64,"169cm | 5'7""",0,-,-,Chunnam Dragons,Korea Republic
David Schartner,58,GK,,0,1.0,3,56,56,54,55,46,63,"193cm | 6'4""",0,-,-,SV Mattersburg,Austria
Jiří Lindr,58,GK,,0,1.0,2,58,61,55,59,60,58,"191cm | 6'3""",0,-,-,FC Hradec Králové,Czech Republic
Radim Wozniak,58,CB,,0,2.0,2,64,19,40,22,62,62,"187cm | 6'2""",0,-,-,FC Hradec Králové,Czech Republic
Jorrit Kunst,58,RWB,,0,2.0,2,67,33,54,55,63,55,"178cm | 5'10""",0,-,-,FC Groningen,Netherlands
Harald Pichler,58,CB,,0,2.0,3,64,35,43,50,61,58,"187cm | 6'2""",0,-,-,FC Wacker Innsbruck,Austria
Josef Divíšek,58,LM,,0,3.0,4,69,42,58,55,51,48,"184cm | 6'0""",0,-,-,1. FK Příbram,Czech Republic
André Hoffmann,58,CB,,0,2.0,3,59,22,29,28,58,55,"187cm | 6'2""",0,-,-,MSV Duisburg,Germany
Burakcan Kunt,58,CAM,,0,2.0,5,58,46,57,60,52,48,"181cm | 5'11""",0,-,-,MSV Duisburg,Turkey
Giliano Wijnaldum,58,LWB,,0,3.0,2,82,43,45,73,47,48,"174cm | 5'9""",0,-,-,AZ Alkmaar,Netherlands
Mitchell te Vrede,58,ST,,0,2.0,3,62,58,34,38,50,68,"191cm | 6'3""",0,-,-,AZ Alkmaar,Netherlands
Craig Hinton,57,CB,,0,2.0,3,37,16,30,37,55,58,"183cm | 6'0""",0,-,-,Northampton Town,England
Drewe Broughton,57,ST,,0,2.0,3,47,57,39,54,59,77,"191cm | 6'3""",0,-,-,Lincoln City,England
Brendan McGill,57,RM,,0,3.0,3,59,50,55,57,56,56,"175cm | 5'9""",0,-,-,Drogheda United,Republic of Ireland
Paul Morgan,57,CB,,0,2.0,3,52,18,28,27,57,68,"183cm | 6'0""",0,-,-,Macclesfield Town,Northern Ireland
Anthony Tonkin,57,LB,,0,2.0,3,51,18,38,39,60,52,"182cm | 6'0""",0,-,-,Oxford United FC,England
Paul Bolland,57,CDM,,0,3.0,3,59,32,63,62,56,63,"180cm | 5'11""",0,-,-,Macclesfield Town,England
Shaun Maher,57,CB,,0,2.0,2,59,30,36,36,55,62,"189cm | 6'2""",0,-,-,Sporting Fingal,Republic of Ireland
Jabo Ibehre,57,ST,,0,2.0,3,74,47,38,56,52,66,"194cm | 6'4""",0,-,-,Milton Keynes Dons,England
Lee Bullock,57,CM,,0,2.0,3,56,51,55,54,62,63,"183cm | 6'0""",0,-,-,Bradford City,England
Barry Conlon,57,ST,,0,2.0,3,61,54,37,41,58,70,"191cm | 6'3""",0,-,-,Stockport County,Republic of Ireland
Joakim Karlsson,57,RB,,0,2.0,4,63,36,50,41,54,46,"185cm | 6'1""",0,-,-,Kalmar FF,Sweden
Martin Andersson,57,CDM,,0,2.0,3,58,42,53,54,59,53,"177cm | 5'10""",0,-,-,Djurgårdens IF,Sweden
Gary Dempsey,57,CM,,0,2.0,3,63,54,57,57,52,52,"175cm | 5'9""",0,-,-,Bray Wanderers,Republic of Ireland
Nathan Jones,57,LB,,0,2.0,3,43,32,50,43,58,50,"170cm | 5'7""",0,-,-,Yeovil Town,Wales
Paul McLaren,57,CM,,0,2.0,3,55,52,61,53,56,57,"185cm | 6'1""",0,-,-,Tranmere Rovers,England
Tomasz Szewczuk,57,CF,,0,2.0,3,64,55,41,53,54,61,"185cm | 6'1""",0,-,-,Śląsk Wrocław,Poland
Mickaël Stephan,57,CDM,,0,2.0,3,52,37,52,52,56,58,"178cm | 5'10""",0,-,-,Angers SCO,France
Cédric Bockhorni,57,RB,,0,2.0,3,65,41,55,54,56,58,"182cm | 6'0""",0,-,-,Clermont Foot Auvergne 63,France
Tristan Lahaye,57,RB,,0,2.0,3,56,38,53,38,54,52,"178cm | 5'10""",0,-,-,La Berrichonne de Châteauroux,France
Yasin Avci,57,LM,,0,2.0,2,79,40,49,53,52,44,"181cm | 5'11""",0,-,-,Kardemir Karabükspor,Denmark
Ryan Jarvis,57,ST,,0,3.0,3,72,51,32,59,53,59,"183cm | 6'0""",0,-,-,Leyton Orient,England
Dong Won Seo,57,CDM,,0,2.0,3,57,56,56,55,59,64,"184cm | 6'0""",0,-,-,Busan I'Park,Korea Republic
Koray Arslan,57,CB,,0,2.0,2,66,30,49,29,59,59,"178cm | 5'10""",0,-,-,Eskişehirspor,Turkey
Zbigniew Małkowski,57,GK,,0,1.0,2,58,50,57,61,21,55,"188cm | 6'2""",0,-,-,Korona Kielce,Poland
Boris Hüttenbrenner,57,CDM,,0,3.0,3,63,44,52,52,61,66,"188cm | 6'2""",0,-,-,KSV Superfund,Austria
Muhammet Özdin,57,LWB,,0,3.0,3,68,52,61,61,57,52,"184cm | 6'0""",0,-,-,Kardemir Karabükspor,Turkey
Angelo Raso,57,LB,,0,2.0,3,59,47,63,33,57,48,"173cm | 5'8""",0,-,-,AC Bellinzona,Italy
Gabriel Wüthrich,57,GK,,0,1.0,3,57,54,54,62,64,55,"185cm | 6'1""",0,-,-,FC Luzern,Switzerland
Iven Austbø,57,GK,,0,1.0,2,53,52,69,61,52,53,"189cm | 6'2""",0,-,-,Stabæk Fotball,Norway
Fabio Giordano,57,CDM,,0,2.0,3,70,40,60,59,57,46,"178cm | 5'10""",0,-,-,Cittadella,Italy
Dessie Baker,57,ST,,0,2.0,2,57,56,54,57,44,54,"175cm | 5'9""",0,-,-,Shamrock Rovers,Republic of Ireland
Jude Stirling,57,CB,,0,2.0,2,64,37,56,49,61,72,"188cm | 6'2""",0,-,-,Milton Keynes Dons,England
Jens Portin,57,LWB,,0,2.0,3,64,40,62,59,52,56,"187cm | 6'2""",0,-,-,Gefle IF,Finland
Michael Larsen,57,RB,,0,2.0,1,67,37,54,47,63,58,"184cm | 6'0""",0,-,-,SønderjyskE,Denmark
Andy Parkinson,57,RW,,0,3.0,3,68,55,45,61,48,57,"173cm | 5'8""",0,-,-,Accrington Stanley,England
Han Bok Song,57,CDM,,0,2.0,3,54,37,50,55,57,58,"183cm | 6'0""",0,-,-,Chunnam Dragons,Korea Republic
Chris O'Connor,57,GK,,0,1.0,2,60,53,59,58,27,58,"183cm | 6'0""",0,-,-,Bohemians FC,Australia
Elsad Zverotic,57,RB,,0,2.0,3,66,48,54,55,59,54,"179cm | 5'10""",0,-,-,FC Luzern,Montenegro
Paul Obiefule,57,CM,,0,2.0,3,74,51,52,54,62,62,"184cm | 6'0""",0,-,-,Hønefoss BK,Nigeria
Mark Lynch,57,RB,,0,2.0,3,65,31,53,50,57,58,"180cm | 5'11""",0,-,-,Stockport County,England
Alan Goodall,57,LB,,0,2.0,3,65,32,52,49,56,53,"175cm | 5'9""",0,-,-,Rochdale,England
Mariusz Sacha,57,RW,,0,3.0,3,80,46,46,55,43,36,"176cm | 5'9""",0,-,-,Cracovia Kraków,Poland
Maciej Szmatiuk,57,CB,,0,2.0,3,59,28,41,34,62,62,"190cm | 6'3""",0,-,-,Arka Gdynia,Poland
Grzegorz Podstawek,57,ST,,0,2.0,5,57,55,44,56,47,58,"182cm | 6'0""",0,-,-,Polonia Bytom,Poland
Mark Cousins,57,GK,,0,1.0,3,61,52,46,72,56,44,"185cm | 6'1""",0,-,-,Colchester United,England
Jake Wright,57,CB,,0,3.0,3,71,30,37,35,57,63,"185cm | 6'1""",0,-,-,Oxford United FC,England
Nikolay Tsygan,57,GK,,0,1.0,3,46,54,56,59,60,68,"189cm | 6'2""",0,-,-,Krylya Sovetov Samara,Ukraine
Lucky Lekgwathi,57,CB,,0,2.0,3,53,36,48,30,58,56,"178cm | 5'10""",0,-,-,Orlando Pirates,South Africa
Stephen O'Donnell,57,CM,,0,3.0,3,62,56,57,57,55,52,"175cm | 5'9""",0,-,-,Galway United,Republic of Ireland
Stephen Bradley,57,CM,,0,2.0,3,58,52,60,59,50,54,"170cm | 5'7""",0,-,-,Shamrock Rovers,Republic of Ireland
Jasmin Fejzic,57,GK,,0,1.0,2,56,61,51,54,33,59,"198cm | 6'6""",0,-,-,SpVgg Greuther Fürth,Bosnia Herzegovina
Beau Molenaar,57,GK,,0,1.0,3,51,50,61,59,22,63,"185cm | 6'1""",0,-,-,FK Haugesund,Netherlands
Ryan Gilligan,57,CM,,0,2.0,3,69,61,59,60,61,54,"178cm | 5'10""",0,-,-,Northampton Town,England
Hakan Söyler,57,CM,,0,3.0,3,64,43,59,51,58,58,"179cm | 5'10""",0,-,-,Kardemir Karabükspor,Turkey
Nicolaj Agger,57,ST,,0,2.0,4,75,47,26,58,49,56,"185cm | 6'1""",0,-,-,Brøndby IF,Denmark
Mads Thomsen,57,ST,,0,2.0,3,69,56,38,54,44,54,"177cm | 5'10""",0,-,-,FC Nordsjælland,Denmark
Marco Knaller,57,GK,,0,1.0,3,59,50,41,67,51,52,"192cm | 6'4""",0,-,-,1. FC Kaiserslautern,Austria
Andrew Boyens,57,CB,,0,2.0,3,53,33,40,45,55,68,"193cm | 6'4""",0,-,-,New York Red Bulls,New Zealand
Andrei Sidorenkov,57,LB,,0,2.0,3,60,40,54,48,58,62,"180cm | 5'11""",0,-,-,SønderjyskE,Estonia
Kevin Janssens,57,LM,,0,2.0,3,68,54,53,59,47,51,"175cm | 5'9""",0,-,-,Lierse SK,Belgium
Stipe Matić,57,CB,,0,2.0,3,59,37,50,45,58,61,"188cm | 6'2""",0,-,-,FC Thun,Croatia
Min Hyuk Kang,57,CB,,0,2.0,4,56,37,46,38,56,56,"180cm | 5'11""",0,-,-,Jeju United FC,Korea Republic
Yong Tae Kim,57,CAM,,0,3.0,3,62,50,58,63,58,38,"176cm | 5'9""",0,-,-,Ulsan Hyundai Horang-i,Korea Republic
Dong Won Yang,57,GK,,0,1.0,2,57,52,53,58,65,59,"188cm | 6'2""",0,-,-,Daejeon Citizen,Korea Republic
Massimo Zappino,57,GK,,0,1.0,2,56,57,48,58,59,60,"188cm | 6'2""",0,-,-,Varese,Brazil
Daniele Paponi,57,CF,,0,3.0,2,63,61,33,57,33,49,"182cm | 6'0""",0,-,-,Bologna,Italy
Hyun Seung Lee,57,CAM,,0,3.0,3,70,50,62,63,51,31,"172cm | 5'8""",0,-,-,FC Seoul,Korea Republic
Karol Kostrubała,57,CF,,0,2.0,4,82,53,38,53,50,56,"184cm | 6'0""",0,-,-,Cracovia Kraków,Poland
Nathan Elder,57,ST,,0,2.0,2,67,53,40,40,57,66,"191cm | 6'3""",0,-,-,Shrewsbury,England
Craig Curran,57,ST,,0,2.0,4,61,55,47,53,50,52,"175cm | 5'9""",0,-,-,Carlisle United,England
Fuad Ibrahim,57,ST,,0,2.0,3,83,49,31,57,49,59,"185cm | 6'1""",0,-,-,Toronto FC,United States
Kenny Browne,57,CB,,0,2.0,2,58,24,40,38,56,58,"191cm | 6'3""",0,-,-,Sporting Fingal,Republic of Ireland
Kyung Il Sung,57,GK,,0,1.0,2,56,57,59,56,30,55,"186cm | 6'1""",0,-,-,Gwangju Sangmu FC,Korea Republic
Conan Byrne,57,RM,,0,2.0,3,60,55,57,57,45,52,"180cm | 5'11""",0,-,-,Sporting Fingal,Republic of Ireland
Massimo Murdocca,57,CM,,0,2.0,2,70,44,57,58,54,32,"165cm | 5'5""",0,-,-,Brisbane Roar Football Club,Australia
Troy Hearfield,57,RM,,0,3.0,2,76,50,52,55,58,42,"180cm | 5'11""",0,-,-,Wellington Phoenix,Australia
David Brunclík,57,LB,,0,3.0,3,70,41,61,60,52,43,"175cm | 5'9""",0,-,-,Mladá Boleslav,Czech Republic
Michael Žižka,57,LB,,0,2.0,1,64,42,52,44,58,60,"182cm | 6'0""",0,-,-,Dynamo České Budějovice,Czech Republic
Vitali Trubila,57,LM,,0,3.0,3,63,51,50,64,50,51,"178cm | 5'10""",0,-,-,Bohemians 1905,Belarus
Jiří Liška,57,LM,,0,2.0,2,69,37,56,54,54,53,"176cm | 5'9""",0,-,-,Slovan Liberec,Czech Republic
Hjalmar Öhagen,57,RW,,0,2.0,4,59,50,58,56,50,46,"175cm | 5'9""",0,-,-,Gefle IF,Sweden
Adam Kwasnik,57,ST,,0,3.0,4,59,55,36,61,51,52,"179cm | 5'10""",0,-,-,Central Coast Mariners FC,Australia
Shaun Williams,57,CM,,0,2.0,3,60,50,58,46,58,58,"183cm | 6'0""",0,-,-,Sporting Fingal,Republic of Ireland
Chris Grossman,57,CM,,0,2.0,4,61,50,53,51,59,50,"181cm | 5'11""",0,-,-,North Queensland Fury FC,Australia
Garry Hunter,57,CM,,0,2.0,3,66,48,55,54,54,50,"183cm | 6'0""",0,-,-,Morecambe,England
Gabe Gala,57,LM,,0,2.0,3,84,46,41,62,56,56,"170cm | 5'7""",0,-,-,Toronto FC,Canada
Medy Elito,57,LW,,0,3.0,3,79,51,41,63,34,35,"180cm | 5'11""",0,-,-,Colchester United,England
Vegard Skjerve,57,CB,,0,2.0,3,72,33,35,38,55,54,"187cm | 6'2""",0,-,-,FK Haugesund,Norway
Huan Wang,57,ST,,0,3.0,4,66,56,43,58,48,56,"191cm | 6'3""",0,-,-,KSV Cercle Brugge,China PR
Tom Craddock,57,ST,,0,2.0,3,70,54,32,58,47,48,"180cm | 5'11""",0,-,-,Oxford United FC,England
Jiří Havránek,57,GK,,0,1.0,2,59,60,58,53,58,57,"190cm | 6'3""",0,-,-,Bohemians 1905,Czech Republic
David Bartek,57,CAM,,0,3.0,3,62,52,56,61,49,56,"176cm | 5'9""",0,-,-,Bohemians 1905,Czech Republic
Marcus Holness,57,CB,,0,2.0,3,62,17,27,24,54,70,"183cm | 6'0""",0,-,-,Rochdale,England
Karl Sheppard,57,ST,,0,2.0,3,65,54,23,56,42,56,"182cm | 6'0""",0,-,-,Galway United,Republic of Ireland
Adnan Haidar,57,CM,,0,2.0,4,67,48,54,66,49,42,"184cm | 6'0""",0,-,-,Vålerenga Fotball,Norway
Maik Rodenberg,57,CB,,0,2.0,3,51,29,29,26,60,62,"194cm | 6'4""",0,-,-,Arminia Bielefeld,Germany
Boris Prokopic,57,CAM,,0,2.0,3,69,59,60,63,44,51,"181cm | 5'11""",0,-,-,FC Wacker Innsbruck,Austria
Marcus Hansson,57,CDM,,0,2.0,3,60,47,52,54,57,56,"186cm | 6'1""",0,-,-,Gefle IF,Sweden
Moses Swaibu,57,CB,,0,3.0,3,83,29,26,27,62,66,"188cm | 6'2""",0,-,-,Lincoln City,England
Stefan Deloose,57,GK,,0,1.0,3,61,59,64,57,56,47,"191cm | 6'3""",0,-,-,Sporting Lokeren OV,Belgium
Yorick Antheunis,57,RM,,0,3.0,4,64,45,55,60,38,44,"168cm | 5'6""",0,-,-,Sint-Truidense VV,Belgium
Luke Ashworth,57,CB,,0,2.0,3,60,22,26,28,63,70,"191cm | 6'3""",0,-,-,Rotherham United,England
Myong Jin Koh,57,CM,,0,2.0,3,65,48,60,56,52,54,"180cm | 5'11""",0,-,-,FC Seoul,Korea Republic
Gino Mommers,57,GK,,0,1.0,2,61,55,53,57,28,59,"192cm | 6'4""",0,-,-,NAC Breda,Netherlands
Jérôme Thiesson,57,RB,,0,2.0,4,65,30,48,41,58,61,"178cm | 5'10""",0,-,-,AC Bellinzona,Switzerland
Adam Yates,57,RB,,0,2.0,3,68,30,42,39,56,54,"178cm | 5'10""",0,-,-,Port Vale,England
Branislav Miličević,57,LB,,0,2.0,3,76,47,59,42,55,53,"180cm | 5'11""",0,-,-,IK Start,Serbia
Keith Watson,57,RB,,0,2.0,2,60,26,49,52,57,52,"184cm | 6'0""",0,-,-,Dundee United,Scotland
Lloyd Macklin,57,RW,,0,2.0,3,84,23,46,61,38,32,"175cm | 5'9""",0,-,-,Torquay United,England
Fabian Hergesell,57,LB,,0,2.0,3,73,29,37,28,58,44,"176cm | 5'9""",0,-,-,Rot-Weiß Oberhausen,Germany
Aidan Downes,57,RW,,0,2.0,3,69,48,54,55,45,56,"182cm | 6'0""",0,-,-,Shamrock Rovers,Republic of Ireland
Joe Dudgeon,57,LB,,0,2.0,3,59,29,51,21,61,61,"182cm | 6'0""",0,-,-,Manchester United,England
Stuart Searle,57,GK,,0,1.0,3,42,68,59,49,26,74,"180cm | 5'11""",0,-,-,Milton Keynes Dons,England
Tomáš Jablonský,57,LM,,0,2.0,2,70,48,55,55,54,45,"182cm | 6'0""",0,-,-,FK Baumit Jablonec,Czech Republic
Markus Gustavsson,57,CB,,0,2.0,3,59,32,38,34,57,66,"186cm | 6'1""",0,-,-,Halmstads BK,Sweden
Rob Valentino,57,CB,,0,2.0,3,59,31,38,24,56,61,"191cm | 6'3""",0,-,-,Colorado Rapids,United States
David Horst,57,CB,,0,2.0,3,59,21,32,36,58,63,"193cm | 6'4""",0,-,-,Real Salt Lake,United States
Daniel Christensen,57,CAM,,0,2.0,3,69,44,39,61,55,44,"172cm | 5'8""",0,-,-,Aalborg BK,Denmark
Kyu Ro Lee,57,RB,,0,2.0,3,65,42,52,50,62,49,"177cm | 5'10""",0,-,-,FC Seoul,Korea Republic
Hyung Ik Cho,57,CAM,,0,2.0,3,66,52,60,55,48,54,"173cm | 5'8""",0,-,-,Daegu FC,Korea Republic
John Rooney,57,CF,,0,2.0,2,72,48,49,64,51,44,"180cm | 5'11""",0,-,-,Macclesfield Town,England
Birol Hikmet,57,CDM,,0,2.0,2,63,34,61,52,53,52,"178cm | 5'10""",0,-,-,Kardemir Karabükspor,Turkey
Tim Kruse,57,CDM,,0,2.0,3,63,46,55,47,62,64,"186cm | 6'1""",0,-,-,Rot-Weiß Oberhausen,Germany
Henri-Georges Siqueira Barras,57,CB,,0,2.0,3,56,30,52,49,56,56,"180cm | 5'11""",0,-,-,AC Bellinzona,Switzerland
Kieran Murtagh,57,CM,,0,2.0,3,75,40,58,45,57,51,"188cm | 6'2""",0,-,-,Wycombe Wanderers,England
Saïd Mehamha,57,CDM,,0,2.0,3,60,32,52,42,57,54,"170cm | 5'7""",0,-,-,Olympique Lyonnais,France
Robin Östlind,57,LW,,0,3.0,3,66,52,44,64,41,44,"176cm | 5'9""",0,-,-,Kalmar FF,Sweden
Johnny Herd,57,LB,,0,2.0,3,72,33,56,62,60,54,"175cm | 5'9""",0,-,-,Southend United,England
Roman Bürki,57,GK,,0,1.0,2,62,51,55,62,43,49,"185cm | 6'1""",0,-,-,BSC Young Boys,Switzerland
Ryan Jack,57,RB,,0,3.0,3,64,25,56,52,55,54,"182cm | 6'0""",0,-,-,Aberdeen,Scotland
Waide Fairhurst,57,ST,,0,2.0,3,68,46,52,57,48,58,"178cm | 5'10""",0,-,-,Doncaster Rovers,England
Søren Frederiksen,57,ST,,0,2.0,3,57,53,36,52,51,64,"188cm | 6'2""",0,-,-,FC København,Denmark
Charlie Barnett,57,CM,,0,2.0,3,68,56,60,58,51,49,"178cm | 5'10""",0,-,-,Accrington Stanley,England
Alessandro Marchi,57,CM,,0,2.0,3,73,51,52,59,54,48,"179cm | 5'10""",0,-,-,Piacenza,Italy
Jan Krob,57,LB,,0,2.0,3,72,33,53,55,57,56,"175cm | 5'9""",0,-,-,Sparta Praha,Czech Republic
Paolo Maino,57,CB,,0,2.0,2,63,34,34,44,61,69,"192cm | 6'4""",0,-,-,A. Leffe,Italy
Mauro Boerchio,57,GK,,0,1.0,1,58,52,50,60,47,59,"189cm | 6'2""",0,-,-,Bari,Italy
Kristoffer Tokstad,57,CM,,0,2.0,3,67,50,57,51,52,56,"183cm | 6'0""",0,-,-,Lillestrøm SK,Norway
Nathan Craig,57,CM,,0,2.0,3,63,59,63,61,46,49,"177cm | 5'10""",0,-,-,Everton,Wales
Laurens De Bock,57,LB,,0,2.0,3,65,39,58,51,54,57,"179cm | 5'10""",0,-,-,Sporting Lokeren OV,Belgium
Steward Ceus,57,GK,,0,1.0,2,62,53,53,68,39,46,"198cm | 6'6""",0,-,-,Colorado Rapids,United States
Michael Holody,57,CB,,0,2.0,1,62,24,32,35,57,67,"191cm | 6'3""",0,-,-,Colorado Rapids,United States
Antonio German,57,ST,,0,2.0,4,65,52,54,56,55,71,"178cm | 5'10""",0,-,-,Queens Park Rangers,England
Bernhard Nyström,57,CDM,,0,2.0,3,60,49,49,51,57,62,"186cm | 6'1""",0,-,-,Gefle IF,Sweden
Sang Hyub Lim,57,RM,,0,3.0,3,65,48,49,59,51,47,"180cm | 5'11""",0,-,-,Jeonbuk Hyundai Motors,Korea Republic
Won Seok Jang,57,CB,,0,2.0,3,64,29,28,46,57,58,"179cm | 5'10""",0,-,-,Incheon United FC,Korea Republic
Chang Hoon Lee,57,LW,,0,3.0,4,61,50,52,64,51,44,"171cm | 5'7""",0,-,-,Gangwon FC,Korea Republic
Jun Ha Yoon,57,CF,,0,3.0,3,65,52,49,58,44,51,"173cm | 5'8""",0,-,-,Gangwon FC,Korea Republic
Ji No Yu,57,LM,,0,3.0,4,66,38,54,57,46,53,"178cm | 5'10""",0,-,-,Chunnam Dragons,Korea Republic
Nabil Bahoui,57,ST,,0,2.0,3,69,48,33,63,51,65,"185cm | 6'1""",0,-,-,IF Brommapojkarna,Sweden
Mohammed Ali Khan,57,RB,,0,2.0,3,70,34,35,31,65,80,"182cm | 6'0""",0,-,-,BK Häcken,Sweden
Jonathan Asp,57,LWB,,0,2.0,3,61,41,57,55,57,48,"179cm | 5'10""",0,-,-,Trelleborgs FF,Sweden
Romaine Sawyers,57,CF,,0,2.0,3,60,56,34,60,39,56,"176cm | 5'9""",0,-,-,West Bromwich Albion,England
Iván Iyanga Travieso,57,CF,,0,3.0,2,71,52,46,55,53,62,"178cm | 5'10""",0,-,-,Unión Deportiva Las Palmas S.A.D.,Equatorial Guinea
Petr Reinberk,57,LB,,0,2.0,4,71,47,59,52,62,54,"178cm | 5'10""",0,-,-,1. FC Slovácko,Czech Republic
Sebastian Andersen,57,RM,,0,2.0,3,75,51,48,61,48,39,"186cm | 6'1""",0,-,-,Esbjerg fB,Denmark
Emil Farver,57,LB,,0,2.0,3,64,29,39,44,64,50,"185cm | 6'1""",0,-,-,Silkeborg IF,Denmark
Ashley Hemmings,57,ST,,0,2.0,3,72,52,29,56,40,44,"173cm | 5'8""",0,-,-,Wolverhampton Wanderers,England
Ömer Bayram,57,LW,,0,3.0,3,80,46,41,60,39,37,"173cm | 5'8""",0,-,-,NAC Breda,Netherlands
Michael Fucito,57,CM,,0,2.0,3,67,62,50,57,60,60,"175cm | 5'9""",0,-,-,Seattle Sounders FC,United States
Javi Lara,57,CAM,,0,2.0,3,68,48,57,54,51,50,"171cm | 5'7""",0,-,-,Elche Club de Fútbol S.A.D.,Spain
Jesús Coca Noguerol,57,GK,,0,1.0,2,52,59,53,61,31,59,"185cm | 6'1""",0,-,-,Córdoba Club de Fútbol S.A.D.,Spain
Nico Abegglen,57,ST,,0,2.0,3,70,56,35,53,40,44,"178cm | 5'10""",0,-,-,FC St. Gallen,Switzerland
Jakub Rondzik,57,GK,,0,1.0,2,60,58,55,57,50,55,"192cm | 6'4""",0,-,-,1. FK Příbram,Slovakia
Valentino M. Fievet Mennesson,57,CF,,0,3.0,3,66,55,39,54,39,56,"184cm | 6'0""",0,-,-,Sociedad Deportiva Huesca S.A.D.,Spain
Conor Hourihane,57,CM,,0,3.0,3,67,47,52,60,50,56,"181cm | 5'11""",0,-,-,Ipswich Town,Republic of Ireland
Marco Calderoni,57,RB,,0,2.0,2,70,46,53,44,60,51,"180cm | 5'11""",0,-,-,Piacenza,Italy
Troy Brown,57,CB,,0,2.0,3,64,20,19,33,62,72,"185cm | 6'1""",0,-,-,Ipswich Town,Wales
Nils Miatke,57,LM,,0,3.0,3,78,47,53,63,37,25,"176cm | 5'9""",0,-,-,Energie Cottbus,Germany
Jan Hanuš,57,GK,,0,1.0,2,57,56,53,60,52,57,"188cm | 6'2""",0,-,-,FC Hradec Králové,Czech Republic
Nik Kudiersky,57,CB,,0,2.0,2,62,27,42,40,56,65,"180cm | 5'11""",0,-,-,Burnley,England
Tamer Tuna,57,ST,,0,2.0,3,68,55,48,57,48,51,"178cm | 5'10""",0,-,-,Charlton Athletic,Turkey
Ronan Murray,57,ST,,0,3.0,3,72,54,42,62,40,58,"170cm | 5'7""",0,-,-,Ipswich Town,Republic of Ireland
Antonio Rodríguez Dovale,57,LF,,0,3.0,3,71,52,48,64,41,48,"177cm | 5'10""",0,-,-,Real Club Celta de Vigo S.A.D.,Spain
Raúl Domínguez Carral,57,GK,,0,1.0,2,65,54,50,63,55,46,"181cm | 5'11""",0,-,-,Real Sporting de Gijón S.A.D.,Spain
Giorgi Chirgadze,57,ST,,0,3.0,4,73,55,29,56,44,62,"185cm | 6'1""",0,-,-,New York Red Bulls,United States
João António Justino Santos,57,RM,,0,3.0,2,68,50,52,57,50,42,"170cm | 5'7""",0,-,-,Vitória de Setúbal,Brazil
Jamie Proctor,57,ST,,0,2.0,3,71,50,36,49,43,60,"180cm | 5'11""",0,-,-,Preston North End,England
Chris Hussey,57,LB,,0,2.0,3,73,42,33,65,63,50,"180cm | 5'11""",0,-,-,Coventry City,England
Thomas Drage,57,CM,,0,2.0,3,71,50,54,56,51,53,"185cm | 6'1""",0,-,-,Tromsø IL,Norway
Justin Morrow,57,LB,,0,2.0,3,72,52,55,58,56,61,"173cm | 5'8""",0,-,-,San Jose Earthquakes,United States
Ben Zemanski,57,CM,,0,3.0,3,67,52,51,58,56,59,"180cm | 5'11""",0,-,-,Club Deportivo Chivas USA,United States
Jason Yeisley,57,ST,,0,3.0,3,70,56,37,55,49,61,"183cm | 6'0""",0,-,-,FC Dallas,United States
Heiko Schwarz,57,LM,,0,3.0,4,73,54,56,60,41,39,"181cm | 5'11""",0,-,-,Energie Cottbus,Germany
Ivan Franjic,57,RB,,0,2.0,2,53,34,52,43,60,61,"180cm | 5'11""",0,-,-,Brisbane Roar Football Club,Australia
George Miller,57,CM,,0,2.0,2,61,42,58,53,58,42,"180cm | 5'11""",0,-,-,Preston North End,England
Sandberg Magnusson,57,CM,,0,2.0,3,60,48,56,48,62,56,"181cm | 5'11""",0,-,-,IF Brommapojkarna,Sweden
Ole Marius Aasen,57,ST,,0,3.0,5,70,51,44,68,43,48,"183cm | 6'0""",0,-,-,Viking FK,Norway
Tor Arne Andreassen,57,LM,,0,2.0,3,65,55,53,56,62,61,"177cm | 5'10""",0,-,-,FK Haugesund,Norway
Saliou Ciss,57,LB,,0,2.0,3,69,47,52,53,53,53,"173cm | 5'8""",0,-,-,Tromsø IL,Senegal
Jörn Wemmer,57,CAM,,0,2.0,3,74,52,56,62,51,54,"183cm | 6'0""",0,-,-,FC Erzgebirge Aue,Germany
Christopher Quiring,57,RM,,0,2.0,3,78,48,51,61,35,49,"172cm | 5'8""",0,-,-,1. FC Union Berliln,Germany
Richárd Magyar,57,CM,,0,2.0,3,63,53,56,51,60,64,"192cm | 6'4""",0,-,-,Halmstads BK,Sweden
Eric Jangholm Melin,57,CB,,0,2.0,3,66,33,39,39,58,58,"180cm | 5'11""",0,-,-,Åtvidabergs FF ,Sweden
Viktor Prodell,57,ST,,0,2.0,3,62,51,44,48,50,70,"188cm | 6'2""",0,-,-,Åtvidabergs FF ,Sweden
Pontus Karlsson,57,LW,,0,2.0,3,72,56,50,53,47,47,"179cm | 5'10""",0,-,-,Åtvidabergs FF ,Sweden
Bruno Manoel Marinho,57,CM,,0,2.0,3,69,53,52,62,55,57,"175cm | 5'9""",0,-,-,Åtvidabergs FF ,Brazil
Johan Niklasson,57,CB,,0,2.0,3,73,21,29,23,59,58,"177cm | 5'10""",0,-,-,Åtvidabergs FF ,Sweden
Bill Halvorsen,57,GK,,0,1.0,3,61,48,51,61,28,59,"193cm | 6'4""",0,-,-,Åtvidabergs FF ,Sweden
Simon Storey,57,RB,,0,2.0,3,51,35,51,37,59,52,"179cm | 5'10""",0,-,-,North Queensland Fury FC,Australia
Da Sol Kim,57,GK,,0,1.0,3,59,65,69,51,44,54,"188cm | 6'2""",0,-,-,Pohang Steelers,Korea Republic
Jakub Chleboun,57,CB,,0,2.0,2,68,19,40,23,57,62,"194cm | 6'4""",0,-,-,FC Hradec Králové,Czech Republic
Martin Kasálek,57,CB,,0,2.0,2,65,21,31,26,60,58,"191cm | 6'3""",0,-,-,FC Hradec Králové,Czech Republic
Radim Novak,57,GK,,0,1.0,3,67,52,54,49,22,64,"192cm | 6'4""",0,-,-,FK Ústí nad Labem,Czech Republic
Marvin Gladrow,57,GK,,0,1.0,3,61,52,54,62,59,49,"191cm | 6'3""",0,-,-,Energie Cottbus,Germany
Matthew Lowton,57,CB,,0,2.0,3,61,23,47,33,59,56,"180cm | 5'11""",0,-,-,Sheffield United,England
Florent Cuvelier,57,CM,,0,2.0,3,68,54,52,64,57,46,"182cm | 6'0""",0,-,-,Stoke City,Belgium
Collin Quaner,57,LF,,0,2.0,3,72,51,48,57,55,66,"190cm | 6'3""",0,-,-,Arminia Bielefeld,Germany
Alan Stulin,57,LM,,0,2.0,2,67,49,58,54,41,40,"170cm | 5'7""",0,-,-,1. FC Kaiserslautern,Germany
Marco Königs,57,ST,,0,2.0,3,60,54,40,53,44,61,"189cm | 6'2""",0,-,-,Fortuna Düsseldorf,Germany
Nicolas Höfler,57,CDM,,0,2.0,3,62,39,62,50,59,50,"181cm | 5'11""",0,-,-,SC Freiburg,Germany
Behnam Tayebi,57,RM,,0,2.0,4,65,51,53,58,53,55,"175cm | 5'9""",0,-,-,FSV Frankfurt,Iran
David Bouard,56,CDM,,0,2.0,3,62,40,48,45,58,63,"182cm | 6'0""",0,-,-,Vannes OC,France
Henrik Pedersen,56,ST,,0,2.0,4,57,62,40,55,66,70,"185cm | 6'1""",0,-,-,Silkeborg IF,Denmark
Ryan Valentine,56,LB,,0,2.0,4,62,27,46,33,62,45,"178cm | 5'10""",0,-,-,Hereford,Wales
Rune Nilssen,56,GK,,0,1.0,2,55,54,70,54,58,57,"181cm | 5'11""",0,-,-,IK Start,Norway
Trvgve Nygaard,56,CM,,0,2.0,3,67,58,46,49,62,66,"180cm | 5'11""",0,-,-,FK Haugesund,Norway
Marius Johnsen,56,LWB,,0,3.0,3,71,70,54,48,62,82,"185cm | 6'1""",0,-,-,Lillestrøm SK,Norway
Mark Crossley,56,GK,,0,1.0,2,53,58,57,55,41,59,"193cm | 6'4""",0,-,-,Chesterfield,Wales
Magne Sturød,56,LM,,0,3.0,4,60,51,50,64,46,51,"181cm | 5'11""",0,-,-,Kongsvinger IL Toppfotball,Norway
Stuart Tomlinson,56,GK,,0,1.0,3,58,47,49,64,66,50,"185cm | 6'1""",0,-,-,Port Vale,England
John Melligan,56,CAM,,0,2.0,3,61,43,62,59,47,40,"175cm | 5'9""",0,-,-,Cheltenham Town,Republic of Ireland
Richard Rose,56,LB,,0,2.0,3,59,23,41,36,61,58,"180cm | 5'11""",0,-,-,Hereford,England
Lee Bradbury,56,ST,,0,2.0,3,49,52,44,44,61,72,"183cm | 6'0""",0,-,-,Bournemouth,England
Stephen Hunt,56,CB,,0,2.0,3,58,32,40,45,54,62,"185cm | 6'1""",0,-,-,Notts County,England
Cato Guntveit,56,RM,,0,3.0,3,69,50,49,53,53,46,"180cm | 5'11""",0,-,-,SK Brann,Norway
Daniel Wolf,56,LW,,0,2.0,3,69,44,50,55,56,47,"182cm | 6'0""",0,-,-,Piacenza,Austria
Emil Noll,56,LB,,0,2.0,3,62,39,44,47,55,70,"194cm | 6'4""",0,-,-,Arka Gdynia,Germany
Lewis Hunt,56,RB,,0,2.0,3,63,28,48,51,56,58,"180cm | 5'11""",0,-,-,Bradford City,England
Jae Woong Han,56,RW,,0,2.0,2,71,46,44,56,50,42,"178cm | 5'10""",0,-,-,Daejeon Citizen,Korea Republic
Joakim Nilsson,56,RM,,0,2.0,3,51,50,53,56,63,56,"177cm | 5'10""",0,-,-,Trelleborgs FF,Sweden
Muhamed Demiri,56,LM,,0,2.0,3,56,48,58,56,55,46,"180cm | 5'11""",0,-,-,FC Thun,Switzerland
Giuseppe Morello,56,ST,,0,3.0,3,71,53,52,57,48,48,"175cm | 5'9""",0,-,-,FC Thun,Italy
Ariel Jakubowski,56,RWB,,0,2.0,4,67,48,51,55,59,51,"182cm | 6'0""",0,-,-,Ruch Chorzów,Poland
Alan Kirby,56,CM,,0,2.0,4,56,57,60,57,52,48,"176cm | 5'9""",0,-,-,Sporting Fingal,Republic of Ireland
Richie Baker,56,RM,,0,3.0,4,61,51,55,58,40,48,"170cm | 5'7""",0,-,-,Bray Wanderers,Republic of Ireland
Ollie Cahill,56,LM,,0,3.0,3,64,52,52,58,42,49,"178cm | 5'10""",0,-,-,Sporting Fingal,Republic of Ireland
Frédéric Mendy,56,LF,,0,2.0,3,63,55,50,51,43,54,"166cm | 5'5""",0,-,-,Stade Lavallois Mayenne FC,Senegal
Steve Guinan,56,ST,,0,3.0,3,42,56,54,47,57,66,"185cm | 6'1""",0,-,-,Northampton Town,England
Darren Moss,56,RB,,0,2.0,3,66,35,46,38,56,54,"178cm | 5'10""",0,-,-,Morecambe,Wales
Wayne Hatswell,56,LB,,0,2.0,3,54,52,56,40,56,56,"181cm | 5'11""",0,-,-,Dundalk FC,England
Mark Bentley,56,CDM,,0,2.0,3,62,35,59,50,59,66,"188cm | 6'2""",0,-,-,Gillingham,England
Ryan Green,56,RB,,0,2.0,3,64,17,42,42,58,56,"173cm | 5'8""",0,-,-,Hereford,Wales
Andreas Bammer,56,ST,,0,2.0,3,66,53,43,59,46,53,"179cm | 5'10""",0,-,-,FC Wacker Innsbruck,Austria
David Bird,56,CM,,0,2.0,3,66,42,62,45,62,54,"173cm | 5'8""",0,-,-,Cheltenham Town,England
Andy Gallinagh,56,RB,,0,2.0,3,68,39,52,51,59,60,"177cm | 5'10""",0,-,-,Cheltenham Town,England
Will Antwi,56,CB,,0,2.0,3,66,29,33,41,58,66,"188cm | 6'2""",0,-,-,Dagenham and Redbridge,Ghana
Mariusz Pawelec,56,CDM,,0,3.0,3,53,45,50,47,54,52,"180cm | 5'11""",0,-,-,Śląsk Wrocław,Poland
Florent Ghisolfi,56,CM,,0,2.0,3,61,44,54,57,56,58,"175cm | 5'9""",0,-,-,Stade de Reims,France
Petar Rnkovic,56,ST,,0,2.0,3,65,52,40,49,55,66,"188cm | 6'2""",0,-,-,Strømsgodset IF,Serbia
Piotr Celeban,56,RB,,0,2.0,3,64,48,42,53,56,74,"181cm | 5'11""",0,-,-,Śląsk Wrocław,Poland
Przemyslaw Kocot,56,RWB,,0,2.0,3,66,43,54,49,58,58,"178cm | 5'10""",0,-,-,Zagłębie Lubin,Poland
Anthony Pulis,56,CM,,0,2.0,3,63,43,53,52,58,57,"178cm | 5'10""",0,-,-,Southampton,Wales
Jonathan Worthington,56,CM,,0,2.0,3,65,50,52,55,66,54,"173cm | 5'8""",0,-,-,Oldham Athletic,England
Kenneth Udjus,56,GK,,0,1.0,3,51,50,63,69,46,52,"193cm | 6'4""",0,-,-,SK Brann,Norway
Glen Fitzpatrick,56,CF,,0,2.0,4,60,54,52,54,43,62,"185cm | 6'1""",0,-,-,Drogheda United,Republic of Ireland
Brendan Clarke,56,GK,,0,1.0,3,59,55,56,62,54,48,"187cm | 6'2""",0,-,-,Sporting Fingal,Republic of Ireland
Marco Hämmerli,56,LB,,0,2.0,3,66,48,62,49,50,52,"174cm | 5'9""",0,-,-,FC St. Gallen,Switzerland
Alexander Pöllhuber,56,CB,,0,2.0,3,57,27,42,41,59,62,"200cm | 6'7""",0,-,-,SV Mattersburg,Austria
Antonio Aquilanti,56,RB,,0,2.0,3,70,46,44,45,57,64,"177cm | 5'10""",0,-,-,Pescara,Italy
Manuel Schmid,56,RB,,0,2.0,3,68,45,54,51,58,54,"181cm | 5'11""",0,-,-,KSV Superfund,Austria
Marcin Kikut,56,RB,,0,2.0,2,66,49,58,54,55,45,"179cm | 5'10""",0,-,-,Lech Poznań,Poland
Lee Bell,56,CDM,,0,2.0,3,67,42,46,46,60,59,"180cm | 5'11""",0,-,-,Crewe Alexandra,England
Thommie Persson,56,CB,,0,2.0,3,55,35,47,39,52,66,"185cm | 6'1""",0,-,-,Trelleborgs FF,Sweden
Jesper Mathisen,56,CB,,0,3.0,4,70,52,40,63,59,66,"197cm | 6'6""",0,-,-,IK Start,Norway
Paweł Zawistowski,56,CDM,,0,2.0,3,59,51,60,49,58,50,"183cm | 6'0""",0,-,-,Arka Gdynia,Poland
Danny North,56,ST,,0,2.0,3,71,51,36,52,44,53,"175cm | 5'9""",0,-,-,St. Patrick's Athletic,England
Dariusz Sztylka,56,CM,,0,2.0,3,58,48,58,54,57,54,"188cm | 6'2""",0,-,-,Śląsk Wrocław,Poland
Lukasz Janoszka,56,RF,,0,2.0,3,65,54,58,58,45,60,"180cm | 5'11""",0,-,-,Ruch Chorzów,Poland
Sung Hwan Choi,56,CB,,0,2.0,3,52,27,45,36,55,55,"184cm | 6'0""",0,-,-,Suwon Samsung Bluewings,Korea Republic
Kyung Mo Sung,56,GK,,0,1.0,3,56,57,53,56,40,55,"183cm | 6'0""",0,-,-,Incheon United FC,Korea Republic
Young Chul Baek,56,LM,,0,3.0,3,68,51,49,57,47,52,"177cm | 5'10""",0,-,-,Daegu FC,Korea Republic
Chris Neal,56,GK,,0,1.0,1,55,56,52,59,59,52,"186cm | 6'1""",0,-,-,Shrewsbury,England
Morten Hæstad,56,CM,,0,2.0,3,70,59,54,56,49,61,"175cm | 5'9""",0,-,-,IK Start,Norway
Gökhan Öztürk,56,CM,,0,3.0,3,70,45,59,57,53,50,"178cm | 5'10""",0,-,-,Gaziantepspor,Turkey
Matt Done,56,LW,,0,3.0,2,72,38,52,58,43,42,"178cm | 5'10""",0,-,-,Rochdale,Wales
Graeme Owens,56,RM,,0,3.0,4,63,43,52,66,55,50,"178cm | 5'10""",0,-,-,Kilmarnock,England
Stuart Lewis,56,CM,,0,2.0,3,67,49,53,54,58,58,"180cm | 5'11""",0,-,-,Dagenham and Redbridge,England
Richie Baker,56,CM,,0,2.0,2,64,50,54,63,40,42,"180cm | 5'11""",0,-,-,Oxford United FC,England
Ruaidhri Higgins,56,CM,,0,2.0,2,58,50,61,46,55,54,"176cm | 5'9""",0,-,-,Bohemians FC,Northern Ireland
Adam Stachowiak,56,GK,,0,1.0,3,61,53,62,58,46,52,"190cm | 6'3""",0,-,-,Górnik Zabrze,Poland
Kenneth Falkenberg,56,GK,,0,1.0,3,56,55,59,55,31,57,"193cm | 6'4""",0,-,-,Silkeborg IF,Denmark
Kristof Maes,56,GK,,0,1.0,3,58,55,56,54,52,58,"188cm | 6'2""",0,-,-,Germinal Beerschot,Belgium
Matthew Saunders,56,CM,,0,2.0,3,64,48,59,56,48,47,"180cm | 5'11""",0,-,-,Fulham,England
Mitchell Hanson,56,CB,,0,2.0,3,67,20,45,30,54,58,"186cm | 6'1""",0,-,-,Derby County,England
Norbert Witkowski,56,GK,,0,1.0,1,63,45,56,63,49,53,"190cm | 6'3""",0,-,-,Arka Gdynia,Poland
Thomas Déruda,56,CDM,,0,2.0,2,54,46,48,45,54,60,"184cm | 6'0""",0,-,-,AC Ajaccio,France
Greg Tansey,56,CM,,0,2.0,3,65,41,56,56,55,56,"185cm | 6'1""",0,-,-,Stockport County,England
Stefan Glarner,56,RM,,0,2.0,4,61,51,53,55,50,44,"178cm | 5'10""",0,-,-,FC Thun,Switzerland
Daniel Fanger,56,RB,,0,2.0,3,61,41,49,49,56,58,"190cm | 6'3""",0,-,-,FC Luzern,Switzerland
Paul Turnbull,56,CM,,0,2.0,3,66,47,56,54,56,57,"183cm | 6'0""",0,-,-,Stockport County,England
Chris Holroyd,56,ST,,0,2.0,2,75,51,31,49,48,47,"180cm | 5'11""",0,-,-,Brighton &amp; Hove Albion,England
Nico Colaluca,56,RM,,0,3.0,4,67,52,51,59,43,52,"175cm | 5'9""",0,-,-,New England Revolution,United States
Chris Dunn,56,GK,,0,1.0,2,63,59,30,67,56,41,"193cm | 6'4""",0,-,-,Northampton Town,England
Min Oh Kim,56,CDM,,0,2.0,3,62,54,55,57,57,64,"183cm | 6'0""",0,-,-,Gwangju Sangmu FC,Korea Republic
Ronan Finn,56,CM,,0,2.0,3,62,51,60,55,50,53,"183cm | 6'0""",0,-,-,Sporting Fingal,Republic of Ireland
Zdeněk Křížek,56,GK,,0,1.0,1,56,54,54,58,61,55,"195cm | 6'5""",0,-,-,Dynamo České Budějovice,Czech Republic
Tomáš Pilík,56,RF,,0,2.0,4,65,50,47,66,41,46,"185cm | 6'1""",0,-,-,Baník Ostrava,Czech Republic
Michal Vepřek,56,LB,,0,2.0,2,56,52,61,51,52,54,"179cm | 5'10""",0,-,-,Sigma Olomouc,Czech Republic
Jonathan Hellström,56,LWB,,0,2.0,3,58,52,58,56,54,53,"181cm | 5'11""",0,-,-,Gefle IF,Sweden
Guillaume Ducatel,56,CDM,,0,2.0,2,67,45,59,55,57,50,"175cm | 5'9""",0,-,-,U.S. Boulogne Cote D'Opale,France
Noel Haverty,56,CB,,0,2.0,3,60,43,50,49,52,56,"183cm | 6'0""",0,-,-,St. Patrick's Athletic,Republic of Ireland
Ger O'Brien,56,RB,,0,2.0,2,58,31,36,29,58,53,"177cm | 5'10""",0,-,-,Sporting Fingal,Republic of Ireland
Jun Ki Lee,56,CB,,0,2.0,3,63,38,48,43,55,60,"184cm | 6'0""",0,-,-,Chunnam Dragons,Korea Republic
Greg Bolger,56,LM,,0,2.0,3,58,53,55,55,48,51,"175cm | 5'9""",0,-,-,University College Dublin,Republic of Ireland
Sébastien Wüthrich,56,LM,,0,2.0,2,65,45,54,57,51,48,"180cm | 5'11""",0,-,-,Neuchâtel Xamax,Switzerland
Elliot Parish,56,GK,,0,1.0,2,65,54,45,62,53,45,"180cm | 5'11""",0,-,-,Aston Villa,England
Simon Heslop,56,CM,,0,2.0,3,71,31,66,51,50,50,"180cm | 5'11""",0,-,-,Oxford United FC,England
Anel Hadzic,56,CDM,,0,2.0,4,63,46,50,66,54,48,"184cm | 6'0""",0,-,-,SV Josko Fenst. Ried,Austria
Lex Van Haeften,56,GK,,0,1.0,2,55,64,44,50,47,60,"197cm | 6'6""",0,-,-,SBV Excelsior,Netherlands
Milan Šušak,56,CB,,0,2.0,2,57,34,45,37,56,58,"183cm | 6'0""",0,-,-,Brisbane Roar Football Club,Australia
Dean Winnard,56,RB,,0,2.0,3,69,26,44,41,58,58,"175cm | 5'9""",0,-,-,Accrington Stanley,England
Pavel Ricka,56,CB,,0,2.0,3,65,40,46,48,57,58,"186cm | 6'1""",0,-,-,1. FK Příbram,Czech Republic
Sung Min Ahn,56,CDM,,0,2.0,3,57,46,50,49,56,53,"183cm | 6'0""",0,-,-,Daegu FC,Korea Republic
Martin Jirouš,56,CF,,0,2.0,3,61,56,45,51,47,57,"195cm | 6'5""",0,-,-,Sparta Praha,Czech Republic
Zdeněk Koukal,56,LB,,0,2.0,3,69,48,51,57,53,51,"181cm | 5'11""",0,-,-,Baník Ostrava,Czech Republic
Zdeněk Šmejkal,56,RB,,0,2.0,3,66,46,53,57,54,60,"179cm | 5'10""",0,-,-,Baník Ostrava,Czech Republic
Torstein Andersen Aase,56,ST,,0,2.0,3,70,53,35,43,37,70,"191cm | 6'3""",0,-,-,Stabæk Fotball,Norway
Antonio Lechuga Mateo,56,GK,,0,1.0,2,54,56,52,63,44,53,"185cm | 6'1""",0,-,-,Xerez Club Deportivo S.A.D.,Spain
Damian Scannell,56,RW,,0,3.0,4,70,46,46,57,48,55,"178cm | 5'10""",0,-,-,Dagenham and Redbridge,England
Gojko Ivkovic,56,CB,,0,2.0,3,71,31,41,26,57,60,"189cm | 6'2""",0,-,-,Viking FK,Serbia
Min Soo Kim,56,LF,,0,3.0,3,63,54,49,59,44,50,"178cm | 5'10""",0,-,-,Incheon United FC,Korea Republic
Dusan Melichárek,56,GK,,0,1.0,2,61,54,46,55,33,58,"197cm | 6'6""",0,-,-,Malmö FF,Czech Republic
Milan Milanović,56,SW,,0,2.0,3,66,22,51,33,58,58,"194cm | 6'4""",0,-,-,Lokomotiv Moskva,Serbia
Per Johansson,56,CDM,,0,2.0,2,73,53,58,52,58,48,"185cm | 6'1""",0,-,-,Örebro SK,Sweden
Milan Švenger,56,GK,,0,1.0,3,58,56,52,61,42,54,"188cm | 6'2""",0,-,-,Sparta Praha,Czech Republic
Jan Kalabiška,56,LM,,0,2.0,2,61,49,56,53,45,44,"188cm | 6'2""",0,-,-,1. FC Brno,Czech Republic
Fisnik Shala,56,CF,,0,3.0,4,64,51,40,61,42,50,"184cm | 6'0""",0,-,-,Trelleborgs FF,Sweden
Ibrahima Niasse,56,CM,,0,2.0,3,63,50,46,56,65,58,"188cm | 6'2""",0,-,-,Neuchâtel Xamax,Senegal
Paul Black,56,LB,,0,2.0,3,64,33,50,48,59,57,"183cm | 6'0""",0,-,-,Oldham Athletic,England
Nathan Baker,56,CB,,0,2.0,4,53,28,28,23,57,47,"188cm | 6'2""",0,-,-,Aston Villa,England
Joseph Mills,56,LB,,0,2.0,3,66,35,57,52,57,50,"175cm | 5'9""",0,-,-,Southampton,England
İbrahim Ferdi Coşkun,56,CM,,0,3.0,3,62,48,58,67,37,34,"171cm | 5'7""",0,-,-,Gaziantepspor,Turkey
Ahmet Arı,56,ST,,0,2.0,2,72,52,47,54,43,54,"175cm | 5'9""",0,-,-,Gaziantepspor,Turkey
Steven Deana,56,GK,,0,1.0,2,53,58,54,62,56,52,"190cm | 6'3""",0,-,-,FC Sion,Switzerland
Daniil Gridnev,56,CDM,,0,2.0,3,66,49,66,47,59,49,"176cm | 5'9""",0,-,-,Krylya Sovetov Samara,Russia
Joël Thomas,56,CF,,0,2.0,2,73,58,38,52,38,60,"185cm | 6'1""",0,-,-,Hamilton Academicals,France
Jordan Clarke,56,RB,,0,2.0,3,80,19,52,47,56,49,"183cm | 6'0""",0,-,-,Coventry City,England
Jeff Goulding,56,ST,,0,3.0,2,62,53,31,51,51,63,"188cm | 6'2""",0,-,-,Cheltenham Town,England
Yohance Marshall,56,CB,,0,2.0,2,68,38,20,39,57,66,"188cm | 6'2""",0,-,-,Los Angeles Galaxy,Trinidad &amp; Tobago
Tobias Holmen Johansen,56,GK,,0,1.0,3,53,51,47,67,34,56,"185cm | 6'1""",0,-,-,Kongsvinger IL Toppfotball,Norway
Seong Nam Ahn,56,CM,,0,3.0,3,60,47,61,57,55,52,"172cm | 5'8""",0,-,-,Gangwon FC,Korea Republic
Ho Yi,56,CB,,0,2.0,3,59,25,37,43,56,47,"187cm | 6'2""",0,-,-,Daejeon Citizen,Korea Republic
Weon Il Yoon,56,LWB,,0,2.0,2,65,48,50,54,60,58,"182cm | 6'0""",0,-,-,Jeju United FC,Korea Republic
Ki Su Kim,56,CM,,0,3.0,2,56,49,53,60,53,56,"173cm | 5'8""",0,-,-,Busan I'Park,Korea Republic
Jin Oh Maeng,56,CB,,0,2.0,2,55,42,40,40,55,56,"187cm | 6'2""",0,-,-,Chunnam Dragons,Korea Republic
Sung Joon Kim,56,CM,,0,2.0,3,57,52,55,58,48,46,"174cm | 5'9""",0,-,-,Daejeon Citizen,Korea Republic
Da Bin Kim,56,ST,,0,3.0,2,63,54,47,56,43,50,"182cm | 6'0""",0,-,-,Ulsan Hyundai Horang-i,Korea Republic
Ji Min Kim,56,CM,,0,3.0,3,64,54,66,54,47,53,"175cm | 5'9""",0,-,-,Gwangju Sangmu FC,Korea Republic
Damir Mehic,56,GK,,0,1.0,2,52,54,48,63,30,57,"192cm | 6'4""",0,-,-,BK Häcken,Sweden
Kongshavn,56,GK,,0,1.0,3,53,51,59,67,21,54,"188cm | 6'2""",0,-,-,Vålerenga Fotball,Norway
Andrija Jukic,56,CM,,0,2.0,4,68,45,51,59,51,56,"181cm | 5'11""",0,-,-,Perth Glory FC,Australia
Alper Akcam,56,ST,,0,4.0,3,70,48,48,67,41,42,"178cm | 5'10""",0,-,-,Gaziantepspor,Turkey
Jiří Perůtka,56,CM,,0,3.0,4,57,51,58,58,52,54,"171cm | 5'7""",0,-,-,1. FC Slovácko,Czech Republic
Koen Casteels,56,GK,,0,1.0,2,59,57,54,57,24,55,"196cm | 6'5""",0,-,-,KRC Genk,Belgium
Patrick Farkas,56,RB,,0,2.0,3,73,44,42,56,57,54,"177cm | 5'10""",0,-,-,SV Mattersburg,Austria
Luděk Frydrych,56,GK,,0,1.0,2,54,56,53,58,33,59,"183cm | 6'0""",0,-,-,FK Baumit Jablonec,Czech Republic
Ismael Rangel León,56,RF,,0,3.0,3,83,47,44,64,40,48,"156cm | 5'1""",0,-,-,Albacete Balompié S.A.D.,Spain
Pablo Álvarez,56,GK,,0,1.0,3,50,54,63,65,53,52,"184cm | 6'0""",0,-,-,FSV Frankfurt,Spain
Mateusz Siebert,56,CB,,0,2.0,3,63,28,45,34,56,50,"185cm | 6'1""",0,-,-,FC Metz,Poland
Reggie Lambe,56,RM,,0,3.0,3,73,44,47,62,41,46,"170cm | 5'7""",0,-,-,Ipswich Town,Bermuda
Seb Harris,56,ST,,0,3.0,2,61,56,34,44,59,81,"191cm | 6'3""",0,-,-,Northampton Town,United States
Adam Boyes,56,CF,,0,2.0,3,60,56,30,56,47,68,"188cm | 6'2""",0,-,-,Scunthorpe United,England
Abdul-Ganiyu Iddi,56,CAM,,0,3.0,3,64,54,54,60,51,56,"172cm | 5'8""",0,-,-,KV Mechelen,Ghana
Stefan Ilsanker,56,CDM,,0,2.0,3,65,38,48,54,60,52,"189cm | 6'2""",0,-,-,SV Mattersburg,Austria
Wes Fletcher,56,ST,,0,2.0,3,64,48,39,60,41,62,"180cm | 5'11""",0,-,-,Burnley,England
Antonín Presl,56,ST,,0,3.0,3,59,53,37,52,51,64,"190cm | 6'3""",0,-,-,Viktoria Plzeň ,Czech Republic
Aslak Falch,56,GK,,0,1.0,2,54,52,55,66,21,53,"189cm | 6'2""",0,-,-,Viking FK,Norway
Jim Johansen,56,ST,,0,2.0,2,64,57,43,59,42,52,"180cm | 5'11""",0,-,-,Strømsgodset IF,Norway
Briar Faraj,56,RWB,,0,2.0,3,64,39,49,57,59,52,"181cm | 5'11""",0,-,-,IF Elfsborg,Sweden
Adnan Secerovic,56,CAM,,0,3.0,4,73,56,54,62,39,45,"180cm | 5'11""",0,-,-,N.E.C.,Bosnia Herzegovina
Steven Beitashour,56,RB,,0,2.0,2,65,52,43,54,55,55,"178cm | 5'10""",0,-,-,San Jose Earthquakes,United States
Danilo Kuzmanovic,56,LB,,0,2.0,3,71,22,59,61,54,46,"174cm | 5'9""",0,-,-,Djurgårdens IF,Serbia
Goran Drmić,56,RB,,0,2.0,3,58,37,51,38,60,54,"185cm | 6'1""",0,-,-,Krylya Sovetov Samara,Bosnia Herzegovina
Emanuel Svensson,56,CF,,0,2.0,3,65,49,48,67,50,54,"180cm | 5'11""",0,-,-,Mjällby AIF ,Sweden
Gustav Jansson,56,GK,,0,1.0,3,60,54,50,55,42,59,"195cm | 6'5""",0,-,-,Åtvidabergs FF ,Sweden
Anton Tinnerholm,56,RB,,0,2.0,3,68,34,28,34,66,52,"175cm | 5'9""",0,-,-,Åtvidabergs FF ,Sweden
Jamie Douglas,56,RW,,0,3.0,4,67,53,44,57,39,40,"180cm | 5'11""",0,-,-,Preston North End,Northern Ireland
Alexey Vasiliev,56,CM,,0,2.0,3,64,56,62,56,50,54,"170cm | 5'7""",0,-,-,Sibir Novosibirsk,Russia
Jae Young Choi,56,CM,,0,3.0,3,63,49,62,52,56,48,"180cm | 5'11""",0,-,-,Seongnam Ilhwa Chunma,Korea Republic
Gi Dong Lee,56,LB,,0,3.0,3,61,56,52,50,61,70,"191cm | 6'3""",0,-,-,Pohang Steelers,Korea Republic
Seok Min Jeong,56,CM,,0,3.0,3,62,55,61,52,60,48,"183cm | 6'0""",0,-,-,Pohang Steelers,Korea Republic
Seung Hee Lee,56,CDM,,0,2.0,3,69,45,51,61,54,43,"184cm | 6'0""",0,-,-,Chunnam Dragons,Korea Republic
Jiří Janoušek,56,RM,,0,3.0,3,71,42,52,53,42,43,"188cm | 6'2""",0,-,-,FC Hradec Králové,Czech Republic
Pavel Džuban,56,CB,,0,2.0,3,49,20,29,23,59,56,"188cm | 6'2""",0,-,-,FK Ústí nad Labem,Czech Republic
Milan Zachariáš,56,CM,,0,3.0,4,62,56,64,51,65,60,"176cm | 5'9""",0,-,-,FK Ústí nad Labem,Czech Republic
Lukáš Dvořák,56,LB,,0,2.0,3,62,21,28,24,68,51,"184cm | 6'0""",0,-,-,FK Ústí nad Labem,Czech Republic
Makhmadnaim Sharifi,56,RB,,0,2.0,3,71,26,44,55,55,54,"176cm | 5'9""",0,-,-,KSV Superfund,Russia
Enes Sağlik,56,CAM,,0,3.0,4,63,53,56,63,41,50,"170cm | 5'7""",0,-,-,KAS Eupen,Belgium
Sam Mantom,56,CM,,0,2.0,4,61,49,63,51,45,53,"175cm | 5'9""",0,-,-,West Bromwich Albion,England
Stefan Müller,56,CB,,0,2.0,3,67,33,40,49,56,65,"191cm | 6'3""",0,-,-,Karlsruher SC,Germany
Alan Murphy,55,CAM,,0,2.0,4,58,56,54,53,45,52,"174cm | 5'9""",0,-,-,Galway United,Republic of Ireland
Richard Butcher,55,CM,,0,2.0,4,53,43,59,45,55,44,"183cm | 6'0""",0,-,-,Macclesfield Town,England
Knut Henry Haraldsen,55,CB,,0,2.0,3,61,32,32,31,60,70,"193cm | 6'4""",0,-,-,IK Start,Norway
Yngvar Håkonsen,55,LB,,0,2.0,3,60,50,56,49,59,56,"186cm | 6'1""",0,-,-,Kongsvinger IL Toppfotball,Norway
Marcus Stewart,55,CF,,0,2.0,3,47,64,24,45,47,68,"178cm | 5'10""",0,-,-,Exeter City,England
Gary Hart,55,RM,,0,2.0,3,54,47,53,59,53,47,"175cm | 5'9""",0,-,-,Brighton &amp; Hove Albion,England
Matthew Tipton,55,ST,,0,2.0,3,57,53,33,54,46,56,"176cm | 5'9""",0,-,-,Dundalk FC,Wales
Leam Richardson,55,RB,,0,2.0,4,66,22,41,42,59,62,"175cm | 5'9""",0,-,-,Accrington Stanley,England
Damian Spencer,55,ST,,0,2.0,3,72,46,38,43,64,74,"185cm | 6'1""",0,-,-,Aldershot Town,England
Jan Kjell Larsen,55,GK,,0,1.0,3,51,42,66,66,56,55,"194cm | 6'4""",0,-,-,Molde FK,Norway
Matthew Blinkhorn,55,ST,,0,2.0,3,63,52,32,51,45,55,"183cm | 6'0""",0,-,-,Sligo Rovers,England
Michael Niedrig,55,CM,,0,2.0,3,62,39,56,51,48,52,"183cm | 6'0""",0,-,-,1. FC Köln,Germany
Thomas Hansen,55,CB,,0,1.0,3,42,26,33,20,58,58,"189cm | 6'2""",0,-,-,Silkeborg IF,Denmark
Edoardo Gorini,55,RB,,0,2.0,2,42,37,45,44,59,68,"186cm | 6'1""",0,-,-,Cittadella,Italy
Tae Min Kim,55,CM,,0,2.0,2,57,38,55,57,53,49,"183cm | 6'0""",0,-,-,Gwangju Sangmu FC,Korea Republic
John Frost,55,LB,,0,2.0,2,58,34,55,37,54,54,"174cm | 5'9""",0,-,-,Sporting Fingal,Republic of Ireland
Guillaume Gauclin,55,GK,,0,1.0,3,52,63,48,51,54,60,"178cm | 5'10""",0,-,-,Vannes OC,France
Harald Planer,55,GK,,0,2.0,3,44,61,57,55,54,60,"182cm | 6'0""",0,-,-,FC Wacker Innsbruck,Austria
Knut Dørum Lillebakk,55,GK,,0,1.0,3,53,55,53,60,42,53,"194cm | 6'4""",0,-,-,Molde FK,Norway
Manuel Garrido Rivera,55,CM,,0,2.0,3,55,51,61,58,51,52,"171cm | 5'7""",0,-,-,AC Bellinzona,Peru
Keith Lowe,55,RB,,0,3.0,3,64,23,37,31,58,68,"188cm | 6'2""",0,-,-,Cheltenham Town,England
Miguel Comminges,55,RB,,0,2.0,4,70,32,45,56,61,52,"175cm | 5'9""",0,-,-,Cardiff City,France
Shane McFaul,55,CM,,0,2.0,2,58,50,50,57,55,54,"185cm | 6'1""",0,-,-,Sporting Fingal,Republic of Ireland
Steven Anderson,55,RB,,0,3.0,3,59,23,48,44,56,61,"180cm | 5'11""",0,-,-,St. Johnstone FC,Scotland
Brian Gannon,55,CB,,0,1.0,3,60,38,46,47,52,56,"173cm | 5'8""",0,-,-,Sporting Fingal,Republic of Ireland
Óscar Scarione,55,CF,,0,3.0,3,73,48,54,59,44,46,"179cm | 5'10""",0,-,-,FC Thun,Argentina
Bülent Bal,55,LB,,0,2.0,2,66,32,38,55,56,50,"185cm | 6'1""",0,-,-,Kardemir Karabükspor,Turkey
Kai Olav Ryen,55,CB,,0,2.0,3,61,53,44,40,52,70,"186cm | 6'1""",0,-,-,Kongsvinger IL Toppfotball,Norway
Sean Clohessy,55,RB,,0,2.0,4,70,31,49,40,58,53,"178cm | 5'10""",0,-,-,Southend United,England
Rory Loy,55,CF,,0,3.0,3,65,46,49,56,44,59,"178cm | 5'10""",0,-,-,Rangers,Scotland
Fabien Lamatina,55,LM,,0,3.0,3,71,38,51,58,41,44,"177cm | 5'10""",0,-,-,Stade Lavallois Mayenne FC,France
Jean-Louis Akpa Akpro,55,ST,,0,3.0,3,70,48,39,48,50,64,"180cm | 5'11""",0,-,-,Rochdale,France
Øyvind Gram,55,CM,,0,2.0,4,67,48,53,49,58,54,"180cm | 5'11""",0,-,-,Gefle IF,Norway
Brendan Moloney,55,RB,,0,2.0,3,65,30,39,36,61,54,"187cm | 6'2""",0,-,-,Nottingham Forest,Republic of Ireland
Matt Thornhill,55,CM,,0,2.0,3,64,45,56,57,58,46,"185cm | 6'1""",0,-,-,Nottingham Forest,England
Luke Prosser,55,CB,,0,2.0,3,63,26,40,39,54,63,"191cm | 6'3""",0,-,-,Southend United,England
Bastien Geiger,55,RB,,0,2.0,3,66,44,54,53,60,44,"178cm | 5'10""",0,-,-,Neuchâtel Xamax,Switzerland
Christophe Lambert,55,RB,,0,2.0,2,66,47,51,56,53,62,"172cm | 5'8""",0,-,-,FC Luzern,Switzerland
Sebastian Dudek,55,CM,,0,2.0,3,55,45,54,60,47,48,"182cm | 6'0""",0,-,-,Śląsk Wrocław,Poland
Bruno Zita Mbanangoye,55,CM,,0,3.0,3,59,48,51,61,60,56,"175cm | 5'9""",0,-,-,Sivasspor,Gabon
Matthew Flynn,55,CB,,0,2.0,3,65,20,32,31,52,64,"186cm | 6'1""",0,-,-,Rochdale,England
Joo Hwan Kim,55,RM,,0,2.0,3,63,47,49,55,55,50,"175cm | 5'9""",0,-,-,Gwangju Sangmu FC,Korea Republic
Alexandre Oukidja,55,GK,,0,1.0,2,57,53,56,52,22,60,"185cm | 6'1""",0,-,-,LOSC Lille Métropole,France
Doug Loft,55,CM,,0,2.0,4,66,51,54,58,53,59,"183cm | 6'0""",0,-,-,Port Vale,England
Alexandre Raineau,55,CM,,0,2.0,3,70,45,57,51,50,48,"178cm | 5'10""",0,-,-,Stade Malherbe Caen,France
Enes Fermino,55,CM,,0,2.0,3,67,49,57,52,55,54,"184cm | 6'0""",0,-,-,FC Sion,Switzerland
Dariusz Jarecki,55,LM,,0,3.0,2,72,51,50,56,44,60,"184cm | 6'0""",0,-,-,Polonia Bytom,Poland
Benjamin Lüthi,55,RB,,0,2.0,4,60,48,51,47,54,56,"176cm | 5'9""",0,-,-,FC Thun,Switzerland
Antonio Piccolo,55,LF,,0,2.0,2,70,50,40,55,45,56,"180cm | 5'11""",0,-,-,Piacenza,Italy
Jamie McKenzie,55,CB,,0,1.0,3,58,29,34,25,52,55,"185cm | 6'1""",0,-,-,Galway United,Scotland
Jakub Jesionkowski,55,GK,,0,1.0,2,62,55,44,56,55,47,"190cm | 6'3""",0,-,-,Swindon Town,Poland
Jan Franc,55,LM,,0,3.0,2,62,60,65,45,60,43,"176cm | 5'9""",0,-,-,FK Ústí nad Labem,Czech Republic
Jakub Petr,55,LF,,0,2.0,3,65,53,46,57,50,58,"186cm | 6'1""",0,-,-,Sigma Olomouc,Czech Republic
Fredrik Persson,55,GK,,0,1.0,3,59,57,56,53,35,55,"186cm | 6'1""",0,-,-,Trelleborgs FF,Sweden
Mike Tullberg,55,ST,,0,2.0,3,58,52,32,49,57,68,"189cm | 6'2""",0,-,-,Rot-Weiß Oberhausen,Denmark
Danny Philliskirk,55,CAM,,0,3.0,2,74,58,54,58,44,40,"178cm | 5'10""",0,-,-,Chelsea,England
Lukas Königshofer,55,GK,,0,1.0,3,53,56,49,57,50,54,"191cm | 6'3""",0,-,-,SK Rapid Wien,Austria
Julius Perstaller,55,ST,,0,3.0,3,73,46,33,60,42,52,"179cm | 5'10""",0,-,-,FC Wacker Innsbruck,Austria
Ray Putterill,55,LM,,0,3.0,4,68,45,46,60,44,44,"173cm | 5'8""",0,-,-,Accrington Stanley,England
František Dřížďal,55,RB,,0,2.0,3,69,37,50,55,55,57,"184cm | 6'0""",0,-,-,1. FC Brno,Czech Republic
Filip Chlup,55,CAM,,0,3.0,4,60,50,56,54,53,52,"174cm | 5'9""",0,-,-,1. FC Brno,Czech Republic
Joe Widdowson,55,LB,,0,2.0,2,67,27,47,44,58,62,"183cm | 6'0""",0,-,-,Rochdale,England
Lorcan Fitzgerald,55,LB,,0,2.0,2,58,35,52,41,53,56,"178cm | 5'10""",0,-,-,Sporting Fingal,Republic of Ireland
Juan Martín Gallardo,55,GK,,0,1.0,2,52,51,57,56,48,62,"178cm | 5'10""",0,-,-,Sevilla Fútbol Club S.A.D.,Spain
Ján Vlasko,55,CAM,,0,2.0,3,59,42,45,60,42,40,"174cm | 5'9""",0,-,-,Slovan Liberec,Slovakia
Hong Yun Jung,55,LWB,,0,2.0,3,74,43,54,48,53,46,"185cm | 6'1""",0,-,-,Pohang Steelers,Korea Republic
Michał Płotka,55,LB,,0,2.0,3,65,33,49,46,54,51,"181cm | 5'11""",0,-,-,Arka Gdynia,Poland
Matko Perdijić,55,GK,,0,1.0,2,63,46,48,58,42,54,"195cm | 6'5""",0,-,-,Ruch Chorzów,Croatia
James Dunne,55,CM,,0,2.0,3,52,47,57,47,59,49,"180cm | 5'11""",0,-,-,Exeter City,England
Björn Bussmann,55,GK,,0,1.0,2,57,54,56,58,59,51,"186cm | 6'1""",0,-,-,TSV 1860 München,Germany
Karl Moore,55,LW,,0,2.0,2,64,44,52,55,41,49,"179cm | 5'10""",0,-,-,University College Dublin,Republic of Ireland
Jacob Butterfield,55,CM,,0,2.0,4,61,44,51,54,57,57,"180cm | 5'11""",0,-,-,Barnsley,England
Ki Han Moon,55,CM,,0,3.0,3,62,50,62,58,43,44,"177cm | 5'10""",0,-,-,FC Seoul,Korea Republic
Seung Won Yang,55,CB,,0,2.0,2,54,46,44,42,54,58,"186cm | 6'1""",0,-,-,Daegu FC,Korea Republic
Chris Mulhall,55,RM,,0,2.0,3,60,48,55,55,42,45,"173cm | 5'8""",0,-,-,University College Dublin,Republic of Ireland
Shaun Brisley,55,CB,,0,2.0,3,62,30,30,26,56,73,"188cm | 6'2""",0,-,-,Macclesfield Town,England
Michael Jidsjö,55,ST,,0,2.0,3,58,51,41,47,55,67,"190cm | 6'3""",0,-,-,Örebro SK,Sweden
Mateusz Struski,55,GK,,0,1.0,2,59,52,47,53,47,59,"195cm | 6'5""",0,-,-,Ruch Chorzów,Poland
Thomas Salamon,55,LM,,0,2.0,5,70,40,50,60,38,50,"175cm | 5'9""",0,-,-,SV Mattersburg,Austria
Manuel Seidl,55,CDM,,0,2.0,2,60,49,50,47,58,60,"183cm | 6'0""",0,-,-,SV Mattersburg,Austria
Jacek Falkowski,55,CDM,,0,2.0,3,56,34,45,39,59,48,"187cm | 6'2""",0,-,-,Polonia Bytom,Poland
Matěj Štochl,55,CF,,0,2.0,3,71,51,35,48,60,58,"193cm | 6'4""",0,-,-,1. FK Příbram,Czech Republic
Oskar Johansson,55,CB,,0,2.0,2,51,27,35,28,56,69,"191cm | 6'3""",0,-,-,Örebro SK,Sweden
Hampus Bohman,55,CM,,0,2.0,3,63,52,52,44,58,53,"174cm | 5'9""",0,-,-,Kalmar FF,Sweden
Dominik Doleschal,55,RM,,0,2.0,3,73,32,49,61,42,52,"189cm | 6'2""",0,-,-,SV Mattersburg,Austria
Josef Hušbauer,55,CDM,,0,2.0,3,60,51,57,54,49,56,"181cm | 5'11""",0,-,-,Baník Ostrava,Czech Republic
Mark Byrne,55,RM,,0,2.0,3,69,45,51,51,52,50,"182cm | 6'0""",0,-,-,Barnet,Republic of Ireland
René Pitter,55,RB,,0,2.0,3,67,38,50,54,57,54,"176cm | 5'9""",0,-,-,KSV Superfund,Austria
Nunzio Di Roberto,55,CAM,,0,3.0,3,66,54,54,55,52,62,"177cm | 5'10""",0,-,-,Cittadella,Italy
David Cornell,55,GK,,0,1.0,3,54,55,58,59,47,52,"180cm | 5'11""",0,-,-,Swansea City,Wales
Jan Hošek,55,CB,,0,2.0,3,60,26,34,35,55,61,"188cm | 6'2""",0,-,-,FK Teplice,Czech Republic
Christoph Haker,55,GK,,0,1.0,3,58,52,53,56,46,52,"191cm | 6'3""",0,-,-,1. FC Union Berliln,Germany
Nico Burchert,55,GK,,0,1.0,3,57,48,47,61,53,49,"192cm | 6'4""",0,-,-,SC Paderborn 07,Germany
Tae Hyun Chun,55,GK,,0,1.0,2,55,54,60,61,22,51,"195cm | 6'5""",0,-,-,Jeju United FC,Korea Republic
Kyung Hyun Ku,55,CDM,,0,2.0,3,51,49,55,51,56,62,"180cm | 5'11""",0,-,-,Jeju United FC,Korea Republic
Dong Jin Song,55,GK,,0,1.0,2,52,55,56,61,25,57,"184cm | 6'0""",0,-,-,Pohang Steelers,Korea Republic
Jung Min Yang,55,CB,,0,2.0,3,52,45,40,44,55,58,"185cm | 6'1""",0,-,-,Daejeon Citizen,Korea Republic
Hae Won Kim,55,CB,,0,2.0,3,60,29,40,38,55,48,"180cm | 5'11""",0,-,-,Daegu FC,Korea Republic
Arnor Angeli,55,CM,,0,2.0,3,66,55,50,54,60,56,"184cm | 6'0""",0,-,-,Standard de Liège,Belgium
Miloslav Strnad,55,ST,,0,3.0,3,55,51,32,46,51,65,"188cm | 6'2""",0,-,-,Baník Ostrava,Czech Republic
Dominik Borutzki,55,RB,,0,2.0,3,62,26,33,24,61,56,"180cm | 5'11""",0,-,-,Rot-Weiß Oberhausen,Germany
Thomas Konrad,55,CB,,0,2.0,3,58,29,22,20,57,60,"183cm | 6'0""",0,-,-,Karlsruher SC,Germany
Serhat Koksal,55,LM,,0,3.0,2,62,38,56,58,57,44,"177cm | 5'10""",0,-,-,ADO Den Haag,Turkey
Ludvig Öhman,55,RW,,0,2.0,3,71,42,45,53,42,42,"189cm | 6'2""",0,-,-,Kalmar FF,Sweden
Filip Stenström,55,RWB,,0,2.0,3,76,31,47,54,56,56,"175cm | 5'9""",0,-,-,Malmö FF,Sweden
Pavel Dreksa,55,CB,,0,2.0,3,68,33,27,36,55,62,"185cm | 6'1""",0,-,-,Sigma Olomouc,Czech Republic
Julian Börner,55,CDM,,0,2.0,3,73,53,48,56,59,55,"188cm | 6'2""",0,-,-,Energie Cottbus,Germany
Alexandr Subbotin,55,ST,,0,2.0,2,58,55,30,54,37,44,"179cm | 5'10""",0,-,-,Amkar Perm,Russia
Yado Mambo,55,CB,,0,2.0,3,52,19,21,26,54,70,"193cm | 6'4""",0,-,-,Charlton Athletic,England
Bryan Leyva,55,CAM,,0,3.0,3,77,52,52,59,42,50,"168cm | 5'6""",0,-,-,FC Dallas,Mexico
Marcel Titsch-Rivero,55,CM,,0,2.0,3,65,45,58,47,57,46,"182cm | 6'0""",0,-,-,Eintracht Frankfurt,Germany
Krister Aunan,55,RB,,0,2.0,3,74,50,48,61,55,55,"182cm | 6'0""",0,-,-,Strømsgodset IF,Norway
George Francomb,55,RB,,0,2.0,2,65,33,54,53,54,47,"178cm | 5'10""",0,-,-,Norwich City,England
Jonas Werner,55,ST,,0,2.0,3,72,50,42,53,39,50,"182cm | 6'0""",0,-,-,IK Start,Germany
Ross LaBauex,55,CM,,0,2.0,3,77,51,47,58,56,57,"175cm | 5'9""",0,-,-,Colorado Rapids,United States
Markus Hammerer,55,ST,,0,2.0,3,72,50,34,56,42,56,"178cm | 5'10""",0,-,-,SV Josko Fenst. Ried,Austria
Nemanja Mijušković,55,CB,,0,2.0,4,60,23,28,33,56,40,"185cm | 6'1""",0,-,-,Dinamo Moskva,Montenegro
Alexandr Karakin,55,RB,,0,2.0,3,57,32,50,54,52,59,"182cm | 6'0""",0,-,-,Dinamo Moskva,Russia
Ciaran Kilduff,55,ST,,0,2.0,3,61,55,33,52,43,55,"183cm | 6'0""",0,-,-,University College Dublin,Republic of Ireland
Keith Quinn,55,CM,,0,2.0,2,58,45,57,47,54,54,"177cm | 5'10""",0,-,-,Sporting Fingal,Republic of Ireland
Emil Herge,55,CM,,0,2.0,3,66,44,51,44,65,56,"190cm | 6'3""",0,-,-,Åtvidabergs FF ,Sweden
Daniel Swärd,55,ST,,0,2.0,3,62,53,38,57,42,53,"184cm | 6'0""",0,-,-,Åtvidabergs FF ,Sweden
Amir Suljic,55,CM,,0,2.0,3,71,56,51,65,52,54,"181cm | 5'11""",0,-,-,Åtvidabergs FF ,Sweden
Suk Won Jang,55,RB,,0,2.0,2,62,41,60,50,55,54,"184cm | 6'0""",0,-,-,Seongnam Ilhwa Chunma,Korea Republic
Kyo Bin Kim,55,GK,,0,1.0,3,55,56,54,55,33,57,"193cm | 6'4""",0,-,-,Chunnam Dragons,Korea Republic
Ilja Nestorovski,55,ST,,0,3.0,4,59,53,30,48,47,53,"183cm | 6'0""",0,-,-,1. FC Slovácko,FYR Macedonia
Claude Roland Videgla,55,CDM,,0,2.0,3,63,44,53,47,56,51,"168cm | 5'6""",0,-,-,1. FK Příbram,Togo
Boné Uaferro,55,CB,,0,1.0,4,64,36,42,45,56,62,"191cm | 6'3""",0,-,-,1. FC Union Berliln,Germany
Michael Arnold,55,GK,,0,1.0,3,59,52,54,59,49,50,"187cm | 6'2""",0,-,-,FC Erzgebirge Aue,Germany
Şenol Akın,55,CM,,0,3.0,2,60,43,61,56,51,41,"168cm | 5'6""",0,-,-,Kardemir Karabükspor,Turkey
Jaroslav Starý,55,LB,,0,2.0,3,63,21,43,42,65,56,"181cm | 5'11""",0,-,-,1. FC Slovácko,Czech Republic
Thomas Rudolph,55,RM,,0,2.0,3,70,47,48,55,52,56,"176cm | 5'9""",0,-,-,FC Augsburg,Germany
Thomas Rath,55,LB,,0,2.0,3,77,42,52,59,54,46,"178cm | 5'10""",0,-,-,SC Paderborn 07,Germany
Sergej Schmik,55,RB,,0,2.0,3,75,45,55,58,52,58,"179cm | 5'10""",0,-,-,SC Paderborn 07,Germany
Stefan Rieß,55,RM,,0,2.0,4,69,46,50,58,54,59,"180cm | 5'11""",0,-,-,Karlsruher SC,Germany
Nico Schulz,55,LB,,0,2.0,3,73,36,49,48,46,57,"180cm | 5'11""",0,-,-,Hertha BSC,Germany
Peter Gregory,55,RB,,0,2.0,3,60,47,51,52,60,58,"183cm | 6'0""",0,-,-,Portsmouth,England
Matt Glennon,54,GK,,0,,3,53,54,58,53,36,57,"191cm | 6'3""",0,-,-,Stockport County,England
Nicky Southall,54,RM,,0,2.0,4,52,48,52,51,56,48,"178cm | 5'10""",0,-,-,Gillingham,England
Kai Risholt,54,CF,,0,2.0,3,67,50,51,46,54,54,"178cm | 5'10""",0,-,-,Kongsvinger IL Toppfotball,Norway
Blair Sturrock,54,ST,,0,2.0,3,65,52,30,30,52,58,"183cm | 6'0""",0,-,-,Southend United,Scotland
Georg Harding,54,RB,,0,2.0,3,60,35,52,43,55,56,"180cm | 5'11""",0,-,-,FC Wacker Innsbruck,Austria
Piotr Ćwielong,54,ST,,0,3.0,3,58,57,44,63,48,50,"170cm | 5'7""",0,-,-,Śląsk Wrocław,Poland
Wade Small,54,CAM,,0,4.0,4,77,53,46,64,39,42,"170cm | 5'7""",0,-,-,Aldershot Town,England
Stefan Erkinger,54,CDM,,0,2.0,3,57,34,45,48,53,56,"182cm | 6'0""",0,-,-,KSV Superfund,Austria
Adewale Dauda Wahab,54,CM,,0,3.0,3,64,52,55,61,52,52,"180cm | 5'11""",0,-,-,AC Bellinzona,Nigeria
Sławomir Szeliga,54,RM,,0,3.0,3,52,56,50,61,42,48,"181cm | 5'11""",0,-,-,Cracovia Kraków,Poland
Marek Wasiluk,54,LB,,0,2.0,3,52,30,54,45,55,62,"196cm | 6'5""",0,-,-,Cracovia Kraków,Poland
Alan McNally,54,CB,,0,2.0,3,57,39,46,38,55,53,"184cm | 6'0""",0,-,-,Drogheda United,Republic of Ireland
Moo Lim Choi,54,GK,,0,1.0,2,50,54,54,54,44,53,"185cm | 6'1""",0,-,-,Ulsan Hyundai Horang-i,Korea Republic
Jonas Elmer,54,LB,,0,2.0,3,70,42,52,59,53,54,"176cm | 5'9""",0,-,-,FC Sion,Switzerland
Colm James,54,CM,,0,2.0,3,59,46,54,51,54,48,"173cm | 5'8""",0,-,-,Sporting Fingal,Republic of Ireland
Robert Duggan,54,GK,,0,1.0,2,54,55,50,54,47,56,"185cm | 6'1""",0,-,-,Drogheda United,Republic of Ireland
Shane Redmond,54,GK,,0,1.0,3,49,51,49,57,35,56,"188cm | 6'2""",0,-,-,Chesterfield,Republic of Ireland
Andy Parrish,54,CB,,0,2.0,3,66,24,38,42,52,49,"183cm | 6'0""",0,-,-,Morecambe,England
Jung Sik Park,54,CB,,0,2.0,2,52,48,46,46,53,56,"180cm | 5'11""",0,-,-,Gwangju Sangmu FC,Korea Republic
Ben Smith,54,GK,,0,1.0,2,53,55,55,57,41,51,"179cm | 5'10""",0,-,-,Shrewsbury,England
Robin Malmqvist,54,GK,,0,1.0,2,54,51,49,56,42,58,"185cm | 6'1""",0,-,-,Halmstads BK,Sweden
Izak Reid,54,RM,,0,2.0,2,79,39,44,53,51,55,"166cm | 5'5""",0,-,-,Macclesfield Town,England
Jan-Marc Riegler,54,CB,,0,2.0,4,61,33,33,36,55,62,"189cm | 6'2""",0,-,-,SV Josko Fenst. Ried,Austria
Tommaso Bianchi,54,CM,,0,2.0,3,65,43,49,46,57,48,"184cm | 6'0""",0,-,-,Piacenza,Italy
Kim Kristian Holmen,54,ST,,0,2.0,3,88,47,33,47,39,54,"180cm | 5'11""",0,-,-,Kongsvinger IL Toppfotball,Norway
David Worrall,54,RW,,0,2.0,2,66,37,53,57,32,44,"183cm | 6'0""",0,-,-,Bury,England
Vladimir Dimitrovski,54,LB,,0,2.0,3,70,38,52,46,53,41,"176cm | 5'9""",0,-,-,Mladá Boleslav,FYR Macedonia
Evan McMillan,54,CB,,0,2.0,3,56,28,34,25,53,54,"180cm | 5'11""",0,-,-,University College Dublin,Republic of Ireland
Václav Marek,54,GK,,0,1.0,2,54,59,46,59,60,48,"187cm | 6'2""",0,-,-,Bohemians 1905,Czech Republic
Oumar Sissoko,54,GK,,0,1.0,2,53,54,53,56,30,53,"187cm | 6'2""",0,-,-,FC Metz,Mali
Eric McGill,54,CM,,0,2.0,3,64,47,58,47,50,51,"176cm | 5'9""",0,-,-,Drogheda United,Republic of Ireland
Josh McQuoid,54,RW,,0,2.0,3,65,50,45,55,44,54,"176cm | 5'9""",0,-,-,Bournemouth,Northern Ireland
Bruce Abdoulaye,54,RB,,0,2.0,3,62,21,30,21,64,52,"181cm | 5'11""",0,-,-,Clermont Foot Auvergne 63,Congo
Marek Bažík,54,CM,,0,2.0,2,49,44,52,55,53,40,"183cm | 6'0""",0,-,-,Polonia Bytom,Slovakia
Abdul Osman,54,CM,,0,3.0,2,65,54,50,53,60,58,"183cm | 6'0""",0,-,-,Northampton Town,Ghana
Kristian Strandhagen,54,CM,,0,2.0,3,67,55,54,61,45,56,"182cm | 6'0""",0,-,-,Molde FK,Norway
Stephan Andrist,54,RM,,0,2.0,3,63,48,52,53,52,52,"176cm | 5'9""",0,-,-,FC Thun,Switzerland
Jan Banan Tømmernes,54,ST,,0,2.0,3,73,50,34,42,48,58,"188cm | 6'2""",0,-,-,Stabæk Fotball,Norway
Lars Krogh Gerson,54,CAM,,0,2.0,3,66,48,52,63,46,63,"184cm | 6'0""",0,-,-,Kongsvinger IL Toppfotball,Luxemburg
Alexandr Lobkov,54,CB,,0,2.0,2,64,22,58,51,53,48,"182cm | 6'0""",0,-,-,Dinamo Moskva,Russia
Seámus Conneely,54,RB,,0,2.0,3,61,30,51,39,53,52,"175cm | 5'9""",0,-,-,Galway United,Republic of Ireland
Matty Mainwaring,54,LM,,0,2.0,3,66,32,52,54,47,40,"183cm | 6'0""",0,-,-,Stockport County,Republic of Ireland
Alex MacDonald,54,ST,,0,2.0,3,68,49,37,44,57,60,"170cm | 5'7""",0,-,-,Burnley,England
Adam Chicksen,54,LB,,0,2.0,2,68,37,57,52,51,55,"173cm | 5'8""",0,-,-,Milton Keynes Dons,England
Julian Kelly,54,RB,,0,2.0,3,64,16,41,31,61,50,"175cm | 5'9""",0,-,-,Reading,England
Radek Dejmek,54,CB,,0,2.0,3,61,28,40,43,56,58,"187cm | 6'2""",0,-,-,Slovan Liberec,Czech Republic
Aaron Cresswell,54,LB,,0,2.0,3,45,44,49,45,50,50,"170cm | 5'7""",0,-,-,Tranmere Rovers,England
Marley Watkins,54,LW,,0,2.0,3,70,36,49,54,40,41,"178cm | 5'10""",0,-,-,Cheltenham Town,Wales
Marcin Budzinski,54,CM,,0,2.0,2,56,53,55,51,50,54,"184cm | 6'0""",0,-,-,Arka Gdynia,Poland
Sam Slocombe,54,GK,,0,1.0,3,56,54,53,60,44,48,"183cm | 6'0""",0,-,-,Scunthorpe United,England
Robert Gucher,54,CM,,0,3.0,2,62,44,54,57,45,42,"182cm | 6'0""",0,-,-,Frosinone,Austria
Reuben Noble-Lazarus,54,ST,,0,2.0,3,63,47,47,56,50,59,"180cm | 5'11""",0,-,-,Barnsley,England
Eddie Oshodi,54,RB,,0,2.0,3,59,43,52,47,56,50,"183cm | 6'0""",0,-,-,Watford,England
Adam Smith,54,LB,,0,3.0,3,72,34,54,55,52,44,"178cm | 5'10""",0,-,-,Tottenham Hotspur,England
Jun Tae Park,54,CF,,0,3.0,3,67,44,43,56,51,52,"172cm | 5'8""",0,-,-,Ulsan Hyundai Horang-i,Korea Republic
Dong Min Kim,54,CB,,0,2.0,3,57,21,32,28,55,68,"183cm | 6'0""",0,-,-,Gangwon FC,Korea Republic
Ji Yong Kang,54,CB,,0,2.0,3,53,22,20,25,60,59,"187cm | 6'2""",0,-,-,Pohang Steelers,Korea Republic
Seung Mok Lee,54,CM,,0,3.0,3,54,53,52,56,52,53,"180cm | 5'11""",0,-,-,Daejeon Citizen,Korea Republic
Zoran Jovanovic,54,CAM,,0,2.0,4,65,50,52,53,50,54,"176cm | 5'9""",0,-,-,Trelleborgs FF,Sweden
Ciaran O'Brien,54,CAM,,0,3.0,3,65,51,52,52,51,53,"175cm | 5'9""",0,-,-,Sporting Fingal,United States
Elliot Lindberg,54,CB,,0,2.0,3,68,35,46,40,54,45,"177cm | 5'10""",0,-,-,IF Brommapojkarna,Sweden
Matty Lund,54,CM,,0,2.0,3,61,47,55,51,60,70,"183cm | 6'0""",0,-,-,Stoke City,England
Amir Spahić,54,CDM,,0,3.0,3,51,51,51,48,54,59,"188cm | 6'2""",0,-,-,Śląsk Wrocław,Bosnia Herzegovina
Guus Hupperts,54,CF,,0,3.0,3,71,48,44,60,33,30,"184cm | 6'0""",0,-,-,Roda JC,Netherlands
David Stephens,54,CB,,0,3.0,3,52,28,36,26,54,54,"193cm | 6'4""",0,-,-,Hibernian,Wales
Jack Hingert,54,RB,,0,2.0,2,67,36,55,47,52,44,"176cm | 5'9""",0,-,-,North Queensland Fury FC,Australia
Renato Kelić,54,CB,,0,2.0,3,60,29,42,47,55,57,"188cm | 6'2""",0,-,-,Slovan Liberec,Croatia
Martin Doležal,54,GK,,0,1.0,2,50,59,62,56,45,52,"190cm | 6'3""",0,-,-,1. FC Brno,Czech Republic
Will Grigg,54,ST,,0,2.0,3,69,49,35,48,38,51,"180cm | 5'11""",0,-,-,Walsall,Northern Ireland
Cesar Zamora,54,RM,,0,3.0,3,72,47,46,52,39,56,"180cm | 5'11""",0,-,-,Club Deportivo Chivas USA,United States
Gregg Wylde,54,LM,,0,3.0,3,83,33,54,42,46,36,"178cm | 5'10""",0,-,-,Rangers,Scotland
Michael Tieber,54,ST,,0,2.0,3,66,48,50,53,45,55,"175cm | 5'9""",0,-,-,KSV Superfund,Austria
André Calisir,54,CB,,0,2.0,3,56,31,47,42,53,52,"180cm | 5'11""",0,-,-,Djurgårdens IF,Sweden
Charles Simba,54,ST,,0,2.0,3,66,50,46,47,54,62,"184cm | 6'0""",0,-,-,Djurgårdens IF,Sweden
Hampus Nilsson,54,GK,,0,1.0,3,54,57,52,54,50,52,"190cm | 6'3""",0,-,-,Helsingborgs IF,Sweden
Amadaiya Rennie,54,CF,,0,2.0,3,55,51,31,65,46,45,"185cm | 6'1""",0,-,-,IF Elfsborg,Liberia
Alexander Faltsetas,54,CDM,,0,2.0,3,67,38,50,45,57,55,"181cm | 5'11""",0,-,-,IFK Göteborg,Sweden
Peter Chrappan,54,CB,,0,1.0,3,60,24,32,29,58,64,"191cm | 6'3""",0,-,-,SV Mattersburg,Slovakia
Martin Linnes,54,ST,,0,2.0,3,77,53,46,52,45,42,"175cm | 5'9""",0,-,-,Kongsvinger IL Toppfotball,Norway
Jarle Steinsland,54,CM,,0,2.0,3,62,50,53,51,54,42,"179cm | 5'10""",0,-,-,FK Haugesund,Norway
Andy Boyle,54,LB,,0,2.0,2,58,31,49,46,53,54,"178cm | 5'10""",0,-,-,University College Dublin,Republic of Ireland
David McMillan,54,ST,,0,2.0,3,57,53,34,55,42,52,"180cm | 5'11""",0,-,-,University College Dublin,Republic of Ireland
Kevin Dawson,54,CM,,0,2.0,2,60,45,56,50,51,52,"178cm | 5'10""",0,-,-,Sporting Fingal,Republic of Ireland
Sung Kwan Kang,54,GK,,0,1.0,3,50,47,48,61,34,59,"184cm | 6'0""",0,-,-,Seongnam Ilhwa Chunma,Korea Republic
Sang Hee Park,54,CM,,0,3.0,3,65,50,56,54,51,51,"180cm | 5'11""",0,-,-,Seongnam Ilhwa Chunma,Korea Republic
Christian Pauli,54,ST,,0,2.0,3,69,48,36,56,46,50,"173cm | 5'8""",0,-,-,VfL Osnabrück,Germany
Willi Evseev,54,CAM,,0,2.0,4,58,50,61,58,36,40,"176cm | 5'9""",0,-,-,Hannover 96,Germany
Thomas Löffler,54,RM,,0,2.0,3,66,42,50,56,47,56,"185cm | 6'1""",0,-,-,FC Wacker Innsbruck,Austria
Oldřich Kostorek,54,CAM,,0,4.0,4,65,56,53,59,52,52,"178cm | 5'10""",0,-,-,1. FK Příbram,Czech Republic
Roland Müller,54,GK,,0,1.0,3,49,55,48,62,51,52,"180cm | 5'11""",0,-,-,MSV Duisburg,Germany
Velimir Jovanovic,54,ST,,0,2.0,4,70,51,40,54,46,58,"179cm | 5'10""",0,-,-,Energie Cottbus,Serbia
Stefan Kolb,54,ST,,0,2.0,3,73,48,38,52,42,54,"183cm | 6'0""",0,-,-,SpVgg Greuther Fürth,Germany
Robert Zickert,54,CB,,0,2.0,3,68,32,36,39,54,63,"184cm | 6'0""",0,-,-,Energie Cottbus,Germany
Luke Williams,54,ST,,0,2.0,2,61,53,38,58,47,42,"177cm | 5'10""",0,-,-,Middlesbrough,England
Billy Goddard,54,CM,,0,2.0,3,66,46,47,53,59,58,"184cm | 6'0""",0,-,-,Portsmouth,England
Martin Gritton,53,CF,,0,2.0,3,52,51,39,54,49,55,"185cm | 6'1""",0,-,-,Torquay United,Scotland
Dean Bennett,53,RM,,0,2.0,2,53,44,53,52,43,52,"178cm | 5'10""",0,-,-,Dundalk FC,England
Ian Bennett,53,GK,,0,1.0,3,49,51,60,44,22,60,"183cm | 6'0""",0,-,-,Huddersfield Town,England
Steve Fletcher,53,CF,,0,2.0,3,49,52,30,44,61,70,"188cm | 6'2""",0,-,-,Bournemouth,England
Neil Wainwright,53,RM,,0,3.0,3,65,44,48,57,42,39,"183cm | 6'0""",0,-,-,Morecambe,England
Adam Griffin,53,LM,,0,3.0,3,69,30,53,53,49,54,"170cm | 5'7""",0,-,-,Stockport County,England
Anton Pauschenwein,53,CB,,0,2.0,4,54,36,32,43,56,56,"182cm | 6'0""",0,-,-,SV Mattersburg,Austria
David Martot,53,RB,,0,3.0,3,65,58,48,65,52,42,"175cm | 5'9""",0,-,-,Vannes OC,France
Alexander Hauser,53,LB,,0,2.0,2,69,44,51,58,49,50,"177cm | 5'10""",0,-,-,FC Wacker Innsbruck,Austria
Mark McCammon,53,ST,,0,2.0,3,66,44,42,50,55,68,"188cm | 6'2""",0,-,-,Gillingham,Barbados
Dag Roar Ørsal,53,LM,,0,2.0,4,65,44,52,42,46,58,"189cm | 6'2""",0,-,-,FK Haugesund,Norway
Ørjan Berg Hansen,53,CM,,0,2.0,3,67,48,51,44,52,50,"176cm | 5'9""",0,-,-,Kongsvinger IL Toppfotball,Norway
Paul Crowley,53,CDM,,0,2.0,3,57,41,51,37,52,52,"178cm | 5'10""",0,-,-,Drogheda United,Republic of Ireland
John Flood,53,ST,,0,2.0,3,57,51,46,53,48,50,"180cm | 5'11""",0,-,-,Drogheda United,Republic of Ireland
Andreas Rauscher,53,CB,,0,2.0,3,55,33,41,40,54,58,"180cm | 5'11""",0,-,-,KSV Superfund,Austria
Sam Morrow,53,ST,,0,2.0,3,60,50,32,52,39,52,"183cm | 6'0""",0,-,-,Tranmere Rovers,Northern Ireland
Wojciech Kędziora,53,ST,,0,2.0,3,56,50,36,46,55,58,"187cm | 6'2""",0,-,-,Zagłębie Lubin,Poland
Hyung Sang Lee,53,LM,,0,3.0,5,68,40,49,52,30,34,"169cm | 5'7""",0,-,-,Baník Ostrava,Korea Republic
David Poole,53,RW,,0,3.0,3,67,29,43,58,46,40,"173cm | 5'8""",0,-,-,Stockport County,England
Francesco Stanco,53,ST,,0,2.0,3,62,47,38,57,50,57,"191cm | 6'3""",0,-,-,Modena,Italy
Ben Hamer,53,GK,,0,1.0,3,53,50,59,54,49,54,"193cm | 6'4""",0,-,-,Brentford,England
Conor Sinnott,53,CM,,0,2.0,3,59,46,51,47,53,54,"172cm | 5'8""",0,-,-,Drogheda United,Republic of Ireland
Paolo Carbone,53,RB,,0,2.0,3,53,31,40,35,52,64,"186cm | 6'1""",0,-,-,AC Bellinzona,Italy
Brian Shorthall,53,CB,,0,2.0,3,56,30,40,26,51,52,"180cm | 5'11""",0,-,-,University College Dublin,Republic of Ireland
Ralph Spirk,53,CDM,,0,2.0,3,62,46,48,50,55,59,"186cm | 6'1""",0,-,-,KSV Superfund,Austria
Thomas Schönberger,53,CB,,0,2.0,3,57,36,36,42,53,56,"185cm | 6'1""",0,-,-,KSV Superfund,Austria
Hans Julius Norbye,53,RWB,,0,2.0,3,87,39,53,38,49,36,"176cm | 5'9""",0,-,-,Tromsø IL,Norway
Conny Månsson,53,GK,,0,1.0,2,42,58,56,52,37,63,"187cm | 6'2""",0,-,-,Kongsvinger IL Toppfotball,Sweden
Craig Alcock,53,RB,,0,2.0,3,64,11,29,20,61,60,"173cm | 5'8""",0,-,-,Yeovil Town,England
Nicolas Farina,53,CF,,0,3.0,3,69,48,29,60,41,48,"168cm | 5'6""",0,-,-,Evian Thonon Gaillard FC,France
Jae Yong Cho,53,CB,,0,2.0,3,68,45,43,47,51,58,"183cm | 6'0""",0,-,-,Gwangju Sangmu FC,Korea Republic
Stephen Brennan,53,RB,,0,2.0,3,57,26,48,28,53,54,"179cm | 5'10""",0,-,-,Bray Wanderers,Republic of Ireland
Daire Doyle,53,CM,,0,2.0,3,58,45,58,43,50,52,"180cm | 5'11""",0,-,-,Bray Wanderers,Republic of Ireland
Aleks Vrteski,53,GK,,0,1.0,1,56,44,44,57,35,53,"194cm | 6'4""",0,-,-,Perth Glory FC,Australia
William Brennan,53,GK,,0,1.0,3,53,53,54,55,36,53,"178cm | 5'10""",0,-,-,University College Dublin,Republic of Ireland
Paul Rodgers,53,RB,,0,3.0,2,82,35,33,46,61,55,"180cm | 5'11""",0,-,-,Northampton Town,England
Michael Lang,53,RB,,0,2.0,4,59,45,46,46,57,61,"185cm | 6'1""",0,-,-,FC St. Gallen,Switzerland
Adrian Winter,53,RM,,0,2.0,2,71,44,52,44,50,34,"178cm | 5'10""",0,-,-,FC St. Gallen,Switzerland
Min Ho Kim,53,CF,,0,2.0,3,63,51,52,52,47,56,"179cm | 5'10""",0,-,-,Daegu FC,Korea Republic
Ji Yong Park,53,CB,,0,2.0,3,68,26,38,32,52,53,"182cm | 6'0""",0,-,-,Chunnam Dragons,Korea Republic
Soo Yun Kim,53,CB,,0,2.0,3,52,35,35,39,54,57,"186cm | 6'1""",0,-,-,Gwangju Sangmu FC,Korea Republic
David Tyrrell,53,LM,,0,2.0,3,58,51,52,51,48,50,"175cm | 5'9""",0,-,-,Bray Wanderers,Republic of Ireland
Niclas Heimann,53,GK,,0,1.0,3,59,46,48,57,42,51,"194cm | 6'4""",0,-,-,FC Red Bull Salzburg,Germany
Myung Woon Kim,53,CAM,,0,2.0,3,54,45,61,59,51,50,"181cm | 5'11""",0,-,-,Chunnam Dragons,Korea Republic
Sun Kyu Kang,53,CDM,,0,2.0,3,55,46,45,55,52,49,"180cm | 5'11""",0,-,-,Gangwon FC,Korea Republic
Chul Ho Kwak,53,LF,,0,2.0,3,58,50,47,53,46,50,"186cm | 6'1""",0,-,-,Gwangju Sangmu FC,Korea Republic
Robbie Creevy,53,CM,,0,2.0,3,62,46,54,45,50,51,"175cm | 5'9""",0,-,-,University College Dublin,Republic of Ireland
Paul Sinnott,53,CB,,0,2.0,3,57,28,31,27,53,51,"182cm | 6'0""",0,-,-,Galway United,Republic of Ireland
Yannick Thoelen,53,GK,,0,1.0,3,55,51,52,59,62,46,"188cm | 6'2""",0,-,-,KV Mechelen,Belgium
Admir Mehmedi,53,ST,,0,2.0,3,49,50,37,54,40,46,"180cm | 5'11""",0,-,-,FC Zürich,Serbia
Marc Zimmermann,53,RM,,0,3.0,3,77,49,43,59,42,52,"176cm | 5'9""",0,-,-,Energie Cottbus,Germany
Lukas Rath,53,LB,,0,2.0,2,65,24,42,35,59,60,"183cm | 6'0""",0,-,-,SV Mattersburg,Austria
Josef Šural,53,ST,,0,2.0,4,60,50,40,53,38,50,"182cm | 6'0""",0,-,-,1. FC Brno,Czech Republic
Stuart O'Keefe,53,CM,,0,2.0,3,68,40,51,58,39,31,"173cm | 5'8""",0,-,-,Crystal Palace,England
Jamil Adam,53,ST,,0,2.0,3,64,48,39,49,49,56,"178cm | 5'10""",0,-,-,Barnsley,Republic of Ireland
Christian Kabasele,53,RW,,0,3.0,4,71,41,42,53,47,46,"186cm | 6'1""",0,-,-,KAS Eupen,Belgium
Kian Hansen,53,CB,,0,2.0,2,61,31,31,33,57,52,"184cm | 6'0""",0,-,-,Esbjerg fB,Denmark
Sean McConville,53,LM,,0,3.0,3,69,43,46,57,39,46,"180cm | 5'11""",0,-,-,Accrington Stanley,England
Kwang Hyun Lee,53,CB,,0,2.0,3,57,38,40,51,51,52,"183cm | 6'0""",0,-,-,Jeonbuk Hyundai Motors,Korea Republic
San Jung,53,GK,,0,1.0,3,52,54,48,58,48,52,"190cm | 6'3""",0,-,-,Gangwon FC,Korea Republic
Chul Woon Jeong,53,CB,,0,2.0,2,50,27,39,44,54,54,"187cm | 6'2""",0,-,-,Gangwon FC,Korea Republic
Jun U Kang,53,RWB,,0,2.0,2,65,49,45,50,55,52,"186cm | 6'1""",0,-,-,Jeju United FC,Korea Republic
Jun Bae Sin,53,GK,,0,1.0,2,61,47,56,49,20,55,"184cm | 6'0""",0,-,-,Daejeon Citizen,Korea Republic
Paul Downing,53,CDM,,0,2.0,3,65,38,53,41,52,62,"183cm | 6'0""",0,-,-,West Bromwich Albion,England
Enda Stevens,53,LB,,0,2.0,2,61,30,34,37,54,52,"183cm | 6'0""",0,-,-,Shamrock Rovers,Republic of Ireland
Kevin Vogt,53,CDM,,0,2.0,3,63,47,56,47,57,56,"194cm | 6'4""",0,-,-,VfL Bochum,Germany
Danny Hutchins,53,RB,,0,2.0,4,57,19,22,24,58,52,"183cm | 6'0""",0,-,-,Yeovil Town,England
Marcel Dietz,53,GK,,0,1.0,2,51,53,53,55,65,50,"188cm | 6'2""",0,-,-,Rot-Weiß Oberhausen,Germany
Christian Santos,53,LM,,0,2.0,3,69,50,46,55,50,54,"183cm | 6'0""",0,-,-,Arminia Bielefeld,Germany
Kevin Bechmann Timm,53,CF,,0,2.0,2,59,50,32,42,52,56,"184cm | 6'0""",0,-,-,Esbjerg fB,Denmark
Kenneth Staelens,53,CDM,,0,3.0,3,70,41,48,42,48,46,"183cm | 6'0""",0,-,-,Roda JC,Belgium
Milan Heča,53,GK,,0,1.0,2,57,55,54,49,48,52,"185cm | 6'1""",0,-,-,1. FC Slovácko,Czech Republic
Joe Collister,53,GK,,0,1.0,3,53,50,58,57,42,48,"182cm | 6'0""",0,-,-,Tranmere Rovers,England
Jordan Kirkpatrick,53,RM,,0,3.0,3,52,44,58,52,39,36,"175cm | 5'9""",0,-,-,Hamilton Academicals,Scotland
Bartosz Kaśnikowski,53,CB,,0,2.0,3,49,40,47,36,48,52,"186cm | 6'1""",0,-,-,Śląsk Wrocław,Poland
Karol Fryzowicz,53,RWB,,0,3.0,3,69,37,44,61,47,42,"170cm | 5'7""",0,-,-,Zagłębie Lubin,Poland
Sebastian Leszczak,53,CF,,0,3.0,3,64,48,39,58,47,52,"173cm | 5'8""",0,-,-,Górnik Zabrze,Poland
Alexey Pomerko,53,CM,,0,2.0,4,65,52,54,59,48,46,"184cm | 6'0""",0,-,-,Amkar Perm,Russia
Andrey Redya,53,RB,,0,2.0,3,50,37,48,28,64,48,"176cm | 5'9""",0,-,-,Krylya Sovetov Samara,Russia
Henry Joseph Shindika,53,CB,,0,2.0,3,71,54,52,58,51,52,"185cm | 6'1""",0,-,-,Kongsvinger IL Toppfotball,Tanzania
James Tavernier,53,RB,,0,2.0,3,69,37,48,37,49,52,"181cm | 5'11""",0,-,-,Newcastle United,England
Josh Dawkin,53,RW,,0,2.0,3,65,35,50,56,40,33,"173cm | 5'8""",0,-,-,Norwich City,Wales
Marius Strangl,53,CDM,,0,2.0,4,63,36,52,50,52,46,"176cm | 5'9""",0,-,-,SpVgg Greuther Fürth,Germany
Kujtim Bala,53,LM,,0,2.0,3,67,39,47,53,37,32,"166cm | 5'5""",0,-,-,Halmstads BK,Sweden
Matthias Cuntz,53,CAM,,0,2.0,3,66,46,52,57,50,51,"184cm | 6'0""",0,-,-,Karlsruher SC,Germany
Jake Taylor,53,CAM,,0,2.0,3,74,54,52,52,49,50,"178cm | 5'10""",0,-,-,Reading,Wales
Korede Aiyegbusi,53,RB,,0,2.0,2,77,42,45,47,55,56,"165cm | 5'5""",0,-,-,Kansas City Wizards,England
Yani Urdinov,53,CB,,0,3.0,2,69,44,38,49,49,55,"174cm | 5'9""",0,-,-,Roda JC,FYR Macedonia
Eoghan Osborne,53,LB,,0,1.0,3,58,37,52,50,54,56,"180cm | 5'11""",0,-,-,Drogheda United,Republic of Ireland
Bjørn Paulsen,53,CF,,0,2.0,3,63,52,35,49,49,58,"190cm | 6'3""",0,-,-,SønderjyskE,Denmark
Alain Delgado,53,RB,,0,2.0,3,70,41,49,59,53,45,"178cm | 5'10""",0,-,-,IK Start,Norway
Magnus Bekker,53,CM,,0,2.0,3,62,56,52,54,51,46,"181cm | 5'11""",0,-,-,IK Start,Norway
Gerard Barron,53,GK,,0,1.0,1,55,51,51,55,33,52,"179cm | 5'10""",0,-,-,University College Dublin,Republic of Ireland
Sean Harding,53,RB,,0,2.0,2,57,30,45,36,51,54,"179cm | 5'10""",0,-,-,University College Dublin,Republic of Ireland
Ciaran Nangle,53,LB,,0,2.0,2,57,27,44,32,52,52,"176cm | 5'9""",0,-,-,University College Dublin,Republic of Ireland
Tommy Amphlett,53,ST,,0,2.0,3,74,53,47,53,40,34,"173cm | 5'8""",0,-,-,Perth Glory FC,Australia
Michal Sedláček,53,LM,,0,3.0,3,62,51,52,53,47,46,"175cm | 5'9""",0,-,-,Mladá Boleslav,Czech Republic
Lukáš Hejda,53,CB,,0,2.0,3,57,33,38,45,53,62,"188cm | 6'2""",0,-,-,Sparta Praha,Czech Republic
Vlastimil Daníček,53,CB,,0,2.0,3,62,38,15,34,58,63,"185cm | 6'1""",0,-,-,1. FC Slovácko,Czech Republic
Carlo Evertz,53,CAM,,0,3.0,3,62,51,51,58,39,47,"178cm | 5'10""",0,-,-,Sint-Truidense VV,Belgium
Marco Kofler,53,CB,,0,1.0,3,55,30,37,26,56,62,"195cm | 6'5""",0,-,-,FC Wacker Innsbruck,Austria
Dominic Rau,53,CB,,0,2.0,3,64,27,28,38,56,58,"187cm | 6'2""",0,-,-,FC Erzgebirge Aue,Germany
Daniel Royer,53,LM,,0,2.0,3,71,38,49,54,41,36,"177cm | 5'10""",0,-,-,SV Josko Fenst. Ried,Austria
Stefan Vogler,53,ST,,0,2.0,3,66,50,31,54,42,54,"185cm | 6'1""",0,-,-,SpVgg Greuther Fürth,Germany
Sonny Kittel,53,CAM,,0,2.0,4,69,45,50,56,47,51,"178cm | 5'10""",0,-,-,Eintracht Frankfurt,Germany
Michael Esser,53,GK,,0,1.0,3,53,51,49,51,56,52,"198cm | 6'6""",0,-,-,VfL Bochum,Germany
Andreas Rössl,53,GK,,0,1.0,3,52,51,51,52,47,53,"190cm | 6'3""",0,-,-,Eintracht Frankfurt,Germany
Benjamin Woltmann,53,CB,,0,2.0,3,68,30,40,49,54,60,"184cm | 6'0""",0,-,-,FC Augsburg,Germany
Daniel Framberger,53,RM,,0,2.0,3,69,35,49,50,52,57,"182cm | 6'0""",0,-,-,FC Augsburg,Germany
Christopher Bieber,53,ST,,0,2.0,3,66,44,32,52,47,62,"192cm | 6'4""",0,-,-,Karlsruher SC,Germany
Kevin Volland,53,ST,,0,2.0,3,70,51,31,48,35,50,"179cm | 5'10""",0,-,-,TSV 1860 München,Germany
Kevin Maher,52,CM,,0,2.0,3,53,36,54,48,53,60,"183cm | 6'0""",0,-,-,Gillingham,Republic of Ireland
Steve Haslam,52,RB,,0,2.0,3,59,40,48,46,54,54,"180cm | 5'11""",0,-,-,Hartlepool United,England
Richard Walker,52,ST,,0,2.0,3,46,51,29,44,48,65,"183cm | 6'0""",0,-,-,Burton Albion,England
Michelangelo Minieri,52,SW,,0,2.0,2,61,39,60,50,50,46,"183cm | 6'0""",0,-,-,Vicenza,Italy
Reto Bolli,52,GK,,0,1.0,3,53,48,48,49,52,55,"184cm | 6'0""",0,-,-,FC St. Gallen,Switzerland
Herbert Wieger,52,ST,,0,3.0,3,58,47,48,49,45,54,"171cm | 5'7""",0,-,-,KSV Superfund,Austria
Nick Hegarty,52,LM,,0,2.0,3,60,42,48,50,49,52,"183cm | 6'0""",0,-,-,St. Mirren,England
Gary Curran,52,CM,,0,2.0,3,57,46,53,49,52,53,"172cm | 5'8""",0,-,-,Galway United,Republic of Ireland
Byron Moore,52,ST,,0,3.0,4,82,45,35,59,40,50,"183cm | 6'0""",0,-,-,Crewe Alexandra,England
Rhys Meynell,52,LB,,0,2.0,3,58,38,52,36,51,48,"180cm | 5'11""",0,-,-,Galway United,England
Sang Duk Kim,52,CM,,0,3.0,3,61,40,59,46,52,41,"178cm | 5'10""",0,-,-,Daejeon Citizen,Korea Republic
Serkan Yanık,52,RB,,0,2.0,3,65,27,30,32,56,54,"177cm | 5'10""",0,-,-,Bucaspor,France
Rory Boulding,52,ST,,0,2.0,3,68,46,39,49,42,56,"185cm | 6'1""",0,-,-,Accrington Stanley,England
Dario Dakovic,52,CB,,0,2.0,2,54,27,35,37,55,60,"187cm | 6'2""",0,-,-,FC Wacker Innsbruck,Austria
Silvan Büchli,52,LB,,0,2.0,3,56,27,41,40,55,66,"194cm | 6'4""",0,-,-,FC Luzern,Switzerland
Murat Ceylan,52,CM,,0,2.0,2,68,42,51,57,50,48,"168cm | 5'6""",0,-,-,Gaziantepspor,Turkey
Kaimar Saag,52,CF,,0,2.0,3,62,50,34,48,48,52,"180cm | 5'11""",0,-,-,Silkeborg IF,Estonia
Michael Daly,52,CM,,0,2.0,3,59,44,56,36,53,54,"183cm | 6'0""",0,-,-,Drogheda United,Republic of Ireland
Liam Henderson,52,ST,,0,2.0,3,62,52,50,48,42,51,"180cm | 5'11""",0,-,-,Watford,England
Dejan Garaca,52,GK,,0,1.0,2,53,61,48,47,24,54,"185cm | 6'1""",0,-,-,Malmö FF,Sweden
Lewis Chalmers,52,CM,,0,2.0,3,65,33,54,54,56,64,"183cm | 6'0""",0,-,-,Macclesfield Town,England
Jason Molloy,52,ST,,0,2.0,3,66,51,39,48,40,48,"176cm | 5'9""",0,-,-,Galway United,Republic of Ireland
Romone Rose,52,ST,,0,2.0,3,77,47,48,49,43,54,"178cm | 5'10""",0,-,-,Queens Park Rangers,England
Jorge Larrosa Bolea,52,GK,,0,1.0,2,51,58,53,57,32,43,"181cm | 5'11""",0,-,-,Sociedad Deportiva Huesca S.A.D.,Spain
Janko Pacar,52,ST,,0,2.0,3,60,47,46,56,50,60,"181cm | 5'11""",0,-,-,FC Luzern,Switzerland
Mickaël Facchinetti,52,LB,,0,2.0,3,60,42,47,54,52,52,"183cm | 6'0""",0,-,-,Neuchâtel Xamax,Switzerland
Mads Jessen,52,CM,,0,2.0,3,59,53,49,52,50,60,"188cm | 6'2""",0,-,-,SønderjyskE,Denmark
Frank Nielsen,52,RM,,0,2.0,3,63,41,49,46,53,34,"188cm | 6'2""",0,-,-,SønderjyskE,Denmark
Chris Solly,52,RB,,0,2.0,3,66,32,42,42,59,57,"173cm | 5'8""",0,-,-,Charlton Athletic,England
Thomas Reifeltshammer,52,CB,,0,2.0,2,63,19,32,36,55,51,"188cm | 6'2""",0,-,-,SV Josko Fenst. Ried,Austria
Luke Daley,52,ST,,0,2.0,2,79,45,36,55,44,38,"180cm | 5'11""",0,-,-,Norwich City,England
Jefferson Trazzi,52,GK,,0,1.0,1,49,50,48,58,33,50,"185cm | 6'1""",0,-,-,Trieste,Italy
Dane Massey,52,LB,,0,2.0,3,62,46,36,45,54,48,"181cm | 5'11""",0,-,-,Bray Wanderers,Republic of Ireland
Callum McManaman,52,ST,,0,2.0,3,67,49,34,51,38,30,"181cm | 5'11""",0,-,-,Wigan Athletic,England
Patrick Kostner,52,GK,,0,1.0,3,49,53,52,55,35,49,"185cm | 6'1""",0,-,-,KSV Superfund,Austria
Sang Don Lee,52,RB,,0,2.0,3,54,34,44,46,53,51,"179cm | 5'10""",0,-,-,Gangwon FC,Korea Republic
Jae Il Lee,52,ST,,0,3.0,2,57,50,44,50,48,48,"175cm | 5'9""",0,-,-,GyeongNam FC,Korea Republic
Trimi Makolli,52,CAM,,0,3.0,3,65,51,48,61,42,34,"177cm | 5'10""",0,-,-,Djurgårdens IF,Sweden
Sam Corcoran,52,CM,,0,2.0,3,69,38,50,54,42,44,"180cm | 5'11""",0,-,-,Colchester United,England
Jake Kelly,52,ST,,0,2.0,2,62,51,33,50,42,50,"180cm | 5'11""",0,-,-,Bray Wanderers,Republic of Ireland
Anthony Skorich,52,ST,,0,2.0,3,74,49,31,44,36,66,"185cm | 6'1""",0,-,-,Perth Glory FC,Australia
Yosif Ayuba,52,LB,,0,2.0,3,70,39,51,60,54,46,"173cm | 5'8""",0,-,-,Djurgårdens IF,Sweden
Lars Huldgaard Christensen,52,ST,,0,2.0,3,63,49,35,53,52,51,"189cm | 6'2""",0,-,-,Silkeborg IF,Denmark
Philipp Wendler,52,ST,,0,1.0,3,58,49,31,46,47,62,"192cm | 6'4""",0,-,-,KSV Superfund,Austria
Filip Kurto,52,GK,,0,1.0,3,48,45,52,55,43,58,"191cm | 6'3""",0,-,-,Wisła Kraków,Poland
Alex Stavrinou,52,CDM,,0,2.0,3,57,46,52,55,55,50,"175cm | 5'9""",0,-,-,Charlton Athletic,England
Simon Skou Jakobsen,52,CB,,0,1.0,3,58,17,24,32,54,48,"190cm | 6'3""",0,-,-,Silkeborg IF,Denmark
Lukas Stadler,52,ST,,0,2.0,4,66,47,49,52,41,48,"178cm | 5'10""",0,-,-,KSV Superfund,Austria
Andy Halls,52,CB,,0,3.0,3,61,16,18,21,54,66,"183cm | 6'0""",0,-,-,Stockport County,England
Martin Jílek,52,CB,,0,2.0,2,49,23,33,26,54,56,"189cm | 6'2""",0,-,-,1. FC Brno,Czech Republic
Ján Greguš,52,CM,,0,3.0,3,61,42,57,50,52,38,"189cm | 6'2""",0,-,-,Baník Ostrava,Slovakia
Sven Theißen,52,CDM,,0,2.0,3,59,30,41,35,56,61,"191cm | 6'3""",0,-,-,MSV Duisburg,Germany
Evgeniy Bashkirov,52,CM,,0,2.0,2,54,49,55,52,48,50,"175cm | 5'9""",0,-,-,Zenit St. Petersburg,Russia
Jóan Símun Edmundsson,52,CAM,,0,2.0,3,68,43,50,54,43,42,"182cm | 6'0""",0,-,-,Newcastle United,Faroe Islands
Andreas Andersson,52,GK,,0,1.0,3,48,60,56,51,30,55,"191cm | 6'3""",0,-,-,IF Elfsborg,Sweden
Niclas Johnsson,52,LWB,,0,2.0,3,66,22,45,50,52,46,"182cm | 6'0""",0,-,-,Halmstads BK,Sweden
Lukáš Křeček,52,CDM,,0,3.0,3,58,30,37,39,55,62,"185cm | 6'1""",0,-,-,1. FC Brno,Czech Republic
Jonatan Ask,52,LWB,,0,2.0,3,64,22,55,43,50,42,"180cm | 5'11""",0,-,-,BK Häcken,Sweden
Patrick Hansen,52,ST,,0,2.0,3,62,50,31,52,37,56,"182cm | 6'0""",0,-,-,Kongsvinger IL Toppfotball,Norway
Sondre Kristiansen,52,LB,,0,2.0,3,66,52,54,55,51,56,"187cm | 6'2""",0,-,-,IK Start,Norway
Patrick Sonntag,52,ST,,0,2.0,3,74,47,40,57,34,51,"184cm | 6'0""",0,-,-,FC Erzgebirge Aue,Germany
Shane O'Connor,52,CB,,0,1.0,2,58,29,31,20,50,53,"178cm | 5'10""",0,-,-,Bray Wanderers,Republic of Ireland
Ryan Brennan,52,RM,,0,2.0,3,59,42,52,50,41,45,"170cm | 5'7""",0,-,-,Drogheda United,Republic of Ireland
Ciaran Foley,52,CM,,0,2.0,3,57,47,54,46,52,53,"177cm | 5'10""",0,-,-,Galway United,Republic of Ireland
Peter McMahon,52,CM,,0,2.0,2,58,51,52,52,50,51,"179cm | 5'10""",0,-,-,Drogheda United,Republic of Ireland
Michael Leahy,52,CB,,0,1.0,2,55,24,24,23,50,50,"179cm | 5'10""",0,-,-,University College Dublin,Republic of Ireland
Keith Ward,52,LM,,0,2.0,3,57,44,50,53,40,46,"177cm | 5'10""",0,-,-,University College Dublin,Republic of Ireland
Sergey Tkachev,52,LM,,0,2.0,3,48,48,63,48,39,43,"183cm | 6'0""",0,-,-,Krylya Sovetov Samara,Russia
Young Wook Kim,52,CM,,0,3.0,3,67,52,63,38,55,46,"177cm | 5'10""",0,-,-,Chunnam Dragons,Korea Republic
Robin Twyrdy,52,RB,,0,2.0,3,64,33,48,42,52,54,"186cm | 6'1""",0,-,-,VfL Osnabrück,Germany
Marc Rzatkowski,52,CAM,,0,2.0,3,68,46,53,57,52,52,"171cm | 5'7""",0,-,-,VfL Bochum,Germany
Pavel Pilik,52,ST,,0,3.0,2,63,50,41,54,37,42,"175cm | 5'9""",0,-,-,1. FK Příbram,Czech Republic
Marco Köfler,52,LM,,0,2.0,3,66,41,48,56,42,44,"175cm | 5'9""",0,-,-,FC Wacker Innsbruck,Austria
Ivan Ristovski,52,RM,,0,2.0,3,74,46,47,53,37,42,"179cm | 5'10""",0,-,-,FC Erzgebirge Aue,FYR Macedonia
Sascha Weirauch,52,LM,,0,2.0,3,77,40,45,54,29,38,"176cm | 5'9""",0,-,-,FC Erzgebirge Aue,Germany
Maurice Trapp,52,LB,,0,2.0,3,68,41,49,56,53,58,"191cm | 6'3""",0,-,-,1. FC Union Berliln,Germany
Jorrin John,52,RM,,0,2.0,2,69,35,45,57,41,39,"176cm | 5'9""",0,-,-,Leicester City,England
Colm Tresson,51,RB,,0,2.0,3,37,37,39,38,54,56,"175cm | 5'9""",0,-,-,Bray Wanderers,Republic of Ireland
Bülent Kaan Bilgen,51,CDM,,0,2.0,3,68,34,45,42,52,50,"170cm | 5'7""",0,-,-,FC Wacker Innsbruck,Turkey
Thomas Reinmann,51,RB,,0,2.0,3,56,43,55,55,46,50,"176cm | 5'9""",0,-,-,FC Thun,Switzerland
Daniel Jensen,51,CB,,0,2.0,3,66,21,29,51,53,58,"189cm | 6'2""",0,-,-,FC Nordsjælland,Denmark
Carl Tremarco,51,LB,,0,3.0,3,54,32,35,30,57,42,"180cm | 5'11""",0,-,-,Macclesfield Town,England
Fabian Schumacher,51,GK,,0,1.0,3,45,49,45,67,55,43,"190cm | 6'3""",0,-,-,FC Wacker Innsbruck,Austria
Jordan McMillan,51,RB,,0,3.0,2,54,24,40,37,52,54,"178cm | 5'10""",0,-,-,Rangers,Scotland
José Veiga,51,GK,,0,1.0,3,55,38,52,54,63,50,"186cm | 6'1""",0,-,-,Macclesfield Town,Cape Verde Islands
Alfie Potter,51,RW,,0,2.0,2,62,42,48,49,48,50,"170cm | 5'7""",0,-,-,Oxford United FC,England
Ferhat Bıkmaz,51,CDM,,0,3.0,3,51,32,37,39,46,55,"180cm | 5'11""",0,-,-,Sivasspor,Turkey
Harry Arter,51,CM,,0,2.0,3,63,44,54,48,53,46,"176cm | 5'9""",0,-,-,Bournemouth,Republic of Ireland
John Mulroy,51,ST,,0,2.0,3,61,50,33,48,41,46,"178cm | 5'10""",0,-,-,Bray Wanderers,Republic of Ireland
Jonathan Keane,51,CM,,0,2.0,3,63,46,51,49,47,46,"175cm | 5'9""",0,-,-,Galway United,Republic of Ireland
Tomáš Vrťo,51,ST,,0,2.0,3,64,47,30,52,45,51,"183cm | 6'0""",0,-,-,Baník Ostrava,Czech Republic
Jørgen Mohus,51,GK,,0,1.0,3,53,65,50,50,36,46,"185cm | 6'1""",0,-,-,SK Brann,Norway
Yannis Salibur,51,CAM,,0,3.0,3,59,48,45,54,45,44,"176cm | 5'9""",0,-,-,LOSC Lille Métropole,France
Shane O'Neill,51,ST,,0,2.0,3,62,46,33,50,40,54,"176cm | 5'9""",0,-,-,Bray Wanderers,Republic of Ireland
David Webster,51,CB,,0,2.0,3,58,46,47,45,48,51,"178cm | 5'10""",0,-,-,Bray Wanderers,Republic of Ireland
Ross Schunk,51,ST,,0,2.0,3,57,51,42,49,46,51,"188cm | 6'2""",0,-,-,Colorado Rapids,United States
Thomas Knöpfel,51,LM,,0,2.0,3,61,49,46,49,57,58,"183cm | 6'0""",0,-,-,FC St. Gallen,Switzerland
Graeme Montgomery,51,LM,,0,2.0,3,67,44,46,53,43,54,"185cm | 6'1""",0,-,-,Dagenham and Redbridge,England
David Šugar,51,GK,,0,1.0,3,50,51,48,52,32,56,"185cm | 6'1""",0,-,-,AC Bellinzona,Croatia
Ui Beom Kim,51,CAM,,0,3.0,3,57,44,53,49,43,44,"174cm | 5'9""",0,-,-,Jeonbuk Hyundai Motors,Korea Republic
Jae Wook Kang,51,GK,,0,1.0,3,52,46,48,52,48,54,"185cm | 6'1""",0,-,-,FC Seoul,Korea Republic
Eui Do Jung,51,GK,,0,1.0,2,47,51,49,56,46,49,"188cm | 6'2""",0,-,-,Seongnam Ilhwa Chunma,Korea Republic
Sea Gun Yang,51,ST,,0,2.0,2,52,48,40,48,45,55,"186cm | 6'1""",0,-,-,Jeju United FC,Korea Republic
Je Kyu Lee,51,ST,,0,3.0,3,54,51,40,51,46,48,"182cm | 6'0""",0,-,-,Gwangju Sangmu FC,Korea Republic
Hyun Sung Nam,51,RWB,,0,2.0,3,55,50,50,53,50,48,"177cm | 5'10""",0,-,-,Daegu FC,Korea Republic
Chang Hee Kim,51,CM,,0,3.0,3,65,49,50,46,51,48,"181cm | 5'11""",0,-,-,Daegu FC,Korea Republic
Kevin Packet,51,CAM,,0,3.0,3,56,47,51,52,45,49,"178cm | 5'10""",0,-,-,KSV Cercle Brugge,Belgium
Daniel Jovanovic,51,CAM,,0,2.0,3,66,39,45,60,42,38,"172cm | 5'8""",0,-,-,Trelleborgs FF,Sweden
Emil Hedvall,51,GK,,0,1.0,3,52,48,56,50,29,53,"191cm | 6'3""",0,-,-,Gefle IF,Sweden
Philipp Huspek,51,CAM,,0,3.0,4,72,44,46,61,39,42,"172cm | 5'8""",0,-,-,SV Josko Fenst. Ried,Austria
Chris Shields,51,CM,,0,2.0,2,60,45,55,41,51,50,"188cm | 6'2""",0,-,-,Bray Wanderers,Republic of Ireland
Darragh McNamara,51,CAM,,0,3.0,2,64,47,46,53,43,52,"183cm | 6'0""",0,-,-,Drogheda United,Republic of Ireland
Howard Fondyke,51,CM,,0,2.0,3,55,32,58,27,48,31,"180cm | 5'11""",0,-,-,Perth Glory FC,Australia
Robert Wojsyk,51,CF,,0,3.0,3,60,54,46,42,36,54,"185cm | 6'1""",0,-,-,Polonia Bytom,Poland
Muhammed Ildiz,51,CDM,,0,2.0,3,67,43,50,54,53,50,"179cm | 5'10""",0,-,-,FC Wacker Innsbruck,Austria
Martin Braithwaite,51,ST,,0,2.0,4,69,43,33,55,40,44,"179cm | 5'10""",0,-,-,Esbjerg fB,Denmark
Adriano De Pierro,51,CDM,,0,2.0,3,63,39,52,44,55,50,"183cm | 6'0""",0,-,-,BSC Young Boys,Italy
Correia,51,RB,,0,2.0,4,58,24,37,22,61,59,"186cm | 6'1""",0,-,-,1. FC Kaiserslautern,Portugal
Lateef Elford-Alliyu,51,ST,,0,2.0,3,79,44,30,46,47,52,"173cm | 5'8""",0,-,-,West Bromwich Albion,Nigeria
Lukáš Michna,51,RM,,0,3.0,3,64,44,42,53,44,42,"179cm | 5'10""",0,-,-,1. FC Brno,Czech Republic
Cuma Bezgin,51,GK,,0,1.0,2,56,46,30,60,44,44,"180cm | 5'11""",0,-,-,Gaziantepspor,Turkey
Michal Chrapek,51,CM,,0,3.0,3,51,43,50,53,52,59,"175cm | 5'9""",0,-,-,Wisła Kraków,Poland
Alexey Kontsedalov,51,CB,,0,2.0,3,49,25,34,30,52,57,"182cm | 6'0""",0,-,-,Krylya Sovetov Samara,Russia
Daniel Leino,51,CF,,0,2.0,3,66,48,31,46,41,53,"185cm | 6'1""",0,-,-,Gefle IF,Sweden
Eric Larsson,51,CM,,0,2.0,3,58,39,46,56,42,43,"170cm | 5'7""",0,-,-,Gefle IF,Sweden
Christoffer Matwiejew,51,GK,,0,1.0,3,48,54,59,50,50,51,"194cm | 6'4""",0,-,-,Djurgårdens IF,Sweden
James Kavanagh,51,CM,,0,2.0,3,57,51,55,54,39,62,"179cm | 5'10""",0,-,-,Bray Wanderers,Republic of Ireland
Dean Zambra,51,CM,,0,2.0,3,59,44,51,49,53,56,"176cm | 5'9""",0,-,-,Bray Wanderers,Republic of Ireland
Dylan Vickers,51,CM,,0,3.0,3,62,50,52,56,46,52,"180cm | 5'11""",0,-,-,Bray Wanderers,Republic of Ireland
Nicky Byrne,51,CB,,0,2.0,2,59,43,49,41,50,54,"176cm | 5'9""",0,-,-,Bray Wanderers,Republic of Ireland
Lars Øvernes,51,GK,,0,1.0,2,54,46,39,52,53,54,"193cm | 6'4""",0,-,-,FK Haugesund,Norway
Mats Diego Skårdal,51,CM,,0,2.0,3,65,56,50,52,44,48,"180cm | 5'11""",0,-,-,Kongsvinger IL Toppfotball,Norway
Ferdaws Hewad,51,ST,,0,2.0,3,69,48,38,46,36,39,"177cm | 5'10""",0,-,-,Kongsvinger IL Toppfotball,Afghanistan
Yuriy Petrakov,51,RM,,0,2.0,2,58,48,52,50,38,42,"178cm | 5'10""",0,-,-,Dinamo Moskva,Russia
Paul Murphy,51,GK,,0,1.0,1,49,50,51,54,31,52,"183cm | 6'0""",0,-,-,Dundalk FC,Republic of Ireland
Graham Rusk,51,ST,,0,2.0,2,57,50,35,52,40,48,"177cm | 5'10""",0,-,-,University College Dublin,Republic of Ireland
Ibragim Tsallagov,51,CM,,0,2.0,4,65,48,60,48,40,49,"177cm | 5'10""",0,-,-,Krylya Sovetov Samara,Russia
Jan Martykán,51,RM,,0,2.0,3,68,52,55,24,62,56,"187cm | 6'2""",0,-,-,FK Ústí nad Labem,Czech Republic
Alois Hyčka,51,LB,,0,2.0,3,54,36,48,39,54,52,"174cm | 5'9""",0,-,-,FK Ústí nad Labem,Czech Republic
Matz Sels,51,GK,,0,1.0,3,55,53,56,47,53,51,"188cm | 6'2""",0,-,-,Lierse SK,Belgium
Alistair Taylor,51,RM,,0,2.0,2,71,34,42,56,43,42,"185cm | 6'1""",0,-,-,Barnsley,England
Philip Malinowski,51,RM,,0,2.0,3,72,47,47,54,38,49,"182cm | 6'0""",0,-,-,1. FC Union Berliln,Germany
Sang Chul Park,50,GK,,0,1.0,2,51,48,52,49,54,49,"186cm | 6'1""",0,-,-,Chunnam Dragons,Korea Republic
Jérôme Cellier,50,CB,,0,2.0,3,51,34,40,36,49,54,"182cm | 6'0""",0,-,-,Clermont Foot Auvergne 63,France
Steven Kinniburgh,50,CM,,0,3.0,2,68,29,48,46,49,42,"182cm | 6'0""",0,-,-,Oxford United FC,Scotland
Ki Suk Choi,50,RB,,0,2.0,2,66,48,59,62,48,48,"177cm | 5'10""",0,-,-,Ulsan Hyundai Horang-i,Korea Republic
Matthias Lindner,50,ST,,0,2.0,3,66,48,27,39,41,49,"183cm | 6'0""",0,-,-,SV Mattersburg,Austria
Michael Mackay,50,ST,,0,2.0,3,54,51,35,45,41,60,"183cm | 6'0""",0,-,-,Hartlepool United,England
Brent Griffiths,50,LB,,0,2.0,2,64,20,34,26,51,54,"185cm | 6'1""",0,-,-,Perth Glory FC,Australia
Peter Murphy,50,RB,,0,2.0,3,66,22,39,37,53,55,"183cm | 6'0""",0,-,-,Accrington Stanley,England
Philippe Koch,50,CB,,0,2.0,3,52,31,50,35,50,40,"176cm | 5'9""",0,-,-,FC Zürich,Switzerland
Oscar Gobern,50,CM,,0,2.0,3,64,45,46,52,49,56,"180cm | 5'11""",0,-,-,Southampton,England
Jakub Kaszuba,50,ST,,0,3.0,3,59,40,32,53,42,56,"187cm | 6'2""",0,-,-,Cracovia Kraków,Poland
Marcel Ziegl,50,CDM,,0,2.0,3,64,24,42,42,51,50,"180cm | 5'11""",0,-,-,SV Josko Fenst. Ried,Austria
Joe Oastler,50,RB,,0,2.0,3,68,35,46,39,53,54,"183cm | 6'0""",0,-,-,Queens Park Rangers,England
Vinny Mukendi,50,ST,,0,3.0,3,73,41,24,40,44,63,"188cm | 6'2""",0,-,-,Macclesfield Town,England
Jae Hoon Ha,50,RB,,0,2.0,3,60,41,40,52,55,51,"180cm | 5'11""",0,-,-,Gangwon FC,Korea Republic
Byeong In Hwang,50,CM,,0,3.0,3,53,50,45,49,52,51,"176cm | 5'9""",0,-,-,GyeongNam FC,Korea Republic
Hyun Sung Kim,50,CF,,0,3.0,3,56,44,49,53,46,52,"186cm | 6'1""",0,-,-,Daegu FC,Korea Republic
Yong Joon Lee,50,CB,,0,2.0,3,53,41,46,54,54,52,"179cm | 5'10""",0,-,-,Ulsan Hyundai Horang-i,Korea Republic
Kyeong Do Kim,50,CB,,0,2.0,2,54,44,43,45,51,52,"182cm | 6'0""",0,-,-,Daejeon Citizen,Korea Republic
Kyung Hwan Lee,50,CM,,0,3.0,3,57,47,48,53,47,47,"174cm | 5'9""",0,-,-,Daejeon Citizen,Korea Republic
Brian Kane,50,GK,,0,1.0,2,54,49,51,44,32,52,"181cm | 5'11""",0,-,-,Bray Wanderers,Republic of Ireland
Tongo Doumbia,50,CM,,0,3.0,3,60,40,51,53,47,60,"189cm | 6'2""",0,-,-,Stade Rennais FC,France
Neil Etheridge,50,GK,,0,1.0,2,54,55,56,46,44,47,"191cm | 6'3""",0,-,-,Fulham,Philippines
Nialle Rodney,50,ST,,0,2.0,3,68,45,28,51,38,47,"185cm | 6'1""",0,-,-,Nottingham Forest,England
Enzo Ruíz,50,CDM,,0,2.0,3,65,31,33,29,61,53,"181cm | 5'11""",0,-,-,Grasshopper-Club,Uruguay
Bigambo Rochat,50,CDM,,0,2.0,3,67,31,52,41,49,50,"175cm | 5'9""",0,-,-,FC Sion,Switzerland
Erwin Nieuwboer,50,CM,,0,3.0,3,67,49,54,51,47,50,"181cm | 5'11""",0,-,-,Heracles Almelo,Netherlands
Vladimir Rykhovskiy,50,RB,,0,2.0,2,63,22,34,27,47,44,"185cm | 6'1""",0,-,-,Dinamo Moskva,Russia
Simon Moore,50,GK,,0,1.0,3,53,49,51,48,39,48,"191cm | 6'3""",0,-,-,Brentford,England
Nika Dzalamidze,50,CAM,,0,2.0,3,56,43,51,46,37,38,"173cm | 5'8""",0,-,-,CSKA Moskva,Georgia
Moritz Nebel,50,CDM,,0,2.0,3,70,23,46,31,49,42,"178cm | 5'10""",0,-,-,FC Augsburg,Germany
Adam O'Connor,50,ST,,0,1.0,2,58,46,36,49,38,48,"182cm | 6'0""",0,-,-,Bray Wanderers,Republic of Ireland
Enver Mehmeti Sjøli,50,RM,,0,2.0,3,67,49,48,52,35,37,"178cm | 5'10""",0,-,-,Kongsvinger IL Toppfotball,Norway
Burim Dervischolli,50,CF,,0,2.0,3,62,49,33,47,39,46,"183cm | 6'0""",0,-,-,IK Start,Norway
Ruslan Pashtov,50,ST,,0,2.0,2,58,50,28,44,28,44,"173cm | 5'8""",0,-,-,Dinamo Moskva,Russia
Andreas Johansson,50,CB,,0,2.0,3,60,25,19,28,55,58,"190cm | 6'3""",0,-,-,Mjällby AIF ,Sweden
Alois Höller,50,RB,,0,1.0,3,63,32,35,31,58,56,"192cm | 6'4""",0,-,-,SV Mattersburg,Austria
Jaroslav Zelený,50,LB,,0,2.0,3,63,34,41,48,53,44,"189cm | 6'2""",0,-,-,FC Hradec Králové,Czech Republic
Ladislav Benčík,50,LM,,0,3.0,4,61,48,45,49,48,46,"182cm | 6'0""",0,-,-,FK Ústí nad Labem,Slovakia
Lukas Rupp,50,CAM,,0,2.0,3,69,40,50,57,45,52,"178cm | 5'10""",0,-,-,Karlsruher SC,Germany
Steven Skrzybski,50,ST,,0,2.0,3,75,48,44,57,30,49,"173cm | 5'8""",0,-,-,1. FC Union Berliln,Germany
Liam Moore,50,RB,,0,2.0,2,62,24,38,45,49,58,"176cm | 5'9""",0,-,-,Leicester City,England
Max Ehmer,50,CM,,0,2.0,3,65,50,44,52,55,61,"183cm | 6'0""",0,-,-,Queens Park Rangers,Germany
Marek Gancarczyk,49,CAM,,0,2.0,3,67,51,51,46,49,53,"185cm | 6'1""",0,-,-,Śląsk Wrocław,Poland
Chris Anderson,49,CM,,0,2.0,3,63,42,40,50,51,64,"178cm | 5'10""",0,-,-,Burnley,Scotland
Ed Upson,49,CM,,0,2.0,4,67,42,42,35,42,48,"178cm | 5'10""",0,-,-,Yeovil Town,England
Callum Kennedy,49,LB,,0,2.0,3,61,12,34,34,51,53,"185cm | 6'1""",0,-,-,Swindon Town,England
Chris Turner,49,RM,,0,2.0,3,70,38,37,53,41,52,"183cm | 6'0""",0,-,-,Accrington Stanley,England
Wojciech Kaczmarek,49,GK,,0,1.0,3,47,53,51,52,42,46,"202cm | 6'8""",0,-,-,Śląsk Wrocław,Poland
Tadeusz Socha,49,CB,,0,2.0,3,52,45,52,44,49,48,"183cm | 6'0""",0,-,-,Śląsk Wrocław,Poland
Andrew Shinnie,49,CM,,0,3.0,3,54,47,48,52,42,44,"180cm | 5'11""",0,-,-,Rangers,Scotland
Steve Gardner,49,RB,,0,2.0,3,55,32,46,38,46,42,"179cm | 5'10""",0,-,-,Hull City,England
Paul Skinner,49,GK,,0,1.0,3,51,48,46,53,43,46,"183cm | 6'0""",0,-,-,Drogheda United,Republic of Ireland
Da Hwon Jung,49,CM,,0,3.0,3,61,47,48,52,47,63,"180cm | 5'11""",0,-,-,FC Seoul,Korea Republic
Won Jong Oh,49,LW,,0,3.0,3,61,40,43,46,46,43,"170cm | 5'7""",0,-,-,Gangwon FC,Korea Republic
Oh Sung Kim,49,CM,,0,3.0,3,50,44,45,46,51,52,"179cm | 5'10""",0,-,-,Daegu FC,Korea Republic
Han Sup Kim,49,RWB,,0,2.0,2,61,46,42,49,52,49,"177cm | 5'10""",0,-,-,Daejeon Citizen,Korea Republic
Lukas Gabriel,49,CB,,0,1.0,3,53,22,23,21,52,63,"193cm | 6'4""",0,-,-,SV Josko Fenst. Ried,Austria
Piotr Tomasik,49,CM,,0,3.0,3,62,42,52,38,48,46,"177cm | 5'10""",0,-,-,Polonia Bytom,Poland
Kennie Chopart,49,ST,,0,2.0,3,56,45,29,39,41,61,"180cm | 5'11""",0,-,-,Esbjerg fB,Denmark
Ivan Martic,49,CM,,0,3.0,2,59,48,40,61,46,46,"183cm | 6'0""",0,-,-,FC St. Gallen,Croatia
Christian Follerås,49,CB,,0,1.0,3,49,32,29,28,51,50,"188cm | 6'2""",0,-,-,IK Start,Norway
Ian Tuohy,49,RM,,0,2.0,2,58,37,51,44,51,52,"177cm | 5'10""",0,-,-,Bray Wanderers,Republic of Ireland
Olav Baggerud Dalen,49,GK,,0,1.0,3,52,52,43,48,52,46,"192cm | 6'4""",0,-,-,Kongsvinger IL Toppfotball,Norway
Eirik Øyen Våg,49,GK,,0,1.0,3,50,52,50,49,26,46,"187cm | 6'2""",0,-,-,Kongsvinger IL Toppfotball,Norway
Michael Kelly,49,CB,,0,1.0,2,56,27,31,22,47,49,"180cm | 5'11""",0,-,-,University College Dublin,Republic of Ireland
Vitaliy Rushnitskiy,49,ST,,0,2.0,2,58,47,31,44,44,44,"180cm | 5'11""",0,-,-,Krylya Sovetov Samara,Belarus
Adam Larsson,49,CB,,0,2.0,3,63,24,18,27,50,58,"186cm | 6'1""",0,-,-,Mjällby AIF ,Sweden
Kim Thörnberg,49,CF,,0,2.0,3,63,47,45,45,38,41,"173cm | 5'8""",0,-,-,Mjällby AIF ,Sweden
Václav Stráník,49,ST,,0,3.0,3,58,45,35,49,47,40,"174cm | 5'9""",0,-,-,1. FC Slovácko,Czech Republic
Philip Semlits,49,RB,,0,2.0,3,69,40,47,54,56,58,"180cm | 5'11""",0,-,-,VfL Bochum,Germany
Murat İbrahim Uslu,48,GK,,0,1.0,1,41,30,54,69,57,44,"181cm | 5'11""",0,-,-,Kardemir Karabükspor,Turkey
Krzysztof Ulatowski,48,CDM,,0,3.0,3,49,52,29,59,54,44,"175cm | 5'9""",0,-,-,Śląsk Wrocław,Poland
Philipp Gröblinger,48,GK,,0,1.0,3,49,44,46,51,43,47,"196cm | 6'5""",0,-,-,KSV Superfund,Austria
Sam Gwynne,48,CM,,0,3.0,3,56,38,52,47,48,44,"175cm | 5'9""",0,-,-,Hereford,England
Joe Partington,48,CDM,,0,2.0,3,62,31,47,43,45,42,"180cm | 5'11""",0,-,-,Bournemouth,Wales
Cameron Belford,48,GK,,0,1.0,2,48,45,41,53,37,50,"188cm | 6'2""",0,-,-,Bury,England
Mark Gundelach,48,CB,,0,2.0,3,54,30,29,34,50,50,"176cm | 5'9""",0,-,-,FC Nordsjælland,Denmark
Jong Hwan Back,48,RWB,,0,2.0,3,60,49,50,52,48,51,"178cm | 5'10""",0,-,-,Gangwon FC,Korea Republic
Lukasz Burliga,48,RM,,0,3.0,2,57,42,36,47,58,49,"186cm | 6'1""",0,-,-,Wisła Kraków,Poland
Michał Czekaj,48,CB,,0,2.0,2,65,38,51,56,48,40,"195cm | 6'5""",0,-,-,Wisła Kraków,Poland
Ben Davisson,48,CM,,0,2.0,3,68,26,49,44,51,36,"170cm | 5'7""",0,-,-,Charlton Athletic,England
Gard Ragnar Killingberg,48,CM,,0,2.0,3,65,53,52,46,53,51,"175cm | 5'9""",0,-,-,Kongsvinger IL Toppfotball,Norway
Gareth Matthews,48,RB,,0,2.0,2,56,26,34,40,47,47,"176cm | 5'9""",0,-,-,University College Dublin,Republic of Ireland
Simon Svensson,48,GK,,0,1.0,3,44,42,44,54,29,51,"187cm | 6'2""",0,-,-,Mjällby AIF ,Sweden
Orhan Gülle,48,CDM,,0,3.0,2,60,34,49,49,44,40,"176cm | 5'9""",0,-,-,Gaziantepspor,Turkey
Brecht Van Der Beke,48,CM,,0,2.0,3,66,48,49,46,45,48,"171cm | 5'7""",0,-,-,KSV Cercle Brugge,Belgium
Karel Van Roose,48,CM,,0,2.0,3,66,44,44,48,45,47,"181cm | 5'11""",0,-,-,KSV Cercle Brugge,Belgium
Sascha Stulz,47,GK,,0,1.0,2,52,37,38,63,32,32,"186cm | 6'1""",0,-,-,FC Thun,Switzerland
Tom Vandenbossche,47,GK,,0,1.0,3,43,44,51,54,51,45,"184cm | 6'0""",0,-,-,KV Kortrijk,Belgium
David Jensen,47,GK,,0,1.0,3,55,47,42,42,37,42,"195cm | 6'5""",0,-,-,FC Nordsjælland,Denmark
Dong Hyo Kim,47,ST,,0,3.0,2,57,44,37,48,40,44,"187cm | 6'2""",0,-,-,GyeongNam FC,Korea Republic
Hong Chang Yoon,47,RB,,0,2.0,4,59,42,49,53,47,41,"183cm | 6'0""",0,-,-,FC Seoul,Korea Republic
Carl Wachtmeister,47,GK,,0,1.0,3,44,48,57,45,33,50,"183cm | 6'0""",0,-,-,Trelleborgs FF,Sweden
Miroslav Barčík,47,CM,,0,3.0,2,59,42,43,42,46,48,"173cm | 5'8""",0,-,-,Polonia Bytom,Slovakia
Karl Darlow,47,GK,,0,1.0,2,45,41,43,46,32,50,"185cm | 6'1""",0,-,-,Nottingham Forest,England
Alexey Nikitin,47,RB,,0,2.0,3,60,20,37,25,52,50,"185cm | 6'1""",0,-,-,CSKA Moskva,Russia
Semyon Fedotov,47,CB,,0,2.0,2,48,23,48,29,46,46,"179cm | 5'10""",0,-,-,CSKA Moskva,Russia
Artur Ryabokobylenko,47,LM,,0,2.0,2,58,34,45,42,34,38,"175cm | 5'9""",0,-,-,Amkar Perm,Russia
Johan Eiswohld,47,CM,,0,2.0,2,60,37,49,51,34,32,"185cm | 6'1""",0,-,-,Helsingborgs IF,Sweden
Mark McGinlay,47,GK,,0,1.0,1,47,46,48,48,40,46,"178cm | 5'10""",0,-,-,University College Dublin,Republic of Ireland
Jakub Svízela,47,CM,,0,3.0,3,47,53,39,53,54,38,"182cm | 6'0""",0,-,-,1. FC Slovácko,Czech Republic
Harry Pell,47,CM,,0,2.0,2,55,35,45,43,53,60,"193cm | 6'4""",0,-,-,Bristol Rovers,England
Craig Henderson,46,RF,,0,2.0,2,55,44,48,44,31,40,"178cm | 5'10""",0,-,-,Mjällby AIF ,New Zealand
Young Jun Jo,46,GK,,0,1.0,3,45,51,47,45,34,44,"189cm | 6'2""",0,-,-,Daegu FC,Korea Republic
Hyun Chang Lee,46,CM,,0,3.0,2,49,43,43,45,48,50,"174cm | 5'9""",0,-,-,Daegu FC,Korea Republic
Sebastian Frick,46,GK,,0,1.0,2,46,41,49,46,28,48,"190cm | 6'3""",0,-,-,BK Häcken,Sweden
Mateusz Klich,46,CAM,,0,3.0,4,64,33,42,62,32,32,"183cm | 6'0""",0,-,-,Cracovia Kraków,Poland
Daniel Latkowski,46,CAM,,0,2.0,3,64,36,44,51,37,37,"178cm | 5'10""",0,-,-,VfL Osnabrück,Germany
Daniel Penz,46,CDM,,0,2.0,3,63,31,37,40,50,51,"172cm | 5'8""",0,-,-,KSV Superfund,Austria
Jan Hauer,46,CB,,0,2.0,3,49,26,18,27,53,54,"182cm | 6'0""",0,-,-,Bohemians 1905,Czech Republic
Bruno Pilatos,46,CDM,,0,2.0,3,56,26,42,32,49,42,"182cm | 6'0""",0,-,-,Middlesbrough,England
David Flitcroft,45,CM,,0,2.0,3,40,22,36,49,49,55,"180cm | 5'11""",0,-,-,Rochdale,England
Kenni Olsen,45,CM,,0,2.0,3,66,40,37,44,50,45,"185cm | 6'1""",0,-,-,FC Nordsjælland,Denmark
Krzysztof Wołczek,45,LB,,0,2.0,2,44,35,42,39,40,38,"180cm | 5'11""",0,-,-,Śląsk Wrocław,Poland
Lucas Deaux,45,RM,,0,2.0,3,59,40,44,41,34,36,"186cm | 6'1""",0,-,-,Stade de Reims,France
Ben Gordon,45,LB,,0,2.0,3,51,21,32,20,48,38,"185cm | 6'1""",0,-,-,Kilmarnock,England
Kamil Wilczek,45,CM,,0,3.0,3,62,34,43,37,49,34,"186cm | 6'1""",0,-,-,Zagłębie Lubin,Poland
Keun Bae Kim,45,GK,,0,1.0,3,44,46,49,49,40,40,"187cm | 6'2""",0,-,-,Gangwon FC,Korea Republic
Cenk Güvenç,45,CDM,,0,3.0,2,57,32,46,37,42,48,"187cm | 6'2""",0,-,-,Gaziantepspor,Turkey
Jamie Ness,45,CM,,0,3.0,3,62,39,43,35,41,34,"177cm | 5'10""",0,-,-,Rangers,Scotland
Zafer Kargoğlu,45,ST,,0,3.0,2,62,37,29,29,34,57,"181cm | 5'11""",0,-,-,Gaziantepspor,Turkey
Jason Tindall,44,CDM,,0,2.0,3,56,32,39,33,49,58,"185cm | 6'1""",0,-,-,Bournemouth,England
Tomáš Fryšták,44,GK,,0,1.0,2,46,44,34,42,42,45,"192cm | 6'4""",0,-,-,1. FC Slovácko,Czech Republic
Paweł Czoska,44,CF,,0,3.0,3,44,40,45,47,46,44,"181cm | 5'11""",0,-,-,Arka Gdynia,Poland
Ertugrul Taskiran,44,GK,,0,1.0,1,41,48,54,42,38,45,"191cm | 6'3""",0,-,-,Fenerbahçe SK,Turkey
Soner Örnek,44,CM,,0,3.0,2,57,44,45,42,45,43,"192cm | 6'4""",0,-,-,Gaziantepspor,Turkey
Jonathan Dixon,44,CM,,0,2.0,3,60,42,38,51,39,39,"181cm | 5'11""",0,-,-,Kongsvinger IL Toppfotball,Norway
Christopher Nilsson,44,RM,,0,2.0,3,64,40,33,39,35,32,"182cm | 6'0""",0,-,-,Mjällby AIF ,Sweden
Danny Potter,43,GK,,0,1.0,3,45,41,41,45,47,36,"182cm | 6'0""",0,-,-,Torquay United,England
Oliver Feldballe,43,CAM,,0,2.0,3,59,42,44,38,46,42,"184cm | 6'0""",0,-,-,Odense Boldklub,Denmark
Filip Hlúpik,43,CM,,0,3.0,3,65,47,37,54,48,36,"176cm | 5'9""",0,-,-,1. FC Slovácko,Czech Republic
Michael Sammer,43,LB,,0,2.0,4,65,19,30,18,54,48,"183cm | 6'0""",0,-,-,SV Josko Fenst. Ried,Austria
Mark Scott,42,GK,,0,1.0,2,36,45,34,54,35,37,"183cm | 6'0""",0,-,-,Swindon Town,England
Matthew Lowe,42,RB,,0,2.0,2,58,20,33,20,45,54,"173cm | 5'8""",0,-,-,Macclesfield Town,England
Ryan Blake,42,LB,,0,2.0,2,69,19,27,23,46,46,"179cm | 5'10""",0,-,-,Brentford,England
Danny Fearnehough,42,CM,,0,2.0,2,54,31,40,54,38,46,"178cm | 5'10""",0,-,-,Barnsley,England
Łukasz Tymiński,41,CM,,0,2.0,2,46,25,45,46,40,39,"173cm | 5'8""",0,-,-,Polonia Bytom,Poland
Viktor Svensson,40,CDM,,0,2.0,2,31,32,31,28,44,46,"193cm | 6'4""",0,-,-,Trelleborgs FF,Sweden
